-2.5	0.5
-2.499	0.501106226133906
-2.498	0.502211663546864
-2.497	0.503316313923506
-2.496	0.504420178942477
-2.495	0.505523260276463
-2.494	0.506625559592221
-2.493	0.507727078550608
-2.492	0.50882781880661
-2.491	0.509927782009372
-2.49	0.511026969802226
-2.489	0.512125383822721
-2.488	0.513223025702647
-2.487	0.514319897068071
-2.486	0.515415999539357
-2.485	0.516511334731202
-2.484	0.517605904252654
-2.483	0.518699709707148
-2.482	0.519792752692531
-2.481	0.520885034801088
-2.48	0.521976557619569
-2.479	0.523067322729216
-2.478	0.524157331705793
-2.477	0.525246586119607
-2.476	0.526335087535539
-2.475	0.527422837513068
-2.474	0.528509837606296
-2.473	0.529596089363979
-2.472	0.530681594329546
-2.471	0.531766354041128
-2.47	0.532850370031586
-2.469	0.533933643828531
-2.468	0.535016176954352
-2.467	0.536097970926239
-2.466	0.537179027256214
-2.465	0.538259347451147
-2.464	0.539338933012784
-2.463	0.540417785437776
-2.462	0.541495906217695
-2.461	0.542573296839065
-2.46	0.543649958783381
-2.459	0.544725893527135
-2.458	0.545801102541841
-2.457	0.546875587294057
-2.456	0.547949349245406
-2.455	0.549022389852602
-2.454	0.550094710567475
-2.453	0.551166312836989
-2.452	0.552237198103268
-2.451	0.553307367803617
-2.45	0.554376823370548
-2.449	0.555445566231796
-2.448	0.556513597810348
-2.447	0.557580919524461
-2.446	0.558647532787684
-2.445	0.559713439008883
-2.444	0.560778639592259
-2.443	0.561843135937372
-2.442	0.56290692943916
-2.441	0.563970021487966
-2.44	0.565032413469549
-2.439	0.566094106765118
-2.438	0.56715510275134
-2.437	0.568215402800372
-2.436	0.569275008279874
-2.435	0.570333920553032
-2.434	0.571392140978581
-2.433	0.572449670910822
-2.432	0.573506511699641
-2.431	0.574562664690535
-2.43	0.575618131224627
-2.429	0.576672912638687
-2.428	0.577727010265153
-2.427	0.578780425432147
-2.426	0.5798331594635
-2.425	0.580885213678769
-2.424	0.581936589393253
-2.423	0.582987287918017
-2.422	0.584037310559909
-2.421	0.58508665862158
-2.42	0.586135333401498
-2.419	0.587183336193977
-2.418	0.588230668289183
-2.417	0.589277330973165
-2.416	0.590323325527862
-2.415	0.591368653231129
-2.414	0.592413315356752
-2.413	0.593457313174471
-2.412	0.594500647949986
-2.411	0.595543320944991
-2.41	0.596585333417178
-2.409	0.597626686620263
-2.408	0.598667381804001
-2.407	0.599707420214202
-2.406	0.600746803092751
-2.405	0.601785531677624
-2.404	0.602823607202905
-2.403	0.603861030898804
-2.402	0.604897803991672
-2.401	0.605933927704022
-2.4	0.606969403254541
-2.399	0.60800423185811
-2.398	0.609038414725819
-2.397	0.610071953064984
-2.396	0.611104848079164
-2.395	0.612137100968177
-2.394	0.613168712928115
-2.393	0.614199685151363
-2.392	0.615230018826613
-2.391	0.616259715138879
-2.39	0.617288775269515
-2.389	0.618317200396231
-2.388	0.619344991693108
-2.387	0.620372150330611
-2.386	0.621398677475609
-2.385	0.622424574291389
-2.384	0.623449841937668
-2.383	0.624474481570616
-2.382	0.625498494342861
-2.381	0.626521881403513
-2.38	0.627544643898174
-2.379	0.628566782968956
-2.378	0.629588299754492
-2.377	0.630609195389956
-2.376	0.631629471007072
-2.375	0.632649127734133
-2.374	0.633668166696016
-2.373	0.63468658901419
-2.372	0.635704395806739
-2.371	0.636721588188371
-2.37	0.637738167270432
-2.369	0.638754134160924
-2.368	0.639769489964517
-2.367	0.640784235782559
-2.366	0.641798372713098
-2.365	0.64281190185089
-2.364	0.643824824287414
-2.363	0.644837141110886
-2.362	0.645848853406274
-2.361	0.646859962255309
-2.36	0.6478704687365
-2.359	0.648880373925147
-2.358	0.649889678893356
-2.357	0.650898384710049
-2.356	0.651906492440982
-2.355	0.65291400314875
-2.354	0.653920917892811
-2.353	0.654927237729488
-2.352	0.655932963711993
-2.351	0.656938096890428
-2.35	0.657942638311807
-2.349	0.658946589020067
-2.348	0.659949950056076
-2.347	0.66095272245765
-2.346	0.661954907259565
-2.345	0.662956505493569
-2.344	0.663957518188393
-2.343	0.664957946369764
-2.342	0.66595779106042
-2.341	0.666957053280119
-2.34	0.667955734045651
-2.339	0.668953834370852
-2.338	0.669951355266615
-2.337	0.670948297740903
-2.336	0.671944662798759
-2.335	0.672940451442319
-2.334	0.673935664670824
-2.333	0.674930303480631
-2.332	0.675924368865225
-2.331	0.67691786181523
-2.33	0.677910783318422
-2.329	0.678903134359738
-2.328	0.679894915921291
-2.327	0.680886128982377
-2.326	0.681876774519489
-2.325	0.68286685350633
-2.324	0.683856366913819
-2.323	0.684845315710106
-2.322	0.685833700860582
-2.321	0.68682152332789
-2.32	0.687808784071937
-2.319	0.688795484049902
-2.318	0.68978162421625
-2.317	0.690767205522742
-2.316	0.691752228918443
-2.315	0.692736695349737
-2.314	0.693720605760334
-2.313	0.694703961091283
-2.312	0.69568676228098
-2.311	0.696669010265182
-2.31	0.697650705977014
-2.309	0.698631850346981
-2.308	0.699612444302979
-2.307	0.700592488770301
-2.306	0.701571984671655
-2.305	0.702550932927166
-2.304	0.70352933445439
-2.303	0.704507190168325
-2.302	0.705484500981419
-2.301	0.706461267803581
-2.3	0.70743749154219
-2.299	0.708413173102104
-2.298	0.709388313385674
-2.297	0.710362913292748
-2.296	0.711336973720686
-2.295	0.712310495564365
-2.294	0.713283479716191
-2.293	0.714255927066109
-2.292	0.715227838501613
-2.291	0.71619921490775
-2.29	0.717170057167139
-2.289	0.718140366159971
-2.288	0.719110142764024
-2.287	0.72007938785467
-2.286	0.721048102304885
-2.285	0.722016286985257
-2.284	0.722983942764
-2.283	0.723951070506952
-2.282	0.724917671077598
-2.281	0.725883745337068
-2.28	0.726849294144153
-2.279	0.727814318355308
-2.278	0.728778818824667
-2.277	0.729742796404046
-2.276	0.730706251942958
-2.275	0.731669186288612
-2.274	0.732631600285935
-2.273	0.73359349477757
-2.272	0.734554870603889
-2.271	0.735515728602999
-2.27	0.736476069610754
-2.269	0.737435894460762
-2.268	0.738395203984394
-2.267	0.739353999010787
-2.266	0.740312280366862
-2.265	0.741270048877326
-2.264	0.74222730536468
-2.263	0.743184050649229
-2.262	0.744140285549093
-2.261	0.745096010880209
-2.26	0.746051227456344
-2.259	0.747005936089099
-2.258	0.747960137587921
-2.257	0.748913832760111
-2.256	0.749867022410828
-2.255	0.750819707343101
-2.254	0.751771888357833
-2.253	0.752723566253814
-2.252	0.753674741827723
-2.251	0.75462541587414
-2.25	0.755575589185554
-2.249	0.756525262552366
-2.248	0.757474436762901
-2.247	0.758423112603417
-2.246	0.759371290858105
-2.245	0.760318972309106
-2.244	0.761266157736512
-2.243	0.762212847918377
-2.242	0.76315904363072
-2.241	0.764104745647539
-2.24	0.765049954740814
-2.239	0.765994671680514
-2.238	0.766938897234606
-2.237	0.767882632169062
-2.236	0.768825877247868
-2.235	0.769768633233024
-2.234	0.770710900884562
-2.233	0.771652680960546
-2.232	0.772593974217079
-2.231	0.773534781408314
-2.23	0.774475103286456
-2.229	0.775414940601776
-2.228	0.776354294102611
-2.227	0.777293164535373
-2.226	0.77823155264456
-2.225	0.779169459172757
-2.224	0.780106884860647
-2.223	0.781043830447015
-2.222	0.781980296668756
-2.221	0.782916284260884
-2.22	0.783851793956534
-2.219	0.784786826486973
-2.218	0.785721382581604
-2.217	0.786655462967973
-2.216	0.787589068371779
-2.215	0.788522199516876
-2.214	0.78945485712528
-2.213	0.790387041917178
-2.212	0.791318754610934
-2.211	0.792249995923095
-2.21	0.793180766568394
-2.209	0.794111067259764
-2.208	0.795040898708338
-2.207	0.795970261623458
-2.206	0.796899156712678
-2.205	0.797827584681777
-2.204	0.798755546234758
-2.203	0.799683042073859
-2.202	0.800610072899556
-2.201	0.801536639410573
-2.2	0.802462742303886
-2.199	0.803388382274726
-2.198	0.804313560016591
-2.197	0.805238276221248
-2.196	0.806162531578742
-2.195	0.807086326777396
-2.194	0.808009662503826
-2.193	0.808932539442939
-2.192	0.809854958277945
-2.191	0.810776919690356
-2.19	0.81169842436
-2.189	0.812619472965019
-2.188	0.813540066181882
-2.187	0.814460204685385
-2.186	0.815379889148661
-2.185	0.816299120243181
-2.184	0.817217898638765
-2.183	0.818136225003585
-2.182	0.819054100004171
-2.181	0.819971524305414
-2.18	0.820888498570578
-2.179	0.821805023461301
-2.178	0.822721099637598
-2.177	0.823636727757874
-2.176	0.824551908478923
-2.175	0.825466642455938
-2.174	0.826380930342512
-2.173	0.827294772790648
-2.172	0.82820817045076
-2.171	0.829121123971684
-2.17	0.830033634000676
-2.169	0.830945701183424
-2.168	0.831857326164051
-2.167	0.832768509585119
-2.166	0.833679252087635
-2.165	0.834589554311056
-2.164	0.835499416893299
-2.163	0.836408840470738
-2.162	0.837317825678213
-2.161	0.838226373149037
-2.16	0.839134483515
-2.159	0.840042157406373
-2.158	0.840949395451913
-2.157	0.84185619827887
-2.156	0.84276256651299
-2.155	0.843668500778523
-2.154	0.844574001698222
-2.153	0.845479069893356
-2.152	0.84638370598371
-2.151	0.847287910587589
-2.15	0.848191684321827
-2.149	0.849095027801788
-2.148	0.849997941641373
-2.147	0.850900426453026
-2.146	0.851802482847737
-2.145	0.852704111435045
-2.144	0.853605312823047
-2.143	0.854506087618401
-2.142	0.855406436426328
-2.141	0.856306359850623
-2.14	0.857205858493651
-2.139	0.858104932956363
-2.138	0.859003583838289
-2.137	0.859901811737552
-2.136	0.860799617250864
-2.135	0.86169700097354
-2.134	0.862593963499496
-2.133	0.863490505421255
-2.132	0.864386627329952
-2.131	0.86528232981534
-2.13	0.866177613465793
-2.129	0.867072478868309
-2.128	0.867966926608517
-2.127	0.868860957270682
-2.126	0.869754571437705
-2.125	0.870647769691133
-2.124	0.87154055261116
-2.123	0.872432920776634
-2.122	0.873324874765058
-2.121	0.874216415152595
-2.12	0.875107542514074
-2.119	0.875998257422997
-2.118	0.876888560451536
-2.117	0.877778452170543
-2.116	0.878667933149551
-2.115	0.879557003956783
-2.114	0.880445665159151
-2.113	0.881333917322261
-2.112	0.882221761010422
-2.111	0.883109196786644
-2.11	0.883996225212645
-2.109	0.884882846848856
-2.108	0.885769062254422
-2.107	0.886654871987212
-2.106	0.887540276603817
-2.105	0.888425276659557
-2.104	0.889309872708481
-2.103	0.890194065303381
-2.102	0.891077854995784
-2.101	0.891961242335964
-2.1	0.892844227872944
-2.099	0.893726812154499
-2.098	0.894608995727159
-2.097	0.895490779136217
-2.096	0.896372162925727
-2.095	0.897253147638516
-2.094	0.898133733816179
-2.093	0.89901392199909
-2.092	0.8998937127264
-2.091	0.900773106536046
-2.09	0.901652103964753
-2.089	0.902530705548035
-2.088	0.903408911820205
-2.087	0.90428672331437
-2.086	0.905164140562445
-2.085	0.906041164095148
-2.084	0.90691779444201
-2.083	0.907794032131374
-2.082	0.908669877690401
-2.081	0.909545331645075
-2.08	0.910420394520204
-2.079	0.911295066839424
-2.078	0.912169349125206
-2.077	0.913043241898854
-2.076	0.913916745680515
-2.075	0.914789860989177
-2.074	0.915662588342676
-2.073	0.916534928257698
-2.072	0.917406881249785
-2.071	0.918278447833333
-2.07	0.919149628521603
-2.069	0.920020423826718
-2.068	0.920890834259671
-2.067	0.921760860330327
-2.066	0.922630502547424
-2.065	0.92349976141858
-2.064	0.924368637450297
-2.063	0.925237131147959
-2.062	0.926105243015842
-2.061	0.926972973557114
-2.06	0.927840323273837
-2.059	0.928707292666974
-2.058	0.92957388223639
-2.057	0.930440092480857
-2.056	0.931305923898055
-2.055	0.932171376984576
-2.054	0.933036452235931
-2.053	0.933901150146548
-2.052	0.934765471209777
-2.051	0.935629415917897
-2.05	0.936492984762112
-2.049	0.937356178232562
-2.048	0.93821899681832
-2.047	0.939081441007401
-2.046	0.939943511286758
-2.045	0.940805208142293
-2.044	0.941666532058855
-2.043	0.942527483520244
-2.042	0.943388063009216
-2.041	0.944248271007486
-2.04	0.945108107995726
-2.039	0.945967574453578
-2.038	0.946826670859647
-2.037	0.947685397691511
-2.036	0.948543755425721
-2.035	0.949401744537803
-2.034	0.950259365502266
-2.033	0.951116618792599
-2.032	0.951973504881279
-2.031	0.95283002423977
-2.03	0.95368617733853
-2.029	0.954541964647011
-2.028	0.955397386633662
-2.027	0.956252443765935
-2.026	0.957107136510284
-2.025	0.957961465332172
-2.024	0.95881543069607
-2.023	0.959669033065463
-2.022	0.960522272902851
-2.021	0.961375150669752
-2.02	0.96222766682671
-2.019	0.963079821833286
-2.018	0.963931616148076
-2.017	0.964783050228701
-2.016	0.965634124531818
-2.015	0.966484839513118
-2.014	0.967335195627332
-2.013	0.968185193328234
-2.012	0.969034833068639
-2.011	0.969884115300413
-2.01	0.97073304047447
-2.009	0.971581609040777
-2.008	0.972429821448357
-2.007	0.973277678145293
-2.006	0.974125179578726
-2.005	0.974972326194864
-2.004	0.97581911843898
-2.003	0.976665556755418
-2.002	0.977511641587592
-2.001	0.978357373377993
-2	0.979202752568188
-1.999	0.980047779598826
-1.998	0.980892454909637
-1.997	0.981736778939437
-1.996	0.982580752126133
-1.995	0.983424374906719
-1.994	0.984267647717285
-1.993	0.985110570993016
-1.992	0.985953145168197
-1.991	0.986795370676214
-1.99	0.987637247949556
-1.989	0.988478777419821
-1.988	0.989319959517713
-1.987	0.990160794673051
-1.986	0.991001283314766
-1.985	0.991841425870908
-1.984	0.992681222768643
-1.983	0.993520674434263
-1.982	0.994359781293182
-1.981	0.995198543769942
-1.98	0.996036962288213
-1.979	0.9968750372708
-1.978	0.997712769139641
-1.977	0.998550158315809
-1.976	0.999387205219519
-1.975	1.00022391027013
-1.974	1.00106027388613
-1.973	1.00189629648519
-1.972	1.00273197848408
-1.971	1.00356732029877
-1.97	1.00440232234435
-1.969	1.00523698503508
-1.968	1.00607130878438
-1.967	1.00690529400482
-1.966	1.00773894110816
-1.965	1.0085722505053
-1.964	1.00940522260631
-1.963	1.01023785782045
-1.962	1.01107015655613
-1.961	1.01190211922096
-1.96	1.0127337462217
-1.959	1.01356503796431
-1.958	1.01439599485392
-1.957	1.01522661729486
-1.956	1.01605690569064
-1.955	1.01688686044394
-1.954	1.01771648195667
-1.953	1.01854577062991
-1.952	1.01937472686392
-1.951	1.0202033510582
-1.95	1.02103164361142
-1.949	1.02185960492145
-1.948	1.02268723538539
-1.947	1.02351453539952
-1.946	1.02434150535936
-1.945	1.0251681456596
-1.944	1.02599445669419
-1.943	1.02682043885627
-1.942	1.02764609253819
-1.941	1.02847141813155
-1.94	1.02929641602714
-1.939	1.030121086615
-1.938	1.03094543028438
-1.937	1.03176944742377
-1.936	1.03259313842089
-1.935	1.03341650366268
-1.934	1.03423954353534
-1.933	1.03506225842429
-1.932	1.03588464871419
-1.931	1.03670671478894
-1.93	1.0375284570317
-1.929	1.03834987582486
-1.928	1.03917097155006
-1.927	1.03999174458819
-1.926	1.04081219531941
-1.925	1.04163232412311
-1.924	1.04245213137794
-1.923	1.04327161746182
-1.922	1.04409078275192
-1.921	1.04490962762469
-1.92	1.04572815245581
-1.919	1.04654635762026
-1.918	1.04736424349228
-1.917	1.04818181044537
-1.916	1.0489990588523
-1.915	1.04981598908513
-1.914	1.05063260151519
-1.913	1.05144889651309
-1.912	1.05226487444872
-1.911	1.05308053569123
-1.91	1.0538958806091
-1.909	1.05471090957005
-1.908	1.05552562294112
-1.907	1.05634002108862
-1.906	1.05715410437816
-1.905	1.05796787317465
-1.904	1.05878132784229
-1.903	1.05959446874457
-1.902	1.06040729624429
-1.901	1.06121981070355
-1.9	1.06203201248374
-1.899	1.06284390194558
-1.898	1.06365547944908
-1.897	1.06446674535356
-1.896	1.06527770001765
-1.895	1.0660883437993
-1.894	1.06689867705577
-1.893	1.06770870014363
-1.892	1.06851841341879
-1.891	1.06932781723644
-1.89	1.07013691195113
-1.889	1.07094569791673
-1.888	1.0717541754864
-1.887	1.07256234501267
-1.886	1.07337020684738
-1.885	1.07417776134169
-1.884	1.07498500884612
-1.883	1.07579194971049
-1.882	1.07659858428399
-1.881	1.07740491291513
-1.88	1.07821093595175
-1.879	1.07901665374106
-1.878	1.07982206662958
-1.877	1.08062717496321
-1.876	1.08143197908716
-1.875	1.08223647934602
-1.874	1.0830406760837
-1.873	1.08384456964349
-1.872	1.08464816036802
-1.871	1.08545144859927
-1.87	1.08625443467859
-1.869	1.08705711894668
-1.868	1.0878595017436
-1.867	1.08866158340877
-1.866	1.08946336428098
-1.865	1.09026484469838
-1.864	1.0910660249985
-1.863	1.09186690551821
-1.862	1.09266748659379
-1.861	1.09346776856085
-1.86	1.0942677517544
-1.859	1.09506743650883
-1.858	1.09586682315788
-1.857	1.09666591203468
-1.856	1.09746470347176
-1.855	1.09826319780101
-1.854	1.0990613953537
-1.853	1.0998592964605
-1.852	1.10065690145146
-1.851	1.10145421065601
-1.85	1.10225122440299
-1.849	1.10304794302061
-1.848	1.10384436683648
-1.847	1.10464049617762
-1.846	1.10543633137041
-1.845	1.10623187274066
-1.844	1.10702712061357
-1.843	1.10782207531373
-1.842	1.10861673716515
-1.841	1.10941110649123
-1.84	1.11020518361478
-1.839	1.11099896885802
-1.838	1.11179246254257
-1.837	1.11258566498946
-1.836	1.11337857651914
-1.835	1.11417119745148
-1.834	1.11496352810573
-1.833	1.11575556880059
-1.832	1.11654731985417
-1.831	1.11733878158399
-1.83	1.11812995430699
-1.829	1.11892083833954
-1.828	1.11971143399744
-1.827	1.12050174159589
-1.826	1.12129176144953
-1.825	1.12208149387244
-1.824	1.12287093917811
-1.823	1.12366009767947
-1.822	1.12444896968888
-1.821	1.12523755551813
-1.82	1.12602585547845
-1.819	1.12681386988051
-1.818	1.1276015990344
-1.817	1.12838904324967
-1.816	1.1291762028353
-1.815	1.12996307809971
-1.814	1.13074966935077
-1.813	1.1315359768958
-1.812	1.13232200104155
-1.811	1.13310774209422
-1.81	1.13389320035948
-1.809	1.13467837614242
-1.808	1.13546326974761
-1.807	1.13624788147905
-1.806	1.13703221164021
-1.805	1.137816260534
-1.804	1.13860002846282
-1.803	1.13938351572848
-1.802	1.14016672263229
-1.801	1.14094964947501
-1.8	1.14173229655686
-1.799	1.14251466417751
-1.798	1.14329675263613
-1.797	1.14407856223132
-1.796	1.14486009326117
-1.795	1.14564134602324
-1.794	1.14642232081454
-1.793	1.14720301793158
-1.792	1.14798343767032
-1.791	1.14876358032621
-1.79	1.14954344619416
-1.789	1.15032303556858
-1.788	1.15110234874334
-1.787	1.1518813860118
-1.786	1.15266014766679
-1.785	1.15343863400062
-1.784	1.15421684530511
-1.783	1.15499478187154
-1.782	1.15577244399069
-1.781	1.15654983195281
-1.78	1.15732694604765
-1.779	1.15810378656446
-1.778	1.15888035379196
-1.777	1.15965664801838
-1.776	1.16043266953144
-1.775	1.16120841861834
-1.774	1.16198389556581
-1.773	1.16275910066003
-1.772	1.16353403418672
-1.771	1.16430869643108
-1.77	1.16508308767781
-1.769	1.16585720821113
-1.768	1.16663105831475
-1.767	1.16740463827187
-1.766	1.16817794836523
-1.765	1.16895098887706
-1.764	1.16972376008908
-1.763	1.17049626228256
-1.762	1.17126849573824
-1.761	1.1720404607364
-1.76	1.17281215755681
-1.759	1.17358358647879
-1.758	1.17435474778114
-1.757	1.17512564174219
-1.756	1.17589626863979
-1.755	1.17666662875131
-1.754	1.17743672235363
-1.753	1.17820654972316
-1.752	1.17897611113584
-1.751	1.17974540686711
-1.75	1.18051443719197
-1.749	1.1812832023849
-1.748	1.18205170271996
-1.747	1.18281993847069
-1.746	1.18358790991019
-1.745	1.18435561731107
-1.744	1.1851230609455
-1.743	1.18589024108516
-1.742	1.18665715800126
-1.741	1.18742381196456
-1.74	1.18819020324535
-1.739	1.18895633211347
-1.738	1.18972219883826
-1.737	1.19048780368865
-1.736	1.19125314693308
-1.735	1.19201822883953
-1.734	1.19278304967553
-1.733	1.19354760970817
-1.732	1.19431190920405
-1.731	1.19507594842935
-1.73	1.19583972764978
-1.729	1.1966032471306
-1.728	1.19736650713661
-1.727	1.19812950793219
-1.726	1.19889224978123
-1.725	1.19965473294722
-1.724	1.20041695769315
-1.723	1.20117892428161
-1.722	1.20194063297472
-1.721	1.20270208403417
-1.72	1.20346327772121
-1.719	1.20422421429662
-1.718	1.20498489402078
-1.717	1.2057453171536
-1.716	1.20650548395458
-1.715	1.20726539468275
-1.714	1.20802504959672
-1.713	1.20878444895468
-1.712	1.20954359301437
-1.711	1.21030248203309
-1.71	1.21106111626772
-1.709	1.2118194959747
-1.708	1.21257762141006
-1.707	1.21333549282939
-1.706	1.21409311048783
-1.705	1.21485047464012
-1.704	1.21560758554057
-1.703	1.21636444344307
-1.702	1.21712104860106
-1.701	1.21787740126758
-1.7	1.21863350169526
-1.699	1.21938935013627
-1.698	1.22014494684239
-1.697	1.22090029206497
-1.696	1.22165538605496
-1.695	1.22241022906286
-1.694	1.22316482133877
-1.693	1.2239191631324
-1.692	1.224673254693
-1.691	1.22542709626944
-1.69	1.22618068811017
-1.689	1.22693403046321
-1.688	1.22768712357621
-1.687	1.22843996769636
-1.686	1.22919256307049
-1.685	1.22994490994499
-1.684	1.23069700856586
-1.683	1.23144885917868
-1.682	1.23220046202864
-1.681	1.23295181736051
-1.68	1.23370292541869
-1.679	1.23445378644713
-1.678	1.23520440068942
-1.677	1.23595476838872
-1.676	1.23670488978783
-1.675	1.2374547651291
-1.674	1.23820439465453
-1.673	1.23895377860569
-1.672	1.23970291722377
-1.671	1.24045181074958
-1.67	1.2412004594235
-1.669	1.24194886348554
-1.668	1.24269702317532
-1.667	1.24344493873207
-1.666	1.24419261039462
-1.665	1.24494003840141
-1.664	1.24568722299049
-1.663	1.24643416439955
-1.662	1.24718086286587
-1.661	1.24792731862633
-1.66	1.24867353191745
-1.659	1.24941950297537
-1.658	1.25016523203582
-1.657	1.25091071933418
-1.656	1.25165596510541
-1.655	1.25240096958413
-1.654	1.25314573300456
-1.653	1.25389025560054
-1.652	1.25463453760554
-1.651	1.25537857925264
-1.65	1.25612238077456
-1.649	1.25686594240364
-1.648	1.25760926437183
-1.647	1.25835234691073
-1.646	1.25909519025156
-1.645	1.25983779462516
-1.644	1.260580160262
-1.643	1.26132228739219
-1.642	1.26206417624546
-1.641	1.26280582705117
-1.64	1.26354724003833
-1.639	1.26428841543557
-1.638	1.26502935347114
-1.637	1.26577005437295
-1.636	1.26651051836854
-1.635	1.26725074568508
-1.634	1.26799073654936
-1.633	1.26873049118785
-1.632	1.26947000982663
-1.631	1.27020929269141
-1.63	1.27094834000758
-1.629	1.27168715200012
-1.628	1.2724257288937
-1.627	1.2731640709126
-1.626	1.27390217828076
-1.625	1.27464005122175
-1.624	1.27537768995881
-1.623	1.2761150947148
-1.622	1.27685226571223
-1.621	1.27758920317328
-1.62	1.27832590731976
-1.619	1.27906237837313
-1.618	1.2797986165545
-1.617	1.28053462208463
-1.616	1.28127039518394
-1.615	1.28200593607249
-1.614	1.28274124497001
-1.613	1.28347632209586
-1.612	1.28421116766908
-1.611	1.28494578190834
-1.61	1.28568016503199
-1.609	1.28641431725802
-1.608	1.28714823880408
-1.607	1.28788192988748
-1.606	1.2886153907252
-1.605	1.28934862153386
-1.604	1.29008162252976
-1.603	1.29081439392885
-1.602	1.29154693594673
-1.601	1.2922792487987
-1.6	1.29301133269968
-1.599	1.29374318786428
-1.598	1.29447481450677
-1.597	1.29520621284108
-1.596	1.29593738308082
-1.595	1.29666832543926
-1.594	1.29739904012933
-1.593	1.29812952736363
-1.592	1.29885978735444
-1.591	1.29958982031371
-1.59	1.30031962645304
-1.589	1.30104920598373
-1.588	1.30177855911674
-1.587	1.30250768606268
-1.586	1.30323658703188
-1.585	1.30396526223431
-1.584	1.30469371187962
-1.583	1.30542193617715
-1.582	1.30614993533589
-1.581	1.30687770956454
-1.58	1.30760525907146
-1.579	1.30833258406468
-1.578	1.30905968475192
-1.577	1.30978656134059
-1.576	1.31051321403776
-1.575	1.31123964305019
-1.574	1.31196584858433
-1.573	1.3126918308463
-1.572	1.31341759004192
-1.571	1.31414312637666
-1.57	1.31486844005572
-1.569	1.31559353128395
-1.568	1.31631840026591
-1.567	1.31704304720582
-1.566	1.31776747230761
-1.565	1.3184916757749
-1.564	1.31921565781098
-1.563	1.31993941861884
-1.562	1.32066295840116
-1.561	1.32138627736031
-1.56	1.32210937569835
-1.559	1.32283225361704
-1.558	1.32355491131782
-1.557	1.32427734900182
-1.556	1.3249995668699
-1.555	1.32572156512256
-1.554	1.32644334396004
-1.553	1.32716490358226
-1.552	1.32788624418882
-1.551	1.32860736597905
-1.55	1.32932826915195
-1.549	1.33004895390624
-1.548	1.33076942044032
-1.547	1.33148966895229
-1.546	1.33220969963998
-1.545	1.33292951270089
-1.544	1.33364910833223
-1.543	1.33436848673092
-1.542	1.33508764809356
-1.541	1.33580659261649
-1.54	1.33652532049573
-1.539	1.337243831927
-1.538	1.33796212710574
-1.537	1.3386802062271
-1.536	1.33939806948592
-1.535	1.34011571707675
-1.534	1.34083314919386
-1.533	1.34155036603122
-1.532	1.34226736778252
-1.531	1.34298415464113
-1.53	1.34370072680016
-1.529	1.34441708445243
-1.528	1.34513322779046
-1.527	1.34584915700648
-1.526	1.34656487229244
-1.525	1.34728037384
-1.524	1.34799566184054
-1.523	1.34871073648515
-1.522	1.34942559796463
-1.521	1.35014024646951
-1.52	1.35085468219002
-1.519	1.35156890531611
-1.518	1.35228291603747
-1.517	1.35299671454348
-1.516	1.35371030102324
-1.515	1.35442367566559
-1.514	1.35513683865908
-1.513	1.35584979019197
-1.512	1.35656253045225
-1.511	1.35727505962764
-1.51	1.35798737790557
-1.509	1.35869948547319
-1.508	1.35941138251738
-1.507	1.36012306922475
-1.506	1.36083454578163
-1.505	1.36154581237406
-1.504	1.36225686918783
-1.503	1.36296771640844
-1.502	1.36367835422113
-1.501	1.36438878281085
-1.5	1.36509900236229
-1.499	1.36580901305986
-1.498	1.36651881508771
-1.497	1.36722840862972
-1.496	1.36793779386948
-1.495	1.36864697099033
-1.494	1.36935594017534
-1.493	1.37006470160731
-1.492	1.37077325546876
-1.491	1.37148160194196
-1.49	1.3721897412089
-1.489	1.37289767345132
-1.488	1.37360539885068
-1.487	1.37431291758818
-1.486	1.37502022984475
-1.485	1.37572733580107
-1.484	1.37643423563754
-1.483	1.37714092953431
-1.482	1.37784741767126
-1.481	1.37855370022802
-1.48	1.37925977738395
-1.479	1.37996564931814
-1.478	1.38067131620943
-1.477	1.38137677823641
-1.476	1.38208203557739
-1.475	1.38278708841044
-1.474	1.38349193691335
-1.473	1.38419658126369
-1.472	1.38490102163874
-1.471	1.38560525821552
-1.47	1.38630929117083
-1.469	1.38701312068117
-1.468	1.38771674692283
-1.467	1.3884201700718
-1.466	1.38912339030385
-1.465	1.38982640779449
-1.464	1.39052922271896
-1.463	1.39123183525227
-1.462	1.39193424556917
-1.461	1.39263645384415
-1.46	1.39333846025146
-1.459	1.3940402649651
-1.458	1.3947418681588
-1.457	1.39544327000608
-1.456	1.39614447068017
-1.455	1.39684547035408
-1.454	1.39754626920056
-1.453	1.3982468673921
-1.452	1.39894726510098
-1.451	1.39964746249921
-1.45	1.40034745975854
-1.449	1.40104725705049
-1.448	1.40174685454635
-1.447	1.40244625241715
-1.446	1.40314545083367
-1.445	1.40384444996645
-1.444	1.4045432499858
-1.443	1.40524185106178
-1.442	1.40594025336419
-1.441	1.40663845706263
-1.44	1.40733646232641
-1.439	1.40803426932464
-1.438	1.40873187822617
-1.437	1.40942928919961
-1.436	1.41012650241334
-1.435	1.41082351803549
-1.434	1.41152033623397
-1.433	1.41221695717643
-1.432	1.41291338103029
-1.431	1.41360960796275
-1.43	1.41430563814075
-1.429	1.41500147173101
-1.428	1.41569710890001
-1.427	1.41639254981399
-1.426	1.41708779463897
-1.425	1.41778284354071
-1.424	1.41847769668477
-1.423	1.41917235423645
-1.422	1.41986681636084
-1.421	1.42056108322276
-1.42	1.42125515498685
-1.419	1.42194903181747
-1.418	1.42264271387879
-1.417	1.42333620133473
-1.416	1.42402949434897
-1.415	1.42472259308499
-1.414	1.425415497706
-1.413	1.42610820837502
-1.412	1.42680072525483
-1.411	1.42749304850797
-1.41	1.42818517829677
-1.409	1.42887711478333
-1.408	1.4295688581295
-1.407	1.43026040849694
-1.406	1.43095176604707
-1.405	1.43164293094107
-1.404	1.43233390333992
-1.403	1.43302468340436
-1.402	1.43371527129492
-1.401	1.43440566717188
-1.4	1.43509587119533
-1.399	1.43578588352513
-1.398	1.43647570432089
-1.397	1.43716533374203
-1.396	1.43785477194775
-1.395	1.438544019097
-1.394	1.43923307534854
-1.393	1.4399219408609
-1.392	1.44061061579237
-1.391	1.44129910030107
-1.39	1.44198739454485
-1.389	1.44267549868137
-1.388	1.44336341286806
-1.387	1.44405113726215
-1.386	1.44473867202064
-1.385	1.44542601730032
-1.384	1.44611317325774
-1.383	1.44680014004928
-1.382	1.44748691783106
-1.381	1.44817350675902
-1.38	1.44885990698885
-1.379	1.44954611867607
-1.378	1.45023214197595
-1.377	1.45091797704357
-1.376	1.45160362403377
-1.375	1.45228908310121
-1.374	1.45297435440032
-1.373	1.45365943808532
-1.372	1.45434433431022
-1.371	1.45502904322882
-1.37	1.45571356499472
-1.369	1.45639789976129
-1.368	1.45708204768171
-1.367	1.45776600890893
-1.366	1.45844978359571
-1.365	1.4591333718946
-1.364	1.45981677395793
-1.363	1.46049998993784
-1.362	1.46118301998624
-1.361	1.46186586425486
-1.36	1.46254852289519
-1.359	1.46323099605856
-1.358	1.46391328389605
-1.357	1.46459538655857
-1.356	1.46527730419679
-1.355	1.46595903696121
-1.354	1.46664058500211
-1.353	1.46732194846956
-1.352	1.46800312751344
-1.351	1.46868412228342
-1.35	1.46936493292897
-1.349	1.47004555959936
-1.348	1.47072600244365
-1.347	1.47140626161072
-1.346	1.47208633724921
-1.345	1.4727662295076
-1.344	1.47344593853415
-1.343	1.47412546447693
-1.342	1.47480480748379
-1.341	1.47548396770241
-1.34	1.47616294528025
-1.339	1.47684174036457
-1.338	1.47752035310246
-1.337	1.47819878364079
-1.336	1.47887703212622
-1.335	1.47955509870525
-1.334	1.48023298352415
-1.333	1.48091068672901
-1.332	1.48158820846573
-1.331	1.48226554888
-1.33	1.48294270811732
-1.329	1.483619686323
-1.328	1.48429648364216
-1.327	1.48497310021971
-1.326	1.48564953620038
-1.325	1.4863257917287
-1.324	1.48700186694902
-1.323	1.48767776200547
-1.322	1.48835347704203
-1.321	1.48902901220244
-1.32	1.48970436763029
-1.319	1.49037954346896
-1.318	1.49105453986164
-1.317	1.49172935695133
-1.316	1.49240399488084
-1.315	1.4930784537928
-1.314	1.49375273382963
-1.313	1.49442683513359
-1.312	1.49510075784673
-1.311	1.49577450211091
-1.31	1.49644806806782
-1.309	1.49712145585896
-1.308	1.49779466562561
-1.307	1.49846769750892
-1.306	1.4991405516498
-1.305	1.499813228189
-1.304	1.50048572726709
-1.303	1.50115804902444
-1.302	1.50183019360125
-1.301	1.50250216113751
-1.3	1.50317395177306
-1.299	1.50384556564752
-1.298	1.50451700290035
-1.297	1.50518826367083
-1.296	1.50585934809804
-1.295	1.50653025632089
-1.294	1.5072009884781
-1.293	1.50787154470822
-1.292	1.50854192514959
-1.291	1.50921212994041
-1.29	1.50988215921866
-1.289	1.51055201312217
-1.288	1.51122169178857
-1.287	1.51189119535532
-1.286	1.51256052395969
-1.285	1.51322967773879
-1.284	1.51389865682954
-1.283	1.51456746136866
-1.282	1.51523609149273
-1.281	1.51590454733813
-1.28	1.51657282904107
-1.279	1.51724093673757
-1.278	1.51790887056348
-1.277	1.51857663065449
-1.276	1.51924421714609
-1.275	1.5199116301736
-1.274	1.52057886987218
-1.273	1.52124593637678
-1.272	1.52191282982222
-1.271	1.52257955034311
-1.27	1.5232460980739
-1.269	1.52391247314886
-1.268	1.5245786757021
-1.267	1.52524470586753
-1.266	1.52591056377891
-1.265	1.52657624956983
-1.264	1.52724176337368
-1.263	1.52790710532371
-1.262	1.52857227555298
-1.261	1.52923727419438
-1.26	1.52990210138063
-1.259	1.53056675724427
-1.258	1.53123124191769
-1.257	1.53189555553311
-1.256	1.53255969822254
-1.255	1.53322367011787
-1.254	1.53388747135079
-1.253	1.53455110205283
-1.252	1.53521456235535
-1.251	1.53587785238955
-1.25	1.53654097228644
-1.249	1.5372039221769
-1.248	1.53786670219159
-1.247	1.53852931246105
-1.246	1.53919175311563
-1.245	1.53985402428552
-1.244	1.54051612610073
-1.243	1.54117805869112
-1.242	1.54183982218639
-1.241	1.54250141671605
-1.24	1.54316284240946
-1.239	1.54382409939581
-1.238	1.54448518780414
-1.237	1.54514610776331
-1.236	1.54580685940201
-1.235	1.54646744284879
-1.234	1.54712785823201
-1.233	1.54778810567989
-1.232	1.54844818532047
-1.231	1.54910809728163
-1.23	1.5497678416911
-1.229	1.55042741867644
-1.228	1.55108682836504
-1.227	1.55174607088415
-1.226	1.55240514636082
-1.225	1.55306405492199
-1.224	1.5537227966944
-1.223	1.55438137180464
-1.222	1.55503978037915
-1.221	1.55569802254421
-1.22	1.55635609842592
-1.219	1.55701400815024
-1.218	1.55767175184296
-1.217	1.55832932962973
-1.216	1.55898674163602
-1.215	1.55964398798715
-1.214	1.56030106880828
-1.213	1.56095798422442
-1.212	1.56161473436042
-1.211	1.56227131934097
-1.21	1.5629277392906
-1.209	1.56358399433369
-1.208	1.56424008459446
-1.207	1.56489601019698
-1.206	1.56555177126515
-1.205	1.56620736792274
-1.204	1.56686280029334
-1.203	1.56751806850039
-1.202	1.5681731726672
-1.201	1.56882811291688
-1.2	1.56948288937243
-1.199	1.57013750215668
-1.198	1.57079195139229
-1.197	1.5714462372018
-1.196	1.57210035970756
-1.195	1.57275431903181
-1.194	1.57340811529659
-1.193	1.57406174862382
-1.192	1.57471521913527
-1.191	1.57536852695253
-1.19	1.57602167219708
-1.189	1.5766746549902
-1.188	1.57732747545307
-1.187	1.57798013370668
-1.186	1.57863262987189
-1.185	1.5792849640694
-1.184	1.57993713641978
-1.183	1.58058914704341
-1.182	1.58124099606056
-1.181	1.58189268359134
-1.18	1.58254420975571
-1.179	1.58319557467347
-1.178	1.58384677846428
-1.177	1.58449782124767
-1.176	1.58514870314299
-1.175	1.58579942426947
-1.174	1.58644998474618
-1.173	1.58710038469204
-1.172	1.58775062422583
-1.171	1.58840070346618
-1.17	1.58905062253158
-1.169	1.58970038154036
-1.168	1.59034998061073
-1.167	1.59099941986073
-1.166	1.59164869940826
-1.165	1.59229781937108
-1.164	1.59294677986681
-1.163	1.59359558101291
-1.162	1.59424422292671
-1.161	1.59489270572539
-1.16	1.595541029526
-1.159	1.59618919444542
-1.158	1.5968372006004
-1.157	1.59748504810756
-1.156	1.59813273708335
-1.155	1.59878026764411
-1.154	1.59942763990601
-1.153	1.6000748539851
-1.152	1.60072190999726
-1.151	1.60136880805826
-1.15	1.60201554828371
-1.149	1.60266213078909
-1.148	1.60330855568972
-1.147	1.6039548231008
-1.146	1.60460093313738
-1.145	1.60524688591438
-1.144	1.60589268154657
-1.143	1.60653832014857
-1.142	1.60718380183489
-1.141	1.60782912671987
-1.14	1.60847429491774
-1.139	1.60911930654257
-1.138	1.6097641617083
-1.137	1.61040886052873
-1.136	1.61105340311752
-1.135	1.6116977895882
-1.134	1.61234202005416
-1.133	1.61298609462864
-1.132	1.61363001342476
-1.131	1.6142737765555
-1.13	1.61491738413369
-1.129	1.61556083627204
-1.128	1.61620413308313
-1.127	1.61684727467937
-1.126	1.61749026117307
-1.125	1.6181330926764
-1.124	1.61877576930136
-1.123	1.61941829115987
-1.122	1.62006065836366
-1.121	1.62070287102438
-1.12	1.62134492925349
-1.119	1.62198683316236
-1.118	1.62262858286221
-1.117	1.62327017846413
-1.116	1.62391162007906
-1.115	1.62455290781783
-1.114	1.62519404179113
-1.113	1.62583502210951
-1.112	1.62647584888339
-1.111	1.62711652222306
-1.11	1.62775704223869
-1.109	1.62839740904029
-1.108	1.62903762273777
-1.107	1.62967768344088
-1.106	1.63031759125926
-1.105	1.63095734630241
-1.104	1.63159694867971
-1.103	1.63223639850039
-1.102	1.63287569587356
-1.101	1.6335148409082
-1.1	1.63415383371317
-1.099	1.63479267439718
-1.098	1.63543136306883
-1.097	1.63606989983658
-1.096	1.63670828480877
-1.095	1.63734651809359
-1.094	1.63798459979912
-1.093	1.63862253003332
-1.092	1.639260308904
-1.091	1.63989793651885
-1.09	1.64053541298545
-1.089	1.64117273841122
-1.088	1.64180991290348
-1.087	1.64244693656941
-1.086	1.64308380951606
-1.085	1.64372053185037
-1.084	1.64435710367914
-1.083	1.64499352510904
-1.082	1.64562979624663
-1.081	1.64626591719833
-1.08	1.64690188807045
-1.079	1.64753770896915
-1.078	1.64817338000048
-1.077	1.64880890127038
-1.076	1.64944427288464
-1.075	1.65007949494893
-1.074	1.6507145675688
-1.073	1.65134949084969
-1.072	1.65198426489689
-1.071	1.65261888981559
-1.07	1.65325336571084
-1.069	1.65388769268756
-1.068	1.65452187085059
-1.067	1.65515590030458
-1.066	1.65578978115412
-1.065	1.65642351350365
-1.064	1.65705709745747
-1.063	1.6576905331198
-1.062	1.65832382059469
-1.061	1.65895695998612
-1.06	1.6595899513979
-1.059	1.66022279493376
-1.058	1.66085549069727
-1.057	1.66148803879191
-1.056	1.66212043932102
-1.055	1.66275269238784
-1.054	1.66338479809546
-1.053	1.66401675654689
-1.052	1.66464856784498
-1.051	1.66528023209247
-1.05	1.66591174939201
-1.049	1.6665431198461
-1.048	1.66717434355712
-1.047	1.66780542062735
-1.046	1.66843635115894
-1.045	1.66906713525392
-1.044	1.66969777301421
-1.043	1.6703282645416
-1.042	1.67095860993778
-1.041	1.6715888093043
-1.04	1.67221886274261
-1.039	1.67284877035403
-1.038	1.67347853223977
-1.037	1.67410814850093
-1.036	1.67473761923847
-1.035	1.67536694455326
-1.034	1.67599612454604
-1.033	1.67662515931743
-1.032	1.67725404896795
-1.031	1.67788279359799
-1.03	1.67851139330782
-1.029	1.6791398481976
-1.028	1.67976815836739
-1.027	1.68039632391712
-1.026	1.6810243449466
-1.025	1.68165222155554
-1.024	1.68227995384352
-1.023	1.68290754191002
-1.022	1.68353498585439
-1.021	1.68416228577589
-1.02	1.68478944177363
-1.019	1.68541645394665
-1.018	1.68604332239384
-1.017	1.68667004721399
-1.016	1.68729662850578
-1.015	1.68792306636778
-1.014	1.68854936089843
-1.013	1.68917551219609
-1.012	1.68980152035896
-1.011	1.69042738548518
-1.01	1.69105310767273
-1.009	1.69167868701952
-1.008	1.69230412362332
-1.007	1.6929294175818
-1.006	1.69355456899251
-1.005	1.6941795779529
-1.004	1.69480444456031
-1.003	1.69542916891195
-1.002	1.69605375110494
-1.001	1.69667819123628
-1	1.69730248940287
-0.999	1.69792664570149
-0.998	1.6985506602288
-0.997	1.69917453308137
-0.996	1.69979826435565
-0.995	1.70042185414799
-0.994	1.70104530255462
-0.993	1.70166860967167
-0.992	1.70229177559515
-0.991	1.70291480042096
-0.99	1.70353768424492
-0.989	1.7041604271627
-0.988	1.70478302926989
-0.987	1.70540549066197
-0.986	1.70602781143429
-0.985	1.70664999168213
-0.984	1.70727203150063
-0.983	1.70789393098484
-0.982	1.70851569022969
-0.981	1.70913730933001
-0.98	1.70975878838052
-0.979	1.71038012747585
-0.978	1.7110013267105
-0.977	1.71162238617887
-0.976	1.71224330597527
-0.975	1.71286408619388
-0.974	1.71348472692879
-0.973	1.71410522827398
-0.972	1.71472559032332
-0.971	1.71534581317059
-0.97	1.71596589690945
-0.969	1.71658584163345
-0.968	1.71720564743605
-0.967	1.7178253144106
-0.966	1.71844484265034
-0.965	1.71906423224842
-0.964	1.71968348329787
-0.963	1.72030259589163
-0.962	1.72092157012252
-0.961	1.72154040608327
-0.96	1.72215910386649
-0.959	1.72277766356472
-0.958	1.72339608527036
-0.957	1.72401436907572
-0.956	1.72463251507301
-0.955	1.72525052335435
-0.954	1.72586839401172
-0.953	1.72648612713704
-0.952	1.72710372282211
-0.951	1.72772118115862
-0.95	1.72833850223816
-0.949	1.72895568615223
-0.948	1.72957273299222
-0.947	1.73018964284942
-0.946	1.73080641581502
-0.945	1.73142305198011
-0.944	1.73203955143568
-0.943	1.7326559142726
-0.942	1.73327214058167
-0.941	1.73388823045357
-0.94	1.73450418397889
-0.939	1.73512000124811
-0.938	1.73573568235161
-0.937	1.73635122737968
-0.936	1.7369666364225
-0.935	1.73758190957016
-0.934	1.73819704691265
-0.933	1.73881204853985
-0.932	1.73942691454154
-0.931	1.74004164500742
-0.93	1.74065624002708
-0.929	1.74127069969001
-0.928	1.74188502408559
-0.927	1.74249921330313
-0.926	1.74311326743182
-0.925	1.74372718656075
-0.924	1.74434097077893
-0.923	1.74495462017526
-0.922	1.74556813483854
-0.921	1.74618151485749
-0.92	1.74679476032071
-0.919	1.7474078713167
-0.918	1.7480208479339
-0.917	1.74863369026062
-0.916	1.74924639838508
-0.915	1.7498589723954
-0.914	1.75047141237962
-0.913	1.75108371842566
-0.912	1.75169589062137
-0.911	1.75230792905449
-0.91	1.75291983381265
-0.909	1.75353160498342
-0.908	1.75414324265424
-0.907	1.75475474691247
-0.906	1.75536611784538
-0.905	1.75597735554013
-0.904	1.75658846008379
-0.903	1.75719943156336
-0.902	1.7578102700657
-0.901	1.75842097567761
-0.9	1.75903154848578
-0.899	1.75964198857681
-0.898	1.76025229603722
-0.897	1.76086247095341
-0.896	1.7614725134117
-0.895	1.76208242349831
-0.894	1.76269220129939
-0.893	1.76330184690096
-0.892	1.76391136038898
-0.891	1.76452074184928
-0.89	1.76512999136764
-0.889	1.76573910902972
-0.888	1.7663480949211
-0.887	1.76695694912724
-0.886	1.76756567173355
-0.885	1.76817426282532
-0.884	1.76878272248775
-0.883	1.76939105080596
-0.882	1.76999924786496
-0.881	1.77060731374969
-0.88	1.77121524854498
-0.879	1.77182305233558
-0.878	1.77243072520614
-0.877	1.77303826724123
-0.876	1.77364567852531
-0.875	1.77425295914278
-0.874	1.77486010917792
-0.873	1.77546712871494
-0.872	1.77607401783793
-0.871	1.77668077663092
-0.87	1.77728740517785
-0.869	1.77789390356255
-0.868	1.77850027186876
-0.867	1.77910651018016
-0.866	1.77971261858031
-0.865	1.78031859715268
-0.864	1.78092444598068
-0.863	1.7815301651476
-0.862	1.78213575473665
-0.861	1.78274121483097
-0.86	1.78334654551358
-0.859	1.78395174686744
-0.858	1.78455681897539
-0.857	1.78516176192021
-0.856	1.78576657578458
-0.855	1.78637126065109
-0.854	1.78697581660225
-0.853	1.78758024372047
-0.852	1.78818454208809
-0.851	1.78878871178734
-0.85	1.78939275290038
-0.849	1.78999666550927
-0.848	1.790600449696
-0.847	1.79120410554246
-0.846	1.79180763313045
-0.845	1.79241103254169
-0.844	1.79301430385781
-0.843	1.79361744716035
-0.842	1.79422046253079
-0.841	1.79482335005048
-0.84	1.79542610980071
-0.839	1.79602874186269
-0.838	1.79663124631752
-0.837	1.79723362324624
-0.836	1.79783587272978
-0.835	1.79843799484901
-0.834	1.7990399896847
-0.833	1.79964185731752
-0.832	1.80024359782809
-0.831	1.80084521129691
-0.83	1.80144669780443
-0.829	1.80204805743097
-0.828	1.80264929025681
-0.827	1.80325039636213
-0.826	1.803851375827
-0.825	1.80445222873145
-0.824	1.8050529551554
-0.823	1.80565355517867
-0.822	1.80625402888104
-0.821	1.80685437634217
-0.82	1.80745459764164
-0.819	1.80805469285898
-0.818	1.80865466207358
-0.817	1.8092545053648
-0.816	1.80985422281188
-0.815	1.810453814494
-0.814	1.81105328049025
-0.813	1.81165262087963
-0.812	1.81225183574106
-0.811	1.81285092515339
-0.81	1.81344988919536
-0.809	1.81404872794567
-0.808	1.81464744148289
-0.807	1.81524602988554
-0.806	1.81584449323205
-0.805	1.81644283160077
-0.804	1.81704104506996
-0.803	1.8176391337178
-0.802	1.8182370976224
-0.801	1.81883493686177
-0.8	1.81943265151386
-0.799	1.82003024165653
-0.798	1.82062770736754
-0.797	1.8212250487246
-0.796	1.82182226580533
-0.795	1.82241935868725
-0.794	1.82301632744782
-0.793	1.82361317216441
-0.792	1.82420989291432
-0.791	1.82480648977476
-0.79	1.82540296282286
-0.789	1.82599931213568
-0.788	1.82659553779019
-0.787	1.82719163986327
-0.786	1.82778761843175
-0.785	1.82838347357236
-0.784	1.82897920536176
-0.783	1.8295748138765
-0.782	1.83017029919311
-0.781	1.83076566138798
-0.78	1.83136090053746
-0.779	1.83195601671781
-0.778	1.83255101000521
-0.777	1.83314588047576
-0.776	1.83374062820548
-0.775	1.83433525327031
-0.774	1.83492975574613
-0.773	1.83552413570872
-0.772	1.8361183932338
-0.771	1.83671252839699
-0.77	1.83730654127384
-0.769	1.83790043193985
-0.768	1.8384942004704
-0.767	1.83908784694081
-0.766	1.83968137142634
-0.765	1.84027477400214
-0.764	1.84086805474331
-0.763	1.84146121372486
-0.762	1.84205425102173
-0.761	1.84264716670877
-0.76	1.84323996086077
-0.759	1.84383263355243
-0.758	1.84442518485839
-0.757	1.84501761485319
-0.756	1.84560992361131
-0.755	1.84620211120715
-0.754	1.84679417771503
-0.753	1.84738612320921
-0.752	1.84797794776386
-0.751	1.84856965145307
-0.75	1.84916123435087
-0.749	1.84975269653119
-0.748	1.85034403806792
-0.747	1.85093525903483
-0.746	1.85152635950567
-0.745	1.85211733955406
-0.744	1.85270819925358
-0.743	1.85329893867772
-0.742	1.8538895578999
-0.741	1.85448005699347
-0.74	1.85507043603171
-0.739	1.85566069508779
-0.738	1.85625083423485
-0.737	1.85684085354594
-0.736	1.85743075309402
-0.735	1.858020532952
-0.734	1.8586101931927
-0.733	1.85919973388888
-0.732	1.85978915511321
-0.731	1.8603784569383
-0.73	1.86096763943667
-0.729	1.86155670268079
-0.728	1.86214564674303
-0.727	1.86273447169572
-0.726	1.86332317761108
-0.725	1.86391176456129
-0.724	1.86450023261843
-0.723	1.86508858185452
-0.722	1.86567681234152
-0.721	1.86626492415129
-0.72	1.86685291735563
-0.719	1.86744079202628
-0.718	1.86802854823489
-0.717	1.86861618605305
-0.716	1.86920370555226
-0.715	1.86979110680398
-0.714	1.87037838987956
-0.713	1.87096555485031
-0.712	1.87155260178745
-0.711	1.87213953076213
-0.71	1.87272634184544
-0.709	1.87331303510839
-0.708	1.87389961062191
-0.707	1.87448606845688
-0.706	1.87507240868409
-0.705	1.87565863137428
-0.704	1.87624473659809
-0.703	1.8768307244261
-0.702	1.87741659492885
-0.701	1.87800234817676
-0.7	1.87858798424021
-0.699	1.87917350318951
-0.698	1.87975890509488
-0.697	1.88034419002649
-0.696	1.88092935805444
-0.695	1.88151440924874
-0.694	1.88209934367934
-0.693	1.88268416141613
-0.692	1.88326886252893
-0.691	1.88385344708747
-0.69	1.88443791516143
-0.689	1.88502226682042
-0.688	1.88560650213396
-0.687	1.88619062117153
-0.686	1.88677462400252
-0.685	1.88735851069627
-0.684	1.88794228132202
-0.683	1.88852593594897
-0.682	1.88910947464624
-0.681	1.88969289748289
-0.68	1.8902762045279
-0.679	1.89085939585018
-0.678	1.89144247151858
-0.677	1.89202543160188
-0.676	1.8926082761688
-0.675	1.89319100528797
-0.674	1.89377361902798
-0.673	1.89435611745732
-0.672	1.89493850064444
-0.671	1.89552076865772
-0.67	1.89610292156544
-0.669	1.89668495943586
-0.668	1.89726688233714
-0.667	1.89784869033738
-0.666	1.89843038350462
-0.665	1.89901196190683
-0.664	1.8995934256119
-0.663	1.90017477468768
-0.662	1.90075600920192
-0.661	1.90133712922233
-0.66	1.90191813481654
-0.659	1.90249902605213
-0.658	1.90307980299658
-0.657	1.90366046571733
-0.656	1.90424101428176
-0.655	1.90482144875716
-0.654	1.90540176921077
-0.653	1.90598197570976
-0.652	1.90656206832123
-0.651	1.90714204711222
-0.65	1.90772191214971
-0.649	1.90830166350059
-0.648	1.90888130123172
-0.647	1.90946082540986
-0.646	1.91004023610173
-0.645	1.91061953337396
-0.644	1.91119871729315
-0.643	1.9117777879258
-0.642	1.91235674533837
-0.641	1.91293558959724
-0.64	1.91351432076872
-0.639	1.91409293891908
-0.638	1.9146714441145
-0.637	1.91524983642111
-0.636	1.91582811590497
-0.635	1.91640628263208
-0.634	1.91698433666837
-0.633	1.9175622780797
-0.632	1.91814010693189
-0.631	1.91871782329067
-0.63	1.91929542722172
-0.629	1.91987291879065
-0.628	1.920450298063
-0.627	1.92102756510427
-0.626	1.92160471997988
-0.625	1.92218176275518
-0.624	1.92275869349546
-0.623	1.92333551226596
-0.622	1.92391221913184
-0.621	1.92448881415822
-0.62	1.92506529741012
-0.619	1.92564166895253
-0.618	1.92621792885036
-0.617	1.92679407716847
-0.616	1.92737011397165
-0.615	1.92794603932461
-0.614	1.92852185329203
-0.613	1.92909755593851
-0.612	1.92967314732859
-0.611	1.93024862752674
-0.61	1.93082399659738
-0.609	1.93139925460487
-0.608	1.93197440161348
-0.607	1.93254943768746
-0.606	1.93312436289096
-0.605	1.9336991772881
-0.604	1.93427388094291
-0.603	1.93484847391938
-0.602	1.93542295628143
-0.601	1.93599732809291
-0.6	1.93657158941762
-0.599	1.9371457403193
-0.598	1.93771978086162
-0.597	1.9382937111082
-0.596	1.93886753112258
-0.595	1.93944124096827
-0.594	1.94001484070868
-0.593	1.94058833040718
-0.592	1.94116171012709
-0.591	1.94173497993166
-0.59	1.94230813988407
-0.589	1.94288119004744
-0.588	1.94345413048485
-0.587	1.94402696125929
-0.586	1.94459968243373
-0.585	1.94517229407103
-0.584	1.94574479623403
-0.583	1.94631718898549
-0.582	1.94688947238811
-0.581	1.94746164650455
-0.58	1.94803371139738
-0.579	1.94860566712914
-0.578	1.94917751376229
-0.577	1.94974925135923
-0.576	1.95032087998232
-0.575	1.95089239969384
-0.574	1.95146381055602
-0.573	1.95203511263104
-0.572	1.95260630598099
-0.571	1.95317739066793
-0.57	1.95374836675385
-0.569	1.95431923430069
-0.568	1.95488999337032
-0.567	1.95546064402456
-0.566	1.95603118632516
-0.565	1.95660162033382
-0.564	1.95717194611218
-0.563	1.95774216372183
-0.562	1.95831227322428
-0.561	1.958882274681
-0.56	1.95945216815339
-0.559	1.96002195370281
-0.558	1.96059163139055
-0.557	1.96116120127783
-0.556	1.96173066342583
-0.555	1.96230001789568
-0.554	1.96286926474841
-0.553	1.96343840404505
-0.552	1.96400743584652
-0.551	1.96457636021372
-0.55	1.96514517720748
-0.549	1.96571388688856
-0.548	1.96628248931769
-0.547	1.96685098455551
-0.546	1.96741937266262
-0.545	1.96798765369957
-0.544	1.96855582772685
-0.543	1.96912389480488
-0.542	1.96969185499402
-0.541	1.97025970835461
-0.54	1.9708274549469
-0.539	1.97139509483108
-0.538	1.9719626280673
-0.537	1.97253005471565
-0.536	1.97309737483617
-0.535	1.97366458848882
-0.534	1.97423169573353
-0.533	1.97479869663016
-0.532	1.97536559123852
-0.531	1.97593237961835
-0.53	1.97649906182936
-0.529	1.97706563793118
-0.528	1.9776321079834
-0.527	1.97819847204554
-0.526	1.97876473017708
-0.525	1.97933088243743
-0.524	1.97989692888595
-0.523	1.98046286958195
-0.522	1.98102870458468
-0.521	1.98159443395333
-0.52	1.98216005774705
-0.519	1.98272557602491
-0.518	1.98329098884595
-0.517	1.98385629626913
-0.516	1.98442149835339
-0.515	1.98498659515758
-0.514	1.98555158674051
-0.513	1.98611647316095
-0.512	1.98668125447758
-0.511	1.98724593074905
-0.51	1.98781050203396
-0.509	1.98837496839084
-0.508	1.98893932987818
-0.507	1.98950358655439
-0.506	1.99006773847786
-0.505	1.99063178570691
-0.504	1.9911957282998
-0.503	1.99175956631474
-0.502	1.99232329980989
-0.501	1.99288692884335
-0.5	1.99345045347318
-0.499	1.99401387375736
-0.498	1.99457718975385
-0.497	1.99514040152052
-0.496	1.99570350911523
-0.495	1.99626651259573
-0.494	1.99682941201978
-0.493	1.99739220744503
-0.492	1.99795489892912
-0.491	1.9985174865296
-0.49	1.99907997030401
-0.489	1.99964235030979
-0.488	2.00020462660436
-0.487	2.00076679924507
-0.486	2.00132886828923
-0.485	2.0018908337941
-0.484	2.00245269581685
-0.483	2.00301445441465
-0.482	2.00357610964459
-0.481	2.0041376615637
-0.48	2.00469911022898
-0.479	2.00526045569736
-0.478	2.00582169802572
-0.477	2.00638283727089
-0.476	2.00694387348966
-0.475	2.00750480673874
-0.474	2.00806563707483
-0.473	2.00862636455452
-0.472	2.00918698923441
-0.471	2.009747511171
-0.47	2.01030793042077
-0.469	2.01086824704013
-0.468	2.01142846108544
-0.467	2.01198857261302
-0.466	2.01254858167913
-0.465	2.01310848833997
-0.464	2.01366829265171
-0.463	2.01422799467045
-0.462	2.01478759445225
-0.461	2.0153470920531
-0.46	2.01590648752898
-0.459	2.01646578093577
-0.458	2.01702497232932
-0.457	2.01758406176545
-0.456	2.01814304929989
-0.455	2.01870193498835
-0.454	2.01926071888647
-0.453	2.01981940104985
-0.452	2.02037798153405
-0.451	2.02093646039454
-0.45	2.02149483768679
-0.449	2.02205311346618
-0.448	2.02261128778806
-0.447	2.02316936070772
-0.446	2.02372733228041
-0.445	2.02428520256133
-0.444	2.02484297160561
-0.443	2.02540063946836
-0.442	2.02595820620461
-0.441	2.02651567186936
-0.44	2.02707303651755
-0.439	2.02763030020409
-0.438	2.02818746298381
-0.437	2.02874452491151
-0.436	2.02930148604193
-0.435	2.02985834642978
-0.434	2.0304151061297
-0.433	2.03097176519628
-0.432	2.03152832368408
-0.431	2.03208478164759
-0.43	2.03264113914126
-0.429	2.0331973962195
-0.428	2.03375355293665
-0.427	2.03430960934703
-0.426	2.03486556550487
-0.425	2.03542142146439
-0.424	2.03597717727974
-0.423	2.03653283300503
-0.422	2.03708838869431
-0.421	2.03764384440161
-0.42	2.03819920018087
-0.419	2.03875445608601
-0.418	2.0393096121709
-0.417	2.03986466848934
-0.416	2.04041962509512
-0.415	2.04097448204194
-0.414	2.04152923938348
-0.413	2.04208389717336
-0.412	2.04263845546516
-0.411	2.0431929143124
-0.41	2.04374727376856
-0.409	2.04430153388707
-0.408	2.04485569472131
-0.407	2.04540975632463
-0.406	2.0459637187503
-0.405	2.04651758205156
-0.404	2.04707134628162
-0.403	2.04762501149361
-0.402	2.04817857774063
-0.401	2.04873204507572
-0.4	2.0492854135519
-0.399	2.04983868322212
-0.398	2.05039185413928
-0.397	2.05094492635624
-0.396	2.05149789992582
-0.395	2.05205077490079
-0.394	2.05260355133386
-0.393	2.0531562292777
-0.392	2.05370880878495
-0.391	2.05426128990817
-0.39	2.0548136726999
-0.389	2.05536595721263
-0.388	2.0559181434988
-0.387	2.05647023161078
-0.386	2.05702222160094
-0.385	2.05757411352157
-0.384	2.05812590742492
-0.383	2.0586776033632
-0.382	2.05922920138856
-0.381	2.05978070155312
-0.38	2.06033210390895
-0.379	2.06088340850807
-0.378	2.06143461540244
-0.377	2.06198572464401
-0.376	2.06253673628465
-0.375	2.0630876503762
-0.374	2.06363846697046
-0.373	2.06418918611915
-0.372	2.064739807874
-0.371	2.06529033228664
-0.37	2.06584075940869
-0.369	2.0663910892917
-0.368	2.06694132198721
-0.367	2.06749145754667
-0.366	2.06804149602151
-0.365	2.06859143746312
-0.364	2.06914128192282
-0.363	2.06969102945192
-0.362	2.07024068010165
-0.361	2.07079023392321
-0.36	2.07133969096777
-0.359	2.07188905128642
-0.358	2.07243831493023
-0.357	2.07298748195022
-0.356	2.07353655239737
-0.355	2.07408552632261
-0.354	2.07463440377682
-0.353	2.07518318481085
-0.352	2.07573186947548
-0.351	2.07628045782148
-0.35	2.07682894989954
-0.349	2.07737734576033
-0.348	2.07792564545447
-0.347	2.07847384903253
-0.346	2.07902195654504
-0.345	2.07956996804249
-0.344	2.08011788357531
-0.343	2.08066570319391
-0.342	2.08121342694863
-0.341	2.08176105488978
-0.34	2.08230858706764
-0.339	2.08285602353241
-0.338	2.08340336433428
-0.337	2.08395060952338
-0.336	2.0844977591498
-0.335	2.08504481326358
-0.334	2.08559177191473
-0.333	2.08613863515319
-0.332	2.0866854030289
-0.331	2.08723207559172
-0.33	2.08777865289147
-0.329	2.08832513497794
-0.328	2.08887152190088
-0.327	2.08941781370997
-0.326	2.08996401045488
-0.325	2.09051011218522
-0.324	2.09105611895054
-0.323	2.09160203080039
-0.322	2.09214784778423
-0.321	2.09269356995152
-0.32	2.09323919735163
-0.319	2.09378473003394
-0.318	2.09433016804774
-0.317	2.09487551144231
-0.316	2.09542076026687
-0.315	2.0959659145706
-0.314	2.09651097440265
-0.313	2.0970559398121
-0.312	2.09760081084802
-0.311	2.09814558755941
-0.31	2.09869026999524
-0.309	2.09923485820445
-0.308	2.09977935223592
-0.307	2.10032375213849
-0.306	2.10086805796095
-0.305	2.10141226975208
-0.304	2.10195638756058
-0.303	2.10250041143513
-0.302	2.10304434142436
-0.301	2.10358817757686
-0.3	2.10413191994119
-0.299	2.10467556856583
-0.298	2.10521912349927
-0.297	2.10576258478993
-0.296	2.10630595248618
-0.295	2.10684922663636
-0.294	2.10739240728877
-0.293	2.10793549449168
-0.292	2.10847848829329
-0.291	2.10902138874177
-0.29	2.10956419588527
-0.289	2.11010690977186
-0.288	2.11064953044961
-0.287	2.11119205796651
-0.286	2.11173449237054
-0.285	2.11227683370962
-0.284	2.11281908203164
-0.283	2.11336123738443
-0.282	2.11390329981581
-0.281	2.11444526937353
-0.28	2.11498714610531
-0.279	2.11552893005884
-0.278	2.11607062128176
-0.277	2.11661221982165
-0.276	2.11715372572609
-0.275	2.11769513904258
-0.274	2.11823645981861
-0.273	2.11877768810161
-0.272	2.11931882393897
-0.271	2.11985986737805
-0.27	2.12040081846616
-0.269	2.12094167725059
-0.268	2.12148244377855
-0.267	2.12202311809726
-0.266	2.12256370025385
-0.265	2.12310419029544
-0.264	2.12364458826911
-0.263	2.12418489422189
-0.262	2.12472510820077
-0.261	2.1252652302527
-0.26	2.1258052604246
-0.259	2.12634519876334
-0.258	2.12688504531576
-0.257	2.12742480012864
-0.256	2.12796446324874
-0.255	2.12850403472278
-0.254	2.12904351459743
-0.253	2.12958290291932
-0.252	2.13012219973505
-0.251	2.13066140509118
-0.25	2.13120051903422
-0.249	2.13173954161064
-0.248	2.1322784728669
-0.247	2.13281731284937
-0.246	2.13335606160443
-0.245	2.13389471917839
-0.244	2.13443328561754
-0.243	2.1349717609681
-0.242	2.1355101452763
-0.241	2.13604843858828
-0.24	2.13658664095018
-0.239	2.13712475240808
-0.238	2.13766277300802
-0.237	2.13820070279601
-0.236	2.13873854181803
-0.235	2.13927629012
-0.234	2.13981394774781
-0.233	2.14035151474731
-0.232	2.14088899116433
-0.231	2.14142637704463
-0.23	2.14196367243394
-0.229	2.14250087737798
-0.228	2.1430379919224
-0.227	2.14357501611282
-0.226	2.14411194999482
-0.225	2.14464879361394
-0.224	2.14518554701571
-0.223	2.14572221024557
-0.222	2.14625878334897
-0.221	2.14679526637129
-0.22	2.14733165935789
-0.219	2.14786796235408
-0.218	2.14840417540515
-0.217	2.14894029855633
-0.216	2.14947633185282
-0.215	2.15001227533978
-0.214	2.15054812906236
-0.213	2.15108389306562
-0.212	2.15161956739463
-0.211	2.15215515209439
-0.21	2.15269064720988
-0.209	2.15322605278604
-0.208	2.15376136886777
-0.207	2.15429659549994
-0.206	2.15483173272736
-0.205	2.15536678059482
-0.204	2.15590173914708
-0.203	2.15643660842885
-0.202	2.1569713884848
-0.201	2.15750607935958
-0.2	2.15804068109778
-0.199	2.15857519374396
-0.198	2.15910961734266
-0.197	2.15964395193837
-0.196	2.16017819757553
-0.195	2.16071235429857
-0.194	2.16124642215186
-0.193	2.16178040117975
-0.192	2.16231429142653
-0.191	2.16284809293649
-0.19	2.16338180575384
-0.189	2.16391542992279
-0.188	2.16444896548749
-0.187	2.16498241249207
-0.186	2.1655157709806
-0.185	2.16604904099715
-0.184	2.16658222258571
-0.183	2.16711531579027
-0.182	2.16764832065476
-0.181	2.16818123722309
-0.18	2.16871406553913
-0.179	2.16924680564669
-0.178	2.16977945758958
-0.177	2.17031202141156
-0.176	2.17084449715634
-0.175	2.17137688486761
-0.174	2.17190918458902
-0.173	2.17244139636418
-0.172	2.17297352023667
-0.171	2.17350555625003
-0.17	2.17403750444776
-0.169	2.17456936487334
-0.168	2.17510113757019
-0.167	2.17563282258172
-0.166	2.17616441995129
-0.165	2.17669592972221
-0.164	2.17722735193779
-0.163	2.17775868664128
-0.162	2.17828993387589
-0.161	2.17882109368481
-0.16	2.17935216611118
-0.159	2.17988315119813
-0.158	2.18041404898873
-0.157	2.18094485952601
-0.156	2.18147558285298
-0.155	2.18200621901262
-0.154	2.18253676804787
-0.153	2.18306723000161
-0.152	2.18359760491672
-0.151	2.18412789283603
-0.15	2.18465809380232
-0.149	2.18518820785837
-0.148	2.1857182350469
-0.147	2.18624817541059
-0.146	2.1867780289921
-0.145	2.18730779583406
-0.144	2.18783747597904
-0.143	2.18836706946959
-0.142	2.18889657634824
-0.141	2.18942599665746
-0.14	2.1899553304397
-0.139	2.19048457773737
-0.138	2.19101373859284
-0.137	2.19154281304847
-0.136	2.19207180114655
-0.135	2.19260070292936
-0.134	2.19312951843913
-0.133	2.19365824771808
-0.132	2.19418689080837
-0.131	2.19471544775214
-0.13	2.19524391859148
-0.129	2.19577230336847
-0.128	2.19630060212514
-0.127	2.19682881490348
-0.126	2.19735694174546
-0.125	2.19788498269301
-0.124	2.19841293778803
-0.123	2.19894080707237
-0.122	2.19946859058787
-0.121	2.19999628837632
-0.12	2.20052390047948
-0.119	2.20105142693907
-0.118	2.20157886779679
-0.117	2.2021062230943
-0.116	2.20263349287321
-0.115	2.20316067717513
-0.114	2.2036877760416
-0.113	2.20421478951416
-0.112	2.20474171763429
-0.111	2.20526856044345
-0.11	2.20579531798306
-0.109	2.20632199029451
-0.108	2.20684857741915
-0.107	2.20737507939832
-0.106	2.20790149627329
-0.105	2.20842782808532
-0.104	2.20895407487564
-0.103	2.20948023668543
-0.102	2.21000631355586
-0.101	2.21053230552803
-0.1	2.21105821264305
-0.0989999999999998	2.21158403494197
-0.0979999999999999	2.2121097724658
-0.097	2.21263542525555
-0.0960000000000001	2.21316099335217
-0.0949999999999998	2.21368647679657
-0.0939999999999999	2.21421187562967
-0.093	2.2147371898923
-0.0920000000000001	2.2152624196253
-0.0909999999999997	2.21578756486946
-0.0899999999999999	2.21631262566554
-0.089	2.21683760205426
-0.0880000000000001	2.21736249407633
-0.0869999999999997	2.2178873017724
-0.0859999999999999	2.21841202518309
-0.085	2.21893666434902
-0.0840000000000001	2.21946121931073
-0.0829999999999997	2.21998569010877
-0.0819999999999999	2.22051007678363
-0.081	2.22103437937577
-0.0800000000000001	2.22155859792564
-0.0789999999999997	2.22208273247362
-0.0779999999999998	2.2226067830601
-0.077	2.2231307497254
-0.0760000000000001	2.22365463250984
-0.0749999999999997	2.22417843145368
-0.0739999999999998	2.22470214659716
-0.073	2.2252257779805
-0.0720000000000001	2.22574932564386
-0.0709999999999997	2.22627278962739
-0.0699999999999998	2.2267961699712
-0.069	2.22731946671538
-0.0680000000000001	2.22784267989996
-0.0670000000000002	2.22836580956496
-0.0659999999999998	2.22888885575038
-0.0649999999999999	2.22941181849615
-0.0640000000000001	2.2299346978422
-0.0630000000000002	2.23045749382842
-0.0619999999999998	2.5
-0.0609999999999999	2.5
-0.0600000000000001	2.5
-0.0590000000000002	2.5
-0.0579999999999998	2.5
-0.0569999999999999	2.5
-0.056	2.5
-0.0550000000000002	2.5
-0.0539999999999998	2.5
-0.0529999999999999	2.5
-0.052	2.5
-0.0510000000000002	2.5
-0.0499999999999998	2.5
-0.0489999999999999	2.5
-0.048	2.5
-0.0470000000000002	2.5
-0.0459999999999998	2.5
-0.0449999999999999	2.5
-0.044	2.5
-0.0430000000000001	2.5
-0.0419999999999998	2.5
-0.0409999999999999	2.5
-0.04	2.5
-0.0390000000000001	2.5
-0.0379999999999998	2.5
-0.0369999999999999	2.5
-0.036	2.5
-0.0350000000000001	2.5
-0.0339999999999998	2.5
-0.0329999999999999	2.5
-0.032	2.5
-0.0310000000000001	2.5
-0.0299999999999998	2.5
-0.0289999999999999	2.5
-0.028	2.5
-0.0270000000000001	2.5
-0.0259999999999998	2.5
-0.0249999999999999	2.5
-0.024	2.5
-0.0230000000000001	2.5
-0.0219999999999998	2.5
-0.0209999999999999	2.5
-0.02	2.5
-0.0190000000000001	2.5
-0.0179999999999998	2.5
-0.0169999999999999	2.5
-0.016	2.5
-0.0150000000000001	2.5
-0.0139999999999998	2.5
-0.0129999999999999	2.5
-0.012	2.5
-0.0110000000000001	2.5
-0.00999999999999979	2.5
-0.0089999999999999	2.5
-0.00800000000000001	2.5
-0.00700000000000012	2.5
-0.00599999999999978	2.5
-0.00499999999999989	2.5
-0.004	2.5
-0.00300000000000011	2.5
-0.00199999999999978	2.5
-0.00099999999999989	2.5
0	2.5
0.00099999999999989	2.5
0.00199999999999978	2.5
0.00300000000000011	2.5
0.004	2.5
0.00499999999999989	2.5
0.00599999999999978	2.5
0.00700000000000012	2.5
0.00800000000000001	2.5
0.0089999999999999	2.5
0.00999999999999979	2.5
0.0110000000000001	2.5
0.012	2.5
0.0129999999999999	2.5
0.0139999999999998	2.5
0.0150000000000001	2.5
0.016	2.5
0.0169999999999999	2.5
0.0179999999999998	2.5
0.0190000000000001	2.5
0.02	2.5
0.0209999999999999	2.5
0.0219999999999998	2.5
0.0230000000000001	2.5
0.024	2.5
0.0249999999999999	2.5
0.0259999999999998	2.5
0.0270000000000001	2.5
0.028	2.5
0.0289999999999999	2.5
0.0299999999999998	2.5
0.0310000000000001	2.5
0.032	2.5
0.0329999999999999	2.5
0.0339999999999998	2.5
0.0350000000000001	2.5
0.036	2.5
0.0369999999999999	2.5
0.0379999999999998	2.5
0.0390000000000001	2.5
0.04	2.5
0.0409999999999999	2.5
0.0419999999999998	2.5
0.0430000000000001	2.5
0.044	2.5
0.0449999999999999	2.5
0.0459999999999998	2.5
0.0470000000000002	2.5
0.048	2.5
0.0489999999999999	2.5
0.0499999999999998	2.5
0.0510000000000002	2.5
0.052	2.5
0.0529999999999999	2.5
0.0539999999999998	2.5
0.0550000000000002	2.5
0.056	2.5
0.0569999999999999	2.5
0.0579999999999998	2.5
0.0590000000000002	2.5
0.0600000000000001	2.5
0.0609999999999999	2.5
0.0619999999999998	2.5
0.0630000000000002	2.76500154748668
0.0640000000000001	2.76549999187873
0.0649999999999999	2.76599851936727
0.0659999999999998	2.76649712999386
0.0670000000000002	2.7669958238001
0.0680000000000001	2.76749460082766
0.069	2.76799346111819
0.0699999999999998	2.76849240471342
0.0709999999999997	2.76899143165508
0.0720000000000001	2.76949054198497
0.073	2.7699897357449
0.0739999999999998	2.77048901297672
0.0749999999999997	2.77098837372232
0.0760000000000001	2.77148781802361
0.077	2.77198734592257
0.0779999999999998	2.77248695746117
0.0789999999999997	2.77298665268145
0.0800000000000001	2.77348643162547
0.081	2.77398629433532
0.0819999999999999	2.77448624085314
0.0829999999999997	2.77498627122111
0.0840000000000001	2.77548638548141
0.085	2.77598658367629
0.0859999999999999	2.77648686584803
0.0869999999999997	2.77698723203894
0.0880000000000001	2.77748768229135
0.089	2.77798821664766
0.0899999999999999	2.77848883515028
0.0909999999999997	2.77898953784166
0.0920000000000001	2.77949032476429
0.093	2.77999119596069
0.0939999999999999	2.78049215147343
0.0949999999999998	2.78099319134509
0.0960000000000001	2.78149431561832
0.097	2.78199552433578
0.0979999999999999	2.78249681754017
0.0989999999999998	2.78299819527422
0.1	2.78349965758073
0.101	2.78400120450249
0.102	2.78450283608236
0.103	2.78500455236322
0.104	2.78550635338799
0.105	2.78600823919962
0.106	2.78651020984111
0.107	2.78701226535549
0.108	2.78751440578583
0.109	2.78801663117521
0.11	2.78851894156679
0.111	2.78902133700374
0.112	2.78952381752926
0.113	2.79002638318661
0.114	2.79052903401908
0.115	2.79103177006997
0.116	2.79153459138266
0.117	2.79203749800053
0.118	2.79254048996702
0.119	2.79304356732559
0.12	2.79354673011975
0.121	2.79404997839305
0.122	2.79455331218906
0.123	2.7950567315514
0.124	2.79556023652372
0.125	2.79606382714971
0.126	2.7965675034731
0.127	2.79707126553766
0.128	2.79757511338719
0.129	2.79807904706552
0.13	2.79858306661654
0.131	2.79908717208416
0.132	2.79959136351233
0.133	2.80009564094503
0.134	2.80060000442631
0.135	2.80110445400021
0.136	2.80160898971084
0.137	2.80211361160235
0.138	2.80261831971891
0.139	2.80312311410473
0.14	2.80362799480407
0.141	2.80413296186122
0.142	2.8046380153205
0.143	2.80514315522629
0.144	2.80564838162299
0.145	2.80615369455504
0.146	2.80665909406691
0.147	2.80716458020314
0.148	2.80767015300828
0.149	2.80817581252691
0.15	2.80868155880369
0.151	2.80918739188326
0.152	2.80969331181036
0.153	2.81019931862972
0.154	2.81070541238614
0.155	2.81121159312443
0.156	2.81171786088947
0.157	2.81222421572615
0.158	2.81273065767941
0.159	2.81323718679424
0.16	2.81374380311565
0.161	2.81425050668871
0.162	2.8147572975585
0.163	2.81526417577017
0.164	2.81577114136887
0.165	2.81627819439984
0.166	2.81678533490832
0.167	2.8172925629396
0.168	2.81779987853902
0.169	2.81830728175193
0.17	2.81881477262375
0.171	2.81932235119993
0.172	2.81983001752595
0.173	2.82033777164734
0.174	2.82084561360966
0.175	2.82135354345853
0.176	2.82186156123958
0.177	2.82236966699849
0.178	2.822877860781
0.179	2.82338614263287
0.18	2.82389451259989
0.181	2.82440297072791
0.182	2.82491151706281
0.183	2.82542015165052
0.184	2.825928874537
0.185	2.82643768576824
0.186	2.82694658539029
0.187	2.82745557344924
0.188	2.8279646499912
0.189	2.82847381506233
0.19	2.82898306870884
0.191	2.82949241097698
0.192	2.83000184191301
0.193	2.83051136156327
0.194	2.83102096997412
0.195	2.83153066719197
0.196	2.83204045326325
0.197	2.83255032823445
0.198	2.8330602921521
0.199	2.83357034506276
0.2	2.83408048701304
0.201	2.83459071804958
0.202	2.83510103821908
0.203	2.83561144756826
0.204	2.83612194614389
0.205	2.83663253399279
0.206	2.83714321116179
0.207	2.8376539776978
0.208	2.83816483364775
0.209	2.83867577905862
0.21	2.83918681397741
0.211	2.83969793845119
0.212	2.84020915252705
0.213	2.84072045625213
0.214	2.84123184967362
0.215	2.84174333283873
0.216	2.84225490579473
0.217	2.84276656858893
0.218	2.84327832126866
0.219	2.84379016388133
0.22	2.84430209647435
0.221	2.8448141190952
0.222	2.8453262317914
0.223	2.84583843461049
0.224	2.84635072760008
0.225	2.8468631108078
0.226	2.84737558428134
0.227	2.84788814806841
0.228	2.84840080221679
0.229	2.84891354677428
0.23	2.84942638178872
0.231	2.84993930730802
0.232	2.8504523233801
0.233	2.85096543005294
0.234	2.85147862737455
0.235	2.85199191539301
0.236	2.8525052941564
0.237	2.85301876371289
0.238	2.85353232411065
0.239	2.85404597539792
0.24	2.85455971762297
0.241	2.85507355083412
0.242	2.85558747507972
0.243	2.85610149040819
0.244	2.85661559686795
0.245	2.85712979450751
0.246	2.8576440833754
0.247	2.85815846352018
0.248	2.85867293499047
0.249	2.85918749783494
0.25	2.85970215210229
0.251	2.86021689784126
0.252	2.86073173510065
0.253	2.86124666392929
0.254	2.86176168437605
0.255	2.86227679648986
0.256	2.86279200031968
0.257	2.86330729591452
0.258	2.86382268332343
0.259	2.86433816259551
0.26	2.86485373377989
0.261	2.86536939692575
0.262	2.86588515208233
0.263	2.86640099929889
0.264	2.86691693862476
0.265	2.86743297010927
0.266	2.86794909380185
0.267	2.86846530975193
0.268	2.86898161800901
0.269	2.86949801862263
0.27	2.87001451164235
0.271	2.87053109711781
0.272	2.87104777509868
0.273	2.87156454563466
0.274	2.87208140877552
0.275	2.87259836457105
0.276	2.87311541307111
0.277	2.87363255432558
0.278	2.8741497883844
0.279	2.87466711529756
0.28	2.87518453511507
0.281	2.87570204788701
0.282	2.87621965366349
0.283	2.87673735249468
0.284	2.87725514443078
0.285	2.87777302952205
0.286	2.87829100781877
0.287	2.87880907937129
0.288	2.87932724422999
0.289	2.87984550244532
0.29	2.88036385406774
0.291	2.88088229914779
0.292	2.88140083773602
0.293	2.88191946988306
0.294	2.88243819563956
0.295	2.88295701505623
0.296	2.88347592818382
0.297	2.88399493507313
0.298	2.884514035775
0.299	2.88503323034032
0.3	2.88555251882003
0.301	2.88607190126511
0.302	2.88659137772658
0.303	2.88711094825552
0.304	2.88763061290305
0.305	2.88815037172034
0.306	2.8886702247586
0.307	2.88919017206909
0.308	2.88971021370311
0.309	2.89023034971201
0.31	2.89075058014721
0.311	2.89127090506013
0.312	2.89179132450227
0.313	2.89231183852518
0.314	2.89283244718044
0.315	2.89335315051967
0.316	2.89387394859457
0.317	2.89439484145685
0.318	2.8949158291583
0.319	2.89543691175073
0.32	2.89595808928601
0.321	2.89647936181605
0.322	2.89700072939283
0.323	2.89752219206834
0.324	2.89804374989465
0.325	2.89856540292386
0.326	2.89908715120813
0.327	2.89960899479966
0.328	2.90013093375068
0.329	2.90065296811351
0.33	2.90117509794048
0.331	2.90169732328399
0.332	2.90221964419647
0.333	2.90274206073041
0.334	2.90326457293836
0.335	2.90378718087288
0.336	2.90430988458661
0.337	2.90483268413224
0.338	2.90535557956249
0.339	2.90587857093014
0.34	2.90640165828802
0.341	2.90692484168899
0.342	2.90744812118598
0.343	2.90797149683196
0.344	2.90849496867996
0.345	2.90901853678303
0.346	2.9095422011943
0.347	2.91006596196693
0.348	2.91058981915414
0.349	2.91111377280919
0.35	2.91163782298539
0.351	2.91216196973611
0.352	2.91268621311476
0.353	2.9132105531748
0.354	2.91373498996973
0.355	2.91425952355312
0.356	2.91478415397858
0.357	2.91530888129977
0.358	2.91583370557038
0.359	2.91635862684419
0.36	2.91688364517499
0.361	2.91740876061665
0.362	2.91793397322306
0.363	2.9184592830482
0.364	2.91898469014606
0.365	2.9195101945707
0.366	2.92003579637622
0.367	2.92056149561679
0.368	2.92108729234661
0.369	2.92161318661994
0.37	2.92213917849109
0.371	2.92266526801441
0.372	2.92319145524431
0.373	2.92371774023525
0.374	2.92424412304175
0.375	2.92477060371836
0.376	2.92529718231969
0.377	2.92582385890041
0.378	2.92635063351522
0.379	2.92687750621889
0.38	2.92740447706625
0.381	2.92793154611214
0.382	2.92845871341149
0.383	2.92898597901928
0.384	2.9295133429905
0.385	2.93004080538025
0.386	2.93056836624364
0.387	2.93109602563583
0.388	2.93162378361207
0.389	2.93215164022763
0.39	2.93267959553782
0.391	2.93320764959805
0.392	2.93373580246372
0.393	2.93426405419034
0.394	2.93479240483344
0.395	2.9353208544486
0.396	2.93584940309146
0.397	2.93637805081772
0.398	2.93690679768312
0.399	2.93743564374346
0.4	2.93796458905458
0.401	2.93849363367239
0.402	2.93902277765285
0.403	2.93955202105195
0.404	2.94008136392576
0.405	2.94061080633039
0.406	2.941140348322
0.407	2.94166998995681
0.408	2.94219973129109
0.409	2.94272957238117
0.41	2.94325951328342
0.411	2.94378955405428
0.412	2.94431969475021
0.413	2.94484993542777
0.414	2.94538027614353
0.415	2.94591071695414
0.416	2.9464412579163
0.417	2.94697189908676
0.418	2.94750264052232
0.419	2.94803348227984
0.42	2.94856442441623
0.421	2.94909546698845
0.422	2.94962661005352
0.423	2.95015785366851
0.424	2.95068919789056
0.425	2.95122064277683
0.426	2.95175218838457
0.427	2.95228383477107
0.428	2.95281558199367
0.429	2.95334743010976
0.43	2.9538793791768
0.431	2.9544114292523
0.432	2.95494358039381
0.433	2.95547583265895
0.434	2.9560081861054
0.435	2.95654064079088
0.436	2.95707319677317
0.437	2.9576058541101
0.438	2.95813861285957
0.439	2.95867147307953
0.44	2.95920443482796
0.441	2.95973749816294
0.442	2.96027066314257
0.443	2.96080392982501
0.444	2.9613372982685
0.445	2.9618707685313
0.446	2.96240434067176
0.447	2.96293801474826
0.448	2.96347179081925
0.449	2.96400566894323
0.45	2.96453964917875
0.451	2.96507373158443
0.452	2.96560791621894
0.453	2.966142203141
0.454	2.9666765924094
0.455	2.96721108408297
0.456	2.96774567822061
0.457	2.96828037488127
0.458	2.96881517412395
0.459	2.96935007600773
0.46	2.96988508059171
0.461	2.97042018793509
0.462	2.97095539809708
0.463	2.97149071113699
0.464	2.97202612711416
0.465	2.972561646088
0.466	2.97309726811797
0.467	2.97363299326359
0.468	2.97416882158443
0.469	2.97470475314014
0.47	2.9752407879904
0.471	2.97577692619496
0.472	2.97631316781363
0.473	2.97684951290628
0.474	2.97738596153282
0.475	2.97792251375324
0.476	2.97845916962758
0.477	2.97899592921593
0.478	2.97953279257845
0.479	2.98006975977535
0.48	2.98060683086689
0.481	2.98114400591342
0.482	2.98168128497532
0.483	2.98221866811303
0.484	2.98275615538705
0.485	2.98329374685796
0.486	2.98383144258638
0.487	2.98436924263297
0.488	2.98490714705849
0.489	2.98544515592374
0.49	2.98598326928957
0.491	2.98652148721689
0.492	2.98705980976669
0.493	2.987598237
0.494	2.98813676897791
0.495	2.98867540576159
0.496	2.98921414741223
0.497	2.98975299399112
0.498	2.99029194555959
0.499	2.99083100217903
0.5	2.9913701639109
0.501	2.9919094308167
0.502	2.99244880295801
0.503	2.99298828039646
0.504	2.99352786319375
0.505	2.99406755141163
0.506	2.99460734511191
0.507	2.99514724435647
0.508	2.99568724920724
0.509	2.99622735972621
0.51	2.99676757597545
0.511	2.99730789801706
0.512	2.99784832591323
0.513	2.99838885972619
0.514	2.99892949951825
0.515	2.99947024535176
0.516	3.00001109728914
0.517	3.00055205539289
0.518	3.00109311972553
0.519	3.00163429034969
0.52	3.00217556732801
0.521	3.00271695072325
0.522	3.00325844059817
0.523	3.00380003701565
0.524	3.00434174003858
0.525	3.00488354972996
0.526	3.0054254661528
0.527	3.00596748937022
0.528	3.00650961944538
0.529	3.0070518564415
0.53	3.00759420042188
0.531	3.00813665144985
0.532	3.00867920958883
0.533	3.00922187490229
0.534	3.00976464745378
0.535	3.01030752730689
0.536	3.01085051452529
0.537	3.0113936091727
0.538	3.01193681131291
0.539	3.01248012100978
0.54	3.01302353832721
0.541	3.01356706332919
0.542	3.01411069607976
0.543	3.01465443664303
0.544	3.01519828508317
0.545	3.0157422414644
0.546	3.01628630585103
0.547	3.01683047830741
0.548	3.01737475889798
0.549	3.01791914768721
0.55	3.01846364473967
0.551	3.01900825011996
0.552	3.01955296389278
0.553	3.02009778612286
0.554	3.02064271687501
0.555	3.02118775621412
0.556	3.02173290420512
0.557	3.02227816091301
0.558	3.02282352640287
0.559	3.02336900073983
0.56	3.02391458398907
0.561	3.02446027621589
0.562	3.02500607748559
0.563	3.02555198786357
0.564	3.0260980074153
0.565	3.0266441362063
0.566	3.02719037430216
0.567	3.02773672176854
0.568	3.02828317867116
0.569	3.0288297450758
0.57	3.02937642104833
0.571	3.02992320665466
0.572	3.03047010196078
0.573	3.03101710703275
0.574	3.03156422193667
0.575	3.03211144673874
0.576	3.03265878150521
0.577	3.03320622630239
0.578	3.03375378119667
0.579	3.03430144625451
0.58	3.03484922154243
0.581	3.03539710712699
0.582	3.03594510307487
0.583	3.03649320945278
0.584	3.03704142632751
0.585	3.03758975376591
0.586	3.03813819183491
0.587	3.03868674060149
0.588	3.03923540013271
0.589	3.0397841704957
0.59	3.04033305175764
0.591	3.04088204398581
0.592	3.04143114724752
0.593	3.04198036161018
0.594	3.04252968714125
0.595	3.04307912390826
0.596	3.04362867197882
0.597	3.04417833142059
0.598	3.04472810230132
0.599	3.0452779846888
0.6	3.04582797865093
0.601	3.04637808425564
0.602	3.04692830157095
0.603	3.04747863066493
0.604	3.04802907160575
0.605	3.04857962446163
0.606	3.04913028930085
0.607	3.04968106619177
0.608	3.05023195520284
0.609	3.05078295640254
0.61	3.05133406985944
0.611	3.05188529564219
0.612	3.0524366338195
0.613	3.05298808446014
0.614	3.05353964763297
0.615	3.0540913234069
0.616	3.05464311185092
0.617	3.0551950130341
0.618	3.05574702702557
0.619	3.05629915389452
0.62	3.05685139371024
0.621	3.05740374654207
0.622	3.05795621245941
0.623	3.05850879153177
0.624	3.05906148382868
0.625	3.05961428941979
0.626	3.06016720837479
0.627	3.06072024076345
0.628	3.06127338665562
0.629	3.06182664612121
0.63	3.06238001923021
0.631	3.06293350605267
0.632	3.06348710665872
0.633	3.06404082111858
0.634	3.0645946495025
0.635	3.06514859188085
0.636	3.06570264832403
0.637	3.06625681890255
0.638	3.06681110368696
0.639	3.0673655027479
0.64	3.06792001615609
0.641	3.0684746439823
0.642	3.06902938629739
0.643	3.06958424317229
0.644	3.07013921467801
0.645	3.07069430088561
0.646	3.07124950186626
0.647	3.07180481769117
0.648	3.07236024843163
0.649	3.07291579415902
0.65	3.07347145494479
0.651	3.07402723086045
0.652	3.07458312197759
0.653	3.07513912836789
0.654	3.07569525010307
0.655	3.07625148725497
0.656	3.07680783989546
0.657	3.07736430809651
0.658	3.07792089193017
0.659	3.07847759146854
0.66	3.07903440678382
0.661	3.07959133794827
0.662	3.08014838503423
0.663	3.08070554811411
0.664	3.08126282726041
0.665	3.08182022254569
0.666	3.0823777340426
0.667	3.08293536182384
0.668	3.08349310596222
0.669	3.0840509665306
0.67	3.08460894360193
0.671	3.08516703724923
0.672	3.0857252475456
0.673	3.08628357456421
0.674	3.08684201837831
0.675	3.08740057906123
0.676	3.08795925668638
0.677	3.08851805132723
0.678	3.08907696305735
0.679	3.08963599195036
0.68	3.09019513807999
0.681	3.09075440152001
0.682	3.0913137823443
0.683	3.09187328062681
0.684	3.09243289644155
0.685	3.09299262986263
0.686	3.09355248096421
0.687	3.09411244982057
0.688	3.09467253650603
0.689	3.09523274109501
0.69	3.09579306366199
0.691	3.09635350428155
0.692	3.09691406302834
0.693	3.09747473997707
0.694	3.09803553520255
0.695	3.09859644877968
0.696	3.09915748078341
0.697	3.09971863128879
0.698	3.10027990037093
0.699	3.10084128810504
0.7	3.1014027945664
0.701	3.10196441983037
0.702	3.10252616397239
0.703	3.10308802706798
0.704	3.10365000919274
0.705	3.10421211042234
0.706	3.10477433083256
0.707	3.10533667049923
0.708	3.10589912949827
0.709	3.10646170790568
0.71	3.10702440579755
0.711	3.10758722325004
0.712	3.10815016033939
0.713	3.10871321714193
0.714	3.10927639373407
0.715	3.10983969019229
0.716	3.11040310659316
0.717	3.11096664301333
0.718	3.11153029952954
0.719	3.1120940762186
0.72	3.1126579731574
0.721	3.11322199042293
0.722	3.11378612809224
0.723	3.11435038624248
0.724	3.11491476495087
0.725	3.11547926429472
0.726	3.11604388435142
0.727	3.11660862519845
0.728	3.11717348691335
0.729	3.11773846957377
0.73	3.11830357325743
0.731	3.11886879804214
0.732	3.11943414400578
0.733	3.11999961122632
0.734	3.12056519978183
0.735	3.12113090975044
0.736	3.12169674121038
0.737	3.12226269423995
0.738	3.12282876891755
0.739	3.12339496532165
0.74	3.12396128353081
0.741	3.12452772362368
0.742	3.12509428567898
0.743	3.12566096977554
0.744	3.12622777599225
0.745	3.12679470440809
0.746	3.12736175510214
0.747	3.12792892815355
0.748	3.12849622364156
0.749	3.1290636416455
0.75	3.12963118224478
0.751	3.13019884551889
0.752	3.13076663154743
0.753	3.13133454041005
0.754	3.13190257218652
0.755	3.13247072695667
0.756	3.13303900480045
0.757	3.13360740579785
0.758	3.13417593002899
0.759	3.13474457757405
0.76	3.1353133485133
0.761	3.13588224292712
0.762	3.13645126089595
0.763	3.13702040250033
0.764	3.13758966782088
0.765	3.13815905693832
0.766	3.13872856993345
0.767	3.13929820688715
0.768	3.13986796788041
0.769	3.14043785299428
0.77	3.14100786230993
0.771	3.14157799590858
0.772	3.14214825387159
0.773	3.14271863628035
0.774	3.14328914321638
0.775	3.14385977476128
0.776	3.14443053099673
0.777	3.14500141200451
0.778	3.14557241786649
0.779	3.14614354866461
0.78	3.14671480448092
0.781	3.14728618539755
0.782	3.14785769149674
0.783	3.14842932286079
0.784	3.14900107957211
0.785	3.14957296171319
0.786	3.15014496936661
0.787	3.15071710261506
0.788	3.1512893615413
0.789	3.15186174622818
0.79	3.15243425675866
0.791	3.15300689321577
0.792	3.15357965568266
0.793	3.15415254424253
0.794	3.1547255589787
0.795	3.15529869997458
0.796	3.15587196731368
0.797	3.15644536107957
0.798	3.15701888135594
0.799	3.15759252822656
0.8	3.15816630177531
0.801	3.15874020208614
0.802	3.1593142292431
0.803	3.15988838333034
0.804	3.16046266443211
0.805	3.16103707263272
0.806	3.16161160801661
0.807	3.1621862706683
0.808	3.16276106067239
0.809	3.1633359781136
0.81	3.16391102307671
0.811	3.16448619564664
0.812	3.16506149590837
0.813	3.16563692394697
0.814	3.16621247984763
0.815	3.16678816369561
0.816	3.16736397557629
0.817	3.16793991557513
0.818	3.16851598377769
0.819	3.16909218026961
0.82	3.16966850513664
0.821	3.17024495846463
0.822	3.17082154033952
0.823	3.17139825084734
0.824	3.17197509007422
0.825	3.17255205810639
0.826	3.17312915503017
0.827	3.17370638093198
0.828	3.17428373589834
0.829	3.17486122001586
0.83	3.17543883337125
0.831	3.17601657605132
0.832	3.17659444814297
0.833	3.17717244973321
0.834	3.17775058090913
0.835	3.17832884175793
0.836	3.17890723236691
0.837	3.17948575282345
0.838	3.18006440321505
0.839	3.1806431836293
0.84	3.18122209415389
0.841	3.18180113487659
0.842	3.18238030588531
0.843	3.18295960726801
0.844	3.18353903911279
0.845	3.18411860150782
0.846	3.18469829454139
0.847	3.18527811830188
0.848	3.18585807287777
0.849	3.18643815835764
0.85	3.18701837483017
0.851	3.18759872238414
0.852	3.18817920110843
0.853	3.18875981109202
0.854	3.18934055242401
0.855	3.18992142519356
0.856	3.19050242948997
0.857	3.19108356540262
0.858	3.19166483302099
0.859	3.19224623243467
0.86	3.19282776373336
0.861	3.19340942700685
0.862	3.19399122234502
0.863	3.19457314983787
0.864	3.19515520957551
0.865	3.19573740164813
0.866	3.19631972614603
0.867	3.19690218315962
0.868	3.19748477277941
0.869	3.198067495096
0.87	3.19865035020012
0.871	3.19923333818258
0.872	3.19981645913431
0.873	3.20039971314632
0.874	3.20098310030975
0.875	3.20156662071583
0.876	3.20215027445591
0.877	3.20273406162141
0.878	3.20331798230389
0.879	3.20390203659499
0.88	3.20448622458648
0.881	3.20507054637022
0.882	3.20565500203817
0.883	3.2062395916824
0.884	3.2068243153951
0.885	3.20740917326854
0.886	3.20799416539511
0.887	3.20857929186731
0.888	3.20916455277774
0.889	3.20974994821912
0.89	3.21033547828424
0.891	3.21092114306604
0.892	3.21150694265754
0.893	3.21209287715188
0.894	3.2126789466423
0.895	3.21326515122214
0.896	3.21385149098488
0.897	3.21443796602407
0.898	3.21502457643339
0.899	3.21561132230662
0.9	3.21619820373764
0.901	3.21678522082046
0.902	3.21737237364919
0.903	3.21795966231804
0.904	3.21854708692133
0.905	3.21913464755351
0.906	3.2197223443091
0.907	3.22031017728278
0.908	3.22089814656929
0.909	3.22148625226352
0.91	3.22207449446044
0.911	3.22266287325515
0.912	3.22325138874286
0.913	3.22384004101887
0.914	3.22442883017861
0.915	3.22501775631763
0.916	3.22560681953155
0.917	3.22619601991616
0.918	3.22678535756731
0.919	3.22737483258099
0.92	3.22796444505329
0.921	3.22855419508041
0.922	3.22914408275868
0.923	3.22973410818453
0.924	3.2303242714545
0.925	3.23091457266525
0.926	3.23150501191354
0.927	3.23209558929625
0.928	3.2326863049104
0.929	3.23327715885307
0.93	3.23386815122151
0.931	3.23445928211303
0.932	3.2350505516251
0.933	3.23564195985528
0.934	3.23623350690126
0.935	3.23682519286081
0.936	3.23741701783186
0.937	3.23800898191244
0.938	3.23860108520067
0.939	3.23919332779481
0.94	3.23978570979324
0.941	3.24037823129445
0.942	3.24097089239703
0.943	3.2415636931997
0.944	3.24215663380131
0.945	3.2427497143008
0.946	3.24334293479724
0.947	3.24393629538981
0.948	3.24452979617783
0.949	3.24512343726071
0.95	3.24571721873799
0.951	3.24631114070932
0.952	3.24690520327448
0.953	3.24749940653336
0.954	3.24809375058597
0.955	3.24868823553244
0.956	3.24928286147301
0.957	3.24987762850806
0.958	3.25047253673807
0.959	3.25106758626364
0.96	3.2516627771855
0.961	3.25225810960449
0.962	3.25285358362157
0.963	3.25344919933784
0.964	3.25404495685449
0.965	3.25464085627285
0.966	3.25523689769436
0.967	3.2558330812206
0.968	3.25642940695325
0.969	3.25702587499411
0.97	3.25762248544513
0.971	3.25821923840835
0.972	3.25881613398594
0.973	3.25941317228021
0.974	3.26001035339357
0.975	3.26060767742856
0.976	3.26120514448786
0.977	3.26180275467423
0.978	3.2624005080906
0.979	3.26299840484
0.98	3.26359644502559
0.981	3.26419462875064
0.982	3.26479295611857
0.983	3.2653914272329
0.984	3.26599004219728
0.985	3.2665888011155
0.986	3.26718770409145
0.987	3.26778675122917
0.988	3.26838594263281
0.989	3.26898527840665
0.99	3.26958475865509
0.991	3.27018438348267
0.992	3.27078415299403
0.993	3.27138406729397
0.994	3.27198412648739
0.995	3.27258433067933
0.996	3.27318467997495
0.997	3.27378517447955
0.998	3.27438581429853
0.999	3.27498659953746
1	3.27558753030199
1.001	3.27618860669793
1.002	3.27678982883122
1.003	3.2773911968079
1.004	3.27799271073417
1.005	3.27859437071634
1.006	3.27919617686086
1.007	3.27979812927429
1.008	3.28040022806336
1.009	3.28100247333488
1.01	3.28160486519582
1.011	3.28220740375327
1.012	3.28281008911447
1.013	3.28341292138676
1.014	3.28401590067763
1.015	3.2846190270947
1.016	3.28522230074572
1.017	3.28582572173856
1.018	3.28642929018124
1.019	3.2870330061819
1.02	3.28763686984882
1.021	3.28824088129041
1.022	3.2888450406152
1.023	3.28944934793188
1.024	3.29005380334924
1.025	3.29065840697624
1.026	3.29126315892194
1.027	3.29186805929555
1.028	3.29247310820642
1.029	3.29307830576402
1.03	3.29368365207796
1.031	3.29428914725799
1.032	3.294894791414
1.033	3.29550058465598
1.034	3.29610652709411
1.035	3.29671261883866
1.036	3.29731886000006
1.037	3.29792525068887
1.038	3.29853179101578
1.039	3.29913848109163
1.04	3.29974532102739
1.041	3.30035231093416
1.042	3.30095945092318
1.043	3.30156674110585
1.044	3.30217418159367
1.045	3.30278177249831
1.046	3.30338951393155
1.047	3.30399740600535
1.048	3.30460544883176
1.049	3.305213642523
1.05	3.30582198719143
1.051	3.30643048294953
1.052	3.30703912990993
1.053	3.30764792818541
1.054	3.30825687788887
1.055	3.30886597913337
1.056	3.3094752320321
1.057	3.31008463669839
1.058	3.31069419324572
1.059	3.3113039017877
1.06	3.3119137624381
1.061	3.3125237753108
1.062	3.31313394051986
1.063	3.31374425817945
1.064	3.3143547284039
1.065	3.31496535130769
1.066	3.31557612700542
1.067	3.31618705561186
1.068	3.3167981372419
1.069	3.31740937201059
1.07	3.31802076003311
1.071	3.3186323014248
1.072	3.31924399630114
1.073	3.31985584477775
1.074	3.3204678469704
1.075	3.321080002995
1.076	3.32169231296761
1.077	3.32230477700444
1.078	3.32291739522183
1.079	3.32353016773629
1.08	3.32414309466446
1.081	3.32475617612313
1.082	3.32536941222925
1.083	3.32598280309989
1.084	3.32659634885229
1.085	3.32721004960384
1.086	3.32782390547207
1.087	3.32843791657465
1.088	3.32905208302942
1.089	3.32966640495434
1.09	3.33028088246756
1.091	3.33089551568735
1.092	3.33151030473212
1.093	3.33212524972047
1.094	3.33274035077111
1.095	3.33335560800292
1.096	3.33397102153494
1.097	3.33458659148634
1.098	3.33520231797646
1.099	3.33581820112478
1.1	3.33643424105093
1.101	3.3370504378747
1.102	3.33766679171604
1.103	3.33828330269503
1.104	3.33889997093193
1.105	3.33951679654713
1.106	3.34013377966119
1.107	3.34075092039482
1.108	3.34136821886887
1.109	3.34198567520437
1.11	3.34260328952248
1.111	3.34322106194454
1.112	3.34383899259202
1.113	3.34445708158656
1.114	3.34507532904996
1.115	3.34569373510416
1.116	3.34631229987127
1.117	3.34693102347356
1.118	3.34754990603344
1.119	3.34816894767349
1.12	3.34878814851646
1.121	3.34940750868522
1.122	3.35002702830283
1.123	3.3506467074925
1.124	3.3512665463776
1.125	3.35188654508166
1.126	3.35250670372836
1.127	3.35312702244154
1.128	3.35374750134523
1.129	3.35436814056357
1.13	3.35498894022091
1.131	3.35560990044172
1.132	3.35623102135066
1.133	3.35685230307253
1.134	3.35747374573231
1.135	3.35809534945513
1.136	3.35871711436628
1.137	3.35933904059123
1.138	3.3599611282556
1.139	3.36058337748517
1.14	3.36120578840589
1.141	3.36182836114387
1.142	3.36245109582539
1.143	3.36307399257688
1.144	3.36369705152496
1.145	3.36432027279638
1.146	3.36494365651809
1.147	3.36556720281719
1.148	3.36619091182094
1.149	3.36681478365677
1.15	3.36743881845228
1.151	3.36806301633524
1.152	3.36868737743359
1.153	3.36931190187541
1.154	3.36993658978898
1.155	3.37056144130273
1.156	3.37118645654527
1.157	3.37181163564537
1.158	3.37243697873196
1.159	3.37306248593417
1.16	3.37368815738127
1.161	3.37431399320271
1.162	3.3749399935281
1.163	3.37556615848725
1.164	3.37619248821011
1.165	3.37681898282681
1.166	3.37744564246765
1.167	3.37807246726312
1.168	3.37869945734385
1.169	3.37932661284067
1.17	3.37995393388458
1.171	3.38058142060672
1.172	3.38120907313845
1.173	3.38183689161128
1.174	3.38246487615689
1.175	3.38309302690714
1.176	3.38372134399407
1.177	3.38434982754988
1.178	3.38497847770696
1.179	3.38560729459788
1.18	3.38623627835536
1.181	3.38686542911233
1.182	3.38749474700187
1.183	3.38812423215724
1.184	3.38875388471189
1.185	3.38938370479944
1.186	3.39001369255369
1.187	3.39064384810862
1.188	3.39127417159838
1.189	3.3919046631573
1.19	3.39253532291991
1.191	3.39316615102088
1.192	3.3937971475951
1.193	3.39442831277761
1.194	3.39505964670366
1.195	3.39569114950865
1.196	3.39632282132818
1.197	3.39695466229803
1.198	3.39758667255416
1.199	3.39821885223271
1.2	3.39885120146999
1.201	3.39948372040253
1.202	3.40011640916701
1.203	3.4007492679003
1.204	3.40138229673945
1.205	3.40201549582172
1.206	3.40264886528453
1.207	3.40328240526549
1.208	3.4039161159024
1.209	3.40454999733323
1.21	3.40518404969616
1.211	3.40581827312955
1.212	3.40645266777193
1.213	3.40708723376203
1.214	3.40772197123878
1.215	3.40835688034127
1.216	3.40899196120879
1.217	3.40962721398083
1.218	3.41026263879705
1.219	3.41089823579733
1.22	3.41153400512169
1.221	3.41216994691039
1.222	3.41280606130385
1.223	3.41344234844269
1.224	3.41407880846772
1.225	3.41471544151994
1.226	3.41535224774055
1.227	3.41598922727093
1.228	3.41662638025266
1.229	3.41726370682751
1.23	3.41790120713745
1.231	3.41853888132463
1.232	3.41917672953141
1.233	3.41981475190032
1.234	3.42045294857413
1.235	3.42109131969575
1.236	3.42172986540832
1.237	3.42236858585516
1.238	3.42300748117982
1.239	3.42364655152599
1.24	3.4242857970376
1.241	3.42492521785876
1.242	3.42556481413379
1.243	3.42620458600719
1.244	3.42684453362368
1.245	3.42748465712816
1.246	3.42812495666574
1.247	3.42876543238172
1.248	3.42940608442162
1.249	3.43004691293113
1.25	3.43068791805617
1.251	3.43132909994285
1.252	3.43197045873747
1.253	3.43261199458655
1.254	3.43325370763681
1.255	3.43389559803515
1.256	3.43453766592871
1.257	3.4351799114648
1.258	3.43582233479096
1.259	3.43646493605491
1.26	3.43710771540459
1.261	3.43775067298815
1.262	3.43839380895393
1.263	3.43903712345048
1.264	3.43968061662658
1.265	3.44032428863118
1.266	3.44096813961345
1.267	3.44161216972278
1.268	3.44225637910876
1.269	3.44290076792118
1.27	3.44354533631005
1.271	3.44419008442559
1.272	3.44483501241822
1.273	3.44548012043857
1.274	3.4461254086375
1.275	3.44677087716605
1.276	3.44741652617549
1.277	3.44806235581731
1.278	3.44870836624319
1.279	3.44935455760503
1.28	3.45000093005496
1.281	3.4506474837453
1.282	3.45129421882859
1.283	3.45194113545759
1.284	3.45258823378528
1.285	3.45323551396484
1.286	3.45388297614967
1.287	3.45453062049339
1.288	3.45517844714983
1.289	3.45582645627304
1.29	3.4564746480173
1.291	3.45712302253708
1.292	3.45777157998709
1.293	3.45842032052225
1.294	3.4590692442977
1.295	3.4597183514688
1.296	3.46036764219114
1.297	3.4610171166205
1.298	3.46166677491291
1.299	3.4623166172246
1.3	3.46296664371205
1.301	3.46361685453193
1.302	3.46426724984116
1.303	3.46491782979685
1.304	3.46556859455637
1.305	3.46621954427728
1.306	3.4668706791174
1.307	3.46752199923473
1.308	3.46817350478753
1.309	3.46882519593428
1.31	3.46947707283368
1.311	3.47012913564465
1.312	3.47078138452635
1.313	3.47143381963815
1.314	3.47208644113967
1.315	3.47273924919074
1.316	3.47339224395143
1.317	3.47404542558203
1.318	3.47469879424307
1.319	3.4753523500953
1.32	3.47600609329969
1.321	3.47666002401748
1.322	3.4773141424101
1.323	3.47796844863923
1.324	3.47862294286678
1.325	3.4792776252549
1.326	3.47993249596596
1.327	3.48058755516257
1.328	3.48124280300758
1.329	3.48189823966406
1.33	3.48255386529533
1.331	3.48320968006493
1.332	3.48386568413666
1.333	3.48452187767453
1.334	3.48517826084281
1.335	3.48583483380598
1.336	3.48649159672879
1.337	3.48714854977621
1.338	3.48780569311344
1.339	3.48846302690595
1.34	3.48912055131941
1.341	3.48977826651977
1.342	3.49043617267319
1.343	3.49109426994609
1.344	3.49175255850512
1.345	3.49241103851718
1.346	3.49306971014942
1.347	3.49372857356921
1.348	3.49438762894419
1.349	3.49504687644222
1.35	3.49570631623142
1.351	3.49636594848016
1.352	3.49702577335705
1.353	3.49768579103093
1.354	3.49834600167091
1.355	3.49900640544634
1.356	3.49966700252681
1.357	3.50032779308217
1.358	3.50098877728252
1.359	3.50164995529819
1.36	3.50231132729978
1.361	3.50297289345813
1.362	3.50363465394434
1.363	3.50429660892975
1.364	3.50495875858596
1.365	3.50562110308482
1.366	3.50628364259844
1.367	3.50694637729917
1.368	3.50760930735962
1.369	3.50827243295265
1.37	3.50893575425139
1.371	3.50959927142921
1.372	3.51026298465975
1.373	3.51092689411689
1.374	3.51159099997478
1.375	3.51225530240782
1.376	3.51291980159068
1.377	3.51358449769828
1.378	3.51424939090579
1.379	3.51491448138865
1.38	3.51557976932257
1.381	3.51624525488351
1.382	3.5169109382477
1.383	3.5175768195916
1.384	3.51824289909198
1.385	3.51890917692585
1.386	3.51957565327047
1.387	3.52024232830339
1.388	3.52090920220241
1.389	3.5215762751456
1.39	3.52224354731129
1.391	3.52291101887809
1.392	3.52357869002486
1.393	3.52424656093074
1.394	3.52491463177513
1.395	3.52558290273771
1.396	3.52625137399841
1.397	3.52692004573745
1.398	3.52758891813532
1.399	3.52825799137276
1.4	3.5289272656308
1.401	3.52959674109073
1.402	3.53026641793412
1.403	3.53093629634283
1.404	3.53160637649895
1.405	3.53227665858489
1.406	3.53294714278331
1.407	3.53361782927716
1.408	3.53428871824964
1.409	3.53495980988425
1.41	3.53563110436477
1.411	3.53630260187524
1.412	3.5369743026
1.413	3.53764620672364
1.414	3.53831831443106
1.415	3.53899062590742
1.416	3.53966314133818
1.417	3.54033586090905
1.418	3.54100878480605
1.419	3.54168191321548
1.42	3.54235524632392
1.421	3.54302878431821
1.422	3.54370252738552
1.423	3.54437647571326
1.424	3.54505062948917
1.425	3.54572498890123
1.426	3.54639955413774
1.427	3.54707432538728
1.428	3.5477493028387
1.429	3.54842448668118
1.43	3.54909987710414
1.431	3.54977547429732
1.432	3.55045127845075
1.433	3.55112728975474
1.434	3.55180350839989
1.435	3.55247993457712
1.436	3.5531565684776
1.437	3.55383341029284
1.438	3.5545104602146
1.439	3.55518771843496
1.44	3.5558651851463
1.441	3.55654286054128
1.442	3.55722074481286
1.443	3.55789883815432
1.444	3.5585771407592
1.445	3.55925565282138
1.446	3.559934374535
1.447	3.56061330609453
1.448	3.56129244769473
1.449	3.56197179953065
1.45	3.56265136179766
1.451	3.56333113469144
1.452	3.56401111840794
1.453	3.56469131314343
1.454	3.56537171909451
1.455	3.56605233645805
1.456	3.56673316543124
1.457	3.56741420621157
1.458	3.56809545899686
1.459	3.56877692398522
1.46	3.56945860137505
1.461	3.57014049136511
1.462	3.57082259415441
1.463	3.57150490994233
1.464	3.57218743892851
1.465	3.57287018131293
1.466	3.57355313729589
1.467	3.57423630707797
1.468	3.5749196908601
1.469	3.57560328884351
1.47	3.57628710122974
1.471	3.57697112822065
1.472	3.57765537001843
1.473	3.57833982682556
1.474	3.57902449884486
1.475	3.57970938627947
1.476	3.58039448933284
1.477	3.58107980820875
1.478	3.58176534311128
1.479	3.58245109424486
1.48	3.58313706181423
1.481	3.58382324602444
1.482	3.58450964708089
1.483	3.58519626518929
1.484	3.58588310055567
1.485	3.5865701533864
1.486	3.58725742388817
1.487	3.587944912268
1.488	3.58863261873322
1.489	3.58932054349152
1.49	3.59000868675091
1.491	3.59069704871971
1.492	3.5913856296066
1.493	3.59207442962057
1.494	3.59276344897095
1.495	3.59345268786742
1.496	3.59414214651997
1.497	3.59483182513893
1.498	3.59552172393497
1.499	3.59621184311911
1.5	3.59690218290268
1.501	3.59759274349736
1.502	3.59828352511519
1.503	3.59897452796851
1.504	3.59966575227003
1.505	3.60035719823279
1.506	3.60104886607017
1.507	3.6017407559959
1.508	3.60243286822405
1.509	3.60312520296903
1.51	3.6038177604456
1.511	3.60451054086887
1.512	3.60520354445427
1.513	3.60589677141762
1.514	3.60659022197506
1.515	3.60728389634308
1.516	3.60797779473852
1.517	3.60867191737858
1.518	3.60936626448081
1.519	3.6100608362631
1.52	3.6107556329437
1.521	3.61145065474122
1.522	3.61214590187462
1.523	3.6128413745632
1.524	3.61353707302665
1.525	3.61423299748498
1.526	3.61492914815857
1.527	3.61562552526818
1.528	3.6163221290349
1.529	3.61701895968019
1.53	3.61771601742588
1.531	3.61841330249414
1.532	3.61911081510754
1.533	3.61980855548897
1.534	3.62050652386171
1.535	3.6212047204494
1.536	3.62190314547605
1.537	3.62260179916603
1.538	3.62330068174406
1.539	3.62399979343528
1.54	3.62469913446514
1.541	3.6253987050595
1.542	3.62609850544458
1.543	3.62679853584696
1.544	3.62749879649361
1.545	3.62819928761187
1.546	3.62890000942943
1.547	3.6296009621744
1.548	3.63030214607522
1.549	3.63100356136075
1.55	3.63170520826019
1.551	3.63240708700314
1.552	3.63310919781957
1.553	3.63381154093984
1.554	3.63451411659469
1.555	3.63521692501523
1.556	3.63591996643296
1.557	3.63662324107978
1.558	3.63732674918795
1.559	3.63803049099013
1.56	3.63873446671935
1.561	3.63943867660906
1.562	3.64014312089307
1.563	3.64084779980559
1.564	3.64155271358121
1.565	3.64225786245493
1.566	3.64296324666214
1.567	3.64366886643859
1.568	3.64437472202047
1.569	3.64508081364434
1.57	3.64578714154715
1.571	3.64649370596627
1.572	3.64720050713944
1.573	3.64790754530482
1.574	3.64861482070097
1.575	3.64932233356683
1.576	3.65003008414176
1.577	3.65073807266552
1.578	3.65144629937826
1.579	3.65215476452055
1.58	3.65286346833336
1.581	3.65357241105807
1.582	3.65428159293645
1.583	3.6549910142107
1.584	3.65570067512342
1.585	3.65641057591761
1.586	3.6571207168367
1.587	3.65783109812452
1.588	3.65854172002532
1.589	3.65925258278375
1.59	3.6599636866449
1.591	3.66067503185424
1.592	3.66138661865769
1.593	3.66209844730157
1.594	3.66281051803263
1.595	3.66352283109803
1.596	3.66423538674536
1.597	3.66494818522261
1.598	3.66566122677823
1.599	3.66637451166106
1.6	3.66708804012038
1.601	3.66780181240591
1.602	3.66851582876775
1.603	3.66923008945649
1.604	3.6699445947231
1.605	3.670659344819
1.606	3.67137433999605
1.607	3.67208958050651
1.608	3.67280506660312
1.609	3.67352079853901
1.61	3.67423677656777
1.611	3.67495300094341
1.612	3.67566947192041
1.613	3.67638618975364
1.614	3.67710315469846
1.615	3.67782036701062
1.616	3.67853782694636
1.617	3.67925553476232
1.618	3.67997349071561
1.619	3.68069169506379
1.62	3.68141014806484
1.621	3.6821288499772
1.622	3.68284780105977
1.623	3.68356700157188
1.624	3.68428645177331
1.625	3.68500615192432
1.626	3.68572610228558
1.627	3.68644630311826
1.628	3.68716675468394
1.629	3.68788745724467
1.63	3.68860841106298
1.631	3.68932961640184
1.632	3.69005107352467
1.633	3.69077278269535
1.634	3.69149474417825
1.635	3.69221695823818
1.636	3.69293942514041
1.637	3.69366214515068
1.638	3.6943851185352
1.639	3.69510834556065
1.64	3.69583182649416
1.641	3.69655556160335
1.642	3.6972795511563
1.643	3.69800379542156
1.644	3.69872829466816
1.645	3.69945304916561
1.646	3.70017805918386
1.647	3.70090332499339
1.648	3.7016288468651
1.649	3.70235462507042
1.65	3.70308065988123
1.651	3.7038069515699
1.652	3.70453350040928
1.653	3.7052603066727
1.654	3.70598737063397
1.655	3.70671469256742
1.656	3.70744227274782
1.657	3.70817011145045
1.658	3.70889820895109
1.659	3.70962656552599
1.66	3.71035518145191
1.661	3.71108405700608
1.662	3.71181319246625
1.663	3.71254258811065
1.664	3.71327224421801
1.665	3.71400216106757
1.666	3.71473233893904
1.667	3.71546277811266
1.668	3.71619347886916
1.669	3.71692444148977
1.67	3.71765566625623
1.671	3.71838715345078
1.672	3.71911890335617
1.673	3.71985091625567
1.674	3.72058319243303
1.675	3.72131573217254
1.676	3.72204853575899
1.677	3.72278160347768
1.678	3.72351493561443
1.679	3.72424853245557
1.68	3.72498239428796
1.681	3.72571652139896
1.682	3.72645091407646
1.683	3.72718557260887
1.684	3.72792049728513
1.685	3.7286556883947
1.686	3.72939114622755
1.687	3.73012687107419
1.688	3.73086286322566
1.689	3.73159912297352
1.69	3.73233565060987
1.691	3.73307244642734
1.692	3.73380951071908
1.693	3.73454684377879
1.694	3.7352844459007
1.695	3.73602231737958
1.696	3.73676045851074
1.697	3.73749886959001
1.698	3.7382375509138
1.699	3.73897650277902
1.7	3.73971572548316
1.701	3.74045521932424
1.702	3.74119498460081
1.703	3.74193502161201
1.704	3.74267533065748
1.705	3.74341591203746
1.706	3.7441567660527
1.707	3.74489789300453
1.708	3.74563929319483
1.709	3.74638096692604
1.71	3.74712291450115
1.711	3.74786513622371
1.712	3.74860763239784
1.713	3.74935040332821
1.714	3.75009344932007
1.715	3.75083677067922
1.716	3.75158036771204
1.717	3.75232424072547
1.718	3.75306839002703
1.719	3.75381281592479
1.72	3.75455751872742
1.721	3.75530249874415
1.722	3.75604775628478
1.723	3.7567932916597
1.724	3.75753910517987
1.725	3.75828519715685
1.726	3.75903156790275
1.727	3.75977821773029
1.728	3.76052514695276
1.729	3.76127235588404
1.73	3.76201984483861
1.731	3.76276761413152
1.732	3.76351566407843
1.733	3.76426399499558
1.734	3.7650126071998
1.735	3.76576150100854
1.736	3.76651067673982
1.737	3.76726013471227
1.738	3.76800987524513
1.739	3.76875989865824
1.74	3.76951020527201
1.741	3.77026079540751
1.742	3.77101166938638
1.743	3.77176282753088
1.744	3.77251427016387
1.745	3.77326599760885
1.746	3.77401801018989
1.747	3.77477030823172
1.748	3.77552289205965
1.749	3.77627576199964
1.75	3.77702891837825
1.751	3.77778236152266
1.752	3.77853609176068
1.753	3.77929010942075
1.754	3.78004441483192
1.755	3.7807990083239
1.756	3.78155389022699
1.757	3.78230906087216
1.758	3.78306452059098
1.759	3.78382026971567
1.76	3.7845763085791
1.761	3.78533263751475
1.762	3.78608925685677
1.763	3.78684616693992
1.764	3.78760336809964
1.765	3.78836086067199
1.766	3.78911864499368
1.767	3.78987672140207
1.768	3.79063509023519
1.769	3.79139375183169
1.77	3.79215270653089
1.771	3.79291195467278
1.772	3.79367149659798
1.773	3.79443133264779
1.774	3.79519146316416
1.775	3.79595188848972
1.776	3.79671260896774
1.777	3.79747362494218
1.778	3.79823493675765
1.779	3.79899654475944
1.78	3.79975844929351
1.781	3.80052065070649
1.782	3.80128314934571
1.783	3.80204594555914
1.784	3.80280903969545
1.785	3.803572432104
1.786	3.80433612313481
1.787	3.8051001131386
1.788	3.80586440246678
1.789	3.80662899147144
1.79	3.80739388050537
1.791	3.80815906992205
1.792	3.80892456007563
1.793	3.809690351321
1.794	3.81045644401372
1.795	3.81122283851006
1.796	3.81198953516698
1.797	3.81275653434216
1.798	3.81352383639399
1.799	3.81429144168154
1.8	3.81505935056462
1.801	3.81582756340374
1.802	3.81659608056012
1.803	3.81736490239571
1.804	3.81813402927315
1.805	3.81890346155583
1.806	3.81967319960786
1.807	3.82044324379404
1.808	3.82121359447995
1.809	3.82198425203184
1.81	3.82275521681674
1.811	3.82352648920238
1.812	3.82429806955724
1.813	3.82506995825053
1.814	3.8258421556522
1.815	3.82661466213294
1.816	3.82738747806419
1.817	3.82816060381811
1.818	3.82893403976763
1.819	3.82970778628643
1.82	3.83048184374893
1.821	3.83125621253031
1.822	3.83203089300649
1.823	3.83280588555416
1.824	3.83358119055078
1.825	3.83435680837455
1.826	3.83513273940444
1.827	3.8359089840202
1.828	3.83668554260233
1.829	3.83746241553211
1.83	3.83823960319158
1.831	3.83901710596357
1.832	3.83979492423168
1.833	3.8405730583803
1.834	3.84135150879457
1.835	3.84213027586044
1.836	3.84290935996465
1.837	3.84368876149471
1.838	3.84446848083893
1.839	3.8452485183864
1.84	3.84602887452703
1.841	3.8468095496515
1.842	3.8475905441513
1.843	3.84837185841873
1.844	3.84915349284688
1.845	3.84993544782965
1.846	3.85071772376175
1.847	3.8515003210387
1.848	3.85228324005684
1.849	3.85306648121332
1.85	3.8538500449061
1.851	3.85463393153396
1.852	3.85541814149653
1.853	3.85620267519422
1.854	3.85698753302831
1.855	3.85777271540089
1.856	3.85855822271487
1.857	3.85934405537402
1.858	3.86013021378292
1.859	3.86091669834702
1.86	3.86170350947259
1.861	3.86249064756674
1.862	3.86327811303745
1.863	3.86406590629352
1.864	3.86485402774463
1.865	3.8656424778013
1.866	3.8664312568749
1.867	3.86722036537767
1.868	3.8680098037227
1.869	3.86879957232396
1.87	3.86958967159629
1.871	3.87038010195536
1.872	3.87117086381776
1.873	3.87196195760093
1.874	3.87275338372319
1.875	3.87354514260373
1.876	3.87433723466265
1.877	3.8751296603209
1.878	3.87592242000035
1.879	3.87671551412373
1.88	3.87750894311468
1.881	3.87830270739773
1.882	3.87909680739832
1.883	3.87989124354276
1.884	3.8806860162583
1.885	3.88148112597307
1.886	3.88227657311611
1.887	3.88307235811739
1.888	3.88386848140778
1.889	3.88466494341907
1.89	3.88546174458396
1.891	3.88625888533608
1.892	3.88705636610999
1.893	3.88785418734118
1.894	3.88865234946604
1.895	3.88945085292193
1.896	3.89024969814714
1.897	3.89104888558087
1.898	3.8918484156633
1.899	3.89264828883553
1.9	3.89344850553961
1.901	3.89424906621855
1.902	3.8950499713163
1.903	3.89585122127778
1.904	3.89665281654885
1.905	3.89745475757635
1.906	3.89825704480808
1.907	3.89905967869281
1.908	3.89986265968026
1.909	3.90066598822114
1.91	3.90146966476715
1.911	3.90227368977094
1.912	3.90307806368616
1.913	3.90388278696744
1.914	3.90468786007041
1.915	3.90549328345166
1.916	3.90629905756881
1.917	3.90710518288046
1.918	3.9079116598462
1.919	3.90871848892666
1.92	3.90952567058343
1.921	3.91033320527914
1.922	3.91114109347742
1.923	3.91194933564292
1.924	3.91275793224132
1.925	3.9135668837393
1.926	3.91437619060457
1.927	3.91518585330589
1.928	3.91599587231302
1.929	3.91680624809678
1.93	3.91761698112901
1.931	3.9184280718826
1.932	3.91923952083149
1.933	3.92005132845065
1.934	3.92086349521611
1.935	3.92167602160497
1.936	3.92248890809535
1.937	3.92330215516648
1.938	3.9241157632986
1.939	3.92492973297305
1.94	3.92574406467224
1.941	3.92655875887964
1.942	3.92737381607981
1.943	3.92818923675838
1.944	3.92900502140208
1.945	3.9298211704987
1.946	3.93063768453715
1.947	3.93145456400741
1.948	3.93227180940057
1.949	3.93308942120882
1.95	3.93390739992546
1.951	3.93472574604488
1.952	3.9355444600626
1.953	3.93636354247524
1.954	3.93718299378055
1.955	3.93800281447741
1.956	3.93882300506579
1.957	3.93964356604682
1.958	3.94046449792276
1.959	3.941285801197
1.96	3.94210747637406
1.961	3.94292952395963
1.962	3.94375194446051
1.963	3.94457473838469
1.964	3.94539790624128
1.965	3.94622144854058
1.966	3.94704536579402
1.967	3.94786965851422
1.968	3.94869432721495
1.969	3.94951937241117
1.97	3.95034479461901
1.971	3.95117059435577
1.972	3.95199677213996
1.973	3.95282332849124
1.974	3.95365026393049
1.975	3.95447757897979
1.976	3.95530527416239
1.977	3.95613335000278
1.978	3.95696180702662
1.979	3.95779064576081
1.98	3.95861986673345
1.981	3.95944947047387
1.982	3.9602794575126
1.983	3.96110982838143
1.984	3.96194058361335
1.985	3.96277172374261
1.986	3.96360324930468
1.987	3.96443516083628
1.988	3.96526745887538
1.989	3.96610014396119
1.99	3.96693321663419
1.991	3.9677666774361
1.992	3.96860052690993
1.993	3.96943476559993
1.994	3.97026939405163
1.995	3.97110441281185
1.996	3.97193982242868
1.997	3.97277562345148
1.998	3.97361181643091
1.999	3.97444840191893
2	3.97528538046879
2.001	3.97612275263504
2.002	3.97696051897354
2.003	3.97779868004144
2.004	3.97863723639723
2.005	3.97947618860071
2.006	3.98031553721299
2.007	3.98115528279652
2.008	3.98199542591508
2.009	3.98283596713379
2.01	3.98367690701909
2.011	3.98451824613878
2.012	3.98535998506202
2.013	3.98620212435931
2.014	3.9870446646025
2.015	3.98788760636481
2.016	3.98873095022083
2.017	3.98957469674653
2.018	3.99041884651924
2.019	3.99126340011768
2.02	3.99210835812195
2.021	3.99295372111355
2.022	3.99379948967536
2.023	3.99464566439168
2.024	3.99549224584819
2.025	3.996339234632
2.026	3.99718663133162
2.027	3.99803443653698
2.028	3.99888265083945
2.029	3.99973127483181
2.03	4.00058030910828
2.031	4.0014297542645
2.032	4.00227961089759
2.033	4.00312987960609
2.034	4.00398056098999
2.035	4.00483165565075
2.036	4.0056831641913
2.037	4.00653508721601
2.038	4.00738742533075
2.039	4.00824017914285
2.04	4.00909334926113
2.041	4.0099469362959
2.042	4.01080094085895
2.043	4.01165536356358
2.044	4.01251020502459
2.045	4.01336546585829
2.046	4.0142211466825
2.047	4.01507724811656
2.048	4.01593377078132
2.049	4.01679071529919
2.05	4.01764808229408
2.051	4.01850587239147
2.052	4.01936408621835
2.053	4.02022272440331
2.054	4.02108178757644
2.055	4.02194127636942
2.056	4.02280119141551
2.057	4.0236615333495
2.058	4.02452230280781
2.059	4.02538350042839
2.06	4.02624512685082
2.061	4.02710718271625
2.062	4.02796966866744
2.063	4.02883258534875
2.064	4.02969593340615
2.065	4.03055971348723
2.066	4.0314239262412
2.067	4.03228857231889
2.068	4.03315365237279
2.069	4.034019167057
2.07	4.03488511702727
2.071	4.03575150294101
2.072	4.03661832545728
2.073	4.03748558523681
2.074	4.03835328294199
2.075	4.03922141923688
2.076	4.04008999478724
2.077	4.04095901026049
2.078	4.04182846632576
2.079	4.04269836365388
2.08	4.04356870291736
2.081	4.04443948479045
2.082	4.04531070994909
2.083	4.04618237907098
2.084	4.04705449283549
2.085	4.04792705192378
2.086	4.04880005701873
2.087	4.04967350880495
2.088	4.05054740796884
2.089	4.05142175519852
2.09	4.0522965511839
2.091	4.05317179661667
2.092	4.05404749219026
2.093	4.05492363859994
2.094	4.05580023654273
2.095	4.05667728671745
2.096	4.05755478982474
2.097	4.05843274656706
2.098	4.05931115764865
2.099	4.06019002377562
2.1	4.06106934565587
2.101	4.06194912399917
2.102	4.06282935951711
2.103	4.06371005292315
2.104	4.06459120493259
2.105	4.0654728162626
2.106	4.06635488763223
2.107	4.0672374197624
2.108	4.06812041337592
2.109	4.06900386919748
2.11	4.06988778795369
2.111	4.07077217037304
2.112	4.07165701718595
2.113	4.07254232912475
2.114	4.07342810692372
2.115	4.07431435131904
2.116	4.07520106304885
2.117	4.07608824285323
2.118	4.07697589147423
2.119	4.07786400965585
2.12	4.07875259814407
2.121	4.07964165768683
2.122	4.08053118903407
2.123	4.08142119293771
2.124	4.08231167015169
2.125	4.08320262143193
2.126	4.08409404753639
2.127	4.08498594922503
2.128	4.08587832725986
2.129	4.0867711824049
2.13	4.08766451542624
2.131	4.08855832709202
2.132	4.08945261817242
2.133	4.0903473894397
2.134	4.09124264166821
2.135	4.09213837563436
2.136	4.09303459211667
2.137	4.09393129189574
2.138	4.09482847575429
2.139	4.09572614447715
2.14	4.09662429885128
2.141	4.09752293966576
2.142	4.09842206771182
2.143	4.09932168378284
2.144	4.10022178867433
2.145	4.101122383184
2.146	4.1020234681117
2.147	4.10292504425948
2.148	4.10382711243157
2.149	4.1047296734344
2.15	4.10563272807661
2.151	4.10653627716905
2.152	4.10744032152478
2.153	4.1083448619591
2.154	4.10924989928956
2.155	4.11015543433595
2.156	4.11106146792031
2.157	4.11196800086695
2.158	4.11287503400246
2.159	4.1137825681557
2.16	4.11469060415784
2.161	4.11559914284233
2.162	4.11650818504495
2.163	4.11741773160378
2.164	4.11832778335924
2.165	4.11923834115408
2.166	4.1201494058334
2.167	4.12106097824465
2.168	4.12197305923765
2.169	4.12288564966459
2.17	4.12379875038004
2.171	4.12471236224096
2.172	4.12562648610673
2.173	4.12654112283912
2.174	4.12745627330233
2.175	4.12837193836298
2.176	4.12928811889014
2.177	4.13020481575532
2.178	4.1311220298325
2.179	4.13203976199812
2.18	4.1329580131311
2.181	4.13387678411284
2.182	4.13479607582726
2.183	4.13571588916076
2.184	4.13663622500229
2.185	4.13755708424328
2.186	4.13847846777776
2.187	4.13940037650224
2.188	4.14032281131585
2.189	4.14124577312025
2.19	4.14216926281968
2.191	4.143093281321
2.192	4.14401782953363
2.193	4.14494290836962
2.194	4.14586851874364
2.195	4.14679466157299
2.196	4.14772133777761
2.197	4.14864854828008
2.198	4.14957629400568
2.199	4.15050457588231
2.2	4.15143339484061
2.201	4.15236275181386
2.202	4.15329264773809
2.203	4.15422308355204
2.204	4.15515406019715
2.205	4.15608557861762
2.206	4.15701763976042
2.207	4.15795024457524
2.208	4.15888339401458
2.209	4.1598170890337
2.21	4.16075133059066
2.211	4.16168611964634
2.212	4.16262145716443
2.213	4.16355734411145
2.214	4.16449378145676
2.215	4.16543077017258
2.216	4.166368311234
2.217	4.16730640561896
2.218	4.16824505430833
2.219	4.16918425828585
2.22	4.17012401853819
2.221	4.17106433605493
2.222	4.17200521182861
2.223	4.17294664685469
2.224	4.17388864213162
2.225	4.17483119866081
2.226	4.17577431744667
2.227	4.17671799949658
2.228	4.17766224582096
2.229	4.17860705743324
2.23	4.17955243534991
2.231	4.18049838059048
2.232	4.18144489417753
2.233	4.18239197713674
2.234	4.18333963049683
2.235	4.18428785528968
2.236	4.18523665255024
2.237	4.18618602331662
2.238	4.18713596863004
2.239	4.18808648953489
2.24	4.18903758707873
2.241	4.18998926231231
2.242	4.19094151628955
2.243	4.19189435006759
2.244	4.19284776470682
2.245	4.19380176127081
2.246	4.19475634082643
2.247	4.19571150444379
2.248	4.19666725319629
2.249	4.19762358816059
2.25	4.19858051041671
2.251	4.19953802104794
2.252	4.20049612114093
2.253	4.20145481178568
2.254	4.20241409407554
2.255	4.20337396910725
2.256	4.20433443798093
2.257	4.20529550180013
2.258	4.20625716167179
2.259	4.20721941870631
2.26	4.20818227401754
2.261	4.2091457287228
2.262	4.21010978394287
2.263	4.21107444080204
2.264	4.21203970042813
2.265	4.21300556395247
2.266	4.21397203250992
2.267	4.21493910723894
2.268	4.21590678928151
2.269	4.21687507978326
2.27	4.21784397989338
2.271	4.2188134907647
2.272	4.21978361355369
2.273	4.22075434942047
2.274	4.22172569952883
2.275	4.22269766504625
2.276	4.22367024714391
2.277	4.2246434469967
2.278	4.22561726578328
2.279	4.22659170468601
2.28	4.22756676489107
2.281	4.2285424475884
2.282	4.22951875397175
2.283	4.23049568523868
2.284	4.2314732425906
2.285	4.23245142723277
2.286	4.23343024037433
2.287	4.23440968322829
2.288	4.23538975701159
2.289	4.23637046294508
2.29	4.23735180225355
2.291	4.23833377616576
2.292	4.23931638591444
2.293	4.24029963273633
2.294	4.24128351787218
2.295	4.24226804256674
2.296	4.24325320806886
2.297	4.24423901563144
2.298	4.24522546651146
2.299	4.24621256197001
2.3	4.24720030327231
2.301	4.24818869168772
2.302	4.24917772848977
2.303	4.25016741495618
2.304	4.25115775236884
2.305	4.2521487420139
2.306	4.25314038518172
2.307	4.25413268316694
2.308	4.25512563726847
2.309	4.25611924878953
2.31	4.25711351903766
2.311	4.25810844932471
2.312	4.25910404096693
2.313	4.26010029528494
2.314	4.26109721360374
2.315	4.26209479725277
2.316	4.26309304756592
2.317	4.26409196588151
2.318	4.26509155354239
2.319	4.26609181189588
2.32	4.26709274229384
2.321	4.26809434609267
2.322	4.26909662465334
2.323	4.27009957934142
2.324	4.27110321152709
2.325	4.27210752258515
2.326	4.27311251389506
2.327	4.27411818684099
2.328	4.27512454281176
2.329	4.27613158320095
2.33	4.27713930940687
2.331	4.27814772283259
2.332	4.279156824886
2.333	4.28016661697976
2.334	4.28117710053142
2.335	4.28218827696334
2.336	4.2832001477028
2.337	4.28421271418195
2.338	4.28522597783792
2.339	4.28623994011274
2.34	4.28725460245346
2.341	4.28826996631211
2.342	4.28928603314576
2.343	4.29030280441651
2.344	4.29132028159156
2.345	4.2923384661432
2.346	4.29335735954883
2.347	4.29437696329104
2.348	4.29539727885755
2.349	4.2964183077413
2.35	4.29744005144047
2.351	4.29846251145847
2.352	4.29948568930399
2.353	4.30050958649104
2.354	4.30153420453893
2.355	4.30255954497236
2.356	4.30358560932139
2.357	4.3046123991215
2.358	4.3056399159136
2.359	4.30666816124406
2.36	4.30769713666475
2.361	4.30872684373304
2.362	4.30975728401186
2.363	4.31078845906971
2.364	4.31182037048069
2.365	4.31285301982453
2.366	4.31388640868661
2.367	4.31492053865799
2.368	4.31595541133546
2.369	4.31699102832154
2.37	4.31802739122452
2.371	4.31906450165851
2.372	4.32010236124343
2.373	4.32114097160505
2.374	4.32218033437506
2.375	4.32322045119105
2.376	4.32426132369655
2.377	4.32530295354109
2.378	4.32634534238019
2.379	4.32738849187543
2.38	4.32843240369445
2.381	4.32947707951099
2.382	4.33052252100492
2.383	4.3315687298623
2.384	4.33261570777536
2.385	4.33366345644257
2.386	4.33471197756866
2.387	4.33576127286465
2.388	4.33681134404789
2.389	4.33786219284209
2.39	4.33891382097735
2.391	4.33996623019019
2.392	4.34101942222359
2.393	4.34207339882704
2.394	4.34312816175653
2.395	4.34418371277462
2.396	4.34524005365047
2.397	4.34629718615986
2.398	4.34735511208525
2.399	4.34841383321578
2.4	4.34947335134733
2.401	4.35053366828255
2.402	4.35159478583091
2.403	4.3526567058087
2.404	4.3537194300391
2.405	4.3547829603522
2.406	4.35584729858504
2.407	4.35691244658166
2.408	4.35797840619312
2.409	4.35904517927752
2.41	4.3601127677001
2.411	4.36118117333321
2.412	4.36225039805639
2.413	4.36332044375639
2.414	4.36439131232722
2.415	4.36546300567018
2.416	4.3665355256939
2.417	4.36760887431439
2.418	4.36868305345508
2.419	4.36975806504682
2.42	4.370833911028
2.421	4.3719105933445
2.422	4.37298811394981
2.423	4.37406647480501
2.424	4.37514567787886
2.425	4.3762257251478
2.426	4.37730661859604
2.427	4.37838836021553
2.428	4.37947095200611
2.429	4.38055439597542
2.43	4.38163869413908
2.431	4.38272384852062
2.432	4.3838098611516
2.433	4.38489673407162
2.434	4.38598446932836
2.435	4.38707306897765
2.436	4.38816253508349
2.437	4.38925286971812
2.438	4.39034407496204
2.439	4.39143615290409
2.44	4.39252910564145
2.441	4.39362293527972
2.442	4.39471764393299
2.443	4.39581323372381
2.444	4.39690970678331
2.445	4.39800706525124
2.446	4.39910531127599
2.447	4.40020444701463
2.448	4.40130447463301
2.449	4.40240539630578
2.45	4.40350721421644
2.451	4.40460993055737
2.452	4.40571354752993
2.453	4.40681806734447
2.454	4.40792349222041
2.455	4.40902982438626
2.456	4.4101370660797
2.457	4.41124521954763
2.458	4.4123542870462
2.459	4.41346427084089
2.46	4.41457517320656
2.461	4.41568699642748
2.462	4.41679974279743
2.463	4.4179134146197
2.464	4.41902801420719
2.465	4.42014354388245
2.466	4.42126000597774
2.467	4.42237740283506
2.468	4.42349573680626
2.469	4.42461501025306
2.47	4.4257352255471
2.471	4.42685638507004
2.472	4.42797849121358
2.473	4.42910154637953
2.474	4.43022555297989
2.475	4.43135051343688
2.476	4.43247643018302
2.477	4.43360330566119
2.478	4.43473114232469
2.479	4.43585994263729
2.48	4.4369897090733
2.481	4.43812044411767
2.482	4.43925215026597
2.483	4.44038483002456
2.484	4.44151848591055
2.485	4.44265312045195
2.486	4.44378873618768
2.487	4.44492533566766
2.488	4.44606292145289
2.489	4.44720149611548
2.49	4.44834106223875
2.491	4.44948162241728
2.492	4.450623179257
2.493	4.45176573537524
2.494	4.45290929340079
2.495	4.45405385597401
2.496	4.45519942574686
2.497	4.45634600538299
2.498	4.45749359755783
2.499	4.45864220495862
2.5	4.45979183028452
