% K_lin=8.333100  p_cw=[-3.862900 39.921500 -80.250500]  p_ccw=[3.553400 1.935700 -22.689000]
Time[s]              Vcmd[V]              Vc[V]                Vg[V]                Pot[V]               Omega[rad/s]
        0.0004946000         0.0000776916         2.5000000000         1.3378393285         1.2094417220        -0.0339085354
        0.0054096000         0.0008497379         2.5000000000         1.3378393285         1.2094417220        -0.0339085354
        0.0104017000         0.0016338945         2.5000000000         1.3352870017         1.2094417220        -0.1003958596
        0.0153899000         0.0024174375         2.5000000000         1.3378393285         1.2094417220        -0.0339085354
        0.0204990000         0.0032199698         2.5000000000         1.3327346748         1.2017860896        -0.1668831838
        0.0253958000         0.0039891524         2.5000000000         1.3403916554         1.2094417220         0.0325787889
        0.0304663000         0.0047856169         2.5000000000         1.3378393285         1.2094417220        -0.0339085354
        0.0354789000         0.0055729837         2.5000000000         1.3429439823         1.2145454769         0.0990661131
        0.0404469000         0.0063533415         2.5000000000         1.3659149240         1.2094417220         0.6974520311
        0.0453915000         0.0071300197         2.5000000000         1.3352870017         1.2094417220        -0.1003958596
        0.0504803000         0.0079293439         2.5000000000         1.3327346748         1.2017860896        -0.1668831838
        0.0553905000         0.0087006096         2.5000000000         1.3378393285         1.2094417220        -0.0339085354
        0.0604163000         0.0094900278         2.5000000000         1.3429439823         1.2145454769         0.0990661131
        0.0653796000         0.0102696230         2.5000000000         1.3352870017         1.2094417220        -0.1003958596
        0.0703945000         0.0110573169         2.5000000000         1.3378393285         1.2068898445        -0.0339085354
        0.0754466000         0.0118508468         2.5000000000         1.3327346748         1.2043379670        -0.1668831838
        0.0804142000         0.0126310971         2.5000000000         1.3352870017         1.2094417220        -0.1003958596
        0.0853893000         0.0134125177         2.5000000000         1.3378393285         1.2094417220        -0.0339085354
        0.0905397000         0.0142214634         2.5000000000         1.3403916554         1.2094417220         0.0325787889
        0.0954056000         0.0149857157         2.5000000000         1.3352870017         1.2094417220        -0.1003958596
        0.1004049000         0.0157709110         2.5000000000         1.3454963091         1.2145454769         0.1655534373
        0.1054607000         0.0165649704         2.5000000000         1.3378393285         1.2094417220        -0.0339085354
        0.1105482000         0.0173639980         2.5000000000         1.3301823480         1.2043379670        -0.2333705080
        0.1153911000         0.0181245991         2.5000000000         1.3352870017         1.2094417220        -0.1003958596
        0.1209156000         0.0189922361         2.5000000000         1.3352870017         1.2094417220        -0.1003958596
        0.1254627000         0.0197063591         2.5000000000         1.3378393285         1.2094417220        -0.0339085354
        0.1304351000         0.0204872641         2.5000000000         1.3454963091         1.2145454769         0.1655534373
        0.1353821000         0.0212641677         2.5000000000         1.3301823480         1.2043379670        -0.2333705080
        0.1409266000         0.0221348907         2.5000000000         1.3454963091         1.2170973543         0.1655534373
        0.1454344000         0.0228427951         2.5000000000         1.3429439823         1.2170973543         0.0990661131
        0.1504713000         0.0236337759         2.5000000000         1.3454963091         1.2145454769         0.1655534373
        0.1553884000         0.0244059292         2.5000000000         1.3352870017         1.2094417220        -0.1003958596
        0.1604890000         0.0252068831         2.5000000000         1.3735719045         1.2170973543         0.8969140038
        0.1654210000         0.0259813460         2.5000000000         1.3352870017         1.2119935994        -0.1003958596
        0.1704414000         0.0267696742         2.5000000000         1.3327346748         1.2043379670        -0.1668831838
        0.1753951000         0.0275475125         2.5000000000         1.3454963091         1.2145454769         0.1655534373
        0.1803880000         0.0283314893         2.5000000000         1.3276300211         1.2043379670        -0.2998578323
        0.1853897000         0.0291168303         2.5000000000         1.3454963091         1.2145454769         0.1655534373
        0.1903815000         0.0299005989         2.5000000000         1.3352870017         1.2094417220        -0.1003958596
        0.1953921000         0.0306873008         2.5000000000         1.3429439823         1.2145454769         0.0990661131
        0.2004259000         0.0314776262         2.5000000000         1.3659149240         1.2094417220         0.6974520311
        0.2054496000         0.0322663462         2.5000000000         1.3454963091         1.2145454769         0.1655534373
        0.2103908000         0.0330420942         2.5000000000         1.3352870017         1.2068898445        -0.1003958596
        0.2153909000         0.0338270689         2.5000000000         1.3429439823         1.2145454769         0.0990661131
        0.2204161000         0.0346159631         2.5000000000         1.3301823480         1.2017860896        -0.2333705080
        0.2253910000         0.0353969396         2.5000000000         1.3454963091         1.2094417220         0.1655534373
        0.2304252000         0.0361872032         2.5000000000         1.3454963091         1.2170973543         0.1655534373
        0.2354588000         0.0369773500         2.5000000000         1.3301823480         1.2017860896        -0.2333705080
        0.2404187000         0.0377559051         2.5000000000         1.3429439823         1.2170973543         0.0990661131
        0.2453902000         0.0385362581         2.5000000000         1.3378393285         1.2068898445        -0.0339085354
        0.2503822000         0.0393198052         2.5000000000         1.3327346748         1.2043379670        -0.1668831838
        0.2553903000         0.0401058552         2.5000000000         1.3429439823         1.2145454769         0.0990661131
        0.2604277000         0.0408964788         2.5000000000         1.3429439823         1.2170973543         0.0990661131
        0.2653898000         0.0416752591         2.5000000000         1.3327346748         1.2017860896        -0.1668831838
        0.2703998000         0.0424615313         2.5000000000         1.3454963091         1.2145454769         0.1655534373
        0.2753898000         0.0432446386         2.5000000000         1.3378393285         1.2094417220        -0.0339085354
        0.2804535000         0.0440392849         2.5000000000         1.3429439823         1.2145454769         0.0990661131
        0.2853896000         0.0448138801         2.5000000000         1.3301823480         1.2043379670        -0.2333705080
        0.2904181000         0.0456029475         2.5000000000         1.3429439823         1.2119935994         0.0990661131
        0.2953906000         0.0463831993         2.5000000000         1.3301823480         1.2017860896        -0.2333705080
        0.3004168000         0.0471718487         2.5000000000         1.3454963091         1.2145454769         0.1655534373
        0.3054246000         0.0479575818         2.5000000000         1.3352870017         1.2017860896        -0.1003958596
        0.3103812000         0.0487352522         2.5000000000         1.3378393285         1.2119935994        -0.0339085354
        0.3153820000         0.0495198275         2.5000000000         1.3429439823         1.2170973543         0.0990661131
        0.3203813000         0.0503041369         2.5000000000         1.3378393285         1.2094417220        -0.0339085354
        0.3254314000         0.0510963845         2.5000000000         1.3403916554         1.2094417220         0.0325787889
        0.3304163000         0.0518783722         2.5000000000         1.3429439823         1.2145454769         0.0990661131
        0.3353882000         0.0526582889         2.5000000000         1.3378393285         1.2094417220        -0.0339085354
        0.3404154000         0.0534468475         2.5000000000         1.3301823480         1.2043379670        -0.2333705080
        0.3454428000         0.0542354042         2.5000000000         1.3301823480         1.2043379670        -0.2333705080
        0.3504242000         0.0550167123         2.5000000000         1.3429439823         1.2145454769         0.0990661131
        0.3554341000         0.0558024565         2.5000000000         1.3352870017         1.2094417220        -0.1003958596
        0.3604199000         0.0565843867         2.5000000000         1.3301823480         1.2017860896        -0.2333705080
        0.3653992000         0.0573652628         2.5000000000         1.3352870017         1.2068898445        -0.1003958596
        0.3703878000         0.0581475621         2.5000000000         1.3378393285         1.2094417220        -0.0339085354
        0.3754355000         0.0589390930         2.5000000000         1.3327346748         1.2017860896        -0.1668831838
        0.3804359000         0.0597231703         2.5000000000         1.3301823480         1.2043379670        -0.2333705080
        0.3854233000         0.0605051725         2.7598592757         1.3327346748         1.2043379670        -0.1668831838
        0.3904185000         0.0612883604         2.7602101938         1.3352870017         1.2094417220        -0.1003958596
        0.3954519000         0.0620774994         2.7605638302         1.3403916554         1.2094417220         0.0325787889
        0.4004188000         0.0628561745         2.7609128283         1.3327346748         1.2017860896        -0.1668831838
        0.4054225000         0.0636405802         2.7612644459         1.3454963091         1.2145454769         0.1655534373
        0.4104218000         0.0644242568         2.7616157881         1.3454963091         1.2170973543         0.1655534373
        0.4153969000         0.0652041005         2.7619654629         1.3301823480         1.2017860896        -0.2333705080
        0.4203815000         0.0659853933         2.7623158384         1.3352870017         1.2068898445        -0.1003958596
        0.4253922000         0.0667707364         2.7626680817         1.3352870017         1.2094417220        -0.1003958596
        0.4303875000         0.0675536245         2.7630192753         1.3608102703         1.2094417220         0.5644773827
        0.4353929000         0.0683380539         2.7633712117         1.3812288851         1.2068898445         1.0963759765
        0.4403906000         0.0691212344         2.7637226392         1.3786765582         1.2196492318         1.0298886523
        0.4453920000         0.0699049521         2.7640743592         1.3633625971         1.2119935994         0.6309647069
        0.4504246000         0.0706935152         2.7644283057         1.3684672508         1.2273048642         0.7639393554
        0.4554055000         0.0714739340         2.7647786480         1.3735719045         1.2247529867         0.8969140038
        0.4604036000         0.0722570037         2.7651302316         1.3684672508         1.2247529867         0.7639393554
        0.4655128000         0.0730574337         2.7654896630         1.3735719045         1.2273048642         0.8969140038
        0.4704241000         0.0738268155         2.7658352029         1.3761242314         1.2273048642         0.9634013280
        0.4754003000         0.0746063195         2.7661853395         1.3761242314         1.2400642515         0.9634013280
        0.4803926000         0.0753882996         2.7665366396         1.3761242314         1.2400642515         0.9634013280
        0.4854055000         0.0761734599         2.7668894201         1.3761242314         1.2477198838         0.9634013280
        0.4904257000         0.0769597161         2.7672427451         1.3608102703         1.2451680064         0.5644773827
        0.4953948000         0.0777379221         2.7675925036         1.3659149240         1.2528236388         0.6974520311
        0.5004170000         0.0785243958         2.7679460299         1.3735719045         1.2502717613         0.8969140038
        0.5054037000         0.0793052620         2.7682970870         1.3735719045         1.2553755162         0.8969140038
        0.5103897000         0.0800859698         2.7686481243         1.3684672508         1.2579273937         0.7639393554
        0.5154721000         0.0808817215         2.7690059788         1.3837812120         1.2706867810         1.1628633007
        0.5204182000         0.0816560831         2.7693542654         1.3684672508         1.2655830261         0.7639393554
        0.5254161000         0.0824385044         2.7697062283         1.3761242314         1.2681349035         0.9634013280
        0.5304158000         0.0832211568         2.7700583469         1.3710195777         1.2706867810         0.8304266796
        0.5354690000         0.0840121318         2.7704142624         1.3684672508         1.2681349035         0.7639393554
        0.5404523000         0.0847921136         2.7707652831         1.3659149240         1.2706867810         0.6974520311
        0.5454326000         0.0855715739         2.7711161205         1.3735719045         1.2808942908         0.8969140038
        0.5504330000         0.0863541274         2.7714684017         1.3812288851         1.2911018006         1.0963759765
        0.5554928000         0.0871459226         2.7718248961         1.3684672508         1.2911018006         0.7639393554
        0.5604577000         0.0879228137         2.7721747316         1.3812288851         1.3013093105         1.0963759765
        0.5654538000         0.0887045328         2.7725267928         1.3659149240         1.2911018006         0.6974520311
        0.5704046000         0.0894791102         2.7728756887         1.3761242314         1.3013093105         0.9634013280
        0.5754063000         0.0902615962         2.7732281985         1.3761242314         1.3089649429         0.9634013280
        0.5804042000         0.0910434320         2.7735804672         1.3710195777         1.3115168203         0.8304266796
        0.5853913000         0.0918235224         2.7739320012         1.3812288851         1.3166205752         1.0963759765
        0.5903898000         0.0926053395         2.7742843651         1.3684672508         1.3089649429         0.7639393554
        0.5954143000         0.0933911657         2.7746385882         1.3659149240         1.3115168203         0.6974520311
        0.6004021000         0.0941711945         2.7749902499         1.3812288851         1.3293799625         1.0963759765
        0.6053953000         0.0949520100         2.7753423180         1.3684672508         1.3217243302         0.7639393554
        0.6103941000         0.0957336426         2.7756948065         1.3786765582         1.3319318400         1.0298886523
        0.6154040000         0.0965169516         2.7760481031         1.3761242314         1.3319318400         0.9634013280
        0.6203914000         0.0972966834         2.7763998381         1.3735719045         1.3319318400         0.8969140038
        0.6254210000         0.0980829522         2.7767545743         1.3837812120         1.3472431047         1.1628633007
        0.6304286000         0.0988657210         2.7771077838         1.3786765582         1.3446912273         1.0298886523
        0.6354609000         0.0996522892         2.7774627603         1.3812288851         1.3497949822         1.0963759765
        0.6404292000         0.1004287928         2.7778132463         1.3812288851         1.3574506146         1.0963759765
        0.6454061000         0.1012065792         2.7781643630         1.3837812120         1.3600024920         1.1628633007
        0.6504642000         0.1019969922         2.7785212324         1.3735719045         1.3600024920         0.8969140038
        0.6554435000         0.1027750284         2.7788725660         1.3888858657         1.3753137568         1.2958379492
        0.6603904000         0.1035479397         2.7792216364         1.3837812120         1.3727618793         1.1628633007
        0.6654726000         0.1043419254         2.7795802779         1.3786765582         1.3702100019         1.0298886523
        0.6704173000         0.1051143658         2.7799292390         1.3837812120         1.3778656343         1.1628633007
        0.6754020000         0.1058929906         2.7802810458         1.3761242314         1.3829693892         0.9634013280
        0.6804574000         0.1066825927         2.7806378653         1.3863335388         1.3982806539         1.2293506250
        0.6853937000         0.1074535277         2.7809863007         1.3761242314         1.3880731441         0.9634013280
        0.6904406000         0.1082416691         2.7813425654         1.3863335388         1.4084881638         1.2293506250
        0.6954410000         0.1090224817         2.7816955697         1.3812288851         1.4033844088         1.0963759765
        0.7003894000         0.1097951083         2.7820449246         1.3786765582         1.4084881638         1.0298886523
        0.7053938000         0.1105764111         2.7823982545         1.3837812120         1.4135919187         1.1628633007
        0.7103888000         0.1113561782         2.7827509422         1.3786765582         1.4110400412         1.0298886523
        0.7154727000         0.1121497531         2.7831099287         1.3863335388         1.4212475511         1.2293506250
        0.7204281000         0.1129232008         2.7834598623         1.3837812120         1.4237994285         1.1628633007
        0.7254972000         0.1137143242         2.7838178462         1.3863335388         1.4391106933         1.2293506250
        0.7304171000         0.1144820934         2.7841653137         1.3837812120         1.4340069384         1.1628633007
        0.7353972000         0.1152591874         2.7845170529         1.3863335388         1.4442144482         1.2293506250
        0.7404167000         0.1160423579         2.7848715951         1.3735719045         1.4365588158         0.8969140038
        0.7454408000         0.1168261740         2.7852264824         1.3786765582         1.4467663256         1.0298886523
        0.7503889000         0.1175980621         2.7855760207         1.3761242314         1.4442144482         0.9634013280
        0.7553917000         0.1183784110         2.7859294425         1.3786765582         1.4595257129         1.0298886523
        0.7603923000         0.1191583436         2.7862827282         1.3735719045         1.4544219580         0.8969140038
        0.7653930000         0.1199382184         2.7866360401         1.3863335388         1.4646294679         1.2293506250
        0.7704542000         0.1207274529         2.7869936458         1.3761242314         1.4620775904         0.9634013280
        0.7754019000         0.1214989147         2.7873432505         1.3761242314         1.4722851002         0.9634013280
        0.7803931000         0.1222770848         2.7876959472         1.3863335388         1.4850444875         1.2293506250
        0.7854889000         0.1230714854         2.7880560541         1.3863335388         1.4875963650         1.2293506250
        0.7904201000         0.1238401509         2.7884045470         1.3761242314         1.4850444875         0.9634013280
        0.7954002000         0.1246163634         2.7887565134         1.3812288851         1.4901482425         1.0963759765
        0.8003883000         0.1253937464         2.7891090627         1.3863335388         1.4952519974         1.2293506250
        0.8053972000         0.1261742935         2.7894630996         1.3812288851         1.5003557523         1.0963759765
        0.8103886000         0.1269520359         2.7898159167         1.3837812120         1.5029076297         1.1628633007
        0.8154292000         0.1277373653         2.7901722288         1.3863335388         1.5003557523         1.2293506250
        0.8204425000         0.1285183618         2.7905266280         1.3888858657         1.5105632621         1.2958379492
        0.8254408000         0.1292969423         2.7908799834         1.3863335388         1.5182188945         1.2293506250
        0.8304382000         0.1300753028         2.7912332916         1.3863335388         1.5258745269         1.2293506250
        0.8354326000         0.1308531161         2.7915864038         1.3786765582         1.5207707720         1.0298886523
        0.8403820000         0.1316238417         2.7919363501         1.3863335388         1.5284264043         1.2293506250
        0.8454490000         0.1324127977         2.7922946273         1.3863335388         1.5335301593         1.2293506250
        0.8503973000         0.1331831906         2.7926445269         1.3812288851         1.5437376691         1.0963759765
        0.8553943000         0.1339610838         2.7929978853         1.3863335388         1.5437376691         1.2293506250
        0.8603957000         0.1347395794         2.7933515700         1.3812288851         1.5488414240         1.0963759765
        0.8654486000         0.1355260067         2.7937089118         1.3786765582         1.5462895465         1.0298886523
        0.8703820000         0.1362937529         2.7940578170         1.3939905194         1.5667045662         1.4288125976
        0.8753829000         0.1370719200         2.7944115103         1.3812288851         1.5564970564         1.0963759765
        0.8804177000         0.1378552767         2.7947676158         1.3812288851         1.5641526888         1.0963759765
        0.8856940000         0.1386761155         2.7951408175         1.3863335388         1.5794639535         1.2293506250
        0.8903896000         0.1394065341         2.7954729582         1.3914381925         1.5820158310         1.3623252734
        0.8957813000         0.1402451402         2.7958543521         1.3837812120         1.5794639535         1.1628633007
        0.9004295000         0.1409680243         2.7961831653         1.3888858657         1.5922233408         1.2958379492
        0.9054003000         0.1417409956         2.7965348119         1.3837812120         1.5896714634         1.1628633007
        0.9103926000         0.1425172232         2.7968879924         1.3837812120         1.5947752183         1.1628633007
        0.9153928000         0.1432945914         2.7972417445         1.3837812120         1.5998789732         1.1628633007
        0.9204107000         0.1440746224         2.7975967615         1.3888858657         1.6100864830         1.2958379492
        0.9254673000         0.1448605788         2.7979545291         1.3710195777         1.6049827281         0.8304266796
        0.9303882000         0.1456253553         2.7983027075         1.3863335388         1.6126383605         1.2293506250
        0.9353878000         0.1464022738         2.7986564662         1.3837812120         1.6151902379         1.1628633007
        0.9403957000         0.1471803916         2.7990108239         1.3761242314         1.6151902379         0.9634013280
        0.9455405000         0.1479796858         2.7993748806         1.3888858657         1.6356052576         1.2958379492
        0.9504262000         0.1487386369         2.7997206140         1.3786765582         1.6279496252         1.0298886523
        0.9554237000         0.1495148645         2.8000742697         1.3837812120         1.6356052576         1.1628633007
        0.9603914000         0.1502863721         2.8004258274         1.3914381925         1.6381571351         1.3623252734
        0.9654211000         0.1510674154         2.8007817834         1.3863335388         1.6381571351         1.2293506250
        0.9704646000         0.1518505070         2.8011387267         1.3990951731         1.6560202773         1.5617872461
        0.9754197000         0.1526197801         2.8014894238         1.3965428462         1.6636759097         1.4952999219
        0.9804238000         0.1533965665         2.8018435988         1.3863335388         1.6534683998         1.2293506250
        0.9853828000         0.1541662586         2.8021945915         1.3863335388         1.6687796646         1.2293506250
        0.9904750000         0.1549565275         2.8025550217         1.3888858657         1.6713315420         1.2958379492
        0.9954211000         0.1557240279         2.8029051202         1.3888858657         1.6738834195         1.2958379492
        1.0004057000         0.1564974073         2.8032579529         1.3914381925         1.6866428068         1.3623252734
        1.0053949000         0.1572714044         2.8036111200         1.3837812120         1.6815390519         1.1628633007
        1.0104030000         0.1580482364         2.8039656338         1.3965428462         1.6994021941         1.4952999219
        1.0154220000         0.1588266610         2.8043209277         1.3914381925         1.6968503166         1.3623252734
        1.0204331000         0.1596037619         2.8046756708         1.3914381925         1.7070578265         1.3623252734
        1.0254188000         0.1603768257         2.8050286238         1.3863335388         1.6994021941         1.2293506250
        1.0304487000         0.1611566433         2.8053847137         1.3888858657         1.7172653363         1.2958379492
        1.0354318000         0.1619291060         2.8057374982         1.3863335388         1.7096097039         1.2293506250
        1.0404393000         0.1627052512         2.8060920174         1.3939905194         1.7249209687         1.4288125976
        1.0454303000         0.1634787387         2.8064453758         1.3863335388         1.7274728461         1.2293506250
        1.0503929000         0.1642477253         2.8067967303         1.3837812120         1.7249209687         1.1628633007
        1.0554259000         0.1650275189         2.8071530761         1.3863335388         1.7376803560         1.2293506250
        1.0603983000         0.1657978221         2.8075051378         1.3863335388         1.7402322334         1.2293506250
        1.0653880000         0.1665707036         2.8078584308         1.3863335388         1.7478878658         1.2293506250
        1.0703836000         0.1673443965         2.8082121476         1.3863335388         1.7504397433         1.2293506250
        1.0754213000         0.1681245053         2.8085688513         1.3914381925         1.7606472531         1.3623252734
        1.0804083000         0.1688966593         2.8089219708         1.3888858657         1.7606472531         1.2958379492
        1.0853925000         0.1696682762         2.8092748976         1.3863335388         1.7631991306         1.2293506250
        1.0904004000         0.1704434574         2.8096295078         1.3837812120         1.7657510080         1.1628633007
        1.0953920000         0.1712160106         2.8099829689         1.3965428462         1.7810622728         1.4952999219
        1.1004061000         0.1719919401         2.8103380280         1.3914381925         1.7785103953         1.3623252734
        1.1053980000         0.1727643282         2.8106915198         1.3888858657         1.7861660277         1.2958379492
        1.1104223000         0.1735416222         2.8110473104         1.3965428462         1.7810622728         1.4952999219
        1.1154537000         0.1743199064         2.8114036080         1.3939905194         1.7989254150         1.4288125976
        1.1204052000         0.1750857248         2.8117542515         1.3965428462         1.8040291699         1.4952999219
        1.1254421000         0.1758646429         2.8121109464         1.3888858657         1.8065810474         1.2958379492
        1.1304636000         0.1766410699         2.8124665543         1.3939905194         1.8116848023         1.4288125976
        1.1354405000         0.1774104924         2.8128190071         1.3812288851         1.8142366797         1.0963759765
        1.1404422000         0.1781836397         2.8131732192         1.3990951731         1.8295479445         1.5617872461
        1.1454220000         0.1789532926         2.8135258834         1.3863335388         1.8295479445         1.2293506250
        1.1504271000         0.1797267453         2.8138803419         1.3939905194         1.8320998220         1.4288125976
        1.1554007000         0.1804952202         2.8142325721         1.3965428462         1.8448592093         1.4952999219
        1.1604066000         0.1812685745         2.8145870920         1.3863335388         1.8372035769         1.2293506250
        1.1653913000         0.1820385423         2.8149401126         1.4016475000         1.8550667191         1.6282745703
        1.1704991000         0.1828274092         2.8153018530         1.3888858657         1.8525148416         1.2958379492
        1.1754852000         0.1835973667         2.8156549762         1.3888858657         1.8550667191         1.2958379492
        1.1803936000         0.1843552157         2.8160025978         1.3939905194         1.8678261064         1.4288125976
        1.1853978000         0.1851277433         2.8163570053         1.3990951731         1.8780336162         1.5617872461
        1.1903969000         0.1858993694         2.8167110526         1.3965428462         1.8703779838         1.4952999219
        1.1954013000         0.1866716987         2.8170654759         1.3888858657         1.8831373711         1.2958379492
        1.2004155000         0.1874454247         2.8174205939         1.3939905194         1.8882411261         1.4288125976
        1.2053918000         0.1882131876         2.8177730279         1.3965428462         1.8984486359         1.4952999219
        1.2104615000         0.1889952423         2.8181320768         1.3863335388         1.8907930035         1.2293506250
        1.2153941000         0.1897560328         2.8184814159         1.3914381925         1.8958967584         1.3623252734
        1.2204086000         0.1905293386         2.8188365549         1.3939905194         1.9086561457         1.4288125976
        1.2254068000         0.1913000131         2.8191905389         1.3990951731         1.9163117781         1.5617872461
        1.2304404000         0.1920760268         2.8195470292         1.3965428462         1.9163117781         1.4952999219
        1.2353935000         0.1928395128         2.8198978174         1.3939905194         1.9214155330         1.4288125976
        1.2404177000         0.1936138391         2.8202536397         1.4093044805         1.9418305527         1.8277365430
        1.2454575000         0.1943904485         2.8206105654         1.4041998268         1.9367267978         1.6947618945
        1.2504072000         0.1951530554         2.8209611084         1.3990951731         1.9469343076         1.5617872461
        1.2554414000         0.1959285603         2.8213176338         1.3965428462         1.9520380625         1.4952999219
        1.2603982000         0.1966920222         2.8216686757         1.4016475000         1.9596936949         1.6282745703
        1.2653899000         0.1974607391         2.8220221869         1.3990951731         1.9647974498         1.5617872461
        1.2703942000         0.1982312744         2.8223765878         1.4093044805         1.9750049597         1.8277365430
        1.2753900000         0.1990003788         2.8227303840         1.3965428462         1.9750049597         1.4952999219
        1.2803943000         0.1997706689         2.8230847791         1.3965428462         1.9750049597         1.4952999219
        1.2854313000         0.2005458677         2.8234414868         1.4067521537         1.9954199793         1.7612492188
        1.2904107000         0.2013120785         2.8237941119         1.4041998268         1.9979718568         1.6947618945
        1.2953963000         0.2020791199         2.8241471725         1.4144091342         2.0081793666         1.9607111914
        1.3003928000         0.2028477139         2.8245010011         1.3990951731         2.0030756117         1.5617872461
        1.3053934000         0.2036168135         2.8248551160         1.3990951731         2.0132831215         1.5617872461
        1.3103993000         0.2043866024         2.8252096018         1.4016475000         2.0234906314         1.6282745703
        1.3154232000         0.2051590322         2.8255653577         1.3939905194         2.0234906314         1.4288125976
        1.3203939000         0.2059231568         2.8259173417         1.3990951731         2.0336981412         1.5617872461
        1.3254222000         0.2066960082         2.8262733994         1.4016475000         2.0464575285         1.6282745703
        1.3304030000         0.2074614317         2.8266260884         1.4016475000         2.0439056511         1.6282745703
        1.3353930000         0.2082281417         2.8269794235         1.4067521537         2.0566650383         1.7612492188
        1.3403975000         0.2089969511         2.8273337796         1.4016475000         2.0592169158         1.6282745703
        1.3454261000         0.2097693327         2.8276898364         1.4118568074         2.0719763031         1.8942238672
        1.3504641000         0.2105430269         2.8280465525         1.4041998268         2.0719763031         1.6947618945
        1.3553926000         0.2112997775         2.8283955092         1.4067521537         2.0847356904         1.7612492188
        1.3604684000         0.2120790129         2.8287548888         1.4041998268         2.0847356904         1.6947618945
        1.3653840000         0.2128335260         2.8291029191         1.4144091342         2.0847356904         1.9607111914
        1.3704062000         0.2136042705         2.8294584899         1.4093044805         2.1051507101         1.8277365430
        1.3754356000         0.2143759867         2.8298145632         1.4016475000         2.1025988326         1.6282745703
        1.3803982000         0.2151373219         2.8301658998         1.3990951731         2.1077025875         1.5617872461
        1.3854197000         0.2159075601         2.8305213987         1.4169614611         2.1230138523         2.0271985157
        1.3904315000         0.2166761766         2.8308762030         1.3965428462         2.1179100974         1.4952999219
        1.3954127000         0.2174399671         2.8312288329         1.4093044805         2.1332213621         1.8277365430
        1.4004382000         0.2182104155         2.8315845906         1.4067521537         2.1408769945         1.7612492188
        1.4054583000         0.2189799002         2.8319399574         1.4067521537         2.1459807494         1.7612492188
        1.4104600000         0.2197464291         2.8322940130         1.4016475000         2.1459807494         1.6282745703
        1.4153907000         0.2205019443         2.8326430339         1.4067521537         2.1612920142         1.7612492188
        1.4203954000         0.2212686630         2.8329972837         1.4041998268         2.1612920142         1.6947618945
        1.4254270000         0.2220393649         2.8333534281         1.4093044805         2.1791551564         1.8277365430
        1.4304145000         0.2228031750         2.8337064415         1.3990951731         2.1740514015         1.5617872461
        1.4354317000         0.2235713956         2.8340615471         1.4118568074         2.1944664211         1.8942238672
        1.4404271000         0.2243361402         2.8344150996         1.4118568074         2.1995701761         1.8942238672
        1.4453947000         0.2250964920         2.8347666744         1.4041998268         2.1995701761         1.6947618945
        1.4503962000         0.2258618941         2.8351206380         1.4067521537         2.2021220535         1.7612492188
        1.4553912000         0.2266261623         2.8354741307         1.4093044805         2.2225370732         1.8277365430
        1.4603925000         0.2273912547         2.8358280584         1.4093044805         2.2225370732         1.8277365430
        1.4654201000         0.2281602290         2.8361838360         1.4067521537         2.2301927056         1.7612492188
        1.4704754000         0.2289332966         2.8365415620         1.4118568074         2.2429520929         1.8942238672
        1.4754205000         0.2296893724         2.8368914786         1.4144091342         2.2506077252         1.9607111914
        1.4803976000         0.2304502010         2.8372436477         1.4118568074         2.2506077252         1.8942238672
        1.4854731000         0.2312259264         2.8376027671         1.4144091342         2.2608152351         1.9607111914
        1.4904068000         0.2319798387         2.8379518412         1.4067521537         2.2659189900         1.7612492188
        1.4953944000         0.2327418457         2.8383047165         1.4041998268         2.2735746224         1.6947618945
        1.5004895000         0.2335201292         2.8386651844         1.4016475000         2.2761264998         1.6282745703
        1.5054201000         0.2342731426         2.8390140014         1.4118568074         2.2863340097         1.8942238672
        1.5103959000         0.2350329166         2.8393660030         1.4093044805         2.2914377646         1.8277365430
        1.5153838000         0.2357943941         2.8397188473         1.4067521537         2.3016452744         1.7612492188
        1.5204997000         0.2365752623         2.8400807322         1.4067521537         2.3093009068         1.7612492188
        1.5253924000         0.2373219193         2.8404268149         1.4144091342         2.3195084166         1.9607111914
        1.5304220000         0.2380893221         2.8407825671         1.4067521537         2.3220602941         1.7612492188
        1.5353910000         0.2388473327         2.8411340188         1.4041998268         2.3246121715         1.6947618945
        1.5403955000         0.2396106117         2.8414879667         1.4169614611         2.3450271912         2.0271985157
        1.5453972000         0.2403733158         2.8418417019         1.4067521537         2.3373715588         1.7612492188
        1.5504526000         0.2411440576         2.8421992196         1.4093044805         2.3501309461         1.8277365430
        1.5553848000         0.2418958700         2.8425480096         1.4067521537         2.3501309461         1.7612492188
        1.5604408000         0.2426664025         2.8429055388         1.4144091342         2.3679940883         1.9607111914
        1.5654246000         0.2434257818         2.8432579467         1.4093044805         2.3730978433         1.8277365430
        1.5704015000         0.2441839610         2.8436098509         1.4118568074         2.3833053531         1.8942238672
        1.5754911000         0.2449591545         2.8439697074         1.4246184417         2.3960647404         2.2266604884
        1.5804235000         0.2457102556         2.8443184330         1.4093044805         2.3960647404         1.8277365430
        1.5853838000         0.2464654565         2.8446691148         1.4118568074         2.4062722502         1.8942238672
        1.5904087000         0.2472303401         2.8450243469         1.4067521537         2.4037203728         1.7612492188
        1.5953831000         0.2479873850         2.8453759919         1.4144091342         2.4266872699         1.9607111914
        1.6004012000         0.2487509271         2.8457307089         1.4067521537         2.4241353924         1.7612492188
        1.6054554000         0.2495198059         2.8460879598         1.4144091342         2.4317910248         1.9607111914
        1.6104053000         0.2502726654         2.8464378209         1.4041998268         2.4394466572         1.6947618945
        1.6154226000         0.2510356218         2.8467924279         1.4195137880         2.4522060445         2.0936858399
        1.6204398000         0.2517984070         2.8471470096         1.4067521537         2.4522060445         1.7612492188
        1.6253919000         0.2525511415         2.8474969722         1.4118568074         2.4598616769         1.8942238672
        1.6304005000         0.2533123087         2.8478509091         1.4144091342         2.4726210642         1.9607111914
        1.6353917000         0.2540706756         2.8482035976         1.4041998268         2.4675173092         1.6947618945
        1.6403990000         0.2548313318         2.8485574047         1.4067521537         2.4802766965         1.7612492188
        1.6453899000         0.2555893398         2.8489100337         1.4067521537         2.4802766965         1.7612492188
        1.6503977000         0.2563497567         2.8492638373         1.4169614611         2.5006917162         2.0271985157
        1.6554243000         0.2571128688         2.8496189491         1.4067521537         2.4955879613         1.7612492188
        1.6604067000         0.2578691125         2.8499709185         1.4144091342         2.5083473486         1.9607111914
        1.6654349000         0.2586321477         2.8503261029         1.4067521537         2.5160029810         1.7612492188
        1.6703948000         0.2593846602         2.8506764425         1.4144091342         2.5236586133         1.9607111914
        1.6753842000         0.2601414896         2.8510288453         1.4195137880         2.5364180006         2.0936858399
        1.6805602000         0.2609264550         2.8513944057         1.4118568074         2.5313142457         1.8942238672
        1.6854445000         0.2616670245         2.8517393437         1.4220661148         2.5517292654         2.1601731641
        1.6904088000         0.2624195660         2.8520899107         1.4067521537         2.5491773879         1.7612492188
        1.6953942000         0.2631751455         2.8524419462         1.4144091342         2.5619367752         1.9607111914
        1.7004719000         0.2639445479         2.8528004771         1.4118568074         2.5721442851         1.8942238672
        1.7055026000         0.2647066630         2.8531556670         1.4195137880         2.5772480400         2.0936858399
        1.7105183000         0.2654663412         2.8535097754         1.4067521537         2.5772480400         1.7612492188
        1.7154435000         0.2662121518         2.8538574724         1.4169614611         2.5925593047         2.0271985157
        1.7204461000         0.2669695199         2.8542106110         1.4041998268         2.5951111822         1.6947618945
        1.7254821000         0.2677317780         2.8545660841         1.4246184417         2.6129743244         2.2266604884
        1.7305554000         0.2684995125         2.8549241664         1.4144091342         2.6155262019         1.9607111914
        1.7354259000         0.2692363972         2.8552679120         1.4118568074         2.6257337117         1.8942238672
        1.7404991000         0.2700037820         2.8556259398         1.4220661148         2.6359412215         2.1601731641
        1.7455053000         0.2707608640         2.8559792151         1.4067521537         2.6333893441         1.7612492188
        1.7505091000         0.2715174158         2.8563322969         1.4169614611         2.6384930990         2.0271985157
        1.7553975000         0.2722563577         2.8566772123         1.4220661148         2.6538043638         2.1601731641
        1.7603968000         0.2730118974         2.8570299283         1.4144091342         2.6640118736         1.9607111914
        1.7653975000         0.2737674803         2.8573827184         1.4169614611         2.6691156285         2.0271985157
        1.7703864000         0.2745211119         2.8577346510         1.4169614611         2.6793231383         2.0271985157
        1.7754631000         0.2752878337         2.8580927516         1.4118568074         2.6793231383         1.8942238672
        1.7803889000         0.2760315981         2.8584401828         1.4144091342         2.6946344031         1.9607111914
        1.7853939000         0.2767871519         2.8587931748         1.4144091342         2.6971862806         1.9607111914
        1.7903897000         0.2775411463         2.8591454920         1.4220661148         2.7150494228         2.1601731641
        1.7954280000         0.2783013819         2.8595007800         1.4195137880         2.7176013002         2.0936858399
        1.8004323000         0.2790563146         2.8598536439         1.4271707685         2.7278088101         2.2931478126
        1.8053940000         0.2798046507         2.8602034777         1.4093044805         2.7303606875         1.8277365430
        1.8103880000         0.2805576866         2.8605555621         1.4271707685         2.7482238297         2.2931478126
        1.8153958000         0.2813126301         2.8609085924         1.4144091342         2.7456719523         1.9607111914
        1.8203865000         0.2820648225         2.8612603900         1.4246184417         2.7660869720         2.2266604884
        1.8254744000         0.2828314864         2.8616190110         1.4297230954         2.7737426043         2.3596351368
        1.8303928000         0.2835724376         2.8619656575         1.4220661148         2.7762944818         2.1601731641
        1.8354283000         0.2843308545         2.8623205292         1.4271707685         2.7916057465         2.2931478126
        1.8404121000         0.2850813094         2.8626717291         1.4169614611         2.7865019916         2.0271985157
        1.8454713000         0.2858429393         2.8630282134         1.4271707685         2.8043651338         2.2931478126
        1.8504877000         0.2865979477         2.8633816530         1.4220661148         2.8120207662         2.1601731641
        1.8554804000         0.2873492123         2.8637333938         1.4246184417         2.8196763986         2.2266604884
        1.8664453000         0.2889985087         2.8645057800         1.4271707685         2.8349876633         2.2931478126
        1.8679588000         0.2892260961         2.8646123824         1.4220661148         2.8400914183         2.1601731641
        1.8704006000         0.2895932389         2.8647843632         1.4322754222         2.8528508056         2.4261224610
        1.8755005000         0.2903599094         2.8651435364         1.4246184417         2.8477470506         2.2266604884
        1.8803894000         0.2910946853         2.8654878199         1.4373800759         2.8630583154         2.5590971095
        1.8854401000         0.2918535986         2.8658434673         1.4220661148         2.8681620703         2.1601731641
        1.8903981000         0.2925984042         2.8661925569         1.4246184417         2.8834733351         2.2266604884
        1.8953939000         0.2933487087         2.8665442773         1.4220661148         2.8809214576         2.1601731641
        1.9003898000         0.2940988475         2.8668959739         1.4322754222         2.9064402322         2.4261224610
        1.9054091000         0.2948523176         2.8672492864         1.4246184417         2.9038883547         2.2266604884
        1.9103914000         0.2956000521         2.8675999631         1.4297230954         2.9191996195         2.3596351368
        1.9153948000         0.2963507710         2.8679520932         1.4271707685         2.9243033744         2.2931478126
        1.9203970000         0.2971011269         2.8683041070         1.4220661148         2.9345108842         2.1601731641
        1.9253969000         0.2978509545         2.8686559268         1.4271707685         2.9370627617         2.2931478126
        1.9303913000         0.2985997739         2.8690073272         1.4271707685         2.9523740265         2.2931478126
        1.9353944000         0.2993497134         2.8693593072         1.4246184417         2.9625815363         2.2266604884
        1.9403996000         0.3000997827         2.8697114020         1.4246184417         2.9702371687         2.2266604884
        1.9453964000         0.3008484081         2.8700628728         1.4220661148         2.9727890461         2.1601731641
        1.9503882000         0.3015960994         2.8704139588         1.4271707685         2.9829965560         2.2931478126
        1.9553938000         0.3023456715         2.8707659817         1.4144091342         2.9855484334         1.9607111914
        1.9603941000         0.3030942633         2.8711175982         1.4322754222         3.0034115756         2.4261224610
        1.9654317000         0.3038482502         2.8714718032         1.4271707685         3.0059634531         2.2931478126
        1.9704725000         0.3046025256         2.8718261984         1.4246184417         3.0187228404         2.2266604884
        1.9753981000         0.3053393787         2.8721724606         1.4297230954         3.0263784728         2.3596351368
        1.9804002000         0.3060874888         2.8725240662         1.4297230954         3.0365859826         2.3596351368
        1.9854010000         0.3068352157         2.8728755455         1.4271707685         3.0442416150         2.2931478126
        1.9903967000         0.3075819909         2.8732266312         1.4297230954         3.0544491248         2.3596351368
        1.9954660000         0.3083395745         2.8735828532         1.4246184417         3.0646566347         2.2266604884
        2.0003936000         0.3090757943         2.8739290828         1.4271707685         3.0672085121         2.2931478126
        2.0054041000         0.3098242101         2.8742811016         1.4373800759         3.0876235318         2.5590971095
        2.0104099000         0.3105717323         2.8746327539         1.4348277491         3.0927272867         2.4926097853
        2.0154635000         0.3113261976         2.8749877272         1.4169614611         3.0952791642         2.0271985157
        2.0204563000         0.3120713934         2.8753383931         1.4373800759         3.1131423064         2.5590971095
        2.0255148000         0.3128261993         2.8756936360         1.4246184417         3.1182460613         2.2266604884
        2.0304509000         0.3135625509         2.8760402466         1.4373800759         3.1335573261         2.5590971095
        2.0355887000         0.3143287913         2.8764009819         1.4271707685         3.1361092035         2.2931478126
        2.0404499000         0.3150535916         2.8767422602         1.4271707685         3.1437648359         2.2931478126
        2.0454399000         0.3157974048         2.8770925436         1.4246184417         3.1565242232         2.2266604884
        2.0504815000         0.3165487126         2.8774464109         1.4297230954         3.1616279781         2.3596351368
        2.0554390000         0.3172872940         2.8777943373         1.4220661148         3.1692836105         2.1601731641
        2.0604562000         0.3180345737         2.8781464151         1.4169614611         3.1743873654         2.0271985157
        2.0655016000         0.3187858545         2.8785004326         1.4322754222         3.1922505076         2.4261224610
        2.0704433000         0.3195214999         2.8788471355         1.4144091342         3.1896986301         1.9607111914
        2.0754419000         0.3202654197         2.8791977914         1.4373800759         3.2126655273         2.5590971095
        2.0804552000         0.3210113290         2.8795494391         1.4169614611         3.2075617724         2.0271985157
        2.0854434000         0.3217533062         2.8798992867         1.4348277491         3.2305286695         2.4926097853
        2.0904462000         0.3224972567         2.8802501184         1.4297230954         3.2381843019         2.3596351368
        2.0954513000         0.3232413499         2.8806010713         1.4271707685         3.2356324244         2.2931478126
        2.1003976000         0.3239765052         2.8809478615         1.4195137880         3.2458399342         2.0936858399
        2.1053862000         0.3247177493         2.8812975772         1.4271707685         3.2637030765         2.2931478126
        2.1104562000         0.3254708842         2.8816529577         1.4246184417         3.2688068314         2.2266604884
        2.1154012000         0.3262052518         2.8819995358         1.4246184417         3.2764624638         2.2266604884
        2.1203867000         0.3269454347         2.8823489115         1.4220661148         3.2841180961         2.1601731641
        2.1255115000         0.3277060901         2.8827080061         1.4297230954         3.2943256060         2.3596351368
        2.1304619000         0.3284406583         2.8830548390         1.4271707685         3.3019812383         2.2931478126
        2.1354302000         0.3291776829         2.8834028846         1.4424847297         3.3198443806         2.6920717579
        2.1403972000         0.3299143143         2.8837507975         1.4348277491         3.3249481355         2.4926097853
        2.1454352000         0.3306612701         2.8841036408         1.4348277491         3.3351556453         2.4926097853
        2.1503910000         0.3313958366         2.8844506849         1.4271707685         3.3402594002         2.2931478126
        2.1554574000         0.3321465890         2.8848054305         1.4322754222         3.3530187875         2.4261224610
        2.1604021000         0.3328791048         2.8851516120         1.4220661148         3.3504669101         2.1601731641
        2.1654671000         0.3336292337         2.8855061719         1.4348277491         3.3708819297         2.4926097853
        2.1704288000         0.3343638592         2.8858534572         1.4271707685         3.3708819297         2.2931478126
        2.1754428000         0.3351060218         2.8862043593         1.4297230954         3.3836413170         2.3596351368
        2.1804369000         0.3358450322         2.8865538246         1.4373800759         3.3912969494         2.5590971095
        2.1854380000         0.3365848713         2.8869037355         1.4271707685         3.4015044592         2.2931478126
        2.1904380000         0.3373243401         2.8872535248         1.4297230954         3.4117119691         2.3596351368
        2.1954427000         0.3380642955         2.8876035982         1.4246184417         3.4219194789         2.2266604884
        2.2004915000         0.3388105596         2.8879567105         1.4348277491         3.4346788662         2.4926097853
        2.2054411000         0.3395419540         2.8883028401         1.4195137880         3.4321269888         2.0936858399
        2.2104448000         0.3402811341         2.8886527076         1.4399324028         3.4550938859         2.6255844337
        2.2154741000         0.3410238842         2.8890043189         1.4271707685         3.4550938859         2.2931478126
        2.2203998000         0.3417511278         2.8893486423         1.4322754222         3.4755089056         2.4261224610
        2.2254004000         0.3424892206         2.8896981555         1.4271707685         3.4755089056         2.2931478126
        2.2304466000         0.3432338298         2.8900508088         1.4322754222         3.4831645379         2.4261224610
        2.2354046000         0.3439652143         2.8903972520         1.4246184417         3.4933720478         2.2266604884
        2.2403955000         0.3447012413         2.8907459475         1.4348277491         3.5112351900         2.4926097853
        2.2453978000         0.3454387370         2.8910953923         1.4271707685         3.5137870674         2.2931478126
        2.2503862000         0.3461739710         2.8914438189         1.4322754222         3.5239945773         2.4261224610
        2.2554657000         0.3469224137         2.8917985599         1.4297230954         3.5316502097         2.3596351368
        2.2603939000         0.3476483519         2.8921426872         1.4246184417         3.5367539646         2.2266604884
        2.2654037000         0.3483860965         2.8924924647         1.4348277491         3.5520652293         2.4926097853
        2.2704184000         0.3491243466         2.8928425356         1.4195137880         3.5495133519         2.0936858399
        2.2754445000         0.3498640576         2.8931933533         1.4348277491         3.5699283715         2.4926097853
        2.2803935000         0.3505922085         2.8935387414         1.4195137880         3.5673764941         2.0936858399
        2.2853957000         0.3513279713         2.8938877934         1.4297230954         3.5928952687         2.3596351368
        2.2903870000         0.3520619148         2.8942360356         1.4246184417         3.5852396363         2.2266604884
        2.2953980000         0.3527985373         2.8945856027         1.4322754222         3.6031027785         2.4261224610
        2.3003857000         0.3535315176         2.8949334947         1.4246184417         3.6082065334         2.2266604884
        2.3053955000         0.3542675272         2.8952828781         1.4220661148         3.6107584109         2.1601731641
        2.3104307000         0.3550070474         2.8956339821         1.4297230954         3.6260696756         2.3596351368
        2.3154002000         0.3557367005         2.8959804547         1.4348277491         3.6439328179         2.4926097853
        2.3203950000         0.3564698498         2.8963286407         1.4220661148         3.6388290629         2.1601731641
        2.3254249000         0.3572079295         2.8966792221         1.4322754222         3.6643478375         2.4261224610
        2.3304258000         0.3579415327         2.8970277308         1.4246184417         3.6592440826         2.2266604884
        2.3354181000         0.3586736540         2.8973755890         1.4220661148         3.6694515924         2.1601731641
        2.3405656000         0.3594283044         2.8977342073         1.4373800759         3.6873147347         2.5590971095
        2.3536909000         0.3613514775         2.8986483771         1.4271707685         3.7102816318         2.2931478126
        2.3549576000         0.3615369984         2.8987365829         1.4297230954         3.7128335092         2.3596351368
        2.3563997000         0.3617481911         2.8988369986         1.4373800759         3.7204891416         2.5590971095
        2.3603922000         0.3623327878         2.8991149795         1.4373800759         3.7230410191         2.5590971095
        2.3654271000         0.3630698134         2.8994654903         1.4271707685         3.7332485289         2.2931478126
        2.3704993000         0.3638120694         2.8998185434         1.4373800759         3.7409041613         2.5590971095
        2.3754095000         0.3645303987         2.9001602681         1.4399324028         3.7587673035         2.6255844337
        2.3804364000         0.3652655758         2.9005100609         1.4297230954         3.7536635486         2.3596351368
        2.3854364000         0.3659965928         2.9008579280         1.4348277491         3.7715266908         2.4926097853
        2.3904453000         0.3667286847         2.9012063601         1.4475893834         3.7791823232         2.8250464064
        2.3954149000         0.3674548082         2.9015520046         1.4348277491         3.7970454654         2.4926097853
        2.4004100000         0.3681844320         2.9018993683         1.4322754222         3.7970454654         2.4261224610
        2.4057741000         0.3689677024         2.9022723317         1.4399324028         3.8149086076         2.6255844337
        2.4104373000         0.3696484140         2.9025965104         1.4297230954         3.8123567301         2.3596351368
        2.4154016000         0.3703728607         2.9029415683         1.4373800759         3.8327717498         2.5590971095
        2.4204328000         0.3711068404         2.9032912205         1.4424847297         3.8378755047         2.6920717579
        2.4254270000         0.3718351932         2.9036382454         1.4348277491         3.8506348920         2.4926097853
        2.4304161000         0.3725625737         2.9039848603         1.4373800759         3.8582905244         2.5590971095
        2.4354782000         0.3733003632         2.9043364895         1.4373800759         3.8659461568         2.5590971095
        2.4404558000         0.3740256070         2.9046821927         1.4475893834         3.8838092990         2.8250464064
        2.4454304000         0.3747501852         2.9050276314         1.4373800759         3.8812574215         2.5590971095
        2.4504674000         0.3754836191         2.9053773458         1.4424847297         3.8991205638         2.6920717579
        2.4553977000         0.3762012889         2.9057195959         1.4297230954         3.8991205638         2.3596351368
        2.4603960000         0.3769286267         2.9060665094         1.4424847297         3.9246393383         2.6920717579
        2.4654040000         0.3776571429         2.9064140383         1.4475893834         3.9348468482         2.8250464064
        2.4703930000         0.3783826629         2.9067601910         1.4348277491         3.9373987256         2.4926097853
        2.4754410000         0.3791165263         2.9071103784         1.4373800759         3.9476062355         2.5590971095
        2.4804142000         0.3798392824         2.9074553187         1.4424847297         3.9578137453         2.6920717579
        2.4854860000         0.3805761294         2.9078070380         1.4475893834         3.9756768875         2.8250464064
        2.4904310000         0.3812943219         2.9081499058         1.4297230954         3.9731250101         2.3596351368
        2.4954817000         0.3820276283         2.9085000426         1.4373800759         3.9858843974         2.5590971095
        2.5003993000         0.3827413791         2.9088408943         1.4399324028         3.9960919072         2.6255844337
        2.5054011000         0.3834671165         2.9091875229         1.4348277491         4.0114031719         2.4926097853
        2.5103941000         0.3841913410         2.9095334819         1.4450370565         4.0241625592         2.7585590822
        2.5154011000         0.3849173589         2.9098803509         1.4424847297         4.0369219465         2.6920717579
        2.5204748000         0.3856528054         2.9102317789         1.4348277491         4.0318181916         2.4926097853
        2.5254838000         0.3863786332         2.9105786644         1.4424847297         4.0522332113         2.6920717579
        2.5304640000         0.3871000506         2.9109234949         1.4373800759         4.0598888437         2.5590971095
        2.5353912000         0.3878135575         2.9112645960         1.4322754222         4.0700963535         2.4261224610
        2.5404721000         0.3885490783         2.9116162752         1.4475893834         4.0828557408         2.8250464064
        2.5454070000         0.3892632270         2.9119577881         1.4348277491         4.0854076183         2.4926097853
        2.5504215000         0.3899886553         2.9123047480         1.4348277491         4.0930632506         2.4926097853
        2.5554555000         0.3907166612         2.9126529943         1.4399324028         4.1083745154         2.6255844337
        2.5604315000         0.3914360391         2.9129971663         1.4526940371         4.1262376576         2.9580210548
        2.5654179000         0.3921566807         2.9133419955         1.4450370565         4.1364451674         2.7585590822
        2.5703984000         0.3928762295         2.9136863545         1.4373800759         4.1338932900         2.5590971095
        2.5753937000         0.3935976749         2.9140316740         1.4348277491         4.1492045547         2.4926097853
        2.5803854000         0.3943183584         2.9143766816         1.4450370565         4.1594120646         2.7585590822
        2.5854664000         0.3950516856         2.9147277963         1.4424847297         4.1645158195         2.6920717579
        2.5904246000         0.3957670469         2.9150703617         1.4577986908         4.1823789617         3.0909957033
        2.5954633000         0.3964937766         2.9154184245         1.4475893834         4.2002421039         2.8250464064
        2.6003936000         0.3972046315         2.9157589362         1.4475893834         4.2027939814         2.8250464064
        2.6054000000         0.3979262147         2.9161046396         1.4348277491         4.2078977363         2.4926097853
        2.6104540000         0.3986544090         2.9164535642         1.4526940371         4.2308646334         2.9580210548
        2.6153900000         0.3993653590         2.9167942781         1.4373800759         4.2308646334         2.5590971095
        2.6203954000         0.4000860598         2.9171397176         1.4526940371         4.2538315306         2.9580210548
        2.6254072000         0.4008074343         2.9174855331         1.4450370565         4.2563834080         2.7585590822
        2.6304534000         0.4015335091         2.9178336556         1.4450370565         4.2665909178         2.7585590822
        2.6353955000         0.4022443610         2.9181745315         1.4552463639         4.2895578150         3.0245083791
        2.6404352000         0.4029690016         2.9185220728         1.4348277491         4.2844540601         2.4926097853
        2.6454104000         0.4036841203         2.9188650999         1.4399324028         4.2946615699         2.6255844337
        2.6503961000         0.4044005009         2.9192087848         1.4501417102         4.3176284670         2.8915337306
        2.6557095000         0.4051636947         2.9195749863         1.4450370565         4.3176284670         2.7585590822
        2.6604013000         0.4058373700         2.9198982839         1.4475893834         4.3354916092         2.8250464064
        2.6654240000         0.4065583134         2.9202443170         1.4501417102         4.3508028740         2.8915337306
        2.6704061000         0.4072731793         2.9205874857         1.4577986908         4.3610103838         3.0909957033
        2.6754317000         0.4079940341         2.9209335825         1.4475893834         4.3686660162         2.8250464064
        2.6804255000         0.4087100757         2.9212774212         1.4450370565         4.3788735260         2.7585590822
        2.6853933000         0.4094221399         2.9216194020         1.4526940371         4.3941847908         2.9580210548
        2.6905373000         0.4101591970         2.9219734411         1.4577986908         4.4069441781         3.0909957033
        2.6953947000         0.4108549429         2.9223076879         1.4424847297         4.4043923006         2.6920717579
        2.7003951000         0.4115709215         2.9226517068         1.4603510177         4.4299110752         3.1574830275
        2.7053948000         0.4122865459         2.9229956082         1.4450370565         4.4324629527         2.7585590822
        2.7103976000         0.4130023596         2.9233396532         1.4629033445         4.4554298498         3.2239703518
        2.7154296000         0.4137220939         2.9236856359         1.4501417102         4.4579817273         2.8915337306
        2.7204164000         0.4144351083         2.9240284408         1.4526940371         4.4707411146         2.9580210548
        2.7253954000         0.4151467537         2.9243706397         1.4577986908         4.4809486244         3.0909957033
        2.7303992000         0.4158616879         2.9247144728         1.4552463639         4.4937080117         3.0245083791
        2.7354315000         0.4165804350         2.9250601926         1.4501417102         4.5064673990         2.8915337306
        2.7404490000         0.4172968091         2.9254048242         1.4577986908         4.5268824187         3.0909957033
        2.7453957000         0.4180028210         2.9257445225         1.4629033445         4.5370899285         3.2239703518
        2.7504075000         0.4187178669         2.9260886200         1.4501417102         4.5370899285         2.8915337306
        2.7554425000         0.4194359614         2.9264342378         1.4603510177         4.5575049482         3.1574830275
        2.7604272000         0.4201466237         2.9267763309         1.4654556714         4.5677124580         3.2904576760
        2.7653858000         0.4208533093         2.9271165616         1.4680079982         4.5855756002         3.3569450002
        2.7703998000         0.4215676308         2.9274605211         1.4577986908         4.5906793551         3.0909957033
        2.7754027000         0.4222801103         2.9278036463         1.4475893834         4.6034387424         2.8250464064
        2.7804361000         0.4229966703         2.9281487895         1.4526940371         4.6161981297         2.9580210548
        2.7854410000         0.4237089107         2.9284919050         1.4526940371         4.6264056396         2.9580210548
        2.7904736000         0.4244248291         2.9288368452         1.4577986908         4.6442687818         3.0909957033
        2.7954466000         0.4251320084         2.9291776271         1.4526940371         4.6442687818         2.9580210548
        2.8003938000         0.4258352615         2.9295165684         1.4577986908         4.6723394338         3.0909957033
        2.8054159000         0.4265488987         2.9298605670         1.4475893834         4.6697875564         2.8250464064
        2.8104103000         0.4272583365         2.9302025937         1.4526940371         4.6799950662         2.9580210548
        2.8153912000         0.4279655948         2.9305436217         1.4552463639         4.6927544535         3.0245083791
        2.8203981000         0.4286762809         2.9308863549         1.4603510177         4.7131694732         3.1574830275
        2.8254352000         0.4293909861         2.9312310793         1.4603510177         4.7259288605         3.1574830275
        2.8304599000         0.4301036640         2.9315748789         1.4577986908         4.7412401252         3.0909957033
        2.8354013000         0.4308042658         2.9319129044         1.4501417102         4.7591032674         2.8915337306
        2.8404533000         0.4315202803         2.9322584190         1.4629033445         4.7693107773         3.2239703518
        2.8454540000         0.4322287565         2.9326003486         1.4680079982         4.7846220420         3.3569450002
        2.8504257000         0.4329328598         2.9329402195         1.4629033445         4.7897257969         3.2239703518
        2.8554176000         0.4336395581         2.9332813951         1.4577986908         4.7999333068         3.0909957033
        2.8604126000         0.4343464285         2.9336227058         1.4629033445         4.8126926941         3.2239703518
        2.8653859000         0.4350499623         2.9339624573         1.4552463639         4.8254520814         3.0245083791
        2.8704329000         0.4357636505         2.9343071654         1.4680079982         4.8484189785         3.3569450002
        2.8755227000         0.4364831135         2.9346547166         1.4705603251         4.8611783658         3.4234323244
        2.8803985000         0.4371720652         2.9349875793         1.4629033445         4.8713858756         3.2239703518
        2.8853943000         0.4378777069         2.9353285572         1.4552463639         4.8739377531         3.0245083791
        2.8904018000         0.4385847306         2.9356702552         1.4654556714         4.8892490178         3.2904576760
        2.8954758000         0.4393008668         2.9360164105         1.4577986908         4.9020084051         3.0909957033
        2.9003995000         0.4399955232         2.9363522345         1.4475893834         4.9224234248         2.8250464064
        2.9053954000         0.4407000968         2.9366929045         1.4782173056         4.9402865670         3.6228942971
        2.9104027000         0.4414060059         2.9370342724         1.4629033445         4.9504940769         3.2239703518
        2.9153944000         0.4421094439         2.9373744974         1.4629033445         4.9607015867         3.2239703518
        2.9203959000         0.4428139903         2.9377153105         1.4680079982         4.9811166064         3.3569450002
        2.9254008000         0.4435187421         2.9380562750         1.4680079982         4.9913241162         3.3569450002
        2.9304704000         0.4442323250         2.9384015652         1.4603510177         4.9964278711         3.1574830275
        2.9354098000         0.4449273104         2.9387379079         1.4654556714         5.0066353810         3.2904576760
        2.9404765000         0.4456399289         2.9390828369         1.4807696325         5.0142910133         3.6893816213
        2.9453951000         0.4463314475         2.9394176040         1.4680079982         5.0142910133         3.3569450002
        2.9504216000         0.4470378607         2.9397596336         1.4705603251         5.0142910133         3.4234323244
        2.9554118000         0.4477388968         2.9400991117         1.4654556714         5.0066353810         3.2904576760
        2.9604800000         0.4484506089         2.9404438125         1.4603510177         5.0066353810         3.1574830275
        2.9654477000         0.4491479322         2.9407815963         1.4756649788         5.0117391359         3.5564069729
        2.9704456000         0.4498492188         2.9411213516         1.4629033445         5.0040835035         3.2239703518
        2.9755105000         0.4505596238         2.9414655773         1.4680079982         5.0091872584         3.3569450002
        2.9804337000         0.4512498805         2.9418000912         1.4654556714         4.9964278711         3.2904576760
        2.9853968000         0.4519454582         2.9421372347         1.4629033445         1.1048147461         3.2239703518
        2.9904160000         0.4526486189         2.9424781056         1.4705603251         1.1150222560         3.4234323244
        2.9953962000         0.4533460379         2.9428162446         1.4603510177         1.1073666236         3.1574830275
        3.0004029000         0.4540468883         2.9431560991         1.4705603251         1.0895034814         3.4234323244
        3.0054052000         0.4547468423         2.9434955708         1.4629033445         0.0049555613         3.2239703518
        3.0104098000         0.4554468371         2.9438351142         1.4680079982         0.0100593162         3.3569450002
        3.0153970000         0.4561441182         2.9441733927         1.4680079982         0.0100593162         3.3569450002
        3.0204151000         0.4568454371         2.9445136820         1.4731126519         0.0075074388         3.4899196487
        3.0254897000         0.4575543635         2.9448577157         1.4782173056         0.0024036839         3.6228942971
        3.0303975000         0.4582397113         2.9451903575         1.4680079982         0.0024036839         3.3569450002
        3.0353975000         0.4589376543         2.9455291637         1.4680079982        -0.0052519485         3.3569450002
        3.0404056000         0.4596364442         2.9458684328         1.4705603251         0.0024036839         3.4234323244
        3.0453930000         0.4603320631         2.9462062138         1.4807696325         0.0049555613         3.6893816213
        3.0504933000         0.4610431365         2.9465515524         1.4807696325         0.0151630711         3.6893816213
        3.0554526000         0.4617342682         2.9468872576         1.4680079982         0.0151630711         3.3569450002
        3.0604001000         0.4624234763         2.9472220790         1.4629033445         0.0228187035         3.2239703518
        3.0653861000         0.4631177651         2.9475594197         1.4756649788         0.0457856007         3.5564069729
        3.0703949000         0.4638149426         2.9478982156         1.4756649788         0.0636487429         3.5564069729
        3.0753993000         0.4645112210         2.9482366261         1.4680079982         0.0738562527         3.3569450002
        3.0803984000         0.4652064754         2.9485745905         1.4680079982         0.0764081302         3.3569450002
        3.0854310000         0.4659060991         2.9489147307         1.4603510177         0.0968231498         3.1574830275
        3.0904308000         0.4666008747         2.9492525656         1.4782173056         0.1172381695         3.6228942971
        3.0954759000         0.4673016534         2.9495933716         1.4909789399         0.1299975568         3.9553309182
        3.1004020000         0.4679856196         2.9499260518         1.4731126519         0.1478606990         3.4899196487
        3.1054126000         0.4686810307         2.9502643499         1.4705603251         0.1555163314         3.4234323244
        3.1104539000         0.4693804097         2.9506046304         1.4756649788         0.1733794736         3.5564069729
        3.1153970000         0.4700658795         2.9509381941         1.4680079982         0.1810351060         3.3569450002
        3.1203944000         0.4707585912         2.9512753328         1.4654556714         0.1963463707         3.2904576760
        3.1254405000         0.4714577590         2.9516156658         1.4731126519         0.2040020031         3.4899196487
        3.1303973000         0.4721442654         2.9519498864         1.4705603251         0.2244170228         3.4234323244
        3.1353881000         0.4728351915         2.9522863097         1.4782173056         0.2448320425         3.6228942971
        3.1404503000         0.4735357054         2.9526274536         1.4833219594         0.2575914298         3.7558689456
        3.1454342000         0.4742250915         2.9529632296         1.4654556714         0.2652470621         3.2904576760
        3.1504261000         0.4749152929         2.9532994538         1.4782173056         0.2805583269         3.6228942971
        3.1553935000         0.4756018169         2.9536339372         1.4782173056         0.2984214691         3.6228942971
        3.1604105000         0.4762949020         2.9539716686         1.4833219594         0.3162846113         3.7558689456
        3.1654390000         0.4769892790         2.9543100812         1.4654556714         0.3162846113         3.2904576760
        3.1704113000         0.4776756029         2.9546446198         1.4782173056         0.3315958761         3.6228942971
        3.1754020000         0.4783641734         2.9549803044         1.4756649788         0.3494590183         3.5564069729
        3.1805292000         0.4790712708         2.9553250740         1.4782173056         0.3647702830         3.6228942971
        3.1854256000         0.4797462482         2.9556542326         1.4731126519         0.3826334252         3.4899196487
        3.1904695000         0.4804412621         2.9559932133         1.4705603251         0.3851853027         3.4234323244
        3.1953916000         0.4811192020         2.9563239166         1.4782173056         0.4158078322         3.6228942971
        3.2004080000         0.4818098343         2.9566608621         1.4807696325         0.4209115871         3.6893816213
        3.2054048000         0.4824974707         2.9569963971         1.4756649788         0.4336709744         3.5564069729
        3.2104323000         0.4831890320         2.9573338986         1.4756649788         0.4464303617         3.5564069729
        3.2154061000         0.4838729100         2.9576677011         1.4782173056         0.4591897490         3.6228942971
        3.2204128000         0.4845610133         2.9580036169         1.4833219594         0.4821566461         3.7558689456
        3.2254006000         0.4852462211         2.9583381699         1.4705603251         0.4847085236         3.4234323244
        3.2304060000         0.4859335472         2.9586738082         1.4858742862         0.5127791757         3.8223562698
        3.2354517000         0.4866261032         2.9590120519         1.4756649788         0.5229866855         3.5564069729
        3.2404100000         0.4873063651         2.9593443417         1.4782173056         0.5306423179         3.6228942971
        3.2454353000         0.4879955176         2.9596810252         1.4731126519         0.5485054601         3.4899196487
        3.2504808000         0.4886871344         2.9600189643         1.4756649788         0.5638167248         3.5564069729
        3.2554131000         0.4893629374         2.9603492265         1.4833219594         0.5740242347         3.7558689456
        3.2606178000         0.4900757451         2.9606976262         1.4756649788         0.5893354994         3.5564069729
        3.2653960000         0.4907298532         2.9610173837         1.4705603251         0.5995430093         3.4234323244
        3.2703958000         0.4914140011         2.9613518755         1.4756649788         0.6174061515         3.5564069729
        3.2753951000         0.4920977775         2.9616862365         1.4858742862         0.6301655388         3.8223562698
        3.2804022000         0.4927823165         2.9620210211         1.4756649788         0.6480286810         3.5564069729
        3.2853992000         0.4934651709         2.9623550325         1.4807696325         0.6633399457         3.6893816213
        3.2904312000         0.4941525009         2.9626912842         1.4782173056         0.6760993330         3.6228942971
        3.2954253000         0.4948343487         2.9630249046         1.4705603251         0.6837549654         3.4234323244
        3.3003963000         0.4955127404         2.9633568840         1.4858742862         0.7041699851         3.8223562698
        3.3053948000         0.4961945803         2.9636906013         1.4782173056         0.7220331273         3.6228942971
        3.3104029000         0.4968774229         2.9640248601         1.4884266131         0.7347925146         3.8888435940
        3.3153969000         0.4975580369         2.9643580783         1.4935312668         0.7526556568         4.0218182425
        3.3204307000         0.4982437652         2.9646938514         1.4884266131         0.7679669216         3.8888435940
        3.3254058000         0.4989211910         2.9650256094         1.4833219594         0.7781744314         3.7558689456
        3.3303979000         0.4996006253         2.9653584013         1.4756649788         0.7858300638         3.5564069729
        3.3354399000         0.5002865393         2.9656944179         1.4731126519         0.8036932060         3.4899196487
        3.3404302000         0.5009651110         2.9660268882         1.4858742862         0.8215563482         3.8223562698
        3.3454632000         0.5016491772         2.9663621014         1.4807696325         0.8343157355         3.6893816213
        3.3503983000         0.5023196328         2.9666906945         1.4807696325         0.8521788777         3.6893816213
        3.3553957000         0.5029982445         2.9670233349         1.4756649788         0.8598345101         3.5564069729
        3.3604727000         0.5036873479         2.9673611696         1.4680079982         0.8751457748         3.3569450002
        3.3654103000         0.5043572232         2.9676896274         1.4756649788         0.8930089170         3.5564069729
        3.3704026000         0.5050342111         2.9680216226         1.4833219594         0.9057683043         3.7558689456
        3.3754576000         0.5057193851         2.9683576832         1.4731126519         0.9210795691         3.4899196487
        3.3804630000         0.5063975219         2.9686903429         1.4705603251         0.9287352015         3.4234323244
        3.3853953000         0.5070654489         2.9690180433         1.4807696325         0.9491502211         3.6893816213
        3.3904092000         0.5077441141         2.9693510622         1.4654556714         0.9568058535         3.2904576760
        3.3954025000         0.5084196779         2.9696826094         1.4782173056         0.9797727506         3.6228942971
        3.4003963000         0.5090949965         2.9700140862         1.4705603251         0.9823246281         3.4234323244
        3.4053978000         0.5097710425         2.9703459702         1.4680079982         1.0052915252         3.3569450002
        3.4104191000         0.5104494482         2.9706790630         1.4782173056         1.0257065449         3.6228942971
        3.4153970000         0.5111216769         2.9710091728         1.4731126519         1.0282584224         3.4899196487
        3.4204068000         0.5117978980         2.9713412932         1.4782173056         1.0512253195         3.6228942971
        3.4254476000         0.5124779836         2.9716753622         1.4756649788         1.0588809519         3.5564069729
        3.4304977000         0.5131590017         2.9720099402         1.4731126519         1.0690884617         3.4899196487
        3.4354698000         0.5138291858         2.9723392454         1.4807696325         1.0920553588         3.6893816213
        3.4405611000         0.5145151119         2.9726763369         1.4756649788         1.0997109912         3.5564069729
        3.4454710000         0.5151762873         2.9730013139         1.4756649788         1.1073666236         3.5564069729
        3.4504494000         0.5158463741         2.9733307200         1.4782173056         1.1252297658         3.6228942971
        3.4554171000         0.5165147062         2.9736593129         1.4782173056         1.1430929080         3.6228942971
        3.4604031000         0.5171851841         2.9739890102         1.4756649788         1.1558522953         3.5564069729
        3.4654154000         0.5178588788         2.9743203393         1.4705603251         1.1635079277         3.4234323244
        3.4707809000         0.5185796908         2.9746748965         1.4629033445         1.1788191925         3.2239703518
        3.4754796000         0.5192106210         2.9749852892         1.4782173056         1.1915785797         3.6228942971
        3.4804267000         0.5198746001         2.9753119881         1.4807696325         1.2170973543         3.6893816213
        3.4853805000         0.5205391639         2.9756390235         1.4782173056         1.2222011093         3.6228942971
        3.4904857000         0.5212237086         2.9759759425         1.4756649788         1.2375123740         3.5564069729
        3.4954259000         0.5218858097         2.9763018646         1.4680079982         1.2553755162         3.3569450002
        3.5006115000         0.5225804620         2.9766438623         1.4731126519         1.2604792711         3.4899196487
        3.5054008000         0.5232217187         2.9769596192         1.4756649788         1.2732386584         3.5564069729
        3.5104917000         0.5239030331         2.9772951505         1.4782173056         1.3013093105         3.6228942971
        3.5154268000         0.5245631770         2.9776203049         1.4807696325         1.3064130654         3.6893816213
        3.5204571000         0.5252357309         2.9779516215         1.4756649788         1.3217243302         3.5564069729
        3.5254244000         0.5258995399         2.9782786793         1.4782173056         1.3319318400         3.6228942971
        3.5308564000         0.5266250830         2.9786362092         1.4807696325         1.3497949822         3.6893816213
        3.5354245000         0.5272349396         2.9789367769         1.4858742862         1.3625543695         3.8223562698
        3.5404496000         0.5279054936         2.9792673070         1.4680079982         1.3702100019         3.3569450002
        3.5453984000         0.5285655446         2.9795927087         1.4858742862         1.3906250215         3.8223562698
        3.5505424000         0.5292512921         2.9799308299         1.4756649788         1.4084881638         3.5564069729
        3.5554261000         0.5299020192         2.9802517319         1.4833219594         1.4212475511         3.7558689456
        3.5603873000         0.5305627535         2.9805776171         1.4858742862         1.4365588158         3.8223562698
        3.5653884000         0.5312284755         2.9809060115         1.4858742862         1.4544219580         3.8223562698
        3.5703783000         0.5318923799         2.9812335584         1.4807696325         1.4620775904         3.6893816213
        3.5754534000         0.5325672849         2.9815665829         1.4782173056         1.4773888552         3.6228942971
        3.5804454000         0.5332308089         2.9818940410         1.4884266131         1.4978038748         3.8888435940
        3.5853876000         0.5338873905         2.9822181213         1.4807696325         1.5054595072         3.6893816213
        3.5903796000         0.5345502615         2.9825453547         1.4833219594         1.5156670170         3.7558689456
        3.5954964000         0.5352293633         2.9828806514         1.4705603251         1.5284264043         3.4234323244
        3.6003868000         0.5358780940         2.9832010010         1.4858742862         1.5488414240         3.8223562698
        3.6054299000         0.5365467498         2.9835312389         1.4858742862         1.5616008113         3.8223562698
        3.6104182000         0.5372078086         2.9838577738         1.4756649788         1.5743601986         3.5564069729
        3.6153881000         0.5378661009         2.9841829909         1.4858742862         1.5973270957         3.8223562698
        3.6204456000         0.5385356599         2.9845138236         1.4782173056         1.6075346056         3.6228942971
        3.6254200000         0.5391938857         2.9848391055         1.4807696325         1.6202939929         3.6893816213
        3.6303784000         0.5398496668         2.9851632275         1.4858742862         1.6305015027         3.8223562698
        3.6353890000         0.5405120190         2.9854906462         1.4884266131         1.6509165224         3.8888435940
        3.6403869000         0.5411723588         2.9858171189         1.4858742862         1.6662277871         3.8223562698
        3.6453891000         0.5418329328         2.9861437564         1.4960835936         1.6815390519         4.0883055667
        3.6504566000         0.5425017889         2.9864745390         1.4731126519         1.6891946843         3.4899196487
        3.6553876000         0.5431522986         2.9867962965         1.4909789399         1.7096097039         3.9553309182
        3.6603960000         0.5438126855         2.9871229881         1.4935312668         1.7198172138         4.0218182425
        3.6654361000         0.5444769124         2.9874516288         1.4960835936         1.7453359884         4.0883055667
        3.6704465000         0.5451368869         2.9877782145         1.4833219594         1.7529916207         3.7558689456
        3.6754440000         0.5457948259         2.9881038417         1.4807696325         1.7657510080         3.6893816213
        3.6804290000         0.5464507841         2.9884285370         1.4884266131         1.7810622728         3.8888435940
        3.6854225000         0.5471075249         2.9887536682         1.4807696325         1.7938216601         3.6893816213
        3.6904140000         0.5477636663         2.9890785511         1.4858742862         1.8116848023         3.8223562698
        3.6953995000         0.5484186828         2.9894029253         1.4833219594         1.8193404347         3.7558689456
        3.7003940000         0.5490745445         2.9897277665         1.4858742862         1.8448592093         3.8223562698
        3.7053886000         0.5497300814         2.9900524953         1.4705603251         1.8448592093         3.4234323244
        3.7104340000         0.5503919423         2.9903804058         1.4782173056         1.8627223515         3.6228942971
        3.7154293000         0.5510468903         2.9907049402         1.4884266131         1.8882411261         3.8888435940
        3.7204061000         0.5516990754         2.9910281535         1.4858742862         1.8958967584         3.8223562698
        3.7254178000         0.5523554932         2.9913535130         1.4807696325         1.9061042683         3.6893816213
        3.7304611000         0.5530157044         2.9916808018         1.4909789399         1.9290711654         3.9553309182
        3.7353954000         0.5536613106         2.9920008981         1.4807696325         1.9341749203         3.6893816213
        3.7403976000         0.5543154614         2.9923252788         1.4909789399         1.9622455724         3.9553309182
        3.7453888000         0.5549678326         2.9926488253         1.4756649788         1.9622455724         3.5564069729
        3.7504134000         0.5556242248         2.9929744146         1.4909789399         1.9928681019         3.9553309182
        3.7554046000         0.5562759110         2.9932977179         1.4935312668         2.0056274892         4.0218182425
        3.7603874000         0.5569261594         2.9936203557         1.4731126519         2.0056274892         3.4899196487
        3.7654351000         0.5575845293         2.9939470721         1.5011882474         2.0234906314         4.2212802152
        3.7703930000         0.5582308454         2.9942678545         1.4756649788         2.0464575285         3.5564069729
        3.7754421000         0.5588887024         2.9945944136         1.4833219594         2.0541131609         3.7558689456
        3.7804796000         0.5595446977         2.9949200975         1.4833219594         2.0745281806         3.7558689456
        3.7854395000         0.5601902454         2.9952406420         1.4884266131         2.0923913228         3.8888435940
        3.7904769000         0.5608455320         2.9955660708         1.4909789399         2.1077025875         3.9553309182
        3.7953980000         0.5614853507         2.9958838649         1.4782173056         2.1102544650         3.6228942971
        3.8003963000         0.5621348631         2.9962065215         1.4884266131         2.1383251170         3.8888435940
        3.8053981000         0.5627844834         2.9965292796         1.4884266131         2.1408769945         3.8888435940
        3.8104448000         0.5634395832         2.9968548088         1.4756649788         2.1561882593         3.5564069729
        3.8153911000         0.5640813067         2.9971737384         1.4858742862         2.1766032789         3.8223562698
        3.8203895000         0.5647294436         2.9974959030         1.4858742862         2.1893626662         3.8223562698
        3.8254590000         0.5653864444         2.9978225223         1.4782173056         2.1995701761         3.6228942971
        3.8304382000         0.5660313934         2.9981431981         1.4935312668         2.2199851957         4.0218182425
        3.8354418000         0.5666791541         2.9984653196         1.4782173056         2.2352964605         3.6228942971
        3.8404686000         0.5673295658         2.9987888075         1.4884266131         2.2557114802         3.8888435940
        3.8454616000         0.5679752539         2.9991099939         1.4884266131         2.2684708674         3.8888435940
        3.8504450000         0.5686193523         2.9994304368         1.4858742862         2.2837821322         3.8223562698
        3.8554575000         0.5692668603         2.9997526239         1.4756649788         2.2863340097         3.5564069729
        3.8604429000         0.5699105175         3.0000729423         1.4858742862         2.3118527843         3.8223562698
        3.8654054000         0.5705508710         3.0003916637         1.4807696325         2.3220602941         3.6893816213
        3.8703886000         0.5711935467         3.0007115880         1.4909789399         2.3399234363         3.9553309182
        3.8753940000         0.5718387333         3.0010328097         1.4782173056         2.3526828236         3.6228942971
        3.8803958000         0.5724831026         3.0013536721         1.4807696325         2.3628903334         3.6893816213
        3.8854316000         0.5731314952         3.0016765858         1.4807696325         2.3833053531         3.6893816213
        3.8905008000         0.5737838260         3.0020015095         1.4909789399         2.4011684953         3.9553309182
        3.8954391000         0.5744189620         3.0023179154         1.4756649788         2.4062722502         3.5564069729
        3.9004308000         0.5750606148         3.0026376147         1.4960835936         2.4317910248         4.0883055667
        3.9054304000         0.5757029288         3.0029576907         1.4807696325         2.4368947797         3.6893816213
        3.9104744000         0.5763505871         3.0032804778         1.4884266131         2.4573097994         3.8888435940
        3.9154386000         0.5769876457         3.0035980291         1.4858742862         2.4700691867         3.8223562698
        3.9204210000         0.5776266871         3.0039166156         1.4858742862         2.4879323289         3.8223562698
        3.9255216000         0.5782805223         3.0042426259         1.4884266131         2.4955879613         3.8888435940
        3.9304512000         0.5789120847         3.0045575774         1.4858742862         2.5108992261         3.8223562698
        3.9354055000         0.5795464618         3.0048739787         1.4782173056         2.5262104908         3.6228942971
        3.9403930000         0.5801847355         3.0051923702         1.4884266131         2.5491773879         3.8888435940
        3.9453861000         0.5808233692         3.0055109882         1.4884266131         2.5670405302         3.8888435940
        3.9503987000         0.5814641376         3.0058307185         1.5062929011         2.5849036724         4.3542548636
        3.9553802000         0.5821005732         3.0061483336         1.4833219594         2.5925593047         3.7558689456
        3.9604355000         0.5827460732         3.0064705200         1.4858742862         2.6002149371         3.8223562698
        3.9654465000         0.5833855540         3.0067897494         1.4833219594         2.6231818342         3.7558689456
        3.9704670000         0.5840258846         3.0071094503         1.4960835936         2.6435968539         4.0883055667
        3.9754003000         0.5846547397         3.0074234678         1.4858742862         2.6487006088         3.8223562698
        3.9804029000         0.5852920700         3.0077417640         1.4884266131         2.6691156285         3.8888435940
        3.9854681000         0.5859370074         3.0080639071         1.4884266131         2.6844268933         3.8888435940
        3.9904969000         0.5865769430         3.0083835994         1.4960835936         2.6920825256         4.0883055667
        3.9954341000         0.5872048662         3.0086973366         1.4909789399         2.7201531777         3.9553309182
        4.0004037000         0.5878365533         3.0090130005         1.4884266131         2.7252569326         3.8888435940
        4.0054205000         0.5884738768         3.0093315278         1.4884266131         2.7482238297         3.8888435940
        4.0103978000         0.5891058211         3.0096474130         1.4884266131         2.7558794621         3.8888435940
        4.0153904000         0.5897393462         3.0099641348         1.5062929011         2.7839501142         4.3542548636
        4.0204432000         0.5903801410         3.0102845383         1.4960835936         2.7916057465         4.0883055667
        4.0254047000         0.5910089952         3.0105990178         1.5037405742         2.8094688888         4.2877675394
        4.0303927000         0.5916408464         3.0109150421         1.4909789399         2.8196763986         3.9553309182
        4.0353846000         0.5922728280         3.0112311780         1.4986359205         2.8400914183         4.1547928909
        4.0403848000         0.5929054953         3.0115477033         1.5037405742         2.8605064379         4.2877675394
        4.0454849000         0.5935504260         3.0118704119         1.5088452279         2.8809214576         4.4207421878
        4.0504035000         0.5941720443         3.0121815012         1.4909789399         2.8834733351         3.9553309182
        4.0554675000         0.5948116680         3.0125016482         1.5113975548         2.9115439871         4.4872295121
        4.0603970000         0.5954339417         3.0128131568         1.4986359205         2.9294071293         4.1547928909
        4.0653984000         0.5960649268         3.0131290723         1.5062929011         2.9396146392         4.3542548636
        4.0703953000         0.5966949767         3.0134445658         1.5088452279         2.9498221490         4.4207421878
        4.0754350000         0.5973300509         3.0137626220         1.5011882474         2.9727890461         4.2212802152
        4.0803903000         0.5979541245         3.0140752146         1.5062929011         2.9855484334         4.3542548636
        4.0854959000         0.5985967481         3.0143971462         1.4986359205         3.0085153306         4.1547928909
        4.0903900000         0.5992123895         3.0147056058         1.5216068622         3.0212747179         4.7531788090
        4.0953977000         0.5998419544         3.0150210873         1.4935312668         3.0416897375         4.0218182425
        4.1003968000         0.6004700679         3.0153358876         1.5062929011         3.0595528797         4.3542548636
        4.1054784000         0.6011081676         3.0156557400         1.5037405742         3.0672085121         4.2877675394
        4.1103960000         0.6017253091         3.0159651322         1.5011882474         3.0876235318         4.2212802152
        4.1154320000         0.6023569373         3.0162818331         1.5062929011         3.1003829191         4.3542548636
        4.1203897000         0.6029783767         3.0165934708         1.4858742862         3.1207979388         3.8223562698
        4.1253910000         0.6036049108         3.0169077091         1.5088452279         3.1361092035         4.4207421878
        4.1303899000         0.6042307719         3.0172216557         1.4935312668         3.1463167133         4.0218182425
        4.1354037000         0.6048581243         3.0175363964         1.4986359205         3.1616279781         4.1547928909
        4.1403980000         0.6054826638         3.0178497716         1.4986359205         3.1769392429         4.1547928909
        4.1454473000         0.6061137022         3.0181664543         1.4986359205         3.1999061400         4.1547928909
        4.1503948000         0.6067316483         3.0184766118         1.4960835936         3.2152174047         4.0883055667
        4.1553978000         0.6073561538         3.0187901071         1.5062929011         3.2356324244         4.3542548636
        4.1604993000         0.6079925684         3.0191096277         1.4858742862         3.2483918117         3.8223562698
        4.1654507000         0.6086098846         3.0194196051         1.5037405742         3.2662549539         4.2877675394
        4.1704300000         0.6092303079         3.0197311878         1.4909789399         3.2739105863         3.9553309182
        4.1754292000         0.6098528359         3.0200438729         1.4909789399         3.2892218510         3.9553309182
        4.1804472000         0.6104773267         3.0203575897         1.4909789399         3.3070849933         3.9553309182
        4.1855384000         0.6111105397         3.0206757350         1.4858742862         3.3249481355         3.8223562698
        4.1904399000         0.6117197896         3.0209818850         1.5011882474         3.3428112777         4.2212802152
        4.1954355000         0.6123403629         3.0212937699         1.4909789399         3.3581225424         3.9553309182
        4.2004043000         0.6129572330         3.0216038386         1.5037405742         3.3734338072         4.2877675394
        4.2054746000         0.6135863193         3.0219200939         1.4858742862         3.3887450720         3.8223562698
        4.2103928000         0.6141961622         3.0222267197         1.4909789399         3.4015044592         3.9553309182
        4.2154303000         0.6148204180         3.0225406375         1.4909789399         3.4219194789         3.9553309182
        4.2204038000         0.6154363651         3.0228504223         1.4884266131         3.4346788662         3.8888435940
        4.2254329000         0.6160588161         3.0231635236         1.4909789399         3.4474382535         3.9553309182
        4.2304819000         0.6166833434         3.0234777152         1.4909789399         3.4755089056         3.9553309182
        4.2354621000         0.6172989806         3.0237874795         1.4884266131         3.4780607830         3.8888435940
        4.2404677000         0.6179173770         3.0240986771         1.4935312668         3.5010276801         4.0218182425
        4.2454211000         0.6185289485         3.0244064846         1.4884266131         3.5112351900         3.8888435940
        4.2503950000         0.6191426743         3.0247154209         1.4960835936         3.5342020871         4.0883055667
        4.2555868000         0.6197828834         3.0250377358         1.4807696325         3.5393058420         3.6893816213
        4.2605098000         0.6203895656         3.0253432162         1.5011882474         3.5673764941         4.2212802152
        4.2654870000         0.6210025500         3.0256519142         1.4986359205         3.5775840039         4.1547928909
        4.2703924000         0.6216063202         3.0259560155         1.4884266131         3.5852396363         3.8888435940
        4.2754059000         0.6222230142         3.0262666707         1.5011882474         3.6133102883         4.2212802152
        4.2804141000         0.6228386711         3.0265768484         1.4782173056         3.6184140433         3.6228942971
        4.2854621000         0.6234588305         3.0268893400         1.4935312668         3.6388290629         4.0218182425
        4.2904240000         0.6240680303         3.0271963536         1.4858742862         3.6490365728         3.8223562698
        4.2956944000         0.6247146911         3.0275222944         1.5011882474         3.6771072248         4.2212802152
        4.3004330000         0.6252957362         3.0278152047         1.4960835936         3.6873147347         4.0883055667
        4.3054921000         0.6259156986         3.0281277779         1.4909789399         3.7000741219         3.9553309182
        4.3103990000         0.6265166321         3.0284308007         1.4909789399         3.7204891416         3.9553309182
        4.3154350000         0.6271329892         3.0287416454         1.4986359205         3.7332485289         4.1547928909
        4.3205561000         0.6277593591         3.0290575862         1.4884266131         3.7460079162         3.8888435940
        4.3254378000         0.6283560695         3.0293586102         1.4909789399         3.7562154260         3.9553309182
        4.3304294000         0.6289658314         3.0296662620         1.5037405742         3.7842860781         4.2877675394
        4.3353923000         0.6295717040         3.0299719955         1.4884266131         3.7893898330         3.8888435940
        4.3404291000         0.6301862072         3.0302821287         1.5011882474         3.8123567301         4.2212802152
        4.3455697000         0.6308129675         3.0305984943         1.4935312668         3.8251161174         4.0218182425
        4.3503965000         0.6314010937         3.0308954015         1.4986359205         3.8480830146         4.1547928909
        4.3554083000         0.6320113774         3.0312035381         1.4909789399         3.8582905244         3.9553309182
        4.3604369000         0.6326233131         3.0315125536         1.5062929011         3.8838092990         4.3542548636
        4.3653798000         0.6332244352         3.0318161519         1.5037405742         3.8940168088         4.2877675394
        4.3703904000         0.6338334009         3.0321237557         1.4935312668         3.9118799510         4.0218182425
        4.3753905000         0.6344406991         3.0324305613         1.4909789399         3.9322949707         3.9553309182
        4.3803895000         0.6350474725         3.0327371458         1.5011882474         3.9399506031         4.2212802152
        4.3854243000         0.6356581954         3.0330457704         1.4986359205         3.9578137453         4.1547928909
        4.3904368000         0.6362658184         3.0333528727         1.4986359205         3.9705731326         4.1547928909
        4.3953954000         0.6368665194         3.0336565200         1.4935312668         3.9909881523         4.0218182425
        4.4003983000         0.6374721955         3.0339627259         1.5062929011         4.0114031719         4.3542548636
        4.4054287000         0.6380808040         3.0342704586         1.4884266131         4.0165069269         3.8888435940
        4.4104061000         0.6386826081         3.0345747944         1.5088452279         4.0445775789         4.4207421878
        4.4154032000         0.6392864013         3.0348801798         1.5037405742         4.0547850888         4.2877675394
        4.4204000000         0.6398897644         3.0351853914         1.4960835936         4.0726482310         4.0883055667
        4.4253922000         0.6404921784         3.0354901664         1.5062929011         4.0828557408         4.3542548636
        4.4304031000         0.6410964529         3.0357959264         1.4884266131         4.0981670056         3.8888435940
        4.4353943000         0.6416979568         3.0361003282         1.5165022085         4.1211339027         4.6202041605
        4.4404755000         0.6423099018         3.0364100584         1.4935312668         4.1389970449         4.0218182425
        4.4453975000         0.6429022836         3.0367099299         1.5088452279         4.1619639420         4.4207421878
        4.4504447000         0.6435093347         3.0370172709         1.5088452279         4.1772752068         4.4207421878
        4.4553912000         0.6441038816         3.0373183242         1.5062929011         4.1900345941         4.3542548636
        4.4604137000         0.6447071656         3.0376238450         1.5088452279         4.2053458588         4.4207421878
        4.4653912000         0.6453046484         3.0379264712         1.4960835936         4.2232090010         4.0883055667
        4.4704004000         0.6459055381         3.0382308664         1.5113975548         4.2436240207         4.4872295121
        4.4754054000         0.6465055246         3.0385348475         1.5190545354         4.2512796531         4.6866914847
        4.4803985000         0.6471036863         3.0388379473         1.5062929011         4.2767984277         4.3542548636
        4.4853971000         0.6477021083         3.0391412221         1.5088452279         4.2997653248         4.4207421878
        4.4905002000         0.6483126288         3.0394506730         1.5037405742         4.3150765896         4.2877675394
        4.4954817000         0.6489081997         3.0397525897         1.5139498816         4.3252840994         4.5537168363
        4.5004059000         0.6494965294         3.0400508778         1.4986359205         4.3354916092         4.1547928909
        4.5053913000         0.6500917754         3.0403527149         1.5037405742         4.3610103838         4.2877675394
        4.5104480000         0.6506951271         3.0406587061         1.5011882474         4.3788735260         4.2212802152
        4.5153977000         0.6512853143         3.0409580635         1.5088452279         4.4018404232         4.4207421878
        4.5204007000         0.6518814567         3.0412604842         1.5165022085         4.4145998105         4.6202041605
        4.5253855000         0.6524750300         3.0415616445         1.5011882474         4.4299110752         4.2212802152
        4.5304012000         0.6530718791         3.0418645098         1.5062929011         4.4477742174         4.3542548636
        4.5353915000         0.6536653034         3.0421656799         1.5037405742         4.4656373597         4.2877675394
        4.5404016000         0.6542606781         3.0424678829         1.5062929011         4.4758448695         4.3542548636
        4.5454702000         0.6548625923         3.0427734489         1.5165022085         4.5064673990         4.6202041605
        4.5504631000         0.6554551111         3.0430742882         1.5011882474         4.5243305412         4.2212802152
        4.5553915000         0.6560395801         3.0433710821         1.5165022085         4.5345380510         4.6202041605
        4.5604012000         0.6566332876         3.0436726098         1.5088452279         4.5600568256         4.4207421878
        4.5653915000         0.6572242918         3.0439728071         1.5190545354         4.5677124580         4.6866914847
        4.5703993000         0.6578169626         3.0442738936         1.5011882474         4.5906793551         4.2212802152
        4.5753922000         0.6584074647         3.0445739208         1.5139498816         4.6136462523         4.5537168363
        4.5804523000         0.6590055012         3.0448778194         1.5113975548         4.6238537621         4.4872295121
        4.5854615000         0.6595971120         3.0451784954         1.5190545354         4.6519244142         4.6866914847
        4.5904010000         0.6601800910         3.0454748263         1.5113975548         4.6570281691         4.4872295121
        4.5953920000         0.6607687445         3.0457740835         1.5062929011         4.6799950662         4.3542548636
        4.6004013000         0.6613591481         3.0460742727         1.5139498816         4.6953063310         4.5537168363
        4.6054714000         0.6619563006         3.0463779367         1.5165022085         4.7106175957         4.6202041605
        4.6104460000         0.6625417971         3.0466757156         1.5113975548         4.7335844928         4.4872295121
        4.6153921000         0.6631235383         3.0469716260         1.5190545354         4.7591032674         4.6866914847
        4.6204023000         0.6637124105         3.0472712057         1.5088452279         4.7795182871         4.4207421878
        4.6254673000         0.6643073057         3.0475738926         1.5292638428         4.7922776744         4.9526407816
        4.6304804000         0.6648956911         3.0478733098         1.5139498816         4.8126926941         4.5537168363
        4.6353909000         0.6654716347         3.0481664365         1.5088452279         4.8229002039         4.4207421878
        4.6404793000         0.6660680262         3.0484700129         1.5037405742         4.8433152236         4.2877675394
        4.6454221000         0.6666469450         3.0487647369         1.5190545354         4.8662821207         4.6866914847
        4.6503978000         0.6672293113         3.0490612575         1.5267115159         4.8943527728         4.8861534574
        4.6554215000         0.6678168821         3.0493604700         1.5113975548         4.8969046502         4.4872295121
        4.6604162000         0.6684006488         3.0496577872         1.5139498816         4.9249753023         4.5537168363
        4.6653916000         0.6689817507         3.0499537887         1.5292638428         4.9479421994         4.9526407816
        4.6703997000         0.6695662592         3.0502515672         1.5139498816         4.9632534642         4.5537168363
        4.6753992000         0.6701493506         3.0505486655         1.5241591891         4.9811166064         4.8196661332
        4.6805159000         0.6707456831         3.0508525536         1.5139498816         4.9964278711         4.5537168363
        4.6854479000         0.6713200795         3.0511453044         1.5267115159         5.0040835035         4.8861534574
        4.6904963000         0.6719076148         3.0514447936         1.5369208233         5.0066353810         5.1521027543
        4.6953922000         0.6724769985         3.0517350706         1.5267115159         5.0117391359         4.8861534574
        4.7004075000         0.6730598559         3.0520322579         1.5113975548         5.0015316260         4.4872295121
        4.7053905000         0.6736385457         3.0523273616         1.5241591891         5.0142910133         4.8196661332
        4.7104004000         0.6742199435         3.0526238877         1.5267115159         5.0040835035         4.8861534574
        4.7153855000         0.6747980488         3.0529187758         1.5292638428         4.9913241162         4.9526407816
        4.7203920000         0.6753782194         3.0532147587         1.5165022085         1.0997109912         4.6202041605
        4.7253914000         0.6759571503         3.0535101505         1.5216068622         1.1073666236         4.7531788090
        4.7303916000         0.6765357570         3.0538054181         1.5216068622         1.1175741334         4.7531788090
        4.7353846000         0.6771131140         3.0541000891         1.5318161696         0.0024036839         5.0191281059
        4.7404530000         0.6776987638         3.0543990346         1.5190545354         0.0024036839         4.6866914847
        4.7454153000         0.6782717377         3.0546915505         1.5165022085         0.0024036839         4.6202041605
        4.7503923000         0.6788459949         3.0549847623         1.5241591891         0.0024036839         4.8196661332
        4.7553983000         0.6794231797         3.0552795099         1.5496824576         0.0100593162         5.4845393755
        4.7604006000         0.6799995183         3.0555738664         1.5241591891         0.0024036839         4.8196661332
        4.7653999000         0.6805750917         3.0558678731         1.5241591891         0.0151630711         4.8196661332
        4.7704750000         0.6811589628         3.0561661602         1.5318161696         0.0381299683         5.0191281059
        4.7754732000         0.6817335637         3.0564597524         1.5318161696         0.0483374781         5.0191281059
        4.7804042000         0.6823000274         3.0567492269         1.5292638428         0.0713043752         4.9526407816
        4.7854016000         0.6828737014         3.0570424265         1.5292638428         0.0942712724         4.9526407816
        4.7904494000         0.6834527338         3.0573384061         1.5216068622         0.1095825371         4.7531788090
        4.7953964000         0.6840197866         3.0576283023         1.5420254771         0.1376531892         5.2850774028
        4.8003900000         0.6845917620         3.0579207555         1.5267115159         0.1504125765         4.8861534574
        4.8053910000         0.6851641629         3.0582134669         1.5343684965         0.1733794736         5.0856154301
        4.8104071000         0.6857378674         3.0585068857         1.5292638428         0.1912426158         4.9526407816
        4.8153994000         0.6863084271         3.0587987366         1.5241591891         0.2091057580         4.8196661332
        4.8204311000         0.6868830627         3.0590927132         1.5394731502         0.2371764101         5.2185900786
        4.8253993000         0.6874500254         3.0593828046         1.5267115159         0.2524876748         4.8861534574
        4.8304046000         0.6880207985         3.0596748860         1.5267115159         0.2677989396         4.8861534574
        4.8354495000         0.6885956569         3.0599690989         1.5190545354         0.2805583269         4.6866914847
        4.8404488000         0.6891648928         3.0602604746         1.5241591891         0.3035252240         4.8196661332
        4.8454361000         0.6897323388         3.0605509743         1.5343684965         0.3315958761         5.0856154301
        4.8504065000         0.6902974408         3.0608403138         1.5318161696         0.3443552634         5.0191281059
        4.8554010000         0.6908648590         3.0611308792         1.5241591891         0.3724259154         4.8196661332
        4.8604010000         0.6914324761         3.0614215865         1.5267115159         0.3775296703         4.8861534574
        4.8653948000         0.6919989637         3.0617117554         1.5165022085         0.4056003224         4.6202041605
        4.8704958000         0.6925771722         3.0620079693         1.5190545354         0.4158078322         4.6866914847
        4.8753915000         0.6931316913         3.0622920864         1.5292638428         0.4464303617         4.9526407816
        4.8804157000         0.6937003391         3.0625834823         1.5292638428         0.4617416265         4.9526407816
        4.8853966000         0.6942636596         3.0628721881         1.5292638428         0.4847085236         4.9526407816
        4.8904110000         0.6948303395         3.0631626557         1.5369208233         0.5051235433         5.1521027543
        4.8953907000         0.6953926713         3.0634509341         1.5139498816         0.5127791757         4.5537168363
        4.9004398000         0.6959624057         3.0637430478         1.5343684965         0.5408498277         5.0856154301
        4.9054766000         0.6965303160         3.0640342665         1.5216068622         0.5638167248         4.7531788090
        4.9104137000         0.6970865618         3.0643195430         1.5216068622         0.5740242347         4.7531788090
        4.9153971000         0.6976475988         3.0646073158         1.5241591891         0.5918873769         4.8196661332
        4.9204267000         0.6982134037         3.0648975742         1.5165022085         0.6046467642         4.6202041605
        4.9254278000         0.6987755703         3.0651860058         1.5241591891         0.6352692937         4.8196661332
        4.9304584000         0.6993406180         3.0654759554         1.5241591891         0.6429249261         4.8196661332
        4.9356604000         0.6999244584         3.0657755904         1.5241591891         0.6684437007         4.8196661332
        4.9406120000         0.7004797613         3.0660606193         1.5139498816         0.6863068429         4.5537168363
        4.9453981000         0.7010161013         3.0663359514         1.5241591891         0.7041699851         4.8196661332
        4.9505336000         0.7015911550         3.0666311975         1.5267115159         0.7271368822         4.8861534574
        4.9554691000         0.7021433833         3.0669147636         1.5241591891         0.7398962695         4.8196661332
        4.9604510000         0.7027003753         3.0672008145         1.5241591891         0.7603112892         4.8196661332
        4.9654463000         0.7032584334         3.0674874521         1.5292638428         0.7858300638         4.9526407816
        4.9704013000         0.7038115615         3.0677715960         1.5267115159         0.8011413285         4.8861534574
        4.9754960000         0.7043798398         3.0680635628         1.5292638428         0.8241082257         4.9526407816
        4.9805035000         0.7049379519         3.0683503459         1.5267115159         0.8368676129         4.8861534574
        4.9853936000         0.7054825583         3.0686302270         1.5216068622         0.8598345101         4.7531788090
        4.9903934000         0.7060389515         3.0689162040         1.5318161696         0.8776976523         5.0191281059
        4.9953920000         0.7065947759         3.0692019275         1.5216068622         0.8955607945         4.7531788090
        0.0000000000         0.0004946000         0.0000776916         2.5000000000         1.3378393285         1.2094417220
        0.0000000000         0.0054096000         0.0008497379         2.5000000000         1.3378393285         1.2094417220
        0.0000000000         0.0104017000         0.0016338945         2.5000000000         1.3352870017         1.2094417220
        0.0000000000         0.0153899000         0.0024174375         2.5000000000         1.3378393285         1.2094417220
        0.0000000000         0.0204990000         0.0032199698         2.5000000000         1.3327346748         1.2017860896
        0.0000000000         0.0253958000         0.0039891524         2.5000000000         1.3403916554         1.2094417220
        0.0000000000         0.0304663000         0.0047856169         2.5000000000         1.3378393285         1.2094417220
        0.0000000000         0.0354789000         0.0055729837         2.5000000000         1.3429439823         1.2145454769
        0.0000000000         0.0404469000         0.0063533415         2.5000000000         1.3659149240         1.2094417220
        0.0000000000         0.0453915000         0.0071300197         2.5000000000         1.3352870017         1.2094417220
        0.0000000000         0.0504803000         0.0079293439         2.5000000000         1.3327346748         1.2017860896
        0.0000000000         0.0553905000         0.0087006096         2.5000000000         1.3378393285         1.2094417220
        0.0000000000         0.0604163000         0.0094900278         2.5000000000         1.3429439823         1.2145454769
        0.0000000000         0.0653796000         0.0102696230         2.5000000000         1.3352870017         1.2094417220
        0.0000000000         0.0703945000         0.0110573169         2.5000000000         1.3378393285         1.2068898445
        0.0000000000         0.0754466000         0.0118508468         2.5000000000         1.3327346748         1.2043379670
        0.0000000000         0.0804142000         0.0126310971         2.5000000000         1.3352870017         1.2094417220
        0.0000000000         0.0853893000         0.0134125177         2.5000000000         1.3378393285         1.2094417220
        0.0000000000         0.0905397000         0.0142214634         2.5000000000         1.3403916554         1.2094417220
        0.0000000000         0.0954056000         0.0149857157         2.5000000000         1.3352870017         1.2094417220
        0.0000000000         0.1004049000         0.0157709110         2.5000000000         1.3454963091         1.2145454769
        0.0000000000         0.1054607000         0.0165649704         2.5000000000         1.3378393285         1.2094417220
        0.0000000000         0.1105482000         0.0173639980         2.5000000000         1.3301823480         1.2043379670
        0.0000000000         0.1153911000         0.0181245991         2.5000000000         1.3352870017         1.2094417220
        0.0000000000         0.1209156000         0.0189922361         2.5000000000         1.3352870017         1.2094417220
        0.0000000000         0.1254627000         0.0197063591         2.5000000000         1.3378393285         1.2094417220
        0.0000000000         0.1304351000         0.0204872641         2.5000000000         1.3454963091         1.2145454769
        0.0000000000         0.1353821000         0.0212641677         2.5000000000         1.3301823480         1.2043379670
        0.0000000000         0.1409266000         0.0221348907         2.5000000000         1.3454963091         1.2170973543
        0.0000000000         0.1454344000         0.0228427951         2.5000000000         1.3429439823         1.2170973543
        0.0000000000         0.1504713000         0.0236337759         2.5000000000         1.3454963091         1.2145454769
        0.0000000000         0.1553884000         0.0244059292         2.5000000000         1.3352870017         1.2094417220
        0.0000000000         0.1604890000         0.0252068831         2.5000000000         1.3735719045         1.2170973543
        0.0000000000         0.1654210000         0.0259813460         2.5000000000         1.3352870017         1.2119935994
        0.0000000000         0.1704414000         0.0267696742         2.5000000000         1.3327346748         1.2043379670
        0.0000000000         0.1753951000         0.0275475125         2.5000000000         1.3454963091         1.2145454769
        0.0000000000         0.1803880000         0.0283314893         2.5000000000         1.3276300211         1.2043379670
        0.0000000000         0.1853897000         0.0291168303         2.5000000000         1.3454963091         1.2145454769
        0.0000000000         0.1903815000         0.0299005989         2.5000000000         1.3352870017         1.2094417220
        0.0000000000         0.1953921000         0.0306873008         2.5000000000         1.3429439823         1.2145454769
        0.0000000000         0.2004259000         0.0314776262         2.5000000000         1.3659149240         1.2094417220
        0.0000000000         0.2054496000         0.0322663462         2.5000000000         1.3454963091         1.2145454769
        0.0000000000         0.2103908000         0.0330420942         2.5000000000         1.3352870017         1.2068898445
        0.0000000000         0.2153909000         0.0338270689         2.5000000000         1.3429439823         1.2145454769
        0.0000000000         0.2204161000         0.0346159631         2.5000000000         1.3301823480         1.2017860896
        0.0000000000         0.2253910000         0.0353969396         2.5000000000         1.3454963091         1.2094417220
        0.0000000000         0.2304252000         0.0361872032         2.5000000000         1.3454963091         1.2170973543
        0.0000000000         0.2354588000         0.0369773500         2.5000000000         1.3301823480         1.2017860896
        0.0000000000         0.2404187000         0.0377559051         2.5000000000         1.3429439823         1.2170973543
        0.0000000000         0.2453902000         0.0385362581         2.5000000000         1.3378393285         1.2068898445
        0.0000000000         0.2503822000         0.0393198052         2.5000000000         1.3327346748         1.2043379670
        0.0000000000         0.2553903000         0.0401058552         2.5000000000         1.3429439823         1.2145454769
        0.0000000000         0.2604277000         0.0408964788         2.5000000000         1.3429439823         1.2170973543
        0.0000000000         0.2653898000         0.0416752591         2.5000000000         1.3327346748         1.2017860896
        0.0000000000         0.2703998000         0.0424615313         2.5000000000         1.3454963091         1.2145454769
        0.0000000000         0.2753898000         0.0432446386         2.5000000000         1.3378393285         1.2094417220
        0.0000000000         0.2804535000         0.0440392849         2.5000000000         1.3429439823         1.2145454769
        0.0000000000         0.2853896000         0.0448138801         2.5000000000         1.3301823480         1.2043379670
        0.0000000000         0.2904181000         0.0456029475         2.5000000000         1.3429439823         1.2119935994
        0.0000000000         0.2953906000         0.0463831993         2.5000000000         1.3301823480         1.2017860896
        0.0000000000         0.3004168000         0.0471718487         2.5000000000         1.3454963091         1.2145454769
        0.0000000000         0.3054246000         0.0479575818         2.5000000000         1.3352870017         1.2017860896
        0.0000000000         0.3103812000         0.0487352522         2.5000000000         1.3378393285         1.2119935994
        0.0000000000         0.3153820000         0.0495198275         2.5000000000         1.3429439823         1.2170973543
        0.0000000000         0.3203813000         0.0503041369         2.5000000000         1.3378393285         1.2094417220
        0.0000000000         0.3254314000         0.0510963845         2.5000000000         1.3403916554         1.2094417220
        0.0000000000         0.3304163000         0.0518783722         2.5000000000         1.3429439823         1.2145454769
        0.0000000000         0.3353882000         0.0526582889         2.5000000000         1.3378393285         1.2094417220
        0.0000000000         0.3404154000         0.0534468475         2.5000000000         1.3301823480         1.2043379670
        0.0000000000         0.3454428000         0.0542354042         2.5000000000         1.3301823480         1.2043379670
        0.0000000000         0.3504242000         0.0550167123         2.5000000000         1.3429439823         1.2145454769
        0.0000000000         0.3554341000         0.0558024565         2.5000000000         1.3352870017         1.2094417220
        0.0000000000         0.3604199000         0.0565843867         2.5000000000         1.3301823480         1.2017860896
        0.0000000000         0.3653992000         0.0573652628         2.5000000000         1.3352870017         1.2068898445
        0.0000000000         0.3703878000         0.0581475621         2.5000000000         1.3378393285         1.2094417220
        0.0000000000         0.3754355000         0.0589390930         2.5000000000         1.3327346748         1.2017860896
        0.0000000000         0.3804359000         0.0597231703         2.5000000000         1.3301823480         1.2043379670
        0.0000000000         0.3854233000         0.0605051725         2.7598592757         1.3327346748         1.2043379670
        0.0000000000         0.3904185000         0.0612883604         2.7602101938         1.3352870017         1.2094417220
        0.0000000000         0.3954519000         0.0620774994         2.7605638302         1.3403916554         1.2094417220
        0.0000000000         0.4004188000         0.0628561745         2.7609128283         1.3327346748         1.2017860896
        0.0000000000         0.4054225000         0.0636405802         2.7612644459         1.3454963091         1.2145454769
        0.0000000000         0.4104218000         0.0644242568         2.7616157881         1.3454963091         1.2170973543
        0.0000000000         0.4153969000         0.0652041005         2.7619654629         1.3301823480         1.2017860896
        0.0000000000         0.4203815000         0.0659853933         2.7623158384         1.3352870017         1.2068898445
        0.0000000000         0.4253922000         0.0667707364         2.7626680817         1.3352870017         1.2094417220
        0.0000000000         0.4303875000         0.0675536245         2.7630192753         1.3608102703         1.2094417220
        0.0000000000         0.4353929000         0.0683380539         2.7633712117         1.3812288851         1.2068898445
        0.0000000000         0.4403906000         0.0691212344         2.7637226392         1.3786765582         1.2196492318
        0.0000000000         0.4453920000         0.0699049521         2.7640743592         1.3633625971         1.2119935994
        0.0000000000         0.4504246000         0.0706935152         2.7644283057         1.3684672508         1.2273048642
        0.0000000000         0.4554055000         0.0714739340         2.7647786480         1.3735719045         1.2247529867
        0.0000000000         0.4604036000         0.0722570037         2.7651302316         1.3684672508         1.2247529867
        0.0000000000         0.4655128000         0.0730574337         2.7654896630         1.3735719045         1.2273048642
        0.0000000000         0.4704241000         0.0738268155         2.7658352029         1.3761242314         1.2273048642
        0.0000000000         0.4754003000         0.0746063195         2.7661853395         1.3761242314         1.2400642515
        0.0000000000         0.4803926000         0.0753882996         2.7665366396         1.3761242314         1.2400642515
        0.0000000000         0.4854055000         0.0761734599         2.7668894201         1.3761242314         1.2477198838
        0.0000000000         0.4904257000         0.0769597161         2.7672427451         1.3608102703         1.2451680064
        0.0000000000         0.4953948000         0.0777379221         2.7675925036         1.3659149240         1.2528236388
        0.0000000000         0.5004170000         0.0785243958         2.7679460299         1.3735719045         1.2502717613
        0.0000000000         0.5054037000         0.0793052620         2.7682970870         1.3735719045         1.2553755162
        0.0000000000         0.5103897000         0.0800859698         2.7686481243         1.3684672508         1.2579273937
        0.0000000000         0.5154721000         0.0808817215         2.7690059788         1.3837812120         1.2706867810
        0.0000000000         0.5204182000         0.0816560831         2.7693542654         1.3684672508         1.2655830261
        0.0000000000         0.5254161000         0.0824385044         2.7697062283         1.3761242314         1.2681349035
        0.0000000000         0.5304158000         0.0832211568         2.7700583469         1.3710195777         1.2706867810
        0.0000000000         0.5354690000         0.0840121318         2.7704142624         1.3684672508         1.2681349035
        0.0000000000         0.5404523000         0.0847921136         2.7707652831         1.3659149240         1.2706867810
        0.0000000000         0.5454326000         0.0855715739         2.7711161205         1.3735719045         1.2808942908
        0.0000000000         0.5504330000         0.0863541274         2.7714684017         1.3812288851         1.2911018006
        0.0000000000         0.5554928000         0.0871459226         2.7718248961         1.3684672508         1.2911018006
        0.0000000000         0.5604577000         0.0879228137         2.7721747316         1.3812288851         1.3013093105
        0.0000000000         0.5654538000         0.0887045328         2.7725267928         1.3659149240         1.2911018006
        0.0000000000         0.5704046000         0.0894791102         2.7728756887         1.3761242314         1.3013093105
        0.0000000000         0.5754063000         0.0902615962         2.7732281985         1.3761242314         1.3089649429
        0.0000000000         0.5804042000         0.0910434320         2.7735804672         1.3710195777         1.3115168203
        0.0000000000         0.5853913000         0.0918235224         2.7739320012         1.3812288851         1.3166205752
        0.0000000000         0.5903898000         0.0926053395         2.7742843651         1.3684672508         1.3089649429
        0.0000000000         0.5954143000         0.0933911657         2.7746385882         1.3659149240         1.3115168203
        0.0000000000         0.6004021000         0.0941711945         2.7749902499         1.3812288851         1.3293799625
        0.0000000000         0.6053953000         0.0949520100         2.7753423180         1.3684672508         1.3217243302
        0.0000000000         0.6103941000         0.0957336426         2.7756948065         1.3786765582         1.3319318400
        0.0000000000         0.6154040000         0.0965169516         2.7760481031         1.3761242314         1.3319318400
        0.0000000000         0.6203914000         0.0972966834         2.7763998381         1.3735719045         1.3319318400
        0.0000000000         0.6254210000         0.0980829522         2.7767545743         1.3837812120         1.3472431047
        0.0000000000         0.6304286000         0.0988657210         2.7771077838         1.3786765582         1.3446912273
        0.0000000000         0.6354609000         0.0996522892         2.7774627603         1.3812288851         1.3497949822
        0.0000000000         0.6404292000         0.1004287928         2.7778132463         1.3812288851         1.3574506146
        0.0000000000         0.6454061000         0.1012065792         2.7781643630         1.3837812120         1.3600024920
        0.0000000000         0.6504642000         0.1019969922         2.7785212324         1.3735719045         1.3600024920
        0.0000000000         0.6554435000         0.1027750284         2.7788725660         1.3888858657         1.3753137568
        0.0000000000         0.6603904000         0.1035479397         2.7792216364         1.3837812120         1.3727618793
        0.0000000000         0.6654726000         0.1043419254         2.7795802779         1.3786765582         1.3702100019
        0.0000000000         0.6704173000         0.1051143658         2.7799292390         1.3837812120         1.3778656343
        0.0000000000         0.6754020000         0.1058929906         2.7802810458         1.3761242314         1.3829693892
        0.0000000000         0.6804574000         0.1066825927         2.7806378653         1.3863335388         1.3982806539
        0.0000000000         0.6853937000         0.1074535277         2.7809863007         1.3761242314         1.3880731441
        0.0000000000         0.6904406000         0.1082416691         2.7813425654         1.3863335388         1.4084881638
        0.0000000000         0.6954410000         0.1090224817         2.7816955697         1.3812288851         1.4033844088
        0.0000000000         0.7003894000         0.1097951083         2.7820449246         1.3786765582         1.4084881638
        0.0000000000         0.7053938000         0.1105764111         2.7823982545         1.3837812120         1.4135919187
        0.0000000000         0.7103888000         0.1113561782         2.7827509422         1.3786765582         1.4110400412
        0.0000000000         0.7154727000         0.1121497531         2.7831099287         1.3863335388         1.4212475511
        0.0000000000         0.7204281000         0.1129232008         2.7834598623         1.3837812120         1.4237994285
        0.0000000000         0.7254972000         0.1137143242         2.7838178462         1.3863335388         1.4391106933
        0.0000000000         0.7304171000         0.1144820934         2.7841653137         1.3837812120         1.4340069384
        0.0000000000         0.7353972000         0.1152591874         2.7845170529         1.3863335388         1.4442144482
        0.0000000000         0.7404167000         0.1160423579         2.7848715951         1.3735719045         1.4365588158
        0.0000000000         0.7454408000         0.1168261740         2.7852264824         1.3786765582         1.4467663256
        0.0000000000         0.7503889000         0.1175980621         2.7855760207         1.3761242314         1.4442144482
        0.0000000000         0.7553917000         0.1183784110         2.7859294425         1.3786765582         1.4595257129
        0.0000000000         0.7603923000         0.1191583436         2.7862827282         1.3735719045         1.4544219580
        0.0000000000         0.7653930000         0.1199382184         2.7866360401         1.3863335388         1.4646294679
        0.0000000000         0.7704542000         0.1207274529         2.7869936458         1.3761242314         1.4620775904
        0.0000000000         0.7754019000         0.1214989147         2.7873432505         1.3761242314         1.4722851002
        0.0000000000         0.7803931000         0.1222770848         2.7876959472         1.3863335388         1.4850444875
        0.0000000000         0.7854889000         0.1230714854         2.7880560541         1.3863335388         1.4875963650
        0.0000000000         0.7904201000         0.1238401509         2.7884045470         1.3761242314         1.4850444875
        0.0000000000         0.7954002000         0.1246163634         2.7887565134         1.3812288851         1.4901482425
        0.0000000000         0.8003883000         0.1253937464         2.7891090627         1.3863335388         1.4952519974
        0.0000000000         0.8053972000         0.1261742935         2.7894630996         1.3812288851         1.5003557523
        0.0000000000         0.8103886000         0.1269520359         2.7898159167         1.3837812120         1.5029076297
        0.0000000000         0.8154292000         0.1277373653         2.7901722288         1.3863335388         1.5003557523
        0.0000000000         0.8204425000         0.1285183618         2.7905266280         1.3888858657         1.5105632621
        0.0000000000         0.8254408000         0.1292969423         2.7908799834         1.3863335388         1.5182188945
        0.0000000000         0.8304382000         0.1300753028         2.7912332916         1.3863335388         1.5258745269
        0.0000000000         0.8354326000         0.1308531161         2.7915864038         1.3786765582         1.5207707720
        0.0000000000         0.8403820000         0.1316238417         2.7919363501         1.3863335388         1.5284264043
        0.0000000000         0.8454490000         0.1324127977         2.7922946273         1.3863335388         1.5335301593
        0.0000000000         0.8503973000         0.1331831906         2.7926445269         1.3812288851         1.5437376691
        0.0000000000         0.8553943000         0.1339610838         2.7929978853         1.3863335388         1.5437376691
        0.0000000000         0.8603957000         0.1347395794         2.7933515700         1.3812288851         1.5488414240
        0.0000000000         0.8654486000         0.1355260067         2.7937089118         1.3786765582         1.5462895465
        0.0000000000         0.8703820000         0.1362937529         2.7940578170         1.3939905194         1.5667045662
        0.0000000000         0.8753829000         0.1370719200         2.7944115103         1.3812288851         1.5564970564
        0.0000000000         0.8804177000         0.1378552767         2.7947676158         1.3812288851         1.5641526888
        0.0000000000         0.8856940000         0.1386761155         2.7951408175         1.3863335388         1.5794639535
        0.0000000000         0.8903896000         0.1394065341         2.7954729582         1.3914381925         1.5820158310
        0.0000000000         0.8957813000         0.1402451402         2.7958543521         1.3837812120         1.5794639535
        0.0000000000         0.9004295000         0.1409680243         2.7961831653         1.3888858657         1.5922233408
        0.0000000000         0.9054003000         0.1417409956         2.7965348119         1.3837812120         1.5896714634
        0.0000000000         0.9103926000         0.1425172232         2.7968879924         1.3837812120         1.5947752183
        0.0000000000         0.9153928000         0.1432945914         2.7972417445         1.3837812120         1.5998789732
        0.0000000000         0.9204107000         0.1440746224         2.7975967615         1.3888858657         1.6100864830
        0.0000000000         0.9254673000         0.1448605788         2.7979545291         1.3710195777         1.6049827281
        0.0000000000         0.9303882000         0.1456253553         2.7983027075         1.3863335388         1.6126383605
        0.0000000000         0.9353878000         0.1464022738         2.7986564662         1.3837812120         1.6151902379
        0.0000000000         0.9403957000         0.1471803916         2.7990108239         1.3761242314         1.6151902379
        0.0000000000         0.9455405000         0.1479796858         2.7993748806         1.3888858657         1.6356052576
        0.0000000000         0.9504262000         0.1487386369         2.7997206140         1.3786765582         1.6279496252
        0.0000000000         0.9554237000         0.1495148645         2.8000742697         1.3837812120         1.6356052576
        0.0000000000         0.9603914000         0.1502863721         2.8004258274         1.3914381925         1.6381571351
        0.0000000000         0.9654211000         0.1510674154         2.8007817834         1.3863335388         1.6381571351
        0.0000000000         0.9704646000         0.1518505070         2.8011387267         1.3990951731         1.6560202773
        0.0000000000         0.9754197000         0.1526197801         2.8014894238         1.3965428462         1.6636759097
        0.0000000000         0.9804238000         0.1533965665         2.8018435988         1.3863335388         1.6534683998
        0.0000000000         0.9853828000         0.1541662586         2.8021945915         1.3863335388         1.6687796646
        0.0000000000         0.9904750000         0.1549565275         2.8025550217         1.3888858657         1.6713315420
        0.0000000000         0.9954211000         0.1557240279         2.8029051202         1.3888858657         1.6738834195
        0.0000000000         1.0004057000         0.1564974073         2.8032579529         1.3914381925         1.6866428068
        0.0000000000         1.0053949000         0.1572714044         2.8036111200         1.3837812120         1.6815390519
        0.0000000000         1.0104030000         0.1580482364         2.8039656338         1.3965428462         1.6994021941
        0.0000000000         1.0154220000         0.1588266610         2.8043209277         1.3914381925         1.6968503166
        0.0000000000         1.0204331000         0.1596037619         2.8046756708         1.3914381925         1.7070578265
        0.0000000000         1.0254188000         0.1603768257         2.8050286238         1.3863335388         1.6994021941
        0.0000000000         1.0304487000         0.1611566433         2.8053847137         1.3888858657         1.7172653363
        0.0000000000         1.0354318000         0.1619291060         2.8057374982         1.3863335388         1.7096097039
        0.0000000000         1.0404393000         0.1627052512         2.8060920174         1.3939905194         1.7249209687
        0.0000000000         1.0454303000         0.1634787387         2.8064453758         1.3863335388         1.7274728461
        0.0000000000         1.0503929000         0.1642477253         2.8067967303         1.3837812120         1.7249209687
        0.0000000000         1.0554259000         0.1650275189         2.8071530761         1.3863335388         1.7376803560
        0.0000000000         1.0603983000         0.1657978221         2.8075051378         1.3863335388         1.7402322334
        0.0000000000         1.0653880000         0.1665707036         2.8078584308         1.3863335388         1.7478878658
        0.0000000000         1.0703836000         0.1673443965         2.8082121476         1.3863335388         1.7504397433
        0.0000000000         1.0754213000         0.1681245053         2.8085688513         1.3914381925         1.7606472531
        0.0000000000         1.0804083000         0.1688966593         2.8089219708         1.3888858657         1.7606472531
        0.0000000000         1.0853925000         0.1696682762         2.8092748976         1.3863335388         1.7631991306
        0.0000000000         1.0904004000         0.1704434574         2.8096295078         1.3837812120         1.7657510080
        0.0000000000         1.0953920000         0.1712160106         2.8099829689         1.3965428462         1.7810622728
        0.0000000000         1.1004061000         0.1719919401         2.8103380280         1.3914381925         1.7785103953
        0.0000000000         1.1053980000         0.1727643282         2.8106915198         1.3888858657         1.7861660277
        0.0000000000         1.1104223000         0.1735416222         2.8110473104         1.3965428462         1.7810622728
        0.0000000000         1.1154537000         0.1743199064         2.8114036080         1.3939905194         1.7989254150
        0.0000000000         1.1204052000         0.1750857248         2.8117542515         1.3965428462         1.8040291699
        0.0000000000         1.1254421000         0.1758646429         2.8121109464         1.3888858657         1.8065810474
        0.0000000000         1.1304636000         0.1766410699         2.8124665543         1.3939905194         1.8116848023
        0.0000000000         1.1354405000         0.1774104924         2.8128190071         1.3812288851         1.8142366797
        0.0000000000         1.1404422000         0.1781836397         2.8131732192         1.3990951731         1.8295479445
        0.0000000000         1.1454220000         0.1789532926         2.8135258834         1.3863335388         1.8295479445
        0.0000000000         1.1504271000         0.1797267453         2.8138803419         1.3939905194         1.8320998220
        0.0000000000         1.1554007000         0.1804952202         2.8142325721         1.3965428462         1.8448592093
        0.0000000000         1.1604066000         0.1812685745         2.8145870920         1.3863335388         1.8372035769
        0.0000000000         1.1653913000         0.1820385423         2.8149401126         1.4016475000         1.8550667191
        0.0000000000         1.1704991000         0.1828274092         2.8153018530         1.3888858657         1.8525148416
        0.0000000000         1.1754852000         0.1835973667         2.8156549762         1.3888858657         1.8550667191
        0.0000000000         1.1803936000         0.1843552157         2.8160025978         1.3939905194         1.8678261064
        0.0000000000         1.1853978000         0.1851277433         2.8163570053         1.3990951731         1.8780336162
        0.0000000000         1.1903969000         0.1858993694         2.8167110526         1.3965428462         1.8703779838
        0.0000000000         1.1954013000         0.1866716987         2.8170654759         1.3888858657         1.8831373711
        0.0000000000         1.2004155000         0.1874454247         2.8174205939         1.3939905194         1.8882411261
        0.0000000000         1.2053918000         0.1882131876         2.8177730279         1.3965428462         1.8984486359
        0.0000000000         1.2104615000         0.1889952423         2.8181320768         1.3863335388         1.8907930035
        0.0000000000         1.2153941000         0.1897560328         2.8184814159         1.3914381925         1.8958967584
        0.0000000000         1.2204086000         0.1905293386         2.8188365549         1.3939905194         1.9086561457
        0.0000000000         1.2254068000         0.1913000131         2.8191905389         1.3990951731         1.9163117781
        0.0000000000         1.2304404000         0.1920760268         2.8195470292         1.3965428462         1.9163117781
        0.0000000000         1.2353935000         0.1928395128         2.8198978174         1.3939905194         1.9214155330
        0.0000000000         1.2404177000         0.1936138391         2.8202536397         1.4093044805         1.9418305527
        0.0000000000         1.2454575000         0.1943904485         2.8206105654         1.4041998268         1.9367267978
        0.0000000000         1.2504072000         0.1951530554         2.8209611084         1.3990951731         1.9469343076
        0.0000000000         1.2554414000         0.1959285603         2.8213176338         1.3965428462         1.9520380625
        0.0000000000         1.2603982000         0.1966920222         2.8216686757         1.4016475000         1.9596936949
        0.0000000000         1.2653899000         0.1974607391         2.8220221869         1.3990951731         1.9647974498
        0.0000000000         1.2703942000         0.1982312744         2.8223765878         1.4093044805         1.9750049597
        0.0000000000         1.2753900000         0.1990003788         2.8227303840         1.3965428462         1.9750049597
        0.0000000000         1.2803943000         0.1997706689         2.8230847791         1.3965428462         1.9750049597
        0.0000000000         1.2854313000         0.2005458677         2.8234414868         1.4067521537         1.9954199793
        0.0000000000         1.2904107000         0.2013120785         2.8237941119         1.4041998268         1.9979718568
        0.0000000000         1.2953963000         0.2020791199         2.8241471725         1.4144091342         2.0081793666
        0.0000000000         1.3003928000         0.2028477139         2.8245010011         1.3990951731         2.0030756117
        0.0000000000         1.3053934000         0.2036168135         2.8248551160         1.3990951731         2.0132831215
        0.0000000000         1.3103993000         0.2043866024         2.8252096018         1.4016475000         2.0234906314
        0.0000000000         1.3154232000         0.2051590322         2.8255653577         1.3939905194         2.0234906314
        0.0000000000         1.3203939000         0.2059231568         2.8259173417         1.3990951731         2.0336981412
        0.0000000000         1.3254222000         0.2066960082         2.8262733994         1.4016475000         2.0464575285
        0.0000000000         1.3304030000         0.2074614317         2.8266260884         1.4016475000         2.0439056511
        0.0000000000         1.3353930000         0.2082281417         2.8269794235         1.4067521537         2.0566650383
        0.0000000000         1.3403975000         0.2089969511         2.8273337796         1.4016475000         2.0592169158
        0.0000000000         1.3454261000         0.2097693327         2.8276898364         1.4118568074         2.0719763031
        0.0000000000         1.3504641000         0.2105430269         2.8280465525         1.4041998268         2.0719763031
        0.0000000000         1.3553926000         0.2112997775         2.8283955092         1.4067521537         2.0847356904
        0.0000000000         1.3604684000         0.2120790129         2.8287548888         1.4041998268         2.0847356904
        0.0000000000         1.3653840000         0.2128335260         2.8291029191         1.4144091342         2.0847356904
        0.0000000000         1.3704062000         0.2136042705         2.8294584899         1.4093044805         2.1051507101
        0.0000000000         1.3754356000         0.2143759867         2.8298145632         1.4016475000         2.1025988326
        0.0000000000         1.3803982000         0.2151373219         2.8301658998         1.3990951731         2.1077025875
        0.0000000000         1.3854197000         0.2159075601         2.8305213987         1.4169614611         2.1230138523
        0.0000000000         1.3904315000         0.2166761766         2.8308762030         1.3965428462         2.1179100974
        0.0000000000         1.3954127000         0.2174399671         2.8312288329         1.4093044805         2.1332213621
        0.0000000000         1.4004382000         0.2182104155         2.8315845906         1.4067521537         2.1408769945
        0.0000000000         1.4054583000         0.2189799002         2.8319399574         1.4067521537         2.1459807494
        0.0000000000         1.4104600000         0.2197464291         2.8322940130         1.4016475000         2.1459807494
        0.0000000000         1.4153907000         0.2205019443         2.8326430339         1.4067521537         2.1612920142
        0.0000000000         1.4203954000         0.2212686630         2.8329972837         1.4041998268         2.1612920142
        0.0000000000         1.4254270000         0.2220393649         2.8333534281         1.4093044805         2.1791551564
        0.0000000000         1.4304145000         0.2228031750         2.8337064415         1.3990951731         2.1740514015
        0.0000000000         1.4354317000         0.2235713956         2.8340615471         1.4118568074         2.1944664211
        0.0000000000         1.4404271000         0.2243361402         2.8344150996         1.4118568074         2.1995701761
        0.0000000000         1.4453947000         0.2250964920         2.8347666744         1.4041998268         2.1995701761
        0.0000000000         1.4503962000         0.2258618941         2.8351206380         1.4067521537         2.2021220535
        0.0000000000         1.4553912000         0.2266261623         2.8354741307         1.4093044805         2.2225370732
        0.0000000000         1.4603925000         0.2273912547         2.8358280584         1.4093044805         2.2225370732
        0.0000000000         1.4654201000         0.2281602290         2.8361838360         1.4067521537         2.2301927056
        0.0000000000         1.4704754000         0.2289332966         2.8365415620         1.4118568074         2.2429520929
        0.0000000000         1.4754205000         0.2296893724         2.8368914786         1.4144091342         2.2506077252
        0.0000000000         1.4803976000         0.2304502010         2.8372436477         1.4118568074         2.2506077252
        0.0000000000         1.4854731000         0.2312259264         2.8376027671         1.4144091342         2.2608152351
        0.0000000000         1.4904068000         0.2319798387         2.8379518412         1.4067521537         2.2659189900
        0.0000000000         1.4953944000         0.2327418457         2.8383047165         1.4041998268         2.2735746224
        0.0000000000         1.5004895000         0.2335201292         2.8386651844         1.4016475000         2.2761264998
        0.0000000000         1.5054201000         0.2342731426         2.8390140014         1.4118568074         2.2863340097
        0.0000000000         1.5103959000         0.2350329166         2.8393660030         1.4093044805         2.2914377646
        0.0000000000         1.5153838000         0.2357943941         2.8397188473         1.4067521537         2.3016452744
        0.0000000000         1.5204997000         0.2365752623         2.8400807322         1.4067521537         2.3093009068
        0.0000000000         1.5253924000         0.2373219193         2.8404268149         1.4144091342         2.3195084166
        0.0000000000         1.5304220000         0.2380893221         2.8407825671         1.4067521537         2.3220602941
        0.0000000000         1.5353910000         0.2388473327         2.8411340188         1.4041998268         2.3246121715
        0.0000000000         1.5403955000         0.2396106117         2.8414879667         1.4169614611         2.3450271912
        0.0000000000         1.5453972000         0.2403733158         2.8418417019         1.4067521537         2.3373715588
        0.0000000000         1.5504526000         0.2411440576         2.8421992196         1.4093044805         2.3501309461
        0.0000000000         1.5553848000         0.2418958700         2.8425480096         1.4067521537         2.3501309461
        0.0000000000         1.5604408000         0.2426664025         2.8429055388         1.4144091342         2.3679940883
        0.0000000000         1.5654246000         0.2434257818         2.8432579467         1.4093044805         2.3730978433
        0.0000000000         1.5704015000         0.2441839610         2.8436098509         1.4118568074         2.3833053531
        0.0000000000         1.5754911000         0.2449591545         2.8439697074         1.4246184417         2.3960647404
        0.0000000000         1.5804235000         0.2457102556         2.8443184330         1.4093044805         2.3960647404
        0.0000000000         1.5853838000         0.2464654565         2.8446691148         1.4118568074         2.4062722502
        0.0000000000         1.5904087000         0.2472303401         2.8450243469         1.4067521537         2.4037203728
        0.0000000000         1.5953831000         0.2479873850         2.8453759919         1.4144091342         2.4266872699
        0.0000000000         1.6004012000         0.2487509271         2.8457307089         1.4067521537         2.4241353924
        0.0000000000         1.6054554000         0.2495198059         2.8460879598         1.4144091342         2.4317910248
        0.0000000000         1.6104053000         0.2502726654         2.8464378209         1.4041998268         2.4394466572
        0.0000000000         1.6154226000         0.2510356218         2.8467924279         1.4195137880         2.4522060445
        0.0000000000         1.6204398000         0.2517984070         2.8471470096         1.4067521537         2.4522060445
        0.0000000000         1.6253919000         0.2525511415         2.8474969722         1.4118568074         2.4598616769
        0.0000000000         1.6304005000         0.2533123087         2.8478509091         1.4144091342         2.4726210642
        0.0000000000         1.6353917000         0.2540706756         2.8482035976         1.4041998268         2.4675173092
        0.0000000000         1.6403990000         0.2548313318         2.8485574047         1.4067521537         2.4802766965
        0.0000000000         1.6453899000         0.2555893398         2.8489100337         1.4067521537         2.4802766965
        0.0000000000         1.6503977000         0.2563497567         2.8492638373         1.4169614611         2.5006917162
        0.0000000000         1.6554243000         0.2571128688         2.8496189491         1.4067521537         2.4955879613
        0.0000000000         1.6604067000         0.2578691125         2.8499709185         1.4144091342         2.5083473486
        0.0000000000         1.6654349000         0.2586321477         2.8503261029         1.4067521537         2.5160029810
        0.0000000000         1.6703948000         0.2593846602         2.8506764425         1.4144091342         2.5236586133
        0.0000000000         1.6753842000         0.2601414896         2.8510288453         1.4195137880         2.5364180006
        0.0000000000         1.6805602000         0.2609264550         2.8513944057         1.4118568074         2.5313142457
        0.0000000000         1.6854445000         0.2616670245         2.8517393437         1.4220661148         2.5517292654
        0.0000000000         1.6904088000         0.2624195660         2.8520899107         1.4067521537         2.5491773879
        0.0000000000         1.6953942000         0.2631751455         2.8524419462         1.4144091342         2.5619367752
        0.0000000000         1.7004719000         0.2639445479         2.8528004771         1.4118568074         2.5721442851
        0.0000000000         1.7055026000         0.2647066630         2.8531556670         1.4195137880         2.5772480400
        0.0000000000         1.7105183000         0.2654663412         2.8535097754         1.4067521537         2.5772480400
        0.0000000000         1.7154435000         0.2662121518         2.8538574724         1.4169614611         2.5925593047
        0.0000000000         1.7204461000         0.2669695199         2.8542106110         1.4041998268         2.5951111822
        0.0000000000         1.7254821000         0.2677317780         2.8545660841         1.4246184417         2.6129743244
        0.0000000000         1.7305554000         0.2684995125         2.8549241664         1.4144091342         2.6155262019
        0.0000000000         1.7354259000         0.2692363972         2.8552679120         1.4118568074         2.6257337117
        0.0000000000         1.7404991000         0.2700037820         2.8556259398         1.4220661148         2.6359412215
        0.0000000000         1.7455053000         0.2707608640         2.8559792151         1.4067521537         2.6333893441
        0.0000000000         1.7505091000         0.2715174158         2.8563322969         1.4169614611         2.6384930990
        0.0000000000         1.7553975000         0.2722563577         2.8566772123         1.4220661148         2.6538043638
        0.0000000000         1.7603968000         0.2730118974         2.8570299283         1.4144091342         2.6640118736
        0.0000000000         1.7653975000         0.2737674803         2.8573827184         1.4169614611         2.6691156285
        0.0000000000         1.7703864000         0.2745211119         2.8577346510         1.4169614611         2.6793231383
        0.0000000000         1.7754631000         0.2752878337         2.8580927516         1.4118568074         2.6793231383
        0.0000000000         1.7803889000         0.2760315981         2.8584401828         1.4144091342         2.6946344031
        0.0000000000         1.7853939000         0.2767871519         2.8587931748         1.4144091342         2.6971862806
        0.0000000000         1.7903897000         0.2775411463         2.8591454920         1.4220661148         2.7150494228
        0.0000000000         1.7954280000         0.2783013819         2.8595007800         1.4195137880         2.7176013002
        0.0000000000         1.8004323000         0.2790563146         2.8598536439         1.4271707685         2.7278088101
        0.0000000000         1.8053940000         0.2798046507         2.8602034777         1.4093044805         2.7303606875
        0.0000000000         1.8103880000         0.2805576866         2.8605555621         1.4271707685         2.7482238297
        0.0000000000         1.8153958000         0.2813126301         2.8609085924         1.4144091342         2.7456719523
        0.0000000000         1.8203865000         0.2820648225         2.8612603900         1.4246184417         2.7660869720
        0.0000000000         1.8254744000         0.2828314864         2.8616190110         1.4297230954         2.7737426043
        0.0000000000         1.8303928000         0.2835724376         2.8619656575         1.4220661148         2.7762944818
        0.0000000000         1.8354283000         0.2843308545         2.8623205292         1.4271707685         2.7916057465
        0.0000000000         1.8404121000         0.2850813094         2.8626717291         1.4169614611         2.7865019916
        0.0000000000         1.8454713000         0.2858429393         2.8630282134         1.4271707685         2.8043651338
        0.0000000000         1.8504877000         0.2865979477         2.8633816530         1.4220661148         2.8120207662
        0.0000000000         1.8554804000         0.2873492123         2.8637333938         1.4246184417         2.8196763986
        0.0000000000         1.8664453000         0.2889985087         2.8645057800         1.4271707685         2.8349876633
        0.0000000000         1.8679588000         0.2892260961         2.8646123824         1.4220661148         2.8400914183
        0.0000000000         1.8704006000         0.2895932389         2.8647843632         1.4322754222         2.8528508056
        0.0000000000         1.8755005000         0.2903599094         2.8651435364         1.4246184417         2.8477470506
        0.0000000000         1.8803894000         0.2910946853         2.8654878199         1.4373800759         2.8630583154
        0.0000000000         1.8854401000         0.2918535986         2.8658434673         1.4220661148         2.8681620703
        0.0000000000         1.8903981000         0.2925984042         2.8661925569         1.4246184417         2.8834733351
        0.0000000000         1.8953939000         0.2933487087         2.8665442773         1.4220661148         2.8809214576
        0.0000000000         1.9003898000         0.2940988475         2.8668959739         1.4322754222         2.9064402322
        0.0000000000         1.9054091000         0.2948523176         2.8672492864         1.4246184417         2.9038883547
        0.0000000000         1.9103914000         0.2956000521         2.8675999631         1.4297230954         2.9191996195
        0.0000000000         1.9153948000         0.2963507710         2.8679520932         1.4271707685         2.9243033744
        0.0000000000         1.9203970000         0.2971011269         2.8683041070         1.4220661148         2.9345108842
        0.0000000000         1.9253969000         0.2978509545         2.8686559268         1.4271707685         2.9370627617
        0.0000000000         1.9303913000         0.2985997739         2.8690073272         1.4271707685         2.9523740265
        0.0000000000         1.9353944000         0.2993497134         2.8693593072         1.4246184417         2.9625815363
        0.0000000000         1.9403996000         0.3000997827         2.8697114020         1.4246184417         2.9702371687
        0.0000000000         1.9453964000         0.3008484081         2.8700628728         1.4220661148         2.9727890461
        0.0000000000         1.9503882000         0.3015960994         2.8704139588         1.4271707685         2.9829965560
        0.0000000000         1.9553938000         0.3023456715         2.8707659817         1.4144091342         2.9855484334
        0.0000000000         1.9603941000         0.3030942633         2.8711175982         1.4322754222         3.0034115756
        0.0000000000         1.9654317000         0.3038482502         2.8714718032         1.4271707685         3.0059634531
        0.0000000000         1.9704725000         0.3046025256         2.8718261984         1.4246184417         3.0187228404
        0.0000000000         1.9753981000         0.3053393787         2.8721724606         1.4297230954         3.0263784728
        0.0000000000         1.9804002000         0.3060874888         2.8725240662         1.4297230954         3.0365859826
        0.0000000000         1.9854010000         0.3068352157         2.8728755455         1.4271707685         3.0442416150
        0.0000000000         1.9903967000         0.3075819909         2.8732266312         1.4297230954         3.0544491248
        0.0000000000         1.9954660000         0.3083395745         2.8735828532         1.4246184417         3.0646566347
        0.0000000000         2.0003936000         0.3090757943         2.8739290828         1.4271707685         3.0672085121
        0.0000000000         2.0054041000         0.3098242101         2.8742811016         1.4373800759         3.0876235318
        0.0000000000         2.0104099000         0.3105717323         2.8746327539         1.4348277491         3.0927272867
        0.0000000000         2.0154635000         0.3113261976         2.8749877272         1.4169614611         3.0952791642
        0.0000000000         2.0204563000         0.3120713934         2.8753383931         1.4373800759         3.1131423064
        0.0000000000         2.0255148000         0.3128261993         2.8756936360         1.4246184417         3.1182460613
        0.0000000000         2.0304509000         0.3135625509         2.8760402466         1.4373800759         3.1335573261
        0.0000000000         2.0355887000         0.3143287913         2.8764009819         1.4271707685         3.1361092035
        0.0000000000         2.0404499000         0.3150535916         2.8767422602         1.4271707685         3.1437648359
        0.0000000000         2.0454399000         0.3157974048         2.8770925436         1.4246184417         3.1565242232
        0.0000000000         2.0504815000         0.3165487126         2.8774464109         1.4297230954         3.1616279781
        0.0000000000         2.0554390000         0.3172872940         2.8777943373         1.4220661148         3.1692836105
        0.0000000000         2.0604562000         0.3180345737         2.8781464151         1.4169614611         3.1743873654
        0.0000000000         2.0655016000         0.3187858545         2.8785004326         1.4322754222         3.1922505076
        0.0000000000         2.0704433000         0.3195214999         2.8788471355         1.4144091342         3.1896986301
        0.0000000000         2.0754419000         0.3202654197         2.8791977914         1.4373800759         3.2126655273
        0.0000000000         2.0804552000         0.3210113290         2.8795494391         1.4169614611         3.2075617724
        0.0000000000         2.0854434000         0.3217533062         2.8798992867         1.4348277491         3.2305286695
        0.0000000000         2.0904462000         0.3224972567         2.8802501184         1.4297230954         3.2381843019
        0.0000000000         2.0954513000         0.3232413499         2.8806010713         1.4271707685         3.2356324244
        0.0000000000         2.1003976000         0.3239765052         2.8809478615         1.4195137880         3.2458399342
        0.0000000000         2.1053862000         0.3247177493         2.8812975772         1.4271707685         3.2637030765
        0.0000000000         2.1104562000         0.3254708842         2.8816529577         1.4246184417         3.2688068314
        0.0000000000         2.1154012000         0.3262052518         2.8819995358         1.4246184417         3.2764624638
        0.0000000000         2.1203867000         0.3269454347         2.8823489115         1.4220661148         3.2841180961
        0.0000000000         2.1255115000         0.3277060901         2.8827080061         1.4297230954         3.2943256060
        0.0000000000         2.1304619000         0.3284406583         2.8830548390         1.4271707685         3.3019812383
        0.0000000000         2.1354302000         0.3291776829         2.8834028846         1.4424847297         3.3198443806
        0.0000000000         2.1403972000         0.3299143143         2.8837507975         1.4348277491         3.3249481355
        0.0000000000         2.1454352000         0.3306612701         2.8841036408         1.4348277491         3.3351556453
        0.0000000000         2.1503910000         0.3313958366         2.8844506849         1.4271707685         3.3402594002
        0.0000000000         2.1554574000         0.3321465890         2.8848054305         1.4322754222         3.3530187875
        0.0000000000         2.1604021000         0.3328791048         2.8851516120         1.4220661148         3.3504669101
        0.0000000000         2.1654671000         0.3336292337         2.8855061719         1.4348277491         3.3708819297
        0.0000000000         2.1704288000         0.3343638592         2.8858534572         1.4271707685         3.3708819297
        0.0000000000         2.1754428000         0.3351060218         2.8862043593         1.4297230954         3.3836413170
        0.0000000000         2.1804369000         0.3358450322         2.8865538246         1.4373800759         3.3912969494
        0.0000000000         2.1854380000         0.3365848713         2.8869037355         1.4271707685         3.4015044592
        0.0000000000         2.1904380000         0.3373243401         2.8872535248         1.4297230954         3.4117119691
        0.0000000000         2.1954427000         0.3380642955         2.8876035982         1.4246184417         3.4219194789
        0.0000000000         2.2004915000         0.3388105596         2.8879567105         1.4348277491         3.4346788662
        0.0000000000         2.2054411000         0.3395419540         2.8883028401         1.4195137880         3.4321269888
        0.0000000000         2.2104448000         0.3402811341         2.8886527076         1.4399324028         3.4550938859
        0.0000000000         2.2154741000         0.3410238842         2.8890043189         1.4271707685         3.4550938859
        0.0000000000         2.2203998000         0.3417511278         2.8893486423         1.4322754222         3.4755089056
        0.0000000000         2.2254004000         0.3424892206         2.8896981555         1.4271707685         3.4755089056
        0.0000000000         2.2304466000         0.3432338298         2.8900508088         1.4322754222         3.4831645379
        0.0000000000         2.2354046000         0.3439652143         2.8903972520         1.4246184417         3.4933720478
        0.0000000000         2.2403955000         0.3447012413         2.8907459475         1.4348277491         3.5112351900
        0.0000000000         2.2453978000         0.3454387370         2.8910953923         1.4271707685         3.5137870674
        0.0000000000         2.2503862000         0.3461739710         2.8914438189         1.4322754222         3.5239945773
        0.0000000000         2.2554657000         0.3469224137         2.8917985599         1.4297230954         3.5316502097
        0.0000000000         2.2603939000         0.3476483519         2.8921426872         1.4246184417         3.5367539646
        0.0000000000         2.2654037000         0.3483860965         2.8924924647         1.4348277491         3.5520652293
        0.0000000000         2.2704184000         0.3491243466         2.8928425356         1.4195137880         3.5495133519
        0.0000000000         2.2754445000         0.3498640576         2.8931933533         1.4348277491         3.5699283715
        0.0000000000         2.2803935000         0.3505922085         2.8935387414         1.4195137880         3.5673764941
        0.0000000000         2.2853957000         0.3513279713         2.8938877934         1.4297230954         3.5928952687
        0.0000000000         2.2903870000         0.3520619148         2.8942360356         1.4246184417         3.5852396363
        0.0000000000         2.2953980000         0.3527985373         2.8945856027         1.4322754222         3.6031027785
        0.0000000000         2.3003857000         0.3535315176         2.8949334947         1.4246184417         3.6082065334
        0.0000000000         2.3053955000         0.3542675272         2.8952828781         1.4220661148         3.6107584109
        0.0000000000         2.3104307000         0.3550070474         2.8956339821         1.4297230954         3.6260696756
        0.0000000000         2.3154002000         0.3557367005         2.8959804547         1.4348277491         3.6439328179
        0.0000000000         2.3203950000         0.3564698498         2.8963286407         1.4220661148         3.6388290629
        0.0000000000         2.3254249000         0.3572079295         2.8966792221         1.4322754222         3.6643478375
        0.0000000000         2.3304258000         0.3579415327         2.8970277308         1.4246184417         3.6592440826
        0.0000000000         2.3354181000         0.3586736540         2.8973755890         1.4220661148         3.6694515924
        0.0000000000         2.3405656000         0.3594283044         2.8977342073         1.4373800759         3.6873147347
        0.0000000000         2.3536909000         0.3613514775         2.8986483771         1.4271707685         3.7102816318
        0.0000000000         2.3549576000         0.3615369984         2.8987365829         1.4297230954         3.7128335092
        0.0000000000         2.3563997000         0.3617481911         2.8988369986         1.4373800759         3.7204891416
        0.0000000000         2.3603922000         0.3623327878         2.8991149795         1.4373800759         3.7230410191
        0.0000000000         2.3654271000         0.3630698134         2.8994654903         1.4271707685         3.7332485289
        0.0000000000         2.3704993000         0.3638120694         2.8998185434         1.4373800759         3.7409041613
        0.0000000000         2.3754095000         0.3645303987         2.9001602681         1.4399324028         3.7587673035
        0.0000000000         2.3804364000         0.3652655758         2.9005100609         1.4297230954         3.7536635486
        0.0000000000         2.3854364000         0.3659965928         2.9008579280         1.4348277491         3.7715266908
        0.0000000000         2.3904453000         0.3667286847         2.9012063601         1.4475893834         3.7791823232
        0.0000000000         2.3954149000         0.3674548082         2.9015520046         1.4348277491         3.7970454654
        0.0000000000         2.4004100000         0.3681844320         2.9018993683         1.4322754222         3.7970454654
        0.0000000000         2.4057741000         0.3689677024         2.9022723317         1.4399324028         3.8149086076
        0.0000000000         2.4104373000         0.3696484140         2.9025965104         1.4297230954         3.8123567301
        0.0000000000         2.4154016000         0.3703728607         2.9029415683         1.4373800759         3.8327717498
        0.0000000000         2.4204328000         0.3711068404         2.9032912205         1.4424847297         3.8378755047
        0.0000000000         2.4254270000         0.3718351932         2.9036382454         1.4348277491         3.8506348920
        0.0000000000         2.4304161000         0.3725625737         2.9039848603         1.4373800759         3.8582905244
        0.0000000000         2.4354782000         0.3733003632         2.9043364895         1.4373800759         3.8659461568
        0.0000000000         2.4404558000         0.3740256070         2.9046821927         1.4475893834         3.8838092990
        0.0000000000         2.4454304000         0.3747501852         2.9050276314         1.4373800759         3.8812574215
        0.0000000000         2.4504674000         0.3754836191         2.9053773458         1.4424847297         3.8991205638
        0.0000000000         2.4553977000         0.3762012889         2.9057195959         1.4297230954         3.8991205638
        0.0000000000         2.4603960000         0.3769286267         2.9060665094         1.4424847297         3.9246393383
        0.0000000000         2.4654040000         0.3776571429         2.9064140383         1.4475893834         3.9348468482
        0.0000000000         2.4703930000         0.3783826629         2.9067601910         1.4348277491         3.9373987256
        0.0000000000         2.4754410000         0.3791165263         2.9071103784         1.4373800759         3.9476062355
        0.0000000000         2.4804142000         0.3798392824         2.9074553187         1.4424847297         3.9578137453
        0.0000000000         2.4854860000         0.3805761294         2.9078070380         1.4475893834         3.9756768875
        0.0000000000         2.4904310000         0.3812943219         2.9081499058         1.4297230954         3.9731250101
        0.0000000000         2.4954817000         0.3820276283         2.9085000426         1.4373800759         3.9858843974
        0.0000000000         2.5003993000         0.3827413791         2.9088408943         1.4399324028         3.9960919072
        0.0000000000         2.5054011000         0.3834671165         2.9091875229         1.4348277491         4.0114031719
        0.0000000000         2.5103941000         0.3841913410         2.9095334819         1.4450370565         4.0241625592
        0.0000000000         2.5154011000         0.3849173589         2.9098803509         1.4424847297         4.0369219465
        0.0000000000         2.5204748000         0.3856528054         2.9102317789         1.4348277491         4.0318181916
        0.0000000000         2.5254838000         0.3863786332         2.9105786644         1.4424847297         4.0522332113
        0.0000000000         2.5304640000         0.3871000506         2.9109234949         1.4373800759         4.0598888437
        0.0000000000         2.5353912000         0.3878135575         2.9112645960         1.4322754222         4.0700963535
        0.0000000000         2.5404721000         0.3885490783         2.9116162752         1.4475893834         4.0828557408
        0.0000000000         2.5454070000         0.3892632270         2.9119577881         1.4348277491         4.0854076183
        0.0000000000         2.5504215000         0.3899886553         2.9123047480         1.4348277491         4.0930632506
        0.0000000000         2.5554555000         0.3907166612         2.9126529943         1.4399324028         4.1083745154
        0.0000000000         2.5604315000         0.3914360391         2.9129971663         1.4526940371         4.1262376576
        0.0000000000         2.5654179000         0.3921566807         2.9133419955         1.4450370565         4.1364451674
        0.0000000000         2.5703984000         0.3928762295         2.9136863545         1.4373800759         4.1338932900
        0.0000000000         2.5753937000         0.3935976749         2.9140316740         1.4348277491         4.1492045547
        0.0000000000         2.5803854000         0.3943183584         2.9143766816         1.4450370565         4.1594120646
        0.0000000000         2.5854664000         0.3950516856         2.9147277963         1.4424847297         4.1645158195
        0.0000000000         2.5904246000         0.3957670469         2.9150703617         1.4577986908         4.1823789617
        0.0000000000         2.5954633000         0.3964937766         2.9154184245         1.4475893834         4.2002421039
        0.0000000000         2.6003936000         0.3972046315         2.9157589362         1.4475893834         4.2027939814
        0.0000000000         2.6054000000         0.3979262147         2.9161046396         1.4348277491         4.2078977363
        0.0000000000         2.6104540000         0.3986544090         2.9164535642         1.4526940371         4.2308646334
        0.0000000000         2.6153900000         0.3993653590         2.9167942781         1.4373800759         4.2308646334
        0.0000000000         2.6203954000         0.4000860598         2.9171397176         1.4526940371         4.2538315306
        0.0000000000         2.6254072000         0.4008074343         2.9174855331         1.4450370565         4.2563834080
        0.0000000000         2.6304534000         0.4015335091         2.9178336556         1.4450370565         4.2665909178
        0.0000000000         2.6353955000         0.4022443610         2.9181745315         1.4552463639         4.2895578150
        0.0000000000         2.6404352000         0.4029690016         2.9185220728         1.4348277491         4.2844540601
        0.0000000000         2.6454104000         0.4036841203         2.9188650999         1.4399324028         4.2946615699
        0.0000000000         2.6503961000         0.4044005009         2.9192087848         1.4501417102         4.3176284670
        0.0000000000         2.6557095000         0.4051636947         2.9195749863         1.4450370565         4.3176284670
        0.0000000000         2.6604013000         0.4058373700         2.9198982839         1.4475893834         4.3354916092
        0.0000000000         2.6654240000         0.4065583134         2.9202443170         1.4501417102         4.3508028740
        0.0000000000         2.6704061000         0.4072731793         2.9205874857         1.4577986908         4.3610103838
        0.0000000000         2.6754317000         0.4079940341         2.9209335825         1.4475893834         4.3686660162
        0.0000000000         2.6804255000         0.4087100757         2.9212774212         1.4450370565         4.3788735260
        0.0000000000         2.6853933000         0.4094221399         2.9216194020         1.4526940371         4.3941847908
        0.0000000000         2.6905373000         0.4101591970         2.9219734411         1.4577986908         4.4069441781
        0.0000000000         2.6953947000         0.4108549429         2.9223076879         1.4424847297         4.4043923006
        0.0000000000         2.7003951000         0.4115709215         2.9226517068         1.4603510177         4.4299110752
        0.0000000000         2.7053948000         0.4122865459         2.9229956082         1.4450370565         4.4324629527
        0.0000000000         2.7103976000         0.4130023596         2.9233396532         1.4629033445         4.4554298498
        0.0000000000         2.7154296000         0.4137220939         2.9236856359         1.4501417102         4.4579817273
        0.0000000000         2.7204164000         0.4144351083         2.9240284408         1.4526940371         4.4707411146
        0.0000000000         2.7253954000         0.4151467537         2.9243706397         1.4577986908         4.4809486244
        0.0000000000         2.7303992000         0.4158616879         2.9247144728         1.4552463639         4.4937080117
        0.0000000000         2.7354315000         0.4165804350         2.9250601926         1.4501417102         4.5064673990
        0.0000000000         2.7404490000         0.4172968091         2.9254048242         1.4577986908         4.5268824187
        0.0000000000         2.7453957000         0.4180028210         2.9257445225         1.4629033445         4.5370899285
        0.0000000000         2.7504075000         0.4187178669         2.9260886200         1.4501417102         4.5370899285
        0.0000000000         2.7554425000         0.4194359614         2.9264342378         1.4603510177         4.5575049482
        0.0000000000         2.7604272000         0.4201466237         2.9267763309         1.4654556714         4.5677124580
        0.0000000000         2.7653858000         0.4208533093         2.9271165616         1.4680079982         4.5855756002
        0.0000000000         2.7703998000         0.4215676308         2.9274605211         1.4577986908         4.5906793551
        0.0000000000         2.7754027000         0.4222801103         2.9278036463         1.4475893834         4.6034387424
        0.0000000000         2.7804361000         0.4229966703         2.9281487895         1.4526940371         4.6161981297
        0.0000000000         2.7854410000         0.4237089107         2.9284919050         1.4526940371         4.6264056396
        0.0000000000         2.7904736000         0.4244248291         2.9288368452         1.4577986908         4.6442687818
        0.0000000000         2.7954466000         0.4251320084         2.9291776271         1.4526940371         4.6442687818
        0.0000000000         2.8003938000         0.4258352615         2.9295165684         1.4577986908         4.6723394338
        0.0000000000         2.8054159000         0.4265488987         2.9298605670         1.4475893834         4.6697875564
        0.0000000000         2.8104103000         0.4272583365         2.9302025937         1.4526940371         4.6799950662
        0.0000000000         2.8153912000         0.4279655948         2.9305436217         1.4552463639         4.6927544535
        0.0000000000         2.8203981000         0.4286762809         2.9308863549         1.4603510177         4.7131694732
        0.0000000000         2.8254352000         0.4293909861         2.9312310793         1.4603510177         4.7259288605
        0.0000000000         2.8304599000         0.4301036640         2.9315748789         1.4577986908         4.7412401252
        0.0000000000         2.8354013000         0.4308042658         2.9319129044         1.4501417102         4.7591032674
        0.0000000000         2.8404533000         0.4315202803         2.9322584190         1.4629033445         4.7693107773
        0.0000000000         2.8454540000         0.4322287565         2.9326003486         1.4680079982         4.7846220420
        0.0000000000         2.8504257000         0.4329328598         2.9329402195         1.4629033445         4.7897257969
        0.0000000000         2.8554176000         0.4336395581         2.9332813951         1.4577986908         4.7999333068
        0.0000000000         2.8604126000         0.4343464285         2.9336227058         1.4629033445         4.8126926941
        0.0000000000         2.8653859000         0.4350499623         2.9339624573         1.4552463639         4.8254520814
        0.0000000000         2.8704329000         0.4357636505         2.9343071654         1.4680079982         4.8484189785
        0.0000000000         2.8755227000         0.4364831135         2.9346547166         1.4705603251         4.8611783658
        0.0000000000         2.8803985000         0.4371720652         2.9349875793         1.4629033445         4.8713858756
        0.0000000000         2.8853943000         0.4378777069         2.9353285572         1.4552463639         4.8739377531
        0.0000000000         2.8904018000         0.4385847306         2.9356702552         1.4654556714         4.8892490178
        0.0000000000         2.8954758000         0.4393008668         2.9360164105         1.4577986908         4.9020084051
        0.0000000000         2.9003995000         0.4399955232         2.9363522345         1.4475893834         4.9224234248
        0.0000000000         2.9053954000         0.4407000968         2.9366929045         1.4782173056         4.9402865670
        0.0000000000         2.9104027000         0.4414060059         2.9370342724         1.4629033445         4.9504940769
        0.0000000000         2.9153944000         0.4421094439         2.9373744974         1.4629033445         4.9607015867
        0.0000000000         2.9203959000         0.4428139903         2.9377153105         1.4680079982         4.9811166064
        0.0000000000         2.9254008000         0.4435187421         2.9380562750         1.4680079982         4.9913241162
        0.0000000000         2.9304704000         0.4442323250         2.9384015652         1.4603510177         4.9964278711
        0.0000000000         2.9354098000         0.4449273104         2.9387379079         1.4654556714         5.0066353810
        0.0000000000         2.9404765000         0.4456399289         2.9390828369         1.4807696325         5.0142910133
        0.0000000000         2.9453951000         0.4463314475         2.9394176040         1.4680079982         5.0142910133
        0.0000000000         2.9504216000         0.4470378607         2.9397596336         1.4705603251         5.0142910133
        0.0000000000         2.9554118000         0.4477388968         2.9400991117         1.4654556714         5.0066353810
        0.0000000000         2.9604800000         0.4484506089         2.9404438125         1.4603510177         5.0066353810
        0.0000000000         2.9654477000         0.4491479322         2.9407815963         1.4756649788         5.0117391359
        0.0000000000         2.9704456000         0.4498492188         2.9411213516         1.4629033445         5.0040835035
        0.0000000000         2.9755105000         0.4505596238         2.9414655773         1.4680079982         5.0091872584
        0.0000000000         2.9804337000         0.4512498805         2.9418000912         1.4654556714         4.9964278711
        0.0000000000         2.9853968000         0.4519454582         2.9421372347         1.4629033445         1.1048147461
        0.0000000000         2.9904160000         0.4526486189         2.9424781056         1.4705603251         1.1150222560
        0.0000000000         2.9953962000         0.4533460379         2.9428162446         1.4603510177         1.1073666236
        0.0000000000         3.0004029000         0.4540468883         2.9431560991         1.4705603251         1.0895034814
        0.0000000000         3.0054052000         0.4547468423         2.9434955708         1.4629033445         0.0049555613
        0.0000000000         3.0104098000         0.4554468371         2.9438351142         1.4680079982         0.0100593162
        0.0000000000         3.0153970000         0.4561441182         2.9441733927         1.4680079982         0.0100593162
        0.0000000000         3.0204151000         0.4568454371         2.9445136820         1.4731126519         0.0075074388
        0.0000000000         3.0254897000         0.4575543635         2.9448577157         1.4782173056         0.0024036839
        0.0000000000         3.0303975000         0.4582397113         2.9451903575         1.4680079982         0.0024036839
        0.0000000000         3.0353975000         0.4589376543         2.9455291637         1.4680079982        -0.0052519485
        0.0000000000         3.0404056000         0.4596364442         2.9458684328         1.4705603251         0.0024036839
        0.0000000000         3.0453930000         0.4603320631         2.9462062138         1.4807696325         0.0049555613
        0.0000000000         3.0504933000         0.4610431365         2.9465515524         1.4807696325         0.0151630711
        0.0000000000         3.0554526000         0.4617342682         2.9468872576         1.4680079982         0.0151630711
        0.0000000000         3.0604001000         0.4624234763         2.9472220790         1.4629033445         0.0228187035
        0.0000000000         3.0653861000         0.4631177651         2.9475594197         1.4756649788         0.0457856007
        0.0000000000         3.0703949000         0.4638149426         2.9478982156         1.4756649788         0.0636487429
        0.0000000000         3.0753993000         0.4645112210         2.9482366261         1.4680079982         0.0738562527
        0.0000000000         3.0803984000         0.4652064754         2.9485745905         1.4680079982         0.0764081302
        0.0000000000         3.0854310000         0.4659060991         2.9489147307         1.4603510177         0.0968231498
        0.0000000000         3.0904308000         0.4666008747         2.9492525656         1.4782173056         0.1172381695
        0.0000000000         3.0954759000         0.4673016534         2.9495933716         1.4909789399         0.1299975568
        0.0000000000         3.1004020000         0.4679856196         2.9499260518         1.4731126519         0.1478606990
        0.0000000000         3.1054126000         0.4686810307         2.9502643499         1.4705603251         0.1555163314
        0.0000000000         3.1104539000         0.4693804097         2.9506046304         1.4756649788         0.1733794736
        0.0000000000         3.1153970000         0.4700658795         2.9509381941         1.4680079982         0.1810351060
        0.0000000000         3.1203944000         0.4707585912         2.9512753328         1.4654556714         0.1963463707
        0.0000000000         3.1254405000         0.4714577590         2.9516156658         1.4731126519         0.2040020031
        0.0000000000         3.1303973000         0.4721442654         2.9519498864         1.4705603251         0.2244170228
        0.0000000000         3.1353881000         0.4728351915         2.9522863097         1.4782173056         0.2448320425
        0.0000000000         3.1404503000         0.4735357054         2.9526274536         1.4833219594         0.2575914298
        0.0000000000         3.1454342000         0.4742250915         2.9529632296         1.4654556714         0.2652470621
        0.0000000000         3.1504261000         0.4749152929         2.9532994538         1.4782173056         0.2805583269
        0.0000000000         3.1553935000         0.4756018169         2.9536339372         1.4782173056         0.2984214691
        0.0000000000         3.1604105000         0.4762949020         2.9539716686         1.4833219594         0.3162846113
        0.0000000000         3.1654390000         0.4769892790         2.9543100812         1.4654556714         0.3162846113
        0.0000000000         3.1704113000         0.4776756029         2.9546446198         1.4782173056         0.3315958761
        0.0000000000         3.1754020000         0.4783641734         2.9549803044         1.4756649788         0.3494590183
        0.0000000000         3.1805292000         0.4790712708         2.9553250740         1.4782173056         0.3647702830
        0.0000000000         3.1854256000         0.4797462482         2.9556542326         1.4731126519         0.3826334252
        0.0000000000         3.1904695000         0.4804412621         2.9559932133         1.4705603251         0.3851853027
        0.0000000000         3.1953916000         0.4811192020         2.9563239166         1.4782173056         0.4158078322
        0.0000000000         3.2004080000         0.4818098343         2.9566608621         1.4807696325         0.4209115871
        0.0000000000         3.2054048000         0.4824974707         2.9569963971         1.4756649788         0.4336709744
        0.0000000000         3.2104323000         0.4831890320         2.9573338986         1.4756649788         0.4464303617
        0.0000000000         3.2154061000         0.4838729100         2.9576677011         1.4782173056         0.4591897490
        0.0000000000         3.2204128000         0.4845610133         2.9580036169         1.4833219594         0.4821566461
        0.0000000000         3.2254006000         0.4852462211         2.9583381699         1.4705603251         0.4847085236
        0.0000000000         3.2304060000         0.4859335472         2.9586738082         1.4858742862         0.5127791757
        0.0000000000         3.2354517000         0.4866261032         2.9590120519         1.4756649788         0.5229866855
        0.0000000000         3.2404100000         0.4873063651         2.9593443417         1.4782173056         0.5306423179
        0.0000000000         3.2454353000         0.4879955176         2.9596810252         1.4731126519         0.5485054601
        0.0000000000         3.2504808000         0.4886871344         2.9600189643         1.4756649788         0.5638167248
        0.0000000000         3.2554131000         0.4893629374         2.9603492265         1.4833219594         0.5740242347
        0.0000000000         3.2606178000         0.4900757451         2.9606976262         1.4756649788         0.5893354994
        0.0000000000         3.2653960000         0.4907298532         2.9610173837         1.4705603251         0.5995430093
        0.0000000000         3.2703958000         0.4914140011         2.9613518755         1.4756649788         0.6174061515
        0.0000000000         3.2753951000         0.4920977775         2.9616862365         1.4858742862         0.6301655388
        0.0000000000         3.2804022000         0.4927823165         2.9620210211         1.4756649788         0.6480286810
        0.0000000000         3.2853992000         0.4934651709         2.9623550325         1.4807696325         0.6633399457
        0.0000000000         3.2904312000         0.4941525009         2.9626912842         1.4782173056         0.6760993330
        0.0000000000         3.2954253000         0.4948343487         2.9630249046         1.4705603251         0.6837549654
        0.0000000000         3.3003963000         0.4955127404         2.9633568840         1.4858742862         0.7041699851
        0.0000000000         3.3053948000         0.4961945803         2.9636906013         1.4782173056         0.7220331273
        0.0000000000         3.3104029000         0.4968774229         2.9640248601         1.4884266131         0.7347925146
        0.0000000000         3.3153969000         0.4975580369         2.9643580783         1.4935312668         0.7526556568
        0.0000000000         3.3204307000         0.4982437652         2.9646938514         1.4884266131         0.7679669216
        0.0000000000         3.3254058000         0.4989211910         2.9650256094         1.4833219594         0.7781744314
        0.0000000000         3.3303979000         0.4996006253         2.9653584013         1.4756649788         0.7858300638
        0.0000000000         3.3354399000         0.5002865393         2.9656944179         1.4731126519         0.8036932060
        0.0000000000         3.3404302000         0.5009651110         2.9660268882         1.4858742862         0.8215563482
        0.0000000000         3.3454632000         0.5016491772         2.9663621014         1.4807696325         0.8343157355
        0.0000000000         3.3503983000         0.5023196328         2.9666906945         1.4807696325         0.8521788777
        0.0000000000         3.3553957000         0.5029982445         2.9670233349         1.4756649788         0.8598345101
        0.0000000000         3.3604727000         0.5036873479         2.9673611696         1.4680079982         0.8751457748
        0.0000000000         3.3654103000         0.5043572232         2.9676896274         1.4756649788         0.8930089170
        0.0000000000         3.3704026000         0.5050342111         2.9680216226         1.4833219594         0.9057683043
        0.0000000000         3.3754576000         0.5057193851         2.9683576832         1.4731126519         0.9210795691
        0.0000000000         3.3804630000         0.5063975219         2.9686903429         1.4705603251         0.9287352015
        0.0000000000         3.3853953000         0.5070654489         2.9690180433         1.4807696325         0.9491502211
        0.0000000000         3.3904092000         0.5077441141         2.9693510622         1.4654556714         0.9568058535
        0.0000000000         3.3954025000         0.5084196779         2.9696826094         1.4782173056         0.9797727506
        0.0000000000         3.4003963000         0.5090949965         2.9700140862         1.4705603251         0.9823246281
        0.0000000000         3.4053978000         0.5097710425         2.9703459702         1.4680079982         1.0052915252
        0.0000000000         3.4104191000         0.5104494482         2.9706790630         1.4782173056         1.0257065449
        0.0000000000         3.4153970000         0.5111216769         2.9710091728         1.4731126519         1.0282584224
        0.0000000000         3.4204068000         0.5117978980         2.9713412932         1.4782173056         1.0512253195
        0.0000000000         3.4254476000         0.5124779836         2.9716753622         1.4756649788         1.0588809519
        0.0000000000         3.4304977000         0.5131590017         2.9720099402         1.4731126519         1.0690884617
        0.0000000000         3.4354698000         0.5138291858         2.9723392454         1.4807696325         1.0920553588
        0.0000000000         3.4405611000         0.5145151119         2.9726763369         1.4756649788         1.0997109912
        0.0000000000         3.4454710000         0.5151762873         2.9730013139         1.4756649788         1.1073666236
        0.0000000000         3.4504494000         0.5158463741         2.9733307200         1.4782173056         1.1252297658
        0.0000000000         3.4554171000         0.5165147062         2.9736593129         1.4782173056         1.1430929080
        0.0000000000         3.4604031000         0.5171851841         2.9739890102         1.4756649788         1.1558522953
        0.0000000000         3.4654154000         0.5178588788         2.9743203393         1.4705603251         1.1635079277
        0.0000000000         3.4707809000         0.5185796908         2.9746748965         1.4629033445         1.1788191925
        0.0000000000         3.4754796000         0.5192106210         2.9749852892         1.4782173056         1.1915785797
        0.0000000000         3.4804267000         0.5198746001         2.9753119881         1.4807696325         1.2170973543
        0.0000000000         3.4853805000         0.5205391639         2.9756390235         1.4782173056         1.2222011093
        0.0000000000         3.4904857000         0.5212237086         2.9759759425         1.4756649788         1.2375123740
        0.0000000000         3.4954259000         0.5218858097         2.9763018646         1.4680079982         1.2553755162
        0.0000000000         3.5006115000         0.5225804620         2.9766438623         1.4731126519         1.2604792711
        0.0000000000         3.5054008000         0.5232217187         2.9769596192         1.4756649788         1.2732386584
        0.0000000000         3.5104917000         0.5239030331         2.9772951505         1.4782173056         1.3013093105
        0.0000000000         3.5154268000         0.5245631770         2.9776203049         1.4807696325         1.3064130654
        0.0000000000         3.5204571000         0.5252357309         2.9779516215         1.4756649788         1.3217243302
        0.0000000000         3.5254244000         0.5258995399         2.9782786793         1.4782173056         1.3319318400
        0.0000000000         3.5308564000         0.5266250830         2.9786362092         1.4807696325         1.3497949822
        0.0000000000         3.5354245000         0.5272349396         2.9789367769         1.4858742862         1.3625543695
        0.0000000000         3.5404496000         0.5279054936         2.9792673070         1.4680079982         1.3702100019
        0.0000000000         3.5453984000         0.5285655446         2.9795927087         1.4858742862         1.3906250215
        0.0000000000         3.5505424000         0.5292512921         2.9799308299         1.4756649788         1.4084881638
        0.0000000000         3.5554261000         0.5299020192         2.9802517319         1.4833219594         1.4212475511
        0.0000000000         3.5603873000         0.5305627535         2.9805776171         1.4858742862         1.4365588158
        0.0000000000         3.5653884000         0.5312284755         2.9809060115         1.4858742862         1.4544219580
        0.0000000000         3.5703783000         0.5318923799         2.9812335584         1.4807696325         1.4620775904
        0.0000000000         3.5754534000         0.5325672849         2.9815665829         1.4782173056         1.4773888552
        0.0000000000         3.5804454000         0.5332308089         2.9818940410         1.4884266131         1.4978038748
        0.0000000000         3.5853876000         0.5338873905         2.9822181213         1.4807696325         1.5054595072
        0.0000000000         3.5903796000         0.5345502615         2.9825453547         1.4833219594         1.5156670170
        0.0000000000         3.5954964000         0.5352293633         2.9828806514         1.4705603251         1.5284264043
        0.0000000000         3.6003868000         0.5358780940         2.9832010010         1.4858742862         1.5488414240
        0.0000000000         3.6054299000         0.5365467498         2.9835312389         1.4858742862         1.5616008113
        0.0000000000         3.6104182000         0.5372078086         2.9838577738         1.4756649788         1.5743601986
        0.0000000000         3.6153881000         0.5378661009         2.9841829909         1.4858742862         1.5973270957
        0.0000000000         3.6204456000         0.5385356599         2.9845138236         1.4782173056         1.6075346056
        0.0000000000         3.6254200000         0.5391938857         2.9848391055         1.4807696325         1.6202939929
        0.0000000000         3.6303784000         0.5398496668         2.9851632275         1.4858742862         1.6305015027
        0.0000000000         3.6353890000         0.5405120190         2.9854906462         1.4884266131         1.6509165224
        0.0000000000         3.6403869000         0.5411723588         2.9858171189         1.4858742862         1.6662277871
        0.0000000000         3.6453891000         0.5418329328         2.9861437564         1.4960835936         1.6815390519
        0.0000000000         3.6504566000         0.5425017889         2.9864745390         1.4731126519         1.6891946843
        0.0000000000         3.6553876000         0.5431522986         2.9867962965         1.4909789399         1.7096097039
        0.0000000000         3.6603960000         0.5438126855         2.9871229881         1.4935312668         1.7198172138
        0.0000000000         3.6654361000         0.5444769124         2.9874516288         1.4960835936         1.7453359884
        0.0000000000         3.6704465000         0.5451368869         2.9877782145         1.4833219594         1.7529916207
        0.0000000000         3.6754440000         0.5457948259         2.9881038417         1.4807696325         1.7657510080
        0.0000000000         3.6804290000         0.5464507841         2.9884285370         1.4884266131         1.7810622728
        0.0000000000         3.6854225000         0.5471075249         2.9887536682         1.4807696325         1.7938216601
        0.0000000000         3.6904140000         0.5477636663         2.9890785511         1.4858742862         1.8116848023
        0.0000000000         3.6953995000         0.5484186828         2.9894029253         1.4833219594         1.8193404347
        0.0000000000         3.7003940000         0.5490745445         2.9897277665         1.4858742862         1.8448592093
        0.0000000000         3.7053886000         0.5497300814         2.9900524953         1.4705603251         1.8448592093
        0.0000000000         3.7104340000         0.5503919423         2.9903804058         1.4782173056         1.8627223515
        0.0000000000         3.7154293000         0.5510468903         2.9907049402         1.4884266131         1.8882411261
        0.0000000000         3.7204061000         0.5516990754         2.9910281535         1.4858742862         1.8958967584
        0.0000000000         3.7254178000         0.5523554932         2.9913535130         1.4807696325         1.9061042683
        0.0000000000         3.7304611000         0.5530157044         2.9916808018         1.4909789399         1.9290711654
        0.0000000000         3.7353954000         0.5536613106         2.9920008981         1.4807696325         1.9341749203
        0.0000000000         3.7403976000         0.5543154614         2.9923252788         1.4909789399         1.9622455724
        0.0000000000         3.7453888000         0.5549678326         2.9926488253         1.4756649788         1.9622455724
        0.0000000000         3.7504134000         0.5556242248         2.9929744146         1.4909789399         1.9928681019
        0.0000000000         3.7554046000         0.5562759110         2.9932977179         1.4935312668         2.0056274892
        0.0000000000         3.7603874000         0.5569261594         2.9936203557         1.4731126519         2.0056274892
        0.0000000000         3.7654351000         0.5575845293         2.9939470721         1.5011882474         2.0234906314
        0.0000000000         3.7703930000         0.5582308454         2.9942678545         1.4756649788         2.0464575285
        0.0000000000         3.7754421000         0.5588887024         2.9945944136         1.4833219594         2.0541131609
        0.0000000000         3.7804796000         0.5595446977         2.9949200975         1.4833219594         2.0745281806
        0.0000000000         3.7854395000         0.5601902454         2.9952406420         1.4884266131         2.0923913228
        0.0000000000         3.7904769000         0.5608455320         2.9955660708         1.4909789399         2.1077025875
        0.0000000000         3.7953980000         0.5614853507         2.9958838649         1.4782173056         2.1102544650
        0.0000000000         3.8003963000         0.5621348631         2.9962065215         1.4884266131         2.1383251170
        0.0000000000         3.8053981000         0.5627844834         2.9965292796         1.4884266131         2.1408769945
        0.0000000000         3.8104448000         0.5634395832         2.9968548088         1.4756649788         2.1561882593
        0.0000000000         3.8153911000         0.5640813067         2.9971737384         1.4858742862         2.1766032789
        0.0000000000         3.8203895000         0.5647294436         2.9974959030         1.4858742862         2.1893626662
        0.0000000000         3.8254590000         0.5653864444         2.9978225223         1.4782173056         2.1995701761
        0.0000000000         3.8304382000         0.5660313934         2.9981431981         1.4935312668         2.2199851957
        0.0000000000         3.8354418000         0.5666791541         2.9984653196         1.4782173056         2.2352964605
        0.0000000000         3.8404686000         0.5673295658         2.9987888075         1.4884266131         2.2557114802
        0.0000000000         3.8454616000         0.5679752539         2.9991099939         1.4884266131         2.2684708674
        0.0000000000         3.8504450000         0.5686193523         2.9994304368         1.4858742862         2.2837821322
        0.0000000000         3.8554575000         0.5692668603         2.9997526239         1.4756649788         2.2863340097
        0.0000000000         3.8604429000         0.5699105175         3.0000729423         1.4858742862         2.3118527843
        0.0000000000         3.8654054000         0.5705508710         3.0003916637         1.4807696325         2.3220602941
        0.0000000000         3.8703886000         0.5711935467         3.0007115880         1.4909789399         2.3399234363
        0.0000000000         3.8753940000         0.5718387333         3.0010328097         1.4782173056         2.3526828236
        0.0000000000         3.8803958000         0.5724831026         3.0013536721         1.4807696325         2.3628903334
        0.0000000000         3.8854316000         0.5731314952         3.0016765858         1.4807696325         2.3833053531
        0.0000000000         3.8905008000         0.5737838260         3.0020015095         1.4909789399         2.4011684953
        0.0000000000         3.8954391000         0.5744189620         3.0023179154         1.4756649788         2.4062722502
        0.0000000000         3.9004308000         0.5750606148         3.0026376147         1.4960835936         2.4317910248
        0.0000000000         3.9054304000         0.5757029288         3.0029576907         1.4807696325         2.4368947797
        0.0000000000         3.9104744000         0.5763505871         3.0032804778         1.4884266131         2.4573097994
        0.0000000000         3.9154386000         0.5769876457         3.0035980291         1.4858742862         2.4700691867
        0.0000000000         3.9204210000         0.5776266871         3.0039166156         1.4858742862         2.4879323289
        0.0000000000         3.9255216000         0.5782805223         3.0042426259         1.4884266131         2.4955879613
        0.0000000000         3.9304512000         0.5789120847         3.0045575774         1.4858742862         2.5108992261
        0.0000000000         3.9354055000         0.5795464618         3.0048739787         1.4782173056         2.5262104908
        0.0000000000         3.9403930000         0.5801847355         3.0051923702         1.4884266131         2.5491773879
        0.0000000000         3.9453861000         0.5808233692         3.0055109882         1.4884266131         2.5670405302
        0.0000000000         3.9503987000         0.5814641376         3.0058307185         1.5062929011         2.5849036724
        0.0000000000         3.9553802000         0.5821005732         3.0061483336         1.4833219594         2.5925593047
        0.0000000000         3.9604355000         0.5827460732         3.0064705200         1.4858742862         2.6002149371
        0.0000000000         3.9654465000         0.5833855540         3.0067897494         1.4833219594         2.6231818342
        0.0000000000         3.9704670000         0.5840258846         3.0071094503         1.4960835936         2.6435968539
        0.0000000000         3.9754003000         0.5846547397         3.0074234678         1.4858742862         2.6487006088
        0.0000000000         3.9804029000         0.5852920700         3.0077417640         1.4884266131         2.6691156285
        0.0000000000         3.9854681000         0.5859370074         3.0080639071         1.4884266131         2.6844268933
        0.0000000000         3.9904969000         0.5865769430         3.0083835994         1.4960835936         2.6920825256
        0.0000000000         3.9954341000         0.5872048662         3.0086973366         1.4909789399         2.7201531777
        0.0000000000         4.0004037000         0.5878365533         3.0090130005         1.4884266131         2.7252569326
        0.0000000000         4.0054205000         0.5884738768         3.0093315278         1.4884266131         2.7482238297
        0.0000000000         4.0103978000         0.5891058211         3.0096474130         1.4884266131         2.7558794621
        0.0000000000         4.0153904000         0.5897393462         3.0099641348         1.5062929011         2.7839501142
        0.0000000000         4.0204432000         0.5903801410         3.0102845383         1.4960835936         2.7916057465
        0.0000000000         4.0254047000         0.5910089952         3.0105990178         1.5037405742         2.8094688888
        0.0000000000         4.0303927000         0.5916408464         3.0109150421         1.4909789399         2.8196763986
        0.0000000000         4.0353846000         0.5922728280         3.0112311780         1.4986359205         2.8400914183
        0.0000000000         4.0403848000         0.5929054953         3.0115477033         1.5037405742         2.8605064379
        0.0000000000         4.0454849000         0.5935504260         3.0118704119         1.5088452279         2.8809214576
        0.0000000000         4.0504035000         0.5941720443         3.0121815012         1.4909789399         2.8834733351
        0.0000000000         4.0554675000         0.5948116680         3.0125016482         1.5113975548         2.9115439871
        0.0000000000         4.0603970000         0.5954339417         3.0128131568         1.4986359205         2.9294071293
        0.0000000000         4.0653984000         0.5960649268         3.0131290723         1.5062929011         2.9396146392
        0.0000000000         4.0703953000         0.5966949767         3.0134445658         1.5088452279         2.9498221490
        0.0000000000         4.0754350000         0.5973300509         3.0137626220         1.5011882474         2.9727890461
        0.0000000000         4.0803903000         0.5979541245         3.0140752146         1.5062929011         2.9855484334
        0.0000000000         4.0854959000         0.5985967481         3.0143971462         1.4986359205         3.0085153306
        0.0000000000         4.0903900000         0.5992123895         3.0147056058         1.5216068622         3.0212747179
        0.0000000000         4.0953977000         0.5998419544         3.0150210873         1.4935312668         3.0416897375
        0.0000000000         4.1003968000         0.6004700679         3.0153358876         1.5062929011         3.0595528797
        0.0000000000         4.1054784000         0.6011081676         3.0156557400         1.5037405742         3.0672085121
        0.0000000000         4.1103960000         0.6017253091         3.0159651322         1.5011882474         3.0876235318
        0.0000000000         4.1154320000         0.6023569373         3.0162818331         1.5062929011         3.1003829191
        0.0000000000         4.1203897000         0.6029783767         3.0165934708         1.4858742862         3.1207979388
        0.0000000000         4.1253910000         0.6036049108         3.0169077091         1.5088452279         3.1361092035
        0.0000000000         4.1303899000         0.6042307719         3.0172216557         1.4935312668         3.1463167133
        0.0000000000         4.1354037000         0.6048581243         3.0175363964         1.4986359205         3.1616279781
        0.0000000000         4.1403980000         0.6054826638         3.0178497716         1.4986359205         3.1769392429
        0.0000000000         4.1454473000         0.6061137022         3.0181664543         1.4986359205         3.1999061400
        0.0000000000         4.1503948000         0.6067316483         3.0184766118         1.4960835936         3.2152174047
        0.0000000000         4.1553978000         0.6073561538         3.0187901071         1.5062929011         3.2356324244
        0.0000000000         4.1604993000         0.6079925684         3.0191096277         1.4858742862         3.2483918117
        0.0000000000         4.1654507000         0.6086098846         3.0194196051         1.5037405742         3.2662549539
        0.0000000000         4.1704300000         0.6092303079         3.0197311878         1.4909789399         3.2739105863
        0.0000000000         4.1754292000         0.6098528359         3.0200438729         1.4909789399         3.2892218510
        0.0000000000         4.1804472000         0.6104773267         3.0203575897         1.4909789399         3.3070849933
        0.0000000000         4.1855384000         0.6111105397         3.0206757350         1.4858742862         3.3249481355
        0.0000000000         4.1904399000         0.6117197896         3.0209818850         1.5011882474         3.3428112777
        0.0000000000         4.1954355000         0.6123403629         3.0212937699         1.4909789399         3.3581225424
        0.0000000000         4.2004043000         0.6129572330         3.0216038386         1.5037405742         3.3734338072
        0.0000000000         4.2054746000         0.6135863193         3.0219200939         1.4858742862         3.3887450720
        0.0000000000         4.2103928000         0.6141961622         3.0222267197         1.4909789399         3.4015044592
        0.0000000000         4.2154303000         0.6148204180         3.0225406375         1.4909789399         3.4219194789
        0.0000000000         4.2204038000         0.6154363651         3.0228504223         1.4884266131         3.4346788662
        0.0000000000         4.2254329000         0.6160588161         3.0231635236         1.4909789399         3.4474382535
        0.0000000000         4.2304819000         0.6166833434         3.0234777152         1.4909789399         3.4755089056
        0.0000000000         4.2354621000         0.6172989806         3.0237874795         1.4884266131         3.4780607830
        0.0000000000         4.2404677000         0.6179173770         3.0240986771         1.4935312668         3.5010276801
        0.0000000000         4.2454211000         0.6185289485         3.0244064846         1.4884266131         3.5112351900
        0.0000000000         4.2503950000         0.6191426743         3.0247154209         1.4960835936         3.5342020871
        0.0000000000         4.2555868000         0.6197828834         3.0250377358         1.4807696325         3.5393058420
        0.0000000000         4.2605098000         0.6203895656         3.0253432162         1.5011882474         3.5673764941
        0.0000000000         4.2654870000         0.6210025500         3.0256519142         1.4986359205         3.5775840039
        0.0000000000         4.2703924000         0.6216063202         3.0259560155         1.4884266131         3.5852396363
        0.0000000000         4.2754059000         0.6222230142         3.0262666707         1.5011882474         3.6133102883
        0.0000000000         4.2804141000         0.6228386711         3.0265768484         1.4782173056         3.6184140433
        0.0000000000         4.2854621000         0.6234588305         3.0268893400         1.4935312668         3.6388290629
        0.0000000000         4.2904240000         0.6240680303         3.0271963536         1.4858742862         3.6490365728
        0.0000000000         4.2956944000         0.6247146911         3.0275222944         1.5011882474         3.6771072248
        0.0000000000         4.3004330000         0.6252957362         3.0278152047         1.4960835936         3.6873147347
        0.0000000000         4.3054921000         0.6259156986         3.0281277779         1.4909789399         3.7000741219
        0.0000000000         4.3103990000         0.6265166321         3.0284308007         1.4909789399         3.7204891416
        0.0000000000         4.3154350000         0.6271329892         3.0287416454         1.4986359205         3.7332485289
        0.0000000000         4.3205561000         0.6277593591         3.0290575862         1.4884266131         3.7460079162
        0.0000000000         4.3254378000         0.6283560695         3.0293586102         1.4909789399         3.7562154260
        0.0000000000         4.3304294000         0.6289658314         3.0296662620         1.5037405742         3.7842860781
        0.0000000000         4.3353923000         0.6295717040         3.0299719955         1.4884266131         3.7893898330
        0.0000000000         4.3404291000         0.6301862072         3.0302821287         1.5011882474         3.8123567301
        0.0000000000         4.3455697000         0.6308129675         3.0305984943         1.4935312668         3.8251161174
        0.0000000000         4.3503965000         0.6314010937         3.0308954015         1.4986359205         3.8480830146
        0.0000000000         4.3554083000         0.6320113774         3.0312035381         1.4909789399         3.8582905244
        0.0000000000         4.3604369000         0.6326233131         3.0315125536         1.5062929011         3.8838092990
        0.0000000000         4.3653798000         0.6332244352         3.0318161519         1.5037405742         3.8940168088
        0.0000000000         4.3703904000         0.6338334009         3.0321237557         1.4935312668         3.9118799510
        0.0000000000         4.3753905000         0.6344406991         3.0324305613         1.4909789399         3.9322949707
        0.0000000000         4.3803895000         0.6350474725         3.0327371458         1.5011882474         3.9399506031
        0.0000000000         4.3854243000         0.6356581954         3.0330457704         1.4986359205         3.9578137453
        0.0000000000         4.3904368000         0.6362658184         3.0333528727         1.4986359205         3.9705731326
        0.0000000000         4.3953954000         0.6368665194         3.0336565200         1.4935312668         3.9909881523
        0.0000000000         4.4003983000         0.6374721955         3.0339627259         1.5062929011         4.0114031719
        0.0000000000         4.4054287000         0.6380808040         3.0342704586         1.4884266131         4.0165069269
        0.0000000000         4.4104061000         0.6386826081         3.0345747944         1.5088452279         4.0445775789
        0.0000000000         4.4154032000         0.6392864013         3.0348801798         1.5037405742         4.0547850888
        0.0000000000         4.4204000000         0.6398897644         3.0351853914         1.4960835936         4.0726482310
        0.0000000000         4.4253922000         0.6404921784         3.0354901664         1.5062929011         4.0828557408
        0.0000000000         4.4304031000         0.6410964529         3.0357959264         1.4884266131         4.0981670056
        0.0000000000         4.4353943000         0.6416979568         3.0361003282         1.5165022085         4.1211339027
        0.0000000000         4.4404755000         0.6423099018         3.0364100584         1.4935312668         4.1389970449
        0.0000000000         4.4453975000         0.6429022836         3.0367099299         1.5088452279         4.1619639420
        0.0000000000         4.4504447000         0.6435093347         3.0370172709         1.5088452279         4.1772752068
        0.0000000000         4.4553912000         0.6441038816         3.0373183242         1.5062929011         4.1900345941
        0.0000000000         4.4604137000         0.6447071656         3.0376238450         1.5088452279         4.2053458588
        0.0000000000         4.4653912000         0.6453046484         3.0379264712         1.4960835936         4.2232090010
        0.0000000000         4.4704004000         0.6459055381         3.0382308664         1.5113975548         4.2436240207
        0.0000000000         4.4754054000         0.6465055246         3.0385348475         1.5190545354         4.2512796531
        0.0000000000         4.4803985000         0.6471036863         3.0388379473         1.5062929011         4.2767984277
        0.0000000000         4.4853971000         0.6477021083         3.0391412221         1.5088452279         4.2997653248
        0.0000000000         4.4905002000         0.6483126288         3.0394506730         1.5037405742         4.3150765896
        0.0000000000         4.4954817000         0.6489081997         3.0397525897         1.5139498816         4.3252840994
        0.0000000000         4.5004059000         0.6494965294         3.0400508778         1.4986359205         4.3354916092
        0.0000000000         4.5053913000         0.6500917754         3.0403527149         1.5037405742         4.3610103838
        0.0000000000         4.5104480000         0.6506951271         3.0406587061         1.5011882474         4.3788735260
        0.0000000000         4.5153977000         0.6512853143         3.0409580635         1.5088452279         4.4018404232
        0.0000000000         4.5204007000         0.6518814567         3.0412604842         1.5165022085         4.4145998105
        0.0000000000         4.5253855000         0.6524750300         3.0415616445         1.5011882474         4.4299110752
        0.0000000000         4.5304012000         0.6530718791         3.0418645098         1.5062929011         4.4477742174
        0.0000000000         4.5353915000         0.6536653034         3.0421656799         1.5037405742         4.4656373597
        0.0000000000         4.5404016000         0.6542606781         3.0424678829         1.5062929011         4.4758448695
        0.0000000000         4.5454702000         0.6548625923         3.0427734489         1.5165022085         4.5064673990
        0.0000000000         4.5504631000         0.6554551111         3.0430742882         1.5011882474         4.5243305412
        0.0000000000         4.5553915000         0.6560395801         3.0433710821         1.5165022085         4.5345380510
        0.0000000000         4.5604012000         0.6566332876         3.0436726098         1.5088452279         4.5600568256
        0.0000000000         4.5653915000         0.6572242918         3.0439728071         1.5190545354         4.5677124580
        0.0000000000         4.5703993000         0.6578169626         3.0442738936         1.5011882474         4.5906793551
        0.0000000000         4.5753922000         0.6584074647         3.0445739208         1.5139498816         4.6136462523
        0.0000000000         4.5804523000         0.6590055012         3.0448778194         1.5113975548         4.6238537621
        0.0000000000         4.5854615000         0.6595971120         3.0451784954         1.5190545354         4.6519244142
        0.0000000000         4.5904010000         0.6601800910         3.0454748263         1.5113975548         4.6570281691
        0.0000000000         4.5953920000         0.6607687445         3.0457740835         1.5062929011         4.6799950662
        0.0000000000         4.6004013000         0.6613591481         3.0460742727         1.5139498816         4.6953063310
        0.0000000000         4.6054714000         0.6619563006         3.0463779367         1.5165022085         4.7106175957
        0.0000000000         4.6104460000         0.6625417971         3.0466757156         1.5113975548         4.7335844928
        0.0000000000         4.6153921000         0.6631235383         3.0469716260         1.5190545354         4.7591032674
        0.0000000000         4.6204023000         0.6637124105         3.0472712057         1.5088452279         4.7795182871
        0.0000000000         4.6254673000         0.6643073057         3.0475738926         1.5292638428         4.7922776744
        0.0000000000         4.6304804000         0.6648956911         3.0478733098         1.5139498816         4.8126926941
        0.0000000000         4.6353909000         0.6654716347         3.0481664365         1.5088452279         4.8229002039
        0.0000000000         4.6404793000         0.6660680262         3.0484700129         1.5037405742         4.8433152236
        0.0000000000         4.6454221000         0.6666469450         3.0487647369         1.5190545354         4.8662821207
        0.0000000000         4.6503978000         0.6672293113         3.0490612575         1.5267115159         4.8943527728
        0.0000000000         4.6554215000         0.6678168821         3.0493604700         1.5113975548         4.8969046502
        0.0000000000         4.6604162000         0.6684006488         3.0496577872         1.5139498816         4.9249753023
        0.0000000000         4.6653916000         0.6689817507         3.0499537887         1.5292638428         4.9479421994
        0.0000000000         4.6703997000         0.6695662592         3.0502515672         1.5139498816         4.9632534642
        0.0000000000         4.6753992000         0.6701493506         3.0505486655         1.5241591891         4.9811166064
        0.0000000000         4.6805159000         0.6707456831         3.0508525536         1.5139498816         4.9964278711
        0.0000000000         4.6854479000         0.6713200795         3.0511453044         1.5267115159         5.0040835035
        0.0000000000         4.6904963000         0.6719076148         3.0514447936         1.5369208233         5.0066353810
        0.0000000000         4.6953922000         0.6724769985         3.0517350706         1.5267115159         5.0117391359
        0.0000000000         4.7004075000         0.6730598559         3.0520322579         1.5113975548         5.0015316260
        0.0000000000         4.7053905000         0.6736385457         3.0523273616         1.5241591891         5.0142910133
        0.0000000000         4.7104004000         0.6742199435         3.0526238877         1.5267115159         5.0040835035
        0.0000000000         4.7153855000         0.6747980488         3.0529187758         1.5292638428         4.9913241162
        0.0000000000         4.7203920000         0.6753782194         3.0532147587         1.5165022085         1.0997109912
        0.0000000000         4.7253914000         0.6759571503         3.0535101505         1.5216068622         1.1073666236
        0.0000000000         4.7303916000         0.6765357570         3.0538054181         1.5216068622         1.1175741334
        0.0000000000         4.7353846000         0.6771131140         3.0541000891         1.5318161696         0.0024036839
        0.0000000000         4.7404530000         0.6776987638         3.0543990346         1.5190545354         0.0024036839
        0.0000000000         4.7454153000         0.6782717377         3.0546915505         1.5165022085         0.0024036839
        0.0000000000         4.7503923000         0.6788459949         3.0549847623         1.5241591891         0.0024036839
        0.0000000000         4.7553983000         0.6794231797         3.0552795099         1.5496824576         0.0100593162
        0.0000000000         4.7604006000         0.6799995183         3.0555738664         1.5241591891         0.0024036839
        0.0000000000         4.7653999000         0.6805750917         3.0558678731         1.5241591891         0.0151630711
        0.0000000000         4.7704750000         0.6811589628         3.0561661602         1.5318161696         0.0381299683
        0.0000000000         4.7754732000         0.6817335637         3.0564597524         1.5318161696         0.0483374781
        0.0000000000         4.7804042000         0.6823000274         3.0567492269         1.5292638428         0.0713043752
        0.0000000000         4.7854016000         0.6828737014         3.0570424265         1.5292638428         0.0942712724
        0.0000000000         4.7904494000         0.6834527338         3.0573384061         1.5216068622         0.1095825371
        0.0000000000         4.7953964000         0.6840197866         3.0576283023         1.5420254771         0.1376531892
        0.0000000000         4.8003900000         0.6845917620         3.0579207555         1.5267115159         0.1504125765
        0.0000000000         4.8053910000         0.6851641629         3.0582134669         1.5343684965         0.1733794736
        0.0000000000         4.8104071000         0.6857378674         3.0585068857         1.5292638428         0.1912426158
        0.0000000000         4.8153994000         0.6863084271         3.0587987366         1.5241591891         0.2091057580
        0.0000000000         4.8204311000         0.6868830627         3.0590927132         1.5394731502         0.2371764101
        0.0000000000         4.8253993000         0.6874500254         3.0593828046         1.5267115159         0.2524876748
        0.0000000000         4.8304046000         0.6880207985         3.0596748860         1.5267115159         0.2677989396
        0.0000000000         4.8354495000         0.6885956569         3.0599690989         1.5190545354         0.2805583269
        0.0000000000         4.8404488000         0.6891648928         3.0602604746         1.5241591891         0.3035252240
        0.0000000000         4.8454361000         0.6897323388         3.0605509743         1.5343684965         0.3315958761
        0.0000000000         4.8504065000         0.6902974408         3.0608403138         1.5318161696         0.3443552634
        0.0000000000         4.8554010000         0.6908648590         3.0611308792         1.5241591891         0.3724259154
        0.0000000000         4.8604010000         0.6914324761         3.0614215865         1.5267115159         0.3775296703
        0.0000000000         4.8653948000         0.6919989637         3.0617117554         1.5165022085         0.4056003224
        0.0000000000         4.8704958000         0.6925771722         3.0620079693         1.5190545354         0.4158078322
        0.0000000000         4.8753915000         0.6931316913         3.0622920864         1.5292638428         0.4464303617
        0.0000000000         4.8804157000         0.6937003391         3.0625834823         1.5292638428         0.4617416265
        0.0000000000         4.8853966000         0.6942636596         3.0628721881         1.5292638428         0.4847085236
        0.0000000000         4.8904110000         0.6948303395         3.0631626557         1.5369208233         0.5051235433
        0.0000000000         4.8953907000         0.6953926713         3.0634509341         1.5139498816         0.5127791757
        0.0000000000         4.9004398000         0.6959624057         3.0637430478         1.5343684965         0.5408498277
        0.0000000000         4.9054766000         0.6965303160         3.0640342665         1.5216068622         0.5638167248
        0.0000000000         4.9104137000         0.6970865618         3.0643195430         1.5216068622         0.5740242347
        0.0000000000         4.9153971000         0.6976475988         3.0646073158         1.5241591891         0.5918873769
        0.0000000000         4.9204267000         0.6982134037         3.0648975742         1.5165022085         0.6046467642
        0.0000000000         4.9254278000         0.6987755703         3.0651860058         1.5241591891         0.6352692937
        0.0000000000         4.9304584000         0.6993406180         3.0654759554         1.5241591891         0.6429249261
        0.0000000000         4.9356604000         0.6999244584         3.0657755904         1.5241591891         0.6684437007
        0.0000000000         4.9406120000         0.7004797613         3.0660606193         1.5139498816         0.6863068429
        0.0000000000         4.9453981000         0.7010161013         3.0663359514         1.5241591891         0.7041699851
        0.0000000000         4.9505336000         0.7015911550         3.0666311975         1.5267115159         0.7271368822
        0.0000000000         4.9554691000         0.7021433833         3.0669147636         1.5241591891         0.7398962695
        0.0000000000         4.9604510000         0.7027003753         3.0672008145         1.5241591891         0.7603112892
        0.0000000000         4.9654463000         0.7032584334         3.0674874521         1.5292638428         0.7858300638
        0.0000000000         4.9704013000         0.7038115615         3.0677715960         1.5267115159         0.8011413285
        0.0000000000         4.9754960000         0.7043798398         3.0680635628         1.5292638428         0.8241082257
        0.0000000000         4.9805035000         0.7049379519         3.0683503459         1.5267115159         0.8368676129
        0.0000000000         4.9853936000         0.7054825583         3.0686302270         1.5216068622         0.8598345101
        0.0000000000         4.9903934000         0.7060389515         3.0689162040         1.5318161696         0.8776976523
        0.0000000000         4.9953920000         0.7065947759         3.0692019275         1.5216068622         0.8955607945
        0.0000000000         0.0000000000         0.0004946000         0.0000776916         2.5000000000         1.3378393285
        0.0000000000         0.0000000000         0.0054096000         0.0008497379         2.5000000000         1.3378393285
        0.0000000000         0.0000000000         0.0104017000         0.0016338945         2.5000000000         1.3352870017
        0.0000000000         0.0000000000         0.0153899000         0.0024174375         2.5000000000         1.3378393285
        0.0000000000         0.0000000000         0.0204990000         0.0032199698         2.5000000000         1.3327346748
        0.0000000000         0.0000000000         0.0253958000         0.0039891524         2.5000000000         1.3403916554
        0.0000000000         0.0000000000         0.0304663000         0.0047856169         2.5000000000         1.3378393285
        0.0000000000         0.0000000000         0.0354789000         0.0055729837         2.5000000000         1.3429439823
        0.0000000000         0.0000000000         0.0404469000         0.0063533415         2.5000000000         1.3659149240
        0.0000000000         0.0000000000         0.0453915000         0.0071300197         2.5000000000         1.3352870017
        0.0000000000         0.0000000000         0.0504803000         0.0079293439         2.5000000000         1.3327346748
        0.0000000000         0.0000000000         0.0553905000         0.0087006096         2.5000000000         1.3378393285
        0.0000000000         0.0000000000         0.0604163000         0.0094900278         2.5000000000         1.3429439823
        0.0000000000         0.0000000000         0.0653796000         0.0102696230         2.5000000000         1.3352870017
        0.0000000000         0.0000000000         0.0703945000         0.0110573169         2.5000000000         1.3378393285
        0.0000000000         0.0000000000         0.0754466000         0.0118508468         2.5000000000         1.3327346748
        0.0000000000         0.0000000000         0.0804142000         0.0126310971         2.5000000000         1.3352870017
        0.0000000000         0.0000000000         0.0853893000         0.0134125177         2.5000000000         1.3378393285
        0.0000000000         0.0000000000         0.0905397000         0.0142214634         2.5000000000         1.3403916554
        0.0000000000         0.0000000000         0.0954056000         0.0149857157         2.5000000000         1.3352870017
        0.0000000000         0.0000000000         0.1004049000         0.0157709110         2.5000000000         1.3454963091
        0.0000000000         0.0000000000         0.1054607000         0.0165649704         2.5000000000         1.3378393285
        0.0000000000         0.0000000000         0.1105482000         0.0173639980         2.5000000000         1.3301823480
        0.0000000000         0.0000000000         0.1153911000         0.0181245991         2.5000000000         1.3352870017
        0.0000000000         0.0000000000         0.1209156000         0.0189922361         2.5000000000         1.3352870017
        0.0000000000         0.0000000000         0.1254627000         0.0197063591         2.5000000000         1.3378393285
        0.0000000000         0.0000000000         0.1304351000         0.0204872641         2.5000000000         1.3454963091
        0.0000000000         0.0000000000         0.1353821000         0.0212641677         2.5000000000         1.3301823480
        0.0000000000         0.0000000000         0.1409266000         0.0221348907         2.5000000000         1.3454963091
        0.0000000000         0.0000000000         0.1454344000         0.0228427951         2.5000000000         1.3429439823
        0.0000000000         0.0000000000         0.1504713000         0.0236337759         2.5000000000         1.3454963091
        0.0000000000         0.0000000000         0.1553884000         0.0244059292         2.5000000000         1.3352870017
        0.0000000000         0.0000000000         0.1604890000         0.0252068831         2.5000000000         1.3735719045
        0.0000000000         0.0000000000         0.1654210000         0.0259813460         2.5000000000         1.3352870017
        0.0000000000         0.0000000000         0.1704414000         0.0267696742         2.5000000000         1.3327346748
        0.0000000000         0.0000000000         0.1753951000         0.0275475125         2.5000000000         1.3454963091
        0.0000000000         0.0000000000         0.1803880000         0.0283314893         2.5000000000         1.3276300211
        0.0000000000         0.0000000000         0.1853897000         0.0291168303         2.5000000000         1.3454963091
        0.0000000000         0.0000000000         0.1903815000         0.0299005989         2.5000000000         1.3352870017
        0.0000000000         0.0000000000         0.1953921000         0.0306873008         2.5000000000         1.3429439823
        0.0000000000         0.0000000000         0.2004259000         0.0314776262         2.5000000000         1.3659149240
        0.0000000000         0.0000000000         0.2054496000         0.0322663462         2.5000000000         1.3454963091
        0.0000000000         0.0000000000         0.2103908000         0.0330420942         2.5000000000         1.3352870017
        0.0000000000         0.0000000000         0.2153909000         0.0338270689         2.5000000000         1.3429439823
        0.0000000000         0.0000000000         0.2204161000         0.0346159631         2.5000000000         1.3301823480
        0.0000000000         0.0000000000         0.2253910000         0.0353969396         2.5000000000         1.3454963091
        0.0000000000         0.0000000000         0.2304252000         0.0361872032         2.5000000000         1.3454963091
        0.0000000000         0.0000000000         0.2354588000         0.0369773500         2.5000000000         1.3301823480
        0.0000000000         0.0000000000         0.2404187000         0.0377559051         2.5000000000         1.3429439823
        0.0000000000         0.0000000000         0.2453902000         0.0385362581         2.5000000000         1.3378393285
        0.0000000000         0.0000000000         0.2503822000         0.0393198052         2.5000000000         1.3327346748
        0.0000000000         0.0000000000         0.2553903000         0.0401058552         2.5000000000         1.3429439823
        0.0000000000         0.0000000000         0.2604277000         0.0408964788         2.5000000000         1.3429439823
        0.0000000000         0.0000000000         0.2653898000         0.0416752591         2.5000000000         1.3327346748
        0.0000000000         0.0000000000         0.2703998000         0.0424615313         2.5000000000         1.3454963091
        0.0000000000         0.0000000000         0.2753898000         0.0432446386         2.5000000000         1.3378393285
        0.0000000000         0.0000000000         0.2804535000         0.0440392849         2.5000000000         1.3429439823
        0.0000000000         0.0000000000         0.2853896000         0.0448138801         2.5000000000         1.3301823480
        0.0000000000         0.0000000000         0.2904181000         0.0456029475         2.5000000000         1.3429439823
        0.0000000000         0.0000000000         0.2953906000         0.0463831993         2.5000000000         1.3301823480
        0.0000000000         0.0000000000         0.3004168000         0.0471718487         2.5000000000         1.3454963091
        0.0000000000         0.0000000000         0.3054246000         0.0479575818         2.5000000000         1.3352870017
        0.0000000000         0.0000000000         0.3103812000         0.0487352522         2.5000000000         1.3378393285
        0.0000000000         0.0000000000         0.3153820000         0.0495198275         2.5000000000         1.3429439823
        0.0000000000         0.0000000000         0.3203813000         0.0503041369         2.5000000000         1.3378393285
        0.0000000000         0.0000000000         0.3254314000         0.0510963845         2.5000000000         1.3403916554
        0.0000000000         0.0000000000         0.3304163000         0.0518783722         2.5000000000         1.3429439823
        0.0000000000         0.0000000000         0.3353882000         0.0526582889         2.5000000000         1.3378393285
        0.0000000000         0.0000000000         0.3404154000         0.0534468475         2.5000000000         1.3301823480
        0.0000000000         0.0000000000         0.3454428000         0.0542354042         2.5000000000         1.3301823480
        0.0000000000         0.0000000000         0.3504242000         0.0550167123         2.5000000000         1.3429439823
        0.0000000000         0.0000000000         0.3554341000         0.0558024565         2.5000000000         1.3352870017
        0.0000000000         0.0000000000         0.3604199000         0.0565843867         2.5000000000         1.3301823480
        0.0000000000         0.0000000000         0.3653992000         0.0573652628         2.5000000000         1.3352870017
        0.0000000000         0.0000000000         0.3703878000         0.0581475621         2.5000000000         1.3378393285
        0.0000000000         0.0000000000         0.3754355000         0.0589390930         2.5000000000         1.3327346748
        0.0000000000         0.0000000000         0.3804359000         0.0597231703         2.5000000000         1.3301823480
        0.0000000000         0.0000000000         0.3854233000         0.0605051725         2.7598592757         1.3327346748
        0.0000000000         0.0000000000         0.3904185000         0.0612883604         2.7602101938         1.3352870017
        0.0000000000         0.0000000000         0.3954519000         0.0620774994         2.7605638302         1.3403916554
        0.0000000000         0.0000000000         0.4004188000         0.0628561745         2.7609128283         1.3327346748
        0.0000000000         0.0000000000         0.4054225000         0.0636405802         2.7612644459         1.3454963091
        0.0000000000         0.0000000000         0.4104218000         0.0644242568         2.7616157881         1.3454963091
        0.0000000000         0.0000000000         0.4153969000         0.0652041005         2.7619654629         1.3301823480
        0.0000000000         0.0000000000         0.4203815000         0.0659853933         2.7623158384         1.3352870017
        0.0000000000         0.0000000000         0.4253922000         0.0667707364         2.7626680817         1.3352870017
        0.0000000000         0.0000000000         0.4303875000         0.0675536245         2.7630192753         1.3608102703
        0.0000000000         0.0000000000         0.4353929000         0.0683380539         2.7633712117         1.3812288851
        0.0000000000         0.0000000000         0.4403906000         0.0691212344         2.7637226392         1.3786765582
        0.0000000000         0.0000000000         0.4453920000         0.0699049521         2.7640743592         1.3633625971
        0.0000000000         0.0000000000         0.4504246000         0.0706935152         2.7644283057         1.3684672508
        0.0000000000         0.0000000000         0.4554055000         0.0714739340         2.7647786480         1.3735719045
        0.0000000000         0.0000000000         0.4604036000         0.0722570037         2.7651302316         1.3684672508
        0.0000000000         0.0000000000         0.4655128000         0.0730574337         2.7654896630         1.3735719045
        0.0000000000         0.0000000000         0.4704241000         0.0738268155         2.7658352029         1.3761242314
        0.0000000000         0.0000000000         0.4754003000         0.0746063195         2.7661853395         1.3761242314
        0.0000000000         0.0000000000         0.4803926000         0.0753882996         2.7665366396         1.3761242314
        0.0000000000         0.0000000000         0.4854055000         0.0761734599         2.7668894201         1.3761242314
        0.0000000000         0.0000000000         0.4904257000         0.0769597161         2.7672427451         1.3608102703
        0.0000000000         0.0000000000         0.4953948000         0.0777379221         2.7675925036         1.3659149240
        0.0000000000         0.0000000000         0.5004170000         0.0785243958         2.7679460299         1.3735719045
        0.0000000000         0.0000000000         0.5054037000         0.0793052620         2.7682970870         1.3735719045
        0.0000000000         0.0000000000         0.5103897000         0.0800859698         2.7686481243         1.3684672508
        0.0000000000         0.0000000000         0.5154721000         0.0808817215         2.7690059788         1.3837812120
        0.0000000000         0.0000000000         0.5204182000         0.0816560831         2.7693542654         1.3684672508
        0.0000000000         0.0000000000         0.5254161000         0.0824385044         2.7697062283         1.3761242314
        0.0000000000         0.0000000000         0.5304158000         0.0832211568         2.7700583469         1.3710195777
        0.0000000000         0.0000000000         0.5354690000         0.0840121318         2.7704142624         1.3684672508
        0.0000000000         0.0000000000         0.5404523000         0.0847921136         2.7707652831         1.3659149240
        0.0000000000         0.0000000000         0.5454326000         0.0855715739         2.7711161205         1.3735719045
        0.0000000000         0.0000000000         0.5504330000         0.0863541274         2.7714684017         1.3812288851
        0.0000000000         0.0000000000         0.5554928000         0.0871459226         2.7718248961         1.3684672508
        0.0000000000         0.0000000000         0.5604577000         0.0879228137         2.7721747316         1.3812288851
        0.0000000000         0.0000000000         0.5654538000         0.0887045328         2.7725267928         1.3659149240
        0.0000000000         0.0000000000         0.5704046000         0.0894791102         2.7728756887         1.3761242314
        0.0000000000         0.0000000000         0.5754063000         0.0902615962         2.7732281985         1.3761242314
        0.0000000000         0.0000000000         0.5804042000         0.0910434320         2.7735804672         1.3710195777
        0.0000000000         0.0000000000         0.5853913000         0.0918235224         2.7739320012         1.3812288851
        0.0000000000         0.0000000000         0.5903898000         0.0926053395         2.7742843651         1.3684672508
        0.0000000000         0.0000000000         0.5954143000         0.0933911657         2.7746385882         1.3659149240
        0.0000000000         0.0000000000         0.6004021000         0.0941711945         2.7749902499         1.3812288851
        0.0000000000         0.0000000000         0.6053953000         0.0949520100         2.7753423180         1.3684672508
        0.0000000000         0.0000000000         0.6103941000         0.0957336426         2.7756948065         1.3786765582
        0.0000000000         0.0000000000         0.6154040000         0.0965169516         2.7760481031         1.3761242314
        0.0000000000         0.0000000000         0.6203914000         0.0972966834         2.7763998381         1.3735719045
        0.0000000000         0.0000000000         0.6254210000         0.0980829522         2.7767545743         1.3837812120
        0.0000000000         0.0000000000         0.6304286000         0.0988657210         2.7771077838         1.3786765582
        0.0000000000         0.0000000000         0.6354609000         0.0996522892         2.7774627603         1.3812288851
        0.0000000000         0.0000000000         0.6404292000         0.1004287928         2.7778132463         1.3812288851
        0.0000000000         0.0000000000         0.6454061000         0.1012065792         2.7781643630         1.3837812120
        0.0000000000         0.0000000000         0.6504642000         0.1019969922         2.7785212324         1.3735719045
        0.0000000000         0.0000000000         0.6554435000         0.1027750284         2.7788725660         1.3888858657
        0.0000000000         0.0000000000         0.6603904000         0.1035479397         2.7792216364         1.3837812120
        0.0000000000         0.0000000000         0.6654726000         0.1043419254         2.7795802779         1.3786765582
        0.0000000000         0.0000000000         0.6704173000         0.1051143658         2.7799292390         1.3837812120
        0.0000000000         0.0000000000         0.6754020000         0.1058929906         2.7802810458         1.3761242314
        0.0000000000         0.0000000000         0.6804574000         0.1066825927         2.7806378653         1.3863335388
        0.0000000000         0.0000000000         0.6853937000         0.1074535277         2.7809863007         1.3761242314
        0.0000000000         0.0000000000         0.6904406000         0.1082416691         2.7813425654         1.3863335388
        0.0000000000         0.0000000000         0.6954410000         0.1090224817         2.7816955697         1.3812288851
        0.0000000000         0.0000000000         0.7003894000         0.1097951083         2.7820449246         1.3786765582
        0.0000000000         0.0000000000         0.7053938000         0.1105764111         2.7823982545         1.3837812120
        0.0000000000         0.0000000000         0.7103888000         0.1113561782         2.7827509422         1.3786765582
        0.0000000000         0.0000000000         0.7154727000         0.1121497531         2.7831099287         1.3863335388
        0.0000000000         0.0000000000         0.7204281000         0.1129232008         2.7834598623         1.3837812120
        0.0000000000         0.0000000000         0.7254972000         0.1137143242         2.7838178462         1.3863335388
        0.0000000000         0.0000000000         0.7304171000         0.1144820934         2.7841653137         1.3837812120
        0.0000000000         0.0000000000         0.7353972000         0.1152591874         2.7845170529         1.3863335388
        0.0000000000         0.0000000000         0.7404167000         0.1160423579         2.7848715951         1.3735719045
        0.0000000000         0.0000000000         0.7454408000         0.1168261740         2.7852264824         1.3786765582
        0.0000000000         0.0000000000         0.7503889000         0.1175980621         2.7855760207         1.3761242314
        0.0000000000         0.0000000000         0.7553917000         0.1183784110         2.7859294425         1.3786765582
        0.0000000000         0.0000000000         0.7603923000         0.1191583436         2.7862827282         1.3735719045
        0.0000000000         0.0000000000         0.7653930000         0.1199382184         2.7866360401         1.3863335388
        0.0000000000         0.0000000000         0.7704542000         0.1207274529         2.7869936458         1.3761242314
        0.0000000000         0.0000000000         0.7754019000         0.1214989147         2.7873432505         1.3761242314
        0.0000000000         0.0000000000         0.7803931000         0.1222770848         2.7876959472         1.3863335388
        0.0000000000         0.0000000000         0.7854889000         0.1230714854         2.7880560541         1.3863335388
        0.0000000000         0.0000000000         0.7904201000         0.1238401509         2.7884045470         1.3761242314
        0.0000000000         0.0000000000         0.7954002000         0.1246163634         2.7887565134         1.3812288851
        0.0000000000         0.0000000000         0.8003883000         0.1253937464         2.7891090627         1.3863335388
        0.0000000000         0.0000000000         0.8053972000         0.1261742935         2.7894630996         1.3812288851
        0.0000000000         0.0000000000         0.8103886000         0.1269520359         2.7898159167         1.3837812120
        0.0000000000         0.0000000000         0.8154292000         0.1277373653         2.7901722288         1.3863335388
        0.0000000000         0.0000000000         0.8204425000         0.1285183618         2.7905266280         1.3888858657
        0.0000000000         0.0000000000         0.8254408000         0.1292969423         2.7908799834         1.3863335388
        0.0000000000         0.0000000000         0.8304382000         0.1300753028         2.7912332916         1.3863335388
        0.0000000000         0.0000000000         0.8354326000         0.1308531161         2.7915864038         1.3786765582
        0.0000000000         0.0000000000         0.8403820000         0.1316238417         2.7919363501         1.3863335388
        0.0000000000         0.0000000000         0.8454490000         0.1324127977         2.7922946273         1.3863335388
        0.0000000000         0.0000000000         0.8503973000         0.1331831906         2.7926445269         1.3812288851
        0.0000000000         0.0000000000         0.8553943000         0.1339610838         2.7929978853         1.3863335388
        0.0000000000         0.0000000000         0.8603957000         0.1347395794         2.7933515700         1.3812288851
        0.0000000000         0.0000000000         0.8654486000         0.1355260067         2.7937089118         1.3786765582
        0.0000000000         0.0000000000         0.8703820000         0.1362937529         2.7940578170         1.3939905194
        0.0000000000         0.0000000000         0.8753829000         0.1370719200         2.7944115103         1.3812288851
        0.0000000000         0.0000000000         0.8804177000         0.1378552767         2.7947676158         1.3812288851
        0.0000000000         0.0000000000         0.8856940000         0.1386761155         2.7951408175         1.3863335388
        0.0000000000         0.0000000000         0.8903896000         0.1394065341         2.7954729582         1.3914381925
        0.0000000000         0.0000000000         0.8957813000         0.1402451402         2.7958543521         1.3837812120
        0.0000000000         0.0000000000         0.9004295000         0.1409680243         2.7961831653         1.3888858657
        0.0000000000         0.0000000000         0.9054003000         0.1417409956         2.7965348119         1.3837812120
        0.0000000000         0.0000000000         0.9103926000         0.1425172232         2.7968879924         1.3837812120
        0.0000000000         0.0000000000         0.9153928000         0.1432945914         2.7972417445         1.3837812120
        0.0000000000         0.0000000000         0.9204107000         0.1440746224         2.7975967615         1.3888858657
        0.0000000000         0.0000000000         0.9254673000         0.1448605788         2.7979545291         1.3710195777
        0.0000000000         0.0000000000         0.9303882000         0.1456253553         2.7983027075         1.3863335388
        0.0000000000         0.0000000000         0.9353878000         0.1464022738         2.7986564662         1.3837812120
        0.0000000000         0.0000000000         0.9403957000         0.1471803916         2.7990108239         1.3761242314
        0.0000000000         0.0000000000         0.9455405000         0.1479796858         2.7993748806         1.3888858657
        0.0000000000         0.0000000000         0.9504262000         0.1487386369         2.7997206140         1.3786765582
        0.0000000000         0.0000000000         0.9554237000         0.1495148645         2.8000742697         1.3837812120
        0.0000000000         0.0000000000         0.9603914000         0.1502863721         2.8004258274         1.3914381925
        0.0000000000         0.0000000000         0.9654211000         0.1510674154         2.8007817834         1.3863335388
        0.0000000000         0.0000000000         0.9704646000         0.1518505070         2.8011387267         1.3990951731
        0.0000000000         0.0000000000         0.9754197000         0.1526197801         2.8014894238         1.3965428462
        0.0000000000         0.0000000000         0.9804238000         0.1533965665         2.8018435988         1.3863335388
        0.0000000000         0.0000000000         0.9853828000         0.1541662586         2.8021945915         1.3863335388
        0.0000000000         0.0000000000         0.9904750000         0.1549565275         2.8025550217         1.3888858657
        0.0000000000         0.0000000000         0.9954211000         0.1557240279         2.8029051202         1.3888858657
        0.0000000000         0.0000000000         1.0004057000         0.1564974073         2.8032579529         1.3914381925
        0.0000000000         0.0000000000         1.0053949000         0.1572714044         2.8036111200         1.3837812120
        0.0000000000         0.0000000000         1.0104030000         0.1580482364         2.8039656338         1.3965428462
        0.0000000000         0.0000000000         1.0154220000         0.1588266610         2.8043209277         1.3914381925
        0.0000000000         0.0000000000         1.0204331000         0.1596037619         2.8046756708         1.3914381925
        0.0000000000         0.0000000000         1.0254188000         0.1603768257         2.8050286238         1.3863335388
        0.0000000000         0.0000000000         1.0304487000         0.1611566433         2.8053847137         1.3888858657
        0.0000000000         0.0000000000         1.0354318000         0.1619291060         2.8057374982         1.3863335388
        0.0000000000         0.0000000000         1.0404393000         0.1627052512         2.8060920174         1.3939905194
        0.0000000000         0.0000000000         1.0454303000         0.1634787387         2.8064453758         1.3863335388
        0.0000000000         0.0000000000         1.0503929000         0.1642477253         2.8067967303         1.3837812120
        0.0000000000         0.0000000000         1.0554259000         0.1650275189         2.8071530761         1.3863335388
        0.0000000000         0.0000000000         1.0603983000         0.1657978221         2.8075051378         1.3863335388
        0.0000000000         0.0000000000         1.0653880000         0.1665707036         2.8078584308         1.3863335388
        0.0000000000         0.0000000000         1.0703836000         0.1673443965         2.8082121476         1.3863335388
        0.0000000000         0.0000000000         1.0754213000         0.1681245053         2.8085688513         1.3914381925
        0.0000000000         0.0000000000         1.0804083000         0.1688966593         2.8089219708         1.3888858657
        0.0000000000         0.0000000000         1.0853925000         0.1696682762         2.8092748976         1.3863335388
        0.0000000000         0.0000000000         1.0904004000         0.1704434574         2.8096295078         1.3837812120
        0.0000000000         0.0000000000         1.0953920000         0.1712160106         2.8099829689         1.3965428462
        0.0000000000         0.0000000000         1.1004061000         0.1719919401         2.8103380280         1.3914381925
        0.0000000000         0.0000000000         1.1053980000         0.1727643282         2.8106915198         1.3888858657
        0.0000000000         0.0000000000         1.1104223000         0.1735416222         2.8110473104         1.3965428462
        0.0000000000         0.0000000000         1.1154537000         0.1743199064         2.8114036080         1.3939905194
        0.0000000000         0.0000000000         1.1204052000         0.1750857248         2.8117542515         1.3965428462
        0.0000000000         0.0000000000         1.1254421000         0.1758646429         2.8121109464         1.3888858657
        0.0000000000         0.0000000000         1.1304636000         0.1766410699         2.8124665543         1.3939905194
        0.0000000000         0.0000000000         1.1354405000         0.1774104924         2.8128190071         1.3812288851
        0.0000000000         0.0000000000         1.1404422000         0.1781836397         2.8131732192         1.3990951731
        0.0000000000         0.0000000000         1.1454220000         0.1789532926         2.8135258834         1.3863335388
        0.0000000000         0.0000000000         1.1504271000         0.1797267453         2.8138803419         1.3939905194
        0.0000000000         0.0000000000         1.1554007000         0.1804952202         2.8142325721         1.3965428462
        0.0000000000         0.0000000000         1.1604066000         0.1812685745         2.8145870920         1.3863335388
        0.0000000000         0.0000000000         1.1653913000         0.1820385423         2.8149401126         1.4016475000
        0.0000000000         0.0000000000         1.1704991000         0.1828274092         2.8153018530         1.3888858657
        0.0000000000         0.0000000000         1.1754852000         0.1835973667         2.8156549762         1.3888858657
        0.0000000000         0.0000000000         1.1803936000         0.1843552157         2.8160025978         1.3939905194
        0.0000000000         0.0000000000         1.1853978000         0.1851277433         2.8163570053         1.3990951731
        0.0000000000         0.0000000000         1.1903969000         0.1858993694         2.8167110526         1.3965428462
        0.0000000000         0.0000000000         1.1954013000         0.1866716987         2.8170654759         1.3888858657
        0.0000000000         0.0000000000         1.2004155000         0.1874454247         2.8174205939         1.3939905194
        0.0000000000         0.0000000000         1.2053918000         0.1882131876         2.8177730279         1.3965428462
        0.0000000000         0.0000000000         1.2104615000         0.1889952423         2.8181320768         1.3863335388
        0.0000000000         0.0000000000         1.2153941000         0.1897560328         2.8184814159         1.3914381925
        0.0000000000         0.0000000000         1.2204086000         0.1905293386         2.8188365549         1.3939905194
        0.0000000000         0.0000000000         1.2254068000         0.1913000131         2.8191905389         1.3990951731
        0.0000000000         0.0000000000         1.2304404000         0.1920760268         2.8195470292         1.3965428462
        0.0000000000         0.0000000000         1.2353935000         0.1928395128         2.8198978174         1.3939905194
        0.0000000000         0.0000000000         1.2404177000         0.1936138391         2.8202536397         1.4093044805
        0.0000000000         0.0000000000         1.2454575000         0.1943904485         2.8206105654         1.4041998268
        0.0000000000         0.0000000000         1.2504072000         0.1951530554         2.8209611084         1.3990951731
        0.0000000000         0.0000000000         1.2554414000         0.1959285603         2.8213176338         1.3965428462
        0.0000000000         0.0000000000         1.2603982000         0.1966920222         2.8216686757         1.4016475000
        0.0000000000         0.0000000000         1.2653899000         0.1974607391         2.8220221869         1.3990951731
        0.0000000000         0.0000000000         1.2703942000         0.1982312744         2.8223765878         1.4093044805
        0.0000000000         0.0000000000         1.2753900000         0.1990003788         2.8227303840         1.3965428462
        0.0000000000         0.0000000000         1.2803943000         0.1997706689         2.8230847791         1.3965428462
        0.0000000000         0.0000000000         1.2854313000         0.2005458677         2.8234414868         1.4067521537
        0.0000000000         0.0000000000         1.2904107000         0.2013120785         2.8237941119         1.4041998268
        0.0000000000         0.0000000000         1.2953963000         0.2020791199         2.8241471725         1.4144091342
        0.0000000000         0.0000000000         1.3003928000         0.2028477139         2.8245010011         1.3990951731
        0.0000000000         0.0000000000         1.3053934000         0.2036168135         2.8248551160         1.3990951731
        0.0000000000         0.0000000000         1.3103993000         0.2043866024         2.8252096018         1.4016475000
        0.0000000000         0.0000000000         1.3154232000         0.2051590322         2.8255653577         1.3939905194
        0.0000000000         0.0000000000         1.3203939000         0.2059231568         2.8259173417         1.3990951731
        0.0000000000         0.0000000000         1.3254222000         0.2066960082         2.8262733994         1.4016475000
        0.0000000000         0.0000000000         1.3304030000         0.2074614317         2.8266260884         1.4016475000
        0.0000000000         0.0000000000         1.3353930000         0.2082281417         2.8269794235         1.4067521537
        0.0000000000         0.0000000000         1.3403975000         0.2089969511         2.8273337796         1.4016475000
        0.0000000000         0.0000000000         1.3454261000         0.2097693327         2.8276898364         1.4118568074
        0.0000000000         0.0000000000         1.3504641000         0.2105430269         2.8280465525         1.4041998268
        0.0000000000         0.0000000000         1.3553926000         0.2112997775         2.8283955092         1.4067521537
        0.0000000000         0.0000000000         1.3604684000         0.2120790129         2.8287548888         1.4041998268
        0.0000000000         0.0000000000         1.3653840000         0.2128335260         2.8291029191         1.4144091342
        0.0000000000         0.0000000000         1.3704062000         0.2136042705         2.8294584899         1.4093044805
        0.0000000000         0.0000000000         1.3754356000         0.2143759867         2.8298145632         1.4016475000
        0.0000000000         0.0000000000         1.3803982000         0.2151373219         2.8301658998         1.3990951731
        0.0000000000         0.0000000000         1.3854197000         0.2159075601         2.8305213987         1.4169614611
        0.0000000000         0.0000000000         1.3904315000         0.2166761766         2.8308762030         1.3965428462
        0.0000000000         0.0000000000         1.3954127000         0.2174399671         2.8312288329         1.4093044805
        0.0000000000         0.0000000000         1.4004382000         0.2182104155         2.8315845906         1.4067521537
        0.0000000000         0.0000000000         1.4054583000         0.2189799002         2.8319399574         1.4067521537
        0.0000000000         0.0000000000         1.4104600000         0.2197464291         2.8322940130         1.4016475000
        0.0000000000         0.0000000000         1.4153907000         0.2205019443         2.8326430339         1.4067521537
        0.0000000000         0.0000000000         1.4203954000         0.2212686630         2.8329972837         1.4041998268
        0.0000000000         0.0000000000         1.4254270000         0.2220393649         2.8333534281         1.4093044805
        0.0000000000         0.0000000000         1.4304145000         0.2228031750         2.8337064415         1.3990951731
        0.0000000000         0.0000000000         1.4354317000         0.2235713956         2.8340615471         1.4118568074
        0.0000000000         0.0000000000         1.4404271000         0.2243361402         2.8344150996         1.4118568074
        0.0000000000         0.0000000000         1.4453947000         0.2250964920         2.8347666744         1.4041998268
        0.0000000000         0.0000000000         1.4503962000         0.2258618941         2.8351206380         1.4067521537
        0.0000000000         0.0000000000         1.4553912000         0.2266261623         2.8354741307         1.4093044805
        0.0000000000         0.0000000000         1.4603925000         0.2273912547         2.8358280584         1.4093044805
        0.0000000000         0.0000000000         1.4654201000         0.2281602290         2.8361838360         1.4067521537
        0.0000000000         0.0000000000         1.4704754000         0.2289332966         2.8365415620         1.4118568074
        0.0000000000         0.0000000000         1.4754205000         0.2296893724         2.8368914786         1.4144091342
        0.0000000000         0.0000000000         1.4803976000         0.2304502010         2.8372436477         1.4118568074
        0.0000000000         0.0000000000         1.4854731000         0.2312259264         2.8376027671         1.4144091342
        0.0000000000         0.0000000000         1.4904068000         0.2319798387         2.8379518412         1.4067521537
        0.0000000000         0.0000000000         1.4953944000         0.2327418457         2.8383047165         1.4041998268
        0.0000000000         0.0000000000         1.5004895000         0.2335201292         2.8386651844         1.4016475000
        0.0000000000         0.0000000000         1.5054201000         0.2342731426         2.8390140014         1.4118568074
        0.0000000000         0.0000000000         1.5103959000         0.2350329166         2.8393660030         1.4093044805
        0.0000000000         0.0000000000         1.5153838000         0.2357943941         2.8397188473         1.4067521537
        0.0000000000         0.0000000000         1.5204997000         0.2365752623         2.8400807322         1.4067521537
        0.0000000000         0.0000000000         1.5253924000         0.2373219193         2.8404268149         1.4144091342
        0.0000000000         0.0000000000         1.5304220000         0.2380893221         2.8407825671         1.4067521537
        0.0000000000         0.0000000000         1.5353910000         0.2388473327         2.8411340188         1.4041998268
        0.0000000000         0.0000000000         1.5403955000         0.2396106117         2.8414879667         1.4169614611
        0.0000000000         0.0000000000         1.5453972000         0.2403733158         2.8418417019         1.4067521537
        0.0000000000         0.0000000000         1.5504526000         0.2411440576         2.8421992196         1.4093044805
        0.0000000000         0.0000000000         1.5553848000         0.2418958700         2.8425480096         1.4067521537
        0.0000000000         0.0000000000         1.5604408000         0.2426664025         2.8429055388         1.4144091342
        0.0000000000         0.0000000000         1.5654246000         0.2434257818         2.8432579467         1.4093044805
        0.0000000000         0.0000000000         1.5704015000         0.2441839610         2.8436098509         1.4118568074
        0.0000000000         0.0000000000         1.5754911000         0.2449591545         2.8439697074         1.4246184417
        0.0000000000         0.0000000000         1.5804235000         0.2457102556         2.8443184330         1.4093044805
        0.0000000000         0.0000000000         1.5853838000         0.2464654565         2.8446691148         1.4118568074
        0.0000000000         0.0000000000         1.5904087000         0.2472303401         2.8450243469         1.4067521537
        0.0000000000         0.0000000000         1.5953831000         0.2479873850         2.8453759919         1.4144091342
        0.0000000000         0.0000000000         1.6004012000         0.2487509271         2.8457307089         1.4067521537
        0.0000000000         0.0000000000         1.6054554000         0.2495198059         2.8460879598         1.4144091342
        0.0000000000         0.0000000000         1.6104053000         0.2502726654         2.8464378209         1.4041998268
        0.0000000000         0.0000000000         1.6154226000         0.2510356218         2.8467924279         1.4195137880
        0.0000000000         0.0000000000         1.6204398000         0.2517984070         2.8471470096         1.4067521537
        0.0000000000         0.0000000000         1.6253919000         0.2525511415         2.8474969722         1.4118568074
        0.0000000000         0.0000000000         1.6304005000         0.2533123087         2.8478509091         1.4144091342
        0.0000000000         0.0000000000         1.6353917000         0.2540706756         2.8482035976         1.4041998268
        0.0000000000         0.0000000000         1.6403990000         0.2548313318         2.8485574047         1.4067521537
        0.0000000000         0.0000000000         1.6453899000         0.2555893398         2.8489100337         1.4067521537
        0.0000000000         0.0000000000         1.6503977000         0.2563497567         2.8492638373         1.4169614611
        0.0000000000         0.0000000000         1.6554243000         0.2571128688         2.8496189491         1.4067521537
        0.0000000000         0.0000000000         1.6604067000         0.2578691125         2.8499709185         1.4144091342
        0.0000000000         0.0000000000         1.6654349000         0.2586321477         2.8503261029         1.4067521537
        0.0000000000         0.0000000000         1.6703948000         0.2593846602         2.8506764425         1.4144091342
        0.0000000000         0.0000000000         1.6753842000         0.2601414896         2.8510288453         1.4195137880
        0.0000000000         0.0000000000         1.6805602000         0.2609264550         2.8513944057         1.4118568074
        0.0000000000         0.0000000000         1.6854445000         0.2616670245         2.8517393437         1.4220661148
        0.0000000000         0.0000000000         1.6904088000         0.2624195660         2.8520899107         1.4067521537
        0.0000000000         0.0000000000         1.6953942000         0.2631751455         2.8524419462         1.4144091342
        0.0000000000         0.0000000000         1.7004719000         0.2639445479         2.8528004771         1.4118568074
        0.0000000000         0.0000000000         1.7055026000         0.2647066630         2.8531556670         1.4195137880
        0.0000000000         0.0000000000         1.7105183000         0.2654663412         2.8535097754         1.4067521537
        0.0000000000         0.0000000000         1.7154435000         0.2662121518         2.8538574724         1.4169614611
        0.0000000000         0.0000000000         1.7204461000         0.2669695199         2.8542106110         1.4041998268
        0.0000000000         0.0000000000         1.7254821000         0.2677317780         2.8545660841         1.4246184417
        0.0000000000         0.0000000000         1.7305554000         0.2684995125         2.8549241664         1.4144091342
        0.0000000000         0.0000000000         1.7354259000         0.2692363972         2.8552679120         1.4118568074
        0.0000000000         0.0000000000         1.7404991000         0.2700037820         2.8556259398         1.4220661148
        0.0000000000         0.0000000000         1.7455053000         0.2707608640         2.8559792151         1.4067521537
        0.0000000000         0.0000000000         1.7505091000         0.2715174158         2.8563322969         1.4169614611
        0.0000000000         0.0000000000         1.7553975000         0.2722563577         2.8566772123         1.4220661148
        0.0000000000         0.0000000000         1.7603968000         0.2730118974         2.8570299283         1.4144091342
        0.0000000000         0.0000000000         1.7653975000         0.2737674803         2.8573827184         1.4169614611
        0.0000000000         0.0000000000         1.7703864000         0.2745211119         2.8577346510         1.4169614611
        0.0000000000         0.0000000000         1.7754631000         0.2752878337         2.8580927516         1.4118568074
        0.0000000000         0.0000000000         1.7803889000         0.2760315981         2.8584401828         1.4144091342
        0.0000000000         0.0000000000         1.7853939000         0.2767871519         2.8587931748         1.4144091342
        0.0000000000         0.0000000000         1.7903897000         0.2775411463         2.8591454920         1.4220661148
        0.0000000000         0.0000000000         1.7954280000         0.2783013819         2.8595007800         1.4195137880
        0.0000000000         0.0000000000         1.8004323000         0.2790563146         2.8598536439         1.4271707685
        0.0000000000         0.0000000000         1.8053940000         0.2798046507         2.8602034777         1.4093044805
        0.0000000000         0.0000000000         1.8103880000         0.2805576866         2.8605555621         1.4271707685
        0.0000000000         0.0000000000         1.8153958000         0.2813126301         2.8609085924         1.4144091342
        0.0000000000         0.0000000000         1.8203865000         0.2820648225         2.8612603900         1.4246184417
        0.0000000000         0.0000000000         1.8254744000         0.2828314864         2.8616190110         1.4297230954
        0.0000000000         0.0000000000         1.8303928000         0.2835724376         2.8619656575         1.4220661148
        0.0000000000         0.0000000000         1.8354283000         0.2843308545         2.8623205292         1.4271707685
        0.0000000000         0.0000000000         1.8404121000         0.2850813094         2.8626717291         1.4169614611
        0.0000000000         0.0000000000         1.8454713000         0.2858429393         2.8630282134         1.4271707685
        0.0000000000         0.0000000000         1.8504877000         0.2865979477         2.8633816530         1.4220661148
        0.0000000000         0.0000000000         1.8554804000         0.2873492123         2.8637333938         1.4246184417
        0.0000000000         0.0000000000         1.8664453000         0.2889985087         2.8645057800         1.4271707685
        0.0000000000         0.0000000000         1.8679588000         0.2892260961         2.8646123824         1.4220661148
        0.0000000000         0.0000000000         1.8704006000         0.2895932389         2.8647843632         1.4322754222
        0.0000000000         0.0000000000         1.8755005000         0.2903599094         2.8651435364         1.4246184417
        0.0000000000         0.0000000000         1.8803894000         0.2910946853         2.8654878199         1.4373800759
        0.0000000000         0.0000000000         1.8854401000         0.2918535986         2.8658434673         1.4220661148
        0.0000000000         0.0000000000         1.8903981000         0.2925984042         2.8661925569         1.4246184417
        0.0000000000         0.0000000000         1.8953939000         0.2933487087         2.8665442773         1.4220661148
        0.0000000000         0.0000000000         1.9003898000         0.2940988475         2.8668959739         1.4322754222
        0.0000000000         0.0000000000         1.9054091000         0.2948523176         2.8672492864         1.4246184417
        0.0000000000         0.0000000000         1.9103914000         0.2956000521         2.8675999631         1.4297230954
        0.0000000000         0.0000000000         1.9153948000         0.2963507710         2.8679520932         1.4271707685
        0.0000000000         0.0000000000         1.9203970000         0.2971011269         2.8683041070         1.4220661148
        0.0000000000         0.0000000000         1.9253969000         0.2978509545         2.8686559268         1.4271707685
        0.0000000000         0.0000000000         1.9303913000         0.2985997739         2.8690073272         1.4271707685
        0.0000000000         0.0000000000         1.9353944000         0.2993497134         2.8693593072         1.4246184417
        0.0000000000         0.0000000000         1.9403996000         0.3000997827         2.8697114020         1.4246184417
        0.0000000000         0.0000000000         1.9453964000         0.3008484081         2.8700628728         1.4220661148
        0.0000000000         0.0000000000         1.9503882000         0.3015960994         2.8704139588         1.4271707685
        0.0000000000         0.0000000000         1.9553938000         0.3023456715         2.8707659817         1.4144091342
        0.0000000000         0.0000000000         1.9603941000         0.3030942633         2.8711175982         1.4322754222
        0.0000000000         0.0000000000         1.9654317000         0.3038482502         2.8714718032         1.4271707685
        0.0000000000         0.0000000000         1.9704725000         0.3046025256         2.8718261984         1.4246184417
        0.0000000000         0.0000000000         1.9753981000         0.3053393787         2.8721724606         1.4297230954
        0.0000000000         0.0000000000         1.9804002000         0.3060874888         2.8725240662         1.4297230954
        0.0000000000         0.0000000000         1.9854010000         0.3068352157         2.8728755455         1.4271707685
        0.0000000000         0.0000000000         1.9903967000         0.3075819909         2.8732266312         1.4297230954
        0.0000000000         0.0000000000         1.9954660000         0.3083395745         2.8735828532         1.4246184417
        0.0000000000         0.0000000000         2.0003936000         0.3090757943         2.8739290828         1.4271707685
        0.0000000000         0.0000000000         2.0054041000         0.3098242101         2.8742811016         1.4373800759
        0.0000000000         0.0000000000         2.0104099000         0.3105717323         2.8746327539         1.4348277491
        0.0000000000         0.0000000000         2.0154635000         0.3113261976         2.8749877272         1.4169614611
        0.0000000000         0.0000000000         2.0204563000         0.3120713934         2.8753383931         1.4373800759
        0.0000000000         0.0000000000         2.0255148000         0.3128261993         2.8756936360         1.4246184417
        0.0000000000         0.0000000000         2.0304509000         0.3135625509         2.8760402466         1.4373800759
        0.0000000000         0.0000000000         2.0355887000         0.3143287913         2.8764009819         1.4271707685
        0.0000000000         0.0000000000         2.0404499000         0.3150535916         2.8767422602         1.4271707685
        0.0000000000         0.0000000000         2.0454399000         0.3157974048         2.8770925436         1.4246184417
        0.0000000000         0.0000000000         2.0504815000         0.3165487126         2.8774464109         1.4297230954
        0.0000000000         0.0000000000         2.0554390000         0.3172872940         2.8777943373         1.4220661148
        0.0000000000         0.0000000000         2.0604562000         0.3180345737         2.8781464151         1.4169614611
        0.0000000000         0.0000000000         2.0655016000         0.3187858545         2.8785004326         1.4322754222
        0.0000000000         0.0000000000         2.0704433000         0.3195214999         2.8788471355         1.4144091342
        0.0000000000         0.0000000000         2.0754419000         0.3202654197         2.8791977914         1.4373800759
        0.0000000000         0.0000000000         2.0804552000         0.3210113290         2.8795494391         1.4169614611
        0.0000000000         0.0000000000         2.0854434000         0.3217533062         2.8798992867         1.4348277491
        0.0000000000         0.0000000000         2.0904462000         0.3224972567         2.8802501184         1.4297230954
        0.0000000000         0.0000000000         2.0954513000         0.3232413499         2.8806010713         1.4271707685
        0.0000000000         0.0000000000         2.1003976000         0.3239765052         2.8809478615         1.4195137880
        0.0000000000         0.0000000000         2.1053862000         0.3247177493         2.8812975772         1.4271707685
        0.0000000000         0.0000000000         2.1104562000         0.3254708842         2.8816529577         1.4246184417
        0.0000000000         0.0000000000         2.1154012000         0.3262052518         2.8819995358         1.4246184417
        0.0000000000         0.0000000000         2.1203867000         0.3269454347         2.8823489115         1.4220661148
        0.0000000000         0.0000000000         2.1255115000         0.3277060901         2.8827080061         1.4297230954
        0.0000000000         0.0000000000         2.1304619000         0.3284406583         2.8830548390         1.4271707685
        0.0000000000         0.0000000000         2.1354302000         0.3291776829         2.8834028846         1.4424847297
        0.0000000000         0.0000000000         2.1403972000         0.3299143143         2.8837507975         1.4348277491
        0.0000000000         0.0000000000         2.1454352000         0.3306612701         2.8841036408         1.4348277491
        0.0000000000         0.0000000000         2.1503910000         0.3313958366         2.8844506849         1.4271707685
        0.0000000000         0.0000000000         2.1554574000         0.3321465890         2.8848054305         1.4322754222
        0.0000000000         0.0000000000         2.1604021000         0.3328791048         2.8851516120         1.4220661148
        0.0000000000         0.0000000000         2.1654671000         0.3336292337         2.8855061719         1.4348277491
        0.0000000000         0.0000000000         2.1704288000         0.3343638592         2.8858534572         1.4271707685
        0.0000000000         0.0000000000         2.1754428000         0.3351060218         2.8862043593         1.4297230954
        0.0000000000         0.0000000000         2.1804369000         0.3358450322         2.8865538246         1.4373800759
        0.0000000000         0.0000000000         2.1854380000         0.3365848713         2.8869037355         1.4271707685
        0.0000000000         0.0000000000         2.1904380000         0.3373243401         2.8872535248         1.4297230954
        0.0000000000         0.0000000000         2.1954427000         0.3380642955         2.8876035982         1.4246184417
        0.0000000000         0.0000000000         2.2004915000         0.3388105596         2.8879567105         1.4348277491
        0.0000000000         0.0000000000         2.2054411000         0.3395419540         2.8883028401         1.4195137880
        0.0000000000         0.0000000000         2.2104448000         0.3402811341         2.8886527076         1.4399324028
        0.0000000000         0.0000000000         2.2154741000         0.3410238842         2.8890043189         1.4271707685
        0.0000000000         0.0000000000         2.2203998000         0.3417511278         2.8893486423         1.4322754222
        0.0000000000         0.0000000000         2.2254004000         0.3424892206         2.8896981555         1.4271707685
        0.0000000000         0.0000000000         2.2304466000         0.3432338298         2.8900508088         1.4322754222
        0.0000000000         0.0000000000         2.2354046000         0.3439652143         2.8903972520         1.4246184417
        0.0000000000         0.0000000000         2.2403955000         0.3447012413         2.8907459475         1.4348277491
        0.0000000000         0.0000000000         2.2453978000         0.3454387370         2.8910953923         1.4271707685
        0.0000000000         0.0000000000         2.2503862000         0.3461739710         2.8914438189         1.4322754222
        0.0000000000         0.0000000000         2.2554657000         0.3469224137         2.8917985599         1.4297230954
        0.0000000000         0.0000000000         2.2603939000         0.3476483519         2.8921426872         1.4246184417
        0.0000000000         0.0000000000         2.2654037000         0.3483860965         2.8924924647         1.4348277491
        0.0000000000         0.0000000000         2.2704184000         0.3491243466         2.8928425356         1.4195137880
        0.0000000000         0.0000000000         2.2754445000         0.3498640576         2.8931933533         1.4348277491
        0.0000000000         0.0000000000         2.2803935000         0.3505922085         2.8935387414         1.4195137880
        0.0000000000         0.0000000000         2.2853957000         0.3513279713         2.8938877934         1.4297230954
        0.0000000000         0.0000000000         2.2903870000         0.3520619148         2.8942360356         1.4246184417
        0.0000000000         0.0000000000         2.2953980000         0.3527985373         2.8945856027         1.4322754222
        0.0000000000         0.0000000000         2.3003857000         0.3535315176         2.8949334947         1.4246184417
        0.0000000000         0.0000000000         2.3053955000         0.3542675272         2.8952828781         1.4220661148
        0.0000000000         0.0000000000         2.3104307000         0.3550070474         2.8956339821         1.4297230954
        0.0000000000         0.0000000000         2.3154002000         0.3557367005         2.8959804547         1.4348277491
        0.0000000000         0.0000000000         2.3203950000         0.3564698498         2.8963286407         1.4220661148
        0.0000000000         0.0000000000         2.3254249000         0.3572079295         2.8966792221         1.4322754222
        0.0000000000         0.0000000000         2.3304258000         0.3579415327         2.8970277308         1.4246184417
        0.0000000000         0.0000000000         2.3354181000         0.3586736540         2.8973755890         1.4220661148
        0.0000000000         0.0000000000         2.3405656000         0.3594283044         2.8977342073         1.4373800759
        0.0000000000         0.0000000000         2.3536909000         0.3613514775         2.8986483771         1.4271707685
        0.0000000000         0.0000000000         2.3549576000         0.3615369984         2.8987365829         1.4297230954
        0.0000000000         0.0000000000         2.3563997000         0.3617481911         2.8988369986         1.4373800759
        0.0000000000         0.0000000000         2.3603922000         0.3623327878         2.8991149795         1.4373800759
        0.0000000000         0.0000000000         2.3654271000         0.3630698134         2.8994654903         1.4271707685
        0.0000000000         0.0000000000         2.3704993000         0.3638120694         2.8998185434         1.4373800759
        0.0000000000         0.0000000000         2.3754095000         0.3645303987         2.9001602681         1.4399324028
        0.0000000000         0.0000000000         2.3804364000         0.3652655758         2.9005100609         1.4297230954
        0.0000000000         0.0000000000         2.3854364000         0.3659965928         2.9008579280         1.4348277491
        0.0000000000         0.0000000000         2.3904453000         0.3667286847         2.9012063601         1.4475893834
