-2.5	0.5
-2.499	0.501516627390564
-2.498	0.503030288420546
-2.497	0.504541000427808
-2.496	0.506048780581968
-2.495	0.507553645886688
-2.494	0.509055613181899
-2.493	0.510554699146011
-2.492	0.512050920298061
-2.491	0.513544292999848
-2.49	0.515034833458016
-2.489	0.516522557726107
-2.488	0.518007481706575
-2.487	0.519489621152772
-2.486	0.520968991670901
-2.485	0.522445608721928
-2.484	0.523919487623467
-2.483	0.525390643551638
-2.482	0.526859091542889
-2.481	0.528324846495788
-2.48	0.529787923172783
-2.479	0.531248336201945
-2.478	0.532706100078668
-2.477	0.534161229167351
-2.476	0.535613737703043
-2.475	0.537063639793079
-2.474	0.538510949418667
-2.473	0.539955680436471
-2.472	0.541397846580147
-2.471	0.54283746146188
-2.47	0.544274538573872
-2.469	0.545709091289824
-2.468	0.547141132866381
-2.467	0.548570676444571
-2.466	0.549997735051204
-2.465	0.551422321600261
-2.464	0.552844448894251
-2.463	0.554264129625566
-2.462	0.555681376377789
-2.461	0.557096201627006
-2.46	0.558508617743078
-2.459	0.559918636990911
-2.458	0.561326271531694
-2.457	0.562731533424124
-2.456	0.564134434625609
-2.455	0.56553498699346
-2.454	0.566933202286057
-2.453	0.568329092164
-2.452	0.569722668191244
-2.451	0.57111394183622
-2.45	0.572502924472931
-2.449	0.573889627382041
-2.448	0.57527406175194
-2.447	0.576656238679803
-2.446	0.578036169172622
-2.445	0.579413864148232
-2.444	0.580789334436314
-2.443	0.582162590779398
-2.442	0.583533643833832
-2.441	0.584902504170752
-2.44	0.586269182277029
-2.439	0.587633688556212
-2.438	0.588996033329448
-2.437	0.590356226836393
-2.436	0.59171427923611
-2.435	0.593070200607956
-2.434	0.594424000952454
-2.433	0.595775690192152
-2.432	0.597125278172471
-2.431	0.598472774662549
-2.43	0.599818189356055
-2.429	0.601161531872009
-2.428	0.602502811755585
-2.427	0.603842038478899
-2.426	0.605179221441793
-2.425	0.6065143699726
-2.424	0.607847493328907
-2.423	0.609178600698304
-2.422	0.610507701199122
-2.421	0.611834803881159
-2.42	0.613159917726403
-2.419	0.61448305164974
-2.418	0.615804214499651
-2.417	0.617123415058908
-2.416	0.618440662045248
-2.415	0.619755964112054
-2.414	0.621069329849007
-2.413	0.622380767782753
-2.412	0.623690286377537
-2.411	0.624997894035851
-2.41	0.626303599099053
-2.409	0.627607409847997
-2.408	0.628909334503639
-2.407	0.630209381227645
-2.406	0.631507558122986
-2.405	0.63280387323453
-2.404	0.634098334549621
-2.403	0.635390949998656
-2.402	0.636681727455647
-2.401	0.637970674738787
-2.4	0.639257799610996
-2.399	0.640543109780471
-2.398	0.641826612901224
-2.397	0.643108316573613
-2.396	0.644388228344864
-2.395	0.645666355709598
-2.394	0.646942706110331
-2.393	0.648217286937992
-2.392	0.649490105532412
-2.391	0.650761169182826
-2.39	0.652030485128351
-2.389	0.653298060558476
-2.388	0.654563902613529
-2.387	0.655828018385153
-2.386	0.657090414916764
-2.385	0.658351099204014
-2.384	0.659610078195239
-2.383	0.660867358791908
-2.382	0.662122947849063
-2.381	0.663376852175758
-2.38	0.664629078535486
-2.379	0.665879633646607
-2.378	0.667128524182767
-2.377	0.668375756773317
-2.376	0.669621338003718
-2.375	0.670865274415951
-2.374	0.672107572508917
-2.373	0.673348238738831
-2.372	0.674587279519619
-2.371	0.675824701223295
-2.37	0.677060510180354
-2.369	0.678294712680143
-2.368	0.679527314971239
-2.367	0.680758323261811
-2.366	0.681987743719995
-2.365	0.683215582474245
-2.364	0.684441845613696
-2.363	0.685666539188512
-2.362	0.686889669210235
-2.361	0.688111241652136
-2.36	0.689331262449542
-2.359	0.690549737500185
-2.358	0.691766672664528
-2.357	0.692982073766097
-2.356	0.694195946591804
-2.355	0.695408296892267
-2.354	0.696619130382134
-2.353	0.697828452740389
-2.352	0.699036269610673
-2.351	0.700242586601577
-2.35	0.701447409286961
-2.349	0.702650743206246
-2.348	0.703852593864712
-2.347	0.705052966733791
-2.346	0.706251867251362
-2.345	0.707449300822035
-2.344	0.708645272817437
-2.343	0.709839788576487
-2.342	0.711032853405684
-2.341	0.712224472579378
-2.34	0.713414651340037
-2.339	0.714603394898521
-2.338	0.715790708434351
-2.337	0.716976597095966
-2.336	0.718161066000985
-2.335	0.719344120236467
-2.334	0.720525764859167
-2.333	0.721706004895782
-2.332	0.722884845343208
-2.331	0.72406229116878
-2.33	0.725238347310522
-2.329	0.726413018677384
-2.328	0.727586310149484
-2.327	0.728758226578343
-2.326	0.729928772787122
-2.325	0.731097953570848
-2.324	0.732265773696648
-2.323	0.733432237903973
-2.322	0.734597350904826
-2.321	0.735761117383981
-2.32	0.7369235419992
-2.319	0.738084629381458
-2.318	0.739244384135153
-2.317	0.740402810838319
-2.316	0.74155991404284
-2.315	0.742715698274655
-2.314	0.743870168033966
-2.313	0.745023327795444
-2.312	0.746175182008431
-2.311	0.747325735097135
-2.31	0.748474991460837
-2.309	0.749622955474081
-2.308	0.75076963148687
-2.307	0.751915023824858
-2.306	0.753059136789543
-2.305	0.754201974658449
-2.304	0.755343541685321
-2.303	0.756483842100303
-2.302	0.757622880110126
-2.301	0.758760659898282
-2.3	0.759897185625213
-2.299	0.761032461428478
-2.298	0.76216649142294
-2.297	0.763299279700927
-2.296	0.764430830332418
-2.295	0.765561147365201
-2.294	0.766690234825052
-2.293	0.767818096715896
-2.292	0.768944737019975
-2.291	0.770070159698013
-2.29	0.771194368689376
-2.289	0.772317367912233
-2.288	0.77343916126372
-2.287	0.774559752620089
-2.286	0.775679145836875
-2.285	0.776797344749041
-2.284	0.777914353171139
-2.283	0.779030174897453
-2.282	0.780144813702162
-2.281	0.781258273339476
-2.28	0.78237055754379
-2.279	0.783481670029832
-2.278	0.784591614492802
-2.277	0.78570039460852
-2.276	0.786808014033567
-2.275	0.787914476405422
-2.274	0.789019785342608
-2.273	0.790123944444825
-2.272	0.791226957293088
-2.271	0.792328827449863
-2.27	0.793429558459203
-2.269	0.794529153846875
-2.268	0.7956276171205
-2.267	0.796724951769676
-2.266	0.797821161266113
-2.265	0.798916249063757
-2.264	0.800010218598921
-2.263	0.801103073290406
-2.262	0.80219481653963
-2.261	0.803285451730749
-2.26	0.804374982230781
-2.259	0.805463411389726
-2.258	0.806550742540684
-2.257	0.807636978999982
-2.256	0.808722124067282
-2.255	0.809806181025705
-2.254	0.810889153141943
-2.253	0.811971043666376
-2.252	0.813051855833187
-2.251	0.814131592860469
-2.25	0.815210257950344
-2.249	0.81628785428907
-2.248	0.817364385047149
-2.247	0.818439853379442
-2.246	0.81951426242527
-2.245	0.820587615308525
-2.244	0.821659915137775
-2.243	0.822731165006369
-2.242	0.82380136799254
-2.241	0.824870527159511
-2.24	0.825938645555595
-2.239	0.827005726214297
-2.238	0.828071772154412
-2.237	0.82913678638013
-2.236	0.830200771881132
-2.235	0.831263731632687
-2.234	0.832325668595748
-2.233	0.833386585717053
-2.232	0.834446485929216
-2.231	0.835505372150825
-2.23	0.836563247286528
-2.229	0.837620114227139
-2.228	0.83867597584972
-2.227	0.839730835017673
-2.226	0.840784694580836
-2.225	0.841837557375569
-2.224	0.842889426224844
-2.223	0.843940303938332
-2.222	0.844990193312492
-2.221	0.846039097130658
-2.22	0.847087018163125
-2.219	0.848133959167232
-2.218	0.84917992288745
-2.217	0.850224912055466
-2.216	0.851268929390261
-2.215	0.8523119775982
-2.214	0.853354059373106
-2.213	0.854395177396351
-2.212	0.855435334336926
-2.211	0.856474532851526
-2.21	0.857512775584631
-2.209	0.858550065168582
-2.208	0.859586404223658
-2.207	0.860621795358154
-2.206	0.861656241168459
-2.205	0.862689744239132
-2.204	0.863722307142973
-2.203	0.864753932441104
-2.202	0.865784622683039
-2.201	0.866814380406758
-2.2	0.867843208138781
-2.199	0.868871108394242
-2.198	0.869898083676955
-2.197	0.87092413647949
-2.196	0.871949269283243
-2.195	0.872973484558506
-2.194	0.873996784764533
-2.193	0.875019172349614
-2.192	0.876040649751142
-2.191	0.877061219395676
-2.19	0.878080883699015
-2.189	0.879099645066261
-2.188	0.880117505891887
-2.187	0.881134468559799
-2.186	0.882150535443407
-2.185	0.883165708905683
-2.184	0.884179991299231
-2.183	0.885193384966348
-2.182	0.886205892239085
-2.181	0.887217515439315
-2.18	0.88822825687879
-2.179	0.889238118859203
-2.178	0.890247103672254
-2.177	0.891255213599707
-2.176	0.892262450913447
-2.175	0.893268817875548
-2.174	0.894274316738323
-2.173	0.895278949744393
-2.172	0.896282719126735
-2.171	0.897285627108746
-2.17	0.898287675904299
-2.169	0.899288867717803
-2.168	0.900289204744251
-2.167	0.901288689169287
-2.166	0.902287323169255
-2.165	0.903285108911255
-2.164	0.904282048553198
-2.163	0.905278144243865
-2.162	0.906273398122953
-2.161	0.907267812321135
-2.16	0.90826138896011
-2.159	0.909254130152659
-2.158	0.910246038002692
-2.157	0.911237114605305
-2.156	0.912227362046831
-2.155	0.913216782404889
-2.154	0.914205377748436
-2.153	0.915193150137817
-2.152	0.916180101624816
-2.151	0.917166234252707
-2.15	0.9181515500563
-2.149	0.91913605106199
-2.148	0.920119739287811
-2.147	0.921102616743477
-2.146	0.922084685430438
-2.145	0.923065947341918
-2.144	0.924046404462969
-2.143	0.925026058770517
-2.142	0.926004912233407
-2.141	0.926982966812449
-2.14	0.927960224460466
-2.139	0.928936687122336
-2.138	0.929912356735042
-2.137	0.930887235227711
-2.136	0.931861324521662
-2.135	0.932834626530453
-2.134	0.933807143159918
-2.133	0.934778876308213
-2.132	0.935749827865865
-2.131	0.936719999715807
-2.13	0.937689393733424
-2.129	0.938658011786596
-2.128	0.939625855735738
-2.127	0.940592927433844
-2.126	0.941559228726528
-2.125	0.942524761452059
-2.124	0.943489527441415
-2.123	0.944453528518309
-2.122	0.94541676649924
-2.121	0.946379243193526
-2.12	0.947340960403347
-2.119	0.948301919923786
-2.118	0.949262123542863
-2.117	0.950221573041577
-2.116	0.951180270193946
-2.115	0.952138216767042
-2.114	0.953095414521031
-2.113	0.954051865209209
-2.112	0.955007570578043
-2.111	0.955962532367204
-2.11	0.956916752309606
-2.109	0.957870232131444
-2.108	0.958822973552226
-2.107	0.959774978284816
-2.106	0.960726248035463
-2.105	0.96167678450384
-2.104	0.962626589383081
-2.103	0.963575664359813
-2.102	0.964524011114191
-2.101	0.965471631319937
-2.1	0.96641852664437
-2.099	0.96736469874844
-2.098	0.968310149286767
-2.097	0.969254879907668
-2.096	0.970198892253197
-2.095	0.971142187959173
-2.094	0.972084768655216
-2.093	0.973026635964779
-2.092	0.973967791505181
-2.091	0.974908236887641
-2.09	0.975847973717305
-2.089	0.976787003593282
-2.088	0.977725328108678
-2.087	0.978662948850622
-2.086	0.979599867400299
-2.085	0.980536085332985
-2.084	0.981471604218073
-2.083	0.982406425619106
-2.082	0.983340551093808
-2.081	0.984273982194111
-2.08	0.98520672046619
-2.079	0.98613876745049
-2.078	0.987070124681754
-2.077	0.988000793689057
-2.076	0.988930775995832
-2.075	0.989860073119898
-2.074	0.990788686573495
-2.073	0.991716617863304
-2.072	0.992643868490483
-2.071	0.99357043995069
-2.07	0.994496333734117
-2.069	0.99542155132551
-2.068	0.996346094204207
-2.067	0.997269963844152
-2.066	0.998193161713939
-2.065	0.999115689276823
-2.064	1.00003754799076
-2.063	1.00095873930842
-2.062	1.00187926467724
-2.061	1.00279912553942
-2.06	1.00371832333195
-2.059	1.00463685948667
-2.058	1.00555473543026
-2.057	1.0064719525843
-2.056	1.00738851236525
-2.055	1.00830441618451
-2.054	1.00921966544845
-2.053	1.0101342615584
-2.052	1.01104820591071
-2.051	1.01196149989677
-2.05	1.01287414490301
-2.049	1.01378614231094
-2.048	1.0146974934972
-2.047	1.01560819983353
-2.046	1.01651826268684
-2.045	1.01742768341921
-2.044	1.01833646338793
-2.043	1.0192446039455
-2.042	1.0201521064397
-2.041	1.02105897221355
-2.04	1.02196520260537
-2.039	1.02287079894881
-2.038	1.02377576257286
-2.037	1.02468009480187
-2.036	1.02558379695556
-2.035	1.02648687034909
-2.034	1.02738931629303
-2.033	1.02829113609342
-2.032	1.02919233105175
-2.031	1.03009290246502
-2.03	1.03099285162577
-2.029	1.03189217982204
-2.028	1.03279088833747
-2.027	1.03368897845127
-2.026	1.03458645143824
-2.025	1.03548330856883
-2.024	1.03637955110912
-2.023	1.03727518032086
-2.022	1.0381701974615
-2.021	1.0390646037842
-2.02	1.03995840053782
-2.019	1.04085158896701
-2.018	1.04174417031216
-2.017	1.04263614580947
-2.016	1.04352751669094
-2.015	1.0444182841844
-2.014	1.04530844951353
-2.013	1.04619801389789
-2.012	1.04708697855291
-2.011	1.04797534468995
-2.01	1.04886311351629
-2.009	1.04975028623514
-2.008	1.05063686404569
-2.007	1.05152284814312
-2.006	1.05240823971861
-2.005	1.05329303995936
-2.004	1.05417725004861
-2.003	1.05506087116565
-2.002	1.05594390448587
-2.001	1.05682635118073
-2	1.05770821241783
-1.999	1.05858948936088
-1.998	1.05947018316975
-1.997	1.06035029500049
-1.996	1.0612298260053
-1.995	1.06210877733262
-1.994	1.06298715012709
-1.993	1.0638649455296
-1.992	1.06474216467728
-1.991	1.06561880870354
-1.99	1.06649487873809
-1.989	1.06737037590693
-1.988	1.06824530133238
-1.987	1.06911965613313
-1.986	1.0699934414242
-1.985	1.07086665831699
-1.984	1.07173930791928
-1.983	1.07261139133528
-1.982	1.07348290966561
-1.981	1.07435386400731
-1.98	1.07522425545391
-1.979	1.07609408509538
-1.978	1.07696335401821
-1.977	1.07783206330535
-1.976	1.0787002140363
-1.975	1.0795678072871
-1.974	1.0804348441303
-1.973	1.08130132563506
-1.972	1.08216725286708
-1.971	1.0830326268887
-1.97	1.08389744875883
-1.969	1.08476171953303
-1.968	1.0856254402635
-1.967	1.08648861199907
-1.966	1.08735123578529
-1.965	1.08821331266434
-1.964	1.08907484367514
-1.963	1.08993582985332
-1.962	1.09079627223121
-1.961	1.09165617183793
-1.96	1.09251552969932
-1.959	1.09337434683801
-1.958	1.0942326242734
-1.957	1.09509036302173
-1.956	1.09594756409601
-1.955	1.09680422850611
-1.954	1.09766035725872
-1.953	1.0985159513574
-1.952	1.09937101180259
-1.951	1.10022553959158
-1.95	1.10107953571859
-1.949	1.10193300117475
-1.948	1.10278593694809
-1.947	1.10363834402359
-1.946	1.1044902233832
-1.945	1.1053415760058
-1.944	1.10619240286728
-1.943	1.1070427049405
-1.942	1.10789248319532
-1.941	1.10874173859864
-1.94	1.10959047211436
-1.939	1.11043868470344
-1.938	1.1112863773239
-1.937	1.1121335509308
-1.936	1.11298020647632
-1.935	1.11382634490969
-1.934	1.11467196717728
-1.933	1.11551707422255
-1.932	1.11636166698611
-1.931	1.11720574640569
-1.93	1.1180493134162
-1.929	1.11889236894969
-1.928	1.11973491393541
-1.927	1.12057694929978
-1.926	1.12141847596644
-1.925	1.12225949485622
-1.924	1.1231000068872
-1.923	1.12394001297469
-1.922	1.12477951403124
-1.921	1.12561851096666
-1.92	1.12645700468804
-1.919	1.12729499609975
-1.918	1.12813248610345
-1.917	1.12896947559812
-1.916	1.12980596548003
-1.915	1.13064195664281
-1.914	1.13147744997741
-1.913	1.13231244637212
-1.912	1.13314694671263
-1.911	1.13398095188195
-1.91	1.13481446276053
-1.909	1.13564748022616
-1.908	1.13648000515407
-1.907	1.1373120384169
-1.906	1.13814358088471
-1.905	1.138974633425
-1.904	1.13980519690271
-1.903	1.14063527218025
-1.902	1.14146486011748
-1.901	1.14229396157177
-1.9	1.14312257739795
-1.899	1.14395070844837
-1.898	1.14477835557286
-1.897	1.1456055196188
-1.896	1.1464322014311
-1.895	1.14725840185218
-1.894	1.14808412172205
-1.893	1.14890936187824
-1.892	1.14973412315588
-1.891	1.15055840638766
-1.89	1.15138221240388
-1.889	1.15220554203242
-1.888	1.15302839609878
-1.887	1.15385077542608
-1.886	1.15467268083505
-1.885	1.15549411314409
-1.884	1.15631507316921
-1.883	1.15713556172411
-1.882	1.15795557962013
-1.881	1.15877512766631
-1.88	1.15959420666936
-1.879	1.16041281743368
-1.878	1.16123096076139
-1.877	1.1620486374523
-1.876	1.16286584830396
-1.875	1.16368259411165
-1.874	1.16449887566837
-1.873	1.1653146937649
-1.872	1.16613004918976
-1.871	1.16694494272923
-1.87	1.16775937516737
-1.869	1.16857334728604
-1.868	1.16938685986487
-1.867	1.1701999136813
-1.866	1.1710125095106
-1.865	1.17182464812582
-1.864	1.17263633029787
-1.863	1.17344755679548
-1.862	1.17425832838524
-1.861	1.17506864583157
-1.86	1.17587850989677
-1.859	1.17668792134101
-1.858	1.17749688092232
-1.857	1.17830538939664
-1.856	1.17911344751778
-1.855	1.17992105603748
-1.854	1.18072821570537
-1.853	1.18153492726901
-1.852	1.18234119147388
-1.851	1.1831470090634
-1.85	1.18395238077892
-1.849	1.18475730735978
-1.848	1.18556178954323
-1.847	1.18636582806452
-1.846	1.18716942365686
-1.845	1.18797257705145
-1.844	1.18877528897748
-1.843	1.18957756016212
-1.842	1.19037939133058
-1.841	1.19118078320606
-1.84	1.19198173650978
-1.839	1.19278225196099
-1.838	1.193582330277
-1.837	1.19438197217313
-1.836	1.19518117836276
-1.835	1.19597994955735
-1.834	1.1967782864664
-1.833	1.1975761897975
-1.832	1.19837366025631
-1.831	1.19917069854658
-1.83	1.19996730537016
-1.829	1.200763481427
-1.828	1.20155922741516
-1.827	1.20235454403081
-1.826	1.20314943196825
-1.825	1.20394389191992
-1.824	1.20473792457638
-1.823	1.20553153062635
-1.822	1.20632471075669
-1.821	1.20711746565242
-1.82	1.20790979599674
-1.819	1.208701702471
-1.818	1.20949318575475
-1.817	1.21028424652572
-1.816	1.21107488545982
-1.815	1.21186510323118
-1.814	1.21265490051213
-1.813	1.2134442779732
-1.812	1.21423323628315
-1.811	1.21502177610898
-1.81	1.21580989811589
-1.809	1.21659760296736
-1.808	1.21738489132507
-1.807	1.218171763849
-1.806	1.21895822119736
-1.805	1.21974426402662
-1.804	1.22052989299154
-1.803	1.22131510874516
-1.802	1.22209991193878
-1.801	1.22288430322202
-1.8	1.22366828324278
-1.799	1.22445185264727
-1.798	1.22523501207999
-1.797	1.22601776218379
-1.796	1.22680010359982
-1.795	1.22758203696755
-1.794	1.22836356292482
-1.793	1.22914468210776
-1.792	1.22992539515089
-1.791	1.23070570268705
-1.79	1.23148560534746
-1.789	1.23226510376171
-1.788	1.23304419855772
-1.787	1.23382289036183
-1.786	1.23460117979875
-1.785	1.23537906749155
-1.784	1.23615655406174
-1.783	1.23693364012918
-1.782	1.23771032631218
-1.781	1.23848661322744
-1.78	1.23926250149007
-1.779	1.2400379917136
-1.778	1.24081308451002
-1.777	1.24158778048971
-1.776	1.24236208026152
-1.775	1.24313598443274
-1.774	1.24390949360909
-1.773	1.24468260839477
-1.772	1.24545532939244
-1.771	1.2462276572032
-1.77	1.24699959242665
-1.769	1.24777113566086
-1.768	1.24854228750238
-1.767	1.24931304854625
-1.766	1.250083419386
-1.765	1.25085340061367
-1.764	1.25162299281979
-1.763	1.25239219659341
-1.762	1.25316101252209
-1.761	1.25392944119191
-1.76	1.25469748318749
-1.759	1.25546513909196
-1.758	1.25623240948699
-1.757	1.25699929495279
-1.756	1.25776579606814
-1.755	1.25853191341034
-1.754	1.25929764755525
-1.753	1.26006299907732
-1.752	1.26082796854952
-1.751	1.26159255654344
-1.75	1.26235676362921
-1.749	1.26312059037556
-1.748	1.2638840373498
-1.747	1.26464710511783
-1.746	1.26540979424415
-1.745	1.26617210529185
-1.744	1.26693403882264
-1.743	1.26769559539684
-1.742	1.26845677557338
-1.741	1.26921757990979
-1.74	1.26997800896227
-1.739	1.27073806328562
-1.738	1.27149774343326
-1.737	1.27225704995729
-1.736	1.27301598340843
-1.735	1.27377454433603
-1.734	1.27453273328813
-1.733	1.27529055081141
-1.732	1.27604799745121
-1.731	1.27680507375154
-1.73	1.27756178025509
-1.729	1.2783181175032
-1.728	1.27907408603591
-1.727	1.27982968639196
-1.726	1.28058491910874
-1.725	1.28133978472238
-1.724	1.28209428376766
-1.723	1.2828484167781
-1.722	1.28360218428591
-1.721	1.28435558682202
-1.72	1.28510862491606
-1.719	1.28586129909641
-1.718	1.28661360989014
-1.717	1.28736555782308
-1.716	1.28811714341976
-1.715	1.28886836720348
-1.714	1.28961922969626
-1.713	1.29036973141887
-1.712	1.29111987289084
-1.711	1.29186965463045
-1.71	1.29261907715473
-1.709	1.29336814097949
-1.708	1.29411684661927
-1.707	1.29486519458743
-1.706	1.29561318539608
-1.705	1.2963608195561
-1.704	1.29710809757716
-1.703	1.29785501996774
-1.702	1.29860158723508
-1.701	1.29934779988522
-1.7	1.30009365842303
-1.699	1.30083916335213
-1.698	1.301584315175
-1.697	1.3023291143929
-1.696	1.30307356150592
-1.695	1.30381765701295
-1.694	1.30456140141172
-1.693	1.30530479519879
-1.692	1.30604783886954
-1.691	1.30679053291819
-1.69	1.30753287783778
-1.689	1.30827487412023
-1.688	1.30901652225626
-1.687	1.30975782273549
-1.686	1.31049877604635
-1.685	1.31123938267616
-1.684	1.31197964311107
-1.683	1.31271955783611
-1.682	1.3134591273352
-1.681	1.31419835209109
-1.68	1.31493723258543
-1.679	1.31567576929876
-1.678	1.31641396271047
-1.677	1.31715181329888
-1.676	1.31788932154115
-1.675	1.31862648791339
-1.674	1.31936331289056
-1.673	1.32009979694654
-1.672	1.32083594055412
-1.671	1.321571744185
-1.67	1.32230720830977
-1.669	1.32304233339795
-1.668	1.32377711991799
-1.667	1.32451156833725
-1.666	1.325245679122
-1.665	1.32597945273748
-1.664	1.32671288964782
-1.663	1.32744599031611
-1.662	1.32817875520438
-1.661	1.32891118477359
-1.66	1.32964327948365
-1.659	1.33037503979344
-1.658	1.33110646616075
-1.657	1.33183755904238
-1.656	1.33256831889404
-1.655	1.33329874617043
-1.654	1.33402884132521
-1.653	1.33475860481102
-1.652	1.33548803707946
-1.651	1.3362171385811
-1.65	1.3369459097655
-1.649	1.33767435108122
-1.648	1.33840246297576
-1.647	1.33913024589566
-1.646	1.33985770028641
-1.645	1.34058482659253
-1.644	1.34131162525751
-1.643	1.34203809672385
-1.642	1.34276424143308
-1.641	1.34349005982569
-1.64	1.34421555234123
-1.639	1.34494071941823
-1.638	1.34566556149425
-1.637	1.34639007900587
-1.636	1.34711427238869
-1.635	1.34783814207736
-1.634	1.34856168850551
-1.633	1.34928491210585
-1.632	1.3500078133101
-1.631	1.35073039254903
-1.63	1.35145265025244
-1.629	1.35217458684919
-1.628	1.35289620276718
-1.627	1.35361749843335
-1.626	1.35433847427372
-1.625	1.35505913071333
-1.624	1.35577946817631
-1.623	1.35649948708584
-1.622	1.35721918786417
-1.621	1.35793857093261
-1.62	1.35865763671155
-1.619	1.35937638562044
-1.618	1.36009481807782
-1.617	1.36081293450131
-1.616	1.3615307353076
-1.615	1.36224822091248
-1.614	1.36296539173082
-1.613	1.36368224817657
-1.612	1.36439879066279
-1.611	1.36511501960164
-1.61	1.36583093540436
-1.609	1.3665465384813
-1.608	1.36726182924193
-1.607	1.36797680809479
-1.606	1.36869147544758
-1.605	1.36940583170707
-1.604	1.37011987727916
-1.603	1.37083361256888
-1.602	1.37154703798037
-1.601	1.37226015391688
-1.6	1.37297296078081
-1.599	1.37368545897368
-1.598	1.37439764889614
-1.597	1.37510953094797
-1.596	1.3758211055281
-1.595	1.37653237303457
-1.594	1.3772433338646
-1.593	1.37795398841454
-1.592	1.37866433707986
-1.591	1.37937438025523
-1.59	1.38008411833443
-1.589	1.38079355171041
-1.588	1.38150268077527
-1.587	1.3822115059203
-1.586	1.38292002753591
-1.585	1.38362824601169
-1.584	1.38433616173642
-1.583	1.38504377509802
-1.582	1.38575108648359
-1.581	1.38645809627941
-1.58	1.38716480487094
-1.579	1.3878712126428
-1.578	1.38857731997883
-1.577	1.38928312726201
-1.576	1.38998863487454
-1.575	1.3906938431978
-1.574	1.39139875261234
-1.573	1.39210336349794
-1.572	1.39280767623356
-1.571	1.39351169119736
-1.57	1.39421540876668
-1.569	1.39491882931811
-1.568	1.3956219532274
-1.567	1.39632478086955
-1.566	1.39702731261872
-1.565	1.39772954884833
-1.564	1.398431489931
-1.563	1.39913313623855
-1.562	1.39983448814205
-1.561	1.40053554601176
-1.56	1.40123631021719
-1.559	1.40193678112708
-1.558	1.40263695910936
-1.557	1.40333684453124
-1.556	1.40403643775914
-1.555	1.40473573915871
-1.554	1.40543474909484
-1.553	1.40613346793168
-1.552	1.4068318960326
-1.551	1.40753003376022
-1.55	1.40822788147642
-1.549	1.40892543954231
-1.548	1.40962270831826
-1.547	1.41031968816389
-1.546	1.41101637943809
-1.545	1.41171278249899
-1.544	1.41240889770398
-1.543	1.41310472540973
-1.542	1.41380026597215
-1.541	1.41449551974644
-1.54	1.41519048708705
-1.539	1.4158851683477
-1.538	1.4165795638814
-1.537	1.41727367404043
-1.536	1.41796749917633
-1.535	1.41866103963993
-1.534	1.41935429578134
-1.533	1.42004726794997
-1.532	1.42073995649448
-1.531	1.42143236176284
-1.53	1.4221244841023
-1.529	1.42281632385942
-1.528	1.42350788138003
-1.527	1.42419915700927
-1.526	1.42489015109156
-1.525	1.42558086397064
-1.524	1.42627129598954
-1.523	1.4269614474906
-1.522	1.42765131881545
-1.521	1.42834091030504
-1.52	1.42903022229962
-1.519	1.42971925513877
-1.518	1.43040800916136
-1.517	1.4310964847056
-1.516	1.43178468210898
-1.515	1.43247260170835
-1.514	1.43316024383984
-1.513	1.43384760883895
-1.512	1.43453469704046
-1.511	1.4352215087785
-1.51	1.43590804438652
-1.509	1.43659430419731
-1.508	1.43728028854298
-1.507	1.43796599775499
-1.506	1.43865143216411
-1.505	1.43933659210047
-1.504	1.44002147789354
-1.503	1.44070608987211
-1.502	1.44139042836434
-1.501	1.44207449369771
-1.5	1.44275828619907
-1.499	1.44344180619461
-1.498	1.44412505400986
-1.497	1.44480802996971
-1.496	1.44549073439841
-1.495	1.44617316761956
-1.494	1.44685532995612
-1.493	1.44753722173041
-1.492	1.44821884326411
-1.491	1.44890019487825
-1.49	1.44958127689326
-1.489	1.45026208962889
-1.488	1.4509426334043
-1.487	1.451622908538
-1.486	1.45230291534787
-1.485	1.45298265415116
-1.484	1.45366212526452
-1.483	1.45434132900396
-1.482	1.45502026568486
-1.481	1.45569893562199
-1.48	1.4563773391295
-1.479	1.45705547652093
-1.478	1.45773334810921
-1.477	1.45841095420663
-1.476	1.4590882951249
-1.475	1.4597653711751
-1.474	1.46044218266772
-1.473	1.46111872991262
-1.472	1.46179501321909
-1.471	1.46247103289577
-1.47	1.46314678925075
-1.469	1.46382228259148
-1.468	1.46449751322484
-1.467	1.46517248145709
-1.466	1.46584718759391
-1.465	1.46652163194039
-1.464	1.46719581480102
-1.463	1.4678697364797
-1.462	1.46854339727975
-1.461	1.4692167975039
-1.46	1.46988993745428
-1.459	1.47056281743247
-1.458	1.47123543773942
-1.457	1.47190779867556
-1.456	1.47257990054068
-1.455	1.47325174363404
-1.454	1.4739233282543
-1.453	1.47459465469954
-1.452	1.4752657232673
-1.451	1.47593653425452
-1.45	1.47660708795758
-1.449	1.47727738467229
-1.448	1.47794742469389
-1.447	1.47861720831706
-1.446	1.47928673583592
-1.445	1.47995600754403
-1.444	1.48062502373437
-1.443	1.48129378469939
-1.442	1.48196229073095
-1.441	1.48263054212039
-1.44	1.48329853915847
-1.439	1.4839662821354
-1.438	1.48463377134085
-1.437	1.48530100706394
-1.436	1.48596798959321
-1.435	1.4866347192167
-1.434	1.48730119622187
-1.433	1.48796742089565
-1.432	1.48863339352443
-1.431	1.48929911439405
-1.43	1.48996458378981
-1.429	1.49062980199648
-1.428	1.49129476929829
-1.427	1.49195948597892
-1.426	1.49262395232154
-1.425	1.49328816860878
-1.424	1.49395213512272
-1.423	1.49461585214493
-1.422	1.49527931995645
-1.421	1.49594253883778
-1.42	1.49660550906891
-1.419	1.4972682309293
-1.418	1.49793070469787
-1.417	1.49859293065305
-1.416	1.49925490907273
-1.415	1.49991664023427
-1.414	1.50057812441454
-1.413	1.50123936188988
-1.412	1.50190035293611
-1.411	1.50256109782853
-1.41	1.50322159684197
-1.409	1.50388185025069
-1.408	1.50454185832848
-1.407	1.50520162134861
-1.406	1.50586113958384
-1.405	1.50652041330643
-1.404	1.50717944278813
-1.403	1.5078382283002
-1.402	1.50849677011339
-1.401	1.50915506849793
-1.4	1.50981312372359
-1.399	1.5104709360596
-1.398	1.51112850577474
-1.397	1.51178583313725
-1.396	1.51244291841491
-1.395	1.51309976187498
-1.394	1.51375636378425
-1.393	1.514412724409
-1.392	1.51506884401505
-1.391	1.5157247228677
-1.39	1.51638036123179
-1.389	1.51703575937165
-1.388	1.51769091755115
-1.387	1.51834583603367
-1.386	1.51900051508209
-1.385	1.51965495495884
-1.384	1.52030915592584
-1.383	1.52096311824457
-1.382	1.52161684217599
-1.381	1.52227032798062
-1.38	1.52292357591848
-1.379	1.52357658624914
-1.378	1.52422935923169
-1.377	1.52488189512474
-1.376	1.52553419418644
-1.375	1.52618625667446
-1.374	1.52683808284603
-1.373	1.52748967295789
-1.372	1.52814102726632
-1.371	1.52879214602714
-1.37	1.52944302949571
-1.369	1.53009367792692
-1.368	1.5307440915752
-1.367	1.53139427069455
-1.366	1.53204421553847
-1.365	1.53269392636002
-1.364	1.53334340341183
-1.363	1.53399264694603
-1.362	1.53464165721434
-1.361	1.53529043446799
-1.36	1.53593897895779
-1.359	1.53658729093409
-1.358	1.53723537064678
-1.357	1.53788321834533
-1.356	1.53853083427873
-1.355	1.53917821869555
-1.354	1.5398253718439
-1.353	1.54047229397147
-1.352	1.54111898532547
-1.351	1.54176544615272
-1.35	1.54241167669955
-1.349	1.54305767721188
-1.348	1.54370344793519
-1.347	1.54434898911452
-1.346	1.54499430099448
-1.345	1.54563938381924
-1.344	1.54628423783253
-1.343	1.54692886327766
-1.342	1.54757326039751
-1.341	1.54821742943452
-1.34	1.5488613706307
-1.339	1.54950508422766
-1.338	1.55014857046655
-1.337	1.55079182958811
-1.336	1.55143486183264
-1.335	1.55207766744005
-1.334	1.55272024664979
-1.333	1.55336259970091
-1.332	1.55400472683204
-1.331	1.55464662828137
-1.33	1.55528830428671
-1.329	1.55592975508541
-1.328	1.55657098091443
-1.327	1.55721198201031
-1.326	1.55785275860917
-1.325	1.55849331094673
-1.324	1.55913363925828
-1.323	1.55977374377871
-1.322	1.5604136247425
-1.321	1.56105328238371
-1.32	1.561692716936
-1.319	1.56233192863264
-1.318	1.56297091770646
-1.317	1.56360968438991
-1.316	1.56424822891502
-1.315	1.56488655151342
-1.314	1.56552465241636
-1.313	1.56616253185465
-1.312	1.56680019005874
-1.311	1.56743762725864
-1.31	1.568074843684
-1.309	1.56871183956405
-1.308	1.56934861512762
-1.307	1.56998517060317
-1.306	1.57062150621873
-1.305	1.57125762220196
-1.304	1.57189351878014
-1.303	1.57252919618012
-1.302	1.57316465462838
-1.301	1.57379989435103
-1.3	1.57443491557375
-1.299	1.57506971852187
-1.298	1.57570430342031
-1.297	1.57633867049361
-1.296	1.57697281996593
-1.295	1.57760675206103
-1.294	1.57824046700231
-1.293	1.57887396501277
-1.292	1.57950724631503
-1.291	1.58014031113135
-1.29	1.58077315968357
-1.289	1.5814057921932
-1.288	1.58203820888133
-1.287	1.58267040996871
-1.286	1.58330239567567
-1.285	1.58393416622221
-1.284	1.58456572182792
-1.283	1.58519706271205
-1.282	1.58582818909344
-1.281	1.58645910119059
-1.28	1.58708979922162
-1.279	1.58772028340427
-1.278	1.58835055395592
-1.277	1.58898061109359
-1.276	1.58961045503391
-1.275	1.59024008599316
-1.274	1.59086950418726
-1.273	1.59149870983176
-1.272	1.59212770314183
-1.271	1.5927564843323
-1.27	1.59338505361763
-1.269	1.59401341121191
-1.268	1.59464155732888
-1.267	1.59526949218192
-1.266	1.59589721598405
-1.265	1.59652472894794
-1.264	1.59715203128588
-1.263	1.59777912320982
-1.262	1.59840600493136
-1.261	1.59903267666174
-1.26	1.59965913861184
-1.259	1.6002853909922
-1.258	1.600911434013
-1.257	1.60153726788406
-1.256	1.60216289281487
-1.255	1.60278830901455
-1.254	1.60341351669189
-1.253	1.60403851605532
-1.252	1.60466330731293
-1.251	1.60528789067246
-1.25	1.6059122663413
-1.249	1.60653643452651
-1.248	1.60716039543479
-1.247	1.6077841492725
-1.246	1.60840769624566
-1.245	1.60903103655997
-1.244	1.60965417042074
-1.243	1.610277098033
-1.242	1.61089981960138
-1.241	1.61152233533023
-1.24	1.61214464542352
-1.239	1.6127667500849
-1.238	1.61338864951768
-1.237	1.61401034392484
-1.236	1.61463183350902
-1.235	1.61525311847254
-1.234	1.61587419901737
-1.233	1.61649507534515
-1.232	1.61711574765719
-1.231	1.61773621615448
-1.23	1.61835648103768
-1.229	1.6189765425071
-1.228	1.61959640076274
-1.227	1.62021605600426
-1.226	1.62083550843102
-1.225	1.62145475824202
-1.224	1.62207380563595
-1.223	1.62269265081119
-1.222	1.62331129396576
-1.221	1.6239297352974
-1.22	1.62454797500349
-1.219	1.62516601328111
-1.218	1.62578385032702
-1.217	1.62640148633764
-1.216	1.6270189215091
-1.215	1.62763615603718
-1.214	1.62825319011737
-1.213	1.62887002394483
-1.212	1.62948665771439
-1.211	1.6301030916206
-1.21	1.63071932585766
-1.209	1.63133536061947
-1.208	1.63195119609961
-1.207	1.63256683249137
-1.206	1.63318226998769
-1.205	1.63379750878123
-1.204	1.63441254906433
-1.203	1.63502739102901
-1.202	1.63564203486699
-1.201	1.63625648076969
-1.2	1.6368707289282
-1.199	1.63748477953331
-1.198	1.63809863277552
-1.197	1.63871228884501
-1.196	1.63932574793165
-1.195	1.63993901022502
-1.194	1.64055207591438
-1.193	1.6411649451887
-1.192	1.64177761823664
-1.191	1.64239009524657
-1.19	1.64300237640654
-1.189	1.6436144619043
-1.188	1.64422635192733
-1.187	1.64483804666278
-1.186	1.64544954629751
-1.185	1.64606085101808
-1.184	1.64667196101077
-1.183	1.64728287646154
-1.182	1.64789359755606
-1.181	1.64850412447973
-1.18	1.64911445741761
-1.179	1.6497245965545
-1.178	1.6503345420749
-1.177	1.65094429416302
-1.176	1.65155385300276
-1.175	1.65216321877775
-1.174	1.65277239167132
-1.173	1.65338137186652
-1.172	1.65399015954608
-1.171	1.65459875489249
-1.17	1.6552071580879
-1.169	1.65581536931422
-1.168	1.65642338875304
-1.167	1.65703121658567
-1.166	1.65763885299315
-1.165	1.65824629815622
-1.164	1.65885355225533
-1.163	1.65946061547068
-1.162	1.66006748798215
-1.161	1.66067416996935
-1.16	1.66128066161161
-1.159	1.66188696308798
-1.158	1.66249307457722
-1.157	1.66309899625784
-1.156	1.66370472830802
-1.155	1.66431027090572
-1.154	1.66491562422857
-1.153	1.66552078845394
-1.152	1.66612576375895
-1.151	1.66673055032041
-1.15	1.66733514831486
-1.149	1.66793955791858
-1.148	1.66854377930756
-1.147	1.66914781265752
-1.146	1.66975165814392
-1.145	1.67035531594192
-1.144	1.67095878622644
-1.143	1.67156206917211
-1.142	1.67216516495328
-1.141	1.67276807374406
-1.14	1.67337079571825
-1.139	1.67397333104942
-1.138	1.67457567991085
-1.137	1.67517784247555
-1.136	1.67577981891628
-1.135	1.67638160940551
-1.134	1.67698321411547
-1.133	1.67758463321809
-1.132	1.67818586688507
-1.131	1.67878691528783
-1.13	1.67938777859752
-1.129	1.67998845698504
-1.128	1.68058895062102
-1.127	1.68118925967582
-1.126	1.68178938431955
-1.125	1.68238932472206
-1.124	1.68298908105294
-1.123	1.68358865348149
-1.122	1.6841880421768
-1.121	1.68478724730767
-1.12	1.68538626904265
-1.119	1.68598510755002
-1.118	1.68658376299782
-1.117	1.68718223555383
-1.116	1.68778052538556
-1.115	1.68837863266029
-1.114	1.68897655754502
-1.113	1.6895743002065
-1.112	1.69017186081124
-1.111	1.69076923952549
-1.11	1.69136643651524
-1.109	1.69196345194623
-1.108	1.69256028598395
-1.107	1.69315693879365
-1.106	1.69375341054031
-1.105	1.69434970138867
-1.104	1.69494581150322
-1.103	1.69554174104821
-1.102	1.69613749018761
-1.101	1.69673305908518
-1.1	1.69732844790441
-1.099	1.69792365680855
-1.098	1.6985186859606
-1.097	1.69911353552332
-1.096	1.69970820565921
-1.095	1.70030269653055
-1.094	1.70089700829936
-1.093	1.70149114112741
-1.092	1.70208509517624
-1.091	1.70267887060713
-1.09	1.70327246758114
-1.089	1.70386588625908
-1.088	1.7044591268015
-1.087	1.70505218936874
-1.086	1.70564507412087
-1.085	1.70623778121775
-1.084	1.70683031081898
-1.083	1.70742266308392
-1.082	1.70801483817171
-1.081	1.70860683624122
-1.08	1.70919865745112
-1.079	1.70979030195983
-1.078	1.71038176992551
-1.077	1.71097306150612
-1.076	1.71156417685936
-1.075	1.71215511614271
-1.074	1.7127458795134
-1.073	1.71333646712844
-1.072	1.71392687914461
-1.071	1.71451711571844
-1.07	1.71510717700623
-1.069	1.71569706316407
-1.068	1.71628677434779
-1.067	1.71687631071302
-1.066	1.71746567241512
-1.065	1.71805485960925
-1.064	1.71864387245033
-1.063	1.71923271109306
-1.062	1.71982137569189
-1.061	1.72040986640107
-1.06	1.72099818337461
-1.059	1.72158632676628
-1.058	1.72217429672964
-1.057	1.72276209341802
-1.056	1.72334971698451
-1.055	1.72393716758201
-1.054	1.72452444536315
-1.053	1.72511155048037
-1.052	1.72569848308587
-1.051	1.72628524333163
-1.05	1.72687183136941
-1.049	1.72745824735075
-1.048	1.72804449142695
-1.047	1.7286305637491
-1.046	1.72921646446808
-1.045	1.72980219373454
-1.044	1.73038775169891
-1.043	1.73097313851138
-1.042	1.73155835432196
-1.041	1.73214339928041
-1.04	1.73272827353629
-1.039	1.73331297723893
-1.038	1.73389751053744
-1.037	1.73448187358073
-1.036	1.73506606651748
-1.035	1.73565008949615
-1.034	1.736233942665
-1.033	1.73681762617206
-1.032	1.73740114016514
-1.031	1.73798448479186
-1.03	1.73856766019961
-1.029	1.73915066653556
-1.028	1.73973350394668
-1.027	1.74031617257973
-1.026	1.74089867258123
-1.025	1.74148100409752
-1.024	1.74206316727471
-1.023	1.74264516225871
-1.022	1.74322698919522
-1.021	1.74380864822971
-1.02	1.74439013950747
-1.019	1.74497146317355
-1.018	1.74555261937281
-1.017	1.7461336082499
-1.016	1.74671442994926
-1.015	1.74729508461512
-1.014	1.74787557239151
-1.013	1.74845589342224
-1.012	1.74903604785092
-1.011	1.74961603582096
-1.01	1.75019585747556
-1.009	1.75077551295771
-1.008	1.7513550024102
-1.007	1.75193432597561
-1.006	1.75251348379634
-1.005	1.75309247601455
-1.004	1.75367130277222
-1.003	1.75424996421112
-1.002	1.75482846047282
-1.001	1.75540679169868
-1	1.75598495802988
-0.999	1.75656295960738
-0.998	1.75714079657194
-0.997	1.75771846906413
-0.996	1.7582959772243
-0.995	1.75887332119263
-0.994	1.75945050110908
-0.993	1.76002751711341
-0.992	1.7606043693452
-0.991	1.7611810579438
-0.99	1.7617575830484
-0.989	1.76233394479797
-0.988	1.76291014333129
-0.987	1.76348617878695
-0.986	1.76406205130331
-0.985	1.76463776101859
-0.984	1.76521330807076
-0.983	1.76578869259764
-0.982	1.76636391473683
-0.981	1.76693897462574
-0.98	1.76751387240159
-0.979	1.7680886082014
-0.978	1.768663182162
-0.977	1.76923759442004
-0.976	1.76981184511197
-0.975	1.77038593437403
-0.974	1.77095986234229
-0.973	1.77153362915263
-0.972	1.77210723494072
-0.971	1.77268067984207
-0.97	1.77325396399196
-0.969	1.77382708752552
-0.968	1.77440005057767
-0.967	1.77497285328314
-0.966	1.77554549577647
-0.965	1.77611797819204
-0.964	1.776690300664
-0.963	1.77726246332634
-0.962	1.77783446631285
-0.961	1.77840630975716
-0.96	1.77897799379267
-0.959	1.77954951855263
-0.958	1.78012088417009
-0.957	1.78069209077791
-0.956	1.78126313850878
-0.955	1.7818340274952
-0.954	1.78240475786948
-0.953	1.78297532976374
-0.952	1.78354574330995
-0.951	1.78411599863985
-0.95	1.78468609588503
-0.949	1.78525603517689
-0.948	1.78582581664665
-0.947	1.78639544042534
-0.946	1.78696490664381
-0.945	1.78753421543274
-0.944	1.78810336692262
-0.943	1.78867236124377
-0.942	1.78924119852631
-0.941	1.78980987890019
-0.94	1.7903784024952
-0.939	1.79094676944093
-0.938	1.7915149798668
-0.937	1.79208303390203
-0.936	1.7926509316757
-0.935	1.79321867331669
-0.934	1.7937862589537
-0.933	1.79435368871526
-0.932	1.79492096272973
-0.931	1.79548808112529
-0.93	1.79605504402993
-0.929	1.79662185157147
-0.928	1.79718850387759
-0.927	1.79775500107574
-0.926	1.79832134329323
-0.925	1.79888753065719
-0.924	1.79945356329457
-0.923	1.80001944133216
-0.922	1.80058516489655
-0.921	1.8011507341142
-0.92	1.80171614911135
-0.919	1.8022814100141
-0.918	1.80284651694837
-0.917	1.80341147003991
-0.916	1.80397626941429
-0.915	1.80454091519692
-0.914	1.80510540751303
-0.913	1.80566974648769
-0.912	1.8062339322458
-0.911	1.80679796491207
-0.91	1.80736184461107
-0.909	1.80792557146719
-0.908	1.80848914560464
-0.907	1.80905256714748
-0.906	1.80961583621959
-0.905	1.81017895294468
-0.904	1.81074191744631
-0.903	1.81130472984785
-0.902	1.81186739027252
-0.901	1.81242989884338
-0.9	1.8129922556833
-0.899	1.813554460915
-0.898	1.81411651466103
-0.897	1.81467841704378
-0.896	1.81524016818547
-0.895	1.81580176820817
-0.894	1.81636321723376
-0.893	1.81692451538397
-0.892	1.81748566278037
-0.891	1.81804665954437
-0.89	1.8186075057972
-0.889	1.81916820165995
-0.888	1.81972874725352
-0.887	1.82028914269868
-0.886	1.82084938811601
-0.885	1.82140948362595
-0.884	1.82196942934876
-0.883	1.82252922540456
-0.882	1.82308887191329
-0.881	1.82364836899474
-0.88	1.82420771676854
-0.879	1.82476691535416
-0.878	1.82532596487091
-0.877	1.82588486543795
-0.876	1.82644361717425
-0.875	1.82700222019866
-0.874	1.82756067462986
-0.873	1.82811898058635
-0.872	1.82867713818651
-0.871	1.82923514754853
-0.87	1.82979300879047
-0.869	1.8303507220302
-0.868	1.83090828738548
-0.867	1.83146570497386
-0.866	1.83202297491278
-0.865	1.83258009731951
-0.864	1.83313707231114
-0.863	1.83369390000465
-0.862	1.83425058051683
-0.861	1.83480711396433
-0.86	1.83536350046364
-0.859	1.83591974013111
-0.858	1.83647583308292
-0.857	1.8370317794351
-0.856	1.83758757930353
-0.855	1.83814323280395
-0.854	1.83869874005192
-0.853	1.83925410116288
-0.852	1.83980931625209
-0.851	1.84036438543468
-0.85	1.84091930882561
-0.849	1.8414740865397
-0.848	1.84202871869162
-0.847	1.84258320539588
-0.846	1.84313754676686
-0.845	1.84369174291878
-0.844	1.84424579396569
-0.843	1.84479970002152
-0.842	1.84535346120004
-0.841	1.84590707761487
-0.84	1.84646054937948
-0.839	1.8470138766072
-0.838	1.8475670594112
-0.837	1.84812009790451
-0.836	1.84867299220002
-0.835	1.84922574241045
-0.834	1.8497783486484
-0.833	1.8503308110263
-0.832	1.85088312965646
-0.831	1.85143530465102
-0.83	1.85198733612198
-0.829	1.8525392241812
-0.828	1.8530909689404
-0.827	1.85364257051114
-0.826	1.85419402900484
-0.825	1.85474534453278
-0.824	1.8552965172061
-0.823	1.85584754713578
-0.822	1.85639843443268
-0.821	1.85694917920749
-0.82	1.85749978157078
-0.819	1.85805024163296
-0.818	1.85860055950431
-0.817	1.85915073529496
-0.816	1.8597007691149
-0.815	1.86025066107397
-0.814	1.86080041128189
-0.813	1.86135001984823
-0.812	1.86189948688239
-0.811	1.86244881249368
-0.81	1.86299799679122
-0.809	1.86354703988403
-0.808	1.86409594188097
-0.807	1.86464470289075
-0.806	1.86519332302197
-0.805	1.86574180238306
-0.804	1.86629014108233
-0.803	1.86683833922795
-0.802	1.86738639692794
-0.801	1.8679343142902
-0.8	1.86848209142247
-0.799	1.86902972843237
-0.798	1.86957722542737
-0.797	1.87012458251481
-0.796	1.8706717998019
-0.795	1.87121887739569
-0.794	1.87176581540311
-0.793	1.87231261393097
-0.792	1.8728592730859
-0.791	1.87340579297444
-0.79	1.87395217370296
-0.789	1.87449841537772
-0.788	1.87504451810483
-0.787	1.87559048199026
-0.786	1.87613630713986
-0.785	1.87668199365934
-0.784	1.87722754165427
-0.783	1.8777729512301
-0.782	1.87831822249214
-0.781	1.87886335554555
-0.78	1.87940835049538
-0.779	1.87995320744654
-0.778	1.8804979265038
-0.777	1.88104250777181
-0.776	1.88158695135507
-0.775	1.88213125735797
-0.774	1.88267542588474
-0.773	1.88321945703951
-0.772	1.88376335092627
-0.771	1.88430710764885
-0.77	1.88485072731098
-0.769	1.88539421001626
-0.768	1.88593755586815
-0.767	1.88648076496997
-0.766	1.88702383742493
-0.765	1.88756677333609
-0.764	1.8881095728064
-0.763	1.88865223593867
-0.762	1.88919476283558
-0.761	1.88973715359969
-0.76	1.89027940833342
-0.759	1.89082152713907
-0.758	1.89136351011881
-0.757	1.89190535737468
-0.756	1.89244706900858
-0.755	1.89298864512232
-0.754	1.89353008581754
-0.753	1.89407139119578
-0.752	1.89461256135844
-0.751	1.8951535964068
-0.75	1.89569449644201
-0.749	1.89623526156511
-0.748	1.89677589187697
-0.747	1.89731638747839
-0.746	1.89785674847001
-0.745	1.89839697495236
-0.744	1.89893706702582
-0.743	1.89947702479068
-0.742	1.90001684834708
-0.741	1.90055653779504
-0.74	1.90109609323448
-0.739	1.90163551476516
-0.738	1.90217480248673
-0.737	1.90271395649873
-0.736	1.90325297690056
-0.735	1.9037918637915
-0.734	1.90433061727071
-0.733	1.90486923743723
-0.732	1.90540772438998
-0.731	1.90594607822774
-0.73	1.90648429904918
-0.729	1.90702238695286
-0.728	1.9075603420372
-0.727	1.90809816440051
-0.726	1.90863585414096
-0.725	1.90917341135662
-0.724	1.90971083614544
-0.723	1.91024812860524
-0.722	1.91078528883371
-0.721	1.91132231692844
-0.72	1.9118592129869
-0.719	1.91239597710641
-0.718	1.9129326093842
-0.717	1.91346910991738
-0.716	1.91400547880293
-0.715	1.91454171613771
-0.714	1.91507782201846
-0.713	1.91561379654183
-0.712	1.9161496398043
-0.711	1.91668535190229
-0.71	1.91722093293205
-0.709	1.91775638298974
-0.708	1.9182917021714
-0.707	1.91882689057295
-0.706	1.9193619482902
-0.705	1.91989687541883
-0.704	1.9204316720544
-0.703	1.92096633829238
-0.702	1.9215008742281
-0.701	1.92203527995678
-0.7	1.92256955557352
-0.699	1.92310370117331
-0.698	1.92363771685104
-0.697	1.92417160270144
-0.696	1.92470535881918
-0.695	1.92523898529877
-0.694	1.92577248223463
-0.693	1.92630584972105
-0.692	1.92683908785223
-0.691	1.92737219672223
-0.69	1.92790517642501
-0.689	1.92843802705441
-0.688	1.92897074870416
-0.687	1.92950334146788
-0.686	1.93003580543906
-0.685	1.9305681407111
-0.684	1.93110034737728
-0.683	1.93163242553075
-0.682	1.93216437526458
-0.681	1.93269619667169
-0.68	1.93322788984492
-0.679	1.93375945487697
-0.678	1.93429089186047
-0.677	1.93482220088789
-0.676	1.93535338205161
-0.675	1.93588443544392
-0.674	1.93641536115696
-0.673	1.93694615928279
-0.672	1.93747682991334
-0.671	1.93800737314044
-0.67	1.9385377890558
-0.669	1.93906807775104
-0.668	1.93959823931765
-0.667	1.94012827384702
-0.666	1.94065818143043
-0.665	1.94118796215904
-0.664	1.94171761612391
-0.663	1.94224714341601
-0.662	1.94277654412616
-0.661	1.94330581834511
-0.66	1.94383496616347
-0.659	1.94436398767177
-0.658	1.94489288296041
-0.657	1.9454216521197
-0.656	1.94595029523983
-0.655	1.94647881241088
-0.654	1.94700720372284
-0.653	1.94753546926558
-0.652	1.94806360912886
-0.651	1.94859162340234
-0.65	1.94911951217557
-0.649	1.949647275538
-0.648	1.95017491357897
-0.647	1.95070242638771
-0.646	1.95122981405335
-0.645	1.9517570766649
-0.644	1.9522842143113
-0.643	1.95281122708134
-0.642	1.95333811506373
-0.641	1.95386487834708
-0.64	1.95439151701987
-0.639	1.95491803117051
-0.638	1.95544442088728
-0.637	1.95597068625835
-0.636	1.95649682737182
-0.635	1.95702284431565
-0.634	1.95754873717771
-0.633	1.95807450604577
-0.632	1.95860015100751
-0.631	1.95912567215046
-0.63	1.95965106956211
-0.629	1.96017634332979
-0.628	1.96070149354076
-0.627	1.96122652028217
-0.626	1.96175142364106
-0.625	1.96227620370439
-0.624	1.96280086055899
-0.623	1.96332539429161
-0.622	1.96384980498888
-0.621	1.96437409273734
-0.62	1.96489825762343
-0.619	1.96542229973348
-0.618	1.96594621915373
-0.617	1.96647001597031
-0.616	1.96699369026924
-0.615	1.96751724213647
-0.614	1.96804067165782
-0.613	1.96856397891902
-0.612	1.96908716400571
-0.611	1.96961022700342
-0.61	1.97013316799757
-0.609	1.9706559870735
-0.608	1.97117868431644
-0.607	1.97170125981153
-0.606	1.97222371364379
-0.605	1.97274604589816
-0.604	1.97326825665949
-0.603	1.9737903460125
-0.602	1.97431231404183
-0.601	1.97483416083203
-0.6	1.97535588646753
-0.599	1.97587749103269
-0.598	1.97639897461175
-0.597	1.97692033728885
-0.596	1.97744157914806
-0.595	1.97796270027332
-0.594	1.97848370074849
-0.593	1.97900458065733
-0.592	1.9795253400835
-0.591	1.98004597911058
-0.59	1.98056649782203
-0.589	1.98108689630122
-0.588	1.98160717463143
-0.587	1.98212733289585
-0.586	1.98264737117755
-0.585	1.98316728955953
-0.584	1.98368708812468
-0.583	1.9842067669558
-0.582	1.98472632613559
-0.581	1.98524576574666
-0.58	1.98576508587153
-0.579	1.98628428659261
-0.578	1.98680336799222
-0.577	1.98732233015259
-0.576	1.98784117315586
-0.575	1.98835989708407
-0.574	1.98887850201916
-0.573	1.98939698804299
-0.572	1.98991535523731
-0.571	1.99043360368379
-0.57	1.990951733464
-0.569	1.99146974465941
-0.568	1.99198763735142
-0.567	1.99250541162131
-0.566	1.99302306755028
-0.565	1.99354060521944
-0.564	1.9940580247098
-0.563	1.99457532610228
-0.562	1.99509250947772
-0.561	1.99560957491684
-0.56	1.99612652250029
-0.559	1.99664335230862
-0.558	1.99716006442229
-0.557	1.99767665892168
-0.556	1.99819313588706
-0.555	1.99870949539862
-0.554	1.99922573753645
-0.553	1.99974186238056
-0.552	2.00025787001086
-0.551	2.00077376050717
-0.55	2.00128953394923
-0.549	2.00180519041667
-0.548	2.00232072998905
-0.547	2.00283615274584
-0.546	2.00335145876639
-0.545	2.00386664813
-0.544	2.00438172091585
-0.543	2.00489667720305
-0.542	2.00541151707061
-0.541	2.00592624059746
-0.54	2.00644084786242
-0.539	2.00695533894425
-0.538	2.00746971392159
-0.537	2.00798397287303
-0.536	2.00849811587703
-0.535	2.009012143012
-0.534	2.00952605435622
-0.533	2.01003984998792
-0.532	2.01055352998522
-0.531	2.01106709442617
-0.53	2.0115805433887
-0.529	2.01209387695069
-0.528	2.01260709518992
-0.527	2.01312019818406
-0.526	2.01363318601072
-0.525	2.01414605874742
-0.524	2.01465881647158
-0.523	2.01517145926054
-0.522	2.01568398719156
-0.521	2.01619640034181
-0.52	2.01670869878836
-0.519	2.01722088260821
-0.518	2.01773295187827
-0.517	2.01824490667536
-0.516	2.01875674707622
-0.515	2.0192684731575
-0.514	2.01978008499576
-0.513	2.02029158266749
-0.512	2.02080296624908
-0.511	2.02131423581684
-0.51	2.021825391447
-0.509	2.02233643321569
-0.508	2.02284736119897
-0.507	2.02335817547281
-0.506	2.02386887611309
-0.505	2.02437946319563
-0.504	2.02488993679613
-0.503	2.02540029699023
-0.502	2.02591054385347
-0.501	2.02642067746133
-0.5	2.02693069788919
-0.499	2.02744060521233
-0.498	2.02795039950599
-0.497	2.02846008084528
-0.496	2.02896964930526
-0.495	2.0294791049609
-0.494	2.02998844788707
-0.493	2.03049767815857
-0.492	2.03100679585012
-0.491	2.03151580103635
-0.49	2.03202469379182
-0.489	2.032533474191
-0.488	2.03304214230827
-0.487	2.03355069821794
-0.486	2.03405914199423
-0.485	2.03456747371128
-0.484	2.03507569344315
-0.483	2.03558380126382
-0.482	2.03609179724719
-0.481	2.03659968146707
-0.48	2.0371074539972
-0.479	2.03761511491123
-0.478	2.03812266428273
-0.477	2.03863010218519
-0.476	2.03913742869203
-0.475	2.03964464387658
-0.474	2.04015174781208
-0.473	2.04065874057171
-0.472	2.04116562222855
-0.471	2.04167239285561
-0.47	2.04217905252583
-0.469	2.04268560131206
-0.468	2.04319203928705
-0.467	2.04369836652351
-0.466	2.04420458309405
-0.465	2.04471068907119
-0.464	2.04521668452739
-0.463	2.04572256953502
-0.462	2.04622834416638
-0.461	2.04673400849368
-0.46	2.04723956258906
-0.459	2.04774500652458
-0.458	2.04825034037222
-0.457	2.04875556420388
-0.456	2.04926067809138
-0.455	2.04976568210647
-0.454	2.05027057632081
-0.453	2.050775360806
-0.452	2.05128003563355
-0.451	2.05178460087488
-0.45	2.05228905660136
-0.449	2.05279340288427
-0.448	2.0532976397948
-0.447	2.05380176740409
-0.446	2.05430578578317
-0.445	2.05480969500302
-0.444	2.05531349513454
-0.443	2.05581718624854
-0.442	2.05632076841576
-0.441	2.05682424170686
-0.44	2.05732760619243
-0.439	2.05783086194299
-0.438	2.05833400902897
-0.437	2.05883704752072
-0.436	2.05933997748854
-0.435	2.05984279900263
-0.434	2.06034551213311
-0.433	2.06084811695006
-0.432	2.06135061352344
-0.431	2.06185300192317
-0.43	2.06235528221906
-0.429	2.06285745448089
-0.428	2.06335951877833
-0.427	2.06386147518099
-0.426	2.06436332375838
-0.425	2.06486506457998
-0.424	2.06536669771517
-0.423	2.06586822323324
-0.422	2.06636964120344
-0.421	2.06687095169492
-0.42	2.06737215477676
-0.419	2.06787325051798
-0.418	2.06837423898751
-0.417	2.06887512025422
-0.416	2.06937589438689
-0.415	2.06987656145424
-0.414	2.07037712152492
-0.413	2.07087757466749
-0.412	2.07137792095044
-0.411	2.0718781604422
-0.41	2.07237829321113
-0.409	2.07287831932549
-0.408	2.07337823885349
-0.407	2.07387805186326
-0.406	2.07437775842286
-0.405	2.07487735860028
-0.404	2.07537685246343
-0.403	2.07587624008015
-0.402	2.07637552151821
-0.401	2.07687469684531
-0.4	2.07737376612908
-0.399	2.07787272943707
-0.398	2.07837158683676
-0.397	2.07887033839556
-0.396	2.07936898418081
-0.395	2.07986752425978
-0.394	2.08036595869966
-0.393	2.08086428756759
-0.392	2.08136251093061
-0.391	2.08186062885571
-0.39	2.0823586414098
-0.389	2.08285654865972
-0.388	2.08335435067224
-0.387	2.08385204751407
-0.386	2.08434963925184
-0.385	2.0848471259521
-0.384	2.08534450768134
-0.383	2.08584178450598
-0.382	2.08633895649238
-0.381	2.08683602370681
-0.38	2.08733298621548
-0.379	2.08782984408453
-0.378	2.08832659738004
-0.377	2.088823246168
-0.376	2.08931979051434
-0.375	2.08981623048493
-0.374	2.09031256614556
-0.373	2.09080879756195
-0.372	2.09130492479976
-0.371	2.09180094792458
-0.37	2.09229686700192
-0.369	2.09279268209723
-0.368	2.09328839327589
-0.367	2.09378400060321
-0.366	2.09427950414444
-0.365	2.09477490396475
-0.364	2.09527020012925
-0.363	2.09576539270297
-0.362	2.09626048175089
-0.361	2.0967554673379
-0.36	2.09725034952885
-0.359	2.0977451283885
-0.358	2.09823980398155
-0.357	2.09873437637264
-0.356	2.09922884562632
-0.355	2.0997232118071
-0.354	2.1002174749794
-0.353	2.10071163520759
-0.352	2.10120569255597
-0.351	2.10169964708875
-0.35	2.10219349887012
-0.349	2.10268724796416
-0.348	2.1031808944349
-0.347	2.1036744383463
-0.346	2.10416787976226
-0.345	2.10466121874661
-0.344	2.10515445536312
-0.343	2.10564758967548
-0.342	2.10614062174732
-0.341	2.10663355164221
-0.34	2.10712637942365
-0.339	2.10761910515507
-0.338	2.10811172889984
-0.337	2.10860425072126
-0.336	2.10909667068257
-0.335	2.10958898884695
-0.334	2.1100812052775
-0.333	2.11057332003725
-0.332	2.1110653331892
-0.331	2.11155724479624
-0.33	2.11204905492123
-0.329	2.11254076362695
-0.328	2.11303237097611
-0.327	2.11352387703136
-0.326	2.1140152818553
-0.325	2.11450658551045
-0.324	2.11499778805927
-0.323	2.11548888956415
-0.322	2.11597989008742
-0.321	2.11647078969135
-0.32	2.11696158843814
-0.319	2.11745228638994
-0.318	2.11794288360881
-0.317	2.11843338015677
-0.316	2.11892377609576
-0.315	2.11941407148768
-0.314	2.11990426639434
-0.313	2.12039436087749
-0.312	2.12088435499883
-0.311	2.12137424882001
-0.31	2.12186404240257
-0.309	2.12235373580803
-0.308	2.12284332909783
-0.307	2.12333282233335
-0.306	2.1238222155759
-0.305	2.12431150888674
-0.304	2.12480070232707
-0.303	2.12528979595801
-0.302	2.12577878984062
-0.301	2.12626768403592
-0.3	2.12675647860485
-0.299	2.12724517360828
-0.298	2.12773376910703
-0.297	2.12822226516186
-0.296	2.12871066183348
-0.295	2.12919895918249
-0.294	2.12968715726949
-0.293	2.13017525615498
-0.292	2.13066325589941
-0.291	2.13115115656317
-0.29	2.13163895820657
-0.289	2.13212666088989
-0.288	2.13261426467333
-0.287	2.13310176961704
-0.286	2.13358917578109
-0.285	2.1340764832255
-0.284	2.13456369201023
-0.283	2.1350508021952
-0.282	2.13553781384022
-0.281	2.13602472700508
-0.28	2.13651154174951
-0.279	2.13699825813314
-0.278	2.1374848762156
-0.277	2.1379713960564
-0.276	2.13845781771503
-0.275	2.1389441412509
-0.274	2.13943036672338
-0.273	2.13991649419175
-0.272	2.14040252371526
-0.271	2.14088845535309
-0.27	2.14137428916434
-0.269	2.14186002520809
-0.268	2.14234566354333
-0.267	2.142831204229
-0.266	2.14331664732398
-0.265	2.1438019928871
-0.264	2.14428724097711
-0.263	2.14477239165272
-0.262	2.14525744497257
-0.261	2.14574240099526
-0.26	2.1462272597793
-0.259	2.14671202138317
-0.258	2.14719668586528
-0.257	2.14768125328397
-0.256	2.14816572369755
-0.255	2.14865009716424
-0.254	2.14913437374223
-0.253	2.14961855348962
-0.252	2.15010263646449
-0.251	2.15058662272483
-0.25	2.15107051232858
-0.249	2.15155430533364
-0.248	2.15203800179784
-0.247	2.15252160177894
-0.246	2.15300510533465
-0.245	2.15348851252264
-0.244	2.15397182340051
-0.243	2.15445503802578
-0.242	2.15493815645595
-0.241	2.15542117874845
-0.24	2.15590410496064
-0.239	2.15638693514984
-0.238	2.1568696693733
-0.237	2.15735230768822
-0.236	2.15783485015175
-0.235	2.15831729682096
-0.234	2.15879964775289
-0.233	2.15928190300451
-0.232	2.15976406263273
-0.231	2.16024612669441
-0.23	2.16072809524637
-0.229	2.16120996834533
-0.228	2.161691746048
-0.227	2.162173428411
-0.226	2.16265501549092
-0.225	2.16313650734428
-0.224	2.16361790402755
-0.223	2.16409920559713
-0.222	2.16458041210938
-0.221	2.1650615236206
-0.22	2.16554254018703
-0.219	2.16602346186487
-0.218	2.16650428871024
-0.217	2.16698502077923
-0.216	2.16746565812785
-0.215	2.16794620081207
-0.214	2.16842664888781
-0.213	2.16890700241091
-0.212	2.1693872614372
-0.211	2.1698674260224
-0.21	2.17034749622221
-0.209	2.17082747209228
-0.208	2.17130735368819
-0.207	2.17178714106545
-0.206	2.17226683427955
-0.205	2.17274643338591
-0.204	2.1732259384399
-0.203	2.17370534949681
-0.202	2.17418466661192
-0.201	2.17466388984042
-0.2	2.17514301923746
-0.199	2.17562205485814
-0.198	2.17610099675749
-0.197	2.17657984499051
-0.196	2.17705859961213
-0.195	2.17753726067722
-0.194	2.17801582824062
-0.193	2.17849430235709
-0.192	2.17897268308136
-0.191	2.17945097046809
-0.19	2.17992916457189
-0.189	2.18040726544733
-0.188	2.1808852731489
-0.187	2.18136318773106
-0.186	2.18184100924822
-0.185	2.18231873775471
-0.184	2.18279637330483
-0.183	2.18327391595283
-0.182	2.18375136575288
-0.181	2.18422872275914
-0.18	2.18470598702567
-0.179	2.18518315860652
-0.178	2.18566023755565
-0.177	2.186137223927
-0.176	2.18661411777444
-0.175	2.18709091915179
-0.174	2.18756762811282
-0.173	2.18804424471125
-0.172	2.18852076900073
-0.171	2.1889972010349
-0.17	2.18947354086729
-0.169	2.18994978855144
-0.168	2.19042594414079
-0.167	2.19090200768874
-0.166	2.19137797924866
-0.165	2.19185385887385
-0.164	2.19232964661756
-0.163	2.19280534253298
-0.162	2.19328094667327
-0.161	2.19375645909153
-0.16	2.1942318798408
-0.159	2.19470720897407
-0.158	2.1951824465443
-0.157	2.19565759260437
-0.156	2.19613264720712
-0.155	2.19660761040535
-0.154	2.19708248225181
-0.153	2.19755726279916
-0.152	2.19803195210007
-0.151	2.19850655020711
-0.15	2.19898105717283
-0.149	2.19945547304971
-0.148	2.19992979789019
-0.147	2.20040403174666
-0.146	2.20087817467146
-0.145	2.20135222671686
-0.144	2.20182618793511
-0.143	2.2023000583784
-0.142	2.20277383809886
-0.141	2.20324752714858
-0.14	2.20372112557959
-0.139	2.20419463344389
-0.138	2.20466805079341
-0.137	2.20514137768004
-0.136	2.20561461415561
-0.135	2.20608776027192
-0.134	2.20656081608071
-0.133	2.20703378163366
-0.132	2.20750665698241
-0.131	2.20797944217857
-0.13	2.20845213727367
-0.129	2.2089247423192
-0.128	2.20939725736661
-0.127	2.2098696824673
-0.126	2.2103420176726
-0.125	2.21081426303382
-0.124	2.21128641860222
-0.123	2.21175848442897
-0.122	2.21223046056525
-0.121	2.21270234706215
-0.12	2.21317414397073
-0.119	2.21364585134199
-0.118	2.21411746922689
-0.117	2.21458899767633
-0.116	2.21506043674119
-0.115	2.21553178647228
-0.114	2.21600304692035
-0.113	2.21647421813612
-0.112	2.21694530017028
-0.111	2.21741629307342
-0.11	2.21788719689613
-0.109	2.21835801168894
-0.108	2.21882873750231
-0.107	2.21929937438669
-0.106	2.21976992239245
-0.105	2.22024038156992
-0.104	2.2207107519694
-0.103	2.22118103364112
-0.102	2.22165122663527
-0.101	2.222121331002
-0.1	2.22259134679142
-0.0989999999999998	2.22306127405356
-0.0979999999999999	2.22353111283843
-0.097	2.22400086319599
-0.0960000000000001	2.22447052517615
-0.0949999999999998	2.22494009882877
-0.0939999999999999	2.22540958420366
-0.093	2.2258789813506
-0.0920000000000001	2.2263482903193
-0.0909999999999997	2.22681751115944
-0.0899999999999999	2.22728664392066
-0.089	2.22775568865252
-0.0880000000000001	2.22822464540458
-0.0869999999999997	2.22869351422631
-0.0859999999999999	2.22916229516716
-0.085	2.22963098827652
-0.0840000000000001	2.23009959360375
-0.0829999999999997	2.23056811119816
-0.0819999999999999	2.23103654110899
-0.081	2.23150488338546
-0.0800000000000001	2.23197313807674
-0.0789999999999997	2.23244130523194
-0.0779999999999998	2.23290938490014
-0.077	2.23337737713037
-0.0760000000000001	2.23384528197161
-0.0749999999999997	2.2343130994728
-0.0739999999999998	2.23478082968282
-0.073	2.23524847265053
-0.0720000000000001	2.23571602842472
-0.0709999999999997	2.23618349705414
-0.0699999999999998	2.23665087858752
-0.069	2.2371181730735
-0.0680000000000001	2.23758538056071
-0.0670000000000002	2.23805250109772
-0.0659999999999998	2.23851953473306
-0.0649999999999999	2.23898648151521
-0.0640000000000001	2.23945334149261
-0.0630000000000002	2.23992011471365
-0.0619999999999998	2.24038680122669
-0.0609999999999999	2.24085340108001
-0.0600000000000001	2.5
-0.0590000000000002	2.5
-0.0579999999999998	2.5
-0.0569999999999999	2.5
-0.056	2.5
-0.0550000000000002	2.5
-0.0539999999999998	2.5
-0.0529999999999999	2.5
-0.052	2.5
-0.0510000000000002	2.5
-0.0499999999999998	2.5
-0.0489999999999999	2.5
-0.048	2.5
-0.0470000000000002	2.5
-0.0459999999999998	2.5
-0.0449999999999999	2.5
-0.044	2.5
-0.0430000000000001	2.5
-0.0419999999999998	2.5
-0.0409999999999999	2.5
-0.04	2.5
-0.0390000000000001	2.5
-0.0379999999999998	2.5
-0.0369999999999999	2.5
-0.036	2.5
-0.0350000000000001	2.5
-0.0339999999999998	2.5
-0.0329999999999999	2.5
-0.032	2.5
-0.0310000000000001	2.5
-0.0299999999999998	2.5
-0.0289999999999999	2.5
-0.028	2.5
-0.0270000000000001	2.5
-0.0259999999999998	2.5
-0.0249999999999999	2.5
-0.024	2.5
-0.0230000000000001	2.5
-0.0219999999999998	2.5
-0.0209999999999999	2.5
-0.02	2.5
-0.0190000000000001	2.5
-0.0179999999999998	2.5
-0.0169999999999999	2.5
-0.016	2.5
-0.0150000000000001	2.5
-0.0139999999999998	2.5
-0.0129999999999999	2.5
-0.012	2.5
-0.0110000000000001	2.5
-0.00999999999999979	2.5
-0.0089999999999999	2.5
-0.00800000000000001	2.5
-0.00700000000000012	2.5
-0.00599999999999978	2.5
-0.00499999999999989	2.5
-0.004	2.5
-0.00300000000000011	2.5
-0.00199999999999978	2.5
-0.00099999999999989	2.5
0	2.5
0.00099999999999989	2.5
0.00199999999999978	2.5
0.00300000000000011	2.5
0.004	2.5
0.00499999999999989	2.5
0.00599999999999978	2.5
0.00700000000000012	2.5
0.00800000000000001	2.5
0.0089999999999999	2.5
0.00999999999999979	2.5
0.0110000000000001	2.5
0.012	2.5
0.0129999999999999	2.5
0.0139999999999998	2.5
0.0150000000000001	2.5
0.016	2.5
0.0169999999999999	2.5
0.0179999999999998	2.5
0.0190000000000001	2.5
0.02	2.5
0.0209999999999999	2.5
0.0219999999999998	2.5
0.0230000000000001	2.5
0.024	2.5
0.0249999999999999	2.5
0.0259999999999998	2.5
0.0270000000000001	2.5
0.028	2.5
0.0289999999999999	2.5
0.0299999999999998	2.5
0.0310000000000001	2.5
0.032	2.5
0.0329999999999999	2.5
0.0339999999999998	2.5
0.0350000000000001	2.5
0.036	2.5
0.0369999999999999	2.5
0.0379999999999998	2.5
0.0390000000000001	2.5
0.04	2.5
0.0409999999999999	2.5
0.0419999999999998	2.5
0.0430000000000001	2.5
0.044	2.5
0.0449999999999999	2.5
0.0459999999999998	2.5
0.0470000000000002	2.5
0.048	2.5
0.0489999999999999	2.5
0.0499999999999998	2.5
0.0510000000000002	2.5
0.052	2.5
0.0529999999999999	2.5
0.0539999999999998	2.5
0.0550000000000002	2.5
0.056	2.5
0.0569999999999999	2.5
0.0579999999999998	2.5
0.0590000000000002	2.5
0.0600000000000001	2.5
0.0609999999999999	2.76009117972478
0.0619999999999998	2.76053929968133
0.0630000000000002	2.76098750309127
0.0640000000000001	2.76143579000123
0.0649999999999999	2.76188416045791
0.0659999999999998	2.76233261450802
0.0670000000000002	2.76278115219836
0.0680000000000001	2.76322977357572
0.069	2.76367847868698
0.0699999999999998	2.76412726757902
0.0709999999999997	2.76457614029881
0.0720000000000001	2.76502509689334
0.073	2.76547413740963
0.0739999999999998	2.76592326189477
0.0749999999999997	2.76637247039588
0.0760000000000001	2.76682176296012
0.077	2.76727113963472
0.0779999999999998	2.76772060046692
0.0789999999999997	2.76817014550402
0.0800000000000001	2.76861977479338
0.081	2.76906948838237
0.0819999999999999	2.76951928631843
0.0829999999999997	2.76996916864904
0.0840000000000001	2.77041913542172
0.085	2.77086918668404
0.0859999999999999	2.7713193224836
0.0869999999999997	2.77176954286807
0.0880000000000001	2.77221984788514
0.089	2.77267023758257
0.0899999999999999	2.77312071200813
0.0909999999999997	2.77357127120968
0.0920000000000001	2.77402191523508
0.093	2.77447264413226
0.0939999999999999	2.7749234579492
0.0949999999999998	2.77537435673392
0.0960000000000001	2.77582534053446
0.097	2.77627640939894
0.0979999999999999	2.77672756337551
0.0989999999999998	2.77717880251237
0.1	2.77763012685777
0.101	2.77808153645998
0.102	2.77853303136734
0.103	2.77898461162825
0.104	2.77943627729111
0.105	2.7798880284044
0.106	2.78033986501664
0.107	2.78079178717639
0.108	2.78124379493227
0.109	2.78169588833292
0.11	2.78214806742705
0.111	2.7826003322634
0.112	2.78305268289078
0.113	2.78350511935801
0.114	2.78395764171399
0.115	2.78441025000765
0.116	2.78486294428797
0.117	2.78531572460397
0.118	2.78576859100473
0.119	2.78622154353937
0.12	2.78667458225704
0.121	2.78712770720698
0.122	2.78758091843842
0.123	2.78803421600069
0.124	2.78848759994313
0.125	2.78894107031515
0.126	2.78939462716619
0.127	2.78984827054575
0.128	2.79030200050336
0.129	2.79075581708863
0.13	2.79120972035118
0.131	2.7916637103407
0.132	2.79211778710692
0.133	2.79257195069962
0.134	2.79302620116863
0.135	2.79348053856382
0.136	2.79393496293511
0.137	2.79438947433248
0.138	2.79484407280594
0.139	2.79529875840555
0.14	2.79575353118144
0.141	2.79620839118376
0.142	2.79666333846272
0.143	2.79711837306858
0.144	2.79757349505165
0.145	2.79802870446228
0.146	2.79848400135088
0.147	2.79893938576789
0.148	2.79939485776382
0.149	2.79985041738921
0.15	2.80030606469467
0.151	2.80076179973083
0.152	2.8012176225484
0.153	2.80167353319811
0.154	2.80212953173076
0.155	2.8025856181972
0.156	2.8030417926483
0.157	2.80349805513502
0.158	2.80395440570833
0.159	2.80441084441928
0.16	2.80486737131896
0.161	2.8053239864585
0.162	2.80578068988909
0.163	2.80623748166196
0.164	2.8066943618284
0.165	2.80715133043974
0.166	2.80760838754737
0.167	2.80806553320272
0.168	2.80852276745728
0.169	2.80898009036258
0.17	2.80943750197021
0.171	2.80989500233179
0.172	2.81035259149902
0.173	2.81081026952362
0.174	2.81126803645739
0.175	2.81172589235215
0.176	2.8121838372598
0.177	2.81264187123226
0.178	2.81309999432153
0.179	2.81355820657965
0.18	2.81401650805869
0.181	2.8144748988108
0.182	2.81493337888816
0.183	2.81539194834302
0.184	2.81585060722767
0.185	2.81630935559445
0.186	2.81676819349576
0.187	2.81722712098403
0.188	2.81768613811176
0.189	2.8181452449315
0.19	2.81860444149585
0.191	2.81906372785745
0.192	2.81952310406902
0.193	2.81998257018329
0.194	2.82044212625308
0.195	2.82090177233123
0.196	2.82136150847067
0.197	2.82182133472434
0.198	2.82228125114526
0.199	2.8227412577865
0.2	2.82320135470116
0.201	2.82366154194241
0.202	2.82412181956349
0.203	2.82458218761765
0.204	2.82504264615822
0.205	2.82550319523858
0.206	2.82596383491216
0.207	2.82642456523244
0.208	2.82688538625295
0.209	2.82734629802729
0.21	2.82780730060909
0.211	2.82826839405204
0.212	2.8287295784099
0.213	2.82919085373646
0.214	2.82965222008556
0.215	2.83011367751113
0.216	2.83057522606711
0.217	2.83103686580752
0.218	2.83149859678643
0.219	2.83196041905794
0.22	2.83242233267624
0.221	2.83288433769555
0.222	2.83334643417014
0.223	2.83380862215436
0.224	2.83427090170258
0.225	2.83473327286926
0.226	2.83519573570887
0.227	2.83565829027598
0.228	2.83612093662519
0.229	2.83658367481115
0.23	2.83704650488857
0.231	2.83750942691222
0.232	2.83797244093692
0.233	2.83843554701755
0.234	2.83889874520903
0.235	2.83936203556635
0.236	2.83982541814454
0.237	2.8402888929987
0.238	2.84075246018398
0.239	2.84121611975559
0.24	2.84167987176877
0.241	2.84214371627884
0.242	2.84260765334117
0.243	2.84307168301119
0.244	2.84353580534438
0.245	2.84400002039626
0.246	2.84446432822243
0.247	2.84492872887853
0.248	2.84539322242027
0.249	2.84585780890341
0.25	2.84632248838374
0.251	2.84678726091716
0.252	2.84725212655957
0.253	2.84771708536696
0.254	2.84818213739536
0.255	2.84864728270088
0.256	2.84911252133965
0.257	2.84957785336789
0.258	2.85004327884185
0.259	2.85050879781786
0.26	2.85097441035228
0.261	2.85144011650156
0.262	2.85190591632218
0.263	2.85237180987069
0.264	2.85283779720368
0.265	2.85330387837782
0.266	2.85377005344982
0.267	2.85423632247646
0.268	2.85470268551457
0.269	2.85516914262104
0.27	2.8556356938528
0.271	2.85610233926687
0.272	2.85656907892031
0.273	2.85703591287023
0.274	2.85750284117381
0.275	2.85796986388828
0.276	2.85843698107094
0.277	2.85890419277913
0.278	2.85937149907026
0.279	2.8598389000018
0.28	2.86030639563128
0.281	2.86077398601626
0.282	2.8612416712144
0.283	2.8617094512834
0.284	2.862177326281
0.285	2.86264529626503
0.286	2.86311336129337
0.287	2.86358152142394
0.288	2.86404977671474
0.289	2.86451812722382
0.29	2.86498657300929
0.291	2.86545511412932
0.292	2.86592375064214
0.293	2.86639248260605
0.294	2.86686131007937
0.295	2.86733023312053
0.296	2.86779925178799
0.297	2.86826836614028
0.298	2.86873757623598
0.299	2.86920688213373
0.3	2.86967628389225
0.301	2.8701457815703
0.302	2.87061537522671
0.303	2.87108506492036
0.304	2.87155485071019
0.305	2.87202473265522
0.306	2.87249471081452
0.307	2.8729647852472
0.308	2.87343495601245
0.309	2.87390522316954
0.31	2.87437558677775
0.311	2.87484604689648
0.312	2.87531660358514
0.313	2.87578725690323
0.314	2.8762580069103
0.315	2.87672885366597
0.316	2.87719979722991
0.317	2.87767083766187
0.318	2.87814197502163
0.319	2.87861320936906
0.32	2.87908454076408
0.321	2.87955596926668
0.322	2.88002749493689
0.323	2.88049911783484
0.324	2.88097083802068
0.325	2.88144265555464
0.326	2.88191457049704
0.327	2.8823865829082
0.328	2.88285869284857
0.329	2.88333090037861
0.33	2.88380320555887
0.331	2.88427560844996
0.332	2.88474810911254
0.333	2.88522070760735
0.334	2.88569340399517
0.335	2.88616619833688
0.336	2.88663909069338
0.337	2.88711208112566
0.338	2.88758516969477
0.339	2.88805835646182
0.34	2.88853164148798
0.341	2.88900502483449
0.342	2.88947850656265
0.343	2.88995208673382
0.344	2.89042576540943
0.345	2.89089954265098
0.346	2.89137341852002
0.347	2.89184739307817
0.348	2.89232146638712
0.349	2.89279563850861
0.35	2.89326990950445
0.351	2.89374427943653
0.352	2.89421874836679
0.353	2.89469331635724
0.354	2.89516798346993
0.355	2.89564274976702
0.356	2.89611761531071
0.357	2.89659258016325
0.358	2.89706764438699
0.359	2.89754280804431
0.36	2.89801807119769
0.361	2.89849343390964
0.362	2.89896889624277
0.363	2.89944445825972
0.364	2.89992012002323
0.365	2.90039588159608
0.366	2.90087174304114
0.367	2.90134770442132
0.368	2.9018237657996
0.369	2.90229992723906
0.37	2.9027761888028
0.371	2.90325255055402
0.372	2.90372901255596
0.373	2.90420557487195
0.374	2.90468223756537
0.375	2.90515900069968
0.376	2.9056358643384
0.377	2.90611282854512
0.378	2.90658989338348
0.379	2.90706705891722
0.38	2.90754432521012
0.381	2.90802169232604
0.382	2.9084991603289
0.383	2.90897672928269
0.384	2.90945439925148
0.385	2.90993217029938
0.386	2.9104100424906
0.387	2.9108880158894
0.388	2.9113660905601
0.389	2.91184426656712
0.39	2.9123225439749
0.391	2.912800922848
0.392	2.91327940325101
0.393	2.91375798524861
0.394	2.91423666890553
0.395	2.9147154542866
0.396	2.91519434145668
0.397	2.91567333048073
0.398	2.91615242142377
0.399	2.91663161435087
0.4	2.9171109093272
0.401	2.91759030641798
0.402	2.9180698056885
0.403	2.91854940720414
0.404	2.91902911103032
0.405	2.91950891723255
0.406	2.9199888258764
0.407	2.92046883702751
0.408	2.92094895075161
0.409	2.92142916711446
0.41	2.92190948618194
0.411	2.92238990801996
0.412	2.92287043269452
0.413	2.92335106027168
0.414	2.92383179081759
0.415	2.92431262439844
0.416	2.92479356108052
0.417	2.92527460093018
0.418	2.92575574401385
0.419	2.926236990398
0.42	2.92671834014921
0.421	2.92719979333411
0.422	2.92768135001941
0.423	2.92816301027188
0.424	2.92864477415838
0.425	2.92912664174584
0.426	2.92960861310123
0.427	2.93009068829164
0.428	2.9305728673842
0.429	2.93105515044612
0.43	2.93153753754469
0.431	2.93202002874725
0.432	2.93250262412125
0.433	2.93298532373419
0.434	2.93346812765363
0.435	2.93395103594722
0.436	2.93443404868269
0.437	2.93491716592784
0.438	2.93540038775052
0.439	2.93588371421869
0.44	2.93636714540035
0.441	2.93685068136359
0.442	2.93733432217658
0.443	2.93781806790756
0.444	2.93830191862482
0.445	2.93878587439677
0.446	2.93926993529185
0.447	2.9397541013786
0.448	2.94023837272563
0.449	2.94072274940161
0.45	2.94120723147532
0.451	2.94169181901557
0.452	2.94217651209128
0.453	2.94266131077142
0.454	2.94314621512506
0.455	2.94363122522133
0.456	2.94411634112943
0.457	2.94460156291865
0.458	2.94508689065834
0.459	2.94557232441795
0.46	2.94605786426698
0.461	2.94654351027501
0.462	2.94702926251172
0.463	2.94751512104684
0.464	2.94800108595018
0.465	2.94848715729164
0.466	2.94897333514119
0.467	2.94945961956886
0.468	2.94994601064479
0.469	2.95043250843917
0.47	2.95091911302227
0.471	2.95140582446445
0.472	2.95189264283614
0.473	2.95237956820785
0.474	2.95286660065016
0.475	2.95335374023374
0.476	2.95384098702932
0.477	2.95432834110772
0.478	2.95481580253984
0.479	2.95530337139666
0.48	2.95579104774923
0.481	2.95627883166867
0.482	2.9567667232262
0.483	2.95725472249311
0.484	2.95774282954075
0.485	2.95823104444059
0.486	2.95871936726414
0.487	2.95920779808301
0.488	2.95969633696888
0.489	2.96018498399351
0.49	2.96067373922874
0.491	2.9611626027465
0.492	2.96165157461879
0.493	2.96214065491768
0.494	2.96262984371534
0.495	2.96311914108402
0.496	2.96360854709602
0.497	2.96409806182375
0.498	2.9645876853397
0.499	2.96507741771642
0.5	2.96556725902657
0.501	2.96605720934286
0.502	2.96654726873809
0.503	2.96703743728516
0.504	2.96752771505704
0.505	2.96801810212676
0.506	2.96850859856747
0.507	2.96899920445236
0.508	2.96948991985474
0.509	2.96998074484799
0.51	2.97047167950555
0.511	2.97096272390097
0.512	2.97145387810787
0.513	2.97194514219995
0.514	2.97243651625099
0.515	2.97292800033488
0.516	2.97341959452556
0.517	2.97391129889706
0.518	2.9744031135235
0.519	2.97489503847909
0.52	2.9753870738381
0.521	2.97587921967491
0.522	2.97637147606396
0.523	2.97686384307979
0.524	2.97735632079702
0.525	2.97784890929035
0.526	2.97834160863457
0.527	2.97883441890454
0.528	2.97932734017523
0.529	2.97982037252166
0.53	2.98031351601898
0.531	2.98080677074237
0.532	2.98130013676714
0.533	2.98179361416867
0.534	2.98228720302242
0.535	2.98278090340393
0.536	2.98327471538885
0.537	2.98376863905289
0.538	2.98426267447185
0.539	2.98475682172163
0.54	2.98525108087821
0.541	2.98574545201765
0.542	2.9862399352161
0.543	2.98673453054979
0.544	2.98722923809504
0.545	2.98772405792828
0.546	2.98821899012598
0.547	2.98871403476473
0.548	2.98920919192121
0.549	2.98970446167216
0.55	2.99019984409444
0.551	2.99069533926498
0.552	2.99119094726079
0.553	2.99168666815898
0.554	2.99218250203674
0.555	2.99267844897136
0.556	2.99317450904021
0.557	2.99367068232075
0.558	2.99416696889052
0.559	2.99466336882716
0.56	2.9951598822084
0.561	2.99565650911205
0.562	2.99615324961601
0.563	2.99665010379828
0.564	2.99714707173693
0.565	2.99764415351013
0.566	2.99814134919615
0.567	2.99863865887334
0.568	2.99913608262013
0.569	2.99963362051506
0.57	3.00013127263674
0.571	3.00062903906388
0.572	3.00112691987529
0.573	3.00162491514986
0.574	3.00212302496656
0.575	3.00262124940448
0.576	3.00311958854276
0.577	3.00361804246068
0.578	3.00411661123757
0.579	3.00461529495288
0.58	3.00511409368612
0.581	3.00561300751694
0.582	3.00611203652502
0.583	3.00661118079019
0.584	3.00711044039233
0.585	3.00760981541145
0.586	3.00810930592761
0.587	3.008608912021
0.588	3.00910863377187
0.589	3.00960847126061
0.59	3.01010842456764
0.591	3.01060849377353
0.592	3.01110867895891
0.593	3.01160898020452
0.594	3.01210939759118
0.595	3.01260993119982
0.596	3.01311058111145
0.597	3.01361134740717
0.598	3.01411223016821
0.599	3.01461322947584
0.6	3.01511434541147
0.601	3.01561557805658
0.602	3.01611692749275
0.603	3.01661839380167
0.604	3.01711997706511
0.605	3.01762167736493
0.606	3.0181234947831
0.607	3.01862542940167
0.608	3.01912748130281
0.609	3.01962965056877
0.61	3.02013193728188
0.611	3.02063434152461
0.612	3.02113686337948
0.613	3.02163950292913
0.614	3.02214226025631
0.615	3.02264513544383
0.616	3.02314812857463
0.617	3.02365123973174
0.618	3.02415446899827
0.619	3.02465781645744
0.62	3.02516128219258
0.621	3.02566486628711
0.622	3.02616856882453
0.623	3.02667238988845
0.624	3.0271763295626
0.625	3.02768038793077
0.626	3.02818456507688
0.627	3.02868886108494
0.628	3.02919327603904
0.629	3.0296978100234
0.63	3.03020246312233
0.631	3.03070723542021
0.632	3.03121212700157
0.633	3.031717137951
0.634	3.03222226835321
0.635	3.032727518293
0.636	3.03323288785528
0.637	3.03373837712506
0.638	3.03424398618743
0.639	3.0347497151276
0.64	3.03525556403089
0.641	3.03576153298271
0.642	3.03626762206855
0.643	3.03677383137405
0.644	3.0372801609849
0.645	3.03778661098693
0.646	3.03829318146605
0.647	3.03879987250828
0.648	3.03930668419976
0.649	3.03981361662669
0.65	3.04032066987541
0.651	3.04082784403236
0.652	3.04133513918406
0.653	3.04184255541715
0.654	3.04235009281837
0.655	3.04285775147457
0.656	3.04336553147269
0.657	3.04387343289979
0.658	3.04438145584302
0.659	3.04488960038965
0.66	3.04539786662703
0.661	3.04590625464264
0.662	3.04641476452406
0.663	3.04692339635895
0.664	3.04743215023511
0.665	3.04794102624043
0.666	3.0484500244629
0.667	3.04895914499063
0.668	3.04946838791181
0.669	3.04997775331477
0.67	3.05048724128792
0.671	3.05099685191979
0.672	3.05150658529901
0.673	3.05201644151432
0.674	3.05252642065458
0.675	3.05303652280872
0.676	3.05354674806581
0.677	3.05405709651502
0.678	3.05456756824563
0.679	3.05507816334702
0.68	3.05558888190869
0.681	3.05609972402022
0.682	3.05661068977134
0.683	3.05712177925185
0.684	3.05763299255169
0.685	3.05814432976089
0.686	3.05865579096959
0.687	3.05916737626805
0.688	3.05967908574663
0.689	3.0601909194958
0.69	3.06070287760615
0.691	3.06121496016836
0.692	3.06172716727325
0.693	3.06223949901173
0.694	3.06275195547481
0.695	3.06326453675364
0.696	3.06377724293946
0.697	3.06429007412363
0.698	3.06480303039762
0.699	3.065316111853
0.7	3.06582931858148
0.701	3.06634265067485
0.702	3.06685610822503
0.703	3.06736969132405
0.704	3.06788340006405
0.705	3.06839723453728
0.706	3.06891119483612
0.707	3.06942528105304
0.708	3.06993949328063
0.709	3.07045383161161
0.71	3.07096829613879
0.711	3.07148288695511
0.712	3.07199760415362
0.713	3.07251244782748
0.714	3.07302741806996
0.715	3.07354251497447
0.716	3.0740577386345
0.717	3.07457308914369
0.718	3.07508856659576
0.719	3.07560417108458
0.72	3.0761199027041
0.721	3.07663576154842
0.722	3.07715174771174
0.723	3.07766786128836
0.724	3.07818410237274
0.725	3.07870047105941
0.726	3.07921696744305
0.727	3.07973359161844
0.728	3.08025034368048
0.729	3.08076722372419
0.73	3.08128423184471
0.731	3.08180136813729
0.732	3.08231863269731
0.733	3.08283602562026
0.734	3.08335354700174
0.735	3.08387119693749
0.736	3.08438897552335
0.737	3.08490688285529
0.738	3.0854249190294
0.739	3.08594308414189
0.74	3.08646137828907
0.741	3.08697980156739
0.742	3.08749835407343
0.743	3.08801703590386
0.744	3.0885358471555
0.745	3.08905478792526
0.746	3.08957385831021
0.747	3.0900930584075
0.748	3.09061238831444
0.749	3.09113184812843
0.75	3.091651437947
0.751	3.09217115786783
0.752	3.09269100798868
0.753	3.09321098840746
0.754	3.09373109922219
0.755	3.09425134053102
0.756	3.09477171243222
0.757	3.09529221502419
0.758	3.09581284840544
0.759	3.09633361267462
0.76	3.09685450793049
0.761	3.09737553427194
0.762	3.09789669179798
0.763	3.09841798060777
0.764	3.09893940080055
0.765	3.09946095247572
0.766	3.09998263573279
0.767	3.10050445067141
0.768	3.10102639739134
0.769	3.10154847599247
0.77	3.10207068657482
0.771	3.10259302923854
0.772	3.1031155040839
0.773	3.10363811121129
0.774	3.10416085072125
0.775	3.10468372271442
0.776	3.10520672729159
0.777	3.10572986455366
0.778	3.10625313460168
0.779	3.1067765375368
0.78	3.10730007346032
0.781	3.10782374247367
0.782	3.10834754467839
0.783	3.10887148017616
0.784	3.1093955490688
0.785	3.10991975145824
0.786	3.11044408744655
0.787	3.11096855713594
0.788	3.11149316062873
0.789	3.11201789802739
0.79	3.1125427694345
0.791	3.11306777495278
0.792	3.1135929146851
0.793	3.11411818873444
0.794	3.1146435972039
0.795	3.11516914019676
0.796	3.11569481781637
0.797	3.11622063016627
0.798	3.11674657735008
0.799	3.11727265947161
0.8	3.11779887663475
0.801	3.11832522894355
0.802	3.11885171650219
0.803	3.11937833941499
0.804	3.1199050977864
0.805	3.12043199172099
0.806	3.12095902132349
0.807	3.12148618669874
0.808	3.12201348795173
0.809	3.12254092518759
0.81	3.12306849851157
0.811	3.12359620802907
0.812	3.12412405384561
0.813	3.12465203606687
0.814	3.12518015479864
0.815	3.12570841014687
0.816	3.12623680221763
0.817	3.12676533111714
0.818	3.12729399695174
0.819	3.12782279982793
0.82	3.12835173985234
0.821	3.12888081713173
0.822	3.129410031773
0.823	3.12993938388321
0.824	3.13046887356952
0.825	3.13099850093927
0.826	3.13152826609991
0.827	3.13205816915906
0.828	3.13258821022444
0.829	3.13311838940394
0.83	3.13364870680558
0.831	3.13417916253753
0.832	3.13470975670809
0.833	3.13524048942571
0.834	3.13577136079897
0.835	3.13630237093661
0.836	3.13683351994749
0.837	3.13736480794063
0.838	3.13789623502519
0.839	3.13842780131046
0.84	3.13895950690589
0.841	3.13949135192107
0.842	3.14002333646572
0.843	3.14055546064973
0.844	3.1410877245831
0.845	3.14162012837601
0.846	3.14215267213876
0.847	3.1426853559818
0.848	3.14321818001573
0.849	3.1437511443513
0.85	3.14428424909939
0.851	3.14481749437104
0.852	3.14535088027743
0.853	3.1458844069299
0.854	3.14641807443992
0.855	3.14695188291911
0.856	3.14748583247924
0.857	3.14801992323223
0.858	3.14855415529015
0.859	3.14908852876522
0.86	3.14962304376979
0.861	3.15015770041638
0.862	3.15069249881765
0.863	3.15122743908641
0.864	3.15176252133562
0.865	3.15229774567839
0.866	3.15283311222799
0.867	3.15336862109783
0.868	3.15390427240146
0.869	3.1544400662526
0.87	3.15497600276512
0.871	3.15551208205303
0.872	3.1560483042305
0.873	3.15658466941185
0.874	3.15712117771156
0.875	3.15765782924425
0.876	3.1581946241247
0.877	3.15873156246784
0.878	3.15926864438876
0.879	3.15980587000269
0.88	3.16034323942504
0.881	3.16088075277136
0.882	3.16141841015733
0.883	3.16195621169884
0.884	3.16249415751187
0.885	3.16303224771262
0.886	3.16357048241741
0.887	3.16410886174271
0.888	3.16464738580516
0.889	3.16518605472157
0.89	3.16572486860887
0.891	3.1662638275842
0.892	3.1668029317648
0.893	3.16734218126811
0.894	3.16788157621172
0.895	3.16842111671336
0.896	3.16896080289093
0.897	3.16950063486251
0.898	3.1700406127463
0.899	3.1705807366607
0.9	3.17112100672423
0.901	3.17166142305561
0.902	3.1722019857737
0.903	3.17274269499751
0.904	3.17328355084623
0.905	3.17382455343921
0.906	3.17436570289595
0.907	3.17490699933614
0.908	3.17544844287959
0.909	3.17599003364631
0.91	3.17653177175645
0.911	3.17707365733035
0.912	3.17761569048847
0.913	3.17815787135149
0.914	3.1787002000402
0.915	3.1792426766756
0.916	3.17978530137882
0.917	3.18032807427117
0.918	3.18087099547414
0.919	3.18141406510937
0.92	3.18195728329866
0.921	3.18250065016399
0.922	3.1830441658275
0.923	3.18358783041151
0.924	3.18413164403848
0.925	3.18467560683107
0.926	3.18521971891209
0.927	3.18576398040451
0.928	3.1863083914315
0.929	3.18685295211638
0.93	3.18739766258262
0.931	3.1879425229539
0.932	3.18848753335404
0.933	3.18903269390705
0.934	3.18957800473709
0.935	3.19012346596852
0.936	3.19066907772583
0.937	3.19121484013373
0.938	3.19176075331706
0.939	3.19230681740087
0.94	3.19285303251035
0.941	3.19339939877089
0.942	3.19394591630802
0.943	3.19449258524749
0.944	3.19503940571518
0.945	3.19558637783717
0.946	3.19613350173972
0.947	3.19668077754924
0.948	3.19722820539233
0.949	3.19777578539577
0.95	3.19832351768651
0.951	3.19887140239168
0.952	3.19941943963859
0.953	3.19996762955471
0.954	3.20051597226771
0.955	3.20106446790543
0.956	3.20161311659588
0.957	3.20216191846726
0.958	3.20271087364794
0.959	3.20325998226647
0.96	3.2038092444516
0.961	3.20435866033224
0.962	3.20490823003747
0.963	3.20545795369657
0.964	3.20600783143901
0.965	3.20655786339441
0.966	3.20710804969261
0.967	3.20765839046359
0.968	3.20820888583754
0.969	3.20875953594484
0.97	3.20931034091603
0.971	3.20986130088185
0.972	3.21041241597321
0.973	3.21096368632122
0.974	3.21151511205717
0.975	3.21206669331252
0.976	3.21261843021894
0.977	3.21317032290828
0.978	3.21372237151256
0.979	3.21427457616399
0.98	3.21482693699499
0.981	3.21537945413815
0.982	3.21593212772624
0.983	3.21648495789223
0.984	3.21703794476927
0.985	3.21759108849072
0.986	3.2181443891901
0.987	3.21869784700114
0.988	3.21925146205775
0.989	3.21980523449404
0.99	3.2203591644443
0.991	3.22091325204301
0.992	3.22146749742485
0.993	3.22202190072469
0.994	3.2225764620776
0.995	3.22313118161882
0.996	3.2236860594838
0.997	3.22424109580818
0.998	3.2247962907278
0.999	3.22535164437868
1	3.22590715689705
1.001	3.22646282841933
1.002	3.22701865908212
1.003	3.22757464902223
1.004	3.22813079837668
1.005	3.22868710728265
1.006	3.22924357587756
1.007	3.22980020429899
1.008	3.23035699268474
1.009	3.2309139411728
1.01	3.23147104990136
1.011	3.23202831900881
1.012	3.23258574863373
1.013	3.23314333891492
1.014	3.23370108999136
1.015	3.23425900200224
1.016	3.23481707508695
1.017	3.23537530938508
1.018	3.23593370503643
1.019	3.23649226218098
1.02	3.23705098095894
1.021	3.2376098615107
1.022	3.23816890397686
1.023	3.23872810849825
1.024	3.23928747521586
1.025	3.23984700427091
1.026	3.24040669580483
1.027	3.24096654995924
1.028	3.24152656687597
1.029	3.24208674669706
1.03	3.24264708956476
1.031	3.24320759562152
1.032	3.24376826501
1.033	3.24432909787306
1.034	3.24489009435379
1.035	3.24545125459547
1.036	3.2460125787416
1.037	3.24657406693587
1.038	3.2471357193222
1.039	3.24769753604472
1.04	3.24825951724777
1.041	3.24882166307589
1.042	3.24938397367383
1.043	3.24994644918658
1.044	3.25050908975931
1.045	3.25107189553743
1.046	3.25163486666654
1.047	3.25219800329247
1.048	3.25276130556125
1.049	3.25332477361915
1.05	3.25388840761263
1.051	3.25445220768837
1.052	3.25501617399329
1.053	3.25558030667449
1.054	3.25614460587931
1.055	3.25670907175531
1.056	3.25727370445026
1.057	3.25783850411214
1.058	3.25840347088916
1.059	3.25896860492976
1.06	3.25953390638258
1.061	3.26009937539649
1.062	3.26066501212057
1.063	3.26123081670415
1.064	3.26179678929674
1.065	3.2623629300481
1.066	3.26292923910821
1.067	3.26349571662727
1.068	3.26406236275571
1.069	3.26462917764416
1.07	3.2651961614435
1.071	3.26576331430483
1.072	3.26633063637946
1.073	3.26689812781896
1.074	3.26746578877508
1.075	3.26803361939983
1.076	3.26860161984545
1.077	3.26916979026438
1.078	3.26973813080931
1.079	3.27030664163315
1.08	3.27087532288905
1.081	3.27144417473037
1.082	3.27201319731072
1.083	3.27258239078393
1.084	3.27315175530407
1.085	3.27372129102543
1.086	3.27429099810253
1.087	3.27486087669014
1.088	3.27543092694326
1.089	3.2760011490171
1.09	3.27657154306713
1.091	3.27714210924905
1.092	3.27771284771877
1.093	3.27828375863248
1.094	3.27885484214658
1.095	3.27942609841769
1.096	3.27999752760271
1.097	3.28056912985873
1.098	3.28114090534312
1.099	3.28171285421346
1.1	3.28228497662758
1.101	3.28285727274354
1.102	3.28342974271967
1.103	3.28400238671451
1.104	3.28457520488684
1.105	3.28514819739571
1.106	3.28572136440038
1.107	3.28629470606038
1.108	3.28686822253545
1.109	3.28744191398562
1.11	3.28801578057111
1.111	3.28858982245244
1.112	3.28916403979032
1.113	3.28973843274576
1.114	3.29031300147998
1.115	3.29088774615445
1.116	3.29146266693091
1.117	3.29203776397132
1.118	3.2926130374379
1.119	3.29318848749313
1.12	3.29376411429972
1.121	3.29433991802064
1.122	3.29491589881911
1.123	3.29549205685862
1.124	3.29606839230286
1.125	3.29664490531583
1.126	3.29722159606175
1.127	3.2977984647051
1.128	3.29837551141061
1.129	3.29895273634328
1.13	3.29953013966835
1.131	3.30010772155131
1.132	3.30068548215794
1.133	3.30126342165422
1.134	3.30184154020645
1.135	3.30241983798114
1.136	3.30299831514508
1.137	3.30357697186531
1.138	3.30415580830914
1.139	3.30473482464414
1.14	3.30531402103811
1.141	3.30589339765917
1.142	3.30647295467564
1.143	3.30705269225613
1.144	3.30763261056953
1.145	3.30821270978497
1.146	3.30879299007184
1.147	3.30937345159981
1.148	3.30995409453881
1.149	3.31053491905904
1.15	3.31111592533095
1.151	3.31169711352527
1.152	3.31227848381301
1.153	3.31286003636541
1.154	3.31344177135403
1.155	3.31402368895065
1.156	3.31460578932734
1.157	3.31518807265646
1.158	3.31577053911061
1.159	3.31635318886267
1.16	3.31693602208581
1.161	3.31751903895346
1.162	3.3181022396393
1.163	3.31868562431733
1.164	3.31926919316179
1.165	3.31985294634722
1.166	3.3204368840484
1.167	3.32102100644043
1.168	3.32160531369865
1.169	3.3221898059987
1.17	3.3227744835165
1.171	3.32335934642823
1.172	3.32394439491036
1.173	3.32452962913964
1.174	3.32511504929312
1.175	3.32570065554808
1.176	3.32628644808214
1.177	3.32687242707317
1.178	3.32745859269933
1.179	3.32804494513906
1.18	3.32863148457109
1.181	3.32921821117444
1.182	3.32980512512841
1.183	3.33039222661258
1.184	3.33097951580682
1.185	3.33156699289131
1.186	3.33215465804648
1.187	3.33274251145307
1.188	3.33333055329212
1.189	3.33391878374494
1.19	3.33450720299314
1.191	3.33509581121862
1.192	3.33568460860358
1.193	3.3362735953305
1.194	3.33686277158217
1.195	3.33745213754165
1.196	3.33804169339231
1.197	3.33863143931783
1.198	3.33922137550216
1.199	3.33981150212955
1.2	3.34040181938458
1.201	3.34099232745208
1.202	3.34158302651721
1.203	3.34217391676542
1.204	3.34276499838248
1.205	3.34335627155442
1.206	3.34394773646761
1.207	3.3445393933087
1.208	3.34513124226465
1.209	3.34572328352274
1.21	3.34631551727052
1.211	3.34690794369587
1.212	3.34750056298697
1.213	3.34809337533231
1.214	3.34868638092069
1.215	3.34927957994119
1.216	3.34987297258324
1.217	3.35046655903655
1.218	3.35106033949115
1.219	3.35165431413739
1.22	3.3522484831659
1.221	3.35284284676767
1.222	3.35343740513396
1.223	3.35403215845636
1.224	3.35462710692678
1.225	3.35522225073744
1.226	3.35581759008088
1.227	3.35641312514994
1.228	3.3570088561378
1.229	3.35760478323793
1.23	3.35820090664416
1.231	3.3587972265506
1.232	3.3593937431517
1.233	3.35999045664222
1.234	3.36058736721726
1.235	3.36118447507221
1.236	3.36178178040283
1.237	3.36237928340516
1.238	3.36297698427558
1.239	3.36357488321081
1.24	3.36417298040787
1.241	3.36477127606413
1.242	3.36536977037727
1.243	3.36596846354532
1.244	3.36656735576661
1.245	3.36716644723982
1.246	3.36776573816397
1.247	3.36836522873837
1.248	3.36896491916272
1.249	3.369564809637
1.25	3.37016490036156
1.251	3.37076519153707
1.252	3.37136568336453
1.253	3.37196637604528
1.254	3.37256726978102
1.255	3.37316836477375
1.256	3.37376966122583
1.257	3.37437115933996
1.258	3.37497285931917
1.259	3.37557476136684
1.26	3.37617686568669
1.261	3.37677917248277
1.262	3.3773816819595
1.263	3.37798439432162
1.264	3.37858730977422
1.265	3.37919042852275
1.266	3.37979375077298
1.267	3.38039727673106
1.268	3.38100100660346
1.269	3.38160494059702
1.27	3.3822090789189
1.271	3.38281342177666
1.272	3.38341796937816
1.273	3.38402272193164
1.274	3.3846276796457
1.275	3.38523284272926
1.276	3.38583821139164
1.277	3.38644378584248
1.278	3.38704956629179
1.279	3.38765555294994
1.28	3.38826174602766
1.281	3.38886814573602
1.282	3.38947475228648
1.283	3.39008156589083
1.284	3.39068858676125
1.285	3.39129581511026
1.286	3.39190325115076
1.287	3.39251089509601
1.288	3.39311874715962
1.289	3.39372680755559
1.29	3.39433507649826
1.291	3.39494355420237
1.292	3.39555224088301
1.293	3.39616113675564
1.294	3.39677024203609
1.295	3.39737955694055
1.296	3.39798908168562
1.297	3.39859881648824
1.298	3.39920876156573
1.299	3.39981891713579
1.3	3.4004292834165
1.301	3.40103986062629
1.302	3.40165064898402
1.303	3.40226164870887
1.304	3.40287286002044
1.305	3.40348428313869
1.306	3.40409591828398
1.307	3.40470776567703
1.308	3.40531982553896
1.309	3.40593209809127
1.31	3.40654458355583
1.311	3.40715728215493
1.312	3.40777019411121
1.313	3.40838331964772
1.314	3.4089966589879
1.315	3.40961021235557
1.316	3.41022397997493
1.317	3.4108379620706
1.318	3.41145215886758
1.319	3.41206657059126
1.32	3.41268119746742
1.321	3.41329603972225
1.322	3.41391109758232
1.323	3.41452637127461
1.324	3.41514186102651
1.325	3.41575756706577
1.326	3.41637348962058
1.327	3.41698962891952
1.328	3.41760598519156
1.329	3.41822255866608
1.33	3.41883934957287
1.331	3.41945635814213
1.332	3.42007358460445
1.333	3.42069102919085
1.334	3.42130869213272
1.335	3.4219265736619
1.336	3.42254467401063
1.337	3.42316299341154
1.338	3.42378153209771
1.339	3.42440029030259
1.34	3.42501926826008
1.341	3.42563846620448
1.342	3.4262578843705
1.343	3.4268775229933
1.344	3.42749738230841
1.345	3.42811746255182
1.346	3.42873776395993
1.347	3.42935828676954
1.348	3.42997903121791
1.349	3.43059999754269
1.35	3.43122118598198
1.351	3.4318425967743
1.352	3.43246423015858
1.353	3.4330860863742
1.354	3.43370816566096
1.355	3.43433046825908
1.356	3.43495299440925
1.357	3.43557574435254
1.358	3.43619871833049
1.359	3.43682191658506
1.36	3.43744533935865
1.361	3.43806898689411
1.362	3.43869285943469
1.363	3.43931695722412
1.364	3.43994128050656
1.365	3.44056582952659
1.366	3.44119060452926
1.367	3.44181560576004
1.368	3.44244083346487
1.369	3.44306628789012
1.37	3.4436919692826
1.371	3.44431787788958
1.372	3.44494401395878
1.373	3.44557037773837
1.374	3.44619696947697
1.375	3.44682378942365
1.376	3.44745083782793
1.377	3.44807811493979
1.378	3.44870562100968
1.379	3.44933335628848
1.38	3.44996132102754
1.381	3.4505895154787
1.382	3.4512179398942
1.383	3.4518465945268
1.384	3.45247547962968
1.385	3.45310459545652
1.386	3.45373394226143
1.387	3.45436352029903
1.388	3.45499332982436
1.389	3.45562337109297
1.39	3.45625364436085
1.391	3.45688414988449
1.392	3.45751488792083
1.393	3.45814585872729
1.394	3.45877706256178
1.395	3.45940849968265
1.396	3.46004017034878
1.397	3.46067207481948
1.398	3.46130421335457
1.399	3.46193658621435
1.4	3.46256919365958
1.401	3.46320203595153
1.402	3.46383511335195
1.403	3.46446842612306
1.404	3.46510197452758
1.405	3.46573575882873
1.406	3.4663697792902
1.407	3.46700403617618
1.408	3.46763852975136
1.409	3.46827326028091
1.41	3.46890822803051
1.411	3.46954343326632
1.412	3.47017887625503
1.413	3.47081455726378
1.414	3.47145047656026
1.415	3.47208663441263
1.416	3.47272303108957
1.417	3.47335966686025
1.418	3.47399654199437
1.419	3.4746336567621
1.42	3.47527101143416
1.421	3.47590860628175
1.422	3.4765464415766
1.423	3.47718451759093
1.424	3.47782283459751
1.425	3.47846139286959
1.426	3.47910019268096
1.427	3.47973923430591
1.428	3.48037851801926
1.429	3.48101804409636
1.43	3.48165781281307
1.431	3.48229782444576
1.432	3.48293807927136
1.433	3.48357857756731
1.434	3.48421931961155
1.435	3.4848603056826
1.436	3.48550153605948
1.437	3.48614301102174
1.438	3.48678473084948
1.439	3.48742669582332
1.44	3.48806890622442
1.441	3.48871136233449
1.442	3.48935406443577
1.443	3.48999701281103
1.444	3.4906402077436
1.445	3.49128364951734
1.446	3.49192733841668
1.447	3.49257127472656
1.448	3.49321545873249
1.449	3.49385989072053
1.45	3.49450457097728
1.451	3.49514949978991
1.452	3.49579467744612
1.453	3.49644010423419
1.454	3.49708578044294
1.455	3.49773170636176
1.456	3.49837788228059
1.457	3.49902430848993
1.458	3.49967098528086
1.459	3.50031791294501
1.46	3.50096509177457
1.461	3.50161252206232
1.462	3.5022602041016
1.463	3.5029081381863
1.464	3.50355632461091
1.465	3.50420476367049
1.466	3.50485345566066
1.467	3.50550240087762
1.468	3.50615159961817
1.469	3.50680105217966
1.47	3.50745075886005
1.471	3.50810071995786
1.472	3.50875093577221
1.473	3.50940140660279
1.474	3.51005213274991
1.475	3.51070311451443
1.476	3.51135435219784
1.477	3.51200584610218
1.478	3.51265759653013
1.479	3.51330960378494
1.48	3.51396186817045
1.481	3.51461438999112
1.482	3.51526716955201
1.483	3.51592020715877
1.484	3.51657350311767
1.485	3.51722705773556
1.486	3.51788087131993
1.487	3.51853494417886
1.488	3.51918927662105
1.489	3.51984386895581
1.49	3.52049872149306
1.491	3.52115383454334
1.492	3.52180920841781
1.493	3.52246484342825
1.494	3.52312073988707
1.495	3.52377689810728
1.496	3.52443331840253
1.497	3.5250900010871
1.498	3.5257469464759
1.499	3.52640415488446
1.5	3.52706162662894
1.501	3.52771936202615
1.502	3.52837736139353
1.503	3.52903562504914
1.504	3.5296941533117
1.505	3.53035294650058
1.506	3.53101200493575
1.507	3.53167132893787
1.508	3.53233091882823
1.509	3.53299077492876
1.51	3.53365089756205
1.511	3.53431128705134
1.512	3.53497194372052
1.513	3.53563286789414
1.514	3.53629405989741
1.515	3.53695552005619
1.516	3.53761724869701
1.517	3.53827924614707
1.518	3.53894151273421
1.519	3.53960404878697
1.52	3.54026685463452
1.521	3.54092993060674
1.522	3.54159327703416
1.523	3.54225689424798
1.524	3.5429207825801
1.525	3.54358494236308
1.526	3.54424937393017
1.527	3.54491407761529
1.528	3.54557905375306
1.529	3.54624430267876
1.53	3.5469098247284
1.531	3.54757562023864
1.532	3.54824168954686
1.533	3.54890803299112
1.534	3.54957465091018
1.535	3.5502415436435
1.536	3.55090871153123
1.537	3.55157615491423
1.538	3.55224387413408
1.539	3.55291186953304
1.54	3.55358014145409
1.541	3.55424869024093
1.542	3.55491751623795
1.543	3.55558661979027
1.544	3.55625600124373
1.545	3.55692566094488
1.546	3.55759559924099
1.547	3.55826581648006
1.548	3.55893631301082
1.549	3.5596070891827
1.55	3.5602781453459
1.551	3.56094948185131
1.552	3.56162109905059
1.553	3.5622929972961
1.554	3.56296517694098
1.555	3.56363763833907
1.556	3.56431038184497
1.557	3.56498340781404
1.558	3.56565671660235
1.559	3.56633030856675
1.56	3.56700418406483
1.561	3.56767834345493
1.562	3.56835278709615
1.563	3.56902751534835
1.564	3.56970252857215
1.565	3.57037782712891
1.566	3.57105341138079
1.567	3.5717292816907
1.568	3.57240543842231
1.569	3.57308188194008
1.57	3.57375861260922
1.571	3.57443563079575
1.572	3.57511293686642
1.573	3.57579053118881
1.574	3.57646841413126
1.575	3.57714658606288
1.576	3.5778250473536
1.577	3.57850379837412
1.578	3.57918283949592
1.579	3.57986217109131
1.58	3.58054179353337
1.581	3.58122170719599
1.582	3.58190191245385
1.583	3.58258240968245
1.584	3.58326319925808
1.585	3.58394428155786
1.586	3.5846256569597
1.587	3.58530732584233
1.588	3.58598928858531
1.589	3.58667154556901
1.59	3.58735409717461
1.591	3.58803694378412
1.592	3.5887200857804
1.593	3.58940352354709
1.594	3.59008725746872
1.595	3.5907712879306
1.596	3.59145561531891
1.597	3.59214024002065
1.598	3.59282516242369
1.599	3.5935103829167
1.6	3.59419590188924
1.601	3.59488171973169
1.602	3.59556783683529
1.603	3.59625425359215
1.604	3.5969409703952
1.605	3.59762798763827
1.606	3.59831530571603
1.607	3.59900292502402
1.608	3.59969084595865
1.609	3.60037906891719
1.61	3.60106759429779
1.611	3.60175642249948
1.612	3.60244555392217
1.613	3.60313498896664
1.614	3.60382472803455
1.615	3.60451477152847
1.616	3.60520511985183
1.617	3.60589577340898
1.618	3.60658673260514
1.619	3.60727799784644
1.62	3.60796956953991
1.621	3.60866144809349
1.622	3.609353633916
1.623	3.6100461274172
1.624	3.61073892900774
1.625	3.6114320390992
1.626	3.61212545810406
1.627	3.61281918643573
1.628	3.61351322450854
1.629	3.61420757273776
1.63	3.61490223153957
1.631	3.61559720133108
1.632	3.61629248253035
1.633	3.61698807555636
1.634	3.61768398082906
1.635	3.61838019876931
1.636	3.61907672979893
1.637	3.6197735743407
1.638	3.62047073281832
1.639	3.62116820565649
1.64	3.62186599328084
1.641	3.62256409611795
1.642	3.6232625145954
1.643	3.62396124914171
1.644	3.62466030018639
1.645	3.6253596681599
1.646	3.62605935349369
1.647	3.6267593566202
1.648	3.62745967797282
1.649	3.62816031798598
1.65	3.62886127709504
1.651	3.6295625557364
1.652	3.63026415434742
1.653	3.63096607336648
1.654	3.63166831323295
1.655	3.63237087438722
1.656	3.63307375727068
1.657	3.63377696232573
1.658	3.63448048999577
1.659	3.63518434072526
1.66	3.63588851495963
1.661	3.63659301314538
1.662	3.63729783573001
1.663	3.63800298316205
1.664	3.63870845589109
1.665	3.63941425436773
1.666	3.64012037904362
1.667	3.64082683037147
1.668	3.64153360880502
1.669	3.64224071479907
1.67	3.64294814880947
1.671	3.64365591129312
1.672	3.644364002708
1.673	3.64507242351316
1.674	3.64578117416868
1.675	3.64649025513576
1.676	3.64719966687665
1.677	3.64790940985467
1.678	3.64861948453424
1.679	3.64932989138087
1.68	3.65004063086115
1.681	3.65075170344276
1.682	3.65146310959448
1.683	3.6521748497862
1.684	3.65288692448891
1.685	3.65359933417469
1.686	3.65431207931675
1.687	3.65502516038942
1.688	3.65573857786814
1.689	3.65645233222946
1.69	3.65716642395108
1.691	3.65788085351182
1.692	3.65859562139162
1.693	3.65931072807158
1.694	3.66002617403393
1.695	3.66074195976204
1.696	3.66145808574045
1.697	3.66217455245482
1.698	3.662891360392
1.699	3.66360851003997
1.7	3.66432600188791
1.701	3.66504383642612
1.702	3.66576201414612
1.703	3.66648053554058
1.704	3.66719940110336
1.705	3.66791861132949
1.706	3.66863816671519
1.707	3.6693580677579
1.708	3.67007831495623
1.709	3.67079890880998
1.71	3.67151984982018
1.711	3.67224113848906
1.712	3.67296277532005
1.713	3.67368476081781
1.714	3.67440709548821
1.715	3.67512977983836
1.716	3.67585281437658
1.717	3.67657619961244
1.718	3.67729993605672
1.719	3.67802402422148
1.72	3.67874846462
1.721	3.67947325776681
1.722	3.6801984041777
1.723	3.68092390436971
1.724	3.68164975886116
1.725	3.68237596817163
1.726	3.68310253282195
1.727	3.68382945333425
1.728	3.68455673023194
1.729	3.6852843640397
1.73	3.68601235528351
1.731	3.68674070449063
1.732	3.68746941218963
1.733	3.68819847891039
1.734	3.68892790518407
1.735	3.68965769154315
1.736	3.69038783852146
1.737	3.69111834665409
1.738	3.69184921647751
1.739	3.69258044852949
1.74	3.69331204334913
1.741	3.6940440014769
1.742	3.69477632345456
1.743	3.69550900982528
1.744	3.69624206113353
1.745	3.69697547792518
1.746	3.69770926074743
1.747	3.69844341014885
1.748	3.69917792667941
1.749	3.69991281089043
1.75	3.70064806333461
1.751	3.70138368456605
1.752	3.70211967514023
1.753	3.70285603561405
1.754	3.70359276654577
1.755	3.70432986849508
1.756	3.70506734202309
1.757	3.70580518769231
1.758	3.70654340606667
1.759	3.70728199771154
1.76	3.7080209631937
1.761	3.70876030308139
1.762	3.70950001794426
1.763	3.71024010835344
1.764	3.71098057488149
1.765	3.71172141810244
1.766	3.71246263859175
1.767	3.7132042369264
1.768	3.71394621368479
1.769	3.71468856944683
1.77	3.7154313047939
1.771	3.71617442030887
1.772	3.71691791657611
1.773	3.71766179418146
1.774	3.71840605371231
1.775	3.71915069575753
1.776	3.7198957209075
1.777	3.72064112975414
1.778	3.72138692289088
1.779	3.72213310091269
1.78	3.72287966441608
1.781	3.72362661399909
1.782	3.72437395026131
1.783	3.7251216738039
1.784	3.72586978522956
1.785	3.72661828514256
1.786	3.72736717414875
1.787	3.72811645285555
1.788	3.72886612187195
1.789	3.72961618180855
1.79	3.73036663327753
1.791	3.73111747689267
1.792	3.73186871326936
1.793	3.7326203430246
1.794	3.733372366777
1.795	3.7341247851468
1.796	3.73487759875588
1.797	3.73563080822773
1.798	3.7363844141875
1.799	3.73713841726198
1.8	3.73789281807961
1.801	3.7386476172705
1.802	3.73940281546642
1.803	3.7401584133008
1.804	3.74091441140878
1.805	3.74167081042714
1.806	3.74242761099438
1.807	3.7431848137507
1.808	3.74394241933797
1.809	3.74470042839982
1.81	3.74545884158154
1.811	3.74621765953019
1.812	3.74697688289453
1.813	3.74773651232506
1.814	3.74849654847403
1.815	3.74925699199543
1.816	3.750017843545
1.817	3.75077910378026
1.818	3.75154077336047
1.819	3.7523028529467
1.82	3.75306534320176
1.821	3.75382824479029
1.822	3.75459155837869
1.823	3.75535528463518
1.824	3.75611942422978
1.825	3.75688397783432
1.826	3.75764894612248
1.827	3.75841432976975
1.828	3.75918012945343
1.829	3.75994634585271
1.83	3.7607129796486
1.831	3.76148003152398
1.832	3.76224750216358
1.833	3.76301539225402
1.834	3.76378370248378
1.835	3.76455243354324
1.836	3.76532158612466
1.837	3.76609116092222
1.838	3.76686115863198
1.839	3.76763157995193
1.84	3.76840242558199
1.841	3.76917369622399
1.842	3.76994539258172
1.843	3.77071751536089
1.844	3.77149006526919
1.845	3.77226304301623
1.846	3.77303644931363
1.847	3.77381028487495
1.848	3.77458455041577
1.849	3.77535924665361
1.85	3.77613437430804
1.851	3.7769099341006
1.852	3.77768592675485
1.853	3.77846235299639
1.854	3.77923921355284
1.855	3.78001650915383
1.856	3.78079424053108
1.857	3.78157240841834
1.858	3.78235101355141
1.859	3.78313005666819
1.86	3.78390953850863
1.861	3.78468945981478
1.862	3.78546982133078
1.863	3.78625062380287
1.864	3.78703186797942
1.865	3.78781355461089
1.866	3.78859568444988
1.867	3.78937825825114
1.868	3.79016127677153
1.869	3.79094474077011
1.87	3.79172865100805
1.871	3.79251300824874
1.872	3.79329781325771
1.873	3.7940830668027
1.874	3.79486876965363
1.875	3.79565492258265
1.876	3.7964415263641
1.877	3.79722858177455
1.878	3.79801608959281
1.879	3.79880405059992
1.88	3.79959246557917
1.881	3.80038133531612
1.882	3.80117066059859
1.883	3.80196044221668
1.884	3.80275068096277
1.885	3.80354137763155
1.886	3.80433253302
1.887	3.80512414792742
1.888	3.80591622315544
1.889	3.80670875950802
1.89	3.80750175779145
1.891	3.8082952188144
1.892	3.80908914338787
1.893	3.80988353232526
1.894	3.81067838644233
1.895	3.81147370655725
1.896	3.81226949349057
1.897	3.81306574806528
1.898	3.81386247110675
1.899	3.81465966344282
1.9	3.81545732590376
1.901	3.81625545932228
1.902	3.81705406453355
1.903	3.81785314237523
1.904	3.81865269368744
1.905	3.81945271931282
1.906	3.82025322009648
1.907	3.82105419688606
1.908	3.82185565053173
1.909	3.82265758188617
1.91	3.82345999180463
1.911	3.8242628811449
1.912	3.82506625076733
1.913	3.82587010153488
1.914	3.82667443431305
1.915	3.82747924996997
1.916	3.82828454937637
1.917	3.8290903334056
1.918	3.82989660293364
1.919	3.83070335883911
1.92	3.8315106020033
1.921	3.83231833331013
1.922	3.83312655364623
1.923	3.83393526390091
1.924	3.83474446496616
1.925	3.83555415773669
1.926	3.83636434310995
1.927	3.8371750219861
1.928	3.83798619526805
1.929	3.83879786386148
1.93	3.83961002867481
1.931	3.84042269061927
1.932	3.84123585060887
1.933	3.84204950956042
1.934	3.84286366839356
1.935	3.84367832803073
1.936	3.84449348939725
1.937	3.84530915342127
1.938	3.8461253210338
1.939	3.84694199316873
1.94	3.84775917076286
1.941	3.84857685475587
1.942	3.84939504609037
1.943	3.85021374571188
1.944	3.85103295456888
1.945	3.85185267361279
1.946	3.85267290379801
1.947	3.85349364608191
1.948	3.85431490142484
1.949	3.85513667079018
1.95	3.85595895514432
1.951	3.85678175545667
1.952	3.8576050726997
1.953	3.85842890784893
1.954	3.85925326188296
1.955	3.86007813578347
1.956	3.86090353053523
1.957	3.86172944712615
1.958	3.86255588654723
1.959	3.86338284979265
1.96	3.86421033785972
1.961	3.86503835174892
1.962	3.86586689246392
1.963	3.86669596101158
1.964	3.86752555840198
1.965	3.86835568564841
1.966	3.86918634376743
1.967	3.87001753377882
1.968	3.87084925670565
1.969	3.87168151357427
1.97	3.87251430541433
1.971	3.87334763325878
1.972	3.87418149814392
1.973	3.87501590110937
1.974	3.87585084319814
1.975	3.87668632545658
1.976	3.87752234893445
1.977	3.87835891468491
1.978	3.87919602376453
1.979	3.88003367723334
1.98	3.8808718761548
1.981	3.88171062159583
1.982	3.88254991462686
1.983	3.8833897563218
1.984	3.88423014775808
1.985	3.88507109001666
1.986	3.88591258418204
1.987	3.8867546313423
1.988	3.88759723258909
1.989	3.88844038901765
1.99	3.88928410172685
1.991	3.89012837181917
1.992	3.89097320040075
1.993	3.8918185885814
1.994	3.89266453747458
1.995	3.89351104819748
1.996	3.89435812187098
1.997	3.89520575961972
1.998	3.89605396257207
1.999	3.89690273186017
2	3.89775206861994
2.001	3.89860197399112
2.002	3.89945244911724
2.003	3.9003034951457
2.004	3.90115511322774
2.005	3.90200730451848
2.006	3.90286007017692
2.007	3.90371341136599
2.008	3.90456732925253
2.009	3.90542182500735
2.01	3.90627689980521
2.011	3.90713255482487
2.012	3.90798879124906
2.013	3.90884561026459
2.014	3.90970301306227
2.015	3.91056100083698
2.016	3.91141957478769
2.017	3.91227873611747
2.018	3.91313848603352
2.019	3.91399882574714
2.02	3.91485975647385
2.021	3.9157212794333
2.022	3.91658339584938
2.023	3.91744610695017
2.024	3.91830941396801
2.025	3.91917331813949
2.026	3.92003782070549
2.027	3.9209029229112
2.028	3.92176862600613
2.029	3.92263493124412
2.03	3.92350183988339
2.031	3.92436935318656
2.032	3.92523747242064
2.033	3.92610619885707
2.034	3.92697553377176
2.035	3.92784547844508
2.036	3.92871603416191
2.037	3.92958720221164
2.038	3.93045898388819
2.039	3.93133138049006
2.04	3.93220439332033
2.041	3.9330780236867
2.042	3.93395227290149
2.043	3.93482714228166
2.044	3.93570263314888
2.045	3.9365787468295
2.046	3.9374554846546
2.047	3.93833284796001
2.048	3.93921083808632
2.049	3.94008945637894
2.05	3.94096870418807
2.051	3.94184858286878
2.052	3.94272909378099
2.053	3.94361023828952
2.054	3.94449201776411
2.055	3.94537443357944
2.056	3.94625748711516
2.057	3.9471411797559
2.058	3.94802551289134
2.059	3.94891048791616
2.06	3.94979610623013
2.061	3.95068236923813
2.062	3.95156927835014
2.063	3.95245683498128
2.064	3.95334504055188
2.065	3.95423389648743
2.066	3.95512340421867
2.067	3.95601356518158
2.068	3.95690438081744
2.069	3.9577958525728
2.07	3.9586879818996
2.071	3.95958077025509
2.072	3.96047421910195
2.073	3.96136832990824
2.074	3.96226310414751
2.075	3.96315854329876
2.076	3.96405464884649
2.077	3.96495142228073
2.078	3.9658488650971
2.079	3.96674697879677
2.08	3.96764576488657
2.081	3.96854522487894
2.082	3.96944536029203
2.083	3.97034617264968
2.084	3.97124766348147
2.085	3.97214983432277
2.086	3.97305268671471
2.087	3.97395622220429
2.088	3.97486044234435
2.089	3.97576534869363
2.09	3.97667094281678
2.091	3.97757722628442
2.092	3.97848420067315
2.093	3.9793918675656
2.094	3.98030022855043
2.095	3.9812092852224
2.096	3.98211903918239
2.097	3.9830294920374
2.098	3.98394064540066
2.099	3.98485250089157
2.1	3.98576506013581
2.101	3.98667832476533
2.102	3.98759229641838
2.103	3.98850697673961
2.104	3.98942236738
2.105	3.99033846999698
2.106	3.99125528625444
2.107	3.99217281782276
2.108	3.99309106637882
2.109	3.99401003360609
2.11	3.99492972119463
2.111	3.99585013084114
2.112	3.99677126424897
2.113	3.9976931231282
2.114	3.99861570919565
2.115	3.99953902417492
2.116	4.00046306979642
2.117	4.00138784779743
2.118	4.00231335992213
2.119	4.00323960792162
2.12	4.00416659355398
2.121	4.0050943185843
2.122	4.00602278478472
2.123	4.00695199393447
2.124	4.00788194781992
2.125	4.00881264823458
2.126	4.00974409697922
2.127	4.01067629586181
2.128	4.01160924669765
2.129	4.01254295130934
2.13	4.0134774115269
2.131	4.01441262918771
2.132	4.01534860613666
2.133	4.01628534422611
2.134	4.01722284531598
2.135	4.01816111127377
2.136	4.01910014397461
2.137	4.0200399453013
2.138	4.02098051714437
2.139	4.0219218614021
2.14	4.0228639799806
2.141	4.0238068747938
2.142	4.02475054776355
2.143	4.02569500081964
2.144	4.02664023589984
2.145	4.02758625494998
2.146	4.02853305992394
2.147	4.02948065278374
2.148	4.03042903549961
2.149	4.03137821004995
2.15	4.03232817842147
2.151	4.03327894260919
2.152	4.03423050461651
2.153	4.03518286645523
2.154	4.03613603014564
2.155	4.03708999771655
2.156	4.03804477120531
2.157	4.03900035265793
2.158	4.03995674412906
2.159	4.0409139476821
2.16	4.04187196538919
2.161	4.04283079933134
2.162	4.0437904515984
2.163	4.04475092428919
2.164	4.04571221951149
2.165	4.04667433938213
2.166	4.04763728602703
2.167	4.04860106158128
2.168	4.04956566818915
2.169	4.05053110800418
2.17	4.05149738318923
2.171	4.05246449591654
2.172	4.05343244836776
2.173	4.05440124273405
2.174	4.0553708812161
2.175	4.05634136602421
2.176	4.05731269937835
2.177	4.0582848835082
2.178	4.05925792065323
2.179	4.06023181306275
2.18	4.06120656299597
2.181	4.06218217272207
2.182	4.06315864452025
2.183	4.06413598067979
2.184	4.06511418350014
2.185	4.06609325529095
2.186	4.06707319837215
2.187	4.06805401507401
2.188	4.0690357077372
2.189	4.07001827871288
2.19	4.07100173036273
2.191	4.07198606505903
2.192	4.07297128518475
2.193	4.07395739313357
2.194	4.07494439130999
2.195	4.07593228212939
2.196	4.07692106801808
2.197	4.07791075141338
2.198	4.0789013347637
2.199	4.0798928205286
2.2	4.08088521117887
2.201	4.08187850919658
2.202	4.08287271707517
2.203	4.08386783731955
2.204	4.0848638724461
2.205	4.08586082498281
2.206	4.08685869746936
2.207	4.08785749245712
2.208	4.0888572125093
2.209	4.08985786020102
2.21	4.09085943811933
2.211	4.09186194886335
2.212	4.09286539504434
2.213	4.09386977928573
2.214	4.09487510422327
2.215	4.09588137250505
2.216	4.09688858679162
2.217	4.09789674975607
2.218	4.09890586408408
2.219	4.09991593247403
2.22	4.1009269576371
2.221	4.10193894229732
2.222	4.10295188919167
2.223	4.10396580107017
2.224	4.10498068069596
2.225	4.10599653084539
2.226	4.10701335430812
2.227	4.10803115388721
2.228	4.10904993239916
2.229	4.11006969267409
2.23	4.11109043755574
2.231	4.11211216990164
2.232	4.11313489258314
2.233	4.11415860848555
2.234	4.11518332050822
2.235	4.11620903156462
2.236	4.11723574458246
2.237	4.11826346250377
2.238	4.11929218828501
2.239	4.12032192489717
2.24	4.12135267532586
2.241	4.12238444257142
2.242	4.12341722964901
2.243	4.12445103958872
2.244	4.1254858754357
2.245	4.1265217402502
2.246	4.12755863710775
2.247	4.12859656909921
2.248	4.1296355393309
2.249	4.13067555092473
2.25	4.13171660701825
2.251	4.13275871076483
2.252	4.13380186533372
2.253	4.13484607391019
2.254	4.13589133969563
2.255	4.13693766590767
2.256	4.1379850557803
2.257	4.13903351256396
2.258	4.14008303952572
2.259	4.14113363994932
2.26	4.14218531713534
2.261	4.14323807440132
2.262	4.14429191508185
2.263	4.14534684252873
2.264	4.14640286011107
2.265	4.14745997121542
2.266	4.14851817924592
2.267	4.14957748762439
2.268	4.15063789979048
2.269	4.15169941920181
2.27	4.15276204933407
2.271	4.15382579368119
2.272	4.15489065575544
2.273	4.1559566390876
2.274	4.15702374722707
2.275	4.158091983742
2.276	4.15916135221947
2.277	4.16023185626559
2.278	4.16130349950566
2.279	4.16237628558433
2.28	4.16345021816569
2.281	4.16452530093348
2.282	4.16560153759119
2.283	4.16667893186225
2.284	4.16775748749014
2.285	4.16883720823855
2.286	4.16991809789158
2.287	4.17100016025382
2.288	4.17208339915056
2.289	4.17316781842793
2.29	4.17425342195307
2.291	4.17534021361426
2.292	4.17642819732113
2.293	4.17751737700478
2.294	4.17860775661797
2.295	4.17969934013529
2.296	4.1807921315533
2.297	4.18188613489074
2.298	4.18298135418868
2.299	4.18407779351069
2.3	4.18517545694303
2.301	4.18627434859482
2.302	4.18737447259823
2.303	4.18847583310863
2.304	4.18957843430481
2.305	4.19068228038916
2.306	4.19178737558783
2.307	4.19289372415094
2.308	4.19400133035277
2.309	4.19511019849195
2.31	4.19622033289165
2.311	4.19733173789978
2.312	4.1984444178892
2.313	4.19955837725789
2.314	4.20067362042919
2.315	4.20179015185198
2.316	4.2029079760009
2.317	4.20402709737655
2.318	4.20514752050571
2.319	4.20626924994153
2.32	4.20739229026379
2.321	4.20851664607909
2.322	4.20964232202105
2.323	4.21076932275059
2.324	4.21189765295609
2.325	4.21302731735366
2.326	4.21415832068738
2.327	4.21529066772948
2.328	4.21642436328063
2.329	4.21755941217013
2.33	4.21869581925619
2.331	4.21983358942615
2.332	4.22097272759675
2.333	4.22211323871433
2.334	4.22325512775514
2.335	4.22439839972553
2.336	4.22554305966226
2.337	4.22668911263275
2.338	4.2278365637353
2.339	4.22898541809941
2.34	4.23013568088601
2.341	4.23128735728774
2.342	4.23244045252923
2.343	4.23359497186739
2.344	4.23475092059164
2.345	4.23590830402425
2.346	4.23706712752059
2.347	4.23822739646943
2.348	4.23938911629323
2.349	4.24055229244846
2.35	4.24171693042584
2.351	4.24288303575072
2.352	4.2440506139833
2.353	4.24521967071903
2.354	4.24639021158885
2.355	4.24756224225953
2.356	4.24873576843402
2.357	4.24991079585173
2.358	4.25108733028887
2.359	4.25226537755879
2.36	4.25344494351233
2.361	4.25462603403812
2.362	4.25580865506294
2.363	4.25699281255209
2.364	4.25817851250971
2.365	4.25936576097914
2.366	4.26055456404331
2.367	4.26174492782506
2.368	4.26293685848752
2.369	4.26413036223452
2.37	4.2653254453109
2.371	4.26652211400296
2.372	4.2677203746388
2.373	4.26892023358872
2.374	4.27012169726562
2.375	4.27132477212542
2.376	4.2725294646674
2.377	4.27373578143471
2.378	4.27494372901468
2.379	4.2761533140393
2.38	4.27736454318566
2.381	4.27857742317632
2.382	4.27979196077979
2.383	4.28100816281095
2.384	4.28222603613153
2.385	4.28344558765051
2.386	4.2846668243246
2.387	4.28588975315874
2.388	4.28711438120651
2.389	4.28834071557063
2.39	4.28956876340345
2.391	4.29079853190742
2.392	4.2920300283356
2.393	4.29326325999213
2.394	4.29449823423278
2.395	4.29573495846542
2.396	4.29697344015055
2.397	4.29821368680186
2.398	4.2994557059867
2.399	4.30069950532666
2.4	4.3019450924981
2.401	4.30319247523274
2.402	4.30444166131815
2.403	4.30569265859837
2.404	4.30694547497449
2.405	4.30820011840519
2.406	4.30945659690735
2.407	4.31071491855667
2.408	4.31197509148824
2.409	4.31323712389719
2.41	4.31450102403926
2.411	4.31576680023149
2.412	4.31703446085281
2.413	4.31830401434473
2.414	4.31957546921195
2.415	4.32084883402306
2.416	4.3221241174112
2.417	4.32340132807475
2.418	4.324680474778
2.419	4.32596156635188
2.42	4.32724461169466
2.421	4.32852961977268
2.422	4.32981659962104
2.423	4.33110556034442
2.424	4.33239651111773
2.425	4.33368946118697
2.426	4.33498441986994
2.427	4.33628139655704
2.428	4.33758040071208
2.429	4.33888144187307
2.43	4.34018452965302
2.431	4.34148967374081
2.432	4.342796883902
2.433	4.3441061699797
2.434	4.3454175418954
2.435	4.34673100964991
2.436	4.34804658332419
2.437	4.34936427308028
2.438	4.35068408916221
2.439	4.35200604189693
2.44	4.35333014169526
2.441	4.35465639905284
2.442	4.35598482455108
2.443	4.3573154288582
2.444	4.35864822273017
2.445	4.35998321701175
2.446	4.36132042263754
2.447	4.36265985063298
2.448	4.36400151211544
2.449	4.3653454182953
2.45	4.36669158047703
2.451	4.3680400100603
2.452	4.36939071854112
2.453	4.37074371751295
2.454	4.37209901866791
2.455	4.37345663379793
2.456	4.37481657479593
2.457	4.37617885365707
2.458	4.37754348247997
2.459	4.37891047346796
2.46	4.38027983893036
2.461	4.38165159128376
2.462	4.38302574305337
2.463	4.38440230687429
2.464	4.38578129549293
2.465	4.38716272176836
2.466	4.38854659867369
2.467	4.38993293929753
2.468	4.39132175684541
2.469	4.39271306464124
2.47	4.39410687612884
2.471	4.3955032048734
2.472	4.39690206456307
2.473	4.3983034690105
2.474	4.39970743215443
2.475	4.40111396806133
2.476	4.40252309092702
2.477	4.40393481507833
2.478	4.40534915497486
2.479	4.40676612521064
2.48	4.40818574051591
2.481	4.40960801575893
2.482	4.41103296594777
2.483	4.41246060623217
2.484	4.41389095190539
2.485	4.41532401840619
2.486	4.4167598213207
2.487	4.41819837638442
2.488	4.41963969948428
2.489	4.42108380666059
2.49	4.42253071410924
2.491	4.42398043818372
2.492	4.42543299539733
2.493	4.42688840242535
2.494	4.42834667610731
2.495	4.42980783344919
2.496	4.43127189162582
2.497	4.43273886798319
2.498	4.43420878004085
2.499	4.43568164549434
2.5	4.43715748221772
