-2.5	0.5
-2.499	0.501136978521757
-2.498	0.502273091992367
-2.497	0.50340834238331
-2.496	0.504542731658587
-2.495	0.505676261774766
-2.494	0.506808934681012
-2.493	0.507940752319134
-2.492	0.509071716623621
-2.491	0.510201829521679
-2.49	0.511331092933271
-2.489	0.512459508771155
-2.488	0.513587078940922
-2.487	0.514713805341034
-2.486	0.515839689862858
-2.485	0.516964734390707
-2.484	0.518088940801875
-2.483	0.519212310966675
-2.482	0.520334846748472
-2.481	0.521456550003723
-2.48	0.522577422582009
-2.479	0.523697466326075
-2.478	0.524816683071862
-2.477	0.525935074648542
-2.476	0.527052642878555
-2.475	0.528169389577643
-2.474	0.529285316554881
-2.473	0.53040042561272
-2.472	0.531514718547009
-2.471	0.532628197147038
-2.47	0.533740863195568
-2.469	0.534852718468865
-2.468	0.535963764736732
-2.467	0.537074003762543
-2.466	0.538183437303276
-2.465	0.539292067109543
-2.464	0.540399894925625
-2.463	0.541506922489505
-2.462	0.542613151532893
-2.461	0.543718583781268
-2.46	0.544823220953899
-2.459	0.545927064763884
-2.458	0.547030116918177
-2.457	0.548132379117619
-2.456	0.549233853056971
-2.455	0.550334540424942
-2.454	0.55143444290422
-2.453	0.552533562171503
-2.452	0.553631899897524
-2.451	0.554729457747089
-2.45	0.555826237379101
-2.449	0.556922240446589
-2.448	0.558017468596737
-2.447	0.559111923470916
-2.446	0.560205606704712
-2.445	0.561298519927951
-2.444	0.56239066476473
-2.443	0.563482042833445
-2.442	0.564572655746819
-2.441	0.565662505111931
-2.44	0.566751592530239
-2.439	0.567839919597613
-2.438	0.568927487904358
-2.437	0.570014299035248
-2.436	0.571100354569542
-2.435	0.572185656081018
-2.434	0.573270205138003
-2.433	0.574354003303388
-2.432	0.575437052134667
-2.431	0.576519353183954
-2.43	0.577600907998012
-2.429	0.578681718118281
-2.428	0.579761785080899
-2.427	0.580841110416734
-2.426	0.5819196956514
-2.425	0.582997542305293
-2.424	0.584074651893606
-2.423	0.585151025926361
-2.422	0.586226665908431
-2.421	0.587301573339563
-2.42	0.588375749714406
-2.419	0.58944919652253
-2.418	0.590521915248459
-2.417	0.591593907371684
-2.416	0.592665174366695
-2.415	0.593735717703
-2.414	0.594805538845152
-2.413	0.595874639252769
-2.412	0.596943020380561
-2.411	0.598010683678349
-2.41	0.59907763059109
-2.409	0.600143862558903
-2.408	0.601209381017084
-2.407	0.602274187396136
-2.406	0.603338283121786
-2.405	0.604401669615013
-2.404	0.605464348292063
-2.403	0.606526320564479
-2.402	0.607587587839114
-2.401	0.608648151518161
-2.4	0.60970801299917
-2.399	0.61076717367507
-2.398	0.611825634934191
-2.397	0.612883398160287
-2.396	0.613940464732552
-2.395	0.614996836025647
-2.394	0.616052513409716
-2.393	0.617107498250411
-2.392	0.618161791908907
-2.391	0.61921539574193
-2.39	0.620268311101771
-2.389	0.621320539336309
-2.388	0.62237208178903
-2.387	0.623422939799047
-2.386	0.624473114701124
-2.385	0.625522607825689
-2.384	0.626571420498858
-2.383	0.627619554042452
-2.382	0.628667009774023
-2.381	0.629713789006863
-2.38	0.63075989305003
-2.379	0.631805323208366
-2.378	0.632850080782517
-2.377	0.633894167068948
-2.376	0.634937583359966
-2.375	0.635980330943735
-2.374	0.6370224111043
-2.373	0.638063825121597
-2.372	0.639104574271481
-2.371	0.640144659825736
-2.37	0.6411840830521
-2.369	0.642222845214275
-2.368	0.643260947571955
-2.367	0.644298391380834
-2.366	0.64533517789263
-2.365	0.6463713083551
-2.364	0.64740678401206
-2.363	0.6484416061034
-2.362	0.649475775865099
-2.361	0.650509294529251
-2.36	0.651542163324069
-2.359	0.652574383473917
-2.358	0.653605956199314
-2.357	0.654636882716958
-2.356	0.655667164239742
-2.355	0.656696801976766
-2.354	0.657725797133361
-2.353	0.6587541509111
-2.352	0.659781864507816
-2.351	0.660808939117617
-2.35	0.661835375930905
-2.349	0.66286117613439
-2.348	0.663886340911107
-2.347	0.664910871440429
-2.346	0.665934768898089
-2.345	0.66695803445619
-2.344	0.667980669283221
-2.343	0.669002674544078
-2.342	0.670024051400072
-2.341	0.67104480100895
-2.34	0.672064924524909
-2.339	0.673084423098608
-2.338	0.674103297877189
-2.337	0.675121550004286
-2.336	0.676139180620045
-2.335	0.677156190861136
-2.334	0.678172581860766
-2.333	0.679188354748701
-2.332	0.680203510651272
-2.331	0.681218050691394
-2.33	0.682231975988583
-2.329	0.683245287658962
-2.328	0.684257986815287
-2.327	0.685270074566949
-2.326	0.686281552019999
-2.325	0.687292420277154
-2.324	0.688302680437815
-2.323	0.68931233359808
-2.322	0.69032138085076
-2.321	0.691329823285389
-2.32	0.69233766198824
-2.319	0.693344898042337
-2.318	0.694351532527472
-2.317	0.695357566520217
-2.316	0.696363001093934
-2.315	0.697367837318792
-2.314	0.698372076261779
-2.313	0.699375718986718
-2.312	0.700378766554276
-2.311	0.701381220021978
-2.31	0.702383080444224
-2.309	0.703384348872293
-2.308	0.70438502635437
-2.307	0.705385113935542
-2.306	0.706384612657826
-2.305	0.707383523560169
-2.304	0.708381847678472
-2.303	0.709379586045594
-2.302	0.710376739691367
-2.301	0.71137330964261
-2.3	0.712369296923141
-2.299	0.713364702553786
-2.298	0.714359527552397
-2.297	0.715353772933858
-2.296	0.716347439710101
-2.295	0.717340528890117
-2.294	0.718333041479968
-2.293	0.719324978482798
-2.292	0.720316340898848
-2.291	0.72130712972546
-2.29	0.722297345957101
-2.289	0.723286990585363
-2.288	0.724276064598981
-2.287	0.725264568983842
-2.286	0.726252504722997
-2.285	0.727239872796675
-2.284	0.728226674182292
-2.283	0.729212909854457
-2.282	0.730198580784994
-2.281	0.731183687942947
-2.28	0.732168232294591
-2.279	0.733152214803444
-2.278	0.734135636430277
-2.277	0.735118498133126
-2.276	0.736100800867306
-2.275	0.737082545585415
-2.274	0.738063733237349
-2.273	0.739044364770311
-2.272	0.740024441128827
-2.271	0.741003963254748
-2.27	0.741982932087267
-2.269	0.742961348562927
-2.268	0.743939213615632
-2.267	0.744916528176657
-2.266	0.745893293174658
-2.265	0.746869509535684
-2.264	0.747845178183187
-2.263	0.748820300038029
-2.262	0.749794876018495
-2.261	0.750768907040306
-2.26	0.75174239401662
-2.259	0.752715337858052
-2.258	0.753687739472678
-2.257	0.754659599766046
-2.256	0.755630919641187
-2.255	0.756601699998624
-2.254	0.757571941736381
-2.253	0.758541645749995
-2.252	0.759510812932524
-2.251	0.760479444174554
-2.25	0.761447540364214
-2.249	0.762415102387182
-2.248	0.763382131126697
-2.247	0.764348627463564
-2.246	0.765314592276166
-2.245	0.766280026440475
-2.244	0.767244930830059
-2.243	0.768209306316092
-2.242	0.769173153767362
-2.241	0.770136474050282
-2.24	0.771099268028897
-2.239	0.772061536564898
-2.238	0.773023280517623
-2.237	0.773984500744071
-2.236	0.774945198098911
-2.235	0.77590537343449
-2.234	0.776865027600842
-2.233	0.777824161445695
-2.232	0.778782775814484
-2.231	0.779740871550354
-2.23	0.780698449494174
-2.229	0.781655510484542
-2.228	0.782612055357796
-2.227	0.783568084948018
-2.226	0.784523600087051
-2.225	0.785478601604499
-2.224	0.786433090327739
-2.223	0.78738706708193
-2.222	0.788340532690018
-2.221	0.78929348797275
-2.22	0.790245933748679
-2.219	0.791197870834167
-2.218	0.792149300043404
-2.217	0.793100222188406
-2.216	0.794050638079033
-2.215	0.795000548522985
-2.214	0.795949954325821
-2.213	0.796898856290961
-2.212	0.797847255219696
-2.211	0.798795151911194
-2.21	0.799742547162511
-2.209	0.800689441768596
-2.208	0.801635836522299
-2.207	0.802581732214381
-2.206	0.80352712963352
-2.205	0.804472029566318
-2.204	0.805416432797311
-2.203	0.806360340108974
-2.202	0.807303752281728
-2.201	0.808246670093954
-2.2	0.809189094321992
-2.199	0.810131025740153
-2.198	0.811072465120726
-2.197	0.812013413233985
-2.196	0.812953870848195
-2.195	0.813893838729623
-2.194	0.81483331764254
-2.193	0.815772308349234
-2.192	0.816710811610015
-2.191	0.817648828183218
-2.19	0.818586358825215
-2.189	0.819523404290424
-2.188	0.820459965331309
-2.187	0.821396042698394
-2.186	0.822331637140263
-2.185	0.823266749403574
-2.184	0.824201380233064
-2.183	0.825135530371554
-2.182	0.826069200559954
-2.181	0.827002391537275
-2.18	0.827935104040634
-2.179	0.82886733880526
-2.178	0.829799096564499
-2.177	0.830730378049824
-2.176	0.831661183990842
-2.175	0.832591515115297
-2.174	0.833521372149079
-2.173	0.834450755816231
-2.172	0.835379666838953
-2.171	0.836308105937616
-2.17	0.837236073830755
-2.169	0.83816357123509
-2.168	0.839090598865522
-2.167	0.840017157435146
-2.166	0.840943247655253
-2.165	0.841868870235339
-2.164	0.842794025883109
-2.163	0.843718715304488
-2.162	0.84464293920362
-2.161	0.845566698282881
-2.16	0.846489993242882
-2.159	0.847412824782476
-2.158	0.848335193598763
-2.157	0.849257100387097
-2.156	0.850178545841094
-2.155	0.851099530652635
-2.154	0.852020055511873
-2.153	0.852940121107238
-2.152	0.853859728125449
-2.151	0.854778877251511
-2.15	0.855697569168726
-2.149	0.8566158045587
-2.148	0.857533584101346
-2.147	0.858450908474891
-2.146	0.859367778355882
-2.145	0.860284194419191
-2.144	0.861200157338022
-2.143	0.862115667783917
-2.142	0.86303072642676
-2.141	0.863945333934784
-2.14	0.864859490974576
-2.139	0.865773198211084
-2.138	0.866686456307621
-2.137	0.867599265925871
-2.136	0.868511627725896
-2.135	0.869423542366138
-2.134	0.870335010503431
-2.133	0.871246032792999
-2.132	0.872156609888467
-2.131	0.873066742441864
-2.13	0.873976431103629
-2.129	0.874885676522615
-2.128	0.875794479346099
-2.127	0.876702840219781
-2.126	0.877610759787792
-2.125	0.878518238692705
-2.124	0.87942527757553
-2.123	0.880331877075726
-2.122	0.881238037831205
-2.121	0.882143760478335
-2.12	0.883049045651952
-2.119	0.883953893985355
-2.118	0.884858306110319
-2.117	0.885762282657097
-2.116	0.886665824254427
-2.115	0.887568931529534
-2.114	0.888471605108139
-2.113	0.88937384561446
-2.112	0.890275653671219
-2.111	0.89117702989965
-2.11	0.892077974919497
-2.109	0.892978489349026
-2.108	0.893878573805026
-2.107	0.894778228902815
-2.106	0.895677455256245
-2.105	0.896576253477705
-2.104	0.89747462417813
-2.103	0.898372567967002
-2.102	0.899270085452357
-2.101	0.900167177240788
-2.1	0.901063843937452
-2.099	0.901960086146072
-2.098	0.902855904468946
-2.097	0.903751299506945
-2.096	0.904646271859526
-2.095	0.90554082212473
-2.094	0.906434950899189
-2.093	0.907328658778131
-2.092	0.908221946355386
-2.091	0.909114814223387
-2.09	0.910007262973177
-2.089	0.910899293194414
-2.088	0.911790905475372
-2.087	0.912682100402952
-2.086	0.91357287856268
-2.085	0.914463240538715
-2.084	0.915353186913852
-2.083	0.916242718269528
-2.082	0.917131835185826
-2.081	0.918020538241477
-2.08	0.918908828013869
-2.079	0.919796705079044
-2.078	0.920684170011714
-2.077	0.921571223385253
-2.076	0.922457865771707
-2.075	0.9233440977418
-2.074	0.924229919864938
-2.073	0.925115332709206
-2.072	0.926000336841383
-2.071	0.926884932826939
-2.07	0.927769121230041
-2.069	0.928652902613558
-2.068	0.929536277539065
-2.067	0.930419246566845
-2.066	0.931301810255899
-2.065	0.932183969163941
-2.064	0.933065723847411
-2.063	0.933947074861473
-2.062	0.934828022760024
-2.061	0.935708568095692
-2.06	0.936588711419846
-2.059	0.937468453282598
-2.058	0.938347794232803
-2.057	0.939226734818071
-2.056	0.940105275584763
-2.055	0.940983417078001
-2.054	0.941861159841667
-2.053	0.942738504418412
-2.052	0.943615451349654
-2.051	0.944492001175589
-2.05	0.945368154435188
-2.049	0.946243911666205
-2.048	0.947119273405179
-2.047	0.947994240187441
-2.046	0.948868812547112
-2.045	0.949742991017113
-2.044	0.950616776129164
-2.043	0.95149016841379
-2.042	0.952363168400328
-2.041	0.953235776616923
-2.04	0.954107993590536
-2.039	0.95497981984695
-2.038	0.955851255910772
-2.037	0.956722302305433
-2.036	0.957592959553197
-2.035	0.958463228175162
-2.034	0.959333108691264
-2.033	0.96020260162028
-2.032	0.961071707479833
-2.031	0.961940426786395
-2.03	0.962808760055291
-2.029	0.9636767078007
-2.028	0.964544270535661
-2.027	0.96541144877208
-2.026	0.966278243020724
-2.025	0.967144653791233
-2.024	0.968010681592121
-2.023	0.968876326930778
-2.022	0.969741590313477
-2.021	0.97060647224537
-2.02	0.971470973230501
-2.019	0.972335093771805
-2.018	0.973198834371109
-2.017	0.974062195529138
-2.016	0.974925177745519
-2.015	0.975787781518783
-2.014	0.97665000734637
-2.013	0.977511855724631
-2.012	0.978373327148828
-2.011	0.979234422113146
-2.01	0.980095141110689
-2.009	0.980955484633484
-2.008	0.981815453172488
-2.007	0.982675047217588
-2.006	0.983534267257604
-2.005	0.984393113780298
-2.004	0.985251587272366
-2.003	0.986109688219454
-2.002	0.986967417106151
-2.001	0.987824774415999
-2	0.988681760631493
-1.999	0.989538376234083
-1.998	0.990394621704181
-1.997	0.991250497521162
-1.996	0.992106004163364
-1.995	0.992961142108098
-1.994	0.993815911831646
-1.993	0.994670313809264
-1.992	0.995524348515189
-1.991	0.996378016422639
-1.99	0.997231318003815
-1.989	0.998084253729907
-1.988	0.998936824071096
-1.987	0.999789029496555
-1.986	1.00064087047446
-1.985	1.00149234747197
-1.984	1.00234346095528
-1.983	1.00319421138954
-1.982	1.00404459923897
-1.981	1.00489462496674
-1.98	1.00574428903509
-1.979	1.00659359190523
-1.978	1.00744253403743
-1.977	1.00829111589096
-1.976	1.00913933792412
-1.975	1.00998720059424
-1.974	1.01083470435769
-1.973	1.01168184966986
-1.972	1.01252863698519
-1.971	1.01337506675716
-1.97	1.01422113943828
-1.969	1.01506685548012
-1.968	1.01591221533331
-1.967	1.0167572194475
-1.966	1.01760186827141
-1.965	1.01844616225284
-1.964	1.0192901018386
-1.963	1.02013368747462
-1.962	1.02097691960585
-1.961	1.02181979867634
-1.96	1.02266232512919
-1.959	1.02350449940658
-1.958	1.02434632194978
-1.957	1.02518779319911
-1.956	1.026028913594
-1.955	1.02686968357296
-1.954	1.02771010357357
-1.953	1.02855017403252
-1.952	1.02938989538558
-1.951	1.03022926806762
-1.95	1.0310682925126
-1.949	1.03190696915361
-1.948	1.0327452984228
-1.947	1.03358328075146
-1.946	1.03442091656997
-1.945	1.03525820630783
-1.944	1.03609515039364
-1.943	1.03693174925513
-1.942	1.03776800331915
-1.941	1.03860391301166
-1.94	1.03943947875775
-1.939	1.04027470098164
-1.938	1.04110958010666
-1.937	1.04194411655531
-1.936	1.04277831074917
-1.935	1.04361216310901
-1.934	1.04444567405469
-1.933	1.04527884400526
-1.932	1.04611167337887
-1.931	1.04694416259284
-1.93	1.04777631206363
-1.929	1.04860812220686
-1.928	1.04943959343729
-1.927	1.05027072616884
-1.926	1.05110152081461
-1.925	1.05193197778682
-1.924	1.05276209749688
-1.923	1.05359188035537
-1.922	1.05442132677201
-1.921	1.05525043715572
-1.92	1.05607921191458
-1.919	1.05690765145584
-1.918	1.05773575618593
-1.917	1.05856352651046
-1.916	1.05939096283423
-1.915	1.06021806556121
-1.914	1.06104483509456
-1.913	1.06187127183664
-1.912	1.06269737618898
-1.911	1.06352314855233
-1.91	1.06434858932661
-1.909	1.06517369891096
-1.908	1.06599847770369
-1.907	1.06682292610235
-1.906	1.06764704450366
-1.905	1.06847083330357
-1.904	1.06929429289723
-1.903	1.070117423679
-1.902	1.07094022604245
-1.901	1.07176270038038
-1.9	1.07258484708479
-1.899	1.07340666654691
-1.898	1.07422815915719
-1.897	1.07504932530531
-1.896	1.07587016538016
-1.895	1.07669067976988
-1.894	1.07751086886181
-1.893	1.07833073304257
-1.892	1.07915027269797
-1.891	1.07996948821307
-1.89	1.08078837997218
-1.889	1.08160694835885
-1.888	1.08242519375586
-1.887	1.08324311654524
-1.886	1.08406071710828
-1.885	1.0848779958255
-1.884	1.08569495307669
-1.883	1.08651158924088
-1.882	1.08732790469637
-1.881	1.0881438998207
-1.88	1.08895957499068
-1.879	1.08977493058238
-1.878	1.09058996697114
-1.877	1.09140468453156
-1.876	1.0922190836375
-1.875	1.0930331646621
-1.874	1.09384692797777
-1.873	1.0946603739562
-1.872	1.09547350296835
-1.871	1.09628631538445
-1.87	1.09709881157402
-1.869	1.09791099190586
-1.868	1.09872285674806
-1.867	1.09953440646797
-1.866	1.10034564143226
-1.865	1.10115656200688
-1.864	1.10196716855705
-1.863	1.10277746144731
-1.862	1.10358744104149
-1.861	1.10439710770271
-1.86	1.10520646179339
-1.859	1.10601550367525
-1.858	1.10682423370931
-1.857	1.10763265225592
-1.856	1.1084407596747
-1.855	1.1092485563246
-1.854	1.11005604256389
-1.853	1.11086321875011
-1.852	1.11167008524017
-1.851	1.11247664239025
-1.85	1.11328289055587
-1.849	1.11408883009187
-1.848	1.1148944613524
-1.847	1.11569978469094
-1.846	1.1165048004603
-1.845	1.11730950901261
-1.844	1.11811391069933
-1.843	1.11891800587126
-1.842	1.1197217948785
-1.841	1.12052527807053
-1.84	1.12132845579612
-1.839	1.12213132840342
-1.838	1.12293389623989
-1.837	1.12373615965234
-1.836	1.12453811898693
-1.835	1.12533977458915
-1.834	1.12614112680384
-1.833	1.12694217597521
-1.832	1.12774292244678
-1.831	1.12854336656145
-1.83	1.12934350866146
-1.829	1.13014334908843
-1.828	1.1309428881833
-1.827	1.13174212628639
-1.826	1.13254106373738
-1.825	1.1333397008753
-1.824	1.13413803803855
-1.823	1.1349360755649
-1.822	1.13573381379148
-1.821	1.13653125305479
-1.82	1.1373283936907
-1.819	1.13812523603445
-1.818	1.13892178042066
-1.817	1.13971802718331
-1.816	1.14051397665578
-1.815	1.1413096291708
-1.814	1.1421049850605
-1.813	1.14290004465638
-1.812	1.14369480828934
-1.811	1.14448927628965
-1.81	1.14528344898696
-1.809	1.14607732671032
-1.808	1.14687090978818
-1.807	1.14766419854835
-1.806	1.14845719331805
-1.805	1.14924989442391
-1.804	1.15004230219192
-1.803	1.15083441694751
-1.802	1.15162623901546
-1.801	1.15241776871999
-1.8	1.15320900638471
-1.799	1.15399995233263
-1.798	1.15479060688616
-1.797	1.15558097036713
-1.796	1.15637104309676
-1.795	1.15716082539571
-1.794	1.15795031758401
-1.793	1.15873951998114
-1.792	1.15952843290597
-1.791	1.16031705667679
-1.79	1.16110539161133
-1.789	1.1618934380267
-1.788	1.16268119623946
-1.787	1.16346866656558
-1.786	1.16425584932045
-1.785	1.16504274481889
-1.784	1.16582935337515
-1.783	1.1666156753029
-1.782	1.16740171091524
-1.781	1.16818746052471
-1.78	1.16897292444325
-1.779	1.16975810298229
-1.778	1.17054299645264
-1.777	1.17132760516457
-1.776	1.17211192942778
-1.775	1.17289596955144
-1.774	1.1736797258441
-1.773	1.17446319861381
-1.772	1.17524638816804
-1.771	1.17602929481369
-1.77	1.17681191885713
-1.769	1.17759426060417
-1.768	1.17837632036007
-1.767	1.17915809842952
-1.766	1.17993959511669
-1.765	1.1807208107252
-1.764	1.1815017455581
-1.763	1.18228239991793
-1.762	1.18306277410665
-1.761	1.18384286842571
-1.76	1.18462268317601
-1.759	1.1854022186579
-1.758	1.1861814751712
-1.757	1.1869604530152
-1.756	1.18773915248866
-1.755	1.18851757388978
-1.754	1.18929571751625
-1.753	1.19007358366523
-1.752	1.19085117263334
-1.751	1.19162848471668
-1.75	1.19240552021082
-1.749	1.1931822794108
-1.748	1.19395876261114
-1.747	1.19473497010585
-1.746	1.19551090218838
-1.745	1.19628655915171
-1.744	1.19706194128827
-1.743	1.19783704888997
-1.742	1.19861188224822
-1.741	1.19938644165391
-1.74	1.20016072739741
-1.739	1.20093473976857
-1.738	1.20170847905676
-1.737	1.2024819455508
-1.736	1.20325513953903
-1.735	1.20402806130928
-1.734	1.20480071114885
-1.733	1.20557308934457
-1.732	1.20634519618273
-1.731	1.20711703194914
-1.73	1.20788859692911
-1.729	1.20865989140745
-1.728	1.20943091566844
-1.727	1.21020166999591
-1.726	1.21097215467317
-1.725	1.21174236998302
-1.724	1.21251231620779
-1.723	1.21328199362931
-1.722	1.21405140252892
-1.721	1.21482054318745
-1.72	1.21558941588528
-1.719	1.21635802090227
-1.718	1.21712635851779
-1.717	1.21789442901076
-1.716	1.21866223265957
-1.715	1.21942976974217
-1.714	1.22019704053599
-1.713	1.220964045318
-1.712	1.22173078436469
-1.711	1.22249725795207
-1.71	1.22326346635566
-1.709	1.22402940985052
-1.708	1.22479508871123
-1.707	1.22556050321189
-1.706	1.22632565362614
-1.705	1.22709054022713
-1.704	1.22785516328756
-1.703	1.22861952307964
-1.702	1.22938361987512
-1.701	1.2301474539453
-1.7	1.23091102556098
-1.699	1.23167433499253
-1.698	1.23243738250983
-1.697	1.23320016838231
-1.696	1.23396269287893
-1.695	1.2347249562682
-1.694	1.23548695881816
-1.693	1.23624870079641
-1.692	1.23701018247006
-1.691	1.2377714041058
-1.69	1.23853236596985
-1.689	1.23929306832796
-1.688	1.24005351144545
-1.687	1.24081369558719
-1.686	1.24157362101757
-1.685	1.24233328800056
-1.684	1.24309269679968
-1.683	1.24385184767798
-1.682	1.24461074089808
-1.681	1.24536937672216
-1.68	1.24612775541194
-1.679	1.24688587722871
-1.678	1.24764374243331
-1.677	1.24840135128613
-1.676	1.24915870404715
-1.675	1.24991580097588
-1.674	1.25067264233141
-1.673	1.25142922837239
-1.672	1.25218555935701
-1.671	1.25294163554307
-1.67	1.25369745718791
-1.669	1.25445302454842
-1.668	1.2552083378811
-1.667	1.25596339744198
-1.666	1.25671820348668
-1.665	1.2574727562704
-1.664	1.25822705604788
-1.663	1.25898110307347
-1.662	1.25973489760108
-1.661	1.26048843988417
-1.66	1.26124173017582
-1.659	1.26199476872865
-1.658	1.26274755579489
-1.657	1.26350009162632
-1.656	1.26425237647432
-1.655	1.26500441058984
-1.654	1.26575619422342
-1.653	1.26650772762518
-1.652	1.26725901104482
-1.651	1.26801004473163
-1.65	1.26876082893449
-1.649	1.26951136390185
-1.648	1.27026164988176
-1.647	1.27101168712187
-1.646	1.2717614758694
-1.645	1.27251101637117
-1.644	1.27326030887358
-1.643	1.27400935362265
-1.642	1.27475815086397
-1.641	1.27550670084272
-1.64	1.27625500380371
-1.639	1.27700305999129
-1.638	1.27775086964947
-1.637	1.27849843302181
-1.636	1.2792457503515
-1.635	1.2799928218813
-1.634	1.28073964785361
-1.633	1.28148622851039
-1.632	1.28223256409324
-1.631	1.28297865484334
-1.63	1.28372450100147
-1.629	1.28447010280805
-1.628	1.28521546050307
-1.627	1.28596057432614
-1.626	1.28670544451648
-1.625	1.28745007131293
-1.624	1.28819445495391
-1.623	1.28893859567748
-1.622	1.2896824937213
-1.621	1.29042614932265
-1.62	1.2911695627184
-1.619	1.29191273414507
-1.618	1.29265566383877
-1.617	1.29339835203524
-1.616	1.29414079896982
-1.615	1.29488300487748
-1.614	1.29562496999282
-1.613	1.29636669455003
-1.612	1.29710817878295
-1.611	1.29784942292503
-1.61	1.29859042720933
-1.609	1.29933119186856
-1.608	1.30007171713503
-1.607	1.30081200324068
-1.606	1.30155205041709
-1.605	1.30229185889545
-1.604	1.30303142890658
-1.603	1.30377076068094
-1.602	1.3045098544486
-1.601	1.30524871043928
-1.6	1.30598732888231
-1.599	1.30672571000668
-1.598	1.30746385404097
-1.597	1.30820176121345
-1.596	1.30893943175196
-1.595	1.30967686588403
-1.594	1.3104140638368
-1.593	1.31115102583704
-1.592	1.31188775211117
-1.591	1.31262424288525
-1.59	1.31336049838497
-1.589	1.31409651883567
-1.588	1.31483230446231
-1.587	1.31556785548951
-1.586	1.31630317214154
-1.585	1.31703825464229
-1.584	1.3177731032153
-1.583	1.31850771808377
-1.582	1.31924209947052
-1.581	1.31997624759805
-1.58	1.32071016268847
-1.579	1.32144384496356
-1.578	1.32217729464474
-1.577	1.32291051195309
-1.576	1.32364349710933
-1.575	1.32437625033383
-1.574	1.32510877184662
-1.573	1.32584106186737
-1.572	1.32657312061542
-1.571	1.32730494830974
-1.57	1.32803654516898
-1.569	1.32876791141144
-1.568	1.32949904725505
-1.567	1.33022995291743
-1.566	1.33096062861585
-1.565	1.33169107456722
-1.564	1.33242129098814
-1.563	1.33315127809483
-1.562	1.33388103610321
-1.561	1.33461056522884
-1.56	1.33533986568695
-1.559	1.33606893769243
-1.558	1.33679778145982
-1.557	1.33752639720335
-1.556	1.3382547851369
-1.555	1.33898294547402
-1.554	1.33971087842792
-1.553	1.34043858421149
-1.552	1.34116606303728
-1.551	1.3418933151175
-1.55	1.34262034066405
-1.549	1.34334713988848
-1.548	1.34407371300202
-1.547	1.34480006021558
-1.546	1.34552618173973
-1.545	1.34625207778471
-1.544	1.34697774856045
-1.543	1.34770319427654
-1.542	1.34842841514225
-1.541	1.34915341136653
-1.54	1.349878183158
-1.539	1.35060273072497
-1.538	1.3513270542754
-1.537	1.35205115401695
-1.536	1.35277503015697
-1.535	1.35349868290247
-1.534	1.35422211246014
-1.533	1.35494531903636
-1.532	1.3556683028372
-1.531	1.3563910640684
-1.53	1.35711360293537
-1.529	1.35783591964325
-1.528	1.35855801439682
-1.527	1.35927988740055
-1.526	1.36000153885863
-1.525	1.3607229689749
-1.524	1.36144417795291
-1.523	1.36216516599589
-1.522	1.36288593330676
-1.521	1.36360648008812
-1.52	1.36432680654227
-1.519	1.36504691287121
-1.518	1.36576679927661
-1.517	1.36648646595986
-1.516	1.36720591312201
-1.515	1.36792514096382
-1.514	1.36864414968576
-1.513	1.36936293948797
-1.512	1.37008151057029
-1.511	1.37079986313227
-1.51	1.37151799737314
-1.509	1.37223591349185
-1.508	1.37295361168701
-1.507	1.37367109215696
-1.506	1.37438835509974
-1.505	1.37510540071307
-1.504	1.37582222919439
-1.503	1.37653884074083
-1.502	1.37725523554923
-1.501	1.37797141381611
-1.5	1.37868737573773
-1.499	1.37940312151003
-1.498	1.38011865132865
-1.497	1.38083396538895
-1.496	1.38154906388599
-1.495	1.38226394701454
-1.494	1.38297861496906
-1.493	1.38369306794373
-1.492	1.38440730613246
-1.491	1.38512132972882
-1.49	1.38583513892613
-1.489	1.38654873391741
-1.488	1.38726211489538
-1.487	1.38797528205248
-1.486	1.38868823558085
-1.485	1.38940097567237
-1.484	1.3901135025186
-1.483	1.39082581631084
-1.482	1.39153791724008
-1.481	1.39224980549705
-1.48	1.39296148127217
-1.479	1.39367294475561
-1.478	1.39438419613721
-1.477	1.39509523560657
-1.476	1.39580606335298
-1.475	1.39651667956547
-1.474	1.39722708443277
-1.473	1.39793727814334
-1.472	1.39864726088536
-1.471	1.39935703284672
-1.47	1.40006659421504
-1.469	1.40077594517766
-1.468	1.40148508592166
-1.467	1.4021940166338
-1.466	1.40290273750062
-1.465	1.40361124870832
-1.464	1.40431955044289
-1.463	1.40502764289
-1.462	1.40573552623505
-1.461	1.4064432006632
-1.46	1.40715066635929
-1.459	1.40785792350792
-1.458	1.40856497229342
-1.457	1.40927181289982
-1.456	1.4099784455109
-1.455	1.41068487031018
-1.454	1.41139108748088
-1.453	1.41209709720598
-1.452	1.41280289966817
-1.451	1.41350849504988
-1.45	1.41421388353328
-1.449	1.41491906530027
-1.448	1.41562404053248
-1.447	1.41632880941126
-1.446	1.41703337211772
-1.445	1.4177377288327
-1.444	1.41844187973676
-1.443	1.41914582501021
-1.442	1.4198495648331
-1.441	1.4205530993852
-1.44	1.42125642884603
-1.439	1.42195955339486
-1.438	1.42266247321067
-1.437	1.42336518847221
-1.436	1.42406769935794
-1.435	1.4247700060461
-1.434	1.42547210871462
-1.433	1.42617400754123
-1.432	1.42687570270334
-1.431	1.42757719437816
-1.43	1.4282784827426
-1.429	1.42897956797334
-1.428	1.4296804502468
-1.427	1.43038112973913
-1.426	1.43108160662624
-1.425	1.43178188108378
-1.424	1.43248195328716
-1.423	1.4331818234115
-1.422	1.43388149163172
-1.421	1.43458095812244
-1.42	1.43528022305806
-1.419	1.43597928661271
-1.418	1.43667814896027
-1.417	1.4373768102744
-1.416	1.43807527072847
-1.415	1.43877353049561
-1.414	1.43947158974873
-1.413	1.44016944866046
-1.412	1.44086710740319
-1.411	1.44156456614907
-1.41	1.44226182507001
-1.409	1.44295888433765
-1.408	1.4436557441234
-1.407	1.44435240459843
-1.406	1.44504886593365
-1.405	1.44574512829975
-1.404	1.44644119186714
-1.403	1.44713705680602
-1.402	1.44783272328633
-1.401	1.44852819147777
-1.4	1.44922346154981
-1.399	1.44991853367166
-1.398	1.45061340801231
-1.397	1.45130808474049
-1.396	1.4520025640247
-1.395	1.4526968460332
-1.394	1.45339093093401
-1.393	1.45408481889491
-1.392	1.45477851008345
-1.391	1.45547200466693
-1.39	1.45616530281243
-1.389	1.45685840468678
-1.388	1.45755131045657
-1.387	1.45824402028817
-1.386	1.4589365343477
-1.385	1.45962885280106
-1.384	1.4603209758139
-1.383	1.46101290355166
-1.382	1.46170463617951
-1.381	1.46239617386242
-1.38	1.46308751676511
-1.379	1.46377866505208
-1.378	1.46446961888759
-1.377	1.46516037843567
-1.376	1.46585094386013
-1.375	1.46654131532454
-1.374	1.46723149299223
-1.373	1.46792147702632
-1.372	1.46861126758969
-1.371	1.469300864845
-1.37	1.46999026895468
-1.369	1.47067948008093
-1.368	1.47136849838572
-1.367	1.4720573240308
-1.366	1.47274595717769
-1.365	1.47343439798768
-1.364	1.47412264662185
-1.363	1.47481070324104
-1.362	1.47549856800587
-1.361	1.47618624107675
-1.36	1.47687372261384
-1.359	1.4775610127771
-1.358	1.47824811172625
-1.357	1.47893501962081
-1.356	1.47962173662005
-1.355	1.48030826288305
-1.354	1.48099459856864
-1.353	1.48168074383544
-1.352	1.48236669884187
-1.351	1.48305246374611
-1.35	1.48373803870611
-1.349	1.48442342387963
-1.348	1.48510861942419
-1.347	1.48579362549711
-1.346	1.48647844225546
-1.345	1.48716306985614
-1.344	1.4878475084558
-1.343	1.48853175821087
-1.342	1.4892158192776
-1.341	1.48989969181198
-1.34	1.49058337596983
-1.339	1.49126687190671
-1.338	1.491950179778
-1.337	1.49263329973885
-1.336	1.49331623194421
-1.335	1.4939989765488
-1.334	1.49468153370714
-1.333	1.49536390357354
-1.332	1.49604608630208
-1.331	1.49672808204664
-1.33	1.49740989096091
-1.329	1.49809151319834
-1.328	1.49877294891217
-1.327	1.49945419825546
-1.326	1.50013526138103
-1.325	1.5008161384415
-1.324	1.50149682958929
-1.323	1.50217733497661
-1.322	1.50285765475545
-1.321	1.50353778907762
-1.32	1.50421773809468
-1.319	1.50489750195802
-1.318	1.50557708081882
-1.317	1.50625647482804
-1.316	1.50693568413644
-1.315	1.50761470889458
-1.314	1.50829354925282
-1.313	1.50897220536129
-1.312	1.50965067736995
-1.311	1.51032896542854
-1.31	1.51100706968659
-1.309	1.51168499029345
-1.308	1.51236272739824
-1.307	1.5130402811499
-1.306	1.51371765169716
-1.305	1.51439483918856
-1.304	1.51507184377241
-1.303	1.51574866559685
-1.302	1.51642530480981
-1.301	1.51710176155902
-1.3	1.517778035992
-1.299	1.5184541282561
-1.298	1.51913003849845
-1.297	1.51980576686598
-1.296	1.52048131350542
-1.295	1.52115667856333
-1.294	1.52183186218605
-1.293	1.52250686451971
-1.292	1.52318168571029
-1.291	1.52385632590352
-1.29	1.52453078524498
-1.289	1.52520506388002
-1.288	1.52587916195383
-1.287	1.52655307961136
-1.286	1.52722681699742
-1.285	1.52790037425658
-1.284	1.52857375153325
-1.283	1.52924694897162
-1.282	1.52991996671572
-1.281	1.53059280490935
-1.28	1.53126546369614
-1.279	1.53193794321953
-1.278	1.53261024362277
-1.277	1.5332823650489
-1.276	1.5339543076408
-1.275	1.53462607154113
-1.274	1.53529765689238
-1.273	1.53596906383684
-1.272	1.53664029251662
-1.271	1.53731134307365
-1.27	1.53798221564963
-1.269	1.53865291038613
-1.268	1.53932342742449
-1.267	1.53999376690587
-1.266	1.54066392897126
-1.265	1.54133391376146
-1.264	1.54200372141706
-1.263	1.54267335207849
-1.262	1.54334280588599
-1.261	1.54401208297961
-1.26	1.54468118349921
-1.259	1.54535010758447
-1.258	1.5460188553749
-1.257	1.5466874270098
-1.256	1.54735582262831
-1.255	1.54802404236938
-1.254	1.54869208637176
-1.253	1.54935995477405
-1.252	1.55002764771464
-1.251	1.55069516533175
-1.25	1.55136250776343
-1.249	1.55202967514751
-1.248	1.55269666762169
-1.247	1.55336348532345
-1.246	1.55403012839011
-1.245	1.55469659695881
-1.244	1.55536289116651
-1.243	1.55602901114997
-1.242	1.5566949570458
-1.241	1.55736072899042
-1.24	1.55802632712007
-1.239	1.55869175157081
-1.238	1.55935700247853
-1.237	1.56002207997894
-1.236	1.56068698420758
-1.235	1.56135171529979
-1.234	1.56201627339076
-1.233	1.5626806586155
-1.232	1.56334487110883
-1.231	1.5640089110054
-1.23	1.5646727784397
-1.229	1.56533647354603
-1.228	1.56599999645852
-1.227	1.56666334731112
-1.226	1.56732652623762
-1.225	1.56798953337163
-1.224	1.56865236884658
-1.223	1.56931503279574
-1.222	1.56997752535219
-1.221	1.57063984664887
-1.22	1.5713019968185
-1.219	1.57196397599368
-1.218	1.57262578430681
-1.217	1.57328742189011
-1.216	1.57394888887566
-1.215	1.57461018539535
-1.214	1.5752713115809
-1.213	1.57593226756387
-1.212	1.57659305347564
-1.211	1.57725366944742
-1.21	1.57791411561027
-1.209	1.57857439209506
-1.208	1.57923449903251
-1.207	1.57989443655315
-1.206	1.58055420478737
-1.205	1.58121380386537
-1.204	1.58187323391719
-1.203	1.58253249507271
-1.202	1.58319158746164
-1.201	1.58385051121353
-1.2	1.58450926645774
-1.199	1.58516785332349
-1.198	1.58582627193983
-1.197	1.58648452243564
-1.196	1.58714260493964
-1.195	1.58780051958039
-1.194	1.58845826648626
-1.193	1.58911584578549
-1.192	1.58977325760615
-1.191	1.59043050207612
-1.19	1.59108757932316
-1.189	1.59174448947483
-1.188	1.59240123265854
-1.187	1.59305780900155
-1.186	1.59371421863095
-1.185	1.59437046167366
-1.184	1.59502653825646
-1.183	1.59568244850594
-1.182	1.59633819254855
-1.181	1.59699377051059
-1.18	1.59764918251817
-1.179	1.59830442869727
-1.178	1.59895950917368
-1.177	1.59961442407306
-1.176	1.6002691735209
-1.175	1.60092375764253
-1.174	1.60157817656312
-1.173	1.60223243040768
-1.172	1.60288651930108
-1.171	1.60354044336801
-1.17	1.60419420273302
-1.169	1.60484779752049
-1.168	1.60550122785466
-1.167	1.60615449385959
-1.166	1.6068075956592
-1.165	1.60746053337726
-1.164	1.60811330713738
-1.163	1.608765917063
-1.162	1.60941836327742
-1.161	1.61007064590378
-1.16	1.61072276506507
-1.159	1.61137472088413
-1.158	1.61202651348364
-1.157	1.61267814298611
-1.156	1.61332960951393
-1.155	1.61398091318931
-1.154	1.61463205413433
-1.153	1.61528303247089
-1.152	1.61593384832077
-1.151	1.61658450180556
-1.15	1.61723499304674
-1.149	1.61788532216561
-1.148	1.61853548928333
-1.147	1.61918549452089
-1.146	1.61983533799917
-1.145	1.62048501983886
-1.144	1.62113454016052
-1.143	1.62178389908456
-1.142	1.62243309673123
-1.141	1.62308213322063
-1.14	1.62373100867274
-1.139	1.62437972320734
-1.138	1.62502827694412
-1.137	1.62567667000257
-1.136	1.62632490250206
-1.135	1.62697297456181
-1.134	1.62762088630089
-1.133	1.62826863783822
-1.132	1.62891622929258
-1.131	1.62956366078259
-1.13	1.63021093242674
-1.129	1.63085804434335
-1.128	1.63150499665063
-1.127	1.63215178946661
-1.126	1.6327984229092
-1.125	1.63344489709614
-1.124	1.63409121214505
-1.123	1.63473736817339
-1.122	1.63538336529848
-1.121	1.6360292036375
-1.12	1.63667488330747
-1.119	1.63732040442528
-1.118	1.63796576710768
-1.117	1.63861097147127
-1.116	1.6392560176325
-1.115	1.6399009057077
-1.114	1.64054563581303
-1.113	1.64119020806453
-1.112	1.64183462257808
-1.111	1.64247887946943
-1.11	1.64312297885419
-1.109	1.64376692084782
-1.108	1.64441070556564
-1.107	1.64505433312284
-1.106	1.64569780363446
-1.105	1.6463411172154
-1.104	1.64698427398042
-1.103	1.64762727404414
-1.102	1.64827011752104
-1.101	1.64891280452548
-1.1	1.64955533517165
-1.099	1.65019770957361
-1.098	1.6508399278453
-1.097	1.6514819901005
-1.096	1.65212389645286
-1.095	1.65276564701589
-1.094	1.65340724190297
-1.093	1.65404868122734
-1.092	1.65468996510209
-1.091	1.65533109364018
-1.09	1.65597206695445
-1.089	1.65661288515757
-1.088	1.65725354836212
-1.087	1.65789405668049
-1.086	1.65853441022497
-1.085	1.65917460910772
-1.084	1.65981465344073
-1.083	1.66045454333588
-1.082	1.66109427890492
-1.081	1.66173386025944
-1.08	1.66237328751093
-1.079	1.66301256077071
-1.078	1.66365168014999
-1.077	1.66429064575984
-1.076	1.66492945771119
-1.075	1.66556811611485
-1.074	1.66620662108149
-1.073	1.66684497272163
-1.072	1.66748317114569
-1.071	1.66812121646394
-1.07	1.66875910878651
-1.069	1.66939684822341
-1.068	1.67003443488451
-1.067	1.67067186887957
-1.066	1.67130915031819
-1.065	1.67194627930985
-1.064	1.67258325596391
-1.063	1.67322008038958
-1.062	1.67385675269595
-1.061	1.67449327299198
-1.06	1.67512964138651
-1.059	1.67576585798822
-1.058	1.67640192290569
-1.057	1.67703783624736
-1.056	1.67767359812154
-1.055	1.67830920863641
-1.054	1.67894466790003
-1.053	1.67957997602032
-1.052	1.68021513310507
-1.051	1.68085013926197
-1.05	1.68148499459853
-1.049	1.68211969922219
-1.048	1.68275425324022
-1.047	1.68338865675978
-1.046	1.68402290988791
-1.045	1.6846570127315
-1.044	1.68529096539734
-1.043	1.68592476799208
-1.042	1.68655842062225
-1.041	1.68719192339423
-1.04	1.68782527641432
-1.039	1.68845847978865
-1.038	1.68909153362324
-1.037	1.689724438024
-1.036	1.6903571930967
-1.035	1.69098979894698
-1.034	1.69162225568038
-1.033	1.69225456340228
-1.032	1.69288672221796
-1.031	1.69351873223258
-1.03	1.69415059355116
-1.029	1.69478230627861
-1.028	1.6954138705197
-1.027	1.6960452863791
-1.026	1.69667655396133
-1.025	1.69730767337082
-1.024	1.69793864471185
-1.023	1.69856946808858
-1.022	1.69920014360507
-1.021	1.69983067136523
-1.02	1.70046105147287
-1.019	1.70109128403167
-1.018	1.70172136914518
-1.017	1.70235130691685
-1.016	1.70298109744998
-1.015	1.70361074084779
-1.014	1.70424023721334
-1.013	1.70486958664958
-1.012	1.70549878925936
-1.011	1.70612784514539
-1.01	1.70675675441026
-1.009	1.70738551715646
-1.008	1.70801413348633
-1.007	1.70864260350212
-1.006	1.70927092730594
-1.005	1.70989910499979
-1.004	1.71052713668556
-1.003	1.71115502246501
-1.002	1.71178276243979
-1.001	1.71241035671141
-1	1.7130378053813
-0.999	1.71366510855073
-0.998	1.7142922663209
-0.997	1.71491927879284
-0.996	1.71554614606751
-0.995	1.71617286824573
-0.994	1.7167994454282
-0.993	1.71742587771552
-0.992	1.71805216520815
-0.991	1.71867830800646
-0.99	1.71930430621069
-0.989	1.71993015992096
-0.988	1.72055586923728
-0.987	1.72118143425956
-0.986	1.72180685508757
-0.985	1.72243213182097
-0.984	1.72305726455932
-0.983	1.72368225340206
-0.982	1.72430709844849
-0.981	1.72493179979785
-0.98	1.7255563575492
-0.979	1.72618077180155
-0.978	1.72680504265374
-0.977	1.72742917020454
-0.976	1.72805315455258
-0.975	1.72867699579639
-0.974	1.72930069403439
-0.973	1.72992424936486
-0.972	1.73054766188601
-0.971	1.73117093169591
-0.97	1.73179405889251
-0.969	1.73241704357368
-0.968	1.73303988583714
-0.967	1.73366258578054
-0.966	1.73428514350138
-0.965	1.73490755909707
-0.964	1.7355298326649
-0.963	1.73615196430206
-0.962	1.73677395410561
-0.961	1.73739580217253
-0.96	1.73801750859966
-0.959	1.73863907348374
-0.958	1.7392604969214
-0.957	1.73988177900916
-0.956	1.74050291984344
-0.955	1.74112391952054
-0.954	1.74174477813664
-0.953	1.74236549578783
-0.952	1.74298607257009
-0.951	1.74360650857928
-0.95	1.74422680391116
-0.949	1.74484695866137
-0.948	1.74546697292545
-0.947	1.74608684679884
-0.946	1.74670658037686
-0.945	1.74732617375472
-0.944	1.74794562702754
-0.943	1.74856494029031
-0.942	1.74918411363792
-0.941	1.74980314716517
-0.94	1.75042204096673
-0.939	1.75104079513717
-0.938	1.75165940977096
-0.937	1.75227788496246
-0.936	1.75289622080592
-0.935	1.75351441739548
-0.934	1.7541324748252
-0.933	1.754750393189
-0.932	1.75536817258071
-0.931	1.75598581309405
-0.93	1.75660331482265
-0.929	1.75722067786002
-0.928	1.75783790229957
-0.927	1.7584549882346
-0.926	1.7590719357583
-0.925	1.75968874496378
-0.924	1.76030541594402
-0.923	1.76092194879192
-0.922	1.76153834360024
-0.921	1.76215460046168
-0.92	1.7627707194688
-0.919	1.76338670071408
-0.918	1.76400254428988
-0.917	1.76461825028847
-0.916	1.765233818802
-0.915	1.76584924992255
-0.914	1.76646454374206
-0.913	1.76707970035239
-0.912	1.76769471984529
-0.911	1.76830960231241
-0.91	1.76892434784529
-0.909	1.76953895653538
-0.908	1.77015342847403
-0.907	1.77076776375247
-0.906	1.77138196246185
-0.905	1.7719960246932
-0.904	1.77260995053746
-0.903	1.77322374008547
-0.902	1.77383739342797
-0.901	1.77445091065558
-0.9	1.77506429185885
-0.899	1.77567753712822
-0.898	1.77629064655401
-0.897	1.77690362022645
-0.896	1.7775164582357
-0.895	1.77812916067177
-0.894	1.7787417276246
-0.893	1.77935415918404
-0.892	1.77996645543981
-0.891	1.78057861648156
-0.89	1.78119064239883
-0.889	1.78180253328105
-0.888	1.78241428921756
-0.887	1.78302591029761
-0.886	1.78363739661035
-0.885	1.78424874824482
-0.884	1.78485996528996
-0.883	1.78547104783463
-0.882	1.78608199596759
-0.881	1.78669280977748
-0.88	1.78730348935286
-0.879	1.78791403478221
-0.878	1.78852444615387
-0.877	1.78913472355611
-0.876	1.78974486707711
-0.875	1.79035487680494
-0.874	1.79096475282757
-0.873	1.79157449523289
-0.872	1.79218410410868
-0.871	1.79279357954262
-0.87	1.79340292162231
-0.869	1.79401213043525
-0.868	1.79462120606883
-0.867	1.79523014861036
-0.866	1.79583895814705
-0.865	1.79644763476602
-0.864	1.79705617855428
-0.863	1.79766458959875
-0.862	1.79827286798628
-0.861	1.79888101380358
-0.86	1.79948902713731
-0.859	1.80009690807401
-0.858	1.80070465670013
-0.857	1.80131227310204
-0.856	1.80191975736598
-0.855	1.80252710957814
-0.854	1.80313432982459
-0.853	1.80374141819132
-0.852	1.80434837476421
-0.851	1.80495519962906
-0.85	1.80556189287157
-0.849	1.80616845457737
-0.848	1.80677488483195
-0.847	1.80738118372076
-0.846	1.80798735132911
-0.845	1.80859338774226
-0.844	1.80919929304535
-0.843	1.80980506732344
-0.842	1.81041071066149
-0.841	1.81101622314438
-0.84	1.81162160485688
-0.839	1.81222685588369
-0.838	1.8128319763094
-0.837	1.81343696621852
-0.836	1.81404182569546
-0.835	1.81464655482456
-0.834	1.81525115369004
-0.833	1.81585562237605
-0.832	1.81645996096664
-0.831	1.81706416954577
-0.83	1.81766824819732
-0.829	1.81827219700506
-0.828	1.8188760160527
-0.827	1.81947970542382
-0.826	1.82008326520195
-0.825	1.8206866954705
-0.824	1.82128999631282
-0.823	1.82189316781214
-0.822	1.82249621005161
-0.821	1.82309912311431
-0.82	1.82370190708321
-0.819	1.8243045620412
-0.818	1.82490708807107
-0.817	1.82550948525555
-0.816	1.82611175367724
-0.815	1.82671389341869
-0.814	1.82731590456234
-0.813	1.82791778719055
-0.812	1.82851954138559
-0.811	1.82912116722964
-0.81	1.82972266480479
-0.809	1.83032403419306
-0.808	1.83092527547636
-0.807	1.83152638873653
-0.806	1.83212737405531
-0.805	1.83272823151436
-0.804	1.83332896119525
-0.803	1.83392956317947
-0.802	1.83453003754842
-0.801	1.8351303843834
-0.8	1.83573060376564
-0.799	1.83633069577629
-0.798	1.8369306604964
-0.797	1.83753049800693
-0.796	1.83813020838877
-0.795	1.83872979172271
-0.794	1.83932924808946
-0.793	1.83992857756965
-0.792	1.84052778024382
-0.791	1.84112685619242
-0.79	1.84172580549583
-0.789	1.84232462823432
-0.788	1.8429233244881
-0.787	1.84352189433728
-0.786	1.84412033786189
-0.785	1.84471865514189
-0.784	1.84531684625713
-0.783	1.84591491128739
-0.782	1.84651285031236
-0.781	1.84711066341165
-0.78	1.8477083506648
-0.779	1.84830591215124
-0.778	1.84890334795033
-0.777	1.84950065814134
-0.776	1.85009784280348
-0.775	1.85069490201584
-0.774	1.85129183585746
-0.773	1.85188864440727
-0.772	1.85248532774415
-0.771	1.85308188594686
-0.77	1.85367831909409
-0.769	1.85427462726447
-0.768	1.85487081053653
-0.767	1.8554668689887
-0.766	1.85606280269936
-0.765	1.85665861174679
-0.764	1.8572542962092
-0.763	1.85784985616469
-0.762	1.85844529169132
-0.761	1.85904060286704
-0.76	1.85963578976972
-0.759	1.86023085247716
-0.758	1.86082579106708
-0.757	1.8614206056171
-0.756	1.86201529620478
-0.755	1.86260986290759
-0.754	1.86320430580291
-0.753	1.86379862496807
-0.752	1.86439282048028
-0.751	1.86498689241669
-0.75	1.86558084085439
-0.749	1.86617466587034
-0.748	1.86676836754147
-0.747	1.8673619459446
-0.746	1.86795540115647
-0.745	1.86854873325377
-0.744	1.86914194231308
-0.743	1.86973502841091
-0.742	1.87032799162369
-0.741	1.87092083202777
-0.74	1.87151354969943
-0.739	1.87210614471486
-0.738	1.87269861715018
-0.737	1.87329096708142
-0.736	1.87388319458454
-0.735	1.87447529973543
-0.734	1.87506728260988
-0.733	1.87565914328361
-0.732	1.87625088183227
-0.731	1.87684249833144
-0.73	1.87743399285659
-0.729	1.87802536548314
-0.728	1.87861661628642
-0.727	1.87920774534168
-0.726	1.87979875272412
-0.725	1.88038963850882
-0.724	1.88098040277082
-0.723	1.88157104558505
-0.722	1.8821615670264
-0.721	1.88275196716964
-0.72	1.88334224608951
-0.719	1.88393240386063
-0.718	1.88452244055757
-0.717	1.88511235625483
-0.716	1.88570215102679
-0.715	1.88629182494781
-0.714	1.88688137809215
-0.713	1.88747081053397
-0.712	1.88806012234739
-0.711	1.88864931360644
-0.71	1.88923838438507
-0.709	1.88982733475716
-0.708	1.89041616479651
-0.707	1.89100487457686
-0.706	1.89159346417185
-0.705	1.89218193365507
-0.704	1.89277028310001
-0.703	1.89335851258011
-0.702	1.89394662216871
-0.701	1.89453461193909
-0.7	1.89512248196446
-0.699	1.89571023231795
-0.698	1.89629786307261
-0.697	1.89688537430143
-0.696	1.8974727660773
-0.695	1.89806003847306
-0.694	1.89864719156146
-0.693	1.8992342254152
-0.692	1.89982114010688
-0.691	1.90040793570904
-0.69	1.90099461229414
-0.689	1.90158116993457
-0.688	1.90216760870265
-0.687	1.90275392867063
-0.686	1.90334012991066
-0.685	1.90392621249485
-0.684	1.90451217649522
-0.683	1.90509802198373
-0.682	1.90568374903224
-0.681	1.90626935771258
-0.68	1.90685484809646
-0.679	1.90744022025555
-0.678	1.90802547426145
-0.677	1.90861061018566
-0.676	1.90919562809963
-0.675	1.90978052807473
-0.674	1.91036531018227
-0.673	1.91094997449347
-0.672	1.91153452107948
-0.671	1.9121189500114
-0.67	1.91270326136023
-0.669	1.91328745519692
-0.668	1.91387153159234
-0.667	1.91445549061729
-0.666	1.9150393323425
-0.665	1.91562305683862
-0.664	1.91620666417625
-0.663	1.91679015442589
-0.662	1.91737352765799
-0.661	1.91795678394294
-0.66	1.91853992335102
-0.659	1.91912294595248
-0.658	1.91970585181747
-0.657	1.9202886410161
-0.656	1.92087131361838
-0.655	1.92145386969427
-0.654	1.92203630931365
-0.653	1.92261863254633
-0.652	1.92320083946206
-0.651	1.92378293013051
-0.65	1.92436490462128
-0.649	1.92494676300391
-0.648	1.92552850534787
-0.647	1.92611013172255
-0.646	1.92669164219728
-0.645	1.92727303684132
-0.644	1.92785431572385
-0.643	1.92843547891399
-0.642	1.92901652648081
-0.641	1.92959745849328
-0.64	1.93017827502031
-0.639	1.93075897613075
-0.638	1.93133956189338
-0.637	1.93192003237691
-0.636	1.93250038764998
-0.635	1.93308062778115
-0.634	1.93366075283895
-0.633	1.9342407628918
-0.632	1.93482065800807
-0.631	1.93540043825606
-0.63	1.93598010370401
-0.629	1.93655965442009
-0.628	1.93713909047239
-0.627	1.93771841192894
-0.626	1.93829761885772
-0.625	1.93887671132661
-0.624	1.93945568940345
-0.623	1.94003455315599
-0.622	1.94061330265194
-0.621	1.94119193795893
-0.62	1.94177045914451
-0.619	1.94234886627619
-0.618	1.9429271594214
-0.617	1.94350533864749
-0.616	1.94408340402176
-0.615	1.94466135561145
-0.614	1.94523919348372
-0.613	1.94581691770566
-0.612	1.94639452834432
-0.611	1.94697202546665
-0.61	1.94754940913957
-0.609	1.94812667942989
-0.608	1.9487038364044
-0.607	1.9492808801298
-0.606	1.94985781067272
-0.605	1.95043462809974
-0.604	1.95101133247736
-0.603	1.95158792387204
-0.602	1.95216440235015
-0.601	1.95274076797799
-0.6	1.95331702082183
-0.599	1.95389316094784
-0.598	1.95446918842214
-0.597	1.95504510331078
-0.596	1.95562090567976
-0.595	1.956196595595
-0.594	1.95677217312236
-0.593	1.95734763832764
-0.592	1.95792299127656
-0.591	1.9584982320348
-0.59	1.95907336066796
-0.589	1.95964837724159
-0.588	1.96022328182115
-0.587	1.96079807447206
-0.586	1.96137275525967
-0.585	1.96194732424926
-0.584	1.96252178150607
-0.583	1.96309612709523
-0.582	1.96367036108186
-0.581	1.96424448353098
-0.58	1.96481849450756
-0.579	1.96539239407651
-0.578	1.96596618230267
-0.577	1.96653985925082
-0.576	1.96711342498567
-0.575	1.96768687957189
-0.574	1.96826022307407
-0.573	1.96883345555672
-0.572	1.96940657708433
-0.571	1.96997958772129
-0.57	1.97055248753194
-0.569	1.97112527658058
-0.568	1.97169795493141
-0.567	1.97227052264859
-0.566	1.97284297979621
-0.565	1.97341532643831
-0.564	1.97398756263886
-0.563	1.97455968846177
-0.562	1.97513170397088
-0.561	1.97570360922997
-0.56	1.97627540430278
-0.559	1.97684708925297
-0.558	1.97741866414413
-0.557	1.97799012903981
-0.556	1.97856148400348
-0.555	1.97913272909857
-0.554	1.97970386438842
-0.553	1.98027488993635
-0.552	1.98084580580558
-0.551	1.98141661205929
-0.55	1.98198730876058
-0.549	1.98255789597253
-0.548	1.98312837375811
-0.547	1.98369874218026
-0.546	1.98426900130186
-0.545	1.98483915118571
-0.544	1.98540919189457
-0.543	1.98597912349113
-0.542	1.98654894603802
-0.541	1.98711865959781
-0.54	1.98768826423302
-0.539	1.9882577600061
-0.538	1.98882714697944
-0.537	1.98939642521538
-0.536	1.98996559477619
-0.535	1.99053465572408
-0.534	1.99110360812121
-0.533	1.99167245202967
-0.532	1.9922411875115
-0.531	1.99280981462868
-0.53	1.99337833344313
-0.529	1.99394674401671
-0.528	1.99451504641122
-0.527	1.99508324068839
-0.526	1.99565132690992
-0.525	1.99621930513742
-0.524	1.99678717543247
-0.523	1.99735493785657
-0.522	1.99792259247117
-0.521	1.99849013933766
-0.52	1.99905757851737
-0.519	1.99962491007158
-0.518	2.00019213406151
-0.517	2.00075925054831
-0.516	2.00132625959308
-0.515	2.00189316125687
-0.514	2.00245995560066
-0.513	2.00302664268538
-0.512	2.00359322257189
-0.511	2.00415969532101
-0.51	2.0047260609935
-0.509	2.00529231965005
-0.508	2.0058584713513
-0.507	2.00642451615783
-0.506	2.00699045413017
-0.505	2.00755628532879
-0.504	2.00812200981409
-0.503	2.00868762764643
-0.502	2.00925313888612
-0.501	2.00981854359338
-0.5	2.01038384182841
-0.499	2.01094903365133
-0.498	2.01151411912221
-0.497	2.01207909830107
-0.496	2.01264397124786
-0.495	2.01320873802248
-0.494	2.01377339868478
-0.493	2.01433795329456
-0.492	2.01490240191153
-0.491	2.01546674459538
-0.49	2.01603098140573
-0.489	2.01659511240215
-0.488	2.01715913764414
-0.487	2.01772305719115
-0.486	2.01828687110259
-0.485	2.01885057943779
-0.484	2.01941418225605
-0.483	2.01997767961658
-0.482	2.02054107157858
-0.481	2.02110435820116
-0.48	2.02166753954338
-0.479	2.02223061566425
-0.478	2.02279358662273
-0.477	2.02335645247772
-0.476	2.02391921328806
-0.475	2.02448186911254
-0.474	2.0250444200099
-0.473	2.02560686603882
-0.472	2.02616920725793
-0.471	2.02673144372578
-0.47	2.02729357550091
-0.469	2.02785560264177
-0.468	2.02841752520677
-0.467	2.02897934325426
-0.466	2.02954105684255
-0.465	2.03010266602987
-0.464	2.03066417087443
-0.463	2.03122557143434
-0.462	2.03178686776771
-0.461	2.03234805993255
-0.46	2.03290914798684
-0.459	2.03347013198851
-0.458	2.03403101199542
-0.457	2.03459178806538
-0.456	2.03515246025615
-0.455	2.03571302862545
-0.454	2.03627349323092
-0.453	2.03683385413017
-0.452	2.03739411138074
-0.451	2.03795426504012
-0.45	2.03851431516577
-0.449	2.03907426181505
-0.448	2.03963410504532
-0.447	2.04019384491384
-0.446	2.04075348147786
-0.445	2.04131301479454
-0.444	2.04187244492101
-0.443	2.04243177191433
-0.442	2.04299099583153
-0.441	2.04355011672958
-0.44	2.04410913466538
-0.439	2.0446680496958
-0.438	2.04522686187763
-0.437	2.04578557126765
-0.436	2.04634417792256
-0.435	2.046902681899
-0.434	2.04746108325357
-0.433	2.04801938204283
-0.432	2.04857757832327
-0.431	2.04913567215133
-0.43	2.0496936635834
-0.429	2.05025155267584
-0.428	2.05080933948491
-0.427	2.05136702406687
-0.426	2.05192460647789
-0.425	2.05248208677412
-0.424	2.05303946501163
-0.423	2.05359674124646
-0.422	2.05415391553458
-0.421	2.05471098793193
-0.42	2.05526795849439
-0.419	2.05582482727777
-0.418	2.05638159433786
-0.417	2.05693825973039
-0.416	2.05749482351102
-0.415	2.05805128573538
-0.414	2.05860764645904
-0.413	2.05916390573752
-0.412	2.0597200636263
-0.411	2.0602761201808
-0.41	2.06083207545639
-0.409	2.06138792950838
-0.408	2.06194368239204
-0.407	2.06249933416261
-0.406	2.06305488487524
-0.405	2.06361033458505
-0.404	2.06416568334711
-0.403	2.06472093121645
-0.402	2.06527607824803
-0.401	2.06583112449677
-0.4	2.06638607001754
-0.399	2.06694091486515
-0.398	2.06749565909439
-0.397	2.06805030275996
-0.396	2.06860484591654
-0.395	2.06915928861875
-0.394	2.06971363092117
-0.393	2.0702678728783
-0.392	2.07082201454464
-0.391	2.07137605597459
-0.39	2.07192999722254
-0.389	2.07248383834281
-0.388	2.07303757938967
-0.387	2.07359122041736
-0.386	2.07414476148004
-0.385	2.07469820263186
-0.384	2.07525154392689
-0.383	2.07580478541916
-0.382	2.07635792716265
-0.381	2.07691096921131
-0.38	2.07746391161901
-0.379	2.07801675443959
-0.378	2.07856949772685
-0.377	2.07912214153451
-0.376	2.07967468591628
-0.375	2.0802271309258
-0.374	2.08077947661666
-0.373	2.08133172304241
-0.372	2.08188387025655
-0.371	2.08243591831253
-0.37	2.08298786726375
-0.369	2.08353971716357
-0.368	2.0840914680653
-0.367	2.0846431200222
-0.366	2.08519467308747
-0.365	2.08574612731429
-0.364	2.08629748275576
-0.363	2.08684873946496
-0.362	2.08739989749491
-0.361	2.08795095689859
-0.36	2.08850191772891
-0.359	2.08905278003876
-0.358	2.08960354388098
-0.357	2.09015420930834
-0.356	2.09070477637359
-0.355	2.09125524512941
-0.354	2.09180561562845
-0.353	2.09235588792331
-0.352	2.09290606206653
-0.351	2.09345613811062
-0.35	2.09400611610803
-0.349	2.09455599611118
-0.348	2.09510577817243
-0.347	2.09565546234408
-0.346	2.09620504867842
-0.345	2.09675453722767
-0.344	2.097303928044
-0.343	2.09785322117954
-0.342	2.09840241668637
-0.341	2.09895151461654
-0.34	2.09950051502204
-0.339	2.10004941795481
-0.338	2.10059822346674
-0.337	2.1011469316097
-0.336	2.10169554243549
-0.335	2.10224405599587
-0.334	2.10279247234256
-0.333	2.10334079152723
-0.332	2.10388901360149
-0.331	2.10443713861694
-0.33	2.10498516662509
-0.329	2.10553309767744
-0.328	2.10608093182543
-0.327	2.10662866912046
-0.326	2.10717630961387
-0.325	2.10772385335698
-0.324	2.10827130040103
-0.323	2.10881865079725
-0.322	2.1093659045968
-0.321	2.10991306185081
-0.32	2.11046012261036
-0.319	2.11100708692648
-0.318	2.11155395485016
-0.317	2.11210072643235
-0.316	2.11264740172394
-0.315	2.11319398077579
-0.314	2.11374046363871
-0.313	2.11428685036347
-0.312	2.11483314100078
-0.311	2.11537933560132
-0.31	2.11592543421572
-0.309	2.11647143689457
-0.308	2.11701734368842
-0.307	2.11756315464775
-0.306	2.11810886982302
-0.305	2.11865448926465
-0.304	2.119200013023
-0.303	2.11974544114839
-0.302	2.12029077369109
-0.301	2.12083601070135
-0.3	2.12138115222934
-0.299	2.12192619832522
-0.298	2.12247114903908
-0.297	2.12301600442099
-0.296	2.12356076452095
-0.295	2.12410542938894
-0.294	2.12464999907488
-0.293	2.12519447362866
-0.292	2.12573885310012
-0.291	2.12628313753904
-0.29	2.12682732699519
-0.289	2.12737142151827
-0.288	2.12791542115794
-0.287	2.12845932596384
-0.286	2.12900313598553
-0.285	2.12954685127256
-0.284	2.13009047187441
-0.283	2.13063399784055
-0.282	2.13117742922036
-0.281	2.13172076606322
-0.28	2.13226400841845
-0.279	2.13280715633532
-0.278	2.13335020986307
-0.277	2.1338931690509
-0.276	2.13443603394794
-0.275	2.13497880460332
-0.274	2.13552148106608
-0.273	2.13606406338526
-0.272	2.13660655160984
-0.271	2.13714894578874
-0.27	2.13769124597087
-0.269	2.13823345220507
-0.268	2.13877556454016
-0.267	2.1393175830249
-0.266	2.13985950770802
-0.265	2.1404013386382
-0.264	2.14094307586409
-0.263	2.14148471943427
-0.262	2.14202626939732
-0.261	2.14256772580173
-0.26	2.143109088696
-0.259	2.14365035812854
-0.258	2.14419153414774
-0.257	2.14473261680196
-0.256	2.1452736061395
-0.255	2.14581450220863
-0.254	2.14635530505756
-0.253	2.14689601473448
-0.252	2.14743663128753
-0.251	2.14797715476481
-0.25	2.14851758521437
-0.249	2.14905792268423
-0.248	2.14959816722236
-0.247	2.1501383188767
-0.246	2.15067837769513
-0.245	2.15121834372552
-0.244	2.15175821701566
-0.243	2.15229799761333
-0.242	2.15283768556626
-0.241	2.15337728092213
-0.24	2.15391678372858
-0.239	2.15445619403323
-0.238	2.15499551188363
-0.237	2.15553473732731
-0.236	2.15607387041175
-0.235	2.1566129111844
-0.234	2.15715185969265
-0.233	2.15769071598387
-0.232	2.15822948010537
-0.231	2.15876815210444
-0.23	2.15930673202832
-0.229	2.1598452199242
-0.228	2.16038361583924
-0.227	2.16092191982057
-0.226	2.16146013191525
-0.225	2.16199825217034
-0.224	2.16253628063282
-0.223	2.16307421734966
-0.222	2.16361206236777
-0.221	2.16414981573403
-0.22	2.16468747749527
-0.219	2.16522504769831
-0.218	2.16576252638989
-0.217	2.16629991361673
-0.216	2.16683720942552
-0.215	2.16737441386288
-0.214	2.16791152697543
-0.213	2.16844854880972
-0.212	2.16898547941226
-0.211	2.16952231882955
-0.21	2.17005906710803
-0.209	2.17059572429409
-0.208	2.17113229043409
-0.207	2.17166876557437
-0.206	2.1722051497612
-0.205	2.17274144304083
-0.204	2.17327764545947
-0.203	2.17381375706328
-0.202	2.17434977789839
-0.201	2.17488570801088
-0.2	2.17542154744682
-0.199	2.1759572962522
-0.198	2.17649295447299
-0.197	2.17702852215514
-0.196	2.17756399934454
-0.195	2.17809938608704
-0.194	2.17863468242845
-0.193	2.17916988841456
-0.192	2.1797050040911
-0.191	2.18024002950378
-0.19	2.18077496469825
-0.189	2.18130980972014
-0.188	2.18184456461504
-0.187	2.18237922942849
-0.186	2.18291380420599
-0.185	2.18344828899303
-0.184	2.18398268383503
-0.183	2.18451698877739
-0.182	2.18505120386545
-0.181	2.18558532914455
-0.18	2.18611936465995
-0.179	2.1866533104569
-0.178	2.1871871665806
-0.177	2.18772093307622
-0.176	2.18825460998888
-0.175	2.18878819736367
-0.174	2.18932169524565
-0.173	2.18985510367983
-0.172	2.19038842271119
-0.171	2.19092165238465
-0.17	2.19145479274513
-0.169	2.19198784383749
-0.168	2.19252080570656
-0.167	2.19305367839711
-0.166	2.19358646195391
-0.165	2.19411915642166
-0.164	2.19465176184504
-0.163	2.1951842782687
-0.162	2.19571670573722
-0.161	2.19624904429518
-0.16	2.1967812939871
-0.159	2.19731345485748
-0.158	2.19784552695076
-0.157	2.19837751031136
-0.156	2.19890940498366
-0.155	2.199441211012
-0.154	2.19997292844069
-0.153	2.20050455731399
-0.152	2.20103609767613
-0.151	2.20156754957131
-0.15	2.20209891304369
-0.149	2.20263018813738
-0.148	2.20316137489647
-0.147	2.20369247336501
-0.146	2.204223483587
-0.145	2.20475440560643
-0.144	2.20528523946723
-0.143	2.2058159852133
-0.142	2.2063466428885
-0.141	2.20687721253667
-0.14	2.20740769420159
-0.139	2.20793808792703
-0.138	2.20846839375669
-0.137	2.20899861173427
-0.136	2.20952874190342
-0.135	2.21005878430773
-0.134	2.21058873899079
-0.133	2.21111860599614
-0.132	2.21164838536727
-0.131	2.21217807714766
-0.13	2.21270768138074
-0.129	2.2132371981099
-0.128	2.2137666273785
-0.127	2.21429596922986
-0.126	2.21482522370728
-0.125	2.215354390854
-0.124	2.21588347071324
-0.123	2.21641246332818
-0.122	2.21694136874196
-0.121	2.2174701869977
-0.12	2.21799891813847
-0.119	2.21852756220731
-0.118	2.21905611924722
-0.117	2.21958458930117
-0.116	2.22011297241208
-0.115	2.22064126862287
-0.114	2.22116947797639
-0.113	2.22169760051546
-0.112	2.22222563628288
-0.111	2.2227535853214
-0.11	2.22328144767375
-0.109	2.22380922338261
-0.108	2.22433691249063
-0.107	2.22486451504043
-0.106	2.22539203107459
-0.105	2.22591946063566
-0.104	2.22644680376614
-0.103	2.22697406050851
-0.102	2.22750123090523
-0.101	2.22802831499868
-0.1	2.22855531283125
-0.0989999999999998	2.22908222444527
-0.0979999999999999	2.22960904988305
-0.097	2.23013578918685
-0.0960000000000001	2.23066244239891
-0.0949999999999998	2.23118900956142
-0.0939999999999999	2.23171549071656
-0.093	2.23224188590645
-0.0920000000000001	2.23276819517319
-0.0909999999999997	2.23329441855884
-0.0899999999999999	2.23382055610544
-0.089	2.23434660785496
-0.0880000000000001	2.23487257384937
-0.0869999999999997	2.2353984541306
-0.0859999999999999	2.23592424874053
-0.085	2.23644995772103
-0.0840000000000001	2.23697558111391
-0.0829999999999997	2.23750111896096
-0.0819999999999999	2.23802657130395
-0.081	2.23855193818458
-0.0800000000000001	2.23907721964455
-0.0789999999999997	2.2396024157255
-0.0779999999999998	2.24012752646906
-0.077	2.24065255191682
-0.0760000000000001	2.24117749211031
-0.0749999999999997	2.24170234709107
-0.0739999999999998	2.24222711690057
-0.073	2.24275180158027
-0.0720000000000001	2.24327640117158
-0.0709999999999997	2.24380091571588
-0.0699999999999998	2.24432534525453
-0.069	2.24484968982884
-0.0680000000000001	2.24537394948008
-0.0670000000000002	2.24589812424953
-0.0659999999999998	2.24642221417838
-0.0649999999999999	2.24694621930781
-0.0640000000000001	2.24747013967899
-0.0630000000000002	2.24799397533303
-0.0619999999999998	2.248517726311
-0.0609999999999999	2.5
-0.0600000000000001	2.5
-0.0590000000000002	2.5
-0.0579999999999998	2.5
-0.0569999999999999	2.5
-0.056	2.5
-0.0550000000000002	2.5
-0.0539999999999998	2.5
-0.0529999999999999	2.5
-0.052	2.5
-0.0510000000000002	2.5
-0.0499999999999998	2.5
-0.0489999999999999	2.5
-0.048	2.5
-0.0470000000000002	2.5
-0.0459999999999998	2.5
-0.0449999999999999	2.5
-0.044	2.5
-0.0430000000000001	2.5
-0.0419999999999998	2.5
-0.0409999999999999	2.5
-0.04	2.5
-0.0390000000000001	2.5
-0.0379999999999998	2.5
-0.0369999999999999	2.5
-0.036	2.5
-0.0350000000000001	2.5
-0.0339999999999998	2.5
-0.0329999999999999	2.5
-0.032	2.5
-0.0310000000000001	2.5
-0.0299999999999998	2.5
-0.0289999999999999	2.5
-0.028	2.5
-0.0270000000000001	2.5
-0.0259999999999998	2.5
-0.0249999999999999	2.5
-0.024	2.5
-0.0230000000000001	2.5
-0.0219999999999998	2.5
-0.0209999999999999	2.5
-0.02	2.5
-0.0190000000000001	2.5
-0.0179999999999998	2.5
-0.0169999999999999	2.5
-0.016	2.5
-0.0150000000000001	2.5
-0.0139999999999998	2.5
-0.0129999999999999	2.5
-0.012	2.5
-0.0110000000000001	2.5
-0.00999999999999979	2.5
-0.0089999999999999	2.5
-0.00800000000000001	2.5
-0.00700000000000012	2.5
-0.00599999999999978	2.5
-0.00499999999999989	2.5
-0.004	2.5
-0.00300000000000011	2.5
-0.00199999999999978	2.5
-0.00099999999999989	2.5
0	2.5
0.00099999999999989	2.5
0.00199999999999978	2.5
0.00300000000000011	2.5
0.004	2.5
0.00499999999999989	2.5
0.00599999999999978	2.5
0.00700000000000012	2.5
0.00800000000000001	2.5
0.0089999999999999	2.5
0.00999999999999979	2.5
0.0110000000000001	2.5
0.012	2.5
0.0129999999999999	2.5
0.0139999999999998	2.5
0.0150000000000001	2.5
0.016	2.5
0.0169999999999999	2.5
0.0179999999999998	2.5
0.0190000000000001	2.5
0.02	2.5
0.0209999999999999	2.5
0.0219999999999998	2.5
0.0230000000000001	2.5
0.024	2.5
0.0249999999999999	2.5
0.0259999999999998	2.5
0.0270000000000001	2.5
0.028	2.5
0.0289999999999999	2.5
0.0299999999999998	2.5
0.0310000000000001	2.5
0.032	2.5
0.0329999999999999	2.5
0.0339999999999998	2.5
0.0350000000000001	2.5
0.036	2.5
0.0369999999999999	2.5
0.0379999999999998	2.5
0.0390000000000001	2.5
0.04	2.5
0.0409999999999999	2.5
0.0419999999999998	2.5
0.0430000000000001	2.5
0.044	2.5
0.0449999999999999	2.5
0.0459999999999998	2.5
0.0470000000000002	2.5
0.048	2.5
0.0489999999999999	2.5
0.0499999999999998	2.5
0.0510000000000002	2.5
0.052	2.5
0.0529999999999999	2.5
0.0539999999999998	2.5
0.0550000000000002	2.5
0.056	2.5
0.0569999999999999	2.5
0.0579999999999998	2.5
0.0590000000000002	2.5
0.0600000000000001	2.5
0.0609999999999999	2.5
0.0619999999999998	2.75134585125963
0.0630000000000002	2.7518531724894
0.0640000000000001	2.7523605779795
0.0649999999999999	2.75286806777194
0.0659999999999998	2.75337564190875
0.0670000000000002	2.753883300432
0.0680000000000001	2.75439104338378
0.069	2.75489887080624
0.0699999999999998	2.75540678274155
0.0709999999999997	2.75591477923192
0.0720000000000001	2.75642286031959
0.073	2.75693102604684
0.0739999999999998	2.75743927645598
0.0749999999999997	2.75794761158937
0.0760000000000001	2.75845603148937
0.077	2.75896453619843
0.0779999999999998	2.75947312575899
0.0789999999999997	2.75998180021353
0.0800000000000001	2.7604905596046
0.081	2.76099940397474
0.0819999999999999	2.76150833336656
0.0829999999999997	2.76201734782268
0.0840000000000001	2.76252644738578
0.085	2.76303563209856
0.0859999999999999	2.76354490200376
0.0869999999999997	2.76405425714415
0.0880000000000001	2.76456369756255
0.089	2.7650732233018
0.0899999999999999	2.76558283440478
0.0909999999999997	2.76609253091442
0.0920000000000001	2.76660231287367
0.093	2.76711218032552
0.0939999999999999	2.76762213331299
0.0949999999999998	2.76813217187915
0.0960000000000001	2.76864229606711
0.097	2.76915250591998
0.0979999999999999	2.76966280148095
0.0989999999999998	2.77017318279323
0.1	2.77068364990005
0.101	2.77119420284469
0.102	2.77170484167049
0.103	2.77221556642078
0.104	2.77272637713896
0.105	2.77323727386845
0.106	2.77374825665272
0.107	2.77425932553526
0.108	2.77477048055962
0.109	2.77528172176936
0.11	2.7757930492081
0.111	2.77630446291948
0.112	2.77681596294718
0.113	2.77732754933493
0.114	2.77783922212648
0.115	2.77835098136563
0.116	2.7788628270962
0.117	2.77937475936207
0.118	2.77988677820714
0.119	2.78039888367535
0.12	2.78091107581068
0.121	2.78142335465715
0.122	2.78193572025881
0.123	2.78244817265976
0.124	2.78296071190412
0.125	2.78347333803606
0.126	2.78398605109978
0.127	2.78449885113952
0.128	2.78501173819957
0.129	2.78552471232423
0.13	2.78603777355786
0.131	2.78655092194486
0.132	2.78706415752965
0.133	2.7875774803567
0.134	2.78809089047051
0.135	2.78860438791563
0.136	2.78911797273664
0.137	2.78963164497815
0.138	2.79014540468482
0.139	2.79065925190135
0.14	2.79117318667246
0.141	2.79168720904294
0.142	2.79220131905758
0.143	2.79271551676124
0.144	2.7932298021988
0.145	2.79374417541518
0.146	2.79425863645535
0.147	2.7947731853643
0.148	2.79528782218708
0.149	2.79580254696876
0.15	2.79631735975446
0.151	2.79683226058933
0.152	2.79734724951856
0.153	2.79786232658739
0.154	2.79837749184109
0.155	2.79889274532497
0.156	2.79940808708437
0.157	2.79992351716468
0.158	2.80043903561132
0.159	2.80095464246977
0.16	2.80147033778553
0.161	2.80198612160413
0.162	2.80250199397116
0.163	2.80301795493224
0.164	2.80353400453303
0.165	2.80405014281923
0.166	2.80456636983658
0.167	2.80508268563086
0.168	2.80559909024789
0.169	2.80611558373351
0.17	2.80663216613363
0.171	2.80714883749418
0.172	2.80766559786114
0.173	2.80818244728053
0.174	2.80869938579839
0.175	2.80921641346083
0.176	2.80973353031397
0.177	2.81025073640399
0.178	2.81076803177711
0.179	2.81128541647957
0.18	2.81180289055768
0.181	2.81232045405776
0.182	2.81283810702618
0.183	2.81335584950937
0.184	2.81387368155378
0.185	2.8143916032059
0.186	2.81490961451226
0.187	2.81542771551944
0.188	2.81594590627406
0.189	2.81646418682276
0.19	2.81698255721225
0.191	2.81750101748926
0.192	2.81801956770057
0.193	2.818538207893
0.194	2.8190569381134
0.195	2.81957575840867
0.196	2.82009466882575
0.197	2.82061366941163
0.198	2.82113276021332
0.199	2.82165194127788
0.2	2.82217121265242
0.201	2.82269057438409
0.202	2.82321002652006
0.203	2.82372956910756
0.204	2.82424920219387
0.205	2.82476892582628
0.206	2.82528874005215
0.207	2.82580864491886
0.208	2.82632864047386
0.209	2.82684872676461
0.21	2.82736890383863
0.211	2.82788917174348
0.212	2.82840953052675
0.213	2.82892998023608
0.214	2.82945052091915
0.215	2.8299711526237
0.216	2.83049187539747
0.217	2.83101268928828
0.218	2.83153359434398
0.219	2.83205459061245
0.22	2.83257567814163
0.221	2.8330968569795
0.222	2.83361812717406
0.223	2.83413948877338
0.224	2.83466094182555
0.225	2.83518248637873
0.226	2.83570412248109
0.227	2.83622585018086
0.228	2.83674766952631
0.229	2.83726958056576
0.23	2.83779158334755
0.231	2.83831367792009
0.232	2.83883586433181
0.233	2.83935814263119
0.234	2.83988051286677
0.235	2.8404029750871
0.236	2.8409255293408
0.237	2.84144817567652
0.238	2.84197091414296
0.239	2.84249374478885
0.24	2.84301666766298
0.241	2.84353968281418
0.242	2.8440627902913
0.243	2.84458599014327
0.244	2.84510928241903
0.245	2.84563266716759
0.246	2.84615614443798
0.247	2.84667971427928
0.248	2.84720337674064
0.249	2.84772713187121
0.25	2.84825097972021
0.251	2.84877492033691
0.252	2.8492989537706
0.253	2.84982308007062
0.254	2.85034729928637
0.255	2.85087161146728
0.256	2.85139601666283
0.257	2.85192051492254
0.258	2.85244510629597
0.259	2.85296979083273
0.26	2.85349456858247
0.261	2.8540194395949
0.262	2.85454440391975
0.263	2.85506946160681
0.264	2.8555946127059
0.265	2.85611985726691
0.266	2.85664519533975
0.267	2.85717062697438
0.268	2.85769615222081
0.269	2.85822177112909
0.27	2.85874748374932
0.271	2.85927329013165
0.272	2.85979919032624
0.273	2.86032518438335
0.274	2.86085127235324
0.275	2.86137745428623
0.276	2.86190373023269
0.277	2.86243010024303
0.278	2.8629565643677
0.279	2.86348312265721
0.28	2.8640097751621
0.281	2.86453652193296
0.282	2.86506336302043
0.283	2.86559029847519
0.284	2.86611732834796
0.285	2.86664445268953
0.286	2.86717167155071
0.287	2.86769898498235
0.288	2.86822639303538
0.289	2.86875389576074
0.29	2.86928149320944
0.291	2.86980918543253
0.292	2.87033697248109
0.293	2.87086485440626
0.294	2.87139283125923
0.295	2.87192090309123
0.296	2.87244906995354
0.297	2.87297733189747
0.298	2.8735056889744
0.299	2.87403414123574
0.3	2.87456268873296
0.301	2.87509133151755
0.302	2.87562006964108
0.303	2.87614890315515
0.304	2.8766778321114
0.305	2.87720685656153
0.306	2.87773597655727
0.307	2.87826519215043
0.308	2.87879450339282
0.309	2.87932391033633
0.31	2.87985341303289
0.311	2.88038301153447
0.312	2.8809127058931
0.313	2.88144249616085
0.314	2.88197238238982
0.315	2.88250236463219
0.316	2.88303244294017
0.317	2.883562617366
0.318	2.88409288796201
0.319	2.88462325478054
0.32	2.88515371787399
0.321	2.88568427729481
0.322	2.88621493309549
0.323	2.88674568532858
0.324	2.88727653404668
0.325	2.88780747930241
0.326	2.88833852114847
0.327	2.88886965963758
0.328	2.88940089482255
0.329	2.88993222675618
0.33	2.89046365549137
0.331	2.89099518108104
0.332	2.89152680357816
0.333	2.89205852303576
0.334	2.89259033950692
0.335	2.89312225304474
0.336	2.89365426370241
0.337	2.89418637153313
0.338	2.89471857659018
0.339	2.89525087892686
0.34	2.89578327859655
0.341	2.89631577565266
0.342	2.89684837014864
0.343	2.89738106213801
0.344	2.89791385167432
0.345	2.89844673881119
0.346	2.89897972360227
0.347	2.89951280610126
0.348	2.90004598636193
0.349	2.90057926443808
0.35	2.90111264038356
0.351	2.90164611425228
0.352	2.90217968609819
0.353	2.90271335597529
0.354	2.90324712393764
0.355	2.90378099003934
0.356	2.90431495433453
0.357	2.90484901687743
0.358	2.90538317772229
0.359	2.90591743692339
0.36	2.90645179453511
0.361	2.90698625061184
0.362	2.90752080520802
0.363	2.90805545837817
0.364	2.90859021017684
0.365	2.90912506065862
0.366	2.90966000987818
0.367	2.91019505789021
0.368	2.91073020474947
0.369	2.91126545051076
0.37	2.91180079522894
0.371	2.91233623895892
0.372	2.91287178175565
0.373	2.91340742367414
0.374	2.91394316476945
0.375	2.91447900509668
0.376	2.91501494471101
0.377	2.91555098366764
0.378	2.91608712202183
0.379	2.9166233598289
0.38	2.91715969714421
0.381	2.91769613402319
0.382	2.91823267052129
0.383	2.91876930669405
0.384	2.91930604259702
0.385	2.91984287828584
0.386	2.92037981381618
0.387	2.92091684924376
0.388	2.92145398462437
0.389	2.92199122001384
0.39	2.92252855546804
0.391	2.92306599104292
0.392	2.92360352679445
0.393	2.92414116277868
0.394	2.9246788990517
0.395	2.92521673566966
0.396	2.92575467268874
0.397	2.9262927101652
0.398	2.92683084815534
0.399	2.92736908671551
0.4	2.92790742590212
0.401	2.92844586577162
0.402	2.92898440638054
0.403	2.92952304778542
0.404	2.9300617900429
0.405	2.93060063320964
0.406	2.93113957734237
0.407	2.93167862249785
0.408	2.93221776873293
0.409	2.93275701610449
0.41	2.93329636466946
0.411	2.93383581448483
0.412	2.93437536560765
0.413	2.93491501809501
0.414	2.93545477200407
0.415	2.93599462739203
0.416	2.93653458431615
0.417	2.93707464283374
0.418	2.93761480300216
0.419	2.93815506487884
0.42	2.93869542852126
0.421	2.93923589398693
0.422	2.93977646133345
0.423	2.94031713061845
0.424	2.94085790189963
0.425	2.94139877523472
0.426	2.94193975068152
0.427	2.94248082829791
0.428	2.94302200814177
0.429	2.94356329027108
0.43	2.94410467474386
0.431	2.94464616161818
0.432	2.94518775095217
0.433	2.94572944280401
0.434	2.94627123723195
0.435	2.94681313429427
0.436	2.94735513404933
0.437	2.94789723655553
0.438	2.94843944187133
0.439	2.94898175005525
0.44	2.94952416116586
0.441	2.95006667526178
0.442	2.9506092924017
0.443	2.95115201264436
0.444	2.95169483604854
0.445	2.95223776267311
0.446	2.95278079257696
0.447	2.95332392581906
0.448	2.95386716245842
0.449	2.95441050255412
0.45	2.9549539461653
0.451	2.95549749335113
0.452	2.95604114417086
0.453	2.95658489868379
0.454	2.95712875694928
0.455	2.95767271902674
0.456	2.95821678497564
0.457	2.9587609548555
0.458	2.95930522872592
0.459	2.95984960664652
0.46	2.96039408867701
0.461	2.96093867487715
0.462	2.96148336530673
0.463	2.96202816002564
0.464	2.9625730590938
0.465	2.9631180625712
0.466	2.96366317051786
0.467	2.9642083829939
0.468	2.96475370005947
0.469	2.96529912177478
0.47	2.9658446482001
0.471	2.96639027939578
0.472	2.96693601542218
0.473	2.96748185633976
0.474	2.96802780220903
0.475	2.96857385309054
0.476	2.96912000904491
0.477	2.96966627013283
0.478	2.97021263641503
0.479	2.97075910795231
0.48	2.97130568480552
0.481	2.97185236703557
0.482	2.97239915470343
0.483	2.97294604787015
0.484	2.97349304659679
0.485	2.97404015094452
0.486	2.97458736097455
0.487	2.97513467674813
0.488	2.97568209832659
0.489	2.97622962577132
0.49	2.97677725914376
0.491	2.97732499850542
0.492	2.97787284391786
0.493	2.97842079544271
0.494	2.97896885314164
0.495	2.9795170170764
0.496	2.98006528730878
0.497	2.98061366390067
0.498	2.98116214691396
0.499	2.98171073641066
0.5	2.9822594324528
0.501	2.98280823510248
0.502	2.98335714442186
0.503	2.98390616047318
0.504	2.98445528331871
0.505	2.98500451302081
0.506	2.98555384964187
0.507	2.98610329324436
0.508	2.98665284389081
0.509	2.9872025016438
0.51	2.98775226656599
0.511	2.98830213872009
0.512	2.98885211816887
0.513	2.98940220497515
0.514	2.98995239920185
0.515	2.9905027009119
0.516	2.99105311016832
0.517	2.99160362703421
0.518	2.99215425157268
0.519	2.99270498384696
0.52	2.9932558239203
0.521	2.99380677185602
0.522	2.99435782771752
0.523	2.99490899156825
0.524	2.99546026347171
0.525	2.99601164349148
0.526	2.9965631316912
0.527	2.99711472813457
0.528	2.99766643288535
0.529	2.99821824600736
0.53	2.9987701675645
0.531	2.9993221976207
0.532	2.99987433623999
0.533	3.00042658348644
0.534	3.00097893942418
0.535	3.00153140411743
0.536	3.00208397763044
0.537	3.00263666002754
0.538	3.00318945137313
0.539	3.00374235173166
0.54	3.00429536116765
0.541	3.00484847974569
0.542	3.00540170753041
0.543	3.00595504458653
0.544	3.00650849097883
0.545	3.00706204677213
0.546	3.00761571203136
0.547	3.00816948682146
0.548	3.00872337120747
0.549	3.00927736525449
0.55	3.00983146902768
0.551	3.01038568259225
0.552	3.01094000601351
0.553	3.01149443935679
0.554	3.01204898268753
0.555	3.01260363607121
0.556	3.01315839957336
0.557	3.01371327325961
0.558	3.01426825719564
0.559	3.01482335144718
0.56	3.01537855608006
0.561	3.01593387116013
0.562	3.01648929675335
0.563	3.01704483292572
0.564	3.0176004797433
0.565	3.01815623727224
0.566	3.01871210557875
0.567	3.01926808472908
0.568	3.01982417478958
0.569	3.02038037582665
0.57	3.02093668790675
0.571	3.02149311109643
0.572	3.02204964546227
0.573	3.02260629107095
0.574	3.0231630479892
0.575	3.02371991628382
0.576	3.02427689602169
0.577	3.02483398726972
0.578	3.02539119009494
0.579	3.02594850456439
0.58	3.02650593074523
0.581	3.02706346870466
0.582	3.02762111850993
0.583	3.0281788802284
0.584	3.02873675392747
0.585	3.02929473967461
0.586	3.02985283753736
0.587	3.03041104758333
0.588	3.0309693698802
0.589	3.03152780449572
0.59	3.03208635149769
0.591	3.032645010954
0.592	3.0332037829326
0.593	3.0337626675015
0.594	3.0343216647288
0.595	3.03488077468265
0.596	3.03543999743128
0.597	3.03599933304297
0.598	3.03655878158609
0.599	3.03711834312907
0.6	3.03767801774041
0.601	3.03823780548868
0.602	3.03879770644251
0.603	3.03935772067063
0.604	3.0399178482418
0.605	3.04047808922487
0.606	3.04103844368877
0.607	3.04159891170247
0.608	3.04215949333503
0.609	3.04272018865558
0.61	3.04328099773333
0.611	3.04384192063752
0.612	3.04440295743751
0.613	3.0449641082027
0.614	3.04552537300257
0.615	3.04608675190666
0.616	3.04664824498461
0.617	3.04720985230609
0.618	3.04777157394088
0.619	3.04833340995879
0.62	3.04889536042975
0.621	3.04945742542371
0.622	3.05001960501074
0.623	3.05058189926094
0.624	3.05114430824451
0.625	3.05170683203171
0.626	3.05226947069286
0.627	3.05283222429838
0.628	3.05339509291874
0.629	3.05395807662449
0.63	3.05452117548625
0.631	3.05508438957471
0.632	3.05564771896064
0.633	3.05621116371488
0.634	3.05677472390833
0.635	3.05733839961198
0.636	3.05790219089689
0.637	3.05846609783419
0.638	3.05903012049506
0.639	3.0595942589508
0.64	3.06015851327275
0.641	3.06072288353233
0.642	3.06128736980103
0.643	3.06185197215043
0.644	3.06241669065216
0.645	3.06298152537794
0.646	3.06354647639956
0.647	3.06411154378888
0.648	3.06467672761784
0.649	3.06524202795845
0.65	3.0658074448828
0.651	3.06637297846305
0.652	3.06693862877143
0.653	3.06750439588025
0.654	3.0680702798619
0.655	3.06863628078883
0.656	3.06920239873358
0.657	3.06976863376875
0.658	3.07033498596703
0.659	3.07090145540118
0.66	3.07146804214404
0.661	3.0720347462685
0.662	3.07260156784756
0.663	3.07316850695428
0.664	3.0737355636618
0.665	3.07430273804332
0.666	3.07487003017214
0.667	3.07543744012162
0.668	3.0760049679652
0.669	3.0765726137764
0.67	3.07714037762881
0.671	3.07770825959611
0.672	3.07827625975203
0.673	3.07884437817041
0.674	3.07941261492514
0.675	3.0799809700902
0.676	3.08054944373965
0.677	3.08111803594762
0.678	3.08168674678831
0.679	3.08225557633601
0.68	3.0828245246651
0.681	3.08339359185
0.682	3.08396277796524
0.683	3.08453208308542
0.684	3.08510150728521
0.685	3.08567105063937
0.686	3.08624071322272
0.687	3.08681049511018
0.688	3.08738039637674
0.689	3.08795041709747
0.69	3.0885205573475
0.691	3.08909081720207
0.692	3.08966119673648
0.693	3.09023169602611
0.694	3.09080231514642
0.695	3.09137305417297
0.696	3.09194391318135
0.697	3.09251489224728
0.698	3.09308599144654
0.699	3.09365721085499
0.7	3.09422855054856
0.701	3.09480001060328
0.702	3.09537159109524
0.703	3.09594329210062
0.704	3.09651511369569
0.705	3.09708705595679
0.706	3.09765911896033
0.707	3.09823130278282
0.708	3.09880360750084
0.709	3.09937603319106
0.71	3.09994857993022
0.711	3.10052124779514
0.712	3.10109403686273
0.713	3.10166694720999
0.714	3.10223997891398
0.715	3.10281313205185
0.716	3.10338640670084
0.717	3.10395980293826
0.718	3.10453332084152
0.719	3.10510696048808
0.72	3.10568072195551
0.721	3.10625460532147
0.722	3.10682861066366
0.723	3.10740273805991
0.724	3.1079769875881
0.725	3.10855135932621
0.726	3.1091258533523
0.727	3.10970046974452
0.728	3.11027520858107
0.729	3.11085006994028
0.73	3.11142505390053
0.731	3.1120001605403
0.732	3.11257538993815
0.733	3.11315074217272
0.734	3.11372621732274
0.735	3.11430181546701
0.736	3.11487753668444
0.737	3.115453381054
0.738	3.11602934865475
0.739	3.11660543956586
0.74	3.11718165386654
0.741	3.11775799163611
0.742	3.11833445295399
0.743	3.11891103789966
0.744	3.11948774655269
0.745	3.12006457899274
0.746	3.12064153529955
0.747	3.12121861555296
0.748	3.12179581983289
0.749	3.12237314821933
0.75	3.12295060079237
0.751	3.12352817763219
0.752	3.12410587881904
0.753	3.12468370443328
0.754	3.12526165455534
0.755	3.12583972926573
0.756	3.12641792864507
0.757	3.12699625277405
0.758	3.12757470173345
0.759	3.12815327560414
0.76	3.12873197446707
0.761	3.12931079840329
0.762	3.12988974749392
0.763	3.1304688218202
0.764	3.13104802146341
0.765	3.13162734650497
0.766	3.13220679702634
0.767	3.1327863731091
0.768	3.13336607483491
0.769	3.13394590228553
0.77	3.13452585554277
0.771	3.13510593468857
0.772	3.13568613980495
0.773	3.13626647097401
0.774	3.13684692827793
0.775	3.13742751179901
0.776	3.13800822161961
0.777	3.13858905782219
0.778	3.13917002048931
0.779	3.1397511097036
0.78	3.1403323255478
0.781	3.14091366810473
0.782	3.14149513745729
0.783	3.1420767336885
0.784	3.14265845688144
0.785	3.1432403071193
0.786	3.14382228448534
0.787	3.14440438906294
0.788	3.14498662093555
0.789	3.14556898018672
0.79	3.14615146690009
0.791	3.14673408115938
0.792	3.14731682304843
0.793	3.14789969265113
0.794	3.14848269005151
0.795	3.14906581533366
0.796	3.14964906858176
0.797	3.15023244988011
0.798	3.15081595931307
0.799	3.15139959696511
0.8	3.1519833629208
0.801	3.15256725726479
0.802	3.15315128008183
0.803	3.15373543145675
0.804	3.15431971147449
0.805	3.15490412022008
0.806	3.15548865777864
0.807	3.15607332423539
0.808	3.15665811967562
0.809	3.15724304418475
0.81	3.15782809784827
0.811	3.15841328075178
0.812	3.15899859298095
0.813	3.15958403462158
0.814	3.16016960575954
0.815	3.16075530648079
0.816	3.16134113687141
0.817	3.16192709701755
0.818	3.16251318700548
0.819	3.16309940692154
0.82	3.16368575685218
0.821	3.16427223688395
0.822	3.16485884710349
0.823	3.16544558759754
0.824	3.16603245845291
0.825	3.16661945975656
0.826	3.16720659159549
0.827	3.16779385405684
0.828	3.16838124722783
0.829	3.16896877119576
0.83	3.16955642604806
0.831	3.17014421187224
0.832	3.1707321287559
0.833	3.17132017678675
0.834	3.1719083560526
0.835	3.17249666664135
0.836	3.173085108641
0.837	3.17367368213964
0.838	3.17426238722548
0.839	3.17485122398682
0.84	3.17544019251204
0.841	3.17602929288965
0.842	3.17661852520823
0.843	3.17720788955647
0.844	3.17779738602318
0.845	3.17838701469723
0.846	3.17897677566763
0.847	3.17956666902346
0.848	3.18015669485391
0.849	3.18074685324827
0.85	3.18133714429594
0.851	3.18192756808641
0.852	3.18251812470926
0.853	3.1831088142542
0.854	3.18369963681102
0.855	3.18429059246961
0.856	3.18488168131997
0.857	3.1854729034522
0.858	3.1860642589565
0.859	3.18665574792317
0.86	3.18724737044262
0.861	3.18783912660534
0.862	3.18843101650195
0.863	3.18902304022316
0.864	3.18961519785979
0.865	3.19020748950274
0.866	3.19079991524303
0.867	3.1913924751718
0.868	3.19198516938026
0.869	3.19257799795974
0.87	3.19317096100168
0.871	3.1937640585976
0.872	3.19435729083916
0.873	3.19495065781809
0.874	3.19554415962624
0.875	3.19613779635557
0.876	3.19673156809812
0.877	3.19732547494607
0.878	3.19791951699168
0.879	3.19851369432732
0.88	3.19910800704547
0.881	3.19970245523871
0.882	3.20029703899973
0.883	3.20089175842132
0.884	3.20148661359639
0.885	3.20208160461793
0.886	3.20267673157906
0.887	3.203271994573
0.888	3.20386739369307
0.889	3.2044629290327
0.89	3.20505860068544
0.891	3.20565440874493
0.892	3.20625035330492
0.893	3.20684643445927
0.894	3.20744265230195
0.895	3.20803900692703
0.896	3.20863549842871
0.897	3.20923212690127
0.898	3.20982889243911
0.899	3.21042579513674
0.9	3.21102283508877
0.901	3.21162001238995
0.902	3.21221732713509
0.903	3.21281477941914
0.904	3.21341236933716
0.905	3.21401009698431
0.906	3.21460796245587
0.907	3.21520596584721
0.908	3.21580410725384
0.909	3.21640238677134
0.91	3.21700080449544
0.911	3.21759936052196
0.912	3.21819805494684
0.913	3.21879688786612
0.914	3.21939585937596
0.915	3.21999496957262
0.916	3.22059421855249
0.917	3.22119360641206
0.918	3.22179313324794
0.919	3.22239279915683
0.92	3.22299260423556
0.921	3.22359254858109
0.922	3.22419263229045
0.923	3.22479285546081
0.924	3.22539321818946
0.925	3.22599372057378
0.926	3.22659436271128
0.927	3.22719514469958
0.928	3.22779606663641
0.929	3.22839712861961
0.93	3.22899833074715
0.931	3.2295996731171
0.932	3.23020115582765
0.933	3.2308027789771
0.934	3.23140454266388
0.935	3.23200644698651
0.936	3.23260849204364
0.937	3.23321067793404
0.938	3.23381300475658
0.939	3.23441547261027
0.94	3.2350180815942
0.941	3.23562083180762
0.942	3.23622372334986
0.943	3.23682675632039
0.944	3.23742993081878
0.945	3.23803324694472
0.946	3.23863670479802
0.947	3.23924030447862
0.948	3.23984404608656
0.949	3.240447929722
0.95	3.24105195548522
0.951	3.24165612347663
0.952	3.24226043379673
0.953	3.24286488654617
0.954	3.24346948182571
0.955	3.2440742197362
0.956	3.24467910037866
0.957	3.24528412385418
0.958	3.245889290264
0.959	3.24649459970947
0.96	3.24710005229207
0.961	3.24770564811337
0.962	3.2483113872751
0.963	3.24891726987908
0.964	3.24952329602727
0.965	3.25012946582173
0.966	3.25073577936467
0.967	3.2513422367584
0.968	3.25194883810535
0.969	3.25255558350808
0.97	3.25316247306927
0.971	3.25376950689173
0.972	3.25437668507838
0.973	3.25498400773226
0.974	3.25559147495654
0.975	3.25619908685452
0.976	3.25680684352962
0.977	3.25741474508536
0.978	3.25802279162542
0.979	3.25863098325357
0.98	3.25923932007373
0.981	3.25984780218993
0.982	3.26045642970633
0.983	3.26106520272721
0.984	3.26167412135698
0.985	3.26228318570017
0.986	3.26289239586144
0.987	3.26350175194556
0.988	3.26411125405746
0.989	3.26472090230216
0.99	3.26533069678481
0.991	3.26594063761072
0.992	3.26655072488529
0.993	3.26716095871405
0.994	3.26777133920268
0.995	3.26838186645697
0.996	3.26899254058284
0.997	3.26960336168633
0.998	3.27021432987362
0.999	3.27082544525101
1	3.27143670792494
1.001	3.27204811800197
1.002	3.27265967558878
1.003	3.27327138079218
1.004	3.27388323371914
1.005	3.27449523447671
1.006	3.27510738317211
1.007	3.27571967991267
1.008	3.27633212480585
1.009	3.27694471795925
1.01	3.27755745948059
1.011	3.27817034947773
1.012	3.27878338805864
1.013	3.27939657533146
1.014	3.28000991140443
1.015	3.28062339638591
1.016	3.28123703038444
1.017	3.28185081350864
1.018	3.2824647458673
1.019	3.28307882756932
1.02	3.28369305872373
1.021	3.28430743943973
1.022	3.28492196982659
1.023	3.28553664999378
1.024	3.28615148005085
1.025	3.28676646010751
1.026	3.28738159027361
1.027	3.28799687065912
1.028	3.28861230137413
1.029	3.28922788252891
1.03	3.28984361423382
1.031	3.29045949659937
1.032	3.29107552973622
1.033	3.29169171375515
1.034	3.29230804876707
1.035	3.29292453488305
1.036	3.29354117221426
1.037	3.29415796087205
1.038	3.29477490096786
1.039	3.29539199261332
1.04	3.29600923592014
1.041	3.29662663100021
1.042	3.29724417796555
1.043	3.29786187692829
1.044	3.29847972800074
1.045	3.29909773129531
1.046	3.29971588692458
1.047	3.30033419500125
1.048	3.30095265563816
1.049	3.3015712689483
1.05	3.30219003504479
1.051	3.30280895404089
1.052	3.30342802605
1.053	3.30404725118567
1.054	3.30466662956158
1.055	3.30528616129155
1.056	3.30590584648955
1.057	3.30652568526968
1.058	3.30714567774619
1.059	3.30776582403348
1.06	3.30838612424607
1.061	3.30900657849863
1.062	3.30962718690598
1.063	3.31024794958309
1.064	3.31086886664505
1.065	3.3114899382071
1.066	3.31211116438464
1.067	3.31273254529319
1.068	3.31335408104843
1.069	3.31397577176619
1.07	3.31459761756243
1.071	3.31521961855325
1.072	3.31584177485491
1.073	3.31646408658381
1.074	3.3170865538565
1.075	3.31770917678966
1.076	3.31833195550013
1.077	3.31895489010489
1.078	3.31957798072109
1.079	3.32020122746597
1.08	3.32082463045699
1.081	3.32144818981169
1.082	3.32207190564781
1.083	3.3226957780832
1.084	3.32331980723588
1.085	3.32394399322401
1.086	3.32456833616591
1.087	3.32519283618003
1.088	3.32581749338497
1.089	3.32644230789951
1.09	3.32706727984254
1.091	3.32769240933312
1.092	3.32831769649046
1.093	3.32894314143392
1.094	3.32956874428301
1.095	3.33019450515738
1.096	3.33082042417685
1.097	3.33144650146137
1.098	3.33207273713107
1.099	3.3326991313062
1.1	3.33332568410719
1.101	3.3339523956546
1.102	3.33457926606917
1.103	3.33520629547176
1.104	3.33583348398341
1.105	3.3364608317253
1.106	3.33708833881876
1.107	3.33771600538529
1.108	3.33834383154654
1.109	3.3389718174243
1.11	3.33959996314053
1.111	3.34022826881735
1.112	3.34085673457702
1.113	3.34148536054196
1.114	3.34211414683474
1.115	3.34274309357812
1.116	3.34337220089497
1.117	3.34400146890834
1.118	3.34463089774145
1.119	3.34526048751765
1.12	3.34589023836047
1.121	3.34652015039358
1.122	3.34715022374083
1.123	3.34778045852621
1.124	3.34841085487387
1.125	3.34904141290813
1.126	3.34967213275346
1.127	3.3503030145345
1.128	3.35093405837604
1.129	3.35156526440303
1.13	3.3521966327406
1.131	3.35282816351401
1.132	3.3534598568487
1.133	3.35409171287027
1.134	3.35472373170448
1.135	3.35535591347726
1.136	3.35598825831469
1.137	3.35662076634301
1.138	3.35725343768864
1.139	3.35788627247815
1.14	3.35851927083828
1.141	3.35915243289593
1.142	3.35978575877816
1.143	3.3604192486122
1.144	3.36105290252546
1.145	3.36168672064549
1.146	3.36232070310001
1.147	3.36295485001691
1.148	3.36358916152426
1.149	3.36422363775027
1.15	3.36485827882333
1.151	3.36549308487201
1.152	3.36612805602503
1.153	3.36676319241126
1.154	3.36739849415979
1.155	3.36803396139982
1.156	3.36866959426077
1.157	3.36930539287218
1.158	3.3699413573638
1.159	3.37057748786553
1.16	3.37121378450743
1.161	3.37185024741976
1.162	3.37248687673292
1.163	3.3731236725775
1.164	3.37376063508424
1.165	3.37439776438409
1.166	3.37503506060812
1.167	3.37567252388762
1.168	3.37631015435402
1.169	3.37694795213893
1.17	3.37758591737414
1.171	3.3782240501916
1.172	3.37886235072346
1.173	3.37950081910201
1.174	3.38013945545974
1.175	3.3807782599293
1.176	3.38141723264352
1.177	3.3820563737354
1.178	3.38269568333813
1.179	3.38333516158505
1.18	3.3839748086097
1.181	3.38461462454579
1.182	3.38525460952719
1.183	3.38589476368798
1.184	3.38653508716239
1.185	3.38717558008483
1.186	3.3878162425899
1.187	3.38845707481237
1.188	3.38909807688719
1.189	3.38973924894949
1.19	3.39038059113458
1.191	3.39102210357795
1.192	3.39166378641526
1.193	3.39230563978237
1.194	3.39294766381531
1.195	3.39358985865028
1.196	3.39423222442367
1.197	3.39487476127206
1.198	3.39551746933221
1.199	3.39616034874105
1.2	3.3968033996357
1.201	3.39744662215346
1.202	3.39809001643182
1.203	3.39873358260846
1.204	3.39937732082121
1.205	3.40002123120813
1.206	3.40066531390744
1.207	3.40130956905754
1.208	3.40195399679702
1.209	3.40259859726468
1.21	3.40324337059946
1.211	3.40388831694053
1.212	3.40453343642722
1.213	3.40517872919906
1.214	3.40582419539575
1.215	3.40646983515721
1.216	3.40711564862352
1.217	3.40776163593496
1.218	3.40840779723199
1.219	3.40905413265527
1.22	3.40970064234565
1.221	3.41034732644416
1.222	3.41099418509203
1.223	3.41164121843067
1.224	3.41228842660169
1.225	3.4129358097469
1.226	3.41358336800827
1.227	3.414231101528
1.228	3.41487901044846
1.229	3.41552709491222
1.23	3.41617535506203
1.231	3.41682379104086
1.232	3.41747240299186
1.233	3.41812119105836
1.234	3.41877015538391
1.235	3.41941929611223
1.236	3.42006861338727
1.237	3.42071810735313
1.238	3.42136777815415
1.239	3.42201762593484
1.24	3.42266765083991
1.241	3.42331785301428
1.242	3.42396823260305
1.243	3.42461878975154
1.244	3.42526952460524
1.245	3.42592043730987
1.246	3.42657152801132
1.247	3.4272227968557
1.248	3.42787424398932
1.249	3.42852586955868
1.25	3.42917767371048
1.251	3.42982965659162
1.252	3.43048181834923
1.253	3.43113415913059
1.254	3.43178667908323
1.255	3.43243937835487
1.256	3.43309225709341
1.257	3.43374531544698
1.258	3.4343985535639
1.259	3.4350519715927
1.26	3.43570556968212
1.261	3.43635934798109
1.262	3.43701330663876
1.263	3.43766744580447
1.264	3.43832176562779
1.265	3.43897626625848
1.266	3.4396309478465
1.267	3.44028581054204
1.268	3.44094085449547
1.269	3.44159607985739
1.27	3.44225148677861
1.271	3.44290707541013
1.272	3.44356284590317
1.273	3.44421879840917
1.274	3.44487493307976
1.275	3.4455312500668
1.276	3.44618774952235
1.277	3.44684443159868
1.278	3.44750129644828
1.279	3.44815834422384
1.28	3.44881557507828
1.281	3.44947298916472
1.282	3.45013058663649
1.283	3.45078836764716
1.284	3.45144633235048
1.285	3.45210448090044
1.286	3.45276281345123
1.287	3.45342133015725
1.288	3.45408003117316
1.289	3.45473891665377
1.29	3.45539798675417
1.291	3.45605724162961
1.292	3.45671668143561
1.293	3.45737630632787
1.294	3.45803611646233
1.295	3.45869611199514
1.296	3.45935629308267
1.297	3.46001665988152
1.298	3.46067721254849
1.299	3.46133795124062
1.3	3.46199887611517
1.301	3.4626599873296
1.302	3.46332128504162
1.303	3.46398276940914
1.304	3.46464444059031
1.305	3.4653062987435
1.306	3.4659683440273
1.307	3.46663057660052
1.308	3.46729299662221
1.309	3.46795560425162
1.31	3.46861839964825
1.311	3.46928138297182
1.312	3.46994455438226
1.313	3.47060791403975
1.314	3.47127146210469
1.315	3.4719351987377
1.316	3.47259912409964
1.317	3.47326323835158
1.318	3.47392754165485
1.319	3.47459203417098
1.32	3.47525671606175
1.321	3.47592158748915
1.322	3.47658664861543
1.323	3.47725189960304
1.324	3.47791734061469
1.325	3.4785829718133
1.326	3.47924879336205
1.327	3.47991480542431
1.328	3.48058100816373
1.329	3.48124740174417
1.33	3.48191398632973
1.331	3.48258076208474
1.332	3.48324772917378
1.333	3.48391488776165
1.334	3.48458223801339
1.335	3.48524978009429
1.336	3.48591751416986
1.337	3.48658544040586
1.338	3.48725355896828
1.339	3.48792187002337
1.34	3.48859037373759
1.341	3.48925907027766
1.342	3.48992795981053
1.343	3.4905970425034
1.344	3.4912663185237
1.345	3.49193578803912
1.346	3.49260545121758
1.347	3.49327530822724
1.348	3.4939453592365
1.349	3.49461560441403
1.35	3.49528604392873
1.351	3.49595667794972
1.352	3.4966275066464
1.353	3.4972985301884
1.354	3.4979697487456
1.355	3.49864116248814
1.356	3.49931277158637
1.357	3.49998457621093
1.358	3.50065657653269
1.359	3.50132877272277
1.36	3.50200116495253
1.361	3.5026737533936
1.362	3.50334653821784
1.363	3.50401951959738
1.364	3.50469269770458
1.365	3.50536607271209
1.366	3.50603964479276
1.367	3.50671341411973
1.368	3.50738738086639
1.369	3.50806154520638
1.37	3.50873590731358
1.371	3.50941046736215
1.372	3.51008522552649
1.373	3.51076018198125
1.374	3.51143533690137
1.375	3.512110690462
1.376	3.51278624283859
1.377	3.51346199420682
1.378	3.51413794474264
1.379	3.51481409462227
1.38	3.51549044402217
1.381	3.51616699311906
1.382	3.51684374208995
1.383	3.51752069111208
1.384	3.51819784036296
1.385	3.51887519002039
1.386	3.51955274026238
1.387	3.52023049126725
1.388	3.52090844321357
1.389	3.52158659628016
1.39	3.52226495064613
1.391	3.52294350649084
1.392	3.52362226399393
1.393	3.52430122333529
1.394	3.52498038469508
1.395	3.52565974825374
1.396	3.52633931419198
1.397	3.52701908269076
1.398	3.52769905393132
1.399	3.52837922809519
1.4	3.52905960536413
1.401	3.52974018592022
1.402	3.53042096994576
1.403	3.53110195762337
1.404	3.53178314913592
1.405	3.53246454466655
1.406	3.53314614439868
1.407	3.53382794851601
1.408	3.53450995720252
1.409	3.53519217064245
1.41	3.53587458902032
1.411	3.53655721252093
1.412	3.53724004132938
1.413	3.53792307563101
1.414	3.53860631561146
1.415	3.53928976145666
1.416	3.53997341335279
1.417	3.54065727148634
1.418	3.54134133604406
1.419	3.542025607213
1.42	3.54271008518048
1.421	3.54339477013411
1.422	3.54407966226178
1.423	3.54476476175167
1.424	3.54545006879224
1.425	3.54613558357223
1.426	3.54682130628068
1.427	3.5475072371069
1.428	3.54819337624051
1.429	3.5488797238714
1.43	3.54956628018975
1.431	3.55025304538604
1.432	3.55094001965103
1.433	3.55162720317577
1.434	3.55231459615162
1.435	3.55300219877019
1.436	3.55369001122343
1.437	3.55437803370356
1.438	3.55506626640309
1.439	3.55575470951483
1.44	3.55644336323189
1.441	3.55713222774767
1.442	3.55782130325586
1.443	3.55851058995046
1.444	3.55920008802576
1.445	3.55988979767635
1.446	3.56057971909711
1.447	3.56126985248323
1.448	3.56196019803021
1.449	3.56265075593383
1.45	3.56334152639017
1.451	3.56403250959563
1.452	3.5647237057469
1.453	3.56541511504099
1.454	3.56610673767518
1.455	3.56679857384709
1.456	3.56749062375463
1.457	3.56818288759601
1.458	3.56887536556975
1.459	3.5695680578747
1.46	3.57026096470998
1.461	3.57095408627504
1.462	3.57164742276964
1.463	3.57234097439385
1.464	3.57303474134804
1.465	3.5737287238329
1.466	3.57442292204943
1.467	3.57511733619894
1.468	3.57581196648306
1.469	3.57650681310372
1.47	3.57720187626319
1.471	3.57789715616403
1.472	3.57859265300912
1.473	3.57928836700168
1.474	3.57998429834522
1.475	3.58068044724357
1.476	3.5813768139009
1.477	3.58207339852168
1.478	3.58277020131071
1.479	3.5834672224731
1.48	3.5841644622143
1.481	3.58486192074006
1.482	3.58555959825647
1.483	3.58625749496994
1.484	3.5869556110872
1.485	3.58765394681531
1.486	3.58835250236165
1.487	3.58905127793393
1.488	3.58975027374019
1.489	3.5904494899888
1.49	3.59114892688845
1.491	3.59184858464816
1.492	3.59254846347729
1.493	3.59324856358552
1.494	3.59394888518287
1.495	3.59464942847969
1.496	3.59535019368666
1.497	3.5960511810148
1.498	3.59675239067546
1.499	3.59745382288032
1.5	3.5981554778414
1.501	3.59885735577108
1.502	3.59955945688203
1.503	3.60026178138731
1.504	3.60096432950028
1.505	3.60166710143465
1.506	3.60237009740449
1.507	3.60307331762418
1.508	3.60377676230848
1.509	3.60448043167245
1.51	3.60518432593152
1.511	3.60588844530147
1.512	3.6065927899984
1.513	3.60729736023878
1.514	3.60800215623942
1.515	3.60870717821747
1.516	3.60941242639044
1.517	3.61011790097618
1.518	3.61082360219288
1.519	3.61152953025911
1.52	3.61223568539377
1.521	3.61294206781612
1.522	3.61364867774576
1.523	3.61435551540266
1.524	3.61506258100714
1.525	3.61576987477988
1.526	3.6164773969419
1.527	3.61718514771459
1.528	3.6178931273197
1.529	3.61860133597933
1.53	3.61930977391595
1.531	3.62001844135238
1.532	3.6207273385118
1.533	3.62143646561776
1.534	3.62214582289418
1.535	3.62285541056532
1.536	3.62356522885583
1.537	3.62427527799071
1.538	3.62498555819532
1.539	3.62569606969541
1.54	3.62640681271708
1.541	3.62711778748679
1.542	3.62782899423141
1.543	3.62854043317812
1.544	3.62925210455453
1.545	3.62996400858858
1.546	3.63067614550861
1.547	3.63138851554331
1.548	3.63210111892177
1.549	3.63281395587343
1.55	3.63352702662813
1.551	3.63424033141607
1.552	3.63495387046783
1.553	3.63566764401438
1.554	3.63638165228707
1.555	3.6370958955176
1.556	3.63781037393809
1.557	3.63852508778103
1.558	3.63924003727928
1.559	3.6399552226661
1.56	3.64067064417513
1.561	3.6413863020404
1.562	3.64210219649631
1.563	3.64281832777767
1.564	3.64353469611967
1.565	3.64425130175788
1.566	3.64496814492827
1.567	3.64568522586721
1.568	3.64640254481144
1.569	3.64712010199811
1.57	3.64783789766476
1.571	3.64855593204932
1.572	3.64927420539013
1.573	3.64999271792592
1.574	3.6507114698958
1.575	3.6514304615393
1.576	3.65214969309634
1.577	3.65286916480725
1.578	3.65358887691275
1.579	3.65430882965398
1.58	3.65502902327246
1.581	3.65574945801012
1.582	3.65647013410932
1.583	3.65719105181279
1.584	3.65791221136368
1.585	3.65863361300557
1.586	3.65935525698243
1.587	3.66007714353863
1.588	3.66079927291896
1.589	3.66152164536864
1.59	3.66224426113327
1.591	3.6629671204589
1.592	3.66369022359196
1.593	3.66441357077932
1.594	3.66513716226826
1.595	3.66586099830647
1.596	3.66658507914207
1.597	3.6673094050236
1.598	3.66803397620001
1.599	3.66875879292068
1.6	3.66948385543541
1.601	3.67020916399442
1.602	3.67093471884837
1.603	3.67166052024834
1.604	3.67238656844582
1.605	3.67311286369274
1.606	3.67383940624146
1.607	3.67456619634478
1.608	3.67529323425591
1.609	3.67602052022851
1.61	3.67674805451665
1.611	3.67747583737487
1.612	3.67820386905811
1.613	3.67893214982176
1.614	3.67966067992165
1.615	3.68038945961405
1.616	3.68111848915567
1.617	3.68184776880364
1.618	3.68257729881556
1.619	3.68330707944945
1.62	3.68403711096379
1.621	3.68476739361749
1.622	3.68549792766992
1.623	3.68622871338089
1.624	3.68695975101065
1.625	3.68769104081991
1.626	3.68842258306984
1.627	3.68915437802203
1.628	3.68988642593854
1.629	3.69061872708189
1.63	3.69135128171505
1.631	3.69208409010143
1.632	3.69281715250493
1.633	3.69355046918987
1.634	3.69428404042104
1.635	3.69501786646372
1.636	3.69575194758361
1.637	3.69648628404689
1.638	3.6972208761202
1.639	3.69795572407066
1.64	3.69869082816582
1.641	3.69942618867374
1.642	3.70016180586292
1.643	3.70089768000233
1.644	3.70163381136141
1.645	3.7023702002101
1.646	3.70310684681876
1.647	3.70384375145827
1.648	3.70458091439997
1.649	3.70531833591567
1.65	3.70605601627765
1.651	3.70679395575869
1.652	3.70753215463204
1.653	3.70827061317142
1.654	3.70900933165104
1.655	3.7097483103456
1.656	3.71048754953027
1.657	3.71122704948072
1.658	3.7119668104731
1.659	3.71270683278404
1.66	3.71344711669067
1.661	3.71418766247061
1.662	3.71492847040196
1.663	3.71566954076332
1.664	3.71641087383379
1.665	3.71715246989296
1.666	3.71789432922091
1.667	3.71863645209822
1.668	3.71937883880598
1.669	3.72012148962577
1.67	3.72086440483967
1.671	3.72160758473026
1.672	3.72235102958064
1.673	3.7230947396744
1.674	3.72383871529563
1.675	3.72458295672896
1.676	3.72532746425948
1.677	3.72607223817284
1.678	3.72681727875516
1.679	3.72756258629311
1.68	3.72830816107383
1.681	3.72905400338502
1.682	3.72980011351487
1.683	3.73054649175209
1.684	3.73129313838592
1.685	3.73204005370611
1.686	3.73278723800294
1.687	3.73353469156719
1.688	3.73428241469021
1.689	3.73503040766383
1.69	3.73577867078043
1.691	3.73652720433291
1.692	3.73727600861471
1.693	3.73802508391979
1.694	3.73877443054265
1.695	3.73952404877832
1.696	3.74027393892237
1.697	3.74102410127089
1.698	3.74177453612053
1.699	3.74252524376847
1.7	3.74327622451242
1.701	3.74402747865065
1.702	3.74477900648196
1.703	3.7455308083057
1.704	3.74628288442177
1.705	3.74703523513061
1.706	3.74778786073321
1.707	3.74854076153112
1.708	3.74929393782642
1.709	3.75004738992178
1.71	3.75080111812037
1.711	3.75155512272598
1.712	3.7523094040429
1.713	3.75306396237602
1.714	3.75381879803076
1.715	3.75457391131313
1.716	3.75532930252968
1.717	3.75608497198753
1.718	3.75684091999438
1.719	3.75759714685848
1.72	3.75835365288866
1.721	3.75911043839432
1.722	3.75986750368541
1.723	3.76062484907249
1.724	3.76138247486667
1.725	3.76214038137965
1.726	3.76289856892368
1.727	3.76365703781164
1.728	3.76441578835694
1.729	3.7651748208736
1.73	3.76593413567621
1.731	3.76669373307997
1.732	3.76745361340063
1.733	3.76821377695457
1.734	3.76897422405872
1.735	3.76973495503062
1.736	3.77049597018842
1.737	3.77125726985083
1.738	3.77201885433718
1.739	3.7727807239674
1.74	3.773542879062
1.741	3.7743053199421
1.742	3.77506804692943
1.743	3.77583106034633
1.744	3.77659436051571
1.745	3.77735794776113
1.746	3.77812182240674
1.747	3.77888598477729
1.748	3.77965043519816
1.749	3.78041517399534
1.75	3.78118020149542
1.751	3.78194551802563
1.752	3.78271112391381
1.753	3.7834770194884
1.754	3.7842432050785
1.755	3.78500968101381
1.756	3.78577644762464
1.757	3.78654350524197
1.758	3.78731085419736
1.759	3.78807849482305
1.76	3.78884642745187
1.761	3.78961465241729
1.762	3.79038317005344
1.763	3.79115198069507
1.764	3.79192108467757
1.765	3.79269048233697
1.766	3.79346017400993
1.767	3.79423016003378
1.768	3.79500044074648
1.769	3.79577101648664
1.77	3.79654188759351
1.771	3.79731305440701
1.772	3.79808451726769
1.773	3.79885627651677
1.774	3.79962833249612
1.775	3.80040068554827
1.776	3.80117333601641
1.777	3.80194628424438
1.778	3.80271953057671
1.779	3.80349307535857
1.78	3.80426691893579
1.781	3.80504106165491
1.782	3.80581550386309
1.783	3.80659024590819
1.784	3.80736528813875
1.785	3.80814063090397
1.786	3.80891627455372
1.787	3.80969221943858
1.788	3.81046846590978
1.789	3.81124501431925
1.79	3.8120218650196
1.791	3.81279901836413
1.792	3.81357647470683
1.793	3.81435423440237
1.794	3.81513229780612
1.795	3.81591066527415
1.796	3.81668933716322
1.797	3.81746831383078
1.798	3.818247595635
1.799	3.81902718293473
1.8	3.81980707608955
1.801	3.82058727545971
1.802	3.82136778140621
1.803	3.82214859429072
1.804	3.82292971447565
1.805	3.82371114232411
1.806	3.82449287819994
1.807	3.82527492246766
1.808	3.82605727549257
1.809	3.82683993764064
1.81	3.82762290927858
1.811	3.82840619077383
1.812	3.82918978249456
1.813	3.82997368480966
1.814	3.83075789808876
1.815	3.83154242270222
1.816	3.83232725902113
1.817	3.83311240741733
1.818	3.83389786826339
1.819	3.83468364193263
1.82	3.83546972879911
1.821	3.83625612923762
1.822	3.83704284362374
1.823	3.83782987233375
1.824	3.83861721574472
1.825	3.83940487423445
1.826	3.84019284818152
1.827	3.84098113796525
1.828	3.84176974396573
1.829	3.8425586665638
1.83	3.84334790614108
1.831	3.84413746307996
1.832	3.84492733776358
1.833	3.84571753057587
1.834	3.84650804190152
1.835	3.84729887212602
1.836	3.8480900216356
1.837	3.8488814908173
1.838	3.84967328005894
1.839	3.85046538974911
1.84	3.85125782027719
1.841	3.85205057203338
1.842	3.85284364540862
1.843	3.85363704079468
1.844	3.85443075858411
1.845	3.85522479917028
1.846	3.85601916294733
1.847	3.85681385031022
1.848	3.85760886165472
1.849	3.85840419737739
1.85	3.85919985787562
1.851	3.8599958435476
1.852	3.86079215479232
1.853	3.86158879200963
1.854	3.86238575560015
1.855	3.86318304596535
1.856	3.86398066350752
1.857	3.86477860862977
1.858	3.86557688173605
1.859	3.86637548323111
1.86	3.86717441352058
1.861	3.86797367301089
1.862	3.86877326210932
1.863	3.86957318122398
1.864	3.87037343076386
1.865	3.87117401113874
1.866	3.87197492275929
1.867	3.87277616603701
1.868	3.87357774138426
1.869	3.87437964921426
1.87	3.87518188994108
1.871	3.87598446397965
1.872	3.87678737174576
1.873	3.87759061365608
1.874	3.87839419012813
1.875	3.8791981015803
1.876	3.88000234843188
1.877	3.880806931103
1.878	3.88161185001469
1.879	3.88241710558886
1.88	3.88322269824829
1.881	3.88402862841665
1.882	3.88483489651851
1.883	3.88564150297931
1.884	3.88644844822541
1.885	3.88725573268405
1.886	3.88806335678336
1.887	3.88887132095238
1.888	3.88967962562108
1.889	3.89048827122028
1.89	3.89129725818177
1.891	3.89210658693821
1.892	3.89291625792319
1.893	3.89372627157121
1.894	3.89453662831772
1.895	3.89534732859904
1.896	3.89615837285247
1.897	3.8969697615162
1.898	3.89778149502936
1.899	3.89859357383204
1.9	3.89940599836522
1.901	3.90021876907087
1.902	3.90103188639186
1.903	3.90184535077203
1.904	3.90265916265616
1.905	3.90347332248997
1.906	3.90428783072017
1.907	3.90510268779438
1.908	3.90591789416122
1.909	3.90673345027023
1.91	3.90754935657196
1.911	3.9083656135179
1.912	3.90918222156051
1.913	3.90999918115324
1.914	3.91081649275051
1.915	3.91163415680771
1.916	3.91245217378124
1.917	3.91327054412844
1.918	3.91408926830769
1.919	3.91490834677832
1.92	3.91572778000069
1.921	3.91654756843612
1.922	3.91736771254697
1.923	3.91818821279657
1.924	3.91900906964928
1.925	3.91983028357046
1.926	3.92065185502648
1.927	3.92147378448473
1.928	3.92229607241363
1.929	3.92311871928261
1.93	3.92394172556212
1.931	3.92476509172365
1.932	3.92558881823972
1.933	3.92641290558388
1.934	3.92723735423072
1.935	3.92806216465588
1.936	3.92888733733603
1.937	3.92971287274889
1.938	3.93053877137325
1.939	3.93136503368893
1.94	3.93219166017682
1.941	3.93301865131886
1.942	3.93384600759807
1.943	3.93467372949853
1.944	3.93550181750538
1.945	3.93633027210486
1.946	3.93715909378425
1.947	3.93798828303195
1.948	3.93881784033741
1.949	3.93964776619119
1.95	3.94047806108494
1.951	3.94130872551138
1.952	3.94213975996435
1.953	3.9429711649388
1.954	3.94380294093075
1.955	3.94463508843736
1.956	3.94546760795688
1.957	3.94630049998869
1.958	3.94713376503328
1.959	3.94796740359227
1.96	3.94880141616838
1.961	3.9496358032655
1.962	3.95047056538862
1.963	3.95130570304387
1.964	3.95214121673853
1.965	3.95297710698102
1.966	3.95381337428091
1.967	3.9546500191489
1.968	3.95548704209687
1.969	3.95632444363785
1.97	3.95716222428603
1.971	3.95800038455675
1.972	3.95883892496654
1.973	3.95967784603309
1.974	3.96051714827528
1.975	3.96135683221315
1.976	3.96219689836794
1.977	3.96303734726206
1.978	3.96387817941914
1.979	3.96471939536398
1.98	3.96556099562258
1.981	3.96640298072216
1.982	3.96724535119113
1.983	3.96808810755911
1.984	3.96893125035695
1.985	3.9697747801167
1.986	3.97061869737164
1.987	3.97146300265628
1.988	3.97230769650636
1.989	3.97315277945885
1.99	3.97399825205194
1.991	3.9748441148251
1.992	3.97569036831902
1.993	3.97653701307565
1.994	3.97738404963818
1.995	3.97823147855107
1.996	3.97907930036004
1.997	3.97992751561208
1.998	3.98077612485545
1.999	3.98162512863967
2	3.98247452751556
2.001	3.9833243220352
2.002	3.98417451275198
2.003	3.98502510022057
2.004	3.98587608499694
2.005	3.98672746763834
2.006	3.98757924870335
2.007	3.98843142875185
2.008	3.98928400834503
2.009	3.99013698804539
2.01	3.99099036841677
2.011	3.99184415002431
2.012	3.9926983334345
2.013	3.99355291921516
2.014	3.99440790793545
2.015	3.99526330016586
2.016	3.99611909647824
2.017	3.9969752974458
2.018	3.99783190364308
2.019	3.998688915646
2.02	3.99954633403184
2.021	4.00040415937926
2.022	4.00126239226829
2.023	4.00212103328033
2.024	4.00298008299816
2.025	4.00383954200596
2.026	4.00469941088932
2.027	4.00555969023518
2.028	4.00642038063194
2.029	4.00728148266935
2.03	4.00814299693861
2.031	4.00900492403233
2.032	4.00986726454454
2.033	4.01073001907068
2.034	4.01159318820764
2.035	4.01245677255374
2.036	4.01332077270875
2.037	4.01418518927385
2.038	4.01505002285171
2.039	4.01591527404645
2.04	4.01678094346362
2.041	4.01764703171027
2.042	4.01851353939489
2.043	4.01938046712748
2.044	4.02024781551948
2.045	4.02111558518385
2.046	4.02198377673502
2.047	4.02285239078891
2.048	4.02372142796297
2.049	4.02459088887611
2.05	4.0254607741488
2.051	4.02633108440299
2.052	4.02720182026216
2.053	4.02807298235132
2.054	4.02894457129701
2.055	4.0298165877273
2.056	4.03068903227182
2.057	4.03156190556172
2.058	4.03243520822973
2.059	4.03330894091012
2.06	4.03418310423873
2.061	4.03505769885296
2.062	4.03593272539179
2.063	4.03680818449578
2.064	4.03768407680709
2.065	4.03856040296943
2.066	4.03943716362815
2.067	4.04031435943017
2.068	4.04119199102404
2.069	4.0420700590599
2.07	4.04294856418953
2.071	4.04382750706632
2.072	4.04470688834529
2.073	4.04558670868311
2.074	4.04646696873806
2.075	4.0473476691701
2.076	4.04822881064083
2.077	4.04911039381349
2.078	4.04999241935302
2.079	4.05087488792601
2.08	4.05175780020071
2.081	4.05264115684708
2.082	4.05352495853675
2.083	4.05440920594306
2.084	4.05529389974104
2.085	4.0561790406074
2.086	4.05706462922061
2.087	4.05795066626083
2.088	4.05883715240994
2.089	4.05972408835157
2.09	4.06061147477106
2.091	4.06149931235551
2.092	4.06238760179377
2.093	4.06327634377643
2.094	4.06416553899586
2.095	4.06505518814618
2.096	4.0659452919233
2.097	4.06683585102489
2.098	4.06772686615042
2.099	4.06861833800115
2.1	4.06951026728014
2.101	4.07040265469225
2.102	4.07129550094416
2.103	4.07218880674437
2.104	4.07308257280319
2.105	4.07397679983278
2.106	4.07487148854713
2.107	4.07576663966208
2.108	4.0766622538953
2.109	4.07755833196635
2.11	4.07845487459664
2.111	4.07935188250945
2.112	4.08024935642994
2.113	4.08114729708516
2.114	4.08204570520405
2.115	4.08294458151745
2.116	4.08384392675811
2.117	4.08474374166068
2.118	4.08564402696173
2.119	4.08654478339979
2.12	4.08744601171529
2.121	4.08834771265061
2.122	4.08924988695008
2.123	4.09015253535999
2.124	4.09105565862859
2.125	4.0919592575061
2.126	4.09286333274472
2.127	4.09376788509862
2.128	4.09467291532399
2.129	4.095578424179
2.13	4.09648441242382
2.131	4.09739088082066
2.132	4.09829783013373
2.133	4.09920526112928
2.134	4.10011317457559
2.135	4.10102157124299
2.136	4.10193045190387
2.137	4.10283981733264
2.138	4.10374966830584
2.139	4.10466000560204
2.14	4.10557083000191
2.141	4.10648214228819
2.142	4.10739394324576
2.143	4.10830623366157
2.144	4.10921901432469
2.145	4.11013228602633
2.146	4.11104604955981
2.147	4.11196030572061
2.148	4.11287505530634
2.149	4.11379029911676
2.15	4.11470603795381
2.151	4.11562227262159
2.152	4.11653900392638
2.153	4.11745623267666
2.154	4.11837395968309
2.155	4.11929218575853
2.156	4.12021091171808
2.157	4.12113013837904
2.158	4.12204986656093
2.159	4.12297009708553
2.16	4.12389083077686
2.161	4.1248120684612
2.162	4.12573381096707
2.163	4.12665605912529
2.164	4.12757881376895
2.165	4.12850207573343
2.166	4.12942584585641
2.167	4.13035012497788
2.168	4.13127491394014
2.169	4.13220021358783
2.17	4.13312602476791
2.171	4.13405234832969
2.172	4.13497918512482
2.173	4.13590653600734
2.174	4.13683440183364
2.175	4.13776278346249
2.176	4.13869168175506
2.177	4.13962109757491
2.178	4.14055103178802
2.179	4.14148148526277
2.18	4.14241245886998
2.181	4.1433439534829
2.182	4.14427596997724
2.183	4.14520850923115
2.184	4.14614157212524
2.185	4.14707515954263
2.186	4.14800927236888
2.187	4.14894391149208
2.188	4.14987907780281
2.189	4.15081477219416
2.19	4.15175099556174
2.191	4.15268774880373
2.192	4.15362503282081
2.193	4.15456284851623
2.194	4.15550119679582
2.195	4.15644007856797
2.196	4.15737949474366
2.197	4.15831944623646
2.198	4.15925993396255
2.199	4.16020095884073
2.2	4.16114252179242
2.201	4.16208462374168
2.202	4.16302726561522
2.203	4.16397044834241
2.204	4.16491417285528
2.205	4.16585844008855
2.206	4.16680325097962
2.207	4.16774860646861
2.208	4.16869450749834
2.209	4.16964095501435
2.21	4.17058794996492
2.211	4.17153549330106
2.212	4.17248358597658
2.213	4.17343222894802
2.214	4.1743814231747
2.215	4.17533116961874
2.216	4.17628146924507
2.217	4.17723232302142
2.218	4.17818373191836
2.219	4.17913569690927
2.22	4.1800882189704
2.221	4.18104129908085
2.222	4.18199493822261
2.223	4.18294913738053
2.224	4.18390389754236
2.225	4.18485921969876
2.226	4.18581510484332
2.227	4.18677155397254
2.228	4.18772856808589
2.229	4.18868614818576
2.23	4.18964429527754
2.231	4.19060301036959
2.232	4.19156229447325
2.233	4.19252214860288
2.234	4.19348257377585
2.235	4.19444357101257
2.236	4.19540514133647
2.237	4.19636728577406
2.238	4.19733000535491
2.239	4.19829330111166
2.24	4.19925717408006
2.241	4.20022162529896
2.242	4.20118665581032
2.243	4.20215226665925
2.244	4.203118458894
2.245	4.20408523356597
2.246	4.20505259172975
2.247	4.2060205344431
2.248	4.206989062767
2.249	4.20795817776562
2.25	4.20892788050636
2.251	4.20989817205988
2.252	4.21086905350008
2.253	4.21184052590413
2.254	4.21281259035249
2.255	4.2137852479289
2.256	4.21475849972042
2.257	4.21573234681744
2.258	4.21670679031368
2.259	4.21768183130622
2.26	4.2186574708955
2.261	4.21963371018535
2.262	4.22061055028299
2.263	4.22158799229906
2.264	4.22256603734761
2.265	4.22354468654615
2.266	4.22452394101563
2.267	4.22550380188049
2.268	4.22648427026863
2.269	4.22746534731147
2.27	4.22844703414394
2.271	4.2294293319045
2.272	4.23041224173515
2.273	4.23139576478148
2.274	4.23237990219264
2.275	4.23336465512135
2.276	4.23435002472398
2.277	4.2353360121605
2.278	4.23632261859453
2.279	4.23730984519335
2.28	4.23829769312791
2.281	4.23928616357283
2.282	4.24027525770648
2.283	4.24126497671091
2.284	4.24225532177193
2.285	4.2432462940791
2.286	4.24423789482575
2.287	4.24523012520899
2.288	4.24622298642977
2.289	4.24721647969283
2.29	4.24821060620675
2.291	4.24920536718398
2.292	4.25020076384083
2.293	4.25119679739753
2.294	4.25219346907818
2.295	4.25319078011084
2.296	4.25418873172748
2.297	4.25518732516407
2.298	4.25618656166053
2.299	4.25718644246079
2.3	4.25818696881279
2.301	4.25918814196852
2.302	4.26018996318399
2.303	4.26119243371931
2.304	4.26219555483867
2.305	4.26319932781036
2.306	4.26420375390681
2.307	4.26520883440458
2.308	4.2662145705844
2.309	4.2672209637312
2.31	4.26822801513407
2.311	4.26923572608637
2.312	4.27024409788567
2.313	4.27125313183381
2.314	4.2722628292369
2.315	4.27327319140537
2.316	4.27428421965396
2.317	4.27529591530173
2.318	4.27630827967214
2.319	4.27732131409298
2.32	4.27833501989649
2.321	4.2793493984193
2.322	4.28036445100248
2.323	4.28138017899157
2.324	4.28239658373661
2.325	4.2834136665921
2.326	4.28443142891711
2.327	4.28544987207522
2.328	4.2864689974346
2.329	4.28748880636801
2.33	4.2885093002528
2.331	4.28953048047096
2.332	4.29055234840915
2.333	4.29157490545868
2.334	4.29259815301558
2.335	4.29362209248058
2.336	4.29464672525916
2.337	4.29567205276158
2.338	4.29669807640286
2.339	4.29772479760285
2.34	4.29875221778622
2.341	4.29978033838252
2.342	4.30080916082615
2.343	4.30183868655643
2.344	4.30286891701759
2.345	4.30389985365884
2.346	4.30493149793433
2.347	4.30596385130323
2.348	4.30699691522972
2.349	4.30803069118304
2.35	4.30906518063747
2.351	4.31010038507243
2.352	4.31113630597242
2.353	4.31217294482709
2.354	4.31321030313129
2.355	4.31424838238503
2.356	4.31528718409355
2.357	4.31632670976735
2.358	4.31736696092217
2.359	4.31840793907908
2.36	4.31944964576444
2.361	4.32049208251
2.362	4.32153525085284
2.363	4.32257915233548
2.364	4.32362378850584
2.365	4.3246691609173
2.366	4.32571527112874
2.367	4.32676212070452
2.368	4.32780971121457
2.369	4.32885804423435
2.37	4.32990712134494
2.371	4.33095694413301
2.372	4.33200751419091
2.373	4.33305883311663
2.374	4.3341109025139
2.375	4.33516372399216
2.376	4.3362172991666
2.377	4.33727162965822
2.378	4.33832671709385
2.379	4.33938256310613
2.38	4.34043916933361
2.381	4.34149653742073
2.382	4.34255466901789
2.383	4.34361356578142
2.384	4.34467322937368
2.385	4.34573366146304
2.386	4.34679486372394
2.387	4.3478568378369
2.388	4.34891958548857
2.389	4.34998310837174
2.39	4.35104740818539
2.391	4.35211248663472
2.392	4.35317834543116
2.393	4.35424498629244
2.394	4.35531241094259
2.395	4.35638062111198
2.396	4.35744961853736
2.397	4.3585194049619
2.398	4.35958998213519
2.399	4.36066135181331
2.4	4.36173351575885
2.401	4.36280647574094
2.402	4.3638802335353
2.403	4.36495479092423
2.404	4.3660301496967
2.405	4.36710631164837
2.406	4.36818327858159
2.407	4.36926105230547
2.408	4.37033963463592
2.409	4.37141902739566
2.41	4.37249923241427
2.411	4.37358025152823
2.412	4.37466208658093
2.413	4.37574473942275
2.414	4.37682821191108
2.415	4.37791250591032
2.416	4.37899762329198
2.417	4.38008356593466
2.418	4.38117033572414
2.419	4.38225793455338
2.42	4.38334636432257
2.421	4.38443562693918
2.422	4.38552572431797
2.423	4.38661665838107
2.424	4.38770843105799
2.425	4.38880104428565
2.426	4.38989450000846
2.427	4.39098880017834
2.428	4.39208394675474
2.429	4.39317994170471
2.43	4.39427678700294
2.431	4.39537448463177
2.432	4.39647303658127
2.433	4.39757244484927
2.434	4.39867271144138
2.435	4.39977383837107
2.436	4.4008758276597
2.437	4.40197868133652
2.438	4.40308240143879
2.439	4.40418699001177
2.44	4.40529244910879
2.441	4.40639878079126
2.442	4.40750598712875
2.443	4.40861407019904
2.444	4.40972303208814
2.445	4.41083287489032
2.446	4.41194360070823
2.447	4.41305521165285
2.448	4.41416770984362
2.449	4.41528109740842
2.45	4.41639537648369
2.451	4.41751054921439
2.452	4.41862661775413
2.453	4.41974358426518
2.454	4.4208614509185
2.455	4.42198021989383
2.456	4.42309989337973
2.457	4.4242204735736
2.458	4.42534196268177
2.459	4.42646436291951
2.46	4.42758767651113
2.461	4.42871190568998
2.462	4.42983705269856
2.463	4.43096311978849
2.464	4.43209010922067
2.465	4.43321802326522
2.466	4.43434686420162
2.467	4.43547663431872
2.468	4.43660733591481
2.469	4.43773897129768
2.47	4.43887154278463
2.471	4.44000505270261
2.472	4.44113950338818
2.473	4.44227489718765
2.474	4.44341123645707
2.475	4.44454852356233
2.476	4.44568676087921
2.477	4.44682595079341
2.478	4.44796609570066
2.479	4.44910719800672
2.48	4.45024926012748
2.481	4.45139228448902
2.482	4.45253627352762
2.483	4.45368122968991
2.484	4.45482715543284
2.485	4.45597405322379
2.486	4.45712192554063
2.487	4.45827077487177
2.488	4.45942060371623
2.489	4.4605714145837
2.49	4.46172320999461
2.491	4.46287599248018
2.492	4.46402976458251
2.493	4.46518452885461
2.494	4.46634028786051
2.495	4.46749704417527
2.496	4.46865480038512
2.497	4.46981355908746
2.498	4.47097332289095
2.499	4.47213409441561
2.5	4.47329587629284
