% Motor Sweep Step 40/50
% Vcmd       = 0.5000 [V]
% Direction  = CCW
% Vg_offset  = 1.334866 [V]
% K_gimbal   = 26.049690 [(rad/s)/V]

Time[s]              Vcmd[V]              Vg_raw[V]            Pot[V]               Omega[rad/s]
        0.0000164000         0.5000000000         1.3352870017         2.5849036724         0.0109704085
        0.0050114000         0.5000000000         1.3327346748         2.5874555498        -0.0555169157
        0.0100093000         0.5000000000         1.3352870017         2.5797999174         0.0109704085
        0.0150086000         0.5000000000         1.2842404646         2.5874555498        -1.3187760760
        0.0200085000         0.5000000000         1.0366647595         2.5670405302        -7.7680465260
        0.0250088000         0.5000000000         1.1157868920         2.5313142457        -5.7069394750
        0.0300072000         0.5000000000         1.0800543160         2.5057954711        -6.6377620142
        0.0351432000         0.5000000000         0.9651996075         2.4853804515        -9.6296916044
        0.0400096000         0.5000000000         0.9983798566         2.4445504121        -8.7653563894
        0.0450079000         0.5000000000         0.9447809927         2.3986166179       -10.1615901982
        0.0500082000         0.5000000000         0.8528972258         2.3654422109       -12.5551338703
        0.0550480000         0.5000000000         0.8809728212         2.3067490293       -11.8237733039
        0.0600083000         0.5000000000         0.8044030155         2.2608152351       -13.8183930307
        0.0650061000         0.5000000000         0.7967460350         2.2174333183       -14.0178550033
        0.0700065000         0.5000000000         0.7890890544         2.1612920142       -14.2173169760
        0.0750500000         0.5000000000         0.7456994979         2.1051507101       -15.3476014879
        0.0800084000         0.5000000000         0.7405948441         2.0388018961       -15.4805761363
        0.0850087000         0.5000000000         0.7252808830         1.9750049597       -15.8795000817
        0.0900058000         0.5000000000         0.6921006339         1.9214155330       -16.7438352966
        0.0950069000         0.5000000000         0.6946529607         1.8448592093       -16.6773479724
        0.1000061000         0.5000000000         0.6997576144         1.7938216601       -16.5443733239
        0.1050059000         0.5000000000         0.6640250384         1.7300247236       -17.4751958631
        0.1100041000         0.5000000000         0.6793389996         1.6611240322       -17.0762719178
        0.1150066000         0.5000000000         0.6308447893         1.5845677084       -18.3395310781
        0.1200084000         0.5000000000         0.6614727116         1.5156670170       -17.5416831873
        0.1250122000         0.5000000000         0.6436064236         1.4544219580       -18.0070944569
        0.1300348000         0.5000000000         0.6257401356         1.3829693892       -18.4725057265
        0.1350106000         0.5000000000         0.6385017699         1.3064130654       -18.1400691054
        0.1400055000         0.5000000000         0.6282924625         1.2477198838       -18.4060184023
        0.1450102000         0.5000000000         0.6359494430         1.1788191925       -18.2065564296
        0.1500079000         0.5000000000         0.6104261745         1.0997109912       -18.8714296719
        0.1550071000         0.5000000000         0.6333971162         1.0410178097       -18.2730437538
        0.1600058000         0.5000000000         0.6155308282         0.9619096084       -18.7384550234
        0.1650068000         0.5000000000         0.6027691939         0.8879051621       -19.0708916446
        0.1700045000         0.5000000000         0.6078738476         0.8113488384       -18.9379169961
        0.1750077000         0.5000000000         0.5951122133         0.7373443920       -19.2703536172
        0.1800196000         0.5000000000         0.6078738476         0.6607880683       -18.9379169961
        0.1850055000         0.5000000000         0.6027691939         0.5867836220       -19.0708916446
        0.1900031000         0.5000000000         0.5797982522         0.5102272982       -19.6692775626
        0.1950040000         0.5000000000         0.5976645402         0.4413266068       -19.2038662930
        0.2000031000         0.5000000000         0.5925598865         0.3571146507       -19.3368409415
        0.2050054000         0.5000000000         0.5951122133         0.2805583269       -19.2703536172
        0.2100038000         0.5000000000         0.5849029059         0.2040020031       -19.5363029141
        0.2150048000         0.5000000000         0.5772459253         0.1172381695       -19.7357648868
        0.2200044000         0.5000000000         0.5874552328         0.0508893556       -19.4698155899
        0.2250056000         0.5000000000         0.5874552328         0.0024036839       -19.4698155899
        0.2300065000         0.5000000000         0.5823505790        -0.0052519485       -19.6027902384
        0.2350060000         0.5000000000         0.5772459253         4.9964278711       -19.7357648868
        0.2400063000         0.5000000000         0.5772459253         5.0066353810       -19.7357648868
        0.2450070000         0.5000000000         0.5823505790         4.9785647289       -19.6027902384
        0.2500060000         0.5000000000         0.5797982522         4.8866971404       -19.6692775626
        0.2550086000         0.5000000000         0.5797982522         4.8126926941       -19.6692775626
        0.2600046000         0.5000000000         0.5619319642         4.7259288605       -20.1346888322
        0.2650050000         0.5000000000         0.5797982522         4.6493725367       -19.6692775626
        0.2700075000         0.5000000000         0.5746935985         4.5779199678       -19.8022522111
        0.2750045000         0.5000000000         0.5721412716         4.4988117666       -19.8687395353
        0.2800049000         0.5000000000         0.5772459253         4.4145998105       -19.7357648868
        0.2850038000         0.5000000000         0.5619319642         4.3303878543       -20.1346888322
        0.2900033000         0.5000000000         0.5670366179         4.2614871629       -20.0017141837
        0.2950048000         0.5000000000         0.5695889448         4.1900345941       -19.9352268595
        0.3000518000         0.5000000000         0.5772459253         4.1058226379       -19.7357648868
        0.3050057000         0.5000000000         0.5695889448         4.0216106818       -19.9352268595
        0.3100506000         0.5000000000         0.5721412716         3.9501581129       -19.8687395353
        0.3150060000         0.5000000000         0.5746935985         3.8838092990       -19.8022522111
        0.3200064000         0.5000000000         0.5619319642         3.8021492203       -20.1346888322
        0.3250064000         0.5000000000         0.5670366179         3.7204891416       -20.0017141837
        0.3300036000         0.5000000000         0.5670366179         3.6413809404       -20.0017141837
        0.3350076000         0.5000000000         0.5721412716         3.5699283715       -19.8687395353
        0.3400511000         0.5000000000         0.5695889448         3.4984758027       -19.9352268595
        0.3450065000         0.5000000000         0.5644842910         3.4193676015       -20.0682015080
        0.3500483000         0.5000000000         0.5746935985         3.3428112777       -19.8022522111
        0.3550056000         0.5000000000         0.5568273105         3.2585993215       -20.2676634806
        0.3600036000         0.5000000000         0.5670366179         3.1820429978       -20.0017141837
        0.3650063000         0.5000000000         0.5797982522         3.1131423064       -19.6692775626
        0.3700036000         0.5000000000         0.5593796373         3.0365859826       -20.2011761564
        0.3751409000         0.5000000000         0.5593796373         2.9523740265       -20.2011761564
        0.3800071000         0.5000000000         0.5797982522         2.8885770900       -19.6692775626
        0.3850081000         0.5000000000         0.5644842910         2.8043651338       -20.0682015080
        0.3900046000         0.5000000000         0.5644842910         2.7227050552       -20.0682015080
        0.3950042000         0.5000000000         0.5695889448         2.6512524863       -19.9352268595
        0.4000054000         0.5000000000         0.5593796373         2.5746961625       -20.2011761564
        0.4050031000         0.5000000000         0.5772459253         2.4981398388       -19.7357648868
        0.4100052000         0.5000000000         0.5644842910         2.4164797601       -20.0682015080
        0.4150045000         0.5000000000         0.5593796373         2.3450271912       -20.2011761564
        0.4200049000         0.5000000000         0.5670366179         2.2710227449       -20.0017141837
        0.4250035000         0.5000000000         0.5619319642         2.1868107888       -20.1346888322
        0.4300050000         0.5000000000         0.5670366179         2.1153582199       -20.0017141837
        0.4350029000         0.5000000000         0.5644842910         2.0362500187       -20.0682015080
        0.4400048000         0.5000000000         0.5695889448         1.9571418174       -19.9352268595
        0.4450036000         0.5000000000         0.5670366179         1.8907930035       -20.0017141837
        0.4500050000         0.5000000000         0.5593796373         1.7989254150       -20.2011761564
        0.4550034000         0.5000000000         0.5721412716         1.7351284785       -19.8687395353
        0.4600049000         0.5000000000         0.5644842910         1.6509165224       -20.0682015080
        0.4650042000         0.5000000000         0.5593796373         1.5896714634       -20.2011761564
        0.4700055000         0.5000000000         0.5644842910         1.5029076297       -20.0682015080
        0.4750026000         0.5000000000         0.5695889448         1.4237994285       -19.9352268595
        0.4800046000         0.5000000000         0.5593796373         1.3497949822       -20.2011761564
        0.4850032000         0.5000000000         0.5695889448         1.2655830261       -19.9352268595
        0.4900048000         0.5000000000         0.5721412716         1.2094417220       -19.8687395353
        0.4950047000         0.5000000000         0.5517226568         1.1252297658       -20.4006381291
        0.5000047000         0.5000000000         0.5721412716         1.0486734420       -19.8687395353
        0.5050030000         0.5000000000         0.5619319642         0.9593577310       -20.1346888322
        0.5100049000         0.5000000000         0.5593796373         0.8930089170       -20.2011761564
        0.5150032000         0.5000000000         0.5670366179         0.8062450834       -20.0017141837
        0.5200054000         0.5000000000         0.5568273105         0.7322406371       -20.2676634806
        0.5250038000         0.5000000000         0.5568273105         0.6454768035       -20.2676634806
        0.5300054000         0.5000000000         0.5772459253         0.5740242347       -19.7357648868
        0.5350060000         0.5000000000         0.5721412716         0.4923641560       -19.8687395353
        0.5400051000         0.5000000000         0.5593796373         0.4183597097       -20.2011761564
        0.5450047000         0.5000000000         0.5670366179         0.3264921211       -20.0017141837
        0.5500047000         0.5000000000         0.5670366179         0.2575914298       -20.0017141837
        0.5550034000         0.5000000000         0.5670366179         0.1708275961       -20.0017141837
        0.5600045000         0.5000000000         0.5670366179         0.0942712724       -20.0017141837
        0.5650116000         0.5000000000         0.5568273105         0.0126111937       -20.2676634806
        0.5700050000         0.5000000000         0.5491703299        -0.0027000711       -20.4671254533
        0.5750044000         0.5000000000         0.5695889448         1.1073666236       -19.9352268595
        0.5800052000         0.5000000000         0.5670366179         5.0015316260       -20.0017141837
        0.5850050000         0.5000000000         0.5695889448         5.0040835035       -19.9352268595
        0.5900048000         0.5000000000         0.5695889448         4.9249753023       -19.9352268595
        0.5950049000         0.5000000000         0.5593796373         4.8407633461       -20.2011761564
        0.6000061000         0.5000000000         0.5670366179         4.7616551449       -20.0017141837
        0.6050056000         0.5000000000         0.5670366179         4.6774431887       -20.0017141837
        0.6100064000         0.5000000000         0.5797982522         4.6110943748       -19.6692775626
        0.6150057000         0.5000000000         0.5644842910         4.5217786637       -20.0682015080
        0.6200034000         0.5000000000         0.5695889448         4.4426704625       -19.9352268595
        0.6250048000         0.5000000000         0.5746935985         4.3686660162       -19.8022522111
        0.6300039000         0.5000000000         0.5593796373         4.2819021826       -20.2011761564
        0.6350047000         0.5000000000         0.5797982522         4.2130014912       -19.6692775626
        0.6400055000         0.5000000000         0.5619319642         4.1262376576       -20.1346888322
        0.6450052000         0.5000000000         0.5466180030         4.0598888437       -20.5336127775
        0.6500057000         0.5000000000         0.5619319642         3.9833325199       -20.1346888322
        0.6550056000         0.5000000000         0.5874552328         3.9144318285       -19.4698155899
        0.6600029000         0.5000000000         0.5695889448         3.8327717498       -19.9352268595
        0.6650049000         0.5000000000         0.5619319642         3.7460079162       -20.1346888322
        0.6700058000         0.5000000000         0.5644842910         3.6745553474       -20.0682015080
        0.6750053000         0.5000000000         0.5746935985         3.5928952687       -19.8022522111
        0.6800562000         0.5000000000         0.5619319642         3.5163389449       -20.1346888322
        0.6850045000         0.5000000000         0.5797982522         3.4550938859       -19.6692775626
        0.6900057000         0.5000000000         0.5772459253         3.3708819297       -19.7357648868
        0.6950048000         0.5000000000         0.5619319642         3.2892218510       -20.1346888322
        0.7000051000         0.5000000000         0.5772459253         3.2228730371       -19.7357648868
        0.7050055000         0.5000000000         0.5695889448         3.1386610810       -19.9352268595
        0.7100034000         0.5000000000         0.5695889448         3.0672085121       -19.9352268595
        0.7150048000         0.5000000000         0.5313040419         2.9804446785       -20.9325367229
        0.7200049000         0.5000000000         0.5746935985         2.9115439871       -19.8022522111
        0.7250048000         0.5000000000         0.5670366179         2.8375395408       -20.0017141837
        0.7300031000         0.5000000000         0.5619319642         2.7558794621       -20.1346888322
        0.7350051000         0.5000000000         0.5670366179         2.6818750158       -20.0017141837
        0.7400040000         0.5000000000         0.5517226568         2.6002149371       -20.4006381291
        0.7450064000         0.5000000000         0.5695889448         2.5313142457       -19.9352268595
        0.7500043000         0.5000000000         0.5849029059         2.4598616769       -19.5363029141
        0.7550068000         0.5000000000         0.5823505790         2.3705459658       -19.6027902384
        0.7600039000         0.5000000000         0.5670366179         2.3067490293       -20.0017141837
        0.7650133000         0.5000000000         0.5695889448         2.2225370732       -19.9352268595
        0.7700071000         0.5000000000         0.5695889448         2.1510845043       -19.9352268595
        0.7750146000         0.5000000000         0.5670366179         2.0745281806       -20.0017141837
        0.7800095000         0.5000000000         0.5721412716         1.9903162244       -19.8687395353
        0.7850113000         0.5000000000         0.5695889448         1.9214155330       -19.9352268595
        0.7900060000         0.5000000000         0.5593796373         1.8423073318       -20.2011761564
        0.7950060000         0.5000000000         0.5670366179         1.7580953756       -20.0017141837
        0.8000063000         0.5000000000         0.5619319642         1.6866428068       -20.1346888322
        0.8050053000         0.5000000000         0.5491703299         1.6100864830       -20.4671254533
        0.8100130000         0.5000000000         0.5721412716         1.5411857916       -19.8687395353
        0.8150063000         0.5000000000         0.5593796373         1.4620775904       -20.2011761564
        0.8200345000         0.5000000000         0.5542749836         1.3778656343       -20.3341508049
        0.8250063000         0.5000000000         0.5721412716         1.3115168203       -19.8687395353
        0.8300058000         0.5000000000         0.5644842910         1.2273048642       -20.0682015080
        0.8350072000         0.5000000000         0.5491703299         1.1456447855       -20.4671254533
        0.8400044000         0.5000000000         0.5568273105         1.0690884617       -20.2676634806
        0.8450073000         0.5000000000         0.5644842910         0.9925321379       -20.0682015080
        0.8500069000         0.5000000000         0.5568273105         0.9134239367       -20.2676634806
        0.8550079000         0.5000000000         0.5644842910         0.8394194904       -20.0682015080
        0.8600038000         0.5000000000         0.5542749836         0.7577594117       -20.3341508049
        0.8650056000         0.5000000000         0.5542749836         0.6684437007       -20.3341508049
        0.8700034000         0.5000000000         0.5491703299         0.5969911318       -20.4671254533
        0.8750050000         0.5000000000         0.5695889448         0.5178829306       -19.9352268595
        0.8800038000         0.5000000000         0.5593796373         0.4413266068       -20.2011761564
        0.8850101000         0.5000000000         0.5568273105         0.3571146507       -20.2676634806
        0.8900086000         0.5000000000         0.5593796373         0.2831102043       -20.2011761564
        0.8950075000         0.5000000000         0.5670366179         0.2040020031       -20.0017141837
        0.9000044000         0.5000000000         0.5466180030         0.1044787822       -20.5336127775
        0.9050052000         0.5000000000         0.5670366179         0.0279224584       -20.0017141837
        0.9100573000         0.5000000000         0.5517226568        -0.0052519485       -20.4006381291
        0.9150050000         0.5000000000         0.5542749836         1.1073666236       -20.3341508049
        0.9200085000         0.5000000000         0.5797982522         4.9989797486       -19.6692775626
        0.9250063000         0.5000000000         0.5670366179         5.0091872584       -20.0017141837
        0.9300053000         0.5000000000         0.5670366179         4.9479421994       -20.0017141837
        0.9350207000         0.5000000000         0.5670366179         4.8662821207       -20.0017141837
        0.9400059000         0.5000000000         0.5491703299         4.7846220420       -20.4671254533
        0.9450048000         0.5000000000         0.5695889448         4.7106175957       -19.9352268595
        0.9500062000         0.5000000000         0.5670366179         4.6161981297       -20.0017141837
        0.9550037000         0.5000000000         0.5593796373         4.5549530707       -20.2011761564
        0.9600063000         0.5000000000         0.5695889448         4.4630854822       -19.9352268595
        0.9650045000         0.5000000000         0.5568273105         4.3839772810       -20.2676634806
        0.9700049000         0.5000000000         0.5644842910         4.3099728347       -20.0682015080
        0.9750032000         0.5000000000         0.5746935985         4.2308646334       -19.8022522111
        0.9800095000         0.5000000000         0.5619319642         4.1543083097       -20.1346888322
        0.9850040000         0.5000000000         0.5670366179         4.0777519859       -20.0017141837
        0.9900047000         0.5000000000         0.5695889448         4.0062994170       -19.9352268595
        0.9950029000         0.5000000000         0.5593796373         3.9220874609       -20.2011761564
        1.0000046000         0.5000000000         0.5849029059         3.8557386469       -19.5363029141
        1.0050037000         0.5000000000         0.5721412716         3.7740785683       -19.8687395353
        1.0100053000         0.5000000000         0.5695889448         3.7026259994       -19.9352268595
        1.0150043000         0.5000000000         0.5900075596         3.6235177982       -19.4033282657
        1.0200124000         0.5000000000         0.5644842910         3.5444095970       -20.0682015080
        1.0250032000         0.5000000000         0.5797982522         3.4653013957       -19.6692775626
        1.0300046000         0.5000000000         0.5695889448         3.3836413170       -19.9352268595
        1.0350487000         0.5000000000         0.5721412716         3.3121887482       -19.8687395353
        1.0400048000         0.5000000000         0.5619319642         3.2305286695       -20.1346888322
        1.0450246000         0.5000000000         0.5772459253         3.1539723457       -19.7357648868
        1.0500129000         0.5000000000         0.5746935985         3.0876235318       -19.8022522111
        1.0550114000         0.5000000000         0.5721412716         3.0161709629       -19.8687395353
        1.0600065000         0.5000000000         0.5746935985         2.9345108842       -19.8022522111
        1.0650105000         0.5000000000         0.5695889448         2.8630583154       -19.9352268595
        1.0700049000         0.5000000000         0.5542749836         2.7813982367       -20.3341508049
        1.0750078000         0.5000000000         0.5874552328         2.7124975453       -19.4698155899
        1.0800066000         0.5000000000         0.5644842910         2.6257337117       -20.0682015080
        1.0850063000         0.5000000000         0.5568273105         2.5542811429       -20.2676634806
        1.0900087000         0.5000000000         0.5593796373         2.4700691867       -20.2011761564
        1.0950063000         0.5000000000         0.5670366179         2.3935128629       -20.0017141837
        1.1000148000         0.5000000000         0.5695889448         2.3246121715       -19.9352268595
        1.1050065000         0.5000000000         0.5644842910         2.2480558478       -20.0682015080
        1.1100042000         0.5000000000         0.5746935985         2.1689476465       -19.8022522111
        1.1150052000         0.5000000000         0.5619319642         2.0923913228       -20.1346888322
        1.1200055000         0.5000000000         0.5721412716         2.0209387539       -19.8687395353
        1.1250073000         0.5000000000         0.5644842910         1.9367267978       -20.0682015080
        1.1300079000         0.5000000000         0.5670366179         1.8627223515       -20.0017141837
        1.1350063000         0.5000000000         0.5619319642         1.7887179052       -20.1346888322
        1.1400050000         0.5000000000         0.5670366179         1.7198172138       -20.0017141837
        1.1450083000         0.5000000000         0.5593796373         1.6356052576       -20.2011761564
        1.1500061000         0.5000000000         0.5440656762         1.5590489338       -20.6001001018
        1.1550061000         0.5000000000         0.5721412716         1.4824926101       -19.8687395353
        1.1600051000         0.5000000000         0.5593796373         1.4135919187       -20.2011761564
        1.1650106000         0.5000000000         0.5619319642         1.3319318400       -20.1346888322
        1.1700069000         0.5000000000         0.5695889448         1.2502717613       -19.9352268595
        1.1750067000         0.5000000000         0.5542749836         1.1686116826       -20.3341508049
        1.1800063000         0.5000000000         0.5695889448         1.1048147461       -19.9352268595
        1.1850069000         0.5000000000         0.5721412716         1.0257065449       -19.8687395353
        1.1900050000         0.5000000000         0.5542749836         0.9389427113       -20.3341508049
        1.1950064000         0.5000000000         0.5517226568         0.8623863875       -20.4006381291
        1.2000067000         0.5000000000         0.5644842910         0.7832781863       -20.0682015080
        1.2050086000         0.5000000000         0.5644842910         0.7016181076       -20.0682015080
        1.2100069000         0.5000000000         0.5440656762         0.6327174162       -20.6001001018
        1.2150063000         0.5000000000         0.5695889448         0.5510573375       -19.9352268595
        1.2200083000         0.5000000000         0.5593796373         0.4566378716       -20.2011761564
        1.2250071000         0.5000000000         0.5517226568         0.3826334252       -20.4006381291
        1.2300070000         0.5000000000         0.5644842910         0.3009733466       -20.0682015080
        1.2350061000         0.5000000000         0.5721412716         0.2320726552       -19.8687395353
        1.2400085000         0.5000000000         0.5491703299         0.1351013117       -20.4671254533
        1.2450076000         0.5000000000         0.5695889448         0.0636487429       -19.9352268595
        1.2500046000         0.5000000000         0.5721412716         0.0075074388       -19.8687395353
        1.2550067000         0.5000000000         0.5593796373         0.0075074388       -20.2011761564
        1.2600057000         0.5000000000         0.5568273105         1.1022628687       -20.2676634806
        1.2650067000         0.5000000000         0.5670366179         5.0117391359       -20.0017141837
        1.2700562000         0.5000000000         0.5593796373         4.9811166064       -20.2011761564
        1.2750068000         0.5000000000         0.5721412716         4.8918008953       -19.8687395353
        1.2800044000         0.5000000000         0.5491703299         4.8126926941       -20.4671254533
        1.2850072000         0.5000000000         0.5440656762         4.7259288605       -20.6001001018
        1.2901630000         0.5000000000         0.5695889448         4.6468206592       -19.9352268595
        1.2950563000         0.5000000000         0.5593796373         4.5779199678       -20.2011761564
        1.3000063000         0.5000000000         0.5670366179         4.4860523793       -20.0017141837
        1.3050049000         0.5000000000         0.5695889448         4.4145998105       -19.9352268595
        1.3100080000         0.5000000000         0.5517226568         4.3329397318       -20.4006381291
        1.3150039000         0.5000000000         0.5900075596         4.2589352855       -19.4033282657
        1.3200096000         0.5000000000         0.5619319642         4.1696195744       -20.1346888322
        1.3250030000         0.5000000000         0.5695889448         4.1058226379       -19.9352268595
        1.3300052000         0.5000000000         0.5746935985         4.0241625592       -19.8022522111
        1.3350077000         0.5000000000         0.5644842910         3.9450543580       -20.0682015080
        1.3400133000         0.5000000000         0.5797982522         3.8710499117       -19.6692775626
        1.3450069000         0.5000000000         0.5721412716         3.7970454654       -19.8687395353
        1.3500126000         0.5000000000         0.5746935985         3.7179372642       -19.8022522111
        1.3550030000         0.5000000000         0.5874552328         3.6439328179       -19.4698155899
        1.3600112000         0.5000000000         0.5670366179         3.5673764941       -20.0017141837
        1.3650046000         0.5000000000         0.5823505790         3.4984758027       -19.6027902384
        1.3700107000         0.5000000000         0.5849029059         3.4270232338       -19.5363029141
        1.3750072000         0.5000000000         0.5874552328         3.3479150326       -19.4698155899
        1.3800076000         0.5000000000         0.5415133493         3.2611511990       -20.6665874260
        1.3850035000         0.5000000000         0.5721412716         3.1922505076       -19.8687395353
        1.3900110000         0.5000000000         0.5670366179         3.1131423064       -20.0017141837
        1.3950033000         0.5000000000         0.5772459253         3.0314822277       -19.7357648868
        1.4000061000         0.5000000000         0.5823505790         2.9625815363       -19.6027902384
        1.4050064000         0.5000000000         0.5849029059         2.8936808449       -19.5363029141
        1.4100043000         0.5000000000         0.5695889448         2.8171245211       -19.9352268595
        1.4150060000         0.5000000000         0.5695889448         2.7303606875       -19.9352268595
        1.4200050000         0.5000000000         0.5746935985         2.6589081187       -19.8022522111
        1.4250093000         0.5000000000         0.5721412716         2.5823517949       -19.8687395353
        1.4300133000         0.5000000000         0.5721412716         2.5057954711       -19.8687395353
        1.4350055000         0.5000000000         0.5772459253         2.4368947797       -19.7357648868
        1.4400187000         0.5000000000         0.5644842910         2.3501309461       -20.0682015080
        1.4450303000         0.5000000000         0.5721412716         2.2812302547       -19.8687395353
        1.4500169000         0.5000000000         0.5797982522         2.2021220535       -19.6692775626
        1.4550124000         0.5000000000         0.5721412716         2.1204619748       -19.8687395353
        1.4600049000         0.5000000000         0.5593796373         2.0439056511       -20.2011761564
        1.4650068000         0.5000000000         0.5619319642         1.9622455724       -20.1346888322
        1.4700150000         0.5000000000         0.5721412716         1.9010005134       -19.8687395353
        1.4750026000         0.5000000000         0.5593796373         1.8116848023       -20.2011761564
        1.4800578000         0.5000000000         0.5670366179         1.7504397433       -20.0017141837
        1.4850041000         0.5000000000         0.5542749836         1.6662277871       -20.3341508049
        1.4900053000         0.5000000000         0.5491703299         1.5896714634       -20.4671254533
        1.4950138000         0.5000000000         0.5670366179         1.5080113847       -20.0017141837
        1.5000084000         0.5000000000         0.5619319642         1.4416625707       -20.1346888322
        1.5050084000         0.5000000000         0.5491703299         1.3472431047       -20.4671254533
        1.5100144000         0.5000000000         0.5721412716         1.2834461683       -19.8687395353
        1.5150031000         0.5000000000         0.5517226568         1.2017860896       -20.4006381291
        1.5200096000         0.5000000000         0.5568273105         1.1303335207       -20.2676634806
        1.5250598000         0.5000000000         0.5619319642         1.0461215646       -20.1346888322
        1.5300054000         0.5000000000         0.5670366179         0.9746689957       -20.0017141837
        1.5350071000         0.5000000000         0.5287517151         0.8802495297       -20.9990240471
        1.5400054000         0.5000000000         0.5619319642         0.8036932060       -20.1346888322
        1.5451167000         0.5000000000         0.5593796373         0.7194812498       -20.2011761564
        1.5500168000         0.5000000000         0.5517226568         0.6531324359       -20.4006381291
        1.5550038000         0.5000000000         0.5593796373         0.5638167248       -20.2011761564
        1.5600055000         0.5000000000         0.5593796373         0.4974679109       -20.2011761564
        1.5650189000         0.5000000000         0.5466180030         0.4081521998       -20.5336127775
        1.5700048000         0.5000000000         0.5721412716         0.3290439986       -19.8687395353
        1.5750090000         0.5000000000         0.5670366179         0.2499357974       -20.0017141837
        1.5800050000         0.5000000000         0.5517226568         0.1682757187       -20.4006381291
        1.5850146000         0.5000000000         0.5593796373         0.0866156400       -20.2011761564
        1.5900060000         0.5000000000         0.5593796373         0.0151630711       -20.2011761564
        1.5950059000         0.5000000000         0.5593796373        -0.0052519485       -20.2011761564
        1.6000050000         0.5000000000         0.5593796373         1.1073666236       -20.2011761564
        1.6050121000         0.5000000000         0.5517226568         5.0066353810       -20.4006381291
        1.6100068000         0.5000000000         0.5466180030         4.9887722387       -20.5336127775
        1.6150062000         0.5000000000         0.5721412716         4.9147677924       -19.8687395353
        1.6200064000         0.5000000000         0.5517226568         4.8280039588       -20.4006381291
        1.6250066000         0.5000000000         0.5619319642         4.7539995125       -20.1346888322
        1.6300088000         0.5000000000         0.5593796373         4.6723394338       -20.2011761564
        1.6350064000         0.5000000000         0.5491703299         4.5881274777       -20.4671254533
        1.6400083000         0.5000000000         0.5644842910         4.5064673990       -20.0682015080
        1.6450060000         0.5000000000         0.5670366179         4.4350148301       -20.0017141837
        1.6500088000         0.5000000000         0.5644842910         4.3559066289       -20.0682015080
        1.6550064000         0.5000000000         0.5695889448         4.2793503051       -19.9352268595
        1.6600040000         0.5000000000         0.5542749836         4.1951383490       -20.3341508049
        1.6650074000         0.5000000000         0.5721412716         4.1262376576       -19.8687395353
        1.6700052000         0.5000000000         0.5721412716         4.0471294564       -19.8687395353
        1.6750070000         0.5000000000         0.5593796373         3.9705731326       -20.2011761564
        1.6800070000         0.5000000000         0.5849029059         3.9016724412       -19.5363029141
        1.6850058000         0.5000000000         0.5644842910         3.8276679949       -20.0682015080
        1.6900056000         0.5000000000         0.5670366179         3.7383522838       -20.0017141837
        1.6950051000         0.5000000000         0.5849029059         3.6745553474       -19.5363029141
        1.7000094000         0.5000000000         0.5721412716         3.5928952687       -19.8687395353
        1.7050068000         0.5000000000         0.5746935985         3.5137870674       -19.8022522111
        1.7100053000         0.5000000000         0.5644842910         3.4346788662       -20.0682015080
        1.7150061000         0.5000000000         0.5797982522         3.3657781748       -19.6692775626
        1.7200047000         0.5000000000         0.5670366179         3.2790143412       -20.0017141837
        1.7250067000         0.5000000000         0.5849029059         3.2152174047       -19.5363029141
        1.7300512000         0.5000000000         0.5695889448         3.1361092035       -19.9352268595
        1.7350069000         0.5000000000         0.5746935985         3.0646566347       -19.8022522111
        1.7400064000         0.5000000000         0.5670366179         2.9753409236       -20.0017141837
        1.7450116000         0.5000000000         0.5797982522         2.9140958646       -19.6692775626
        1.7500066000         0.5000000000         0.5746935985         2.8324357859       -19.8022522111
        1.7550038000         0.5000000000         0.5517226568         2.7533275847       -20.4006381291
        1.7600130000         0.5000000000         0.5670366179         2.6716675060       -20.0017141837
        1.7650073000         0.5000000000         0.5670366179         2.6027668146       -20.0017141837
        1.7700099000         0.5000000000         0.5746935985         2.5236586133       -19.8022522111
        1.7750048000         0.5000000000         0.5772459253         2.4471022896       -19.7357648868
        1.7800161000         0.5000000000         0.5619319642         2.3730978433       -20.1346888322
        1.7850093000         0.5000000000         0.5670366179         2.2990933970       -20.0017141837
        1.7900187000         0.5000000000         0.5670366179         2.2148814408       -20.0017141837
        1.7950072000         0.5000000000         0.5695889448         2.1408769945       -19.9352268595
        1.8000060000         0.5000000000         0.5517226568         2.0617687933       -20.4006381291
        1.8050042000         0.5000000000         0.5568273105         1.9826605920       -20.2676634806
        1.8100048000         0.5000000000         0.5466180030         1.9010005134       -20.5336127775
        1.8150050000         0.5000000000         0.5491703299         1.8244441896       -20.4671254533
        1.8200051000         0.5000000000         0.5644842910         1.7555434982       -20.0682015080
        1.8250034000         0.5000000000         0.5644842910         1.6840909293       -20.0682015080
        1.8300055000         0.5000000000         0.5466180030         1.6075346056       -20.5336127775
        1.8350068000         0.5000000000         0.5593796373         1.5258745269       -20.2011761564
        1.8400070000         0.5000000000         0.5695889448         1.4518700806       -19.9352268595
        1.8450048000         0.5000000000         0.5440656762         1.3676581244       -20.6001001018
        1.8500089000         0.5000000000         0.5670366179         1.2936536781       -20.0017141837
        1.8550393000         0.5000000000         0.5619319642         1.2222011093       -20.1346888322
        1.8600066000         0.5000000000         0.5491703299         1.1379891531       -20.4671254533
        1.8650040000         0.5000000000         0.5593796373         1.0639847068       -20.2011761564
        1.8700064000         0.5000000000         0.5619319642         0.9772208732       -20.1346888322
        1.8750056000         0.5000000000         0.5517226568         0.9057683043       -20.4006381291
        1.8800064000         0.5000000000         0.5619319642         0.8292119806       -20.1346888322
        1.8850050000         0.5000000000         0.5440656762         0.7347925146       -20.6001001018
        1.8900055000         0.5000000000         0.5440656762         0.6556843134       -20.6001001018
        1.8950065000         0.5000000000         0.5619319642         0.5791279896       -20.1346888322
        1.9000057000         0.5000000000         0.5491703299         0.5000197884       -20.4671254533
        1.9050075000         0.5000000000         0.5517226568         0.4260153420       -20.4006381291
        1.9100040000         0.5000000000         0.5593796373         0.3469071408       -20.2011761564
        1.9150089000         0.5000000000         0.5593796373         0.2550395523       -20.2011761564
        1.9200083000         0.5000000000         0.5491703299         0.1708275961       -20.4671254533
        1.9250052000         0.5000000000         0.5593796373         0.1019269048       -20.2011761564
        1.9300037000         0.5000000000         0.5466180030         0.0177149486       -20.5336127775
        1.9350121000         0.5000000000         0.5491703299         0.0024036839       -20.4671254533
        1.9400041000         0.5000000000         0.5619319642         1.1099185011       -20.1346888322
        1.9450072000         0.5000000000         0.5568273105         5.0066353810       -20.2676634806
        1.9500052000         0.5000000000         0.5517226568         4.9989797486       -20.4006381291
        1.9550067000         0.5000000000         0.5568273105         4.9224234248       -20.2676634806
        1.9600046000         0.5000000000         0.5389610225         4.8331077137       -20.7330747502
        1.9650065000         0.5000000000         0.5644842910         4.7642070224       -20.0682015080
        1.9700043000         0.5000000000         0.5644842910         4.6774431887       -20.0682015080
        1.9750058000         0.5000000000         0.5466180030         4.5957831101       -20.5336127775
        1.9800058000         0.5000000000         0.5644842910         4.5192267863       -20.0682015080
        1.9850064000         0.5000000000         0.5619319642         4.4401185851       -20.1346888322
        1.9900078000         0.5000000000         0.5568273105         4.3508028740       -20.2676634806
        1.9950058000         0.5000000000         0.5695889448         4.2844540601       -19.9352268595
        2.0000060000         0.5000000000         0.5517226568         4.2002421039       -20.4006381291
        2.0050062000         0.5000000000         0.5670366179         4.1287895351       -20.0017141837
        2.0100043000         0.5000000000         0.5619319642         4.0369219465       -20.1346888322
        2.0150062000         0.5000000000         0.5670366179         3.9756768875       -20.0017141837
        2.0200071000         0.5000000000         0.5721412716         3.8863611765       -19.8687395353
        2.0250063000         0.5000000000         0.5542749836         3.8072529752       -20.3341508049
        2.0300061000         0.5000000000         0.5644842910         3.7409041613       -20.0682015080
        2.0350101000         0.5000000000         0.5721412716         3.6694515924       -19.8687395353
        2.0400189000         0.5000000000         0.5721412716         3.5903433912       -19.8687395353
        2.0450065000         0.5000000000         0.5772459253         3.5112351900       -19.7357648868
        2.0500066000         0.5000000000         0.5670366179         3.4295751113       -20.0017141837
        2.0550074000         0.5000000000         0.5695889448         3.3504669101       -19.9352268595
        2.0600035000         0.5000000000         0.5568273105         3.2764624638       -20.2676634806
        2.0650068000         0.5000000000         0.5721412716         3.1999061400       -19.8687395353
        2.0700073000         0.5000000000         0.5849029059         3.1361092035       -19.5363029141
        2.0750066000         0.5000000000         0.5797982522         3.0646566347       -19.6692775626
        2.0800064000         0.5000000000         0.5721412716         2.9804446785       -19.8687395353
        2.0850052000         0.5000000000         0.5849029059         2.9089921097       -19.5363029141
        2.0900043000         0.5000000000         0.5670366179         2.8247801535       -20.0017141837
        2.0950098000         0.5000000000         0.5746935985         2.7507757072       -19.8022522111
        2.1000046000         0.5000000000         0.5746935985         2.6742193834       -19.8022522111
        2.1050049000         0.5000000000         0.5542749836         2.5925593047       -20.3341508049
        2.1100040000         0.5000000000         0.5644842910         2.5108992261       -20.0682015080
        2.1150029000         0.5000000000         0.5721412716         2.4343429023       -19.8687395353
        2.1200051000         0.5000000000         0.5644842910         2.3603384560       -20.0682015080
        2.1250048000         0.5000000000         0.5568273105         2.2812302547       -20.2676634806
        2.1300038000         0.5000000000         0.5695889448         2.2123295633       -19.9352268595
        2.1350048000         0.5000000000         0.5695889448         2.1408769945       -19.9352268595
        2.1400046000         0.5000000000         0.5695889448         2.0643206707       -19.9352268595
        2.1450040000         0.5000000000         0.5670366179         1.9801087146       -20.0017141837
        2.1500058000         0.5000000000         0.5466180030         1.8984486359       -20.5336127775
        2.1550019000         0.5000000000         0.5568273105         1.8244441896       -20.2676634806
        2.1600013000         0.5000000000         0.5619319642         1.7453359884       -20.1346888322
        2.1650052000         0.5000000000         0.5797982522         1.6815390519       -19.6692775626
        2.1700063000         0.5000000000         0.5568273105         1.5973270957       -20.2676634806
        2.1750079000         0.5000000000         0.5542749836         1.5207707720       -20.3341508049
        2.1800063000         0.5000000000         0.5517226568         1.4442144482       -20.4006381291
        2.1850045000         0.5000000000         0.5593796373         1.3651062470       -20.2011761564
        2.1900078000         0.5000000000         0.5542749836         1.2911018006       -20.3341508049
        2.1950042000         0.5000000000         0.5619319642         1.2196492318       -20.1346888322
        2.2000021000         0.5000000000         0.5440656762         1.1277816433       -20.6001001018
        2.2050030000         0.5000000000         0.5491703299         1.0486734420       -20.4671254533
        2.2100072000         0.5000000000         0.5542749836         0.9746689957       -20.3341508049
        2.2150049000         0.5000000000         0.5491703299         0.8904570396       -20.4671254533
        2.2200064000         0.5000000000         0.5644842910         0.8215563482       -20.0682015080
        2.2250081000         0.5000000000         0.5364086956         0.7296887597       -20.7995620745
        2.2300047000         0.5000000000         0.5466180030         0.6531324359       -20.5336127775
        2.2350028000         0.5000000000         0.5593796373         0.5791279896       -20.2011761564
        2.2400044000         0.5000000000         0.5568273105         0.5051235433       -20.2676634806
        2.2450053000         0.5000000000         0.5440656762         0.4132559548       -20.6001001018
        2.2500074000         0.5000000000         0.5517226568         0.3392515084       -20.4006381291
        2.2550041000         0.5000000000         0.5415133493         0.2473839199       -20.6665874260
        2.2600068000         0.5000000000         0.5593796373         0.1759313511       -20.2011761564
        2.2650070000         0.5000000000         0.5670366179         0.0942712724       -20.0017141837
        2.2700061000         0.5000000000         0.5440656762         0.0100593162       -20.6001001018
        2.2750045000         0.5000000000         0.5491703299        -0.0052519485       -20.4671254533
        2.2800050000         0.5000000000         0.5440656762         1.1048147461       -20.6001001018
        2.2850035000         0.5000000000         0.5517226568         4.9989797486       -20.4006381291
        2.2900059000         0.5000000000         0.5568273105         4.9989797486       -20.2676634806
        2.2950045000         0.5000000000         0.5644842910         4.9249753023       -20.0682015080
        2.3000050000         0.5000000000         0.5389610225         4.8382114687       -20.7330747502
        2.3050026000         0.5000000000         0.5568273105         4.7463438801       -20.2676634806
        2.3100025000         0.5000000000         0.5593796373         4.6723394338       -20.2011761564
        2.3150049000         0.5000000000         0.5593796373         4.5932312326       -20.2011761564
        2.3200050000         0.5000000000         0.5466180030         4.5064673990       -20.5336127775
        2.3250077000         0.5000000000         0.5644842910         4.4324629527       -20.0682015080
        2.3300042000         0.5000000000         0.5517226568         4.3456991191       -20.4006381291
        2.3350042000         0.5000000000         0.5746935985         4.2819021826       -19.8022522111
        2.3400035000         0.5000000000         0.5644842910         4.1951383490       -20.0682015080
        2.3450026000         0.5000000000         0.5491703299         4.1134782703       -20.4671254533
        2.3500030000         0.5000000000         0.5695889448         4.0471294564       -19.9352268595
        2.3550038000         0.5000000000         0.5491703299         3.9629175002       -20.4671254533
        2.3600041000         0.5000000000         0.5900075596         3.8965686863       -19.4033282657
        2.3650030000         0.5000000000         0.5517226568         3.8072529752       -20.4006381291
        2.3700041000         0.5000000000         0.5619319642         3.7383522838       -20.1346888322
        2.3750027000         0.5000000000         0.5721412716         3.6566922051       -19.8687395353
        2.3800034000         0.5000000000         0.5619319642         3.5724802490       -20.1346888322
        2.3850042000         0.5000000000         0.5695889448         3.4984758027       -19.9352268595
        2.3900031000         0.5000000000         0.5746935985         3.4270232338       -19.8022522111
        2.3950048000         0.5000000000         0.5746935985         3.3606744199       -19.8022522111
        2.4000052000         0.5000000000         0.5415133493         3.2739105863       -20.6665874260
        2.4050037000         0.5000000000         0.5772459253         3.1999061400       -19.7357648868
        2.4100034000         0.5000000000         0.5721412716         3.1182460613       -19.8687395353
        2.4150290000         0.5000000000         0.5746935985         3.0467934924       -19.8022522111
        2.4200056000         0.5000000000         0.5797982522         2.9804446785       -19.6692775626
        2.4250027000         0.5000000000         0.5797982522         2.9038883547       -19.6692775626
        2.4300049000         0.5000000000         0.5593796373         2.8145726437       -20.2011761564
        2.4350037000         0.5000000000         0.5721412716         2.7380163199       -19.8687395353
        2.4400041000         0.5000000000         0.5721412716         2.6691156285       -19.8687395353
        2.4450028000         0.5000000000         0.5593796373         2.5925593047       -20.2011761564
        2.4500037000         0.5000000000         0.5670366179         2.5134511035       -20.0017141837
        2.4550031000         0.5000000000         0.5746935985         2.4394466572       -19.8022522111
        2.4600091000         0.5000000000         0.5849029059         2.3679940883       -19.5363029141
        2.4650045000         0.5000000000         0.5644842910         2.2837821322       -20.0682015080
        2.4700036000         0.5000000000         0.5440656762         2.2021220535       -20.6001001018
        2.4750026000         0.5000000000         0.5695889448         2.1357732396       -19.9352268595
        2.4800056000         0.5000000000         0.5644842910         2.0541131609       -20.0682015080
        2.4850039000         0.5000000000         0.5695889448         1.9826605920       -19.9352268595
        2.4900022000         0.5000000000         0.5593796373         1.8984486359       -20.2011761564
        2.4950396000         0.5000000000         0.5466180030         1.8142366797       -20.5336127775
        2.5000055000         0.5000000000         0.5568273105         1.7402322334       -20.2676634806
        2.5050049000         0.5000000000         0.5619319642         1.6789871744       -20.1346888322
        2.5100040000         0.5000000000         0.5517226568         1.5896714634       -20.4006381291
        2.5150054000         0.5000000000         0.5568273105         1.5080113847       -20.2676634806
        2.5200035000         0.5000000000         0.5593796373         1.4442144482       -20.2011761564
        2.5250059000         0.5000000000         0.5364086956         1.3523468597       -20.7995620745
        2.5300068000         0.5000000000         0.5695889448         1.2885499232       -19.9352268595
        2.5350062000         0.5000000000         0.5644842910         1.2068898445       -20.0682015080
        2.5400069000         0.5000000000         0.5338563688         1.1226778884       -20.8660493987
        2.5450066000         0.5000000000         0.5644842910         1.0537771970       -20.0682015080
        2.5500053000         0.5000000000         0.5542749836         0.9619096084       -20.3341508049
        2.5550048000         0.5000000000         0.5491703299         0.8853532847       -20.4671254533
        2.5600084000         0.5000000000         0.5619319642         0.8113488384       -20.1346888322
        2.5650062000         0.5000000000         0.5440656762         0.7271368822       -20.6001001018
        2.5700051000         0.5000000000         0.5415133493         0.6582361908       -20.6665874260
        2.5750046000         0.5000000000         0.5568273105         0.5689204797       -20.2676634806
        2.5800050000         0.5000000000         0.5466180030         0.4898122785       -20.5336127775
        2.5850055000         0.5000000000         0.5593796373         0.4132559548       -20.2011761564
        2.5900066000         0.5000000000         0.5517226568         0.3213883662       -20.4006381291
        2.5950065000         0.5000000000         0.5491703299         0.2499357974       -20.4671254533
        2.6000063000         0.5000000000         0.5542749836         0.1733794736       -20.3341508049
        2.6050066000         0.5000000000         0.5517226568         0.0738562527       -20.4006381291
        2.6100056000         0.5000000000         0.5389610225        -0.0001481936       -20.7330747502
        2.6150051000         0.5000000000         0.5568273105         0.0024036839       -20.2676634806
        2.6200050000         0.5000000000         0.5389610225         1.1124703785       -20.7330747502
        2.6250048000         0.5000000000         0.5542749836         5.0015316260       -20.3341508049
        2.6300049000         0.5000000000         0.5415133493         4.9862203613       -20.6665874260
        2.6350030000         0.5000000000         0.5670366179         4.9096640375       -20.0017141837
        2.6400045000         0.5000000000         0.5644842910         4.8331077137       -20.0682015080
        2.6450028000         0.5000000000         0.5491703299         4.7463438801       -20.4671254533
        2.6500047000         0.5000000000         0.5338563688         4.6570281691       -20.8660493987
        2.6550072000         0.5000000000         0.5695889448         4.5906793551       -19.9352268595
        2.6600049000         0.5000000000         0.5619319642         4.5115711539       -20.1346888322
        2.6650030000         0.5000000000         0.5695889448         4.4324629527       -19.9352268595
        2.6700050000         0.5000000000         0.5466180030         4.3482509965       -20.5336127775
        2.6750035000         0.5000000000         0.5644842910         4.2691427953       -20.0682015080
        2.6800052000         0.5000000000         0.5670366179         4.1976902265       -20.0017141837
        2.6850029000         0.5000000000         0.5568273105         4.1109263928       -20.2676634806
        2.6900042000         0.5000000000         0.5517226568         4.0369219465       -20.4006381291
        2.6950029000         0.5000000000         0.5491703299         3.9476062355       -20.4671254533
        2.7000846000         0.5000000000         0.5695889448         3.8838092990       -19.9352268595
        2.7050051000         0.5000000000         0.5772459253         3.8098048527       -19.7357648868
        2.7100048000         0.5000000000         0.5491703299         3.7204891416       -20.4671254533
        2.7150036000         0.5000000000         0.5695889448         3.6490365728       -19.9352268595
        2.7200052000         0.5000000000         0.5644842910         3.5724802490       -20.0682015080
        2.7250036000         0.5000000000         0.5670366179         3.4984758027       -20.0017141837
        2.7300035000         0.5000000000         0.5746935985         3.4244713564       -19.8022522111
        2.7350057000         0.5000000000         0.5695889448         3.3351556453       -19.9352268595
        2.7400046000         0.5000000000         0.5670366179         3.2713587088       -20.0017141837
        2.7450047000         0.5000000000         0.5746935985         3.1820429978       -19.8022522111
        2.7500032000         0.5000000000         0.5670366179         3.1156941838       -20.0017141837
        2.7550037000         0.5000000000         0.5772459253         3.0365859826       -19.7357648868
        2.7600026000         0.5000000000         0.5721412716         2.9549259039       -19.8687395353
        2.7650044000         0.5000000000         0.5721412716         2.8911289674       -19.8687395353
        2.7700049000         0.5000000000         0.5670366179         2.8094688888       -20.0017141837
        2.7750027000         0.5000000000         0.5746935985         2.7303606875       -19.8022522111
        2.7800047000         0.5000000000         0.5721412716         2.6538043638       -19.8687395353
        2.7850044000         0.5000000000         0.5619319642         2.5721442851       -20.1346888322
        2.7900039000         0.5000000000         0.5670366179         2.5108992261       -20.0017141837
        2.7950057000         0.5000000000         0.5542749836         2.4215835150       -20.3341508049
        2.8000042000         0.5000000000         0.5593796373         2.3501309461       -20.2011761564
        2.8050018000         0.5000000000         0.5721412716         2.2786783773       -19.8687395353
        2.8100034000         0.5000000000         0.5644842910         2.1893626662       -20.0682015080
        2.8150041000         0.5000000000         0.5644842910         2.1179100974       -20.0682015080
        2.8200066000         0.5000000000         0.5440656762         2.0413537736       -20.6001001018
        2.8250060000         0.5000000000         0.5568273105         1.9520380625       -20.2676634806
        2.8300052000         0.5000000000         0.5721412716         1.8856892486       -19.8687395353
        2.8350027000         0.5000000000         0.5568273105         1.8091329248       -20.2676634806
        2.8400062000         0.5000000000         0.5440656762         1.7325766011       -20.6001001018
        2.8450035000         0.5000000000         0.5491703299         1.6560202773       -20.4671254533
        2.8500055000         0.5000000000         0.5542749836         1.5769120761       -20.3341508049
        2.8550037000         0.5000000000         0.5695889448         1.5029076297       -19.9352268595
        2.8600056000         0.5000000000         0.5619319642         1.4212475511       -20.1346888322
        2.8650046000         0.5000000000         0.5466180030         1.3497949822       -20.5336127775
        2.8700051000         0.5000000000         0.5644842910         1.2655830261       -20.0682015080
        2.8750051000         0.5000000000         0.5517226568         1.1915785797       -20.4006381291
        2.8800053000         0.5000000000         0.5466180030         1.1124703785       -20.5336127775
        2.8850024000         0.5000000000         0.5695889448         1.0384659322       -19.9352268595
        2.8900033000         0.5000000000         0.5415133493         0.9517020986       -20.6665874260
        2.8950239000         0.5000000000         0.5415133493         0.8802495297       -20.6665874260
        2.9000037000         0.5000000000         0.5644842910         0.7934856961       -20.0682015080
        2.9050041000         0.5000000000         0.5415133493         0.7092737400       -20.6665874260
        2.9100028000         0.5000000000         0.5313040419         0.6301655388       -20.9325367229
        2.9150048000         0.5000000000         0.5619319642         0.5561610925       -20.1346888322
        2.9200049000         0.5000000000         0.5619319642         0.4770528912       -20.1346888322
        2.9250051000         0.5000000000         0.5491703299         0.4004965675       -20.4671254533
        2.9301214000         0.5000000000         0.5593796373         0.3086289789       -20.2011761564
        2.9350051000         0.5000000000         0.5517226568         0.2320726552       -20.4006381291
        2.9400028000         0.5000000000         0.5364086956         0.1478606990       -20.7995620745
        2.9450051000         0.5000000000         0.5695889448         0.0713043752       -19.9352268595
        2.9500041000         0.5000000000         0.5619319642         0.0024036839       -20.1346888322
        2.9550049000         0.5000000000         0.5440656762         0.0049555613       -20.6001001018
        2.9600049000         0.5000000000         0.5619319642         1.1022628687       -20.1346888322
        2.9650016000         0.5000000000         0.5491703299         4.9964278711       -20.4671254533
        2.9700018000         0.5000000000         0.5568273105         4.9862203613       -20.2676634806
        2.9750033000         0.5000000000         0.5746935985         4.8918008953       -19.8022522111
        2.9800033000         0.5000000000         0.5568273105         4.8203483265       -20.2676634806
        2.9850024000         0.5000000000         0.5491703299         4.7335844928       -20.4671254533
        2.9900037000         0.5000000000         0.5593796373         4.6493725367       -20.2011761564
        2.9950060000         0.5000000000         0.5491703299         4.5728162129       -20.4671254533
        3.0000030000         0.5000000000         0.5542749836         4.4835005019       -20.3341508049
        3.0050036000         0.5000000000         0.5593796373         4.4094960556       -20.2011761564
        3.0100031000         0.5000000000         0.5542749836         4.3380434867       -20.3341508049
        3.0150036000         0.5000000000         0.5542749836         4.2461758982       -20.3341508049
        3.0200054000         0.5000000000         0.5670366179         4.1721714519       -20.0017141837
        3.0250050000         0.5000000000         0.5670366179         4.1032707605       -20.0017141837
        3.0300067000         0.5000000000         0.5695889448         4.0190588043       -19.9352268595
        3.0350065000         0.5000000000         0.5619319642         3.9501581129       -20.1346888322
        3.0400075000         0.5000000000         0.5670366179         3.8710499117       -20.0017141837
        3.0450073000         0.5000000000         0.5619319642         3.7868379556       -20.1346888322
        3.0500047000         0.5000000000         0.5593796373         3.7179372642       -20.2011761564
        3.0550148000         0.5000000000         0.5849029059         3.6388290629       -19.5363029141
        3.0600113000         0.5000000000         0.5593796373         3.5597208617       -20.2011761564
        3.0650075000         0.5000000000         0.5644842910         3.4806126605       -20.0682015080
        3.0700068000         0.5000000000         0.5823505790         3.4091600916       -19.6027902384
        3.0750039000         0.5000000000         0.5746935985         3.3300518904       -19.8022522111
        3.0800063000         0.5000000000         0.5644842910         3.2534955666       -20.0682015080
        3.0850042000         0.5000000000         0.5772459253         3.1743873654       -19.7357648868
        3.0900064000         0.5000000000         0.5644842910         3.1080385515       -20.0682015080
        3.0950063000         0.5000000000         0.5746935985         3.0238265953       -19.8022522111
        3.1000068000         0.5000000000         0.5695889448         2.9421665166       -19.9352268595
        3.1050075000         0.5000000000         0.5721412716         2.8783695801       -19.8687395353
        3.1100065000         0.5000000000         0.5721412716         2.8018132564       -19.8687395353
        3.1150036000         0.5000000000         0.5695889448         2.7227050552       -19.9352268595
        3.1200067000         0.5000000000         0.5313040419         2.6410449765       -20.9325367229
        3.1250063000         0.5000000000         0.5797982522         2.5721442851       -19.6692775626
        3.1300056000         0.5000000000         0.5772459253         2.4955879613       -19.7357648868
        3.1350068000         0.5000000000         0.5619319642         2.4113760052       -20.1346888322
        3.1400063000         0.5000000000         0.5568273105         2.3348196814       -20.2676634806
        3.1450046000         0.5000000000         0.5619319642         2.2531596027       -20.1346888322
        3.1500059000         0.5000000000         0.5619319642         2.1714995240       -20.1346888322
        3.1550048000         0.5000000000         0.5644842910         2.1000469552       -20.0682015080
        3.1600087000         0.5000000000         0.5644842910         2.0260425088       -20.0682015080
        3.1650069000         0.5000000000         0.5593796373         1.9520380625       -20.2011761564
        3.1700063000         0.5000000000         0.5568273105         1.8627223515       -20.2676634806
        3.1750046000         0.5000000000         0.5619319642         1.7836141502       -20.1346888322
        3.1800058000         0.5000000000         0.5593796373         1.7147134588       -20.2011761564
        3.1850042000         0.5000000000         0.5542749836         1.6458127674       -20.3341508049
        3.1900063000         0.5000000000         0.5568273105         1.5692564437       -20.2676634806
        3.1950041000         0.5000000000         0.5313040419         1.4850444875       -20.9325367229
        3.2000062000         0.5000000000         0.5644842910         1.4110400412       -20.0682015080
        3.2050040000         0.5000000000         0.5491703299         1.3268280851       -20.4671254533
        3.2100060000         0.5000000000         0.5415133493         1.2477198838       -20.6665874260
        3.2150051000         0.5000000000         0.5568273105         1.1813710699       -20.2676634806
        3.2200064000         0.5000000000         0.5593796373         1.1048147461       -20.2011761564
        3.2250051000         0.5000000000         0.5466180030         1.0129471576       -20.5336127775
        3.2300073000         0.5000000000         0.5466180030         0.9440464662       -20.5336127775
        3.2350042000         0.5000000000         0.5491703299         0.8598345101       -20.4671254533
        3.2400063000         0.5000000000         0.5542749836         0.7756225539       -20.3341508049
        3.2450050000         0.5000000000         0.5644842910         0.7067218625       -20.0682015080
        3.2500075000         0.5000000000         0.5466180030         0.6123023966       -20.5336127775
        3.2550311000         0.5000000000         0.5593796373         0.5434017052       -20.2011761564
        3.2600057000         0.5000000000         0.5440656762         0.4515341166       -20.6001001018
        3.2650060000         0.5000000000         0.5491703299         0.3724259154       -20.4671254533
        3.2700065000         0.5000000000         0.5542749836         0.2984214691       -20.3341508049
        3.2750064000         0.5000000000         0.5695889448         0.2218651453       -19.9352268595
        3.2800071000         0.5000000000         0.5415133493         0.1351013117       -20.6665874260
        3.2850069000         0.5000000000         0.5568273105         0.0559931105       -20.2676634806
        3.2900070000         0.5000000000         0.5466180030        -0.0027000711       -20.5336127775
        3.2950071000         0.5000000000         0.5415133493        -0.0027000711       -20.6665874260
        3.3000072000         0.5000000000         0.5619319642         5.0066353810       -20.1346888322
        3.3050066000         0.5000000000         0.5440656762         5.0015316260       -20.6001001018
        3.3100048000         0.5000000000         0.5466180030         4.9504940769       -20.5336127775
        3.3150067000         0.5000000000         0.5517226568         4.8764896306       -20.4006381291
        3.3200040000         0.5000000000         0.5568273105         4.8024851842       -20.2676634806
        3.3250075000         0.5000000000         0.5542749836         4.7106175957       -20.3341508049
        3.3300055000         0.5000000000         0.5517226568         4.6315093945       -20.4006381291
        3.3350096000         0.5000000000         0.5517226568         4.5549530707       -20.4006381291
        3.3400043000         0.5000000000         0.5695889448         4.4758448695       -19.9352268595
        3.3450075000         0.5000000000         0.5542749836         4.3839772810       -20.3341508049
        3.3500053000         0.5000000000         0.5670366179         4.3176284670       -20.0017141837
        3.3550055000         0.5000000000         0.5542749836         4.2232090010       -20.3341508049
        3.3600082000         0.5000000000         0.5466180030         4.1466526773       -20.5336127775
        3.3650117000         0.5000000000         0.5593796373         4.0828557408       -20.2011761564
        3.3700037000         0.5000000000         0.5619319642         4.0037475396       -20.1346888322
        3.3750051000         0.5000000000         0.5670366179         3.9246393383       -20.0017141837
        3.3800037000         0.5000000000         0.5568273105         3.8455311371       -20.2676634806
        3.3850044000         0.5000000000         0.5568273105         3.7664229359       -20.2676634806
        3.3900063000         0.5000000000         0.5619319642         3.6898666121       -20.1346888322
        3.3950046000         0.5000000000         0.5695889448         3.6031027785       -19.9352268595
        3.4000051000         0.5000000000         0.5644842910         3.5418577195       -20.0682015080
        3.4050048000         0.5000000000         0.5593796373         3.4601976408       -20.2011761564
        3.4100044000         0.5000000000         0.5644842910         3.3785375621       -20.0682015080
        3.4150060000         0.5000000000         0.5695889448         3.2994293609       -19.9352268595
        3.4200045000         0.5000000000         0.5593796373         3.2279767920       -20.2011761564
        3.4250065000         0.5000000000         0.5721412716         3.1514204683       -19.8687395353
        3.4300036000         0.5000000000         0.5542749836         3.0748641445       -20.3341508049
        3.4350071000         0.5000000000         0.5593796373         2.9957559433       -20.2011761564
        3.4400074000         0.5000000000         0.5746935985         2.9243033744       -19.8022522111
        3.4450469000         0.5000000000         0.5619319642         2.8502989281       -20.1346888322
        3.4500045000         0.5000000000         0.5568273105         2.7609832170       -20.2676634806
        3.4550063000         0.5000000000         0.5568273105         2.6793231383       -20.2676634806
        3.4600070000         0.5000000000         0.5721412716         2.6155262019       -19.8687395353
        3.4650067000         0.5000000000         0.5644842910         2.5415217556       -20.0682015080
        3.4700050000         0.5000000000         0.5695889448         2.4573097994       -19.9352268595
        3.4750055000         0.5000000000         0.5619319642         2.3807534756       -20.1346888322
        3.4800045000         0.5000000000         0.5517226568         2.2965415195       -20.4006381291
        3.4850086000         0.5000000000         0.5568273105         2.2225370732       -20.2676634806
        3.4900098000         0.5000000000         0.5670366179         2.1459807494       -20.0017141837
        3.4950124000         0.5000000000         0.5491703299         2.0694244256       -20.4671254533
        3.5000101000         0.5000000000         0.5619319642         1.9852124695       -20.1346888322
        3.5050131000         0.5000000000         0.5491703299         1.9112080232       -20.4671254533
        3.5100062000         0.5000000000         0.5389610225         1.8295479445       -20.7330747502
        3.5150062000         0.5000000000         0.5517226568         1.7529916207       -20.4006381291
        3.5200203000         0.5000000000         0.5619319642         1.6866428068       -20.1346888322
        3.5250117000         0.5000000000         0.5415133493         1.6075346056       -20.6665874260
        3.5300144000         0.5000000000         0.5415133493         1.5207707720       -20.6665874260
        3.5350073000         0.5000000000         0.5542749836         1.4493182031       -20.3341508049
        3.5400067000         0.5000000000         0.5440656762         1.3651062470       -20.6001001018
        3.5450061000         0.5000000000         0.5491703299         1.2859980457       -20.4671254533
        3.5500114000         0.5000000000         0.5466180030         1.2196492318       -20.5336127775
        3.5550057000         0.5000000000         0.5389610225         1.1379891531       -20.7330747502
        3.5600130000         0.5000000000         0.5491703299         1.0614328293       -20.4671254533
        3.5650088000         0.5000000000         0.5568273105         0.9746689957       -20.2676634806
        3.5700055000         0.5000000000         0.5440656762         0.9006645494       -20.6001001018
        3.5750048000         0.5000000000         0.5440656762         0.8113488384       -20.6001001018
        3.5800062000         0.5000000000         0.5313040419         0.7322406371       -20.9325367229
        3.5850050000         0.5000000000         0.5491703299         0.6658918232       -20.4671254533
        3.5900084000         0.5000000000         0.5568273105         0.5791279896       -20.2676634806
        3.5950075000         0.5000000000         0.5389610225         0.4949160334       -20.7330747502
        3.6000071000         0.5000000000         0.5440656762         0.4158078322       -20.6001001018
        3.6050043000         0.5000000000         0.5466180030         0.3264921211       -20.5336127775
        3.6100058000         0.5000000000         0.5466180030         0.2473839199       -20.5336127775
        3.6150079000         0.5000000000         0.5568273105         0.1784832285       -20.2676634806
        3.6200068000         0.5000000000         0.5440656762         0.0866156400       -20.6001001018
        3.6250067000         0.5000000000         0.5364086956         0.0075074388       -20.7995620745
        3.6300065000         0.5000000000         0.5542749836        -0.0001481936       -20.3341508049
        3.6350066000         0.5000000000         0.5568273105         1.1124703785       -20.2676634806
        3.6400072000         0.5000000000         0.5670366179         5.0091872584       -20.0017141837
        3.6450050000         0.5000000000         0.5415133493         4.9938759937       -20.6665874260
        3.6500062000         0.5000000000         0.5542749836         4.9147677924       -20.3341508049
        3.6550055000         0.5000000000         0.5440656762         4.8356595912       -20.6001001018
        3.6600047000         0.5000000000         0.5415133493         4.7488957576       -20.6665874260
        3.6650046000         0.5000000000         0.5695889448         4.6774431887       -19.9352268595
        3.6700047000         0.5000000000         0.5440656762         4.5804718453       -20.6001001018
        3.6750033000         0.5000000000         0.5491703299         4.5064673990       -20.4671254533
        3.6800052000         0.5000000000         0.5491703299         4.4222554428       -20.4671254533
        3.6850049000         0.5000000000         0.5415133493         4.3405953642       -20.6665874260
        3.6900065000         0.5000000000         0.5670366179         4.2716946728       -20.0017141837
        3.6950044000         0.5000000000         0.5313040419         4.1823789617       -20.9325367229
        3.7000059000         0.5000000000         0.5466180030         4.1083745154       -20.5336127775
        3.7050060000         0.5000000000         0.5619319642         4.0292663142       -20.1346888322
        3.7100067000         0.5000000000         0.5466180030         3.9527099904       -20.5336127775
        3.7150044000         0.5000000000         0.5823505790         3.8838092990       -19.6027902384
        3.7200037000         0.5000000000         0.5440656762         3.7944935879       -20.6001001018
        3.7250135000         0.5000000000         0.5619319642         3.7306966515       -20.1346888322
        3.7300074000         0.5000000000         0.5568273105         3.6388290629       -20.2676634806
        3.7350071000         0.5000000000         0.5593796373         3.5597208617       -20.2011761564
        3.7400066000         0.5000000000         0.5619319642         3.4857164154       -20.1346888322
        3.7450063000         0.5000000000         0.5593796373         3.4117119691       -20.2011761564
        3.7500065000         0.5000000000         0.5619319642         3.3377075228       -20.1346888322
        3.7550067000         0.5000000000         0.5568273105         3.2560474441       -20.2676634806
        3.7600083000         0.5000000000         0.5721412716         3.1769392429       -19.8687395353
        3.7650067000         0.5000000000         0.5261993882         3.1029347965       -21.0655113714
        3.7700044000         0.5000000000         0.5644842910         3.0212747179       -20.0682015080
        3.7750070000         0.5000000000         0.5695889448         2.9600296588       -19.9352268595
        3.7800061000         0.5000000000         0.5619319642         2.8732658252       -20.1346888322
        3.7850059000         0.5000000000         0.5542749836         2.7992613789       -20.3341508049
        3.7900069000         0.5000000000         0.5644842910         2.7150494228       -20.0682015080
        3.7950061000         0.5000000000         0.5491703299         2.6410449765       -20.4671254533
        3.8000038000         0.5000000000         0.5644842910         2.5746961625       -20.0682015080
        3.8050058000         0.5000000000         0.5593796373         2.4879323289       -20.2011761564
        3.8100047000         0.5000000000         0.5695889448         2.4113760052       -19.9352268595
        3.8150115000         0.5000000000         0.5721412716         2.3399234363       -19.8687395353
        3.8200067000         0.5000000000         0.5542749836         2.2557114802       -20.3341508049
        3.8250059000         0.5000000000         0.5568273105         2.1714995240       -20.2676634806
        3.8300078000         0.5000000000         0.5542749836         2.1051507101       -20.3341508049
        3.8350064000         0.5000000000         0.5619319642         2.0234906314       -20.1346888322
        3.8400072000         0.5000000000         0.5593796373         1.9469343076       -20.2011761564
        3.8450076000         0.5000000000         0.5466180030         1.8729298613       -20.5336127775
        3.8500083000         0.5000000000         0.5568273105         1.7989254150       -20.2676634806
        3.8550059000         0.5000000000         0.5695889448         1.7198172138       -19.9352268595
        3.8600071000         0.5000000000         0.5593796373         1.6381571351       -20.2011761564
        3.8650104000         0.5000000000         0.5593796373         1.5667045662       -20.2011761564
        3.8700081000         0.5000000000         0.5517226568         1.4824926101       -20.4006381291
        3.8750071000         0.5000000000         0.5466180030         1.4033844088       -20.5336127775
        3.8800063000         0.5000000000         0.5491703299         1.3268280851       -20.4671254533
        3.8850101000         0.5000000000         0.5593796373         1.2502717613       -20.2011761564
        3.8900064000         0.5000000000         0.5491703299         1.1737154375       -20.4671254533
        3.8950148000         0.5000000000         0.5389610225         1.0971591138       -20.7330747502
        3.9000149000         0.5000000000         0.5542749836         1.0129471576       -20.3341508049
        3.9050112000         0.5000000000         0.5593796373         0.9414945888       -20.2011761564
        3.9100090000         0.5000000000         0.5466180030         0.8572826326       -20.5336127775
        3.9150123000         0.5000000000         0.5491703299         0.7705187990       -20.4671254533
        3.9200064000         0.5000000000         0.5466180030         0.6939624752       -20.5336127775
        3.9250065000         0.5000000000         0.5466180030         0.6148542740       -20.5336127775
        3.9300034000         0.5000000000         0.5517226568         0.5229866855       -20.4006381291
        3.9350043000         0.5000000000         0.5491703299         0.4515341166       -20.4671254533
        3.9400064000         0.5000000000         0.5440656762         0.3647702830       -20.6001001018
        3.9450045000         0.5000000000         0.5491703299         0.2933177142       -20.4671254533
        3.9500054000         0.5000000000         0.5593796373         0.2116576355       -20.2011761564
        3.9550031000         0.5000000000         0.5568273105         0.1299975568       -20.2676634806
        3.9600031000         0.5000000000         0.5517226568         0.0432337232       -20.4006381291
        3.9650031000         0.5000000000         0.5440656762        -0.0052519485       -20.6001001018
        3.9700064000         0.5000000000         0.5440656762         0.0228187035       -20.6001001018
        3.9750037000         0.5000000000         0.5593796373         5.0015316260       -20.2011761564
        3.9800051000         0.5000000000         0.5415133493         5.0066353810       -20.6665874260
        3.9850047000         0.5000000000         0.5568273105         4.9428384445       -20.2676634806
        3.9900021000         0.5000000000         0.5389610225         4.8637302433       -20.7330747502
        3.9950052000         0.5000000000         0.5364086956         4.7795182871       -20.7995620745
        4.0000066000         0.5000000000         0.5466180030         4.6978582084       -20.5336127775
        4.0050064000         0.5000000000         0.5517226568         4.6187500072       -20.4006381291
        4.0100042000         0.5000000000         0.5466180030         4.5345380510       -20.5336127775
        4.0150034000         0.5000000000         0.5440656762         4.4528779724       -20.6001001018
        4.0200021000         0.5000000000         0.5491703299         4.3712178937       -20.4671254533
        4.0250052000         0.5000000000         0.5619319642         4.3023172023       -20.1346888322
        4.0300040000         0.5000000000         0.5619319642         4.2232090010       -20.1346888322
        4.0350025000         0.5000000000         0.5491703299         4.1364451674       -20.4671254533
        4.0400058000         0.5000000000         0.5568273105         4.0624407211       -20.2676634806
        4.0450063000         0.5000000000         0.5466180030         3.9909881523       -20.5336127775
        4.0500062000         0.5000000000         0.5746935985         3.9144318285       -19.8022522111
        4.0550050000         0.5000000000         0.5619319642         3.8302198724       -20.1346888322
        4.0600066000         0.5000000000         0.5542749836         3.7460079162       -20.3341508049
        4.0650083000         0.5000000000         0.5593796373         3.6796591023       -20.2011761564
        4.0700079000         0.5000000000         0.5695889448         3.6031027785       -19.9352268595
        4.0750052000         0.5000000000         0.5619319642         3.5163389449       -20.1346888322
        4.0800072000         0.5000000000         0.5593796373         3.4448863760       -20.2011761564
        4.0850032000         0.5000000000         0.5670366179         3.3657781748       -20.0017141837
        4.0900015000         0.5000000000         0.5542749836         3.2841180961       -20.3341508049
        4.0950042000         0.5000000000         0.5670366179         3.2152174047       -20.0017141837
        4.1000049000         0.5000000000         0.5568273105         3.1335573261       -20.2676634806
        4.1050045000         0.5000000000         0.5695889448         3.0595528797       -19.9352268595
        4.1100039000         0.5000000000         0.5670366179         2.9906521883       -20.0017141837
        4.1151158000         0.5000000000         0.5670366179         2.9089921097       -20.0017141837
        4.1200034000         0.5000000000         0.5644842910         2.8273320310       -20.0682015080
        4.1250023000         0.5000000000         0.5542749836         2.7456719523       -20.3341508049
        4.1300025000         0.5000000000         0.5746935985         2.6793231383       -19.8022522111
        4.1350049000         0.5000000000         0.5593796373         2.5976630597       -20.2011761564
        4.1400057000         0.5000000000         0.5568273105         2.5185548584       -20.2676634806
        4.1450062000         0.5000000000         0.5568273105         2.4368947797       -20.2676634806
        4.1500043000         0.5000000000         0.5695889448         2.3730978433       -19.9352268595
        4.1550024000         0.5000000000         0.5517226568         2.2914377646       -20.4006381291
        4.1600060000         0.5000000000         0.5619319642         2.2097776859       -20.1346888322
        4.1650069000         0.5000000000         0.5517226568         2.1255657297       -20.4006381291
        4.1700035000         0.5000000000         0.5440656762         2.0490094060       -20.6001001018
        4.1750049000         0.5000000000         0.5619319642         1.9750049597       -20.1346888322
        4.1800061000         0.5000000000         0.5670366179         1.9035523908       -20.0017141837
        4.1850063000         0.5000000000         0.5517226568         1.8193404347       -20.4006381291
        4.1900069000         0.5000000000         0.5440656762         1.7376803560       -20.6001001018
        4.1950056000         0.5000000000         0.5389610225         1.6636759097       -20.7330747502
        4.2000048000         0.5000000000         0.5389610225         1.5845677084       -20.7330747502
        4.2050041000         0.5000000000         0.5619319642         1.5131151396       -20.1346888322
        4.2100057000         0.5000000000         0.5568273105         1.4391106933       -20.2676634806
        4.2150057000         0.5000000000         0.5159900808         1.3523468597       -21.3314606683
        4.2200057000         0.5000000000         0.5491703299         1.2732386584       -20.4671254533
        4.2250057000         0.5000000000         0.5593796373         1.2017860896       -20.2011761564
        4.2300034000         0.5000000000         0.5389610225         1.1201260109       -20.7330747502
        4.2350066000         0.5000000000         0.5568273105         1.0461215646       -20.2676634806
        4.2400054000         0.5000000000         0.5491703299         0.9593577310       -20.4671254533
        4.2450022000         0.5000000000         0.5338563688         0.8802495297       -20.8660493987
        4.2500073000         0.5000000000         0.5568273105         0.8011413285       -20.2676634806
        4.2550065000         0.5000000000         0.5644842910         0.7245850047       -20.0682015080
        4.2600053000         0.5000000000         0.5313040419         0.6429249261       -20.9325367229
        4.2650047000         0.5000000000         0.5517226568         0.5536092150       -20.4006381291
        4.2700041000         0.5000000000         0.5542749836         0.4796047687       -20.3341508049
        4.2750049000         0.5000000000         0.5517226568         0.4004965675       -20.4006381291
        4.2800046000         0.5000000000         0.5517226568         0.3188364888       -20.4006381291
        4.2850063000         0.5000000000         0.5568273105         0.2397282875       -20.2676634806
        4.2900042000         0.5000000000         0.5313040419         0.1504125765       -20.9325367229
        4.2950048000         0.5000000000         0.5542749836         0.0738562527       -20.3341508049
        4.3000057000         0.5000000000         0.5415133493         0.0024036839       -20.6665874260
        4.3050068000         0.5000000000         0.5568273105         0.0049555613       -20.2676634806
        4.3100062000         0.5000000000         0.5440656762         1.1048147461       -20.6001001018
        4.3150472000         0.5000000000         0.5389610225         5.0066353810       -20.7330747502
        4.3200044000         0.5000000000         0.5491703299         4.9785647289       -20.4671254533
        4.3250056000         0.5000000000         0.5491703299         4.8866971404       -20.4671254533
        4.3300042000         0.5000000000         0.5313040419         4.8075889392       -20.9325367229
        4.3350069000         0.5000000000         0.5568273105         4.7310326154       -20.2676634806
        4.3400053000         0.5000000000         0.5440656762         4.6493725367       -20.6001001018
        4.3450066000         0.5000000000         0.5466180030         4.5651605806       -20.5336127775
        4.3500054000         0.5000000000         0.5644842910         4.4962598892       -20.0682015080
        4.3550063000         0.5000000000         0.5542749836         4.4094960556       -20.3341508049
        4.3600067000         0.5000000000         0.5517226568         4.3303878543       -20.4006381291
        4.3650098000         0.5000000000         0.5593796373         4.2563834080       -20.2011761564
        4.3700087000         0.5000000000         0.5644842910         4.1798270842       -20.0682015080
        4.3750073000         0.5000000000         0.5542749836         4.0981670056       -20.3341508049
        4.3800042000         0.5000000000         0.5517226568         4.0165069269       -20.4006381291
        4.3850083000         0.5000000000         0.5415133493         3.9348468482       -20.6665874260
        4.3900040000         0.5000000000         0.5695889448         3.8736017892       -19.9352268595
        4.3950066000         0.5000000000         0.5517226568         3.7766304457       -20.4006381291
        4.4000061000         0.5000000000         0.5568273105         3.7077297543       -20.2676634806
        4.4050081000         0.5000000000         0.5644842910         3.6286215531       -20.0682015080
        4.4100116000         0.5000000000         0.5466180030         3.5418577195       -20.5336127775
        4.4150077000         0.5000000000         0.5695889448         3.4729570281       -19.9352268595
        4.4200045000         0.5000000000         0.5670366179         3.3989525818       -20.0017141837
        4.4250068000         0.5000000000         0.5593796373         3.3147406256       -20.2011761564
        4.4300060000         0.5000000000         0.5568273105         3.2432880568       -20.2676634806
        4.4350071000         0.5000000000         0.5695889448         3.1641798556       -19.9352268595
        4.4400062000         0.5000000000         0.5593796373         3.0876235318       -20.2011761564
        4.4450063000         0.5000000000         0.5619319642         3.0110672080       -20.1346888322
        4.4501069000         0.5000000000         0.5644842910         2.9345108842       -20.0682015080
        4.4550065000         0.5000000000         0.5568273105         2.8528508056       -20.2676634806
        4.4600062000         0.5000000000         0.5517226568         2.7813982367       -20.4006381291
        4.4650328000         0.5000000000         0.5517226568         2.6997381580       -20.4006381291
        4.4700066000         0.5000000000         0.5619319642         2.6129743244       -20.1346888322
        4.4750039000         0.5000000000         0.5491703299         2.5466255105       -20.4671254533
        4.4800096000         0.5000000000         0.5593796373         2.4726210642       -20.2011761564
        4.4850044000         0.5000000000         0.5542749836         2.3833053531       -20.3341508049
        4.4900066000         0.5000000000         0.5466180030         2.3118527843       -20.5336127775
        4.4950069000         0.5000000000         0.5670366179         2.2455039703       -20.0017141837
        4.5000063000         0.5000000000         0.5695889448         2.1587401367       -19.9352268595
        4.5050041000         0.5000000000         0.5466180030         2.0796319355       -20.5336127775
        4.5100055000         0.5000000000         0.5542749836         2.0030756117       -20.3341508049
        4.5150047000         0.5000000000         0.5440656762         1.9239674105       -20.6001001018
        4.5200059000         0.5000000000         0.5593796373         1.8525148416       -20.2011761564
        4.5250063000         0.5000000000         0.5542749836         1.7631991306       -20.3341508049
        4.5300034000         0.5000000000         0.5491703299         1.6942984392       -20.4671254533
        4.5350038000         0.5000000000         0.5415133493         1.6228458703       -20.6665874260
        4.5400066000         0.5000000000         0.5466180030         1.5360820367       -20.5336127775
        4.5450078000         0.5000000000         0.5542749836         1.4569738355       -20.3341508049
        4.5500066000         0.5000000000         0.5568273105         1.3880731441       -20.2676634806
        4.5550032000         0.5000000000         0.5466180030         1.3064130654       -20.5336127775
        4.5600057000         0.5000000000         0.5364086956         1.2170973543       -20.7995620745
        4.5650050000         0.5000000000         0.5491703299         1.1584041728       -20.4671254533
        4.5700050000         0.5000000000         0.5466180030         1.0716403392       -20.5336127775
        4.5750055000         0.5000000000         0.5491703299         0.9848765056       -20.4671254533
        4.5800057000         0.5000000000         0.5261993882         0.9032164269       -21.0655113714
        4.5850028000         0.5000000000         0.5440656762         0.8266601031       -20.6001001018
        4.5900059000         0.5000000000         0.5466180030         0.7552075343       -20.5336127775
        4.5950037000         0.5000000000         0.5568273105         0.6709955781       -20.2676634806
        4.6000048000         0.5000000000         0.5440656762         0.5867836220       -20.6001001018
        4.6050044000         0.5000000000         0.5313040419         0.5000197884       -20.9325367229
        4.6100048000         0.5000000000         0.5364086956         0.4183597097       -20.7995620745
        4.6150030000         0.5000000000         0.5466180030         0.3418033859       -20.5336127775
        4.6200051000         0.5000000000         0.5440656762         0.2601433072       -20.6001001018
        4.6250044000         0.5000000000         0.5440656762         0.1810351060       -20.6001001018
        4.6300047000         0.5000000000         0.5517226568         0.0942712724       -20.4006381291
        4.6350031000         0.5000000000         0.5542749836         0.0253705810       -20.3341508049
        4.6400051000         0.5000000000         0.5415133493        -0.0052519485       -20.6665874260
        4.6450027000         0.5000000000         0.5491703299         1.1099185011       -20.4671254533
        4.6500052000         0.5000000000         0.5364086956         5.0066353810       -20.7995620745
        4.6550307000         0.5000000000         0.5364086956         4.9887722387       -20.7995620745
        4.6600039000         0.5000000000         0.5338563688         4.9147677924       -20.8660493987
        4.6650061000         0.5000000000         0.5338563688         4.8305558363       -20.8660493987
        4.6700030000         0.5000000000         0.5466180030         4.7539995125       -20.5336127775
        4.6750036000         0.5000000000         0.5568273105         4.6723394338       -20.2676634806
        4.6800055000         0.5000000000         0.5415133493         4.5881274777       -20.6665874260
        4.6850059000         0.5000000000         0.5466180030         4.5039155215       -20.5336127775
        4.6900042000         0.5000000000         0.5542749836         4.4299110752       -20.3341508049
        4.6950051000         0.5000000000         0.5389610225         4.3354916092       -20.7330747502
        4.7000042000         0.5000000000         0.5568273105         4.2640390404       -20.2676634806
        4.7050035000         0.5000000000         0.5466180030         4.1823789617       -20.5336127775
        4.7100055000         0.5000000000         0.5619319642         4.1109263928       -20.1346888322
        4.7150047000         0.5000000000         0.5644842910         4.0267144367       -20.0682015080
        4.7200067000         0.5000000000         0.5440656762         3.9450543580       -20.6001001018
        4.7250067000         0.5000000000         0.5568273105         3.8761536666       -20.2676634806
        4.7300073000         0.5000000000         0.5466180030         3.7944935879       -20.5336127775
        4.7350061000         0.5000000000         0.5593796373         3.7179372642       -20.2011761564
        4.7400037000         0.5000000000         0.5644842910         3.6413809404       -20.0682015080
        4.7450068000         0.5000000000         0.5568273105         3.5622727392       -20.2676634806
        4.7500061000         0.5000000000         0.5542749836         3.4857164154       -20.3341508049
        4.7550067000         0.5000000000         0.5644842910         3.4040563367       -20.0682015080
        4.7600052000         0.5000000000         0.5695889448         3.3377075228       -19.9352268595
        4.7650050000         0.5000000000         0.5644842910         3.2611511990       -20.0682015080
        4.7700038000         0.5000000000         0.5695889448         3.1794911203       -19.9352268595
        4.7750067000         0.5000000000         0.5491703299         3.0952791642       -20.4671254533
        4.7800049000         0.5000000000         0.5695889448         3.0212747179       -19.9352268595
        4.7850078000         0.5000000000         0.5772459253         2.9523740265       -19.7357648868
        4.7900071000         0.5000000000         0.5746935985         2.8758177027       -19.8022522111
        4.7950070000         0.5000000000         0.5619319642         2.7916057465       -20.1346888322
        4.8000052000         0.5000000000         0.5644842910         2.7176013002       -20.0682015080
        4.8050074000         0.5000000000         0.5644842910         2.6461487314       -20.0682015080
        4.8100067000         0.5000000000         0.5670366179         2.5619367752       -20.0017141837
        4.8150055000         0.5000000000         0.5695889448         2.4828285740       -19.9352268595
        4.8200066000         0.5000000000         0.5542749836         2.4088241277       -20.3341508049
        4.8250062000         0.5000000000         0.5695889448         2.3373715588       -19.9352268595
        4.8300041000         0.5000000000         0.5695889448         2.2608152351       -19.9352268595
        4.8350062000         0.5000000000         0.5644842910         2.1714995240       -20.0682015080
        4.8400072000         0.5000000000         0.5542749836         2.0898394453       -20.3341508049
        4.8450102000         0.5000000000         0.5619319642         2.0209387539       -20.1346888322
        4.8500062000         0.5000000000         0.5568273105         1.9392786752       -20.2676634806
        4.8550122000         0.5000000000         0.5593796373         1.8627223515       -20.2011761564
        4.8600193000         0.5000000000         0.5568273105         1.7861660277       -20.2676634806
        4.8650130000         0.5000000000         0.5491703299         1.7096097039       -20.4671254533
        4.8700090000         0.5000000000         0.5542749836         1.6330533802       -20.3341508049
        4.8750046000         0.5000000000         0.5415133493         1.5590489338       -20.6665874260
        4.8800073000         0.5000000000         0.5466180030         1.4850444875       -20.5336127775
        4.8850066000         0.5000000000         0.5619319642         1.4084881638       -20.1346888322
        4.8900028000         0.5000000000         0.5491703299         1.3268280851       -20.4671254533
        4.8950052000         0.5000000000         0.5466180030         1.2375123740       -20.5336127775
        4.9000028000         0.5000000000         0.5517226568         1.1660598052       -20.4006381291
        4.9050051000         0.5000000000         0.5389610225         1.0920553588       -20.7330747502
        4.9100044000         0.5000000000         0.5542749836         1.0103952802       -20.3341508049
        4.9150040000         0.5000000000         0.5466180030         0.9338389564       -20.5336127775
        4.9200033000         0.5000000000         0.5313040419         0.8445232453       -20.9325367229
        4.9250028000         0.5000000000         0.5389610225         0.7628631666       -20.7330747502
        4.9300021000         0.5000000000         0.5415133493         0.6837549654       -20.6665874260
        4.9350073000         0.5000000000         0.5466180030         0.6071986416       -20.5336127775
        4.9400052000         0.5000000000         0.5568273105         0.5331941953       -20.2676634806
        4.9450043000         0.5000000000         0.5261993882         0.4464303617       -21.0655113714
        4.9500020000         0.5000000000         0.5517226568         0.3647702830       -20.4006381291
        4.9550041000         0.5000000000         0.5517226568         0.2780064494       -20.4006381291
        4.9600034000         0.5000000000         0.5440656762         0.2014501257       -20.6001001018
        4.9650025000         0.5000000000         0.5466180030         0.1172381695       -20.5336127775
        4.9700069000         0.5000000000         0.5415133493         0.0406818457       -20.6665874260
        4.9750029000         0.5000000000         0.5542749836         0.0075074388       -20.3341508049
        4.9800046000         0.5000000000         0.5440656762         1.1048147461       -20.6001001018
        4.9850026000         0.5000000000         0.5440656762         5.0066353810       -20.6001001018
        4.9900022000         0.5000000000         0.5517226568         5.0117391359       -20.4006381291
        4.9950025000         0.5000000000         0.5364086956         4.9377346896       -20.7995620745
        5.0000013000         0.5000000000         0.5491703299         4.8637302433       -20.4671254533
        5.0050048000         0.5000000000         0.5568273105         4.7820701646       -20.2676634806
        5.0100052000         0.5000000000         0.5517226568         4.6927544535       -20.4006381291
        5.0150042000         0.5000000000         0.5491703299         4.6110943748       -20.4671254533
        5.0200049000         0.5000000000         0.5593796373         4.5370899285       -20.2011761564
        5.0250043000         0.5000000000         0.5466180030         4.4426704625       -20.5336127775
        5.0300028000         0.5000000000         0.5568273105         4.3712178937       -20.2676634806
        5.0350044000         0.5000000000         0.5568273105         4.2870059375       -20.2676634806
        5.0400037000         0.5000000000         0.5491703299         4.2104496138       -20.4671254533
        5.0450060000         0.5000000000         0.5466180030         4.1338932900       -20.5336127775
        5.0500063000         0.5000000000         0.5517226568         4.0547850888       -20.4006381291
        5.0550057000         0.5000000000         0.5287517151         3.9756768875       -20.9990240471
        5.0600057000         0.5000000000         0.5695889448         3.9016724412       -19.9352268595
        5.0650069000         0.5000000000         0.5491703299         3.8200123625       -20.4671254533
        5.0701568000         0.5000000000         0.5491703299         3.7409041613       -20.4671254533
        5.0750065000         0.5000000000         0.5568273105         3.6694515924       -20.2676634806
        5.0800383000         0.5000000000         0.5593796373         3.5877915138       -20.2011761564
        5.0850102000         0.5000000000         0.5593796373         3.5061314351       -20.2011761564
        5.0900083000         0.5000000000         0.5466180030         3.4321269888       -20.5336127775
        5.0950047000         0.5000000000         0.5619319642         3.3581225424       -20.1346888322
        5.1000059000         0.5000000000         0.5466180030         3.2739105863       -20.5336127775
        5.1050043000         0.5000000000         0.5695889448         3.2024580174       -19.9352268595
        5.1100047000         0.5000000000         0.5695889448         3.1233498162       -19.9352268595
        5.1150044000         0.5000000000         0.5619319642         3.0544491248       -20.1346888322
        5.1200068000         0.5000000000         0.5593796373         2.9727890461       -20.2011761564
        5.1250065000         0.5000000000         0.5695889448         2.8911289674       -19.9352268595
        5.1300059000         0.5000000000         0.5568273105         2.8171245211       -20.2676634806
        5.1350047000         0.5000000000         0.5389610225         2.7380163199       -20.7330747502
        5.1400068000         0.5000000000         0.5542749836         2.6589081187       -20.3341508049
        5.1450047000         0.5000000000         0.5619319642         2.5874555498       -20.1346888322
        5.1500123000         0.5000000000         0.5644842910         2.5057954711       -20.0682015080
        5.1550063000         0.5000000000         0.5517226568         2.4215835150       -20.4006381291
        5.1600122000         0.5000000000         0.5695889448         2.3577865785       -19.9352268595
        5.1650070000         0.5000000000         0.5593796373         2.2786783773       -20.2011761564
        5.1700063000         0.5000000000         0.5593796373         2.2021220535       -20.2011761564
        5.1750041000         0.5000000000         0.5568273105         2.1128063424       -20.2676634806
        5.1800061000         0.5000000000         0.5542749836         2.0388018961       -20.3341508049
        5.1850410000         0.5000000000         0.5542749836         1.9647974498       -20.3341508049
        5.1900065000         0.5000000000         0.5542749836         1.8831373711       -20.3341508049
        5.1950051000         0.5000000000         0.5491703299         1.8065810474       -20.4671254533
        5.2000056000         0.5000000000         0.5670366179         1.7376803560       -20.0017141837
        5.2050047000         0.5000000000         0.5466180030         1.6458127674       -20.5336127775
        5.2100048000         0.5000000000         0.5466180030         1.5794639535       -20.5336127775
        5.2150052000         0.5000000000         0.5517226568         1.4875963650       -20.4006381291
        5.2200052000         0.5000000000         0.5542749836         1.4186956736       -20.3341508049
        5.2250050000         0.5000000000         0.5415133493         1.3421393498       -20.6665874260
        5.2300046000         0.5000000000         0.5568273105         1.2630311486       -20.2676634806
        5.2350053000         0.5000000000         0.5542749836         1.1839229474       -20.3341508049
        5.2400032000         0.5000000000         0.5440656762         1.1124703785       -20.6001001018
        5.2450047000         0.5000000000         0.5440656762         1.0180509125       -20.6001001018
        5.2500051000         0.5000000000         0.5644842910         0.9542539761       -20.0682015080
        5.2550049000         0.5000000000         0.5517226568         0.8700420199       -20.4006381291
        5.2600036000         0.5000000000         0.5415133493         0.7883819412       -20.6665874260
        5.2650048000         0.5000000000         0.5313040419         0.6990662302       -20.9325367229
        5.2700052000         0.5000000000         0.5415133493         0.6174061515       -20.6665874260
        5.2750047000         0.5000000000         0.5695889448         0.5510573375       -19.9352268595
        5.2800038000         0.5000000000         0.5466180030         0.4668453814       -20.5336127775
        5.2850015000         0.5000000000         0.5491703299         0.3902890576       -20.4671254533
        5.2900035000         0.5000000000         0.5389610225         0.2958695916       -20.7330747502
        5.2950051000         0.5000000000         0.5466180030         0.2193132679       -20.5336127775
        5.3000039000         0.5000000000         0.5491703299         0.1427569441       -20.4671254533
        5.3050105000         0.5000000000         0.5466180030         0.0559931105       -20.5336127775
        5.3100048000         0.5000000000         0.5440656762         0.0049555613       -20.6001001018
        5.3150051000         0.5000000000         0.5415133493        -0.0001481936       -20.6665874260
        5.3200087000         0.5000000000         0.5568273105         5.0040835035       -20.2676634806
        5.3250104000         0.5000000000         0.5568273105         5.0142910133       -20.2676634806
        5.3300060000         0.5000000000         0.5568273105         4.9658053416       -20.2676634806
        5.3350098000         0.5000000000         0.5415133493         4.8739377531       -20.6665874260
        5.3400075000         0.5000000000         0.5466180030         4.7871739195       -20.5336127775
        5.3450079000         0.5000000000         0.5389610225         4.7055138408       -20.7330747502
        5.3500070000         0.5000000000         0.5568273105         4.6289575170       -20.2676634806
        5.3550052000         0.5000000000         0.5364086956         4.5421936834       -20.7995620745
        5.3600059000         0.5000000000         0.5517226568         4.4758448695       -20.4006381291
        5.3650066000         0.5000000000         0.5593796373         4.3916329133       -20.2011761564
        5.3700071000         0.5000000000         0.5440656762         4.3048690797       -20.6001001018
        5.3750063000         0.5000000000         0.5568273105         4.2283127560       -20.2676634806
        5.3800073000         0.5000000000         0.5415133493         4.1517564322       -20.6665874260
        5.3850064000         0.5000000000         0.5466180030         4.0726482310       -20.5336127775
        5.3900071000         0.5000000000         0.5440656762         3.9909881523       -20.6001001018
        5.3950058000         0.5000000000         0.5593796373         3.9169837060       -20.2011761564
        5.4000041000         0.5000000000         0.5593796373         3.8378755047       -20.2011761564
        5.4050066000         0.5000000000         0.5466180030         3.7536635486       -20.5336127775
        5.4100049000         0.5000000000         0.5364086956         3.6745553474       -20.7995620745
        5.4150060000         0.5000000000         0.5670366179         3.5979990236       -20.0017141837
        5.4200063000         0.5000000000         0.5568273105         3.5239945773       -20.2676634806
        5.4250072000         0.5000000000         0.5670366179         3.4550938859       -20.0017141837
        5.4300053000         0.5000000000         0.5644842910         3.3708819297       -20.0682015080
        5.4350066000         0.5000000000         0.5491703299         3.3019812383       -20.4671254533
        5.4400046000         0.5000000000         0.5695889448         3.2177692822       -19.9352268595
        5.4450060000         0.5000000000         0.5695889448         3.1437648359       -19.9352268595
        5.4500270000         0.5000000000         0.5619319642         3.0621047572       -20.1346888322
        5.4550075000         0.5000000000         0.5491703299         2.9778928011       -20.4671254533
        5.4600072000         0.5000000000         0.5568273105         2.9089921097       -20.2676634806
        5.4650066000         0.5000000000         0.5593796373         2.8324357859       -20.2011761564
        5.4700044000         0.5000000000         0.5695889448         2.7609832170       -19.9352268595
        5.4750060000         0.5000000000         0.5670366179         2.6844268933       -20.0017141837
        5.4800094000         0.5000000000         0.5491703299         2.6002149371       -20.4671254533
        5.4850064000         0.5000000000         0.5568273105         2.5185548584       -20.2676634806
        5.4900064000         0.5000000000         0.5593796373         2.4445504121       -20.2011761564
        5.4950064000         0.5000000000         0.5619319642         2.3679940883       -20.1346888322
        5.5000059000         0.5000000000         0.5542749836         2.2965415195       -20.3341508049
        5.5050059000         0.5000000000         0.5542749836         2.2097776859       -20.3341508049
        5.5100072000         0.5000000000         0.5440656762         2.1255657297       -20.6001001018
        5.5150048000         0.5000000000         0.5491703299         2.0541131609       -20.4671254533
        5.5200080000         0.5000000000         0.5568273105         1.9750049597       -20.2676634806
        5.5250047000         0.5000000000         0.5338563688         1.9010005134       -20.8660493987
        5.5300058000         0.5000000000         0.5466180030         1.8244441896       -20.5336127775
        5.5350039000         0.5000000000         0.5517226568         1.7427841109       -20.4006381291
        5.5400066000         0.5000000000         0.5440656762         1.6585721547       -20.6001001018
        5.5450048000         0.5000000000         0.5389610225         1.5794639535       -20.7330747502
        5.5500078000         0.5000000000         0.5568273105         1.5054595072       -20.2676634806
        5.5550049000         0.5000000000         0.5517226568         1.4391106933       -20.4006381291
        5.5600059000         0.5000000000         0.5287517151         1.3523468597       -20.9990240471
        5.5650048000         0.5000000000         0.5568273105         1.2706867810       -20.2676634806
        5.5700042000         0.5000000000         0.5568273105         1.1966823347       -20.2676634806
        5.5750038000         0.5000000000         0.5364086956         1.1175741334       -20.7995620745
        5.5800049000         0.5000000000         0.5491703299         1.0410178097       -20.4671254533
        5.5850030000         0.5000000000         0.5389610225         0.9491502211       -20.7330747502
        5.5900048000         0.5000000000         0.5159900808         0.8725938974       -21.3314606683
        5.5950028000         0.5000000000         0.5517226568         0.7858300638       -20.4006381291
        5.6000053000         0.5000000000         0.5491703299         0.7220331273       -20.4671254533
        5.6050048000         0.5000000000         0.5185424076         0.6250617838       -21.2649733440
        5.6100050000         0.5000000000         0.5491703299         0.5561610925       -20.4671254533
        5.6150042000         0.5000000000         0.5542749836         0.4719491363       -20.3341508049
        5.6200048000         0.5000000000         0.5313040419         0.3902890576       -20.9325367229
        5.6250038000         0.5000000000         0.5440656762         0.3035252240       -20.6001001018
        5.6301265000         0.5000000000         0.5466180030         0.2193132679       -20.5336127775
        5.6350028000         0.5000000000         0.5287517151         0.1351013117       -20.9990240471
        5.6400051000         0.5000000000         0.5644842910         0.0585449879       -20.0682015080
        5.6450049000         0.5000000000         0.5517226568        -0.0052519485       -20.4006381291
        5.6500046000         0.5000000000         0.5313040419        -0.0001481936       -20.9325367229
        5.6550016000         0.5000000000         0.5542749836         4.9862203613       -20.3341508049
        5.6600052000         0.5000000000         0.5517226568         5.0117391359       -20.4006381291
        5.6650047000         0.5000000000         0.5517226568         4.9760128515       -20.4006381291
        5.6700046000         0.5000000000         0.5517226568         4.8790415080       -20.4006381291
        5.6750020000         0.5000000000         0.5364086956         4.8024851842       -20.7995620745
        5.6800044000         0.5000000000         0.5338563688         4.7157213506       -20.8660493987
        5.6850041000         0.5000000000         0.5593796373         4.6417169043       -20.2011761564
        5.6900052000         0.5000000000         0.5389610225         4.5575049482       -20.7330747502
        5.6950063000         0.5000000000         0.5542749836         4.4732929920       -20.3341508049
        5.7000068000         0.5000000000         0.5491703299         4.3916329133       -20.4671254533
        5.7050061000         0.5000000000         0.5364086956         4.3048690797       -20.7995620745
        5.7100042000         0.5000000000         0.5644842910         4.2385202658       -20.0682015080
        5.7150072000         0.5000000000         0.5517226568         4.1594120646       -20.4006381291
        5.7200044000         0.5000000000         0.5568273105         4.0828557408       -20.2676634806
        5.7250062000         0.5000000000         0.5542749836         4.0062994170       -20.3341508049
        5.7300063000         0.5000000000         0.5644842910         3.9322949707       -20.0682015080
        5.7350064000         0.5000000000         0.5389610225         3.8480830146       -20.7330747502
        5.7400052000         0.5000000000         0.5491703299         3.7638710584       -20.4671254533
        5.7450058000         0.5000000000         0.5517226568         3.6873147347       -20.4006381291
        5.7500065000         0.5000000000         0.5619319642         3.6133102883       -20.1346888322
        5.7550061000         0.5000000000         0.5568273105         3.5367539646       -20.2676634806
        5.7600069000         0.5000000000         0.5772459253         3.4653013957       -19.7357648868
        5.7650082000         0.5000000000         0.5568273105         3.3836413170       -20.2676634806
        5.7700047000         0.5000000000         0.5619319642         3.2994293609       -20.1346888322
        5.7750241000         0.5000000000         0.5517226568         3.2254249146       -20.4006381291
        5.7800062000         0.5000000000         0.5644842910         3.1514204683       -20.0682015080
        5.7850067000         0.5000000000         0.5593796373         3.0774160220       -20.2011761564
        5.7900066000         0.5000000000         0.5644842910         2.9983078207       -20.0682015080
        5.7950059000         0.5000000000         0.5568273105         2.9140958646       -20.2676634806
        5.8000031000         0.5000000000         0.5415133493         2.8375395408       -20.6665874260
        5.8050060000         0.5000000000         0.5313040419         2.7686388494       -20.9325367229
        5.8100073000         0.5000000000         0.5797982522         2.6946344031       -19.6692775626
        5.8150066000         0.5000000000         0.5542749836         2.6078705695       -20.3341508049
        5.8200090000         0.5000000000         0.5542749836         2.5338661232       -20.3341508049
        5.8250077000         0.5000000000         0.5593796373         2.4522060445       -20.2011761564
        5.8300046000         0.5000000000         0.5542749836         2.3782015982       -20.3341508049
        5.8350067000         0.5000000000         0.5695889448         2.3067490293       -19.9352268595
        5.8400060000         0.5000000000         0.5542749836         2.2199851957       -20.3341508049
        5.8450061000         0.5000000000         0.5619319642         2.1459807494       -20.1346888322
        5.8500035000         0.5000000000         0.5466180030         2.0668725482       -20.5336127775
        5.8550047000         0.5000000000         0.5491703299         1.9826605920       -20.4671254533
        5.8600213000         0.5000000000         0.5542749836         1.9112080232       -20.3341508049
        5.8650055000         0.5000000000         0.5568273105         1.8320998220       -20.2676634806
        5.8700069000         0.5000000000         0.5568273105         1.7606472531       -20.2676634806
        5.8750060000         0.5000000000         0.5542749836         1.6840909293       -20.3341508049
        5.8800061000         0.5000000000         0.5415133493         1.6049827281       -20.6665874260
        5.8850065000         0.5000000000         0.5568273105         1.5258745269       -20.2676634806
        5.8900049000         0.5000000000         0.5542749836         1.4518700806       -20.3341508049
        5.8950033000         0.5000000000         0.5287517151         1.3676581244       -20.9990240471
        5.9000050000         0.5000000000         0.5389610225         1.2859980457       -20.7330747502
        5.9050051000         0.5000000000         0.5466180030         1.2119935994       -20.5336127775
        5.9100045000         0.5000000000         0.5364086956         1.1328853982       -20.7995620745
        5.9150028000         0.5000000000         0.5542749836         1.0588809519       -20.3341508049
        5.9200043000         0.5000000000         0.5542749836         0.9746689957       -20.3341508049
        5.9250044000         0.5000000000         0.5236470613         0.8930089170       -21.1319986956
        5.9300045000         0.5000000000         0.5517226568         0.8215563482       -20.4006381291
        5.9350050000         0.5000000000         0.5568273105         0.7296887597       -20.2676634806
        5.9400043000         0.5000000000         0.5364086956         0.6480286810       -20.7995620745
        5.9450027000         0.5000000000         0.5440656762         0.5714723572       -20.6001001018
        5.9500019000         0.5000000000         0.5389610225         0.4847085236       -20.7330747502
        5.9550023000         0.5000000000         0.5389610225         0.4081521998       -20.7330747502
        5.9600056000         0.5000000000         0.5644842910         0.3366996310       -20.0682015080
        5.9650038000         0.5000000000         0.5568273105         0.2473839199       -20.2676634806
        5.9700043000         0.5000000000         0.5287517151         0.1580682088       -20.9990240471
        5.9750062000         0.5000000000         0.5491703299         0.0764081302       -20.4671254533
        5.9800061000         0.5000000000         0.5440656762         0.0049555613       -20.6001001018
        5.9850041000         0.5000000000         0.5466180030         0.0024036839       -20.5336127775
        5.9900020000         0.5000000000         0.5517226568         1.1073666236       -20.4006381291
        5.9950052000         0.5000000000         0.5389610225         5.0040835035       -20.7330747502
        6.0000052000         0.5000000000         0.5440656762         4.9836684838       -20.6001001018
        6.0050055000         0.5000000000         0.5542749836         4.9071121601       -20.3341508049
        6.0100064000         0.5000000000         0.5389610225         4.8203483265       -20.7330747502
        6.0150062000         0.5000000000         0.5491703299         4.7412401252       -20.4671254533
        6.0200049000         0.5000000000         0.5593796373         4.6519244142       -20.2011761564
        6.0250048000         0.5000000000         0.5466180030         4.5753680904       -20.5336127775
        6.0300067000         0.5000000000         0.5517226568         4.4962598892       -20.4006381291
        6.0350069000         0.5000000000         0.5542749836         4.4120479330       -20.3341508049
        6.0400064000         0.5000000000         0.5389610225         4.3354916092       -20.7330747502
        6.0450066000         0.5000000000         0.5619319642         4.2614871629       -20.1346888322
        6.0500058000         0.5000000000         0.5440656762         4.1670676969       -20.6001001018
        6.0550048000         0.5000000000         0.5568273105         4.1032707605       -20.2676634806
        6.0600047000         0.5000000000         0.5619319642         4.0190588043       -20.1346888322
        6.0650042000         0.5000000000         0.5364086956         3.9348468482       -20.7995620745
        6.0700030000         0.5000000000         0.5772459253         3.8659461568       -19.7357648868
        6.0750041000         0.5000000000         0.5389610225         3.7817342006       -20.7330747502
        6.0800042000         0.5000000000         0.5619319642         3.7051778769       -20.1346888322
        6.0852572000         0.5000000000         0.5517226568         3.6209659207       -20.4006381291
        6.0900056000         0.5000000000         0.5389610225         3.5469614744       -20.7330747502
        6.0950034000         0.5000000000         0.5568273105         3.4704051506       -20.2676634806
        6.1000109000         0.5000000000         0.5517226568         3.3912969494       -20.4006381291
        6.1050082000         0.5000000000         0.5568273105         3.3147406256       -20.2676634806
        6.1100076000         0.5000000000         0.5542749836         3.2381843019       -20.3341508049
        6.1150041000         0.5000000000         0.5568273105         3.1616279781       -20.2676634806
        6.1200066000         0.5000000000         0.5389610225         3.0799678994       -20.7330747502
        6.1250044000         0.5000000000         0.5695889448         3.0059634531       -19.9352268595
        6.1300072000         0.5000000000         0.5593796373         2.9294071293       -20.2011761564
        6.1350070000         0.5000000000         0.5568273105         2.8528508056       -20.2676634806
        6.1400071000         0.5000000000         0.5466180030         2.7686388494       -20.5336127775
        6.1450046000         0.5000000000         0.5644842910         2.6971862806       -20.0682015080
        6.1500064000         0.5000000000         0.5619319642         2.6282855892       -20.1346888322
        6.1550069000         0.5000000000         0.5542749836         2.5389698781       -20.3341508049
        6.1600089000         0.5000000000         0.5670366179         2.4751729416       -20.0017141837
        6.1650065000         0.5000000000         0.5159900808         2.3909609855       -21.3314606683
        6.1700073000         0.5000000000         0.5542749836         2.3093009068       -20.3341508049
        6.1750066000         0.5000000000         0.5695889448         2.2352964605       -19.9352268595
        6.1800068000         0.5000000000         0.5644842910         2.1485326269       -20.0682015080
        6.1850055000         0.5000000000         0.5568273105         2.0847356904       -20.2676634806
        6.1900063000         0.5000000000         0.5568273105         1.9954199793       -20.2676634806
        6.1950036000         0.5000000000         0.5440656762         1.9112080232       -20.6001001018
        6.2000064000         0.5000000000         0.5644842910         1.8474110867       -20.0682015080
        6.2050054000         0.5000000000         0.5542749836         1.7657510080       -20.3341508049
        6.2100072000         0.5000000000         0.5517226568         1.6866428068       -20.4006381291
        6.2150047000         0.5000000000         0.5338563688         1.6075346056       -20.8660493987
        6.2200067000         0.5000000000         0.5568273105         1.5386339142       -20.2676634806
        6.2250079000         0.5000000000         0.5466180030         1.4467663256       -20.5336127775
        6.2300065000         0.5000000000         0.5313040419         1.3778656343       -20.9325367229
        6.2350287000         0.5000000000         0.5466180030         1.2936536781       -20.5336127775
        6.2400073000         0.5000000000         0.5440656762         1.2222011093       -20.6001001018
        6.2450066000         0.5000000000         0.5491703299         1.1507485404       -20.4671254533
        6.2500064000         0.5000000000         0.5415133493         1.0563290744       -20.6665874260
        6.2550063000         0.5000000000         0.5568273105         0.9797727506       -20.2676634806
        6.2600060000         0.5000000000         0.5287517151         0.9032164269       -20.9990240471
        6.2650054000         0.5000000000         0.5415133493         0.8241082257       -20.6665874260
        6.2700050000         0.5000000000         0.5466180030         0.7398962695       -20.5336127775
        6.2750072000         0.5000000000         0.5415133493         0.6582361908       -20.6665874260
        6.2800071000         0.5000000000         0.5568273105         0.5791279896       -20.2676634806
        6.2850062000         0.5000000000         0.5517226568         0.5000197884       -20.4006381291
        6.2900050000         0.5000000000         0.5364086956         0.4209115871       -20.7995620745
        6.2950047000         0.5000000000         0.5593796373         0.3469071408       -20.2011761564
        6.3000065000         0.5000000000         0.5364086956         0.2550395523       -20.7995620745
        6.3050073000         0.5000000000         0.5364086956         0.1657238412       -20.7995620745
        6.3100066000         0.5000000000         0.5491703299         0.0993750273       -20.4671254533
        6.3150069000         0.5000000000         0.5491703299         0.0024036839       -20.4671254533
        6.3200053000         0.5000000000         0.5440656762        -0.0052519485       -20.6001001018
        6.3250021000         0.5000000000         0.5466180030         1.1022628687       -20.5336127775
        6.3300106000         0.5000000000         0.5440656762         4.9989797486       -20.6001001018
        6.3350027000         0.5000000000         0.5364086956         4.9913241162       -20.7995620745
        6.3400029000         0.5000000000         0.5542749836         4.9122159150       -20.3341508049
        6.3450018000         0.5000000000         0.5466180030         4.8305558363       -20.5336127775
        6.3500069000         0.5000000000         0.5415133493         4.7514476351       -20.6665874260
        6.3550036000         0.5000000000         0.5517226568         4.6646838015       -20.4006381291
        6.3600063000         0.5000000000         0.5313040419         4.5855756002       -20.9325367229
        6.3650057000         0.5000000000         0.5517226568         4.5039155215       -20.4006381291
        6.3700069000         0.5000000000         0.5415133493         4.4197035654       -20.6665874260
        6.3750062000         0.5000000000         0.5134377539         4.3380434867       -21.3979479925
        6.3800040000         0.5000000000         0.5491703299         4.2589352855       -20.4671254533
        6.3850030000         0.5000000000         0.5338563688         4.1798270842       -20.8660493987
        6.3900031000         0.5000000000         0.5568273105         4.1007188830       -20.2676634806
        6.3950046000         0.5000000000         0.5619319642         4.0292663142       -20.1346888322
        6.4000068000         0.5000000000         0.5415133493         3.9450543580       -20.6665874260
        6.4050101000         0.5000000000         0.5619319642         3.8736017892       -20.1346888322
        6.4100042000         0.5000000000         0.5517226568         3.7944935879       -20.4006381291
        6.4150061000         0.5000000000         0.5593796373         3.7255928965       -20.2011761564
        6.4200049000         0.5000000000         0.5695889448         3.6388290629       -19.9352268595
        6.4250050000         0.5000000000         0.5466180030         3.5571689842       -20.5336127775
        6.4300051000         0.5000000000         0.5593796373         3.4806126605       -20.2011761564
        6.4350048000         0.5000000000         0.5593796373         3.4040563367       -20.2011761564
        6.4400057000         0.5000000000         0.5619319642         3.3223962580       -20.1346888322
        6.4450111000         0.5000000000         0.5568273105         3.2509436892       -20.2676634806
        6.4500095000         0.5000000000         0.5644842910         3.1718354879       -20.0682015080
        6.4550054000         0.5000000000         0.5593796373         3.1054866740       -20.2011761564
        6.4600048000         0.5000000000         0.5644842910         3.0238265953       -20.0682015080
        6.4650047000         0.5000000000         0.5695889448         2.9498221490       -19.9352268595
        6.4700036000         0.5000000000         0.5670366179         2.8707139478       -20.0017141837
        6.4750050000         0.5000000000         0.5644842910         2.7890538691       -20.0682015080
        6.4800039000         0.5000000000         0.5568273105         2.7099456679       -20.2676634806
        6.4850064000         0.5000000000         0.5568273105         2.6359412215       -20.2676634806
        6.4900785000         0.5000000000         0.5593796373         2.5593848978       -20.2011761564
        6.4950072000         0.5000000000         0.5670366179         2.4802766965       -20.0017141837
        6.5000070000         0.5000000000         0.5517226568         2.3986166179       -20.4006381291
        6.5050083000         0.5000000000         0.5542749836         2.3246121715       -20.3341508049
        6.5100057000         0.5000000000         0.5491703299         2.2404002154       -20.4671254533
        6.5150038000         0.5000000000         0.5644842910         2.1766032789       -20.0682015080
        6.5201186000         0.5000000000         0.5568273105         2.0898394453       -20.2676634806
        6.5250053000         0.5000000000         0.5542749836         2.0158349990       -20.3341508049
        6.5300048000         0.5000000000         0.5517226568         1.9418305527       -20.4006381291
        6.5350039000         0.5000000000         0.5440656762         1.8576185965       -20.6001001018
        6.5400059000         0.5000000000         0.5491703299         1.7734066404       -20.4671254533
        6.5450065000         0.5000000000         0.5517226568         1.6994021941       -20.4006381291
        6.5500059000         0.5000000000         0.5389610225         1.6253977478       -20.7330747502
        6.5550054000         0.5000000000         0.5491703299         1.5539451789       -20.4671254533
        6.5600089000         0.5000000000         0.5568273105         1.4722851002       -20.2676634806
        6.5650065000         0.5000000000         0.5440656762         1.3880731441       -20.6001001018
        6.5700132000         0.5000000000         0.5517226568         1.3191724527       -20.4006381291
        6.5750848000         0.5000000000         0.5466180030         1.2349604965       -20.5336127775
        6.5800068000         0.5000000000         0.5542749836         1.1660598052       -20.3341508049
        6.5850078000         0.5000000000         0.5313040419         1.0716403392       -20.9325367229
        6.5900125000         0.5000000000         0.5568273105         1.0027396478       -20.2676634806
        6.5950069000         0.5000000000         0.5466180030         0.9210795691       -20.5336127775
        6.6000091000         0.5000000000         0.5389610225         0.8394194904       -20.7330747502
        6.6050072000         0.5000000000         0.5466180030         0.7654150441       -20.5336127775
        6.6100041000         0.5000000000         0.5542749836         0.6837549654       -20.3341508049
        6.6150034000         0.5000000000         0.5466180030         0.5944392543       -20.5336127775
        6.6200048000         0.5000000000         0.5517226568         0.5204348080       -20.4006381291
        6.6250027000         0.5000000000         0.5440656762         0.4413266068       -20.6001001018
        6.6300050000         0.5000000000         0.5517226568         0.3596665281       -20.4006381291
        6.6350035000         0.5000000000         0.5466180030         0.2754545720       -20.5336127775
        6.6400051000         0.5000000000         0.5491703299         0.1861388609       -20.4671254533
        6.6450027000         0.5000000000         0.5389610225         0.1044787822       -20.7330747502
        6.6500047000         0.5000000000         0.5389610225         0.0279224584       -20.7330747502
        6.6550044000         0.5000000000         0.5440656762         0.0100593162       -20.6001001018
        6.6600060000         0.5000000000         0.5517226568         1.1073666236       -20.4006381291
        6.6650060000         0.5000000000         0.5491703299         4.9964278711       -20.4671254533
        6.6700047000         0.5000000000         0.5415133493         5.0040835035       -20.6665874260
        6.6750086000         0.5000000000         0.5466180030         4.9351828121       -20.5336127775
        6.6800046000         0.5000000000         0.5364086956         4.8535227334       -20.7995620745
        6.6850038000         0.5000000000         0.5593796373         4.7718626547       -20.2011761564
        6.6900040000         0.5000000000         0.5261993882         4.6799950662       -21.0655113714
        6.6950035000         0.5000000000         0.5440656762         4.6085424974       -20.6001001018
        6.7000018000         0.5000000000         0.5491703299         4.5217786637       -20.4671254533
        6.7050031000         0.5000000000         0.5542749836         4.4401185851       -20.3341508049
        6.7100021000         0.5000000000         0.5568273105         4.3661141388       -20.2676634806
        6.7150019000         0.5000000000         0.5542749836         4.2742465502       -20.3341508049
        6.7200036000         0.5000000000         0.5517226568         4.2002421039       -20.4006381291
        6.7250063000         0.5000000000         0.5364086956         4.1160301478       -20.7995620745
        6.7300031000         0.5000000000         0.5568273105         4.0471294564       -20.2676634806
        6.7350520000         0.5000000000         0.5415133493         3.9705731326       -20.6665874260
        6.7400072000         0.5000000000         0.5721412716         3.8965686863       -19.8687395353
        6.7450048000         0.5000000000         0.5542749836         3.8174604851       -20.3341508049
        6.7500042000         0.5000000000         0.5491703299         3.7358004064       -20.4671254533
        6.7550028000         0.5000000000         0.5593796373         3.6541403277       -20.2011761564
        6.7600054000         0.5000000000         0.5517226568         3.5775840039       -20.4006381291
        6.7650061000         0.5000000000         0.5593796373         3.5010276801       -20.2011761564
        6.7700064000         0.5000000000         0.5593796373         3.4321269888       -20.2011761564
        6.7750060000         0.5000000000         0.5644842910         3.3453631551       -20.0682015080
        6.7800064000         0.5000000000         0.5491703299         3.2662549539       -20.4671254533
        6.7850075000         0.5000000000         0.5772459253         3.1922505076       -19.7357648868
        6.7900047000         0.5000000000         0.5619319642         3.1182460613       -20.1346888322
        6.7950064000         0.5000000000         0.5695889448         3.0467934924       -19.9352268595
        6.8000073000         0.5000000000         0.5593796373         2.9600296588       -20.2011761564
        6.8050068000         0.5000000000         0.5746935985         2.8936808449       -19.8022522111
        6.8100043000         0.5000000000         0.5695889448         2.8145726437       -19.9352268595
        6.8150061000         0.5000000000         0.5695889448         2.7303606875       -19.9352268595
        6.8200252000         0.5000000000         0.5644842910         2.6512524863       -20.0682015080
        6.8250065000         0.5000000000         0.5542749836         2.5797999174       -20.3341508049
        6.8300046000         0.5000000000         0.5644842910         2.4955879613       -20.0682015080
        6.8350030000         0.5000000000         0.5746935985         2.4241353924       -19.8022522111
        6.8400040000         0.5000000000         0.5619319642         2.3450271912       -20.1346888322
        6.8450047000         0.5000000000         0.5491703299         2.2684708674       -20.4671254533
        6.8500029000         0.5000000000         0.5670366179         2.1944664211       -20.0017141837
        6.8550047000         0.5000000000         0.5619319642         2.1128063424       -20.1346888322
        6.8600951000         0.5000000000         0.5619319642         2.0336981412       -20.1346888322
        6.8650050000         0.5000000000         0.5517226568         1.9571418174       -20.4006381291
        6.8700047000         0.5000000000         0.5466180030         1.8831373711       -20.5336127775
        6.8750045000         0.5000000000         0.5466180030         1.7912697826       -20.5336127775
        6.8800043000         0.5000000000         0.5670366179         1.7274728461       -20.0017141837
        6.8850047000         0.5000000000         0.5568273105         1.6483646449       -20.2676634806
        6.8900035000         0.5000000000         0.5364086956         1.5692564437       -20.7995620745
        6.8950043000         0.5000000000         0.5466180030         1.4850444875       -20.5336127775
        6.9000039000         0.5000000000         0.5466180030         1.4059362863       -20.5336127775
        6.9050047000         0.5000000000         0.5415133493         1.3421393498       -20.6665874260
        6.9100050000         0.5000000000         0.5619319642         1.2553755162       -20.1346888322
        6.9150061000         0.5000000000         0.5389610225         1.1686116826       -20.7330747502
        6.9200033000         0.5000000000         0.5261993882         1.0946072363       -21.0655113714
        6.9250048000         0.5000000000         0.5542749836         1.0206027900       -20.3341508049
        6.9300054000         0.5000000000         0.5670366179         0.9465983437       -20.0017141837
        6.9350049000         0.5000000000         0.5568273105         0.8674901425       -20.2676634806
        6.9400056000         0.5000000000         0.5466180030         0.7781744314       -20.5336127775
        6.9450049000         0.5000000000         0.5517226568         0.6990662302       -20.4006381291
        6.9500038000         0.5000000000         0.5415133493         0.6199580289       -20.6665874260
        6.9550035000         0.5000000000         0.5542749836         0.5408498277       -20.3341508049
        6.9600024000         0.5000000000         0.5568273105         0.4642935039       -20.2676634806
        6.9650013000         0.5000000000         0.5517226568         0.3826334252       -20.4006381291
        6.9700011000         0.5000000000         0.5389610225         0.3035252240       -20.7330747502
        6.9750045000         0.5000000000         0.5389610225         0.2065538806       -20.7330747502
        6.9800023000         0.5000000000         0.5440656762         0.1325494343       -20.6001001018
        6.9850053000         0.5000000000         0.5466180030         0.0406818457       -20.5336127775
        6.9900752000         0.5000000000         0.5415133493        -0.0001481936       -20.6665874260
        6.9950055000         0.5000000000         0.5364086956         0.0024036839       -20.7995620745
        7.0000047000         0.5000000000         0.5517226568         5.0040835035       -20.4006381291
        7.0050029000         0.5000000000         0.5466180030         5.0015316260       -20.5336127775
        7.0100032000         0.5000000000         0.5466180030         4.9555978318       -20.5336127775
        7.0150046000         0.5000000000         0.5440656762         4.8688339982       -20.6001001018
        7.0200061000         0.5000000000         0.5491703299         4.7897257969       -20.4671254533
        7.0250053000         0.5000000000         0.5491703299         4.7106175957       -20.4671254533
        7.0300033000         0.5000000000         0.5644842910         4.6238537621       -20.0682015080
        7.0350032000         0.5000000000         0.5593796373         4.5472974383       -20.2011761564
        7.0400018000         0.5000000000         0.5389610225         4.4605336047       -20.7330747502
        7.0450023000         0.5000000000         0.5568273105         4.3839772810       -20.2676634806
        7.0500020000         0.5000000000         0.5415133493         4.3023172023       -20.6665874260
        7.0550048000         0.5000000000         0.5644842910         4.2308646334       -20.0682015080
        7.0600035000         0.5000000000         0.5415133493         4.1389970449       -20.6665874260
        7.0650019000         0.5000000000         0.5517226568         4.0675444760       -20.4006381291
        7.0700012000         0.5000000000         0.5210947345         3.9960919072       -21.1984860198
        7.0750020000         0.5000000000         0.5542749836         3.9067761961       -20.3341508049
        7.0800021000         0.5000000000         0.5542749836         3.8378755047       -20.3341508049
        7.0850036000         0.5000000000         0.5593796373         3.7562154260       -20.2011761564
        7.0900042000         0.5000000000         0.5542749836         3.6796591023       -20.3341508049
        7.0950037000         0.5000000000         0.5568273105         3.5979990236       -20.2676634806
        7.1000054000         0.5000000000         0.5542749836         3.5214426998       -20.3341508049
        7.1050050000         0.5000000000         0.5593796373         3.4474382535       -20.2011761564
        7.1100049000         0.5000000000         0.5517226568         3.3708819297       -20.4006381291
        7.1150052000         0.5000000000         0.5593796373         3.2892218510       -20.2011761564
        7.1200044000         0.5000000000         0.5517226568         3.2075617724       -20.4006381291
        7.1250030000         0.5000000000         0.5695889448         3.1437648359       -19.9352268595
        7.1300018000         0.5000000000         0.5644842910         3.0570010023       -20.0682015080
        7.1350048000         0.5000000000         0.5593796373         2.9804446785       -20.2011761564
        7.1400024000         0.5000000000         0.5670366179         2.9064402322       -20.0017141837
        7.1450026000         0.5000000000         0.5491703299         2.8247801535       -20.4671254533
        7.1500059000         0.5000000000         0.5695889448         2.7584313396       -19.9352268595
        7.1550034000         0.5000000000         0.5797982522         2.6793231383       -19.6692775626
        7.1600066000         0.5000000000         0.5466180030         2.5925593047       -20.5336127775
        7.1650018000         0.5000000000         0.5517226568         2.5185548584       -20.4006381291
        7.1700066000         0.5000000000         0.5593796373         2.4394466572       -20.2011761564
        7.1750037000         0.5000000000         0.5644842910         2.3628903334       -20.0682015080
        7.1800028000         0.5000000000         0.5517226568         2.2761264998       -20.4006381291
        7.1850035000         0.5000000000         0.5644842910         2.2148814408       -20.0682015080
        7.1900069000         0.5000000000         0.5542749836         2.1383251170       -20.3341508049
        7.1950056000         0.5000000000         0.5517226568         2.0515612834       -20.4006381291
        7.2000067000         0.5000000000         0.5440656762         1.9673493273       -20.6001001018
        7.2052241000         0.5000000000         0.5466180030         1.8831373711       -20.5336127775
        7.2100054000         0.5000000000         0.5466180030         1.8193404347       -20.5336127775
        7.2150053000         0.5000000000         0.5415133493         1.7351284785       -20.6665874260
        7.2200044000         0.5000000000         0.5466180030         1.6662277871       -20.5336127775
        7.2250071000         0.5000000000         0.5568273105         1.5922233408       -20.2676634806
        7.2300058000         0.5000000000         0.5568273105         1.5156670170       -20.2676634806
        7.2350048000         0.5000000000         0.5568273105         1.4340069384       -20.2676634806
        7.2400049000         0.5000000000         0.5338563688         1.3497949822       -20.8660493987
        7.2450038000         0.5000000000         0.5644842910         1.2783424134       -20.0682015080
        7.2500038000         0.5000000000         0.5619319642         1.1966823347       -20.1346888322
        7.2550055000         0.5000000000         0.5338563688         1.1124703785       -20.8660493987
        7.2600049000         0.5000000000         0.5440656762         1.0333621773       -20.6001001018
        7.2650045000         0.5000000000         0.5440656762         0.9542539761       -20.6001001018
        7.2700056000         0.5000000000         0.5389610225         0.8828014072       -20.7330747502
        7.2750061000         0.5000000000         0.5619319642         0.8036932060       -20.1346888322
        7.2800044000         0.5000000000         0.5593796373         0.7245850047       -20.2011761564
        7.2850048000         0.5000000000         0.5210947345         0.6352692937       -21.1984860198
        7.2900062000         0.5000000000         0.5491703299         0.5510573375       -20.4671254533
        7.2950054000         0.5000000000         0.5466180030         0.4745010138       -20.5336127775
        7.3000059000         0.5000000000         0.5440656762         0.3953928125       -20.6001001018
        7.3050065000         0.5000000000         0.5593796373         0.3188364888       -20.2011761564
        7.3100069000         0.5000000000         0.5466180030         0.2295207777       -20.5336127775
        7.3150043000         0.5000000000         0.5389610225         0.1478606990       -20.7330747502
        7.3200064000         0.5000000000         0.5568273105         0.0662006203       -20.2676634806
        7.3250064000         0.5000000000         0.5619319642         0.0049555613       -20.1346888322
        7.3300068000         0.5000000000         0.5466180030         0.0075074388       -20.5336127775
        7.3350070000         0.5000000000         0.5466180030         1.1073666236       -20.5336127775
        7.3400054000         0.5000000000         0.5491703299         5.0066353810       -20.4671254533
        7.3450081000         0.5000000000         0.5083331002         4.9683572191       -21.5309226409
        7.3500075000         0.5000000000         0.5619319642         4.8892490178       -20.1346888322
        7.3550066000         0.5000000000         0.5517226568         4.8126926941       -20.4006381291
        7.3600066000         0.5000000000         0.5313040419         4.7157213506       -20.9325367229
        7.3650066000         0.5000000000         0.5619319642         4.6391650269       -20.1346888322
        7.3700036000         0.5000000000         0.5440656762         4.5575049482       -20.6001001018
        7.3750077000         0.5000000000         0.5517226568         4.4860523793       -20.4006381291
        7.3800035000         0.5000000000         0.5695889448         4.4069441781       -19.9352268595
        7.3850063000         0.5000000000         0.5364086956         4.3227322219       -20.7995620745
        7.3900044000         0.5000000000         0.5695889448         4.2487277756       -19.9352268595
        7.3950052000         0.5000000000         0.5568273105         4.1594120646       -20.2676634806
        7.4000027000         0.5000000000         0.5466180030         4.0854076183       -20.5336127775
        7.4050282000         0.5000000000         0.5466180030         4.0037475396       -20.5336127775
        7.4100031000         0.5000000000         0.5517226568         3.9220874609       -20.4006381291
        7.4150048000         0.5000000000         0.5568273105         3.8506348920       -20.2676634806
        7.4200035000         0.5000000000         0.5542749836         3.7689748133       -20.3341508049
        7.4250047000         0.5000000000         0.5542749836         3.6975222445       -20.3341508049
        7.4300844000         0.5000000000         0.5644842910         3.6158621658       -20.0682015080
        7.4350046000         0.5000000000         0.5542749836         3.5342020871       -20.3341508049
        7.4400045000         0.5000000000         0.5517226568         3.4601976408       -20.4006381291
        7.4450040000         0.5000000000         0.5644842910         3.3861931945       -20.0682015080
        7.4500049000         0.5000000000         0.5644842910         3.3121887482       -20.0682015080
        7.4550058000         0.5000000000         0.5491703299         3.2356324244       -20.4671254533
        7.4600054000         0.5000000000         0.5746935985         3.1539723457       -19.8022522111
        7.4650040000         0.5000000000         0.5517226568         3.0723122670       -20.4006381291
        7.4700057000         0.5000000000         0.5670366179         3.0034115756       -20.0017141837
        7.4750044000         0.5000000000         0.5670366179         2.9243033744       -20.0017141837
        7.4800050000         0.5000000000         0.5491703299         2.8528508056       -20.4671254533
        7.4850030000         0.5000000000         0.5670366179         2.7788463592       -20.0017141837
        7.4900058000         0.5000000000         0.5644842910         2.6946344031       -20.0682015080
        7.4950046000         0.5000000000         0.5491703299         2.6129743244       -20.4671254533
        7.5000062000         0.5000000000         0.5619319642         2.5338661232       -20.1346888322
        7.5050067000         0.5000000000         0.5568273105         2.4649654318       -20.2676634806
        7.5100222000         0.5000000000         0.5466180030         2.3756497207       -20.5336127775
        7.5150094000         0.5000000000         0.5568273105         2.3016452744       -20.2676634806
        7.5200086000         0.5000000000         0.5695889448         2.2301927056       -19.9352268595
        7.5250047000         0.5000000000         0.5568273105         2.1536363818       -20.2676634806
        7.5300112000         0.5000000000         0.5517226568         2.0770800580       -20.4006381291
        7.5350068000         0.5000000000         0.5568273105         1.9954199793       -20.2676634806
        7.5400055000         0.5000000000         0.5517226568         1.9163117781       -20.4006381291
        7.5450048000         0.5000000000         0.5695889448         1.8448592093       -19.9352268595
        7.5500069000         0.5000000000         0.5389610225         1.7708547629       -20.7330747502
        7.5550045000         0.5000000000         0.5491703299         1.6942984392       -20.4671254533
        7.5600049000         0.5000000000         0.5440656762         1.6126383605       -20.6001001018
        7.5650060000         0.5000000000         0.5619319642         1.5411857916       -20.1346888322
        7.5700052000         0.5000000000         0.5593796373         1.4569738355       -20.2011761564
        7.5750076000         0.5000000000         0.5491703299         1.3778656343       -20.4671254533
        7.5800077000         0.5000000000         0.5491703299         1.2987574330       -20.4671254533
        7.5850049000         0.5000000000         0.5440656762         1.2222011093       -20.6001001018
        7.5900127000         0.5000000000         0.5491703299         1.1405410306       -20.4671254533
        7.5950035000         0.5000000000         0.5517226568         1.0614328293       -20.4006381291
        7.6000127000         0.5000000000         0.5491703299         0.9848765056       -20.4671254533
        7.6050056000         0.5000000000         0.5287517151         0.9006645494       -20.9990240471
        7.6100067000         0.5000000000         0.5517226568         0.8215563482       -20.4006381291
        7.6150069000         0.5000000000         0.5491703299         0.7526556568       -20.4671254533
        7.6200064000         0.5000000000         0.5364086956         0.6556843134       -20.7995620745
        7.6250065000         0.5000000000         0.5593796373         0.5842317445       -20.2011761564
        7.6300061000         0.5000000000         0.5568273105         0.5102272982       -20.2676634806
        7.6350059000         0.5000000000         0.5466180030         0.4260153420       -20.5336127775
        7.6400070000         0.5000000000         0.5440656762         0.3341477535       -20.6001001018
        7.6450210000         0.5000000000         0.5619319642         0.2652470621       -20.1346888322
        7.6500070000         0.5000000000         0.5466180030         0.1784832285       -20.5336127775
        7.6550063000         0.5000000000         0.5568273105         0.0993750273       -20.2676634806
        7.6600074000         0.5000000000         0.5542749836         0.0151630711       -20.3341508049
        7.6650117000         0.5000000000         0.5415133493        -0.0001481936       -20.6665874260
        7.6700051000         0.5000000000         0.5568273105         1.1022628687       -20.2676634806
        7.6750147000         0.5000000000         0.5466180030         5.0091872584       -20.5336127775
        7.6800065000         0.5000000000         0.5287517151         4.9913241162       -20.9990240471
        7.6850133000         0.5000000000         0.5644842910         4.9249753023       -20.0682015080
        7.6900086000         0.5000000000         0.5517226568         4.8382114687       -20.4006381291
        7.6950061000         0.5000000000         0.5415133493         4.7539995125       -20.6665874260
        7.7000114000         0.5000000000         0.5466180030         4.6646838015       -20.5336127775
        7.7050066000         0.5000000000         0.5491703299         4.5932312326       -20.4671254533
        7.7100057000         0.5000000000         0.5466180030         4.5115711539       -20.5336127775
        7.7150063000         0.5000000000         0.5644842910         4.4350148301       -20.0682015080
        7.7200046000         0.5000000000         0.5389610225         4.3482509965       -20.7330747502
        7.7251837000         0.5000000000         0.5389610225         4.2614871629       -20.7330747502
        7.7300077000         0.5000000000         0.5593796373         4.1874827166       -20.2011761564
        7.7350129000         0.5000000000         0.5466180030         4.1160301478       -20.5336127775
        7.7400097000         0.5000000000         0.5619319642         4.0292663142       -20.1346888322
        7.7450150000         0.5000000000         0.5364086956         3.9425024806       -20.7995620745
        7.7500084000         0.5000000000         0.5491703299         3.8761536666       -20.4671254533
        7.7550112000         0.5000000000         0.5517226568         3.7893898330       -20.4006381291
        7.7600058000         0.5000000000         0.5491703299         3.7281447740       -20.4671254533
        7.7650058000         0.5000000000         0.5619319642         3.6413809404       -20.1346888322
        7.7700071000         0.5000000000         0.5491703299         3.5597208617       -20.4671254533
        7.7750064000         0.5000000000         0.5389610225         3.4780607830       -20.7330747502
        7.7800067000         0.5000000000         0.5695889448         3.4117119691       -19.9352268595
        7.7850066000         0.5000000000         0.5619319642         3.3351556453       -20.1346888322
        7.7900079000         0.5000000000         0.5619319642         3.2611511990       -20.1346888322
        7.7950071000         0.5000000000         0.5670366179         3.1743873654       -20.0017141837
        7.8000047000         0.5000000000         0.5389610225         3.0952791642       -20.7330747502
        7.8050128000         0.5000000000         0.5721412716         3.0263784728       -19.8687395353
        7.8100033000         0.5000000000         0.5644842910         2.9421665166       -20.0682015080
        7.8150063000         0.5000000000         0.5517226568         2.8656101929       -20.4006381291
        7.8200042000         0.5000000000         0.5466180030         2.7890538691       -20.5336127775
        7.8250074000         0.5000000000         0.5491703299         2.7022900355       -20.4671254533
        7.8300089000         0.5000000000         0.5491703299         2.6308374666       -20.4671254533
        7.8350079000         0.5000000000         0.5593796373         2.5568330203       -20.2011761564
        7.8400053000         0.5000000000         0.5746935985         2.4828285740       -19.8022522111
        7.8450071000         0.5000000000         0.5542749836         2.4037203728       -20.3341508049
        7.8500052000         0.5000000000         0.5568273105         2.3195084166       -20.2676634806
        7.8550064000         0.5000000000         0.5491703299         2.2352964605       -20.4671254533
        7.8600045000         0.5000000000         0.5491703299         2.1561882593       -20.4671254533
        7.8650073000         0.5000000000         0.5466180030         2.0821838129       -20.5336127775
        7.8700048000         0.5000000000         0.5593796373         2.0132831215       -20.2011761564
        7.8750062000         0.5000000000         0.5338563688         1.9316230429       -20.8660493987
        7.8800061000         0.5000000000         0.5593796373         1.8576185965       -20.2011761564
        7.8850060000         0.5000000000         0.5644842910         1.7810622728       -20.0682015080
        7.8900060000         0.5000000000         0.5517226568         1.6968503166       -20.4006381291
        7.8950070000         0.5000000000         0.5415133493         1.6305015027       -20.6665874260
        7.9000160000         0.5000000000         0.5389610225         1.5335301593       -20.7330747502
        7.9050053000         0.5000000000         0.5415133493         1.4569738355       -20.6665874260
        7.9100071000         0.5000000000         0.5466180030         1.3855212666       -20.5336127775
        7.9150060000         0.5000000000         0.5466180030         1.3064130654       -20.5336127775
        7.9200042000         0.5000000000         0.5466180030         1.2349604965       -20.5336127775
        7.9250066000         0.5000000000         0.5491703299         1.1584041728       -20.4671254533
        7.9300049000         0.5000000000         0.5415133493         1.0614328293       -20.6665874260
        7.9350051000         0.5000000000         0.5491703299         0.9899802605       -20.4671254533
        7.9400046000         0.5000000000         0.5313040419         0.9057683043       -20.9325367229
        7.9450039000         0.5000000000         0.5389610225         0.8190044707       -20.7330747502
        7.9500056000         0.5000000000         0.5466180030         0.7526556568       -20.5336127775
        7.9550048000         0.5000000000         0.5364086956         0.6684437007       -20.7995620745
        7.9600066000         0.5000000000         0.5517226568         0.5918873769       -20.4006381291
        7.9650042000         0.5000000000         0.5389610225         0.5076754207       -20.7330747502
        7.9700064000         0.5000000000         0.5415133493         0.4285672195       -20.6665874260
        7.9750202000         0.5000000000         0.5440656762         0.3392515084       -20.6001001018
        7.9800048000         0.5000000000         0.5491703299         0.2677989396       -20.4671254533
        7.9850047000         0.5000000000         0.5364086956         0.1784832285       -20.7995620745
        7.9900051000         0.5000000000         0.5415133493         0.0866156400       -20.6665874260
        7.9950034000         0.5000000000         0.5440656762         0.0151630711       -20.6001001018
        8.0000049000         0.5000000000         0.5542749836         0.0049555613       -20.3341508049
        8.0050049000         0.5000000000         0.5568273105         1.1150222560       -20.2676634806
        8.0100050000         0.5000000000         0.5644842910         5.0117391359       -20.0682015080
        8.0150056000         0.5000000000         0.5415133493         4.9989797486       -20.6665874260
        8.0200070000         0.5000000000         0.5491703299         4.9198715474       -20.4671254533
        8.0250062000         0.5000000000         0.5466180030         4.8331077137       -20.5336127775
        8.0300069000         0.5000000000         0.5568273105         4.7616551449       -20.2676634806
        8.0350046000         0.5000000000         0.5568273105         4.6723394338       -20.2676634806
        8.0400067000         0.5000000000         0.5415133493         4.5881274777       -20.6665874260
        8.0450054000         0.5000000000         0.5364086956         4.5039155215       -20.7995620745
        8.0500071000         0.5000000000         0.5619319642         4.4299110752       -20.1346888322
        8.0550048000         0.5000000000         0.5491703299         4.3508028740       -20.4671254533
        8.0600064000         0.5000000000         0.5593796373         4.2742465502       -20.2011761564
        8.0650071000         0.5000000000         0.5517226568         4.1976902265       -20.4006381291
        8.0700065000         0.5000000000         0.5466180030         4.1160301478       -20.5336127775
        8.0750188000         0.5000000000         0.5644842910         4.0343700691       -20.0682015080
        8.0800166000         0.5000000000         0.5517226568         3.9527099904       -20.4006381291
        8.0850067000         0.5000000000         0.5670366179         3.8838092990       -20.0017141837
        8.0900125000         0.5000000000         0.5593796373         3.8021492203       -20.2011761564
        8.0950068000         0.5000000000         0.5517226568         3.7230410191       -20.4006381291
        8.1000073000         0.5000000000         0.5772459253         3.6515884502       -19.7357648868
        8.1050056000         0.5000000000         0.5542749836         3.5699283715       -20.3341508049
        8.1100067000         0.5000000000         0.5644842910         3.4831645379       -20.0682015080
        8.1150065000         0.5000000000         0.5517226568         3.4142638465       -20.4006381291
        8.1200062000         0.5000000000         0.5644842910         3.3402594002       -20.0682015080
        8.1250079000         0.5000000000         0.5568273105         3.2560474441       -20.2676634806
        8.1300137000         0.5000000000         0.5772459253         3.1896986301       -19.7357648868
        8.1350070000         0.5000000000         0.5517226568         3.1054866740       -20.4006381291
        8.1400082000         0.5000000000         0.5644842910         3.0238265953       -20.0682015080
        8.1450077000         0.5000000000         0.5619319642         2.9498221490       -20.1346888322
        8.1500073000         0.5000000000         0.5619319642         2.8758177027       -20.1346888322
        8.1550054000         0.5000000000         0.5721412716         2.8069170113       -19.8687395353
        8.1600062000         0.5000000000         0.5466180030         2.7303606875       -20.5336127775
        8.1650056000         0.5000000000         0.5568273105         2.6461487314       -20.2676634806
        8.1700063000         0.5000000000         0.5568273105         2.5695924076       -20.2676634806
        8.1750066000         0.5000000000         0.5644842910         2.4879323289       -20.0682015080
        8.1800064000         0.5000000000         0.5542749836         2.4113760052       -20.3341508049
        8.1850044000         0.5000000000         0.5568273105         2.3297159265       -20.2676634806
        8.1900043000         0.5000000000         0.5491703299         2.2582633576       -20.4671254533
        8.1950044000         0.5000000000         0.5619319642         2.1817070338       -20.1346888322
        8.2000028000         0.5000000000         0.5491703299         2.0974950777       -20.4671254533
        8.2050023000         0.5000000000         0.5619319642         2.0234906314       -20.1346888322
        8.2100090000         0.5000000000         0.5568273105         1.9443824302       -20.2676634806
        8.2150047000         0.5000000000         0.5466180030         1.8678261064       -20.5336127775
        8.2200066000         0.5000000000         0.5491703299         1.7861660277       -20.4671254533
        8.2250081000         0.5000000000         0.5721412716         1.7223690912       -19.8687395353
        8.2300064000         0.5000000000         0.5644842910         1.6381571351       -20.0682015080
        8.2350524000         0.5000000000         0.5389610225         1.5616008113       -20.7330747502
        8.2400040000         0.5000000000         0.5593796373         1.4824926101       -20.2011761564
        8.2450018000         0.5000000000         0.5619319642         1.4110400412       -20.1346888322
        8.2500052000         0.5000000000         0.5491703299         1.3344837175       -20.4671254533
        8.2550020000         0.5000000000         0.5593796373         1.2502717613       -20.2011761564
        8.2600027000         0.5000000000         0.5466180030         1.1711635601       -20.5336127775
        8.2650084000         0.5000000000         0.5338563688         1.0971591138       -20.8660493987
        8.2700071000         0.5000000000         0.5542749836         1.0180509125       -20.3341508049
        8.2750068000         0.5000000000         0.5619319642         0.9363908338       -20.1346888322
        8.2800077000         0.5000000000         0.5338563688         0.8572826326       -20.8660493987
        8.2850047000         0.5000000000         0.5389610225         0.7730706765       -20.7330747502
        8.2900068000         0.5000000000         0.5466180030         0.6914105978       -20.5336127775
        8.2950069000         0.5000000000         0.5491703299         0.6046467642       -20.4671254533
        8.3000081000         0.5000000000         0.5466180030         0.5331941953       -20.5336127775
        8.3050052000         0.5000000000         0.5466180030         0.4438784843       -20.5336127775
        8.3100052000         0.5000000000         0.5568273105         0.3775296703       -20.2676634806
        8.3150082000         0.5000000000         0.5466180030         0.2907658367       -20.5336127775
        8.3200056000         0.5000000000         0.5593796373         0.2065538806       -20.2011761564
        8.3250068000         0.5000000000         0.5593796373         0.1325494343       -20.2011761564
        8.3300060000         0.5000000000         0.5364086956         0.0406818457       -20.7995620745
        8.3350050000         0.5000000000         0.5517226568        -0.0001481936       -20.4006381291
        8.3400041000         0.5000000000         0.5415133493         0.0024036839       -20.6665874260
        8.3450024000         0.5000000000         0.5542749836         5.0015316260       -20.3341508049
        8.3500030000         0.5000000000         0.5568273105         5.0142910133       -20.2676634806
        8.3550085000         0.5000000000         0.5466180030         4.9530459543       -20.5336127775
        8.3600047000         0.5000000000         0.5466180030         4.8713858756       -20.5336127775
        8.3650074000         0.5000000000         0.5440656762         4.7897257969       -20.6001001018
        8.3700045000         0.5000000000         0.5440656762         4.6978582084       -20.6001001018
        8.3750078000         0.5000000000         0.5593796373         4.6238537621       -20.2011761564
        8.3800037000         0.5000000000         0.5415133493         4.5421936834       -20.6665874260
        8.3850083000         0.5000000000         0.5568273105         4.4630854822       -20.2676634806
        8.3900062000         0.5000000000         0.5593796373         4.3865291584       -20.2011761564
        8.3950037000         0.5000000000         0.5517226568         4.2946615699       -20.4006381291
        8.4000053000         0.5000000000         0.5695889448         4.2308646334       -19.9352268595
        8.4050048000         0.5000000000         0.5440656762         4.1543083097       -20.6001001018
        8.4100031000         0.5000000000         0.5746935985         4.0726482310       -19.8022522111
        8.4150110000         0.5000000000         0.5440656762         3.9960919072       -20.6001001018
        8.4200074000         0.5000000000         0.5695889448         3.9144318285       -19.9352268595
        8.4250070000         0.5000000000         0.5644842910         3.8327717498       -20.0682015080
        8.4300072000         0.5000000000         0.5491703299         3.7587673035       -20.4671254533
        8.4350064000         0.5000000000         0.5721412716         3.6873147347       -19.8687395353
        8.4400060000         0.5000000000         0.5593796373         3.6005509010       -20.2011761564
        8.4450127000         0.5000000000         0.5644842910         3.5265464547       -20.0682015080
        8.4500036000         0.5000000000         0.5644842910         3.4550938859       -20.0682015080
        8.4550120000         0.5000000000         0.5568273105         3.3657781748       -20.2676634806
        8.4600081000         0.5000000000         0.5593796373         3.2943256060       -20.2011761564
        8.4650096000         0.5000000000         0.5644842910         3.2203211597       -20.0682015080
        8.4700065000         0.5000000000         0.5593796373         3.1361092035       -20.2011761564
        8.4750118000         0.5000000000         0.5644842910         3.0646566347       -20.0682015080
        8.4800039000         0.5000000000         0.5670366179         2.9906521883       -20.0017141837
        8.4850115000         0.5000000000         0.5644842910         2.9089921097       -20.0682015080
        8.4900048000         0.5000000000         0.5466180030         2.8298839084       -20.5336127775
        8.4950053000         0.5000000000         0.5593796373         2.7456719523       -20.2011761564
        8.5000100000         0.5000000000         0.5593796373         2.6716675060       -20.2011761564
        8.5050091000         0.5000000000         0.5491703299         2.6027668146       -20.4671254533
        8.5100033000         0.5000000000         0.5568273105         2.5236586133       -20.2676634806
        8.5150041000         0.5000000000         0.5568273105         2.4419985347       -20.2676634806
        8.5200032000         0.5000000000         0.5670366179         2.3756497207       -20.0017141837
        8.5250036000         0.5000000000         0.5568273105         2.2863340097       -20.2676634806
        8.5300572000         0.5000000000         0.5644842910         2.2148814408       -20.0682015080
        8.5350052000         0.5000000000         0.5593796373         2.1306694847       -20.2011761564
        8.5400051000         0.5000000000         0.5517226568         2.0592169158       -20.4006381291
        8.5450056000         0.5000000000         0.5670366179         1.9852124695       -20.0017141837
        8.5500058000         0.5000000000         0.5568273105         1.8984486359       -20.2676634806
        8.5550031000         0.5000000000         0.5517226568         1.8218923121       -20.4006381291
        8.5600048000         0.5000000000         0.5491703299         1.7529916207       -20.4671254533
        8.5650051000         0.5000000000         0.5491703299         1.6713315420       -20.4671254533
        8.5700050000         0.5000000000         0.5440656762         1.5922233408       -20.6001001018
        8.5750039000         0.5000000000         0.5568273105         1.5131151396       -20.2676634806
        8.5800048000         0.5000000000         0.5338563688         1.4391106933       -20.8660493987
        8.5850029000         0.5000000000         0.5415133493         1.3651062470       -20.6665874260
        8.5900051000         0.5000000000         0.5568273105         1.2757905359       -20.2676634806
        8.5950027000         0.5000000000         0.5644842910         1.2094417220       -20.0682015080
        8.6000048000         0.5000000000         0.5236470613         1.1277816433       -21.1319986956
        8.6050036000         0.5000000000         0.5542749836         1.0486734420       -20.3341508049
        8.6100048000         0.5000000000         0.5619319642         0.9695652408       -20.1346888322
        8.6150039000         0.5000000000         0.5466180030         0.8879051621       -20.5336127775
        8.6200055000         0.5000000000         0.5491703299         0.8011413285       -20.4671254533
        8.6250048000         0.5000000000         0.5542749836         0.7296887597       -20.3341508049
        8.6300063000         0.5000000000         0.5338563688         0.6429249261       -20.8660493987
        8.6350076000         0.5000000000         0.5517226568         0.5612648474       -20.4006381291
        8.6400090000         0.5000000000         0.5619319642         0.4821566461       -20.1346888322
        8.6450066000         0.5000000000         0.5389610225         0.4004965675       -20.7330747502
        8.6500083000         0.5000000000         0.5466180030         0.3162846113       -20.5336127775
        8.6550073000         0.5000000000         0.5491703299         0.2320726552       -20.4671254533
        8.6600062000         0.5000000000         0.5313040419         0.1478606990       -20.9325367229
        8.6650076000         0.5000000000         0.5644842910         0.0789600076       -20.0682015080
        8.6700074000         0.5000000000         0.5568273105         0.0075074388       -20.2676634806
        8.6750037000         0.5000000000         0.5389610225         0.0049555613       -20.7330747502
        8.6800054000         0.5000000000         0.5568273105         1.1150222560       -20.2676634806
        8.6855268000         0.5000000000         0.5364086956         5.0066353810       -20.7995620745
        8.6900049000         0.5000000000         0.5415133493         4.9760128515       -20.6665874260
        8.6950099000         0.5000000000         0.5593796373         4.8943527728       -20.2011761564
        8.7000046000         0.5000000000         0.5466180030         4.8203483265       -20.5336127775
        8.7050077000         0.5000000000         0.5466180030         4.7284807379       -20.5336127775
        8.7100040000         0.5000000000         0.5644842910         4.6468206592       -20.0682015080
        8.7150047000         0.5000000000         0.5389610225         4.5651605806       -20.7330747502
        8.7200039000         0.5000000000         0.5593796373         4.4860523793       -20.2011761564
        8.7250051000         0.5000000000         0.5415133493         4.4069441781       -20.6665874260
        8.7300046000         0.5000000000         0.5568273105         4.3329397318       -20.2676634806
        8.7350047000         0.5000000000         0.5568273105         4.2487277756       -20.2676634806
        8.7400035000         0.5000000000         0.5619319642         4.1721714519       -20.1346888322
        8.7450067000         0.5000000000         0.5517226568         4.0879594957       -20.4006381291
        8.7500042000         0.5000000000         0.5491703299         4.0165069269       -20.4671254533
        8.7550064000         0.5000000000         0.5644842910         3.9399506031       -20.0682015080
        8.7600040000         0.5000000000         0.5695889448         3.8684980342       -19.9352268595
        8.7650067000         0.5000000000         0.5593796373         3.7817342006       -20.2011761564
        8.7700059000         0.5000000000         0.5440656762         3.6975222445       -20.6001001018
        8.7750063000         0.5000000000         0.5619319642         3.6209659207       -20.1346888322
        8.7800070000         0.5000000000         0.5313040419         3.5546171068       -20.9325367229
        8.7850064000         0.5000000000         0.5644842910         3.4780607830       -20.0682015080
        8.7900075000         0.5000000000         0.5644842910         3.3912969494       -20.0682015080
        8.7950086000         0.5000000000         0.5568273105         3.3147406256       -20.2676634806
        8.8000045000         0.5000000000         0.5491703299         3.2330805470       -20.4671254533
        8.8050077000         0.5000000000         0.5619319642         3.1565242232       -20.1346888322
        8.8100067000         0.5000000000         0.5542749836         3.0901754092       -20.3341508049
        8.8150056000         0.5000000000         0.5670366179         3.0110672080       -20.0017141837
        8.8200032000         0.5000000000         0.5568273105         2.9217514970       -20.2676634806
        8.8250061000         0.5000000000         0.5568273105         2.8605064379       -20.2676634806
        8.8300049000         0.5000000000         0.5466180030         2.7686388494       -20.5336127775
        8.8350046000         0.5000000000         0.5593796373         2.6920825256       -20.2011761564
        8.8400097000         0.5000000000         0.5542749836         2.6129743244       -20.3341508049
        8.8462951000         0.5000000000         0.5491703299         2.5236586133       -20.4671254533
        8.8500066000         0.5000000000         0.5670366179         2.4726210642       -20.0017141837
        8.8550085000         0.5000000000         0.5593796373         2.3884091080       -20.2011761564
        8.8600060000         0.5000000000         0.5491703299         2.3041971519       -20.4671254533
        8.8650070000         0.5000000000         0.5542749836         2.2276408281       -20.3341508049
        8.8700051000         0.5000000000         0.5568273105         2.1510845043       -20.2676634806
        8.8750126000         0.5000000000         0.5364086956         2.0719763031       -20.7995620745
        8.8800071000         0.5000000000         0.5568273105         1.9979718568       -20.2676634806
        8.8850071000         0.5000000000         0.5644842910         1.9239674105       -20.0682015080
        8.8900060000         0.5000000000         0.5466180030         1.8372035769       -20.5336127775
        8.8950097000         0.5000000000         0.5466180030         1.7606472531       -20.5336127775
        8.9000101000         0.5000000000         0.5415133493         1.6840909293       -20.6665874260
        8.9050091000         0.5000000000         0.5389610225         1.6075346056       -20.7330747502
        8.9100067000         0.5000000000         0.5568273105         1.5309782818       -20.2676634806
        8.9150068000         0.5000000000         0.5568273105         1.4569738355       -20.2676634806
        8.9200036000         0.5000000000         0.5313040419         1.3829693892       -20.9325367229
        8.9250067000         0.5000000000         0.5491703299         1.2962055556       -20.4671254533
        8.9300069000         0.5000000000         0.5542749836         1.2094417220       -20.3341508049
        8.9350055000         0.5000000000         0.5389610225         1.1379891531       -20.7330747502
        8.9400070000         0.5000000000         0.5491703299         1.0639847068       -20.4671254533
        8.9450097000         0.5000000000         0.5568273105         0.9899802605       -20.2676634806
        8.9500075000         0.5000000000         0.5364086956         0.9083201818       -20.7995620745
        8.9550071000         0.5000000000         0.5466180030         0.8215563482       -20.5336127775
        8.9600076000         0.5000000000         0.5568273105         0.7450000244       -20.2676634806
        8.9650103000         0.5000000000         0.5364086956         0.6556843134       -20.7995620745
        8.9700087000         0.5000000000         0.5364086956         0.5765761121       -20.7995620745
        8.9750036000         0.5000000000         0.5466180030         0.5000197884       -20.5336127775
        8.9800027000         0.5000000000         0.5491703299         0.4285672195       -20.4671254533
        8.9850049000         0.5000000000         0.5415133493         0.3366996310       -20.6665874260
        8.9900076000         0.5000000000         0.5440656762         0.2499357974       -20.6001001018
        8.9950044000         0.5000000000         0.5313040419         0.1733794736       -20.9325367229
        9.0000057000         0.5000000000         0.5517226568         0.0917193949       -20.4006381291
        9.0050047000         0.5000000000         0.5542749836         0.0126111937       -20.3341508049
        9.0100013000         0.5000000000         0.5364086956        -0.0052519485       -20.7995620745
        9.0150034000         0.5000000000         0.5440656762         1.1022628687       -20.6001001018
        9.0200015000         0.5000000000         0.5440656762         5.0066353810       -20.6001001018
        9.0250014000         0.5000000000         0.5389610225         5.0040835035       -20.7330747502
        9.0300077000         0.5000000000         0.5619319642         4.9249753023       -20.1346888322
        9.0350053000         0.5000000000         0.5440656762         4.8433152236       -20.6001001018
        9.0400034000         0.5000000000         0.5491703299         4.7565513900       -20.4671254533
        9.0450073000         0.5000000000         0.5415133493         4.6595800465       -20.6665874260
        9.0500065000         0.5000000000         0.5389610225         4.5779199678       -20.7330747502
        9.0550039000         0.5000000000         0.5491703299         4.5039155215       -20.4671254533
        9.0600022000         0.5000000000         0.5568273105         4.4222554428       -20.2676634806
        9.0650072000         0.5000000000         0.5440656762         4.3431472416       -20.6001001018
        9.0700046000         0.5000000000         0.5568273105         4.2691427953       -20.2676634806
        9.0750055000         0.5000000000         0.5593796373         4.1925864715       -20.2011761564
        9.0800080000         0.5000000000         0.5440656762         4.0981670056       -20.6001001018
        9.0850054000         0.5000000000         0.5644842910         4.0318181916       -20.0682015080
        9.0900040000         0.5000000000         0.5440656762         3.9527099904       -20.6001001018
        9.0950095000         0.5000000000         0.5644842910         3.8736017892       -20.0682015080
        9.1000062000         0.5000000000         0.5619319642         3.7944935879       -20.1346888322
        9.1050078000         0.5000000000         0.5517226568         3.7153853867       -20.4006381291
        9.1100045000         0.5000000000         0.5670366179         3.6413809404       -20.0017141837
        9.1150038000         0.5000000000         0.5491703299         3.5648246166       -20.4671254533
        9.1200020000         0.5000000000         0.5695889448         3.4908201703       -19.9352268595
        9.1250029000         0.5000000000         0.5568273105         3.4066082142       -20.2676634806
        9.1300021000         0.5000000000         0.5695889448         3.3300518904       -19.9352268595
        9.1350104000         0.5000000000         0.5568273105         3.2585993215       -20.2676634806
        9.1400067000         0.5000000000         0.5823505790         3.1820429978       -19.6027902384
        9.1450039000         0.5000000000         0.5491703299         3.1029347965       -20.4671254533
        9.1500138000         0.5000000000         0.5644842910         3.0161709629       -20.0682015080
        9.1550037000         0.5000000000         0.5644842910         2.9498221490       -20.0682015080
        9.1600116000         0.5000000000         0.5619319642         2.8707139478       -20.1346888322
        9.1653775000         0.5000000000         0.5619319642         2.7916057465       -20.1346888322
        9.1700057000         0.5000000000         0.5644842910         2.7150494228       -20.0682015080
        9.1750091000         0.5000000000         0.5593796373         2.6384930990       -20.2011761564
        9.1800071000         0.5000000000         0.5670366179         2.5593848978       -20.0017141837
        9.1850071000         0.5000000000         0.5568273105         2.4777248191       -20.2676634806
        9.1900046000         0.5000000000         0.5466180030         2.3986166179       -20.5336127775
        9.1950064000         0.5000000000         0.5517226568         2.3246121715       -20.4006381291
        9.2000092000         0.5000000000         0.5619319642         2.2582633576       -20.1346888322
        9.2050060000         0.5000000000         0.5695889448         2.1817070338       -19.9352268595
        9.2100045000         0.5000000000         0.5542749836         2.0974950777       -20.3341508049
        9.2150074000         0.5000000000         0.5415133493         2.0081793666       -20.6665874260
        9.2200070000         0.5000000000         0.5415133493         1.9341749203       -20.6665874260
        9.2250073000         0.5000000000         0.5517226568         1.8627223515       -20.4006381291
        9.2300079000         0.5000000000         0.5619319642         1.7887179052       -20.1346888322
        9.2350071000         0.5000000000         0.5568273105         1.7147134588       -20.2676634806
        9.2400060000         0.5000000000         0.5466180030         1.6305015027       -20.5336127775
        9.2450105000         0.5000000000         0.5389610225         1.5539451789       -20.7330747502
        9.2500053000         0.5000000000         0.5491703299         1.4773888552       -20.4671254533
        9.2550084000         0.5000000000         0.5517226568         1.3880731441       -20.4006381291
        9.2600059000         0.5000000000         0.5440656762         1.3166205752       -20.6001001018
        9.2650077000         0.5000000000         0.5440656762         1.2426161289       -20.6001001018
        9.2700058000         0.5000000000         0.5568273105         1.1584041728       -20.2676634806
        9.2750072000         0.5000000000         0.5542749836         1.0895034814       -20.3341508049
        9.2800074000         0.5000000000         0.5491703299         1.0027396478       -20.4671254533
        9.2850109000         0.5000000000         0.5287517151         0.9134239367       -20.9990240471
        9.2900068000         0.5000000000         0.5440656762         0.8394194904       -20.6001001018
        9.2950050000         0.5000000000         0.5338563688         0.7552075343       -20.8660493987
        9.3000056000         0.5000000000         0.5440656762         0.6786512105       -20.6001001018
        9.3050158000         0.5000000000         0.5440656762         0.5944392543       -20.6001001018
        9.3100041000         0.5000000000         0.5491703299         0.5229866855       -20.4671254533
        9.3150051000         0.5000000000         0.5389610225         0.4336709744       -20.7330747502
        9.3200044000         0.5000000000         0.5440656762         0.3494590183       -20.6001001018
        9.3250067000         0.5000000000         0.5491703299         0.2754545720       -20.4671254533
        9.3300053000         0.5000000000         0.5415133493         0.1963463707       -20.6665874260
        9.3350067000         0.5000000000         0.5466180030         0.1095825371       -20.5336127775
        9.3400517000         0.5000000000         0.5491703299         0.0304743359       -20.4671254533
        9.3450082000         0.5000000000         0.5389610225        -0.0052519485       -20.7330747502
        9.3500051000         0.5000000000         0.5517226568         1.1073666236       -20.4006381291
        9.3550067000         0.5000000000         0.5287517151         5.0015316260       -20.9990240471
        9.3600073000         0.5000000000         0.5491703299         5.0142910133       -20.4671254533
        9.3650061000         0.5000000000         0.5517226568         4.9351828121       -20.4006381291
        9.3700049000         0.5000000000         0.5466180030         4.8535227334       -20.5336127775
        9.3750095000         0.5000000000         0.5568273105         4.7693107773       -20.2676634806
        9.3800115000         0.5000000000         0.5517226568         4.6876506986       -20.4006381291
        9.3850063000         0.5000000000         0.5466180030         4.5983349875       -20.5336127775
        9.3900093000         0.5000000000         0.5415133493         4.5166749088       -20.6665874260
        9.3950068000         0.5000000000         0.5466180030         4.4350148301       -20.5336127775
        9.4000069000         0.5000000000         0.5593796373         4.3635622613       -20.2011761564
        9.4050076000         0.5000000000         0.5568273105         4.2767984277       -20.2676634806
        9.4100036000         0.5000000000         0.5466180030         4.2002421039       -20.5336127775
        9.4150066000         0.5000000000         0.5542749836         4.1211339027       -20.3341508049
        9.4200114000         0.5000000000         0.5568273105         4.0369219465       -20.2676634806
        9.4250074000         0.5000000000         0.5491703299         3.9680212551       -20.4671254533
        9.4300083000         0.5000000000         0.5568273105         3.8838092990       -20.2676634806
        9.4350078000         0.5000000000         0.5466180030         3.8123567301       -20.5336127775
        9.4400058000         0.5000000000         0.5644842910         3.7434560388       -20.0682015080
        9.4450048000         0.5000000000         0.5593796373         3.6541403277       -20.2011761564
        9.4500129000         0.5000000000         0.5568273105         3.5801358814       -20.2676634806
        9.4550066000         0.5000000000         0.5517226568         3.5010276801       -20.4006381291
        9.4600048000         0.5000000000         0.5568273105         3.4193676015       -20.2676634806
        9.4650043000         0.5000000000         0.5670366179         3.3555706650       -20.0017141837
        9.4700051000         0.5000000000         0.5542749836         3.2662549539       -20.3341508049
        9.4750055000         0.5000000000         0.5644842910         3.1922505076       -20.0682015080
        9.4800051000         0.5000000000         0.5568273105         3.1182460613       -20.2676634806
        9.4850050000         0.5000000000         0.5593796373         3.0365859826       -20.2011761564
        9.4900053000         0.5000000000         0.5721412716         2.9651334138       -19.8687395353
        9.4950063000         0.5000000000         0.5670366179         2.8809214576       -20.0017141837
        9.5000094000         0.5000000000         0.5619319642         2.8094688888       -20.1346888322
        9.5050087000         0.5000000000         0.5619319642         2.7278088101       -20.1346888322
        9.5100048000         0.5000000000         0.5466180030         2.6487006088       -20.5336127775
        9.5150059000         0.5000000000         0.5695889448         2.5823517949       -19.9352268595
        9.5200091000         0.5000000000         0.5695889448         2.5032435937       -19.9352268595
        9.5250051000         0.5000000000         0.5619319642         2.4215835150       -20.1346888322
        9.5300072000         0.5000000000         0.5644842910         2.3475790687       -20.0682015080
        9.5350090000         0.5000000000         0.5542749836         2.2659189900       -20.3341508049
        9.5400089000         0.5000000000         0.5568273105         2.1893626662       -20.2676634806
        9.5450058000         0.5000000000         0.5568273105         2.1102544650       -20.2676634806
        9.5500068000         0.5000000000         0.5619319642         2.0336981412       -20.1346888322
        9.5550066000         0.5000000000         0.5517226568         1.9596936949       -20.4006381291
        9.5600067000         0.5000000000         0.5542749836         1.8831373711       -20.3341508049
        9.5650072000         0.5000000000         0.5389610225         1.7912697826       -20.7330747502
        9.5700064000         0.5000000000         0.5568273105         1.7147134588       -20.2676634806
        9.5750037000         0.5000000000         0.5593796373         1.6458127674       -20.2011761564
        9.5800057000         0.5000000000         0.5313040419         1.5667045662       -20.9325367229
        9.5850041000         0.5000000000         0.5517226568         1.4927001199       -20.4006381291
        9.5900059000         0.5000000000         0.5542749836         1.4186956736       -20.3341508049
        9.5950053000         0.5000000000         0.5364086956         1.3293799625       -20.7995620745
        9.6000067000         0.5000000000         0.5466180030         1.2477198838       -20.5336127775
        9.6050051000         0.5000000000         0.5466180030         1.1762673150       -20.5336127775
        9.6100049000         0.5000000000         0.5389610225         1.0997109912       -20.7330747502
        9.6150058000         0.5000000000         0.5568273105         1.0257065449       -20.2676634806
        9.6200059000         0.5000000000         0.5619319642         0.9389427113       -20.1346888322
        9.6250049000         0.5000000000         0.5466180030         0.8598345101       -20.5336127775
        9.6300051000         0.5000000000         0.5108854271         0.7807263088       -21.4644353167
        9.6350034000         0.5000000000         0.5466180030         0.6914105978       -20.5336127775
        9.6400036000         0.5000000000         0.5542749836         0.6148542740       -20.3341508049
        9.6450050000         0.5000000000         0.5440656762         0.5357460728       -20.6001001018
        9.6500036000         0.5000000000         0.5389610225         0.4617416265       -20.7330747502
        9.6550051000         0.5000000000         0.5491703299         0.3775296703       -20.4671254533
        9.6600045000         0.5000000000         0.5466180030         0.2958695916       -20.5336127775
        9.6650057000         0.5000000000         0.5466180030         0.2116576355       -20.5336127775
        9.6700055000         0.5000000000         0.5415133493         0.1274456793       -20.6665874260
        9.6750060000         0.5000000000         0.5415133493         0.0457856007       -20.6665874260
        9.6800048000         0.5000000000         0.5440656762         0.0024036839       -20.6001001018
        9.6850050000         0.5000000000         0.5517226568         0.0049555613       -20.4006381291
        9.6900054000         0.5000000000         0.5542749836         5.0066353810       -20.3341508049
        9.6950057000         0.5000000000         0.5593796373         5.0168428908       -20.2011761564
        9.7000051000         0.5000000000         0.5466180030         4.9555978318       -20.5336127775
        9.7050052000         0.5000000000         0.5466180030         4.8713858756       -20.5336127775
        9.7100081000         0.5000000000         0.5568273105         4.7948295519       -20.2676634806
        9.7150029000         0.5000000000         0.5491703299         4.7004100859       -20.4671254533
        9.7200044000         0.5000000000         0.5542749836         4.6264056396       -20.3341508049
        9.7250062000         0.5000000000         0.5491703299         4.5396418060       -20.4671254533
        9.7300032000         0.5000000000         0.5517226568         4.4707411146       -20.4006381291
        9.7350054000         0.5000000000         0.5466180030         4.3788735260       -20.5336127775
        9.7400079000         0.5000000000         0.5593796373         4.3074209572       -20.2011761564
        9.7450052000         0.5000000000         0.5644842910         4.2308646334       -20.0682015080
        9.7500067000         0.5000000000         0.5338563688         4.1389970449       -20.8660493987
        9.7550061000         0.5000000000         0.5491703299         4.0675444760       -20.4671254533
        9.7600072000         0.5000000000         0.5440656762         3.9833325199       -20.6001001018
        9.7650069000         0.5000000000         0.5670366179         3.9118799510       -20.0017141837
        9.7700050000         0.5000000000         0.5415133493         3.8302198724       -20.6665874260
        9.7750077000         0.5000000000         0.5517226568         3.7562154260       -20.4006381291
        9.7800027000         0.5000000000         0.5542749836         3.6796591023       -20.3341508049
        9.7850101000         0.5000000000         0.5644842910         3.6031027785       -20.0682015080
        9.7900059000         0.5000000000         0.5644842910         3.5342020871       -20.0682015080
        9.7950045000         0.5000000000         0.5542749836         3.4474382535       -20.3341508049
        9.8000082000         0.5000000000         0.5644842910         3.3708819297       -20.0682015080
        9.8050131000         0.5000000000         0.5491703299         3.2892218510       -20.4671254533
        9.8100066000         0.5000000000         0.5670366179         3.2152174047       -20.0017141837
        9.8150052000         0.5000000000         0.5746935985         3.1412129584       -19.8022522111
        9.8200131000         0.5000000000         0.5670366179         3.0672085121       -20.0017141837
        9.8250054000         0.5000000000         0.5619319642         2.9829965560       -20.1346888322
        9.8300048000         0.5000000000         0.5644842910         2.9038883547       -20.0682015080
        9.8350046000         0.5000000000         0.5644842910         2.8273320310       -20.0682015080
        9.8400101000         0.5000000000         0.5695889448         2.7533275847       -19.9352268595
        9.8450044000         0.5000000000         0.5670366179         2.6742193834       -20.0017141837
        9.8500042000         0.5000000000         0.5542749836         2.6002149371       -20.3341508049
        9.8550073000         0.5000000000         0.5644842910         2.5236586133       -20.0682015080
        9.8600046000         0.5000000000         0.5619319642         2.4445504121       -20.1346888322
        9.8650053000         0.5000000000         0.5644842910         2.3705459658       -20.0682015080
        9.8700056000         0.5000000000         0.5517226568         2.2863340097       -20.4006381291
        9.8750065000         0.5000000000         0.5542749836         2.2097776859       -20.3341508049
        9.8800062000         0.5000000000         0.5619319642         2.1357732396       -20.1346888322
        9.8850052000         0.5000000000         0.5517226568         2.0566650383       -20.4006381291
        9.8900066000         0.5000000000         0.5619319642         1.9775568371       -20.1346888322
        9.8950058000         0.5000000000         0.5338563688         1.8958967584       -20.8660493987
        9.9000066000         0.5000000000         0.5415133493         1.8193404347       -20.6665874260
        9.9050104000         0.5000000000         0.5644842910         1.7504397433       -20.0682015080
        9.9100064000         0.5000000000         0.5517226568         1.6738834195       -20.4006381291
        9.9150064000         0.5000000000         0.5466180030         1.5922233408       -20.5336127775
        9.9200065000         0.5000000000         0.5695889448         1.5182188945       -19.9352268595
        9.9250067000         0.5000000000         0.5517226568         1.4340069384       -20.4006381291
        9.9300063000         0.5000000000         0.5364086956         1.3676581244       -20.7995620745
        9.9350066000         0.5000000000         0.5568273105         1.2859980457       -20.2676634806
        9.9400076000         0.5000000000         0.5695889448         1.2119935994       -19.9352268595
        9.9450097000         0.5000000000         0.5313040419         1.1277816433       -20.9325367229
        9.9500135000         0.5000000000         0.5389610225         1.0410178097       -20.7330747502
        9.9550050000         0.5000000000         0.5491703299         0.9593577310       -20.4671254533
        9.9600047000         0.5000000000         0.5517226568         0.8955607945       -20.4006381291
        9.9650060000         0.5000000000         0.5542749836         0.8087969609       -20.3341508049
        9.9700062000         0.5000000000         0.5440656762         0.7347925146       -20.6001001018
        9.9750050000         0.5000000000         0.5364086956         0.6429249261       -20.7995620745
        9.9800057000         0.5000000000         0.5542749836         0.5638167248       -20.3341508049
        9.9850052000         0.5000000000         0.5593796373         0.4949160334       -20.2011761564
        9.9900070000         0.5000000000         0.5440656762         0.4056003224       -20.6001001018
        9.9950045000         0.5000000000         0.5491703299         0.3315958761       -20.4671254533
