% Motor Sweep Step 30/50
% Vcmd       = 1.0000 [V]
% Direction  = CCW
% Vg_offset  = 1.334866 [V]
% K_gimbal   = 26.049690 [(rad/s)/V]

Time[s]              Vcmd[V]              Vg_raw[V]            Pot[V]               Omega[rad/s]
        0.0000125000         1.0000000000         1.3301823480         4.9377346896        -0.1220042400
        0.0050079000         1.0000000000         1.3403916554         4.9479421994         0.1439450570
        0.0100054000         1.0000000000         1.3352870017         4.9326309346         0.0109704085
        0.0150060000         1.0000000000         1.2918974451         4.9453903219        -1.1193141034
        0.0200094000         1.0000000000         0.9907228761         4.9071121601        -8.9648183621
        0.0250072000         1.0000000000         1.1081299115         4.8866971404        -5.9064014477
        0.0300068000         1.0000000000         1.0826066429         4.8611783658        -6.5712746899
        0.0350052000         1.0000000000         0.9600949538         4.8229002039        -9.7626662528
        0.0400046000         1.0000000000         1.0009321835         4.7820701646        -8.6988690652
        0.0450054000         1.0000000000         0.9983798566         4.7539995125        -8.7653563894
        0.0502967000         1.0000000000         0.9141530704         4.7106175957       -10.9594380889
        0.0550050000         1.0000000000         0.9549903001         4.6697875564        -9.8956409013
        0.0600059000         1.0000000000         0.9090484167         4.6264056396       -11.0924127374
        0.0650055000         1.0000000000         0.9192577241         4.5804718453       -10.8264634405
        0.0700331000         1.0000000000         0.8962867824         4.5370899285       -11.4248493585
        0.0750044000         1.0000000000         0.8886298018         4.4937080117       -11.6243113312
        0.0800044000         1.0000000000         0.8758681675         4.4350148301       -11.9567479523
        0.0850046000         1.0000000000         0.8580018795         4.3890810359       -12.4221592219
        0.0900045000         1.0000000000         0.8656588601         4.3456991191       -12.2226972492
        0.0950056000         1.0000000000         0.8656588601         4.3048690797       -12.2226972492
        0.1001480000         1.0000000000         0.8375832647         4.2487277756       -12.9540578157
        0.1050208000         1.0000000000         0.8503448990         4.1951383490       -12.6216211946
        0.1100034000         1.0000000000         0.8299262841         4.1543083097       -13.1535197884
        0.1150028000         1.0000000000         0.8426879184         4.1058226379       -12.8210831673
        0.1200035000         1.0000000000         0.8273739573         4.0445775789       -13.2200071126
        0.1250043000         1.0000000000         0.8044030155         3.9935400297       -13.8183930307
        0.1300030000         1.0000000000         0.8375832647         3.9527099904       -12.9540578157
        0.1350048000         1.0000000000         0.7992983618         3.8940168088       -13.9513676791
        0.1400040000         1.0000000000         0.7992983618         3.8429792597       -13.9513676791
        0.1450074000         1.0000000000         0.8120599961         3.7893898330       -13.6189310580
        0.1501146000         1.0000000000         0.7814320738         3.7358004064       -14.4167789487
        0.1550057000         1.0000000000         0.8120599961         3.6898666121       -13.6189310580
        0.1600058000         1.0000000000         0.7814320738         3.6235177982       -14.4167789487
        0.1650051000         1.0000000000         0.7814320738         3.5750321265       -14.4167789487
        0.1700052000         1.0000000000         0.7916413813         3.5163389449       -14.1508296518
        0.1750031000         1.0000000000         0.7712227664         3.4627495183       -14.6827282456
        0.1800037000         1.0000000000         0.7941937081         3.4066082142       -14.0843423276
        0.1850232000         1.0000000000         0.7763274201         3.3555706650       -14.5497535971
        0.1900037000         1.0000000000         0.7712227664         3.2892218510       -14.6827282456
        0.1950034000         1.0000000000         0.7737750933         3.2432880568       -14.6162409214
        0.2000038000         1.0000000000         0.7788797470         3.1743873654       -14.4832662729
        0.2050055000         1.0000000000         0.7508041516         3.1182460613       -15.2146268394
        0.2100050000         1.0000000000         0.7788797470         3.0774160220       -14.4832662729
        0.2150043000         1.0000000000         0.7559088053         3.0034115756       -15.0816521910
        0.2200063000         1.0000000000         0.7661181127         2.9549259039       -14.8157028941
        0.2250048000         1.0000000000         0.7610134590         2.9038883547       -14.9486775425
        0.2300055000         1.0000000000         0.7686704396         2.8400914183       -14.7492155698
        0.2350044000         1.0000000000         0.7482518247         2.7890538691       -15.2811141636
        0.2400050000         1.0000000000         0.7533564784         2.7201531777       -15.1481395152
        0.2450038000         1.0000000000         0.7508041516         2.6691156285       -15.2146268394
        0.2500042000         1.0000000000         0.7482518247         2.6053186920       -15.2811141636
        0.2550030000         1.0000000000         0.7508041516         2.5491773879       -15.2146268394
        0.2600046000         1.0000000000         0.7584611321         2.4930360838       -15.0151648667
        0.2650030000         1.0000000000         0.7405948441         2.4317910248       -15.4805761363
        0.2700057000         1.0000000000         0.7431471710         2.3705459658       -15.4140888121
        0.2750044000         1.0000000000         0.7405948441         2.3093009068       -15.4805761363
        0.2800046000         1.0000000000         0.7380425173         2.2608152351       -15.5470634605
        0.2850044000         1.0000000000         0.7278332099         2.1842589113       -15.8130127575
        0.2900047000         1.0000000000         0.7354901904         2.1332213621       -15.6135507848
        0.2950045000         1.0000000000         0.7303855367         2.0796319355       -15.7465254332
        0.3000045000         1.0000000000         0.7431471710         2.0158349990       -15.4140888121
        0.3050169000         1.0000000000         0.7023099413         1.9418305527       -16.4778859997
        0.3100027000         1.0000000000         0.7201762293         1.8933448810       -16.0124747301
        0.3150044000         1.0000000000         0.7125192487         1.8269960670       -16.2119367028
        0.3200050000         1.0000000000         0.7150715756         1.7606472531       -16.1454493786
        0.3250183000         1.0000000000         0.7176239024         1.7019540715       -16.0789620544
        0.3300044000         1.0000000000         0.7201762293         1.6458127674       -16.0124747301
        0.3350036000         1.0000000000         0.7023099413         1.5896714634       -16.4778859997
        0.3400043000         1.0000000000         0.7099669219         1.5131151396       -16.2784240270
        0.3450042000         1.0000000000         0.7227285561         1.4671813453       -15.9459874059
        0.3500052000         1.0000000000         0.7074145950         1.3906250215       -16.3449113513
        0.3550051000         1.0000000000         0.7023099413         1.3293799625       -16.4778859997
        0.3600048000         1.0000000000         0.7201762293         1.2783424134       -16.0124747301
        0.3650055000         1.0000000000         0.7074145950         1.2145454769       -16.3449113513
        0.3700255000         1.0000000000         0.7074145950         1.1481966629       -16.3449113513
        0.3750047000         1.0000000000         0.6972052876         1.0843997265       -16.6108606482
        0.3800124000         1.0000000000         0.7074145950         1.0308102998       -16.3449113513
        0.3850148000         1.0000000000         0.7048622681         0.9568058535       -16.4113986755
        0.3900095000         1.0000000000         0.6946529607         0.8930089170       -16.6773479724
        0.3950054000         1.0000000000         0.6972052876         0.8190044707       -16.6108606482
        0.4000068000         1.0000000000         0.6895483070         0.7628631666       -16.8103226209
        0.4050056000         1.0000000000         0.7074145950         0.7041699851       -16.3449113513
        0.4100065000         1.0000000000         0.6972052876         0.6327174162       -16.6108606482
        0.4150045000         1.0000000000         0.7099669219         0.5791279896       -16.2784240270
        0.4200063000         1.0000000000         0.6793389996         0.4974679109       -17.0762719178
        0.4250049000         1.0000000000         0.6972052876         0.4387747293       -16.6108606482
        0.4300058000         1.0000000000         0.6844436533         0.3622184056       -16.9432972693
        0.4350053000         1.0000000000         0.7074145950         0.3137327338       -16.3449113513
        0.4400055000         1.0000000000         0.7074145950         0.2448320425       -16.3449113513
        0.4451868000         1.0000000000         0.6818913264         0.1631719638       -17.0097845935
        0.4500069000         1.0000000000         0.6997576144         0.1044787822       -16.5443733239
        0.4550055000         1.0000000000         0.6946529607         0.0330262134       -16.6773479724
        0.4600064000         1.0000000000         0.6895483070         0.0024036839       -16.8103226209
        0.4650074000         1.0000000000         0.7074145950         0.0024036839       -16.3449113513
        0.4700060000         1.0000000000         0.7099669219         1.1150222560       -16.2784240270
        0.4750054000         1.0000000000         0.6921006339         4.9989797486       -16.7438352966
        0.4800068000         1.0000000000         0.7023099413         5.0066353810       -16.4778859997
        0.4850046000         1.0000000000         0.6921006339         4.9581497092       -16.7438352966
        0.4900055000         1.0000000000         0.6946529607         4.8892490178       -16.6773479724
        0.4950055000         1.0000000000         0.6895483070         4.8152445715       -16.8103226209
        0.5000042000         1.0000000000         0.6997576144         4.7616551449       -16.5443733239
        0.5050072000         1.0000000000         0.7023099413         4.6902025760       -16.4778859997
        0.5100055000         1.0000000000         0.6895483070         4.6238537621       -16.8103226209
        0.5150044000         1.0000000000         0.7099669219         4.5651605806       -16.2784240270
        0.5200032000         1.0000000000         0.6869959802         4.4835005019       -16.8768099451
        0.5250047000         1.0000000000         0.7099669219         4.4273591978       -16.2784240270
        0.5300064000         1.0000000000         0.6997576144         4.3533547515       -16.5443733239
        0.5350078000         1.0000000000         0.7048622681         4.2972134474       -16.4113986755
        0.5400046000         1.0000000000         0.6997576144         4.2359683883       -16.5443733239
        0.5450046000         1.0000000000         0.6921006339         4.1747233293       -16.7438352966
        0.5500051000         1.0000000000         0.7023099413         4.0981670056       -16.4778859997
        0.5550046000         1.0000000000         0.7125192487         4.0471294564       -16.2119367028
        0.5600042000         1.0000000000         0.7023099413         3.9807806424       -16.4778859997
        0.5650032000         1.0000000000         0.7125192487         3.9144318285       -16.2119367028
        0.5700039000         1.0000000000         0.7023099413         3.8608424019       -16.4778859997
        0.5750050000         1.0000000000         0.7227285561         3.7995973429       -15.9459874059
        0.5800031000         1.0000000000         0.7099669219         3.7383522838       -16.2784240270
        0.5850047000         1.0000000000         0.7099669219         3.6668997150       -16.2784240270
        0.5900046000         1.0000000000         0.7176239024         3.6158621658       -16.0789620544
        0.5950045000         1.0000000000         0.7201762293         3.5520652293       -16.0124747301
        0.6000039000         1.0000000000         0.7099669219         3.4806126605       -16.2784240270
        0.6050301000         1.0000000000         0.7252808830         3.4270232338       -15.8795000817
        0.6100037000         1.0000000000         0.7252808830         3.3708819297       -15.8795000817
        0.6150045000         1.0000000000         0.7252808830         3.3096368707       -15.8795000817
        0.6200041000         1.0000000000         0.7074145950         3.2381843019       -16.3449113513
        0.6250039000         1.0000000000         0.7252808830         3.1743873654       -15.8795000817
        0.6300053000         1.0000000000         0.7099669219         3.1182460613       -16.2784240270
        0.6350051000         1.0000000000         0.7227285561         3.0570010023       -15.9459874059
        0.6400079000         1.0000000000         0.7074145950         2.9932040658       -16.3449113513
        0.6450380000         1.0000000000         0.7125192487         2.9243033744       -16.2119367028
        0.6500372000         1.0000000000         0.7201762293         2.8783695801       -16.0124747301
        0.6550045000         1.0000000000         0.7099669219         2.7992613789       -16.2784240270
        0.6600036000         1.0000000000         0.7201762293         2.7507757072       -16.0124747301
        0.6650122000         1.0000000000         0.7048622681         2.6767712609       -16.4113986755
        0.6701251000         1.0000000000         0.7023099413         2.6231818342       -16.4778859997
        0.6750035000         1.0000000000         0.7125192487         2.5593848978       -16.2119367028
        0.6800043000         1.0000000000         0.7048622681         2.4955879613       -16.4113986755
        0.6850054000         1.0000000000         0.7125192487         2.4317910248       -16.2119367028
        0.6900055000         1.0000000000         0.7201762293         2.3807534756       -16.0124747301
        0.6950062000         1.0000000000         0.7048622681         2.3016452744       -16.4113986755
        0.7000074000         1.0000000000         0.6946529607         2.2480558478       -16.6773479724
        0.7050046000         1.0000000000         0.7023099413         2.1817070338       -16.4778859997
        0.7100062000         1.0000000000         0.7150715756         2.1204619748       -16.1454493786
        0.7150058000         1.0000000000         0.7023099413         2.0566650383       -16.4778859997
        0.7200047000         1.0000000000         0.6997576144         1.9877643470       -16.5443733239
        0.7250061000         1.0000000000         0.6921006339         1.9316230429       -16.7438352966
        0.7300065000         1.0000000000         0.6972052876         1.8729298613       -16.6108606482
        0.7350057000         1.0000000000         0.7099669219         1.8116848023       -16.2784240270
        0.7400051000         1.0000000000         0.7099669219         1.7351284785       -16.2784240270
        0.7450046000         1.0000000000         0.7099669219         1.6815390519       -16.2784240270
        0.7500045000         1.0000000000         0.6895483070         1.6177421154       -16.8103226209
        0.7550053000         1.0000000000         0.6921006339         1.5488414240       -16.7438352966
        0.7600062000         1.0000000000         0.7074145950         1.4927001199       -16.3449113513
        0.7650125000         1.0000000000         0.7048622681         1.4263513060       -16.4113986755
        0.7700097000         1.0000000000         0.6818913264         1.3727618793       -17.0097845935
        0.7750067000         1.0000000000         0.7048622681         1.3038611879       -16.4113986755
        0.7800068000         1.0000000000         0.6997576144         1.2324086191       -16.5443733239
        0.7850113000         1.0000000000         0.7023099413         1.1762673150       -16.4778859997
        0.7900065000         1.0000000000         0.6895483070         1.1150222560       -16.8103226209
        0.7950056000         1.0000000000         0.7048622681         1.0512253195       -16.4113986755
        0.8000035000         1.0000000000         0.7099669219         0.9925321379       -16.2784240270
        0.8050120000         1.0000000000         0.6921006339         0.9185276916       -16.7438352966
        0.8100046000         1.0000000000         0.6921006339         0.8496270002       -16.7438352966
        0.8150076000         1.0000000000         0.7023099413         0.7934856961       -16.4778859997
        0.8200049000         1.0000000000         0.6844436533         0.7194812498       -16.9432972693
        0.8250049000         1.0000000000         0.6844436533         0.6531324359       -16.9432972693
        0.8300063000         1.0000000000         0.6997576144         0.5918873769       -16.5443733239
        0.8350076000         1.0000000000         0.7048622681         0.5357460728       -16.4113986755
        0.8400026000         1.0000000000         0.7048622681         0.4668453814       -16.4113986755
        0.8450050000         1.0000000000         0.6818913264         0.3902890576       -17.0097845935
        0.8500053000         1.0000000000         0.6997576144         0.3239402437       -16.5443733239
        0.8550049000         1.0000000000         0.6946529607         0.2703508170       -16.6773479724
        0.8600051000         1.0000000000         0.6972052876         0.2040020031       -16.6108606482
        0.8650031000         1.0000000000         0.6972052876         0.1248938019       -16.6108606482
        0.8700030000         1.0000000000         0.6972052876         0.0610968654       -16.6108606482
        0.8750045000         1.0000000000         0.6921006339         0.0024036839       -16.7438352966
        0.8800067000         1.0000000000         0.6997576144        -0.0001481936       -16.5443733239
        0.8850052000         1.0000000000         0.6921006339         1.1150222560       -16.7438352966
        0.8900041000         1.0000000000         0.6972052876         5.0015316260       -16.6108606482
        0.8950068000         1.0000000000         0.7125192487         5.0091872584       -16.2119367028
        0.9000422000         1.0000000000         0.6844436533         4.9785647289       -16.9432972693
        0.9050372000         1.0000000000         0.7099669219         4.9224234248       -16.2784240270
        0.9100081000         1.0000000000         0.6895483070         4.8484189785       -16.8103226209
        0.9150049000         1.0000000000         0.6997576144         4.7795182871       -16.5443733239
        0.9200205000         1.0000000000         0.6972052876         4.7080657183       -16.6108606482
        0.9250104000         1.0000000000         0.7176239024         4.6519244142       -16.0789620544
        0.9300056000         1.0000000000         0.6946529607         4.5804718453       -16.6773479724
        0.9350048000         1.0000000000         0.7125192487         4.5243305412       -16.2119367028
        0.9400263000         1.0000000000         0.7048622681         4.4579817273       -16.4113986755
        0.9450053000         1.0000000000         0.7099669219         4.3941847908       -16.2784240270
        0.9500052000         1.0000000000         0.7201762293         4.3329397318       -16.0124747301
        0.9550038000         1.0000000000         0.7074145950         4.2589352855       -16.3449113513
        0.9600039000         1.0000000000         0.6946529607         4.1874827166       -16.6773479724
        0.9650117000         1.0000000000         0.7099669219         4.1364451674       -16.2784240270
        0.9700042000         1.0000000000         0.7125192487         4.0726482310       -16.2119367028
        0.9750038000         1.0000000000         0.6921006339         4.0011956621       -16.7438352966
        0.9800041000         1.0000000000         0.7048622681         3.9373987256       -16.4113986755
        0.9850063000         1.0000000000         0.7176239024         3.8863611765       -16.0789620544
        0.9900077000         1.0000000000         0.6997576144         3.8174604851       -16.5443733239
        0.9950047000         1.0000000000         0.7074145950         3.7562154260       -16.3449113513
        1.0000039000         1.0000000000         0.7023099413         3.6898666121       -16.4778859997
        1.0050052000         1.0000000000         0.7048622681         3.6311734306       -16.4113986755
        1.0100029000         1.0000000000         0.7048622681         3.5622727392       -16.4113986755
        1.0150030000         1.0000000000         0.6972052876         3.5010276801       -16.6108606482
        1.0200042000         1.0000000000         0.7176239024         3.4499901310       -16.0789620544
        1.0250195000         1.0000000000         0.7023099413         3.3861931945       -16.4778859997
        1.0300066000         1.0000000000         0.6844436533         3.3096368707       -16.9432972693
        1.0350053000         1.0000000000         0.7023099413         3.2560474441       -16.4778859997
        1.0400047000         1.0000000000         0.7099669219         3.1896986301       -16.2784240270
        1.0450038000         1.0000000000         0.6818913264         3.1259016937       -17.0097845935
        1.0500024000         1.0000000000         0.6946529607         3.0595528797       -16.6773479724
        1.0550048000         1.0000000000         0.7048622681         2.9983078207       -16.4113986755
        1.0600064000         1.0000000000         0.7048622681         2.9294071293       -16.4113986755
        1.0650039000         1.0000000000         0.6921006339         2.8681620703       -16.7438352966
        1.0700059000         1.0000000000         0.7023099413         2.8094688888       -16.4778859997
        1.0750052000         1.0000000000         0.7125192487         2.7584313396       -16.2119367028
        1.0800061000         1.0000000000         0.7074145950         2.6920825256       -16.3449113513
        1.0850083000         1.0000000000         0.6869959802         2.6129743244       -16.8768099451
        1.0900057000         1.0000000000         0.6946529607         2.5542811429       -16.6773479724
        1.0951394000         1.0000000000         0.6946529607         2.4930360838       -16.6773479724
        1.1000056000         1.0000000000         0.6972052876         2.4292391474       -16.6108606482
        1.1051603000         1.0000000000         0.7201762293         2.3730978433       -16.0124747301
        1.1100049000         1.0000000000         0.6946529607         2.3067490293       -16.6773479724
        1.1150050000         1.0000000000         0.6946529607         2.2378483379       -16.6773479724
        1.1200040000         1.0000000000         0.6921006339         2.1766032789       -16.7438352966
        1.1250085000         1.0000000000         0.6972052876         2.1051507101       -16.6108606482
        1.1300068000         1.0000000000         0.6997576144         2.0515612834       -16.5443733239
        1.1350038000         1.0000000000         0.6997576144         1.9801087146       -16.5443733239
        1.1400148000         1.0000000000         0.6997576144         1.9239674105       -16.5443733239
        1.1450054000         1.0000000000         0.6997576144         1.8627223515       -16.5443733239
        1.1500040000         1.0000000000         0.6844436533         1.7861660277       -16.9432972693
        1.1550040000         1.0000000000         0.6818913264         1.7198172138       -17.0097845935
        1.1600042000         1.0000000000         0.7023099413         1.6713315420       -16.4778859997
        1.1650053000         1.0000000000         0.6844436533         1.5947752183       -16.9432972693
        1.1700030000         1.0000000000         0.7074145950         1.5462895465       -16.3449113513
        1.1750035000         1.0000000000         0.6793389996         1.4748369777       -17.0762719178
        1.1800040000         1.0000000000         0.7048622681         1.4161437961       -16.4113986755
        1.1850046000         1.0000000000         0.6793389996         1.3395874724       -17.0762719178
        1.1900085000         1.0000000000         0.6921006339         1.2783424134       -16.7438352966
        1.1950074000         1.0000000000         0.6895483070         1.2119935994       -16.8103226209
        1.2000057000         1.0000000000         0.6921006339         1.1533004179       -16.7438352966
        1.2050219000         1.0000000000         0.6844436533         1.0895034814       -16.9432972693
        1.2100046000         1.0000000000         0.6844436533         1.0180509125       -16.9432972693
        1.2150035000         1.0000000000         0.6869959802         0.9542539761       -16.8768099451
        1.2200030000         1.0000000000         0.6895483070         0.9006645494       -16.8103226209
        1.2250223000         1.0000000000         0.6972052876         0.8266601031       -16.6108606482
        1.2300037000         1.0000000000         0.6972052876         0.7654150441       -16.6108606482
        1.2350027000         1.0000000000         0.6921006339         0.7041699851       -16.7438352966
        1.2400040000         1.0000000000         0.6742343459         0.6276136613       -17.2092465662
        1.2450037000         1.0000000000         0.6895483070         0.5587129699       -16.8103226209
        1.2500035000         1.0000000000         0.6844436533         0.5025716658       -16.9432972693
        1.2550063000         1.0000000000         0.6895483070         0.4311190970       -16.8103226209
        1.2600078000         1.0000000000         0.6921006339         0.3622184056       -16.7438352966
        1.2650045000         1.0000000000         0.6742343459         0.2958695916       -17.2092465662
        1.2700068000         1.0000000000         0.6844436533         0.2269689002       -16.9432972693
        1.2750061000         1.0000000000         0.6869959802         0.1657238412       -16.8768099451
        1.2800036000         1.0000000000         0.6844436533         0.0840637625       -16.9432972693
        1.2850022000         1.0000000000         0.6716820190         0.0177149486       -17.2757338904
        1.2900055000         1.0000000000         0.6972052876        -0.0001481936       -16.6108606482
        1.2950054000         1.0000000000         0.6614727116        -0.0052519485       -17.5416831873
        1.3000182000         1.0000000000         0.6895483070         1.1073666236       -16.8103226209
        1.3050021000         1.0000000000         0.7048622681         5.0091872584       -16.4113986755
        1.3100026000         1.0000000000         0.6742343459         4.9989797486       -17.2092465662
        1.3150069000         1.0000000000         0.6946529607         4.9326309346       -16.6773479724
        1.3200063000         1.0000000000         0.7023099413         4.8713858756       -16.4778859997
        1.3250064000         1.0000000000         0.6844436533         4.7999333068       -16.9432972693
        1.3300061000         1.0000000000         0.6921006339         4.7335844928       -16.7438352966
        1.3350038000         1.0000000000         0.7125192487         4.6774431887       -16.2119367028
        1.3400053000         1.0000000000         0.6869959802         4.5983349875       -16.8768099451
        1.3450048000         1.0000000000         0.7048622681         4.5396418060       -16.4113986755
        1.3500035000         1.0000000000         0.6895483070         4.4681892371       -16.8103226209
        1.3550250000         1.0000000000         0.6895483070         4.3992885457       -16.8103226209
        1.3600085000         1.0000000000         0.6946529607         4.3354916092       -16.6773479724
        1.3650039000         1.0000000000         0.6972052876         4.2716946728       -16.6108606482
        1.3700054000         1.0000000000         0.6997576144         4.2181052461       -16.5443733239
        1.3750198000         1.0000000000         0.7074145950         4.1492045547       -16.3449113513
        1.3800065000         1.0000000000         0.6921006339         4.0828557408       -16.7438352966
        1.3850034000         1.0000000000         0.6869959802         4.0114031719       -16.8768099451
        1.3900049000         1.0000000000         0.7074145950         3.9629175002       -16.3449113513
        1.3950048000         1.0000000000         0.7023099413         3.8940168088       -16.4778859997
        1.4000052000         1.0000000000         0.6946529607         3.8251161174       -16.6773479724
        1.4050056000         1.0000000000         0.7048622681         3.7689748133       -16.4113986755
        1.4100056000         1.0000000000         0.6869959802         3.6949703670       -16.8768099451
        1.4150028000         1.0000000000         0.6997576144         3.6413809404       -16.5443733239
        1.4200047000         1.0000000000         0.6972052876         3.5673764941       -16.6108606482
        1.4250047000         1.0000000000         0.6972052876         3.5112351900       -16.6108606482
        1.4300073000         1.0000000000         0.6946529607         3.4448863760       -16.6773479724
        1.4350052000         1.0000000000         0.7201762293         3.3938488269       -16.0124747301
        1.4400057000         1.0000000000         0.6997576144         3.3223962580       -16.5443733239
        1.4450059000         1.0000000000         0.7023099413         3.2611511990       -16.4778859997
        1.4500033000         1.0000000000         0.7150715756         3.2024580174       -16.1454493786
        1.4550073000         1.0000000000         0.6946529607         3.1386610810       -16.6773479724
        1.4600053000         1.0000000000         0.7023099413         3.0774160220       -16.4778859997
        1.4650036000         1.0000000000         0.7074145950         3.0110672080       -16.3449113513
        1.4700046000         1.0000000000         0.7023099413         2.9370627617       -16.4778859997
        1.4750030000         1.0000000000         0.6818913264         2.8758177027       -17.0097845935
        1.4800046000         1.0000000000         0.6997576144         2.8196763986       -16.5443733239
        1.4850047000         1.0000000000         0.7023099413         2.7533275847       -16.4778859997
        1.4900046000         1.0000000000         0.6997576144         2.6844268933       -16.5443733239
        1.4950046000         1.0000000000         0.6946529607         2.6359412215       -16.6773479724
        1.5000046000         1.0000000000         0.7023099413         2.5644886527       -16.4778859997
        1.5050028000         1.0000000000         0.6972052876         2.5006917162       -16.6108606482
        1.5100053000         1.0000000000         0.6921006339         2.4368947797       -16.7438352966
        1.5150065000         1.0000000000         0.6946529607         2.3756497207       -16.6773479724
        1.5200046000         1.0000000000         0.7048622681         2.3144046617       -16.4113986755
        1.5250036000         1.0000000000         0.6921006339         2.2352964605       -16.7438352966
        1.5300030000         1.0000000000         0.6921006339         2.1766032789       -16.7438352966
        1.5350035000         1.0000000000         0.6921006339         2.1179100974       -16.7438352966
        1.5400041000         1.0000000000         0.6895483070         2.0566650383       -16.8103226209
        1.5450040000         1.0000000000         0.6946529607         1.9801087146       -16.6773479724
        1.5500040000         1.0000000000         0.6895483070         1.9214155330       -16.8103226209
        1.5550047000         1.0000000000         0.6895483070         1.8550667191       -16.8103226209
        1.5600044000         1.0000000000         0.6844436533         1.7912697826       -16.9432972693
        1.5650463000         1.0000000000         0.6793389996         1.7325766011       -17.0762719178
        1.5700038000         1.0000000000         0.6869959802         1.6662277871       -16.8768099451
        1.5750032000         1.0000000000         0.6921006339         1.6151902379       -16.7438352966
        1.5800047000         1.0000000000         0.6921006339         1.5462895465       -16.7438352966
        1.5850041000         1.0000000000         0.7023099413         1.4875963650       -16.4778859997
        1.5900037000         1.0000000000         0.6946529607         1.4135919187       -16.6773479724
        1.5950975000         1.0000000000         0.6921006339         1.3574506146       -16.7438352966
        1.6000036000         1.0000000000         0.7074145950         1.2859980457       -16.3449113513
        1.6050053000         1.0000000000         0.6869959802         1.2222011093       -16.8768099451
        1.6100035000         1.0000000000         0.6869959802         1.1584041728       -16.8768099451
        1.6150045000         1.0000000000         0.6972052876         1.0997109912       -16.6108606482
        1.6200084000         1.0000000000         0.6895483070         1.0257065449       -16.8103226209
        1.6250053000         1.0000000000         0.6921006339         0.9695652408       -16.7438352966
        1.6300054000         1.0000000000         0.6869959802         0.9057683043       -16.8768099451
        1.6350300000         1.0000000000         0.7023099413         0.8394194904       -16.4778859997
        1.6400082000         1.0000000000         0.6895483070         0.7705187990       -16.8103226209
        1.6450080000         1.0000000000         0.6818913264         0.6965143527       -17.0097845935
        1.6500030000         1.0000000000         0.6793389996         0.6301655388       -17.0762719178
        1.6550038000         1.0000000000         0.6946529607         0.5740242347       -16.6773479724
        1.6600056000         1.0000000000         0.6869959802         0.5153310531       -16.8768099451
        1.6650046000         1.0000000000         0.6921006339         0.4362228519       -16.7438352966
        1.6700040000         1.0000000000         0.6589203847         0.3698740379       -17.6081705116
        1.6750068000         1.0000000000         0.6921006339         0.3111808564       -16.7438352966
        1.6800046000         1.0000000000         0.7048622681         0.2499357974       -16.4113986755
        1.6850050000         1.0000000000         0.6818913264         0.1733794736       -17.0097845935
        1.6900045000         1.0000000000         0.6997576144         0.1095825371       -16.5443733239
        1.6950036000         1.0000000000         0.6946529607         0.0381299683       -16.6773479724
        1.7000041000         1.0000000000         0.7023099413        -0.0027000711       -16.4778859997
        1.7050037000         1.0000000000         0.6818913264        -0.0027000711       -17.0097845935
        1.7100049000         1.0000000000         0.7023099413         1.1048147461       -16.4778859997
        1.7150033000         1.0000000000         0.6997576144         5.0066353810       -16.5443733239
        1.7200048000         1.0000000000         0.7023099413         5.0142910133       -16.4778859997
        1.7250043000         1.0000000000         0.6972052876         4.9607015867       -16.6108606482
        1.7300048000         1.0000000000         0.7074145950         4.8918008953       -16.3449113513
        1.7350101000         1.0000000000         0.6972052876         4.8305558363       -16.6108606482
        1.7400037000         1.0000000000         0.6997576144         4.7693107773       -16.5443733239
        1.7450230000         1.0000000000         0.6972052876         4.6927544535       -16.6108606482
        1.7500034000         1.0000000000         0.6997576144         4.6289575170       -16.5443733239
        1.7550059000         1.0000000000         0.7048622681         4.5575049482       -16.4113986755
        1.7600066000         1.0000000000         0.6895483070         4.4860523793       -16.8103226209
        1.7650291000         1.0000000000         0.6997576144         4.4273591978       -16.5443733239
        1.7700041000         1.0000000000         0.7074145950         4.3712178937       -16.3449113513
        1.7750041000         1.0000000000         0.6818913264         4.2997653248       -17.0097845935
        1.7800035000         1.0000000000         0.7023099413         4.2334165109       -16.4778859997
        1.7850049000         1.0000000000         0.7074145950         4.1721714519       -16.3449113513
        1.7900037000         1.0000000000         0.6972052876         4.1058226379       -16.6108606482
        1.7950061000         1.0000000000         0.7099669219         4.0471294564       -16.2784240270
        1.8000070000         1.0000000000         0.6921006339         3.9833325199       -16.7438352966
        1.8050055000         1.0000000000         0.7099669219         3.9271912158       -16.2784240270
        1.8100064000         1.0000000000         0.7023099413         3.8557386469       -16.4778859997
        1.8150061000         1.0000000000         0.6972052876         3.7919417105       -16.6108606482
        1.8200073000         1.0000000000         0.6972052876         3.7306966515       -16.6108606482
        1.8250124000         1.0000000000         0.7074145950         3.6643478375       -16.3449113513
        1.8300066000         1.0000000000         0.7048622681         3.6107584109       -16.4113986755
        1.8350109000         1.0000000000         0.6946529607         3.5342020871       -16.6773479724
        1.8400045000         1.0000000000         0.6869959802         3.4704051506       -16.8768099451
        1.8450047000         1.0000000000         0.6972052876         3.4066082142       -16.6108606482
        1.8500034000         1.0000000000         0.7048622681         3.3453631551       -16.4113986755
        1.8550038000         1.0000000000         0.7023099413         3.2841180961       -16.4778859997
        1.8600040000         1.0000000000         0.6997576144         3.2228730371       -16.5443733239
        1.8650047000         1.0000000000         0.7023099413         3.1590761006       -16.4778859997
        1.8700057000         1.0000000000         0.6921006339         3.0978310416       -16.7438352966
        1.8750053000         1.0000000000         0.7099669219         3.0391378601       -16.2784240270
        1.8800036000         1.0000000000         0.7125192487         2.9753409236       -16.2119367028
        1.8850044000         1.0000000000         0.6946529607         2.8987845998       -16.6773479724
        1.8900050000         1.0000000000         0.6895483070         2.8375395408       -16.8103226209
        1.8950070000         1.0000000000         0.7023099413         2.7762944818       -16.4778859997
        1.9000036000         1.0000000000         0.7023099413         2.7201531777       -16.4778859997
        1.9050021000         1.0000000000         0.6921006339         2.6563562412       -16.7438352966
        1.9100386000         1.0000000000         0.7099669219         2.5900074273       -16.2784240270
        1.9150061000         1.0000000000         0.7074145950         2.5236586133       -16.3449113513
        1.9200028000         1.0000000000         0.7023099413         2.4624135543       -16.4778859997
        1.9250053000         1.0000000000         0.6793389996         2.3858572306       -17.0762719178
        1.9300045000         1.0000000000         0.7023099413         2.3373715588       -16.4778859997
        1.9350035000         1.0000000000         0.7023099413         2.2761264998       -16.4778859997
        1.9400049000         1.0000000000         0.6895483070         2.2021220535       -16.8103226209
        1.9450034000         1.0000000000         0.6921006339         2.1332213621       -16.7438352966
        1.9500049000         1.0000000000         0.6972052876         2.0745281806       -16.6108606482
        1.9550046000         1.0000000000         0.6946529607         2.0107312441       -16.6773479724
        1.9600064000         1.0000000000         0.6869959802         1.9443824302       -16.8768099451
        1.9650040000         1.0000000000         0.7023099413         1.8831373711       -16.4778859997
        1.9700024000         1.0000000000         0.6895483070         1.8142366797       -16.8103226209
        1.9750060000         1.0000000000         0.7099669219         1.7657510080       -16.2784240270
        1.9800033000         1.0000000000         0.6972052876         1.6994021941       -16.6108606482
        1.9850078000         1.0000000000         0.6921006339         1.6407090125       -16.7438352966
        1.9900055000         1.0000000000         0.6844436533         1.5616008113       -16.9432972693
        1.9950091000         1.0000000000         0.6921006339         1.5029076297       -16.7438352966
        2.0000074000         1.0000000000         0.6844436533         1.4416625707       -16.9432972693
        2.0050048000         1.0000000000         0.6921006339         1.3829693892       -16.7438352966
        2.0100042000         1.0000000000         0.6997576144         1.3166205752       -16.5443733239
        2.0150175000         1.0000000000         0.6716820190         1.2502717613       -17.2757338904
        2.0202693000         1.0000000000         0.6997576144         1.1788191925       -16.5443733239
        2.0250039000         1.0000000000         0.6895483070         1.1201260109       -16.8103226209
        2.0300038000         1.0000000000         0.6946529607         1.0614328293       -16.6773479724
        2.0350032000         1.0000000000         0.6818913264         0.9925321379       -17.0097845935
        2.0400037000         1.0000000000         0.6895483070         0.9287352015       -16.8103226209
        2.0450030000         1.0000000000         0.6793389996         0.8598345101       -17.0762719178
        2.0500039000         1.0000000000         0.6946529607         0.7934856961       -16.6773479724
        2.0550085000         1.0000000000         0.6895483070         0.7245850047       -16.8103226209
        2.0600054000         1.0000000000         0.6921006339         0.6658918232       -16.7438352966
        2.0650194000         1.0000000000         0.7048622681         0.5995430093       -16.4113986755
        2.0700037000         1.0000000000         0.6844436533         0.5357460728       -16.9432972693
        2.0750066000         1.0000000000         0.6972052876         0.4668453814       -16.6108606482
        2.0800049000         1.0000000000         0.6818913264         0.3979446900       -17.0097845935
        2.0850068000         1.0000000000         0.6946529607         0.3366996310       -16.6773479724
        2.0900057000         1.0000000000         0.6921006339         0.2652470621       -16.7438352966
        2.0951625000         1.0000000000         0.7023099413         0.2091057580       -16.4778859997
        2.1000035000         1.0000000000         0.6844436533         0.1402050666       -16.9432972693
        2.1050617000         1.0000000000         0.7125192487         0.0764081302       -16.2119367028
        2.1100069000         1.0000000000         0.6921006339         0.0049555613       -16.7438352966
        2.1150659000         1.0000000000         0.6818913264         0.0024036839       -17.0097845935
        2.1200074000         1.0000000000         0.7048622681         1.1099185011       -16.4113986755
        2.1250076000         1.0000000000         0.6972052876         5.0091872584       -16.6108606482
        2.1300046000         1.0000000000         0.6869959802         5.0066353810       -16.8768099451
        2.1350079000         1.0000000000         0.6844436533         4.9887722387       -16.9432972693
        2.1400071000         1.0000000000         0.6895483070         4.9249753023       -16.8103226209
        2.1450072000         1.0000000000         0.6921006339         4.8535227334       -16.7438352966
        2.1501716000         1.0000000000         0.6972052876         4.7769664097       -16.6108606482
        2.1550063000         1.0000000000         0.6997576144         4.7157213506       -16.5443733239
        2.1600056000         1.0000000000         0.6946529607         4.6493725367       -16.6773479724
        2.1650056000         1.0000000000         0.6972052876         4.5855756002       -16.6108606482
        2.1700068000         1.0000000000         0.6921006339         4.5141230314       -16.7438352966
        2.1750049000         1.0000000000         0.7125192487         4.4554298498       -16.2119367028
        2.1800049000         1.0000000000         0.7023099413         4.3865291584       -16.4778859997
        2.1850055000         1.0000000000         0.7023099413         4.3252840994       -16.4778859997
        2.1900044000         1.0000000000         0.6972052876         4.2512796531       -16.6108606482
        2.1950075000         1.0000000000         0.7023099413         4.1925864715       -16.4778859997
        2.2000078000         1.0000000000         0.6997576144         4.1364451674       -16.5443733239
        2.2050071000         1.0000000000         0.7023099413         4.0726482310       -16.4778859997
        2.2100036000         1.0000000000         0.6972052876         4.0088512945       -16.6108606482
        2.2150065000         1.0000000000         0.6997576144         3.9425024806       -16.5443733239
        2.2200098000         1.0000000000         0.7023099413         3.8761536666       -16.4778859997
        2.2250060000         1.0000000000         0.6997576144         3.8149086076       -16.5443733239
        2.2300056000         1.0000000000         0.6946529607         3.7511116711       -16.6773479724
        2.2350062000         1.0000000000         0.6997576144         3.6873147347       -16.5443733239
        2.2400046000         1.0000000000         0.7023099413         3.6235177982       -16.4778859997
        2.2450060000         1.0000000000         0.6895483070         3.5597208617       -16.8103226209
        2.2500049000         1.0000000000         0.6946529607         3.4959239252       -16.6773479724
        2.2550065000         1.0000000000         0.7099669219         3.4372307437       -16.2784240270
        2.2600053000         1.0000000000         0.6895483070         3.3657781748       -16.8103226209
        2.2650060000         1.0000000000         0.6946529607         3.2968774834       -16.6773479724
        2.2700109000         1.0000000000         0.7023099413         3.2458399342       -16.4778859997
        2.2750060000         1.0000000000         0.7099669219         3.1845948752       -16.2784240270
        2.2800047000         1.0000000000         0.6844436533         3.1105904289       -16.9432972693
        2.2850063000         1.0000000000         0.6997576144         3.0493453699       -16.5443733239
        2.2900049000         1.0000000000         0.6921006339         2.9829965560       -16.7438352966
        2.2950048000         1.0000000000         0.6895483070         2.9166477420       -16.8103226209
        2.3000475000         1.0000000000         0.6946529607         2.8630583154       -16.6773479724
        2.3050047000         1.0000000000         0.6946529607         2.7890538691       -16.6773479724
        2.3100037000         1.0000000000         0.7048622681         2.7303606875       -16.4113986755
        2.3150047000         1.0000000000         0.6921006339         2.6640118736       -16.7438352966
        2.3200045000         1.0000000000         0.6972052876         2.6078705695       -16.6108606482
        2.3250052000         1.0000000000         0.7099669219         2.5466255105       -16.2784240270
        2.3300051000         1.0000000000         0.7048622681         2.4777248191       -16.4113986755
        2.3350059000         1.0000000000         0.6869959802         2.4113760052       -16.8768099451
        2.3400048000         1.0000000000         0.7023099413         2.3501309461       -16.4778859997
        2.3450032000         1.0000000000         0.7074145950         2.2914377646       -16.3449113513
        2.3500045000         1.0000000000         0.6844436533         2.2148814408       -16.9432972693
        2.3550031000         1.0000000000         0.6946529607         2.1561882593       -16.6773479724
        2.3600035000         1.0000000000         0.7023099413         2.1000469552       -16.4778859997
        2.3650064000         1.0000000000         0.7125192487         2.0362500187       -16.2119367028
        2.3700042000         1.0000000000         0.6895483070         1.9699012047       -16.8103226209
        2.3750060000         1.0000000000         0.7023099413         1.9010005134       -16.4778859997
        2.3800054000         1.0000000000         0.6997576144         1.8448592093       -16.5443733239
        2.3850041000         1.0000000000         0.6997576144         1.7734066404       -16.5443733239
        2.3900049000         1.0000000000         0.6972052876         1.7096097039       -16.6108606482
        2.3950064000         1.0000000000         0.6997576144         1.6509165224       -16.5443733239
        2.4000033000         1.0000000000         0.6793389996         1.5845677084       -17.0762719178
        2.4050055000         1.0000000000         0.6972052876         1.5156670170       -16.6108606482
        2.4100053000         1.0000000000         0.6869959802         1.4544219580       -16.8768099451
        2.4150043000         1.0000000000         0.6869959802         1.3931768990       -16.8768099451
        2.4200081000         1.0000000000         0.6997576144         1.3370355949       -16.5443733239
        2.4250046000         1.0000000000         0.6997576144         1.2604792711       -16.5443733239
        2.4300055000         1.0000000000         0.6972052876         1.2119935994       -16.6108606482
        2.4350057000         1.0000000000         0.6793389996         1.1328853982       -17.0762719178
        2.4400063000         1.0000000000         0.7023099413         1.0767440941       -16.4778859997
        2.4450051000         1.0000000000         0.6895483070         1.0103952802       -16.8103226209
        2.4500051000         1.0000000000         0.6946529607         0.9491502211       -16.6773479724
        2.4550062000         1.0000000000         0.6921006339         0.8879051621       -16.7438352966
        2.4600031000         1.0000000000         0.7023099413         0.8215563482       -16.4778859997
        2.4650140000         1.0000000000         0.6793389996         0.7450000244       -17.0762719178
        2.4700060000         1.0000000000         0.7023099413         0.6888587203       -16.4778859997
        2.4750037000         1.0000000000         0.6972052876         0.6225099064       -16.6108606482
        2.4800059000         1.0000000000         0.6895483070         0.5536092150       -16.8103226209
        2.4850070000         1.0000000000         0.6869959802         0.4821566461       -16.8768099451
        2.4900068000         1.0000000000         0.6946529607         0.4209115871       -16.6773479724
        2.4950059000         1.0000000000         0.6921006339         0.3520108957       -16.7438352966
        2.5000070000         1.0000000000         0.6844436533         0.2805583269       -16.9432972693
        2.5050043000         1.0000000000         0.6972052876         0.2193132679       -16.6108606482
        2.5100068000         1.0000000000         0.6793389996         0.1555163314       -17.0762719178
        2.5150054000         1.0000000000         0.7048622681         0.0917193949       -16.4113986755
        2.5200065000         1.0000000000         0.6844436533         0.0253705810       -16.9432972693
        2.5250073000         1.0000000000         0.6895483070        -0.0052519485       -16.8103226209
        2.5301330000         1.0000000000         0.6844436533        -0.0027000711       -16.9432972693
        2.5350043000         1.0000000000         0.7048622681         1.1073666236       -16.4113986755
        2.5400069000         1.0000000000         0.6972052876         5.0066353810       -16.6108606482
        2.5450432000         1.0000000000         0.6946529607         5.0015316260       -16.6773479724
        2.5500069000         1.0000000000         0.6946529607         4.9402865670       -16.6773479724
        2.5550051000         1.0000000000         0.6921006339         4.8713858756       -16.7438352966
        2.5600049000         1.0000000000         0.6946529607         4.8075889392       -16.6773479724
        2.5650067000         1.0000000000         0.7023099413         4.7335844928       -16.4778859997
        2.5700049000         1.0000000000         0.6997576144         4.6723394338       -16.5443733239
        2.5750053000         1.0000000000         0.6895483070         4.5983349875       -16.8103226209
        2.5800035000         1.0000000000         0.7048622681         4.5319861736       -16.4113986755
        2.5850046000         1.0000000000         0.6895483070         4.4681892371       -16.8103226209
        2.5900071000         1.0000000000         0.7048622681         4.4145998105       -16.4113986755
        2.5950049000         1.0000000000         0.6946529607         4.3431472416       -16.6773479724
        2.6000076000         1.0000000000         0.7099669219         4.2844540601       -16.2784240270
        2.6050081000         1.0000000000         0.6946529607         4.2206571236       -16.6773479724
        2.6100044000         1.0000000000         0.7023099413         4.1568601871       -16.4778859997
        2.6150056000         1.0000000000         0.6972052876         4.0879594957       -16.6108606482
        2.6200052000         1.0000000000         0.7023099413         4.0267144367       -16.4778859997
        2.6250031000         1.0000000000         0.7048622681         3.9629175002       -16.4113986755
        2.6300035000         1.0000000000         0.7125192487         3.8991205638       -16.2119367028
        2.6350283000         1.0000000000         0.7074145950         3.8429792597       -16.3449113513
        2.6400055000         1.0000000000         0.6921006339         3.7613191810       -16.7438352966
        2.6450057000         1.0000000000         0.6997576144         3.7077297543       -16.5443733239
        2.6500055000         1.0000000000         0.6921006339         3.6439328179       -16.7438352966
        2.6550062000         1.0000000000         0.7048622681         3.5826877588       -16.4113986755
        2.6600070000         1.0000000000         0.7074145950         3.5163389449       -16.3449113513
        2.6650067000         1.0000000000         0.6895483070         3.4550938859       -16.8103226209
        2.6700051000         1.0000000000         0.7074145950         3.3938488269       -16.3449113513
        2.6750077000         1.0000000000         0.6946529607         3.3249481355       -16.6773479724
        2.6800057000         1.0000000000         0.7074145950         3.2662549539       -16.3449113513
        2.6850067000         1.0000000000         0.7048622681         3.1896986301       -16.4113986755
        2.6900044000         1.0000000000         0.6921006339         3.1386610810       -16.7438352966
        2.6950060000         1.0000000000         0.7048622681         3.0774160220       -16.4113986755
        2.7000060000         1.0000000000         0.7023099413         3.0110672080       -16.4778859997
        2.7050117000         1.0000000000         0.7023099413         2.9370627617       -16.4778859997
        2.7100065000         1.0000000000         0.6921006339         2.8809214576       -16.7438352966
        2.7150061000         1.0000000000         0.6972052876         2.8196763986       -16.6108606482
        2.7200096000         1.0000000000         0.7023099413         2.7609832170       -16.4778859997
        2.7250125000         1.0000000000         0.6997576144         2.6895306482       -16.5443733239
        2.7300086000         1.0000000000         0.6818913264         2.6257337117       -17.0097845935
        2.7350051000         1.0000000000         0.6972052876         2.5644886527       -16.6108606482
        2.7400062000         1.0000000000         0.6895483070         2.5006917162       -16.8103226209
        2.7450120000         1.0000000000         0.7023099413         2.4394466572       -16.4778859997
        2.7500036000         1.0000000000         0.6997576144         2.3756497207       -16.5443733239
        2.7550047000         1.0000000000         0.7074145950         2.3144046617       -16.3449113513
        2.7600031000         1.0000000000         0.6869959802         2.2455039703       -16.8768099451
        2.7650047000         1.0000000000         0.6921006339         2.1766032789       -16.7438352966
        2.7700721000         1.0000000000         0.6972052876         2.1153582199       -16.6108606482
        2.7750052000         1.0000000000         0.7074145950         2.0566650383       -16.3449113513
        2.7800043000         1.0000000000         0.7023099413         1.9928681019       -16.4778859997
        2.7850048000         1.0000000000         0.6818913264         1.9163117781       -17.0097845935
        2.7900028000         1.0000000000         0.7023099413         1.8703779838       -16.4778859997
        2.7950047000         1.0000000000         0.6895483070         1.7989254150       -16.8103226209
        2.8000048000         1.0000000000         0.7023099413         1.7402322334       -16.4778859997
        2.8050039000         1.0000000000         0.7074145950         1.6789871744       -16.3449113513
        2.8100045000         1.0000000000         0.6793389996         1.6075346056       -17.0762719178
        2.8150028000         1.0000000000         0.7048622681         1.5488414240       -16.4113986755
        2.8201304000         1.0000000000         0.6946529607         1.4799407326       -16.6773479724
        2.8250033000         1.0000000000         0.6972052876         1.4237994285       -16.6108606482
        2.8301059000         1.0000000000         0.6767866727         1.3472431047       -17.1427592420
        2.8350067000         1.0000000000         0.7048622681         1.2834461683       -16.4113986755
        2.8400039000         1.0000000000         0.6972052876         1.2273048642       -16.6108606482
        2.8450041000         1.0000000000         0.6691296922         1.1558522953       -17.3422212147
        2.8500020000         1.0000000000         0.6895483070         1.0997109912       -16.8103226209
        2.8550046000         1.0000000000         0.6946529607         1.0333621773       -16.6773479724
        2.8600061000         1.0000000000         0.7023099413         0.9721171183       -16.4778859997
        2.8650030000         1.0000000000         0.6869959802         0.8981126720       -16.8768099451
        2.8700026000         1.0000000000         0.6997576144         0.8343157355       -16.5443733239
        2.8750043000         1.0000000000         0.6716820190         0.7705187990       -17.2757338904
        2.8800035000         1.0000000000         0.6946529607         0.7041699851       -16.6773479724
        2.8850030000         1.0000000000         0.6793389996         0.6327174162       -17.0762719178
        2.8900045000         1.0000000000         0.7074145950         0.5816798670       -16.3449113513
        2.8950034000         1.0000000000         0.6844436533         0.5076754207       -16.9432972693
        2.9000041000         1.0000000000         0.7048622681         0.4438784843       -16.4113986755
        2.9050031000         1.0000000000         0.6844436533         0.3724259154       -16.9432972693
        2.9100034000         1.0000000000         0.6895483070         0.3111808564       -16.8103226209
        2.9150032000         1.0000000000         0.6997576144         0.2422801650       -16.5443733239
        2.9200044000         1.0000000000         0.6895483070         0.1759313511       -16.8103226209
        2.9250058000         1.0000000000         0.6946529607         0.1070306597       -16.6773479724
        2.9300082000         1.0000000000         0.7048622681         0.0432337232       -16.4113986755
        2.9350057000         1.0000000000         0.6946529607        -0.0001481936       -16.6773479724
        2.9400050000         1.0000000000         0.6793389996        -0.0027000711       -17.0762719178
        2.9450027000         1.0000000000         0.6972052876         1.1073666236       -16.6108606482
        2.9500060000         1.0000000000         0.6895483070         5.0066353810       -16.8103226209
        2.9550048000         1.0000000000         0.6946529607         5.0142910133       -16.6773479724
        2.9600065000         1.0000000000         0.7048622681         4.9607015867       -16.4113986755
        2.9650049000         1.0000000000         0.6869959802         4.8918008953       -16.8768099451
        2.9700065000         1.0000000000         0.6869959802         4.8203483265       -16.8768099451
        2.9750050000         1.0000000000         0.6972052876         4.7616551449       -16.6108606482
        2.9800050000         1.0000000000         0.6869959802         4.6825469437       -16.8768099451
        2.9850038000         1.0000000000         0.6921006339         4.6264056396       -16.7438352966
        2.9900039000         1.0000000000         0.6946529607         4.5498493158       -16.6773479724
        2.9950045000         1.0000000000         0.6844436533         4.4835005019       -16.9432972693
        3.0000059000         1.0000000000         0.6997576144         4.4350148301       -16.5443733239
        3.0050057000         1.0000000000         0.7074145950         4.3661141388       -16.3449113513
        3.0100271000         1.0000000000         0.7023099413         4.2997653248       -16.4778859997
        3.0150080000         1.0000000000         0.7048622681         4.2385202658       -16.4113986755
        3.0200069000         1.0000000000         0.7125192487         4.1696195744       -16.2119367028
        3.0250078000         1.0000000000         0.6921006339         4.0981670056       -16.7438352966
        3.0300071000         1.0000000000         0.6921006339         4.0369219465       -16.7438352966
        3.0350069000         1.0000000000         0.7074145950         3.9807806424       -16.3449113513
        3.0400065000         1.0000000000         0.7099669219         3.9118799510       -16.2784240270
        3.0450041000         1.0000000000         0.6972052876         3.8531867695       -16.6108606482
        3.0500063000         1.0000000000         0.7048622681         3.7817342006       -16.4113986755
        3.0550045000         1.0000000000         0.6844436533         3.7204891416       -16.9432972693
        3.0600058000         1.0000000000         0.6997576144         3.6617959601       -16.5443733239
        3.0650058000         1.0000000000         0.7074145950         3.5979990236       -16.3449113513
        3.0700052000         1.0000000000         0.7048622681         3.5367539646       -16.4113986755
        3.0750098000         1.0000000000         0.7048622681         3.4780607830       -16.4113986755
        3.0800065000         1.0000000000         0.7074145950         3.4091600916       -16.3449113513
        3.0850084000         1.0000000000         0.6844436533         3.3453631551       -16.9432972693
        3.0900062000         1.0000000000         0.6997576144         3.2815662187       -16.5443733239
        3.0950063000         1.0000000000         0.6844436533         3.2228730371       -16.9432972693
        3.1000060000         1.0000000000         0.7048622681         3.1616279781       -16.4113986755
        3.1050061000         1.0000000000         0.6972052876         3.0952791642       -16.6108606482
        3.1100065000         1.0000000000         0.7023099413         3.0289303502       -16.4778859997
        3.1150061000         1.0000000000         0.7125192487         2.9753409236       -16.2119367028
        3.1200042000         1.0000000000         0.6869959802         2.9038883547       -16.8768099451
        3.1250061000         1.0000000000         0.6997576144         2.8477470506       -16.5443733239
        3.1300055000         1.0000000000         0.6921006339         2.7711907269       -16.7438352966
        3.1350168000         1.0000000000         0.7074145950         2.7124975453       -16.3449113513
        3.1400058000         1.0000000000         0.6895483070         2.6461487314       -16.8103226209
        3.1450133000         1.0000000000         0.6921006339         2.5797999174       -16.7438352966
        3.1500050000         1.0000000000         0.6997576144         2.5262104908       -16.5443733239
        3.1550122000         1.0000000000         0.6997576144         2.4624135543       -16.5443733239
        3.1600093000         1.0000000000         0.6946529607         2.3935128629       -16.6773479724
        3.1650107000         1.0000000000         0.7023099413         2.3322678039       -16.4778859997
        3.1700059000         1.0000000000         0.6997576144         2.2710227449       -16.5443733239
        3.1750116000         1.0000000000         0.7023099413         2.2046739310       -16.4778859997
        3.1800059000         1.0000000000         0.7023099413         2.1383251170       -16.4778859997
        3.1850052000         1.0000000000         0.6921006339         2.0770800580       -16.7438352966
        3.1900121000         1.0000000000         0.6895483070         2.0030756117       -16.8103226209
        3.1950065000         1.0000000000         0.6869959802         1.9469343076       -16.8768099451
        3.2000076000         1.0000000000         0.6972052876         1.8805854937       -16.6108606482
        3.2050058000         1.0000000000         0.6972052876         1.8269960670       -16.6108606482
        3.2100080000         1.0000000000         0.6844436533         1.7504397433       -16.9432972693
        3.2150061000         1.0000000000         0.6793389996         1.6866428068       -17.0762719178
        3.2200043000         1.0000000000         0.6818913264         1.6253977478       -17.0097845935
        3.2250096000         1.0000000000         0.6997576144         1.5667045662       -16.5443733239
        3.2300037000         1.0000000000         0.7023099413         1.4952519974       -16.4778859997
        3.2350035000         1.0000000000         0.6818913264         1.4391106933       -17.0097845935
        3.2400039000         1.0000000000         0.6869959802         1.3804175117       -16.8768099451
        3.2450050000         1.0000000000         0.6997576144         1.3089649429       -16.5443733239
        3.2500029000         1.0000000000         0.6895483070         1.2400642515       -16.8103226209
        3.2550046000         1.0000000000         0.6997576144         1.1788191925       -16.5443733239
        3.2600036000         1.0000000000         0.6895483070         1.1252297658       -16.8103226209
        3.2650036000         1.0000000000         0.6972052876         1.0512253195       -16.6108606482
        3.2700030000         1.0000000000         0.6844436533         0.9899802605       -16.9432972693
        3.2750042000         1.0000000000         0.6921006339         0.9236314466       -16.7438352966
        3.2800058000         1.0000000000         0.6921006339         0.8649382650       -16.7438352966
        3.2850083000         1.0000000000         0.6946529607         0.7858300638       -16.6773479724
        3.2900058000         1.0000000000         0.6997576144         0.7220331273       -16.5443733239
        3.2950070000         1.0000000000         0.6767866727         0.6556843134       -17.1427592420
        3.3000046000         1.0000000000         0.7023099413         0.5995430093       -16.4778859997
        3.3050034000         1.0000000000         0.6921006339         0.5331941953       -16.7438352966
        3.3100049000         1.0000000000         0.6997576144         0.4693972588       -16.5443733239
        3.3150038000         1.0000000000         0.6946529607         0.4056003224       -16.6773479724
        3.3200071000         1.0000000000         0.7023099413         0.3366996310       -16.4778859997
        3.3250034000         1.0000000000         0.6869959802         0.2729026945       -16.8768099451
        3.3300079000         1.0000000000         0.6921006339         0.1937944933       -16.7438352966
        3.3350036000         1.0000000000         0.6895483070         0.1351013117       -16.8103226209
        3.3400057000         1.0000000000         0.6946529607         0.0636487429       -16.6773479724
        3.3450058000         1.0000000000         0.6895483070         0.0024036839       -16.8103226209
        3.3500047000         1.0000000000         0.6972052876         0.0024036839       -16.6108606482
        3.3550051000         1.0000000000         0.6869959802         1.1048147461       -16.8768099451
        3.3600058000         1.0000000000         0.6921006339         5.0015316260       -16.7438352966
        3.3650041000         1.0000000000         0.6921006339         5.0066353810       -16.7438352966
        3.3700048000         1.0000000000         0.7099669219         4.9938759937       -16.2784240270
        3.3750055000         1.0000000000         0.6946529607         4.9147677924       -16.6773479724
        3.3800098000         1.0000000000         0.6921006339         4.8484189785       -16.7438352966
        3.3850038000         1.0000000000         0.7099669219         4.7871739195       -16.2784240270
        3.3900047000         1.0000000000         0.6972052876         4.7157213506       -16.6108606482
        3.3950042000         1.0000000000         0.7023099413         4.6442687818       -16.4778859997
        3.4000056000         1.0000000000         0.6921006339         4.5855756002       -16.7438352966
        3.4050044000         1.0000000000         0.6997576144         4.5166749088       -16.5443733239
        3.4100033000         1.0000000000         0.6972052876         4.4554298498       -16.6108606482
        3.4150317000         1.0000000000         0.6921006339         4.3839772810       -16.7438352966
        3.4200059000         1.0000000000         0.7074145950         4.3354916092       -16.3449113513
        3.4250051000         1.0000000000         0.6895483070         4.2563834080       -16.8103226209
        3.4300030000         1.0000000000         0.7023099413         4.2002421039       -16.4778859997
        3.4350073000         1.0000000000         0.7023099413         4.1441007998       -16.4778859997
        3.4400066000         1.0000000000         0.7125192487         4.0777519859       -16.2119367028
        3.4450042000         1.0000000000         0.6946529607         4.0088512945       -16.6773479724
        3.4500039000         1.0000000000         0.6997576144         3.9450543580       -16.5443733239
        3.4550180000         1.0000000000         0.7074145950         3.8863611765       -16.3449113513
        3.4600067000         1.0000000000         0.7023099413         3.8225642400       -16.4778859997
        3.4650041000         1.0000000000         0.7023099413         3.7562154260       -16.4778859997
        3.4700038000         1.0000000000         0.7099669219         3.7000741219       -16.2784240270
        3.4750033000         1.0000000000         0.7023099413         3.6286215531       -16.4778859997
        3.4800041000         1.0000000000         0.6921006339         3.5673764941       -16.7438352966
        3.4850044000         1.0000000000         0.6997576144         3.5010276801       -16.5443733239
        3.4900047000         1.0000000000         0.7023099413         3.4346788662       -16.4778859997
        3.4950155000         1.0000000000         0.7023099413         3.3785375621       -16.4778859997
        3.5000250000         1.0000000000         0.6997576144         3.3045331158       -16.5443733239
        3.5050331000         1.0000000000         0.6921006339         3.2509436892       -16.7438352966
        3.5100044000         1.0000000000         0.7048622681         3.1820429978       -16.4113986755
        3.5150208000         1.0000000000         0.6972052876         3.1310054486       -16.6108606482
        3.5200036000         1.0000000000         0.7074145950         3.0621047572       -16.3449113513
        3.5250061000         1.0000000000         0.6946529607         2.9983078207       -16.6773479724
        3.5300056000         1.0000000000         0.6972052876         2.9319590068       -16.6108606482
        3.5350235000         1.0000000000         0.6946529607         2.8758177027       -16.6773479724
        3.5400060000         1.0000000000         0.7023099413         2.8120207662       -16.4778859997
        3.5450081000         1.0000000000         0.6921006339         2.7482238297       -16.7438352966
        3.5500078000         1.0000000000         0.6997576144         2.6767712609       -16.5443733239
        3.5550043000         1.0000000000         0.6972052876         2.6155262019       -16.6108606482
        3.5600043000         1.0000000000         0.6997576144         2.5517292654       -16.5443733239
        3.5650075000         1.0000000000         0.6921006339         2.4879323289       -16.7438352966
        3.5700055000         1.0000000000         0.6895483070         2.4241353924       -16.8103226209
        3.5750265000         1.0000000000         0.7099669219         2.3628903334       -16.2784240270
        3.5800048000         1.0000000000         0.6921006339         2.2965415195       -16.7438352966
        3.5850070000         1.0000000000         0.7074145950         2.2352964605       -16.3449113513
        3.5900063000         1.0000000000         0.6972052876         2.1714995240       -16.6108606482
        3.5950364000         1.0000000000         0.6921006339         2.1000469552       -16.7438352966
        3.6000057000         1.0000000000         0.6895483070         2.0362500187       -16.8103226209
        3.6050075000         1.0000000000         0.6972052876         1.9750049597       -16.6108606482
        3.6100054000         1.0000000000         0.6818913264         1.9061042683       -17.0097845935
        3.6150053000         1.0000000000         0.6921006339         1.8423073318       -16.7438352966
        3.6200886000         1.0000000000         0.7074145950         1.7861660277       -16.3449113513
        3.6250067000         1.0000000000         0.6844436533         1.7198172138       -16.9432972693
        3.6300085000         1.0000000000         0.6997576144         1.6636759097       -16.5443733239
        3.6350062000         1.0000000000         0.6818913264         1.5922233408       -17.0097845935
        3.6400218000         1.0000000000         0.7023099413         1.5284264043       -16.4778859997
        3.6450084000         1.0000000000         0.6614727116         1.4595257129       -17.5416831873
        3.6500057000         1.0000000000         0.6997576144         1.4084881638       -16.5443733239
        3.6550835000         1.0000000000         0.6818913264         1.3319318400       -17.0097845935
        3.6600041000         1.0000000000         0.6921006339         1.2681349035       -16.7438352966
        3.6650068000         1.0000000000         0.6818913264         1.2094417220       -17.0097845935
        3.6700063000         1.0000000000         0.6921006339         1.1456447855       -16.7438352966
        3.6750052000         1.0000000000         0.7048622681         1.0895034814       -16.4113986755
        3.6800054000         1.0000000000         0.6895483070         1.0180509125       -16.8103226209
        3.6850071000         1.0000000000         0.6844436533         0.9465983437       -16.9432972693
        3.6900062000         1.0000000000         0.6869959802         0.8930089170       -16.8768099451
        3.6950058000         1.0000000000         0.7023099413         0.8266601031       -16.4778859997
        3.7000053000         1.0000000000         0.6869959802         0.7501037793       -16.8768099451
        3.7050067000         1.0000000000         0.6946529607         0.6863068429       -16.6773479724
        3.7100044000         1.0000000000         0.6869959802         0.6301655388       -16.8768099451
        3.7150124000         1.0000000000         0.6921006339         0.5510573375       -16.7438352966
        3.7200089000         1.0000000000         0.6869959802         0.4923641560       -16.8768099451
        3.7250121000         1.0000000000         0.6844436533         0.4209115871       -16.9432972693
        3.7300057000         1.0000000000         0.6946529607         0.3622184056       -16.6773479724
        3.7350119000         1.0000000000         0.6972052876         0.3009733466       -16.6108606482
        3.7400057000         1.0000000000         0.6869959802         0.2218651453       -16.8768099451
        3.7450120000         1.0000000000         0.6818913264         0.1504125765       -17.0097845935
        3.7500081000         1.0000000000         0.6997576144         0.0866156400       -16.5443733239
        3.7550162000         1.0000000000         0.6997576144         0.0330262134       -16.5443733239
        3.7600531000         1.0000000000         0.6972052876        -0.0001481936       -16.6108606482
        3.7650048000         1.0000000000         0.6895483070         0.0024036839       -16.8103226209
        3.7700036000         1.0000000000         0.6972052876         1.1073666236       -16.6108606482
        3.7750062000         1.0000000000         0.6793389996         4.9964278711       -17.0762719178
        3.7800448000         1.0000000000         0.6895483070         4.9964278711       -16.8103226209
        3.7850065000         1.0000000000         0.6972052876         4.9377346896       -16.6108606482
        3.7902954000         1.0000000000         0.6793389996         4.8586264883       -17.0762719178
        3.7950055000         1.0000000000         0.6946529607         4.7948295519       -16.6773479724
        3.8000050000         1.0000000000         0.6818913264         4.7361363703       -17.0097845935
        3.8050058000         1.0000000000         0.6946529607         4.6621319240       -16.6773479724
        3.8100045000         1.0000000000         0.6869959802         4.6059906199       -16.8768099451
        3.8150085000         1.0000000000         0.6869959802         4.5294342961       -16.8768099451
        3.8200101000         1.0000000000         0.6895483070         4.4630854822       -16.8103226209
        3.8250075000         1.0000000000         0.7023099413         4.4145998105       -16.4778859997
        3.8300124000         1.0000000000         0.6972052876         4.3431472416       -16.6108606482
        3.8350065000         1.0000000000         0.7099669219         4.2844540601       -16.2784240270
        3.8400057000         1.0000000000         0.6869959802         4.2104496138       -16.8768099451
        3.8450057000         1.0000000000         0.6972052876         4.1466526773       -16.6108606482
        3.8500149000         1.0000000000         0.7023099413         4.0905113732       -16.4778859997
        3.8550061000         1.0000000000         0.6921006339         4.0139550494       -16.7438352966
        3.8600140000         1.0000000000         0.6972052876         3.9552618679       -16.6108606482
        3.8650061000         1.0000000000         0.6921006339         3.8863611765       -16.7438352966
        3.8700062000         1.0000000000         0.6793389996         3.8225642400       -17.0762719178
        3.8750039000         1.0000000000         0.6997576144         3.7613191810       -16.5443733239
        3.8800110000         1.0000000000         0.7023099413         3.7077297543       -16.4778859997
        3.8850068000         1.0000000000         0.6972052876         3.6388290629       -16.6108606482
        3.8900135000         1.0000000000         0.7074145950         3.5826877588       -16.3449113513
        3.8950069000         1.0000000000         0.6946529607         3.5086833125       -16.6773479724
        3.9000073000         1.0000000000         0.6997576144         3.4448863760       -16.5443733239
        3.9050055000         1.0000000000         0.7099669219         3.3887450720       -16.2784240270
        3.9100062000         1.0000000000         0.7074145950         3.3275000129       -16.3449113513
        3.9150042000         1.0000000000         0.7048622681         3.2611511990       -16.4113986755
        3.9200066000         1.0000000000         0.7099669219         3.1922505076       -16.2784240270
        3.9250036000         1.0000000000         0.7074145950         3.1361092035       -16.3449113513
        3.9300053000         1.0000000000         0.6921006339         3.0621047572       -16.7438352966
        3.9350042000         1.0000000000         0.7023099413         3.0034115756       -16.4778859997
        3.9400046000         1.0000000000         0.6972052876         2.9345108842       -16.6108606482
        3.9450105000         1.0000000000         0.7023099413         2.8809214576       -16.4778859997
        3.9500075000         1.0000000000         0.7125192487         2.8222282761       -16.2119367028
        3.9550504000         1.0000000000         0.6869959802         2.7456719523       -16.8768099451
        3.9600051000         1.0000000000         0.6972052876         2.6895306482       -16.6108606482
        3.9650057000         1.0000000000         0.6895483070         2.6206299568       -16.8103226209
        3.9700065000         1.0000000000         0.7099669219         2.5670405302       -16.2784240270
        3.9750056000         1.0000000000         0.7023099413         2.4955879613       -16.4778859997
        3.9800061000         1.0000000000         0.6844436533         2.4343429023       -16.9432972693
        3.9850044000         1.0000000000         0.6972052876         2.3782015982       -16.6108606482
        3.9900049000         1.0000000000         0.6997576144         2.3041971519       -16.5443733239
        3.9950051000         1.0000000000         0.6895483070         2.2352964605       -16.8103226209
        4.0000049000         1.0000000000         0.6793389996         2.1689476465       -17.0762719178
        4.0050051000         1.0000000000         0.7023099413         2.1204619748       -16.4778859997
        4.0100052000         1.0000000000         0.6997576144         2.0464575285       -16.5443733239
        4.0150074000         1.0000000000         0.6921006339         1.9826605920       -16.7438352966
        4.0200073000         1.0000000000         0.6818913264         1.9112080232       -17.0097845935
        4.0250076000         1.0000000000         0.6946529607         1.8499629642       -16.6773479724
        4.0300077000         1.0000000000         0.6946529607         1.7912697826       -16.6773479724
        4.0350083000         1.0000000000         0.6997576144         1.7351284785       -16.5443733239
        4.0400471000         1.0000000000         0.7074145950         1.6713315420       -16.3449113513
        4.0450050000         1.0000000000         0.6614727116         1.5973270957       -17.5416831873
        4.0500063000         1.0000000000         0.7048622681         1.5462895465       -16.4113986755
        4.0550053000         1.0000000000         0.6921006339         1.4671813453       -16.7438352966
        4.0600055000         1.0000000000         0.6946529607         1.4135919187       -16.6773479724
        4.0650076000         1.0000000000         0.6869959802         1.3472431047       -16.8768099451
        4.0700048000         1.0000000000         0.7074145950         1.2808942908       -16.3449113513
        4.0750069000         1.0000000000         0.6767866727         1.2119935994       -17.1427592420
        4.0800059000         1.0000000000         0.6895483070         1.1533004179       -16.8103226209
        4.0850059000         1.0000000000         0.6818913264         1.0869516039       -17.0097845935
        4.0900044000         1.0000000000         0.6921006339         1.0333621773       -16.7438352966
        4.0950070000         1.0000000000         0.6895483070         0.9619096084       -16.8103226209
        4.1000034000         1.0000000000         0.6589203847         0.8904570396       -17.6081705116
        4.1050063000         1.0000000000         0.6972052876         0.8343157355       -16.6108606482
        4.1100051000         1.0000000000         0.6665773653         0.7577594117       -17.4087085389
        4.1150067000         1.0000000000         0.6869959802         0.6888587203       -16.8768099451
        4.1200051000         1.0000000000         0.6895483070         0.6276136613       -16.8103226209
        4.1250076000         1.0000000000         0.6869959802         0.5612648474       -16.8768099451
        4.1300172000         1.0000000000         0.6793389996         0.5051235433       -17.0762719178
        4.1350071000         1.0000000000         0.6844436533         0.4336709744       -16.9432972693
        4.1400356000         1.0000000000         0.6614727116         0.3622184056       -17.5416831873
        4.1450066000         1.0000000000         0.6869959802         0.2984214691       -16.8768099451
        4.1500041000         1.0000000000         0.6921006339         0.2295207777       -16.7438352966
        4.1550063000         1.0000000000         0.6895483070         0.1682757187       -16.8103226209
        4.1600046000         1.0000000000         0.6869959802         0.0891675175       -16.8768099451
        4.1650061000         1.0000000000         0.6767866727         0.0253705810       -17.1427592420
        4.1700062000         1.0000000000         0.7023099413         0.0049555613       -16.4778859997
        4.1750059000         1.0000000000         0.6793389996        -0.0052519485       -17.0762719178
        4.1800058000         1.0000000000         0.6487110773         1.1099185011       -17.8741198085
        4.1850091000         1.0000000000         0.6921006339         5.0168428908       -16.7438352966
        4.1900040000         1.0000000000         0.6921006339         5.0040835035       -16.7438352966
        4.1950047000         1.0000000000         0.6946529607         4.9479421994       -16.6773479724
        4.2000035000         1.0000000000         0.6921006339         4.8688339982       -16.7438352966
        4.2050102000         1.0000000000         0.6972052876         4.8050370617       -16.6108606482
        4.2100032000         1.0000000000         0.6895483070         4.7412401252       -16.8103226209
        4.2150121000         1.0000000000         0.7099669219         4.6672356789       -16.2784240270
        4.2200093000         1.0000000000         0.6844436533         4.6059906199       -16.9432972693
        4.2250125000         1.0000000000         0.7023099413         4.5319861736       -16.4778859997
        4.2300057000         1.0000000000         0.6869959802         4.4630854822       -16.8768099451
        4.2350123000         1.0000000000         0.6946529607         4.4043923006       -16.6773479724
        4.2400061000         1.0000000000         0.7074145950         4.3405953642       -16.3449113513
        4.2450049000         1.0000000000         0.6997576144         4.2742465502       -16.5443733239
        4.2500156000         1.0000000000         0.6972052876         4.2155533687       -16.6108606482
        4.2550037000         1.0000000000         0.7048622681         4.1543083097       -16.4113986755
        4.2600060000         1.0000000000         0.6869959802         4.0854076183       -16.8768099451
        4.2650047000         1.0000000000         0.7048622681         4.0216106818       -16.4113986755
        4.2700042000         1.0000000000         0.7099669219         3.9552618679       -16.2784240270
        4.2750061000         1.0000000000         0.6997576144         3.8940168088       -16.5443733239
        4.2800064000         1.0000000000         0.7023099413         3.8378755047       -16.4778859997
        4.2850049000         1.0000000000         0.6997576144         3.7689748133       -16.5443733239
        4.2900082000         1.0000000000         0.6895483070         3.7051778769       -16.8103226209
        4.2950062000         1.0000000000         0.6997576144         3.6311734306       -16.5443733239
        4.3000045000         1.0000000000         0.6972052876         3.5750321265       -16.6108606482
        4.3050058000         1.0000000000         0.7023099413         3.5112351900       -16.4778859997
        4.3100039000         1.0000000000         0.6997576144         3.4550938859       -16.5443733239
        4.3150051000         1.0000000000         0.7048622681         3.3912969494       -16.4113986755
        4.3200038000         1.0000000000         0.6972052876         3.3223962580       -16.6108606482
        4.3250047000         1.0000000000         0.6895483070         3.2560474441       -16.8103226209
        4.3300035000         1.0000000000         0.7099669219         3.1922505076       -16.2784240270
        4.3350038000         1.0000000000         0.7023099413         3.1259016937       -16.4778859997
        4.3400037000         1.0000000000         0.6946529607         3.0748641445       -16.6773479724
        4.3450035000         1.0000000000         0.6972052876         3.0034115756       -16.6108606482
        4.3500073000         1.0000000000         0.7074145950         2.9447183941       -16.3449113513
        4.3550053000         1.0000000000         0.6946529607         2.8885770900       -16.6773479724
        4.3600031000         1.0000000000         0.7023099413         2.8120207662       -16.4778859997
        4.3650042000         1.0000000000         0.7099669219         2.7558794621       -16.2784240270
        4.3700038000         1.0000000000         0.6895483070         2.6869787707       -16.8103226209
        4.3750034000         1.0000000000         0.6767866727         2.6155262019       -17.1427592420
        4.3800033000         1.0000000000         0.6921006339         2.5491773879       -16.7438352966
        4.3850032000         1.0000000000         0.6997576144         2.4955879613       -16.5443733239
        4.3900027000         1.0000000000         0.6946529607         2.4317910248       -16.6773479724
        4.3950063000         1.0000000000         0.6869959802         2.3628903334       -16.8768099451
        4.4000041000         1.0000000000         0.6921006339         2.3041971519       -16.7438352966
        4.4050031000         1.0000000000         0.6895483070         2.2352964605       -16.8103226209
        4.4100017000         1.0000000000         0.6818913264         2.1689476465       -17.0097845935
        4.4150107000         1.0000000000         0.6895483070         2.1051507101       -16.8103226209
        4.4200045000         1.0000000000         0.6844436533         2.0388018961       -16.9432972693
        4.4250043000         1.0000000000         0.6895483070         1.9750049597       -16.8103226209
        4.4300039000         1.0000000000         0.6538157310         1.9137599006       -17.7411451600
        4.4350189000         1.0000000000         0.6869959802         1.8448592093       -16.8768099451
        4.4400040000         1.0000000000         0.6895483070         1.7836141502       -16.8103226209
        4.4450047000         1.0000000000         0.6921006339         1.7249209687       -16.7438352966
        4.4500017000         1.0000000000         0.6563680579         1.6585721547       -17.6746578358
        4.4550028000         1.0000000000         0.6716820190         1.5998789732       -17.2757338904
        4.4600035000         1.0000000000         0.6972052876         1.5335301593       -16.6108606482
        4.4650026000         1.0000000000         0.6895483070         1.4697332228       -16.8103226209
        4.4700044000         1.0000000000         0.6895483070         1.4110400412       -16.8103226209
        4.4750051000         1.0000000000         0.6793389996         1.3344837175       -17.0762719178
        4.4800041000         1.0000000000         0.7023099413         1.2783424134       -16.4778859997
        4.4850045000         1.0000000000         0.6895483070         1.2119935994       -16.8103226209
        4.4900062000         1.0000000000         0.6793389996         1.1507485404       -17.0762719178
        4.4950030000         1.0000000000         0.6946529607         1.0946072363       -16.6773479724
        4.5000014000         1.0000000000         0.6972052876         1.0154990351       -16.6108606482
        4.5050057000         1.0000000000         0.6921006339         0.9465983437       -16.7438352966
        4.5100029000         1.0000000000         0.6767866727         0.8828014072       -17.1427592420
        4.5150031000         1.0000000000         0.6972052876         0.8317638580       -16.6108606482
        4.5200016000         1.0000000000         0.6767866727         0.7552075343       -17.1427592420
        4.5250040000         1.0000000000         0.6869959802         0.6863068429       -16.8768099451
        4.5300048000         1.0000000000         0.6921006339         0.6327174162       -16.7438352966
        4.5350065000         1.0000000000         0.6997576144         0.5612648474       -16.5443733239
        4.5400063000         1.0000000000         0.6895483070         0.4898122785       -16.8103226209
        4.5450065000         1.0000000000         0.6818913264         0.4285672195       -17.0097845935
        4.5500036000         1.0000000000         0.6869959802         0.3622184056       -16.8768099451
        4.5550069000         1.0000000000         0.6818913264         0.2984214691       -17.0097845935
        4.5600047000         1.0000000000         0.6869959802         0.2193132679       -16.8768099451
        4.5655068000         1.0000000000         0.6691296922         0.1529644539       -17.3422212147
        4.5700056000         1.0000000000         0.6742343459         0.1019269048       -17.2092465662
        4.5750038000         1.0000000000         0.6869959802         0.0304743359       -16.8768099451
        4.5800031000         1.0000000000         0.6972052876        -0.0001481936       -16.6108606482
        4.5852132000         1.0000000000         0.6844436533         0.0075074388       -16.9432972693
        4.5900037000         1.0000000000         0.7023099413         1.0997109912       -16.4778859997
        4.5950047000         1.0000000000         0.6997576144         5.0066353810       -16.5443733239
        4.6000036000         1.0000000000         0.6869959802         5.0015316260       -16.8768099451
        4.6050031000         1.0000000000         0.7048622681         4.9402865670       -16.4113986755
        4.6100039000         1.0000000000         0.6921006339         4.8790415080       -16.7438352966
        4.6150039000         1.0000000000         0.6895483070         4.7973814293       -16.8103226209
        4.6200047000         1.0000000000         0.6972052876         4.7412401252       -16.6108606482
        4.6250041000         1.0000000000         0.6997576144         4.6697875564       -16.5443733239
        4.6300029000         1.0000000000         0.6793389996         4.5983349875       -17.0762719178
        4.6350237000         1.0000000000         0.6972052876         4.5345380510       -16.6108606482
        4.6400031000         1.0000000000         0.6818913264         4.4681892371       -17.0097845935
        4.6450037000         1.0000000000         0.7023099413         4.4120479330       -16.4778859997
        4.6500035000         1.0000000000         0.6869959802         4.3380434867       -16.8768099451
        4.6550132000         1.0000000000         0.6997576144         4.2819021826       -16.5443733239
        4.6600039000         1.0000000000         0.6972052876         4.2053458588       -16.6108606482
        4.6650038000         1.0000000000         0.6844436533         4.1492045547       -16.9432972693
        4.6700039000         1.0000000000         0.6895483070         4.0803038633       -16.8103226209
        4.6750201000         1.0000000000         0.6946529607         4.0165069269       -16.6773479724
        4.6800066000         1.0000000000         0.6895483070         3.9501581129       -16.8103226209
        4.6850055000         1.0000000000         0.7125192487         3.8940168088       -16.2119367028
        4.6900040000         1.0000000000         0.7099669219         3.8327717498       -16.2784240270
        4.6950061000         1.0000000000         0.6818913264         3.7587673035       -17.0097845935
        4.7000038000         1.0000000000         0.6921006339         3.7000741219       -16.7438352966
        4.7050057000         1.0000000000         0.6946529607         3.6311734306       -16.6773479724
        4.7100038000         1.0000000000         0.7023099413         3.5775840039       -16.4778859997
        4.7150063000         1.0000000000         0.7023099413         3.5086833125       -16.4778859997
        4.7200033000         1.0000000000         0.6997576144         3.4423344986       -16.5443733239
        4.7250051000         1.0000000000         0.6921006339         3.3759856847       -16.7438352966
        4.7300041000         1.0000000000         0.6895483070         3.3198443806       -16.8103226209
        4.7350039000         1.0000000000         0.7023099413         3.2560474441       -16.4778859997
        4.7400119000         1.0000000000         0.7099669219         3.1948023851       -16.2784240270
        4.7450049000         1.0000000000         0.6921006339         3.1335573261       -16.7438352966
        4.7500038000         1.0000000000         0.7023099413         3.0672085121       -16.4778859997
        4.7550206000         1.0000000000         0.6921006339         2.9906521883       -16.7438352966
        4.7600047000         1.0000000000         0.6921006339         2.9294071293       -16.7438352966
        4.7650031000         1.0000000000         0.6793389996         2.8656101929       -17.0762719178
        4.7700070000         1.0000000000         0.7023099413         2.8094688888       -16.4778859997
        4.7750054000         1.0000000000         0.6997576144         2.7533275847       -16.5443733239
        4.7800038000         1.0000000000         0.6921006339         2.6716675060       -16.7438352966
        4.7850049000         1.0000000000         0.6742343459         2.6078705695       -17.2092465662
        4.7900049000         1.0000000000         0.6921006339         2.5542811429       -16.7438352966
        4.7950050000         1.0000000000         0.6946529607         2.4879323289       -16.6773479724
        4.8000031000         1.0000000000         0.6895483070         2.4215835150       -16.8103226209
        4.8050049000         1.0000000000         0.7048622681         2.3628903334       -16.4113986755
        4.8100034000         1.0000000000         0.6869959802         2.2965415195       -16.8768099451
        4.8150035000         1.0000000000         0.6844436533         2.2225370732       -16.9432972693
        4.8200034000         1.0000000000         0.6793389996         2.1587401367       -17.0762719178
        4.8250055000         1.0000000000         0.6921006339         2.1000469552       -16.7438352966
        4.8300034000         1.0000000000         0.6921006339         2.0413537736       -16.7438352966
        4.8350056000         1.0000000000         0.6793389996         1.9673493273       -17.0762719178
        4.8400037000         1.0000000000         0.6895483070         1.9010005134       -16.8103226209
        4.8450028000         1.0000000000         0.6869959802         1.8397554543       -16.8768099451
        4.8500016000         1.0000000000         0.6895483070         1.7810622728       -16.8103226209
        4.8550052000         1.0000000000         0.6793389996         1.7121615814       -17.0762719178
        4.8600049000         1.0000000000         0.6895483070         1.6483646449       -16.8103226209
        4.8650050000         1.0000000000         0.6997576144         1.5922233408       -16.5443733239
        4.8700083000         1.0000000000         0.7074145950         1.5309782818       -16.3449113513
        4.8750047000         1.0000000000         0.6742343459         1.4620775904       -17.2092465662
        4.8800041000         1.0000000000         0.6844436533         1.3957287765       -16.9432972693
        4.8850059000         1.0000000000         0.6869959802         1.3319318400       -16.8768099451
        4.8900054000         1.0000000000         0.6972052876         1.2604792711       -16.6108606482
        4.8950056000         1.0000000000         0.7048622681         1.2145454769       -16.4113986755
        4.9000036000         1.0000000000         0.6716820190         1.1379891531       -17.2757338904
        4.9050034000         1.0000000000         0.6844436533         1.0690884617       -16.9432972693
        4.9100083000         1.0000000000         0.6818913264         1.0103952802       -17.0097845935
        4.9150040000         1.0000000000         0.6869959802         0.9440464662       -16.8768099451
        4.9200048000         1.0000000000         0.6895483070         0.8776976523       -16.8103226209
        4.9250052000         1.0000000000         0.7074145950         0.8190044707       -16.3449113513
        4.9300069000         1.0000000000         0.6767866727         0.7398962695       -17.1427592420
        4.9350078000         1.0000000000         0.6921006339         0.6837549654       -16.7438352966
        4.9400045000         1.0000000000         0.6767866727         0.6123023966       -17.1427592420
        4.9450043000         1.0000000000         0.6946529607         0.5485054601       -16.6773479724
        4.9500039000         1.0000000000         0.6946529607         0.4872604011       -16.6773479724
        4.9550068000         1.0000000000         0.6793389996         0.4132559548       -17.0762719178
        4.9600068000         1.0000000000         0.6869959802         0.3443552634       -16.8768099451
        4.9650039000         1.0000000000         0.6869959802         0.2780064494       -16.8768099451
        4.9700081000         1.0000000000         0.6716820190         0.2142095129       -17.2757338904
        4.9750053000         1.0000000000         0.6895483070         0.1555163314       -16.8103226209
        4.9800047000         1.0000000000         0.7176239024         0.0866156400       -16.0789620544
        4.9850031000         1.0000000000         0.6895483070         0.0126111937       -16.8103226209
        4.9900067000         1.0000000000         0.6946529607         0.0100593162       -16.6773479724
        4.9950046000         1.0000000000         0.6921006339        -0.0027000711       -16.7438352966
        5.0000062000         1.0000000000         0.6921006339         4.9887722387       -16.7438352966
        5.0050054000         1.0000000000         0.6997576144         5.0091872584       -16.5443733239
        5.0100062000         1.0000000000         0.6972052876         4.9964278711       -16.6108606482
        5.0150047000         1.0000000000         0.7023099413         4.9402865670       -16.4778859997
        5.0200064000         1.0000000000         0.6869959802         4.8662821207       -16.8768099451
        5.0250044000         1.0000000000         0.6921006339         4.7973814293       -16.7438352966
        5.0300045000         1.0000000000         0.6844436533         4.7310326154       -16.9432972693
        5.0350038000         1.0000000000         0.7099669219         4.6697875564       -16.2784240270
        5.0400043000         1.0000000000         0.6691296922         4.5932312326       -17.3422212147
        5.0450043000         1.0000000000         0.6946529607         4.5396418060       -16.6773479724
        5.0500085000         1.0000000000         0.6972052876         4.4656373597       -16.6108606482
        5.0550050000         1.0000000000         0.7023099413         4.4043923006       -16.4778859997
        5.0600048000         1.0000000000         0.7074145950         4.3405953642       -16.3449113513
        5.0650035000         1.0000000000         0.7048622681         4.2793503051       -16.4113986755
        5.0700077000         1.0000000000         0.6972052876         4.2002421039       -16.6108606482
        5.0750168000         1.0000000000         0.7023099413         4.1415489224       -16.4778859997
        5.0800064000         1.0000000000         0.6946529607         4.0777519859       -16.6773479724
        5.0850054000         1.0000000000         0.6946529607         4.0165069269       -16.6773479724
        5.0900446000         1.0000000000         0.7074145950         3.9552618679       -16.3449113513
        5.0950079000         1.0000000000         0.7023099413         3.8914649314       -16.4778859997
        5.1000044000         1.0000000000         0.6997576144         3.8174604851       -16.5443733239
        5.1050771000         1.0000000000         0.6946529607         3.7638710584       -16.6773479724
        5.1100029000         1.0000000000         0.7023099413         3.6924184896       -16.4778859997
        5.1150043000         1.0000000000         0.6921006339         3.6311734306       -16.7438352966
        5.1200049000         1.0000000000         0.6997576144         3.5724802490       -16.5443733239
        5.1250047000         1.0000000000         0.7048622681         3.5061314351       -16.4113986755
        5.1300054000         1.0000000000         0.7125192487         3.4525420084       -16.2119367028
        5.1350040000         1.0000000000         0.6921006339         3.3734338072       -16.7438352966
        5.1400042000         1.0000000000         0.7074145950         3.3223962580       -16.3449113513
        5.1450074000         1.0000000000         0.6946529607         3.2611511990       -16.6773479724
        5.1500080000         1.0000000000         0.7099669219         3.1973542625       -16.2784240270
        5.1550067000         1.0000000000         0.7023099413         3.1361092035       -16.4778859997
        5.1600060000         1.0000000000         0.7125192487         3.0697603896       -16.2119367028
        5.1650078000         1.0000000000         0.6972052876         2.9983078207       -16.6108606482
        5.1700066000         1.0000000000         0.7125192487         2.9472702715       -16.2119367028
        5.1750054000         1.0000000000         0.6793389996         2.8783695801       -17.0762719178
        5.1800048000         1.0000000000         0.6921006339         2.8171245211       -16.7438352966
        5.1850083000         1.0000000000         0.6972052876         2.7456719523       -16.6108606482
        5.1900044000         1.0000000000         0.7099669219         2.6946344031       -16.2784240270
        5.1950072000         1.0000000000         0.6895483070         2.6206299568       -16.8103226209
        5.2000051000         1.0000000000         0.6921006339         2.5568330203       -16.7438352966
        5.2050059000         1.0000000000         0.6895483070         2.4904842064       -16.8103226209
        5.2100076000         1.0000000000         0.6921006339         2.4343429023       -16.7438352966
        5.2150047000         1.0000000000         0.6972052876         2.3679940883       -16.6108606482
        5.2200052000         1.0000000000         0.6997576144         2.3041971519       -16.5443733239
        5.2250106000         1.0000000000         0.6895483070         2.2378483379       -16.8103226209
        5.2300039000         1.0000000000         0.6946529607         2.1740514015       -16.6773479724
        5.2350058000         1.0000000000         0.7023099413         2.1102544650       -16.4778859997
        5.2400070000         1.0000000000         0.6972052876         2.0515612834       -16.6108606482
        5.2450079000         1.0000000000         0.6895483070         1.9750049597       -16.8103226209
        5.2500059000         1.0000000000         0.7074145950         1.9239674105       -16.3449113513
        5.2550066000         1.0000000000         0.6972052876         1.8499629642       -16.6108606482
        5.2600099000         1.0000000000         0.6946529607         1.7912697826       -16.6773479724
        5.2650061000         1.0000000000         0.6793389996         1.7249209687       -17.0762719178
        5.2700043000         1.0000000000         0.6895483070         1.6662277871       -16.8103226209
        5.2750068000         1.0000000000         0.6818913264         1.6024308506       -17.0097845935
        5.2800036000         1.0000000000         0.6997576144         1.5360820367       -16.5443733239
        5.2850059000         1.0000000000         0.6972052876         1.4850444875       -16.6108606482
        5.2900042000         1.0000000000         0.6869959802         1.4110400412       -16.8768099451
        5.2950050000         1.0000000000         0.6767866727         1.3523468597       -17.1427592420
        5.3000042000         1.0000000000         0.6946529607         1.2757905359       -16.6773479724
        5.3050064000         1.0000000000         0.6691296922         1.2145454769       -17.3422212147
        5.3100050000         1.0000000000         0.7023099413         1.1609560502       -16.4778859997
        5.3150048000         1.0000000000         0.6921006339         1.0920553588       -16.7438352966
        5.3200036000         1.0000000000         0.6793389996         1.0231546675       -17.0762719178
        5.3250085000         1.0000000000         0.6895483070         0.9593577310       -16.8103226209
        5.3300267000         1.0000000000         0.6818913264         0.8930089170       -17.0097845935
        5.3350047000         1.0000000000         0.6895483070         0.8266601031       -16.8103226209
        5.3400039000         1.0000000000         0.6895483070         0.7577594117       -16.8103226209
        5.3450045000         1.0000000000         0.7074145950         0.7041699851       -16.3449113513
        5.3500047000         1.0000000000         0.6767866727         0.6301655388       -17.1427592420
        5.3550047000         1.0000000000         0.6997576144         0.5663686023       -16.5443733239
        5.3600040000         1.0000000000         0.6869959802         0.5000197884       -16.8768099451
        5.3650048000         1.0000000000         0.6844436533         0.4285672195       -16.9432972693
        5.3700031000         1.0000000000         0.7048622681         0.3775296703       -16.4113986755
        5.3750036000         1.0000000000         0.7023099413         0.3009733466       -16.4778859997
        5.3800049000         1.0000000000         0.6895483070         0.2397282875       -16.8103226209
        5.3850050000         1.0000000000         0.6793389996         0.1657238412       -17.0762719178
        5.3902056000         1.0000000000         0.7099669219         0.1019269048       -16.2784240270
        5.3950052000         1.0000000000         0.6742343459         0.0253705810       -17.2092465662
        5.4000047000         1.0000000000         0.7099669219         0.0075074388       -16.2784240270
        5.4050051000         1.0000000000         0.6767866727        -0.0027000711       -17.1427592420
        5.4100047000         1.0000000000         0.6972052876         1.1073666236       -16.6108606482
        5.4150038000         1.0000000000         0.6946529607         5.0117391359       -16.6773479724
        5.4200052000         1.0000000000         0.6921006339         5.0066353810       -16.7438352966
        5.4250047000         1.0000000000         0.6921006339         4.9453903219       -16.7438352966
        5.4300047000         1.0000000000         0.7023099413         4.8790415080       -16.4778859997
        5.4350031000         1.0000000000         0.6793389996         4.8075889392       -17.0762719178
        5.4400046000         1.0000000000         0.6869959802         4.7386882478       -16.8768099451
        5.4450035000         1.0000000000         0.6997576144         4.6799950662       -16.5443733239
        5.4500049000         1.0000000000         0.6921006339         4.6110943748       -16.7438352966
        5.4550037000         1.0000000000         0.7048622681         4.5549530707       -16.4113986755
        5.4600050000         1.0000000000         0.7048622681         4.4860523793       -16.4113986755
        5.4650030000         1.0000000000         0.6997576144         4.4145998105       -16.5443733239
        5.4700047000         1.0000000000         0.6716820190         4.3508028740       -17.2757338904
        5.4750031000         1.0000000000         0.6895483070         4.2870059375       -16.8103226209
        5.4800050000         1.0000000000         0.6921006339         4.2206571236       -16.7438352966
        5.4850044000         1.0000000000         0.6921006339         4.1517564322       -16.7438352966
        5.4900049000         1.0000000000         0.6895483070         4.0879594957       -16.8103226209
        5.4950033000         1.0000000000         0.7023099413         4.0292663142       -16.4778859997
        5.5000056000         1.0000000000         0.6946529607         3.9705731326       -16.6773479724
        5.5050067000         1.0000000000         0.7023099413         3.8940168088       -16.4778859997
        5.5100111000         1.0000000000         0.6972052876         3.8404273822       -16.6108606482
        5.5150090000         1.0000000000         0.6946529607         3.7766304457       -16.6773479724
        5.5200068000         1.0000000000         0.7023099413         3.7102816318       -16.4778859997
        5.5250062000         1.0000000000         0.6972052876         3.6490365728       -16.6108606482
        5.5300058000         1.0000000000         0.6946529607         3.5903433912       -16.6773479724
        5.5350065000         1.0000000000         0.7074145950         3.5290983322       -16.3449113513
        5.5400036000         1.0000000000         0.6869959802         3.4550938859       -16.8768099451
        5.5450482000         1.0000000000         0.7048622681         3.3989525818       -16.4113986755
        5.5500057000         1.0000000000         0.7023099413         3.3249481355       -16.4778859997
        5.5550048000         1.0000000000         0.6742343459         3.2585993215       -17.2092465662
        5.5600070000         1.0000000000         0.7048622681         3.2050098949       -16.4113986755
        5.5650072000         1.0000000000         0.6921006339         3.1386610810       -16.7438352966
        5.5700071000         1.0000000000         0.6793389996         3.0697603896       -17.0762719178
        5.5750025000         1.0000000000         0.7023099413         3.0034115756       -16.4778859997
        5.5800037000         1.0000000000         0.7074145950         2.9498221490       -16.3449113513
        5.5850055000         1.0000000000         0.6921006339         2.8885770900       -16.7438352966
        5.5900062000         1.0000000000         0.6844436533         2.8120207662       -16.9432972693
        5.5950058000         1.0000000000         0.6869959802         2.7456719523       -16.8768099451
        5.6000062000         1.0000000000         0.6997576144         2.6946344031       -16.5443733239
        5.6050067000         1.0000000000         0.6869959802         2.6282855892       -16.8768099451
        5.6100051000         1.0000000000         0.6997576144         2.5593848978       -16.5443733239
        5.6150062000         1.0000000000         0.6997576144         2.4955879613       -16.5443733239
        5.6200045000         1.0000000000         0.6844436533         2.4343429023       -16.9432972693
        5.6250065000         1.0000000000         0.7023099413         2.3730978433       -16.4778859997
        5.6300048000         1.0000000000         0.6921006339         2.3067490293       -16.7438352966
        5.6350059000         1.0000000000         0.6895483070         2.2327445830       -16.8103226209
        5.6400063000         1.0000000000         0.6869959802         2.1689476465       -16.8768099451
        5.6450065000         1.0000000000         0.7023099413         2.1179100974       -16.4778859997
        5.6500043000         1.0000000000         0.6869959802         2.0464575285       -16.8768099451
        5.6550131000         1.0000000000         0.6997576144         1.9852124695       -16.5443733239
        5.6600067000         1.0000000000         0.6869959802         1.9188636556       -16.8768099451
        5.6650095000         1.0000000000         0.6946529607         1.8550667191       -16.6773479724
        5.6700044000         1.0000000000         0.6818913264         1.7861660277       -17.0097845935
        5.6750135000         1.0000000000         0.6921006339         1.7198172138       -16.7438352966
        5.6800061000         1.0000000000         0.6895483070         1.6636759097       -16.8103226209
        5.6850059000         1.0000000000         0.6640250384         1.5947752183       -17.4751958631
        5.6900110000         1.0000000000         0.6972052876         1.5386339142       -16.6108606482
        5.6950069000         1.0000000000         0.7023099413         1.4773888552       -16.4778859997
        5.7000069000         1.0000000000         0.6895483070         1.4135919187       -16.8103226209
        5.7050147000         1.0000000000         0.6818913264         1.3446912273       -17.0097845935
        5.7100045000         1.0000000000         0.7048622681         1.2885499232       -16.4113986755
        5.7150073000         1.0000000000         0.6869959802         1.2094417220       -16.8768099451
        5.7200109000         1.0000000000         0.6818913264         1.1558522953       -17.0097845935
        5.7250069000         1.0000000000         0.6921006339         1.0869516039       -16.7438352966
        5.7300074000         1.0000000000         0.6895483070         1.0257065449       -16.8103226209
        5.7350062000         1.0000000000         0.6972052876         0.9568058535       -16.6108606482
        5.7400041000         1.0000000000         0.6742343459         0.8930089170       -17.2092465662
        5.7450145000         1.0000000000         0.7048622681         0.8317638580       -16.4113986755
        5.7500844000         1.0000000000         0.6895483070         0.7577594117       -16.8103226209
        5.7550048000         1.0000000000         0.6921006339         0.6965143527       -16.7438352966
        5.7600094000         1.0000000000         0.6946529607         0.6327174162       -16.6773479724
        5.7650065000         1.0000000000         0.7023099413         0.5638167248       -16.4778859997
        5.7700074000         1.0000000000         0.6793389996         0.4898122785       -17.0762719178
        5.7750102000         1.0000000000         0.6844436533         0.4260153420       -16.9432972693
        5.7800074000         1.0000000000         0.6895483070         0.3622184056       -16.8103226209
        5.7850061000         1.0000000000         0.6997576144         0.2984214691       -16.5443733239
        5.7900046000         1.0000000000         0.6972052876         0.2295207777       -16.6108606482
        5.7950059000         1.0000000000         0.6818913264         0.1657238412       -17.0097845935
        5.8000042000         1.0000000000         0.7023099413         0.1019269048       -16.4778859997
        5.8050040000         1.0000000000         0.6895483070         0.0304743359       -16.8103226209
        5.8100056000         1.0000000000         0.6997576144         0.0024036839       -16.5443733239
        5.8150066000         1.0000000000         0.6844436533        -0.0052519485       -16.9432972693
        5.8200049000         1.0000000000         0.6997576144         1.1099185011       -16.5443733239
        5.8250068000         1.0000000000         0.6895483070         5.0040835035       -16.8103226209
        5.8300071000         1.0000000000         0.6895483070         5.0117391359       -16.8103226209
        5.8350060000         1.0000000000         0.6972052876         4.9402865670       -16.6108606482
        5.8400076000         1.0000000000         0.6793389996         4.8739377531       -17.0762719178
        5.8450035000         1.0000000000         0.6921006339         4.8050370617       -16.7438352966
        5.8500039000         1.0000000000         0.6921006339         4.7412401252       -16.7438352966
        5.8550046000         1.0000000000         0.6921006339         4.6774431887       -16.7438352966
        5.8600095000         1.0000000000         0.6818913264         4.6136462523       -17.0097845935
        5.8650044000         1.0000000000         0.6665773653         4.5421936834       -17.4087085389
        5.8700063000         1.0000000000         0.6946529607         4.4809486244       -16.6773479724
        5.8750040000         1.0000000000         0.6895483070         4.4120479330       -16.8103226209
        5.8800075000         1.0000000000         0.6895483070         4.3405953642       -16.8103226209
        5.8850073000         1.0000000000         0.6921006339         4.2793503051       -16.7438352966
        5.8900072000         1.0000000000         0.6793389996         4.2181052461       -17.0762719178
        5.8950054000         1.0000000000         0.6972052876         4.1415489224       -16.6108606482
        5.9000087000         1.0000000000         0.6921006339         4.0854076183       -16.7438352966
        5.9050047000         1.0000000000         0.6895483070         4.0165069269       -16.8103226209
        5.9100055000         1.0000000000         0.6921006339         3.9527099904       -16.7438352966
        5.9150073000         1.0000000000         0.6972052876         3.9042243187       -16.6108606482
        5.9200070000         1.0000000000         0.6895483070         3.8302198724       -16.8103226209
        5.9250035000         1.0000000000         0.7048622681         3.7689748133       -16.4113986755
        5.9300077000         1.0000000000         0.6895483070         3.7026259994       -16.8103226209
        5.9350053000         1.0000000000         0.7023099413         3.6413809404       -16.4778859997
        5.9400056000         1.0000000000         0.6895483070         3.5724802490       -16.8103226209
        5.9450031000         1.0000000000         0.6946529607         3.5137870674       -16.6773479724
        5.9500040000         1.0000000000         0.6946529607         3.4499901310       -16.6773479724
        5.9550040000         1.0000000000         0.6997576144         3.3861931945       -16.5443733239
        5.9600077000         1.0000000000         0.6921006339         3.3223962580       -16.7438352966
        5.9650050000         1.0000000000         0.7023099413         3.2560474441       -16.4778859997
        5.9703398000         1.0000000000         0.7125192487         3.1973542625       -16.2119367028
        5.9750056000         1.0000000000         0.6869959802         3.1335573261       -16.8768099451
        5.9800068000         1.0000000000         0.6895483070         3.0697603896       -16.8103226209
        5.9850056000         1.0000000000         0.6997576144         3.0085153306       -16.5443733239
        5.9900119000         1.0000000000         0.7048622681         2.9370627617       -16.4113986755
        5.9950055000         1.0000000000         0.6921006339         2.8732658252       -16.7438352966
        6.0000046000         1.0000000000         0.6997576144         2.8094688888       -16.5443733239
        6.0050049000         1.0000000000         0.6921006339         2.7507757072       -16.7438352966
        6.0100036000         1.0000000000         0.6895483070         2.6793231383       -16.8103226209
        6.0150078000         1.0000000000         0.6895483070         2.6206299568       -16.8103226209
        6.0200044000         1.0000000000         0.6997576144         2.5568330203       -16.5443733239
        6.0250057000         1.0000000000         0.6946529607         2.4879323289       -16.6773479724
        6.0300068000         1.0000000000         0.6818913264         2.4317910248       -17.0097845935
        6.0350054000         1.0000000000         0.6972052876         2.3654422109       -16.6108606482
        6.0400072000         1.0000000000         0.7074145950         2.3067490293       -16.3449113513
        6.0450135000         1.0000000000         0.6869959802         2.2276408281       -16.8768099451
        6.0500042000         1.0000000000         0.6895483070         2.1689476465       -16.8103226209
        6.0550033000         1.0000000000         0.6946529607         2.1102544650       -16.6773479724
        6.0600057000         1.0000000000         0.6921006339         2.0439056511       -16.7438352966
        6.0650051000         1.0000000000         0.6869959802         1.9724530822       -16.8768099451
        6.0700050000         1.0000000000         0.6869959802         1.9163117781       -16.8768099451
        6.0750045000         1.0000000000         0.6921006339         1.8525148416       -16.7438352966
        6.0800047000         1.0000000000         0.6997576144         1.7887179052       -16.5443733239
        6.0850050000         1.0000000000         0.7023099413         1.7325766011       -16.4778859997
        6.0900048000         1.0000000000         0.6793389996         1.6585721547       -17.0762719178
        6.0950037000         1.0000000000         0.6869959802         1.6075346056       -16.8768099451
        6.1000078000         1.0000000000         0.7023099413         1.5411857916       -16.4778859997
        6.1050038000         1.0000000000         0.6844436533         1.4722851002       -16.9432972693
        6.1100057000         1.0000000000         0.6921006339         1.4059362863       -16.7438352966
        6.1150057000         1.0000000000         0.6921006339         1.3446912273       -16.7438352966
        6.1200077000         1.0000000000         0.6921006339         1.2808942908       -16.7438352966
        6.1250080000         1.0000000000         0.6946529607         1.2222011093       -16.6773479724
        6.1300054000         1.0000000000         0.6946529607         1.1533004179       -16.6773479724
        6.1350042000         1.0000000000         0.6793389996         1.0843997265       -17.0762719178
        6.1400059000         1.0000000000         0.6921006339         1.0308102998       -16.7438352966
        6.1450051000         1.0000000000         0.6895483070         0.9542539761       -16.8103226209
        6.1500033000         1.0000000000         0.6793389996         0.8930089170       -17.0762719178
        6.1550020000         1.0000000000         0.6972052876         0.8317638580       -16.6108606482
        6.1600040000         1.0000000000         0.6767866727         0.7603112892       -17.1427592420
        6.1650083000         1.0000000000         0.6946529607         0.6939624752       -16.6773479724
        6.1700046000         1.0000000000         0.6921006339         0.6327174162       -16.7438352966
        6.1750022000         1.0000000000         0.6921006339         0.5638167248       -16.7438352966
        6.1800036000         1.0000000000         0.6895483070         0.4974679109       -16.8103226209
        6.1850029000         1.0000000000         0.6818913264         0.4234634646       -17.0097845935
        6.1900032000         1.0000000000         0.6972052876         0.3724259154       -16.6108606482
        6.1950060000         1.0000000000         0.6895483070         0.2984214691       -16.8103226209
        6.2000052000         1.0000000000         0.6946529607         0.2320726552       -16.6773479724
        6.2050061000         1.0000000000         0.6844436533         0.1631719638       -16.9432972693
        6.2100052000         1.0000000000         0.7023099413         0.0942712724       -16.4778859997
        6.2150052000         1.0000000000         0.6869959802         0.0279224584       -16.8768099451
        6.2200046000         1.0000000000         0.6921006339         0.0075074388       -16.7438352966
        6.2250058000         1.0000000000         0.6844436533        -0.0052519485       -16.9432972693
        6.2300048000         1.0000000000         0.6997576144         1.1175741334       -16.5443733239
        6.2350035000         1.0000000000         0.6895483070         4.9989797486       -16.8103226209
        6.2400030000         1.0000000000         0.6921006339         5.0117391359       -16.7438352966
        6.2450033000         1.0000000000         0.6921006339         4.9453903219       -16.7438352966
        6.2500047000         1.0000000000         0.6818913264         4.8739377531       -17.0097845935
        6.2550058000         1.0000000000         0.6895483070         4.8024851842       -16.8103226209
        6.2600038000         1.0000000000         0.6946529607         4.7412401252       -16.6773479724
        6.2650025000         1.0000000000         0.6997576144         4.6799950662       -16.5443733239
        6.2700031000         1.0000000000         0.6895483070         4.6085424974       -16.8103226209
        6.2750053000         1.0000000000         0.6972052876         4.5345380510       -16.6108606482
        6.2800060000         1.0000000000         0.6921006339         4.4707411146       -16.7438352966
        6.2850059000         1.0000000000         0.7048622681         4.4069441781       -16.4113986755
        6.2900053000         1.0000000000         0.7074145950         4.3405953642       -16.3449113513
        6.2950036000         1.0000000000         0.6972052876         4.2793503051       -16.6108606482
        6.3000031000         1.0000000000         0.7099669219         4.2232090010       -16.2784240270
        6.3050109000         1.0000000000         0.6972052876         4.1517564322       -16.6108606482
        6.3100035000         1.0000000000         0.6972052876         4.0879594957       -16.6108606482
        6.3150039000         1.0000000000         0.7099669219         4.0267144367       -16.2784240270
        6.3200018000         1.0000000000         0.6895483070         3.9552618679       -16.8103226209
        6.3250048000         1.0000000000         0.6997576144         3.8940168088       -16.5443733239
        6.3300056000         1.0000000000         0.7048622681         3.8404273822       -16.4113986755
        6.3350045000         1.0000000000         0.6946529607         3.7715266908       -16.6773479724
        6.3400037000         1.0000000000         0.6895483070         3.7026259994       -16.8103226209
        6.3450027000         1.0000000000         0.7048622681         3.6515884502       -16.4113986755
        6.3500035000         1.0000000000         0.6972052876         3.5801358814       -16.6108606482
        6.3550033000         1.0000000000         0.7074145950         3.5188908224       -16.3449113513
        6.3600016000         1.0000000000         0.7023099413         3.4627495183       -16.4778859997
        6.3650038000         1.0000000000         0.6972052876         3.3887450720       -16.6108606482
        6.3700038000         1.0000000000         0.7048622681         3.3326037679       -16.4113986755
        6.3750029000         1.0000000000         0.6895483070         3.2611511990       -16.8103226209
        6.3800043000         1.0000000000         0.7176239024         3.2024580174       -16.0789620544
        6.3850053000         1.0000000000         0.7023099413         3.1335573261       -16.4778859997
        6.3900047000         1.0000000000         0.6869959802         3.0697603896       -16.8768099451
        6.3950050000         1.0000000000         0.6946529607         3.0110672080       -16.6773479724
        6.4000049000         1.0000000000         0.7048622681         2.9447183941       -16.4113986755
        6.4050061000         1.0000000000         0.7023099413         2.8936808449       -16.4778859997
        6.4100050000         1.0000000000         0.6972052876         2.8222282761       -16.6108606482
        6.4150190000         1.0000000000         0.7099669219         2.7609832170       -16.2784240270
        6.4200136000         1.0000000000         0.7023099413         2.6844268933       -16.4778859997
        6.4250039000         1.0000000000         0.6946529607         2.6333893441       -16.6773479724
        6.4300034000         1.0000000000         0.6946529607         2.5670405302       -16.6773479724
        6.4350196000         1.0000000000         0.7023099413         2.5006917162       -16.4778859997
        6.4400176000         1.0000000000         0.6997576144         2.4445504121       -16.5443733239
        6.4450033000         1.0000000000         0.6997576144         2.3679940883       -16.5443733239
        6.4500037000         1.0000000000         0.6972052876         2.3118527843       -16.6108606482
        6.4550030000         1.0000000000         0.6895483070         2.2429520929       -16.8103226209
        6.4600048000         1.0000000000         0.6895483070         2.1817070338       -16.8103226209
        6.4650032000         1.0000000000         0.7023099413         2.1204619748       -16.4778859997
        6.4700041000         1.0000000000         0.6921006339         2.0566650383       -16.7438352966
        6.4750041000         1.0000000000         0.7023099413         2.0030756117       -16.4778859997
        6.4800026000         1.0000000000         0.6869959802         1.9265192879       -16.8768099451
        6.4850022000         1.0000000000         0.6946529607         1.8729298613       -16.6773479724
        6.4900038000         1.0000000000         0.6869959802         1.7938216601       -16.8768099451
        6.4950039000         1.0000000000         0.6946529607         1.7351284785       -16.6773479724
        6.5000056000         1.0000000000         0.6921006339         1.6815390519       -16.7438352966
        6.5050048000         1.0000000000         0.6818913264         1.6151902379       -17.0097845935
        6.5100019000         1.0000000000         0.6895483070         1.5411857916       -16.8103226209
        6.5150029000         1.0000000000         0.6895483070         1.4824926101       -16.8103226209
        6.5200016000         1.0000000000         0.6869959802         1.4186956736       -16.8768099451
        6.5250040000         1.0000000000         0.6742343459         1.3472431047       -17.2092465662
        6.5300022000         1.0000000000         0.6946529607         1.2834461683       -16.6773479724
        6.5350057000         1.0000000000         0.6793389996         1.2196492318       -17.0762719178
        6.5400047000         1.0000000000         0.6844436533         1.1533004179       -16.9432972693
        6.5450048000         1.0000000000         0.6742343459         1.0920553588       -17.2092465662
        6.5500045000         1.0000000000         0.6997576144         1.0410178097       -16.5443733239
        6.5550044000         1.0000000000         0.6895483070         0.9619096084       -16.8103226209
        6.5600062000         1.0000000000         0.6869959802         0.9006645494       -16.8768099451
        6.5650060000         1.0000000000         0.7023099413         0.8445232453       -16.4778859997
        6.5700057000         1.0000000000         0.6844436533         0.7679669216       -16.9432972693
        6.5750062000         1.0000000000         0.6869959802         0.7041699851       -16.8768099451
        6.5800065000         1.0000000000         0.6844436533         0.6429249261       -16.9432972693
        6.5850051000         1.0000000000         0.7048622681         0.5791279896       -16.4113986755
        6.5900030000         1.0000000000         0.6869959802         0.5025716658       -16.8768099451
        6.5950059000         1.0000000000         0.6921006339         0.4464303617       -16.7438352966
        6.6000041000         1.0000000000         0.6869959802         0.3673221605       -16.8768099451
        6.6050065000         1.0000000000         0.6818913264         0.3035252240       -17.0097845935
        6.6100081000         1.0000000000         0.6767866727         0.2320726552       -17.1427592420
        6.6150067000         1.0000000000         0.6869959802         0.1682757187       -16.8768099451
        6.6200050000         1.0000000000         0.6997576144         0.1095825371       -16.5443733239
        6.6250052000         1.0000000000         0.6767866727         0.0355780908       -17.1427592420
        6.6300070000         1.0000000000         0.6946529607         0.0049555613       -16.6773479724
        6.6350084000         1.0000000000         0.6716820190         0.0024036839       -17.2757338904
        6.6400066000         1.0000000000         0.6921006339         1.1099185011       -16.7438352966
        6.6450060000         1.0000000000         0.6895483070         4.9989797486       -16.8103226209
        6.6500066000         1.0000000000         0.6895483070         5.0040835035       -16.8103226209
        6.6550066000         1.0000000000         0.6895483070         4.9504940769       -16.8103226209
        6.6600061000         1.0000000000         0.6895483070         4.8790415080       -16.8103226209
        6.6650054000         1.0000000000         0.7023099413         4.8152445715       -16.4778859997
        6.6700067000         1.0000000000         0.6921006339         4.7514476351       -16.7438352966
        6.6750043000         1.0000000000         0.7074145950         4.6748913113       -16.3449113513
        6.6800060000         1.0000000000         0.6921006339         4.6161981297       -16.7438352966
        6.6850085000         1.0000000000         0.7074145950         4.5498493158       -16.3449113513
        6.6900037000         1.0000000000         0.7023099413         4.4860523793       -16.4778859997
        6.6950047000         1.0000000000         0.6869959802         4.4120479330       -16.8768099451
        6.7000033000         1.0000000000         0.6895483070         4.3508028740       -16.8103226209
        6.7050045000         1.0000000000         0.7125192487         4.2844540601       -16.2119367028
        6.7100034000         1.0000000000         0.6818913264         4.2181052461       -17.0097845935
        6.7150056000         1.0000000000         0.6997576144         4.1568601871       -16.5443733239
        6.7200039000         1.0000000000         0.6946529607         4.0930632506       -16.6773479724
        6.7250058000         1.0000000000         0.6921006339         4.0267144367       -16.7438352966
        6.7300058000         1.0000000000         0.7048622681         3.9705731326       -16.4113986755
        6.7350064000         1.0000000000         0.7176239024         3.9093280736       -16.0789620544
        6.7400209000         1.0000000000         0.6869959802         3.8378755047       -16.8768099451
        6.7450053000         1.0000000000         0.7048622681         3.7766304457       -16.4113986755
        6.7500041000         1.0000000000         0.6844436533         3.7102816318       -16.9432972693
        6.7550060000         1.0000000000         0.7048622681         3.6541403277       -16.4113986755
        6.7600062000         1.0000000000         0.7023099413         3.5877915138       -16.4778859997
        6.7650057000         1.0000000000         0.6972052876         3.5188908224       -16.6108606482
        6.7700048000         1.0000000000         0.7099669219         3.4678532732       -16.2784240270
        6.7750063000         1.0000000000         0.6972052876         3.3938488269       -16.6108606482
        6.7800048000         1.0000000000         0.6972052876         3.3402594002       -16.6108606482
        6.7850060000         1.0000000000         0.7048622681         3.2688068314       -16.4113986755
        6.7900038000         1.0000000000         0.6921006339         3.1999061400       -16.7438352966
        6.7950065000         1.0000000000         0.6946529607         3.1488685908       -16.6773479724
        6.8000056000         1.0000000000         0.6972052876         3.0876235318       -16.6108606482
        6.8050064000         1.0000000000         0.6997576144         3.0187228404       -16.5443733239
        6.8100047000         1.0000000000         0.7023099413         2.9498221490       -16.4778859997
        6.8150059000         1.0000000000         0.6793389996         2.8860252125       -17.0762719178
        6.8200054000         1.0000000000         0.6921006339         2.8324357859       -16.7438352966
        6.8250119000         1.0000000000         0.6997576144         2.7558794621       -16.5443733239
        6.8300044000         1.0000000000         0.7074145950         2.6997381580       -16.3449113513
        6.8350128000         1.0000000000         0.6895483070         2.6333893441       -16.8103226209
        6.8400094000         1.0000000000         0.6972052876         2.5721442851       -16.6108606482
        6.8450041000         1.0000000000         0.6997576144         2.5134511035       -16.5443733239
        6.8500062000         1.0000000000         0.6895483070         2.4394466572       -16.8103226209
        6.8550116000         1.0000000000         0.7074145950         2.3833053531       -16.3449113513
        6.8601241000         1.0000000000         0.6997576144         2.3118527843       -16.5443733239
        6.8650036000         1.0000000000         0.6946529607         2.2608152351       -16.6773479724
        6.8700033000         1.0000000000         0.6946529607         2.1893626662       -16.6773479724
        6.8750055000         1.0000000000         0.6997576144         2.1255657297       -16.5443733239
        6.8800041000         1.0000000000         0.6895483070         2.0566650383       -16.8103226209
        6.8850057000         1.0000000000         0.6946529607         1.9954199793       -16.6773479724
        6.8900089000         1.0000000000         0.6869959802         1.9265192879       -16.8768099451
        6.8950078000         1.0000000000         0.7023099413         1.8729298613       -16.4778859997
        6.9000231000         1.0000000000         0.6895483070         1.8014772924       -16.8103226209
        6.9050242000         1.0000000000         0.6869959802         1.7453359884       -16.8768099451
        6.9100037000         1.0000000000         0.6895483070         1.6764352970       -16.8103226209
        6.9150034000         1.0000000000         0.6895483070         1.6126383605       -16.8103226209
        6.9200048000         1.0000000000         0.6921006339         1.5437376691       -16.7438352966
        6.9250033000         1.0000000000         0.6972052876         1.4927001199       -16.6108606482
        6.9300064000         1.0000000000         0.6972052876         1.4186956736       -16.6108606482
        6.9350070000         1.0000000000         0.6818913264         1.3625543695       -17.0097845935
        6.9400052000         1.0000000000         0.7048622681         1.2936536781       -16.4113986755
        6.9450081000         1.0000000000         0.6895483070         1.2222011093       -16.8103226209
        6.9500068000         1.0000000000         0.7023099413         1.1737154375       -16.4778859997
        6.9550073000         1.0000000000         0.6895483070         1.1073666236       -16.8103226209
        6.9600084000         1.0000000000         0.6895483070         1.0359140547       -16.8103226209
        6.9650045000         1.0000000000         0.6972052876         0.9746689957       -16.6108606482
        6.9700050000         1.0000000000         0.6691296922         0.8981126720       -17.3422212147
        6.9750054000         1.0000000000         0.6895483070         0.8317638580       -16.8103226209
        6.9800053000         1.0000000000         0.6921006339         0.7730706765       -16.7438352966
        6.9850049000         1.0000000000         0.6844436533         0.7092737400       -16.9432972693
        6.9900081000         1.0000000000         0.6767866727         0.6429249261       -17.1427592420
        6.9950063000         1.0000000000         0.6921006339         0.5765761121       -16.7438352966
        7.0000096000         1.0000000000         0.6716820190         0.5025716658       -17.2757338904
        7.0050069000         1.0000000000         0.6921006339         0.4438784843       -16.7438352966
        7.0100070000         1.0000000000         0.6895483070         0.3724259154       -16.8103226209
        7.0150069000         1.0000000000         0.6946529607         0.3111808564       -16.6773479724
        7.0200054000         1.0000000000         0.6869959802         0.2397282875       -16.8768099451
        7.0250061000         1.0000000000         0.6921006339         0.1784832285       -16.7438352966
        7.0300162000         1.0000000000         0.6946529607         0.1070306597       -16.6773479724
        7.0350047000         1.0000000000         0.6895483070         0.0457856007       -16.8103226209
        7.0400049000         1.0000000000         0.7023099413        -0.0001481936       -16.4778859997
        7.0450063000         1.0000000000         0.6818913264         0.0049555613       -17.0097845935
        7.0500068000         1.0000000000         0.6946529607         1.1099185011       -16.6773479724
        7.0550035000         1.0000000000         0.6921006339         5.0066353810       -16.7438352966
        7.0600056000         1.0000000000         0.6972052876         5.0142910133       -16.6108606482
        7.0650033000         1.0000000000         0.6921006339         4.9607015867       -16.7438352966
        7.0700047000         1.0000000000         0.7125192487         4.8918008953       -16.2119367028
        7.0750038000         1.0000000000         0.6946529607         4.8305558363       -16.6773479724
        7.0800049000         1.0000000000         0.6767866727         4.7591032674       -17.1427592420
        7.0850048000         1.0000000000         0.7048622681         4.6902025760       -16.4113986755
        7.0900064000         1.0000000000         0.6895483070         4.6264056396       -16.8103226209
        7.0950104000         1.0000000000         0.6972052876         4.5549530707       -16.6108606482
        7.1000138000         1.0000000000         0.7099669219         4.4988117666       -16.2784240270
        7.1050248000         1.0000000000         0.6997576144         4.4350148301       -16.5443733239
        7.1100065000         1.0000000000         0.6997576144         4.3661141388       -16.5443733239
        7.1150069000         1.0000000000         0.6946529607         4.2946615699       -16.6773479724
        7.1200070000         1.0000000000         0.7023099413         4.2385202658       -16.4778859997
        7.1250066000         1.0000000000         0.7099669219         4.1798270842       -16.2784240270
        7.1300043000         1.0000000000         0.6972052876         4.1083745154       -16.6108606482
        7.1350067000         1.0000000000         0.7048622681         4.0496813338       -16.4113986755
        7.1400082000         1.0000000000         0.6997576144         3.9807806424       -16.5443733239
        7.1450169000         1.0000000000         0.7048622681         3.9220874609       -16.4113986755
        7.1500081000         1.0000000000         0.7074145950         3.8582905244       -16.3449113513
        7.1550064000         1.0000000000         0.6972052876         3.7893898330       -16.6108606482
        7.1600055000         1.0000000000         0.6946529607         3.7306966515       -16.6773479724
        7.1650074000         1.0000000000         0.7150715756         3.6720034699       -16.1454493786
        7.1700042000         1.0000000000         0.6921006339         3.5979990236       -16.7438352966
        7.1750130000         1.0000000000         0.7074145950         3.5469614744       -16.3449113513
        7.1800111000         1.0000000000         0.6972052876         3.4755089056       -16.6108606482
        7.1850132000         1.0000000000         0.6997576144         3.4066082142       -16.5443733239
        7.1900127000         1.0000000000         0.7099669219         3.3479150326       -16.2784240270
        7.1950103000         1.0000000000         0.6972052876         3.2815662187       -16.6108606482
        7.2000052000         1.0000000000         0.6946529607         3.2177692822       -16.6773479724
        7.2050112000         1.0000000000         0.7023099413         3.1565242232       -16.4778859997
        7.2100066000         1.0000000000         0.6972052876         3.1080385515       -16.6108606482
        7.2150069000         1.0000000000         0.6972052876         3.0289303502       -16.6108606482
        7.2200094000         1.0000000000         0.7074145950         2.9727890461       -16.3449113513
        7.2250138000         1.0000000000         0.6946529607         2.9038883547       -16.6773479724
        7.2300065000         1.0000000000         0.6921006339         2.8477470506       -16.7438352966
        7.2350064000         1.0000000000         0.6921006339         2.7737426043       -16.7438352966
        7.2400065000         1.0000000000         0.7048622681         2.7150494228       -16.4113986755
        7.2450132000         1.0000000000         0.6818913264         2.6487006088       -17.0097845935
        7.2500062000         1.0000000000         0.6946529607         2.5823517949       -16.6773479724
        7.2550125000         1.0000000000         0.7074145950         2.5236586133       -16.3449113513
        7.2600057000         1.0000000000         0.6921006339         2.4547579220       -16.7438352966
        7.2650125000         1.0000000000         0.6665773653         2.4011684953       -17.4087085389
        7.2700095000         1.0000000000         0.6895483070         2.3297159265       -16.8103226209
        7.2750121000         1.0000000000         0.7048622681         2.2710227449       -16.4113986755
        7.2800068000         1.0000000000         0.6895483070         2.1944664211       -16.8103226209
        7.2850054000         1.0000000000         0.6921006339         2.1434288720       -16.7438352966
        7.2900053000         1.0000000000         0.6946529607         2.0770800580       -16.6773479724
        7.2950048000         1.0000000000         0.6997576144         2.0132831215       -16.5443733239
        7.3000056000         1.0000000000         0.6844436533         1.9443824302       -16.9432972693
        7.3050052000         1.0000000000         0.7099669219         1.8933448810       -16.2784240270
        7.3100030000         1.0000000000         0.6946529607         1.8244441896       -16.6773479724
        7.3150046000         1.0000000000         0.6921006339         1.7580953756       -16.7438352966
        7.3200035000         1.0000000000         0.6997576144         1.7045059490       -16.5443733239
        7.3250048000         1.0000000000         0.6895483070         1.6305015027       -16.8103226209
        7.3300074000         1.0000000000         0.6538157310         1.5692564437       -17.7411451600
        7.3350055000         1.0000000000         0.7023099413         1.5054595072       -16.4778859997
        7.3400045000         1.0000000000         0.7048622681         1.4518700806       -16.4113986755
        7.3450048000         1.0000000000         0.6793389996         1.3702100019       -17.0762719178
        7.3500033000         1.0000000000         0.6972052876         1.3140686978       -16.6108606482
        7.3550046000         1.0000000000         0.6793389996         1.2528236388       -17.0762719178
        7.3600053000         1.0000000000         0.6972052876         1.1915785797       -16.6108606482
        7.3650045000         1.0000000000         0.6946529607         1.1328853982       -16.6773479724
        7.3700033000         1.0000000000         0.6946529607         1.0614328293       -16.6773479724
        7.3750047000         1.0000000000         0.6742343459         0.9925321379       -17.2092465662
        7.3800053000         1.0000000000         0.6972052876         0.9363908338       -16.6108606482
        7.3850051000         1.0000000000         0.6793389996         0.8649382650       -17.0762719178
        7.3901027000         1.0000000000         0.6921006339         0.7909338187       -16.7438352966
        7.3950058000         1.0000000000         0.6895483070         0.7398962695       -16.8103226209
        7.4000058000         1.0000000000         0.6895483070         0.6684437007       -16.8103226209
        7.4050064000         1.0000000000         0.6946529607         0.6046467642       -16.6773479724
        7.4100032000         1.0000000000         0.6895483070         0.5357460728       -16.8103226209
        7.4150057000         1.0000000000         0.6997576144         0.4745010138       -16.5443733239
        7.4200064000         1.0000000000         0.6921006339         0.4056003224       -16.7438352966
        7.4250062000         1.0000000000         0.6895483070         0.3366996310       -16.8103226209
        7.4300050000         1.0000000000         0.6972052876         0.2729026945       -16.6108606482
        7.4350274000         1.0000000000         0.6921006339         0.1963463707       -16.7438352966
        7.4400035000         1.0000000000         0.6716820190         0.1299975568       -17.2757338904
        7.4450058000         1.0000000000         0.6997576144         0.0662006203       -16.5443733239
        7.4500093000         1.0000000000         0.6895483070         0.0049555613       -16.8103226209
        7.4550053000         1.0000000000         0.6869959802         0.0100593162       -16.8768099451
        7.4600064000         1.0000000000         0.6997576144         1.1073666236       -16.5443733239
        7.4650034000         1.0000000000         0.6972052876         5.0040835035       -16.6108606482
        7.4700066000         1.0000000000         0.6793389996         5.0040835035       -17.0762719178
        7.4750038000         1.0000000000         0.6997576144         4.9887722387       -16.5443733239
        7.4800031000         1.0000000000         0.7074145950         4.9249753023       -16.3449113513
        7.4850024000         1.0000000000         0.6895483070         4.8535227334       -16.8103226209
        7.4900032000         1.0000000000         0.6946529607         4.7744145322       -16.6773479724
        7.4950038000         1.0000000000         0.7023099413         4.7208251056       -16.4778859997
        7.5000060000         1.0000000000         0.6869959802         4.6442687818       -16.8768099451
        7.5050040000         1.0000000000         0.7099669219         4.5906793551       -16.2784240270
        7.5100030000         1.0000000000         0.6972052876         4.5166749088       -16.6108606482
        7.5150055000         1.0000000000         0.7048622681         4.4503260949       -16.4113986755
        7.5200062000         1.0000000000         0.6997576144         4.3839772810       -16.5443733239
        7.5250040000         1.0000000000         0.6921006339         4.3227322219       -16.7438352966
        7.5300072000         1.0000000000         0.6997576144         4.2563834080       -16.5443733239
        7.5350043000         1.0000000000         0.7023099413         4.1849308392       -16.4778859997
        7.5400065000         1.0000000000         0.6946529607         4.1287895351       -16.6773479724
        7.5450045000         1.0000000000         0.6997576144         4.0598888437       -16.5443733239
        7.5500052000         1.0000000000         0.6946529607         4.0037475396       -16.6773479724
        7.5550049000         1.0000000000         0.6997576144         3.9399506031       -16.5443733239
        7.5600067000         1.0000000000         0.7048622681         3.8838092990       -16.4113986755
        7.5650045000         1.0000000000         0.6946529607         3.8123567301       -16.6773479724
        7.5700071000         1.0000000000         0.7099669219         3.7587673035       -16.2784240270
        7.5750035000         1.0000000000         0.6997576144         3.6847628572       -16.5443733239
        7.5800057000         1.0000000000         0.6921006339         3.6209659207       -16.7438352966
        7.5850046000         1.0000000000         0.6844436533         3.5520652293       -16.9432972693
        7.5900032000         1.0000000000         0.6818913264         3.4933720478       -17.0097845935
        7.5950048000         1.0000000000         0.7099669219         3.4372307437       -16.2784240270
        7.6000040000         1.0000000000         0.7048622681         3.3708819297       -16.4113986755
        7.6050028000         1.0000000000         0.7048622681         3.3121887482       -16.4113986755
        7.6100061000         1.0000000000         0.6972052876         3.2381843019       -16.6108606482
        7.6150031000         1.0000000000         0.7074145950         3.1871467527       -16.3449113513
        7.6200053000         1.0000000000         0.6921006339         3.1182460613       -16.7438352966
        7.6250049000         1.0000000000         0.7099669219         3.0595528797       -16.2784240270
        7.6300035000         1.0000000000         0.6921006339         2.9804446785       -16.7438352966
        7.6350035000         1.0000000000         0.6972052876         2.9217514970       -16.6108606482
        7.6400065000         1.0000000000         0.6972052876         2.8681620703       -16.6108606482
        7.6450194000         1.0000000000         0.6997576144         2.8069170113       -16.5443733239
        7.6500052000         1.0000000000         0.6921006339         2.7329125650       -16.7438352966
        7.6550040000         1.0000000000         0.6869959802         2.6691156285       -16.8768099451
        7.6600032000         1.0000000000         0.6895483070         2.6078705695       -16.8103226209
        7.6650025000         1.0000000000         0.7048622681         2.5440736330       -16.4113986755
        7.6700037000         1.0000000000         0.6997576144         2.4726210642       -16.5443733239
        7.6751642000         1.0000000000         0.6793389996         2.4113760052       -17.0762719178
        7.6800040000         1.0000000000         0.6716820190         2.3501309461       -17.2757338904
        7.6850524000         1.0000000000         0.6844436533         2.2786783773       -16.9432972693
        7.6900064000         1.0000000000         0.6921006339         2.2199851957       -16.7438352966
        7.6950067000         1.0000000000         0.6869959802         2.1485326269       -16.8768099451
        7.7000049000         1.0000000000         0.6946529607         2.0923913228       -16.6773479724
        7.7050042000         1.0000000000         0.6895483070         2.0285943863       -16.8103226209
        7.7100056000         1.0000000000         0.6818913264         1.9622455724       -17.0097845935
        7.7150042000         1.0000000000         0.6869959802         1.8933448810       -16.8768099451
        7.7200052000         1.0000000000         0.6895483070         1.8320998220       -16.8103226209
        7.7250048000         1.0000000000         0.6921006339         1.7708547629       -16.7438352966
        7.7300038000         1.0000000000         0.6997576144         1.7147134588       -16.5443733239
        7.7350177000         1.0000000000         0.6818913264         1.6432608900       -17.0097845935
        7.7400042000         1.0000000000         0.6767866727         1.5845677084       -17.1427592420
        7.7450044000         1.0000000000         0.6997576144         1.5207707720       -16.5443733239
        7.7500053000         1.0000000000         0.6895483070         1.4493182031       -16.8103226209
        7.7550058000         1.0000000000         0.6818913264         1.3982806539       -17.0097845935
        7.7600071000         1.0000000000         0.6921006339         1.3242762076       -16.7438352966
        7.7650055000         1.0000000000         0.6972052876         1.2681349035       -16.6108606482
        7.7700053000         1.0000000000         0.6895483070         1.1966823347       -16.8103226209
        7.7750839000         1.0000000000         0.6921006339         1.1354372756       -16.7438352966
        7.7800045000         1.0000000000         0.6997576144         1.0716403392       -16.5443733239
        7.7850054000         1.0000000000         0.6972052876         1.0078434027       -16.6108606482
        7.7900047000         1.0000000000         0.6895483070         0.9389427113       -16.8103226209
        7.7950071000         1.0000000000         0.6844436533         0.8802495297       -16.9432972693
        7.8000048000         1.0000000000         0.6946529607         0.8113488384       -16.6773479724
        7.8050073000         1.0000000000         0.6793389996         0.7398962695       -17.0762719178
        7.8100074000         1.0000000000         0.6869959802         0.6760993330       -16.8768099451
        7.8150058000         1.0000000000         0.6946529607         0.6097505191       -16.6773479724
        7.8200065000         1.0000000000         0.6818913264         0.5408498277       -17.0097845935
        7.8250047000         1.0000000000         0.6895483070         0.4796047687       -16.8103226209
        7.8300035000         1.0000000000         0.6665773653         0.4056003224       -17.4087085389
        7.8350064000         1.0000000000         0.6895483070         0.3418033859       -16.8103226209
        7.8400042000         1.0000000000         0.6921006339         0.2882139593       -16.7438352966
        7.8450101000         1.0000000000         0.6972052876         0.2167613904       -16.6108606482
        7.8500050000         1.0000000000         0.6767866727         0.1402050666       -17.1427592420
        7.8550050000         1.0000000000         0.7023099413         0.0764081302       -16.4778859997
        7.8600058000         1.0000000000         0.6793389996         0.0049555613       -17.0762719178
        7.8650062000         1.0000000000         0.6818913264        -0.0027000711       -17.0097845935
        7.8700051000         1.0000000000         0.6946529607         1.1124703785       -16.6773479724
        7.8750064000         1.0000000000         0.7023099413         4.9989797486       -16.4778859997
        7.8800042000         1.0000000000         0.6997576144         5.0142910133       -16.5443733239
        7.8850073000         1.0000000000         0.6869959802         4.9913241162       -16.8768099451
        7.8900055000         1.0000000000         0.6921006339         4.9224234248       -16.7438352966
        7.8950069000         1.0000000000         0.6921006339         4.8586264883       -16.7438352966
        7.9000044000         1.0000000000         0.6972052876         4.7846220420       -16.6108606482
        7.9050079000         1.0000000000         0.6895483070         4.7182732281       -16.8103226209
        7.9100067000         1.0000000000         0.7048622681         4.6621319240       -16.4113986755
        7.9150074000         1.0000000000         0.6844436533         4.5906793551       -16.9432972693
        7.9200051000         1.0000000000         0.6921006339         4.5243305412       -16.7438352966
        7.9250064000         1.0000000000         0.6946529607         4.4579817273       -16.6773479724
        7.9300043000         1.0000000000         0.7023099413         4.4018404232       -16.4778859997
        7.9350068000         1.0000000000         0.6997576144         4.3354916092       -16.5443733239
        7.9400046000         1.0000000000         0.6895483070         4.2614871629       -16.8103226209
        7.9450078000         1.0000000000         0.6895483070         4.1976902265       -16.8103226209
        7.9500056000         1.0000000000         0.6921006339         4.1364451674       -16.7438352966
        7.9550067000         1.0000000000         0.6869959802         4.0649925986       -16.8768099451
        7.9600456000         1.0000000000         0.6921006339         4.0011956621       -16.7438352966
        7.9650080000         1.0000000000         0.6895483070         3.9373987256       -16.8103226209
        7.9700990000         1.0000000000         0.6946529607         3.8761536666       -16.6773479724
        7.9750098000         1.0000000000         0.7023099413         3.8251161174       -16.4778859997
        7.9800162000         1.0000000000         0.6946529607         3.7536635486       -16.6773479724
        7.9850063000         1.0000000000         0.6997576144         3.6949703670       -16.5443733239
        7.9900066000         1.0000000000         0.7125192487         3.6311734306       -16.2119367028
        7.9950059000         1.0000000000         0.6921006339         3.5597208617       -16.7438352966
        8.0000070000         1.0000000000         0.7074145950         3.5010276801       -16.3449113513
        8.0050057000         1.0000000000         0.6921006339         3.4346788662       -16.7438352966
        8.0100094000         1.0000000000         0.6895483070         3.3632262974       -16.8103226209
        8.0150098000         1.0000000000         0.6997576144         3.3070849933       -16.5443733239
        8.0200098000         1.0000000000         0.6997576144         3.2483918117       -16.5443733239
        8.0250083000         1.0000000000         0.7023099413         3.1794911203       -16.4778859997
        8.0300217000         1.0000000000         0.6921006339         3.1156941838       -16.7438352966
        8.0350054000         1.0000000000         0.6972052876         3.0518972474       -16.6108606482
        8.0400055000         1.0000000000         0.6946529607         2.9881003109       -16.6773479724
        8.0450043000         1.0000000000         0.6869959802         2.9166477420       -16.8768099451
        8.0500049000         1.0000000000         0.6767866727         2.8579545605       -17.1427592420
        8.0550038000         1.0000000000         0.6997576144         2.7992613789       -16.5443733239
        8.0600049000         1.0000000000         0.7048622681         2.7329125650       -16.4113986755
        8.0650087000         1.0000000000         0.6972052876         2.6691156285       -16.6108606482
        8.0700048000         1.0000000000         0.6972052876         2.6104224470       -16.6108606482
        8.0750158000         1.0000000000         0.6869959802         2.5440736330       -16.8768099451
        8.0800097000         1.0000000000         0.7023099413         2.4777248191       -16.4778859997
        8.0850075000         1.0000000000         0.6844436533         2.4088241277       -16.9432972693
        8.0900216000         1.0000000000         0.6946529607         2.3399234363       -16.6773479724
        8.0950072000         1.0000000000         0.6869959802         2.2837821322       -16.8768099451
        8.1000159000         1.0000000000         0.6946529607         2.2276408281       -16.6773479724
        8.1050035000         1.0000000000         0.6895483070         2.1536363818       -16.8103226209
        8.1100072000         1.0000000000         0.6997576144         2.0949432002       -16.5443733239
        8.1150112000         1.0000000000         0.6869959802         2.0209387539       -16.8768099451
        8.1200048000         1.0000000000         0.6818913264         1.9596936949       -17.0097845935
        8.1250040000         1.0000000000         0.6742343459         1.8933448810       -17.2092465662
        8.1300046000         1.0000000000         0.6869959802         1.8295479445       -16.8768099451
        8.1350054000         1.0000000000         0.6997576144         1.7785103953       -16.5443733239
        8.1400118000         1.0000000000         0.6844436533         1.7045059490       -16.9432972693
        8.1450087000         1.0000000000         0.6972052876         1.6458127674       -16.6108606482
        8.1500127000         1.0000000000         0.6793389996         1.5820158310       -17.0762719178
        8.1550085000         1.0000000000         0.6972052876         1.5156670170       -16.6108606482
        8.1600066000         1.0000000000         0.6921006339         1.4620775904       -16.7438352966
        8.1650069000         1.0000000000         0.6742343459         1.3855212666       -17.2092465662
        8.1700062000         1.0000000000         0.6895483070         1.3217243302       -16.8103226209
        8.1750062000         1.0000000000         0.6921006339         1.2604792711       -16.7438352966
        8.1800068000         1.0000000000         0.6793389996         1.1966823347       -17.0762719178
        8.1850063000         1.0000000000         0.6742343459         1.1303335207       -17.2092465662
        8.1900081000         1.0000000000         0.6972052876         1.0665365843       -16.6108606482
        8.1950060000         1.0000000000         0.6844436533         1.0027396478       -16.9432972693
        8.2000122000         1.0000000000         0.6869959802         0.9389427113       -16.8768099451
        8.2050076000         1.0000000000         0.6793389996         0.8700420199       -17.0762719178
        8.2100149000         1.0000000000         0.6895483070         0.8087969609       -16.8103226209
        8.2150112000         1.0000000000         0.6767866727         0.7347925146       -17.1427592420
        8.2200063000         1.0000000000         0.6665773653         0.6684437007       -17.4087085389
        8.2250065000         1.0000000000         0.6946529607         0.6071986416       -16.6773479724
        8.2300132000         1.0000000000         0.6665773653         0.5306423179       -17.4087085389
        8.2350064000         1.0000000000         0.6869959802         0.4668453814       -16.8768099451
        8.2400102000         1.0000000000         0.6844436533         0.4132559548       -16.9432972693
        8.2450047000         1.0000000000         0.6921006339         0.3443552634       -16.7438352966
        8.2500040000         1.0000000000         0.6921006339         0.2677989396       -16.7438352966
        8.2550031000         1.0000000000         0.6972052876         0.2040020031       -16.6108606482
        8.2600049000         1.0000000000         0.6844436533         0.1325494343       -16.9432972693
        8.2650037000         1.0000000000         0.6921006339         0.0662006203       -16.7438352966
        8.2700034000         1.0000000000         0.6844436533         0.0049555613       -16.9432972693
        8.2750019000         1.0000000000         0.6869959802         0.0024036839       -16.8768099451
        8.2800022000         1.0000000000         0.6844436533         1.1099185011       -16.9432972693
        8.2850074000         1.0000000000         0.7023099413         5.0040835035       -16.4778859997
        8.2900048000         1.0000000000         0.6818913264         5.0091872584       -17.0097845935
        8.2950046000         1.0000000000         0.6818913264         4.9811166064       -17.0097845935
        8.3000047000         1.0000000000         0.6921006339         4.9147677924       -16.7438352966
        8.3050049000         1.0000000000         0.6818913264         4.8509708560       -17.0097845935
        8.3100033000         1.0000000000         0.6793389996         4.7718626547       -17.0762719178
        8.3150061000         1.0000000000         0.7048622681         4.7106175957       -16.4113986755
        8.3200051000         1.0000000000         0.6895483070         4.6468206592       -16.8103226209
        8.3250063000         1.0000000000         0.6818913264         4.5728162129       -17.0097845935
        8.3300040000         1.0000000000         0.6844436533         4.5039155215       -16.9432972693
        8.3350059000         1.0000000000         0.6869959802         4.4401185851       -16.8768099451
        8.3400062000         1.0000000000         0.7023099413         4.3865291584       -16.4778859997
        8.3450061000         1.0000000000         0.7048622681         4.3176284670       -16.4113986755
        8.3500061000         1.0000000000         0.6818913264         4.2436240207       -17.0097845935
        8.3550055000         1.0000000000         0.7023099413         4.1849308392       -16.4778859997
        8.3600037000         1.0000000000         0.6946529607         4.1185820252       -16.6773479724
        8.3650048000         1.0000000000         0.6972052876         4.0573369662       -16.6108606482
        8.3700037000         1.0000000000         0.6818913264         3.9935400297       -17.0097845935
        8.3750051000         1.0000000000         0.7023099413         3.9220874609       -16.4778859997
        8.3800034000         1.0000000000         0.6946529607         3.8633942793       -16.6773479724
        8.3850058000         1.0000000000         0.6997576144         3.8072529752       -16.5443733239
        8.3900030000         1.0000000000         0.6844436533         3.7358004064       -16.9432972693
        8.3950060000         1.0000000000         0.6946529607         3.6745553474       -16.6773479724
        8.4000056000         1.0000000000         0.6921006339         3.6107584109       -16.7438352966
        8.4050051000         1.0000000000         0.7074145950         3.5469614744       -16.3449113513
        8.4100037000         1.0000000000         0.6972052876         3.4882682929       -16.6108606482
        8.4150036000         1.0000000000         0.7023099413         3.4193676015       -16.4778859997
        8.4200024000         1.0000000000         0.6946529607         3.3555706650       -16.6773479724
        8.4250052000         1.0000000000         0.6972052876         3.2943256060       -16.6108606482
        8.4300029000         1.0000000000         0.6997576144         3.2279767920       -16.5443733239
        8.4350047000         1.0000000000         0.6921006339         3.1590761006       -16.7438352966
        8.4400024000         1.0000000000         0.6818913264         3.1029347965       -17.0097845935
        8.4450041000         1.0000000000         0.6946529607         3.0314822277       -16.6773479724
        8.4500025000         1.0000000000         0.7125192487         2.9829965560       -16.2119367028
        8.4550017000         1.0000000000         0.6972052876         2.9115439871       -16.6108606482
        8.4601457000         1.0000000000         0.6869959802         2.8528508056       -16.8768099451
        8.4650046000         1.0000000000         0.6972052876         2.7839501142       -16.6108606482
        8.4700032000         1.0000000000         0.7023099413         2.7176013002       -16.4778859997
        8.4750043000         1.0000000000         0.6793389996         2.6538043638       -17.0762719178
        8.4800040000         1.0000000000         0.6997576144         2.5925593047       -16.5443733239
        8.4850029000         1.0000000000         0.6921006339         2.5262104908       -16.7438352966
        8.4900030000         1.0000000000         0.6921006339         2.4573097994       -16.7438352966
        8.4950041000         1.0000000000         0.6869959802         2.3909609855       -16.8768099451
        8.5000059000         1.0000000000         0.6895483070         2.3271640490       -16.8103226209
        8.5050060000         1.0000000000         0.6946529607         2.2684708674       -16.6773479724
        8.5100208000         1.0000000000         0.6844436533         2.1970182986       -16.9432972693
        8.5150051000         1.0000000000         0.6921006339         2.1357732396       -16.7438352966
        8.5200047000         1.0000000000         0.6869959802         2.0719763031       -16.8768099451
        8.5250042000         1.0000000000         0.7074145950         2.0132831215       -16.3449113513
        8.5300052000         1.0000000000         0.6895483070         1.9520380625       -16.8103226209
        8.5350031000         1.0000000000         0.6946529607         1.8856892486       -16.6773479724
        8.5400052000         1.0000000000         0.6895483070         1.8142366797       -16.8103226209
        8.5450064000         1.0000000000         0.6946529607         1.7657510080       -16.6773479724
        8.5500485000         1.0000000000         0.6793389996         1.6866428068       -17.0762719178
        8.5550054000         1.0000000000         0.6869959802         1.6279496252       -16.8768099451
        8.5600111000         1.0000000000         0.6972052876         1.5743601986       -16.6108606482
        8.5650048000         1.0000000000         0.6946529607         1.5080113847       -16.6773479724
        8.5700053000         1.0000000000         0.6716820190         1.4365588158       -17.2757338904
        8.5750073000         1.0000000000         0.6742343459         1.3676581244       -17.2092465662
        8.5801407000         1.0000000000         0.6895483070         1.3013093105       -16.8103226209
        8.5850060000         1.0000000000         0.6895483070         1.2477198838       -16.8103226209
        8.5901435000         1.0000000000         0.6972052876         1.1864748248       -16.6108606482
        8.5950065000         1.0000000000         0.6716820190         1.1175741334       -17.2757338904
        8.6000062000         1.0000000000         0.6921006339         1.0512253195       -16.7438352966
        8.6050059000         1.0000000000         0.6921006339         0.9848765056       -16.7438352966
        8.6100026000         1.0000000000         0.6818913264         0.9185276916       -17.0097845935
        8.6150054000         1.0000000000         0.6921006339         0.8623863875       -16.7438352966
        8.6200065000         1.0000000000         0.6793389996         0.7858300638       -17.0762719178
        8.6250052000         1.0000000000         0.6972052876         0.7322406371       -16.6108606482
        8.6300073000         1.0000000000         0.6691296922         0.6480286810       -17.3422212147
        8.6350060000         1.0000000000         0.7023099413         0.5944392543       -16.4778859997
        8.6400067000         1.0000000000         0.6921006339         0.5255385629       -16.7438352966
        8.6450042000         1.0000000000         0.6972052876         0.4540859941       -16.6108606482
        8.6500067000         1.0000000000         0.6844436533         0.3902890576       -16.9432972693
        8.6550051000         1.0000000000         0.6946529607         0.3239402437       -16.6773479724
        8.6600061000         1.0000000000         0.6818913264         0.2524876748       -17.0097845935
        8.6650064000         1.0000000000         0.6869959802         0.1963463707       -16.8768099451
        8.6700073000         1.0000000000         0.7023099413         0.1299975568       -16.4778859997
        8.6750065000         1.0000000000         0.6997576144         0.0585449879       -16.5443733239
        8.6800064000         1.0000000000         0.6921006339         0.0075074388       -16.7438352966
        8.6850086000         1.0000000000         0.6895483070         0.0024036839       -16.8103226209
        8.6900052000         1.0000000000         0.6972052876         1.1073666236       -16.6108606482
        8.6950070000         1.0000000000         0.6818913264         4.9989797486       -17.0097845935
        8.7000056000         1.0000000000         0.6844436533         4.9989797486       -16.9432972693
        8.7050049000         1.0000000000         0.7048622681         4.9785647289       -16.4113986755
        8.7100052000         1.0000000000         0.7023099413         4.9122159150       -16.4778859997
        8.7150070000         1.0000000000         0.6844436533         4.8356595912       -16.9432972693
        8.7200041000         1.0000000000         0.6972052876         4.7693107773       -16.6108606482
        8.7250064000         1.0000000000         0.6921006339         4.7004100859       -16.7438352966
        8.7300062000         1.0000000000         0.6895483070         4.6289575170       -16.8103226209
        8.7350064000         1.0000000000         0.6997576144         4.5677124580       -16.5443733239
        8.7400043000         1.0000000000         0.6997576144         4.5064673990       -16.5443733239
        8.7450035000         1.0000000000         0.6895483070         4.4401185851       -16.8103226209
        8.7500059000         1.0000000000         0.6895483070         4.3661141388       -16.8103226209
        8.7550045000         1.0000000000         0.7023099413         4.3074209572       -16.4778859997
        8.7600044000         1.0000000000         0.6844436533         4.2487277756       -16.9432972693
        8.7650038000         1.0000000000         0.7099669219         4.1798270842       -16.2784240270
        8.7700063000         1.0000000000         0.7125192487         4.1262376576       -16.2119367028
        8.7750172000         1.0000000000         0.6869959802         4.0496813338       -16.8768099451
        8.7800048000         1.0000000000         0.6844436533         3.9833325199       -16.9432972693
        8.7850038000         1.0000000000         0.7099669219         3.9271912158       -16.2784240270
        8.7900062000         1.0000000000         0.6997576144         3.8633942793       -16.5443733239
        8.7950081000         1.0000000000         0.7099669219         3.8021492203       -16.2784240270
        8.8000046000         1.0000000000         0.6946529607         3.7460079162       -16.6773479724
        8.8050034000         1.0000000000         0.7074145950         3.6796591023       -16.3449113513
        8.8100055000         1.0000000000         0.6921006339         3.6031027785       -16.7438352966
        8.8150080000         1.0000000000         0.6946529607         3.5444095970       -16.6773479724
        8.8200060000         1.0000000000         0.6997576144         3.4831645379       -16.5443733239
        8.8250063000         1.0000000000         0.6997576144         3.4193676015       -16.5443733239
        8.8300112000         1.0000000000         0.6869959802         3.3555706650       -16.8768099451
        8.8350061000         1.0000000000         0.6997576144         3.2943256060       -16.5443733239
        8.8400040000         1.0000000000         0.6895483070         3.2203211597       -16.8103226209
        8.8450058000         1.0000000000         0.7023099413         3.1616279781       -16.4778859997
        8.8500039000         1.0000000000         0.6921006339         3.1080385515       -16.7438352966
        8.8550108000         1.0000000000         0.6997576144         3.0365859826       -16.5443733239
        8.8600105000         1.0000000000         0.7074145950         2.9804446785       -16.3449113513
        8.8650150000         1.0000000000         0.6895483070         2.9115439871       -16.8103226209
        8.8700068000         1.0000000000         0.6869959802         2.8477470506       -16.8768099451
        8.8750067000         1.0000000000         0.6997576144         2.7890538691       -16.5443733239
        8.8800037000         1.0000000000         0.7023099413         2.7150494228       -16.4778859997
        8.8850136000         1.0000000000         0.6869959802         2.6512524863       -16.8768099451
        8.8900119000         1.0000000000         0.6972052876         2.5925593047       -16.6108606482
        8.8950066000         1.0000000000         0.6921006339         2.5262104908       -16.7438352966
        8.9000082000         1.0000000000         0.6921006339         2.4624135543       -16.7438352966
        8.9050134000         1.0000000000         0.6818913264         2.3909609855       -17.0097845935
        8.9100055000         1.0000000000         0.6895483070         2.3322678039       -16.8103226209
        8.9150148000         1.0000000000         0.6921006339         2.2684708674       -16.7438352966
        8.9200097000         1.0000000000         0.6921006339         2.2021220535       -16.7438352966
        8.9250072000         1.0000000000         0.6946529607         2.1408769945       -16.6773479724
        8.9300044000         1.0000000000         0.6921006339         2.0821838129       -16.7438352966
        8.9350131000         1.0000000000         0.6844436533         2.0005237343       -16.9432972693
        8.9400043000         1.0000000000         0.6869959802         1.9443824302       -16.8768099451
        8.9450095000         1.0000000000         0.6895483070         1.8729298613       -16.8103226209
        8.9500079000         1.0000000000         0.6793389996         1.8167885572       -17.0762719178
        8.9550082000         1.0000000000         0.6921006339         1.7555434982       -16.7438352966
        8.9600047000         1.0000000000         0.6895483070         1.6968503166       -16.8103226209
        8.9650076000         1.0000000000         0.6844436533         1.6279496252       -16.9432972693
        8.9700053000         1.0000000000         0.6921006339         1.5616008113       -16.7438352966
        8.9750063000         1.0000000000         0.7048622681         1.5054595072       -16.4113986755
        8.9800057000         1.0000000000         0.6818913264         1.4314550609       -17.0097845935
        8.9850065000         1.0000000000         0.6716820190         1.3676581244       -17.2757338904
        8.9900042000         1.0000000000         0.6921006339         1.3064130654       -16.7438352966
        8.9950065000         1.0000000000         0.6793389996         1.2375123740       -17.0762719178
        9.0000043000         1.0000000000         0.6895483070         1.1737154375       -16.8103226209
        9.0050061000         1.0000000000         0.6818913264         1.1150222560       -17.0097845935
        9.0100045000         1.0000000000         0.6895483070         1.0435696871       -16.8103226209
        9.0150072000         1.0000000000         0.6869959802         0.9874283830       -16.8768099451
        9.0200039000         1.0000000000         0.6742343459         0.9159758142       -17.2092465662
        9.0250048000         1.0000000000         0.6844436533         0.8496270002       -16.9432972693
        9.0300080000         1.0000000000         0.6869959802         0.7832781863       -16.8768099451
        9.0350053000         1.0000000000         0.6946529607         0.7169293724       -16.6773479724
        9.0400055000         1.0000000000         0.6716820190         0.6531324359       -17.2757338904
        9.0450040000         1.0000000000         0.6946529607         0.5918873769       -16.6773479724
        9.0500066000         1.0000000000         0.6793389996         0.5153310531       -17.0762719178
        9.0550058000         1.0000000000         0.6844436533         0.4515341166       -16.9432972693
        9.0600054000         1.0000000000         0.6742343459         0.3775296703       -17.2092465662
        9.0650035000         1.0000000000         0.6946529607         0.3264921211       -16.6773479724
        9.0700054000         1.0000000000         0.6844436533         0.2473839199       -16.9432972693
        9.0750063000         1.0000000000         0.6767866727         0.1810351060       -17.1427592420
        9.0800054000         1.0000000000         0.6818913264         0.1070306597       -17.0097845935
        9.0850046000         1.0000000000         0.6972052876         0.0508893556       -16.6108606482
        9.0900064000         1.0000000000         0.6818913264         0.0024036839       -17.0097845935
        9.0950050000         1.0000000000         0.6895483070         0.0049555613       -16.8103226209
        9.1000073000         1.0000000000         0.6793389996         1.1022628687       -17.0762719178
        9.1050055000         1.0000000000         0.6921006339         5.0117391359       -16.7438352966
        9.1100064000         1.0000000000         0.6895483070         5.0066353810       -16.8103226209
        9.1150048000         1.0000000000         0.6921006339         4.9581497092       -16.7438352966
        9.1200067000         1.0000000000         0.6895483070         4.8943527728       -16.8103226209
        9.1250042000         1.0000000000         0.6895483070         4.8203483265       -16.8103226209
        9.1300068000         1.0000000000         0.6793389996         4.7514476351       -17.0762719178
        9.1350073000         1.0000000000         0.6869959802         4.6876506986       -16.8768099451
        9.1400069000         1.0000000000         0.6793389996         4.6136462523       -17.0762719178
        9.1450040000         1.0000000000         0.6972052876         4.5626087031       -16.6108606482
        9.1500070000         1.0000000000         0.6818913264         4.4937080117       -17.0097845935
        9.1550067000         1.0000000000         0.7023099413         4.4222554428       -16.4778859997
        9.1600062000         1.0000000000         0.6869959802         4.3533547515       -16.8768099451
        9.1650063000         1.0000000000         0.6997576144         4.2946615699       -16.5443733239
        9.1700133000         1.0000000000         0.6921006339         4.2257608785       -16.7438352966
        9.1750041000         1.0000000000         0.6895483070         4.1568601871       -16.8103226209
        9.1800121000         1.0000000000         0.6946529607         4.0956151281       -16.6773479724
        9.1850095000         1.0000000000         0.6972052876         4.0267144367       -16.6108606482
        9.1900141000         1.0000000000         0.6921006339         3.9680212551       -16.7438352966
        9.1950088000         1.0000000000         0.7048622681         3.9067761961       -16.4113986755
        9.2000063000         1.0000000000         0.6844436533         3.8455311371       -16.9432972693
        9.2050092000         1.0000000000         0.6997576144         3.7817342006       -16.5443733239
        9.2100113000         1.0000000000         0.7074145950         3.7230410191       -16.3449113513
        9.2150045000         1.0000000000         0.7023099413         3.6566922051       -16.4778859997
        9.2200123000         1.0000000000         0.6895483070         3.5877915138       -16.8103226209
        9.2250039000         1.0000000000         0.7048622681         3.5214426998       -16.4113986755
        9.2300066000         1.0000000000         0.6972052876         3.4627495183       -16.6108606482
        9.2350058000         1.0000000000         0.6869959802         3.3989525818       -16.8768099451
        9.2400140000         1.0000000000         0.6997576144         3.3428112777       -16.5443733239
        9.2450071000         1.0000000000         0.6997576144         3.2764624638       -16.5443733239
        9.2500143000         1.0000000000         0.6972052876         3.2024580174       -16.6108606482
        9.2550064000         1.0000000000         0.6895483070         3.1412129584       -16.8103226209
        9.2600137000         1.0000000000         0.6921006339         3.0825197769       -16.7438352966
        9.2650103000         1.0000000000         0.7023099413         3.0238265953       -16.4778859997
        9.2700135000         1.0000000000         0.7048622681         2.9625815363       -16.4113986755
        9.2750094000         1.0000000000         0.6946529607         2.8936808449       -16.6773479724
        9.2800043000         1.0000000000         0.6997576144         2.8324357859       -16.5443733239
        9.2850119000         1.0000000000         0.6818913264         2.7558794621       -17.0097845935
        9.2900090000         1.0000000000         0.6946529607         2.6895306482       -16.6773479724
        9.2950056000         1.0000000000         0.6793389996         2.6282855892       -17.0762719178
        9.3000060000         1.0000000000         0.6972052876         2.5670405302       -16.6108606482
        9.3050051000         1.0000000000         0.6997576144         2.5057954711       -16.5443733239
        9.3100033000         1.0000000000         0.6869959802         2.4394466572       -16.8768099451
        9.3150147000         1.0000000000         0.6767866727         2.3679940883       -17.1427592420
        9.3200095000         1.0000000000         0.6997576144         2.3118527843       -16.5443733239
        9.3250085000         1.0000000000         0.6946529607         2.2531596027       -16.6773479724
        9.3300052000         1.0000000000         0.6818913264         2.1842589113       -17.0097845935
        9.3350127000         1.0000000000         0.6946529607         2.1179100974       -16.6773479724
        9.3400050000         1.0000000000         0.6844436533         2.0490094060       -16.9432972693
        9.3450154000         1.0000000000         0.6793389996         1.9826605920       -17.0762719178
        9.3500156000         1.0000000000         0.6818913264         1.9239674105       -17.0097845935
        9.3550126000         1.0000000000         0.6921006339         1.8576185965       -16.7438352966
        9.3600042000         1.0000000000         0.6895483070         1.7887179052       -16.8103226209
        9.3650113000         1.0000000000         0.6869959802         1.7351284785       -16.8768099451
        9.3700107000         1.0000000000         0.6869959802         1.6713315420       -16.8768099451
        9.3750059000         1.0000000000         0.6614727116         1.5998789732       -17.5416831873
        9.3800049000         1.0000000000         0.6946529607         1.5462895465       -16.6773479724
        9.3850142000         1.0000000000         0.6665773653         1.4748369777       -17.4087085389
        9.3900037000         1.0000000000         0.6895483070         1.4161437961       -16.8103226209
        9.3950137000         1.0000000000         0.6691296922         1.3421393498       -17.3422212147
        9.4000087000         1.0000000000         0.6946529607         1.2834461683       -16.6773479724
        9.4050103000         1.0000000000         0.6767866727         1.2170973543       -17.1427592420
        9.4100044000         1.0000000000         0.6869959802         1.1533004179       -16.8768099451
        9.4150160000         1.0000000000         0.6869959802         1.0818478490       -16.8768099451
        9.4200049000         1.0000000000         0.6818913264         1.0206027900       -17.0097845935
        9.4250034000         1.0000000000         0.6818913264         0.9593577310       -17.0097845935
        9.4300037000         1.0000000000         0.6716820190         0.8904570396       -17.2757338904
        9.4350031000         1.0000000000         0.6895483070         0.8266601031       -16.8103226209
        9.4400034000         1.0000000000         0.6742343459         0.7577594117       -17.2092465662
        9.4450054000         1.0000000000         0.6818913264         0.6837549654       -17.0097845935
        9.4500065000         1.0000000000         0.6869959802         0.6225099064       -16.8768099451
        9.4550049000         1.0000000000         0.6869959802         0.5612648474       -16.8768099451
        9.4600042000         1.0000000000         0.6742343459         0.4872604011       -17.2092465662
        9.4650057000         1.0000000000         0.6895483070         0.4234634646       -16.8103226209
        9.4700032000         1.0000000000         0.6844436533         0.3494590183       -16.9432972693
        9.4750050000         1.0000000000         0.6921006339         0.2933177142       -16.7438352966
        9.4800045000         1.0000000000         0.6844436533         0.2244170228       -16.9432972693
        9.4850031000         1.0000000000         0.6869959802         0.1580682088       -16.8768099451
        9.4900034000         1.0000000000         0.7023099413         0.0968231498       -16.4778859997
        9.4950043000         1.0000000000         0.6869959802         0.0279224584       -16.8768099451
        9.5000045000         1.0000000000         0.6921006339         0.0049555613       -16.7438352966
        9.5050045000         1.0000000000         0.6921006339         0.0100593162       -16.7438352966
        9.5100038000         1.0000000000         0.6793389996         1.1073666236       -17.0762719178
        9.5150028000         1.0000000000         0.6895483070         5.0040835035       -16.8103226209
        9.5200840000         1.0000000000         0.6793389996         4.9964278711       -17.0762719178
        9.5250034000         1.0000000000         0.6793389996         4.9300790572       -17.0762719178
        9.5300038000         1.0000000000         0.6921006339         4.8662821207       -16.7438352966
        9.5350047000         1.0000000000         0.6921006339         4.7948295519       -16.7438352966
        9.5400199000         1.0000000000         0.6818913264         4.7284807379       -17.0097845935
        9.5450050000         1.0000000000         0.7048622681         4.6646838015       -16.4113986755
        9.5500038000         1.0000000000         0.6844436533         4.5957831101       -16.9432972693
        9.5550066000         1.0000000000         0.6946529607         4.5294342961       -16.6773479724
        9.5600036000         1.0000000000         0.6972052876         4.4630854822       -16.6108606482
        9.5650040000         1.0000000000         0.7023099413         4.4018404232       -16.4778859997
        9.5700030000         1.0000000000         0.6972052876         4.3380434867       -16.6108606482
        9.5750041000         1.0000000000         0.6921006339         4.2640390404       -16.7438352966
        9.5800043000         1.0000000000         0.6869959802         4.2053458588       -16.8768099451
        9.5850036000         1.0000000000         0.6972052876         4.1415489224       -16.6108606482
        9.5900041000         1.0000000000         0.7023099413         4.0854076183       -16.4778859997
        9.5950189000         1.0000000000         0.6869959802         4.0114031719       -16.8768099451
        9.6000040000         1.0000000000         0.6972052876         3.9501581129       -16.6108606482
        9.6050032000         1.0000000000         0.6869959802         3.8838092990       -16.8768099451
        9.6100040000         1.0000000000         0.6793389996         3.8200123625       -17.0762719178
        9.6150043000         1.0000000000         0.6972052876         3.7613191810       -16.6108606482
        9.6200046000         1.0000000000         0.7023099413         3.6975222445       -16.4778859997
        9.6250040000         1.0000000000         0.6946529607         3.6286215531       -16.6773479724
        9.6300053000         1.0000000000         0.6946529607         3.5673764941       -16.6773479724
        9.6350047000         1.0000000000         0.6869959802         3.5035795576       -16.8768099451
        9.6400047000         1.0000000000         0.6921006339         3.4346788662       -16.7438352966
        9.6450027000         1.0000000000         0.6946529607         3.3810894396       -16.6773479724
        9.6500048000         1.0000000000         0.6844436533         3.3096368707       -16.9432972693
        9.6550379000         1.0000000000         0.6921006339         3.2483918117       -16.7438352966
        9.6600071000         1.0000000000         0.6972052876         3.1820429978       -16.6108606482
        9.6650043000         1.0000000000         0.6869959802         3.1182460613       -16.8768099451
        9.6700070000         1.0000000000         0.6818913264         3.0493453699       -17.0097845935
        9.6750077000         1.0000000000         0.6921006339         2.9881003109       -16.7438352966
        9.6800073000         1.0000000000         0.7023099413         2.9319590068       -16.4778859997
        9.6850065000         1.0000000000         0.6818913264         2.8554026830       -17.0097845935
        9.6900084000         1.0000000000         0.6895483070         2.7992613789       -16.8103226209
        9.6950070000         1.0000000000         0.6997576144         2.7380163199       -16.5443733239
        9.7000065000         1.0000000000         0.6742343459         2.6614599961       -17.2092465662
        9.7050920000         1.0000000000         0.6844436533         2.5951111822       -16.9432972693
        9.7100074000         1.0000000000         0.6921006339         2.5389698781       -16.7438352966
        9.7151493000         1.0000000000         0.7048622681         2.4802766965       -16.4113986755
        9.7200045000         1.0000000000         0.6691296922         2.4062722502       -17.3422212147
        9.7250151000         1.0000000000         0.6844436533         2.3424753138       -16.9432972693
        9.7300027000         1.0000000000         0.6895483070         2.2812302547       -16.8103226209
        9.7350047000         1.0000000000         0.6869959802         2.2199851957       -16.8768099451
        9.7400057000         1.0000000000         0.6793389996         2.1434288720       -17.0762719178
        9.7450045000         1.0000000000         0.6997576144         2.0923913228       -16.5443733239
        9.7500031000         1.0000000000         0.6921006339         2.0234906314       -16.7438352966
        9.7550023000         1.0000000000         0.6818913264         1.9622455724       -17.0097845935
        9.7600032000         1.0000000000         0.6844436533         1.8933448810       -16.9432972693
        9.7650029000         1.0000000000         0.6793389996         1.8244441896       -17.0762719178
        9.7700028000         1.0000000000         0.6895483070         1.7631991306       -16.8103226209
        9.7750022000         1.0000000000         0.6997576144         1.7096097039       -16.5443733239
        9.7800033000         1.0000000000         0.6767866727         1.6356052576       -17.1427592420
        9.7850018000         1.0000000000         0.6793389996         1.5769120761       -17.0762719178
        9.7900041000         1.0000000000         0.7023099413         1.5156670170       -16.4778859997
        9.7950330000         1.0000000000         0.6844436533         1.4442144482       -16.9432972693
        9.8000036000         1.0000000000         0.6665773653         1.3676581244       -17.4087085389
        9.8050018000         1.0000000000         0.6946529607         1.3166205752       -16.6773479724
        9.8100042000         1.0000000000         0.6895483070         1.2502717613       -16.8103226209
        9.8150035000         1.0000000000         0.6895483070         1.1890267023       -16.8103226209
        9.8200052000         1.0000000000         0.6767866727         1.1252297658       -17.1427592420
        9.8250045000         1.0000000000         0.6946529607         1.0588809519       -16.6773479724
        9.8300056000         1.0000000000         0.7048622681         0.9950840154       -16.4113986755
        9.8350050000         1.0000000000         0.6895483070         0.9312870789       -16.8103226209
        9.8400031000         1.0000000000         0.6767866727         0.8572826326       -17.1427592420
        9.8450057000         1.0000000000         0.6818913264         0.7934856961       -17.0097845935
        9.8500034000         1.0000000000         0.6818913264         0.7296887597       -17.0097845935
        9.8550056000         1.0000000000         0.6946529607         0.6709955781       -16.6773479724
        9.8600036000         1.0000000000         0.6921006339         0.5995430093       -16.7438352966
        9.8650057000         1.0000000000         0.6818913264         0.5306423179       -17.0097845935
        9.8700061000         1.0000000000         0.6767866727         0.4591897490       -17.1427592420
        9.8750059000         1.0000000000         0.6869959802         0.4004965675       -16.8768099451
        9.8800038000         1.0000000000         0.6869959802         0.3315958761       -16.8768099451
        9.8850080000         1.0000000000         0.6742343459         0.2626951847       -17.2092465662
        9.8900048000         1.0000000000         0.6869959802         0.1937944933       -16.8768099451
        9.8950058000         1.0000000000         0.6818913264         0.1248938019       -17.0097845935
        9.9000064000         1.0000000000         0.6742343459         0.0559931105       -17.2092465662
        9.9050065000         1.0000000000         0.6869959802         0.0024036839       -16.8768099451
        9.9100042000         1.0000000000         0.6869959802         0.0049555613       -16.8768099451
        9.9150066000         1.0000000000         0.6793389996         1.1022628687       -17.0762719178
        9.9200040000         1.0000000000         0.7023099413         5.0117391359       -16.4778859997
        9.9250061000         1.0000000000         0.6921006339         5.0091872584       -16.7438352966
        9.9300076000         1.0000000000         0.6716820190         4.9658053416       -17.2757338904
        9.9350083000         1.0000000000         0.6946529607         4.9020084051       -16.6773479724
        9.9400046000         1.0000000000         0.6793389996         4.8331077137       -17.0762719178
        9.9450058000         1.0000000000         0.6869959802         4.7769664097       -16.8768099451
        9.9500036000         1.0000000000         0.6946529607         4.6953063310       -16.6773479724
        9.9550060000         1.0000000000         0.6972052876         4.6391650269       -16.6108606482
        9.9600041000         1.0000000000         0.6844436533         4.5702643355       -16.9432972693
        9.9650061000         1.0000000000         0.6921006339         4.4937080117       -16.7438352966
        9.9700054000         1.0000000000         0.6895483070         4.4426704625       -16.8103226209
        9.9750047000         1.0000000000         0.6895483070         4.3737697711       -16.8103226209
        9.9800034000         1.0000000000         0.6972052876         4.3048690797       -16.6108606482
        9.9850047000         1.0000000000         0.6767866727         4.2359683883       -17.1427592420
        9.9900043000         1.0000000000         0.6921006339         4.1747233293       -16.7438352966
        9.9950098000         1.0000000000         0.6946529607         4.1134782703       -16.6773479724
