% Motor Sweep Step 9/50
% Vcmd       = 3.0000 [V]
% Direction  = CW
% Vg_offset  = 1.334866 [V]
% K_gimbal   = 26.049690 [(rad/s)/V]

Time[s]              Vcmd[V]              Vg_raw[V]            Pot[V]               Omega[rad/s]
        0.0000138000         3.0000000000         1.3352870017         0.0355780908         0.0109704085
        0.0050100000         3.0000000000         1.3429439823         0.0432337232         0.2104323812
        0.0100099000         3.0000000000         1.3327346748         0.0330262134        -0.0555169157
        0.0150060000         3.0000000000         1.3276300211         0.0279224584        -0.1884915642
        0.0200080000         3.0000000000         1.3352870017         0.0330262134         0.0109704085
        0.0250065000         3.0000000000         1.3480486360         0.0330262134         0.3434070296
        0.0300101000         3.0000000000         1.4424847297         0.0457856007         2.8034380260
        0.0350104000         3.0000000000         1.4246184417         0.0508893556         2.3380267564
        0.0400059000         3.0000000000         1.4169614611         0.0662006203         2.1385647838
        0.0450110000         3.0000000000         1.4348277491         0.0636487429         2.6039760533
        0.0502101000         3.0000000000         1.4220661148         0.0738562527         2.2715394322
        0.0550191000         3.0000000000         1.4297230954         0.0891675175         2.4710014049
        0.0600106000         3.0000000000         1.4475893834         0.0993750273         2.9364126745
        0.0650079000         3.0000000000         1.4246184417         0.1044787822         2.3380267564
        0.0701594000         3.0000000000         1.4475893834         0.1223419244         2.9364126745
        0.0750104000         3.0000000000         1.4501417102         0.1402050666         3.0028999987
        0.0800104000         3.0000000000         1.4424847297         0.1427569441         2.8034380260
        0.0850108000         3.0000000000         1.4526940371         0.1555163314         3.0693873229
        0.0900138000         3.0000000000         1.4475893834         0.1631719638         2.9364126745
        0.0950085000         3.0000000000         1.4501417102         0.1784832285         3.0028999987
        0.1000102000         3.0000000000         1.4322754222         0.1912426158         2.5374887291
        0.1050095000         3.0000000000         1.4501417102         0.2014501257         3.0028999987
        0.1100100000         3.0000000000         1.4603510177         0.2116576355         3.2688492956
        0.1150093000         3.0000000000         1.4654556714         0.2346245326         3.4018239441
        0.1200101000         3.0000000000         1.4654556714         0.2422801650         3.4018239441
        0.1250073000         3.0000000000         1.4603510177         0.2575914298         3.2688492956
        0.1300114000         3.0000000000         1.4680079982         0.2729026945         3.4683112683
        0.1350095000         3.0000000000         1.4782173056         0.2907658367         3.7342605652
        0.1400570000         3.0000000000         1.4680079982         0.3009733466         3.4683112683
        0.1450121000         3.0000000000         1.4833219594         0.3213883662         3.8672352136
        0.1500096000         3.0000000000         1.4680079982         0.3213883662         3.4683112683
        0.1550057000         3.0000000000         1.4654556714         0.3366996310         3.4018239441
        0.1600114000         3.0000000000         1.4782173056         0.3520108957         3.7342605652
        0.1650101000         3.0000000000         1.4705603251         0.3673221605         3.5347985925
        0.1700109000         3.0000000000         1.4782173056         0.3826334252         3.7342605652
        0.1750107000         3.0000000000         1.4858742862         0.4030484449         3.9337225379
        0.1800117000         3.0000000000         1.4756649788         0.4132559548         3.6677732410
        0.1850080000         3.0000000000         1.4884266131         0.4285672195         4.0002098621
        0.1900089000         3.0000000000         1.4756649788         0.4413266068         3.6677732410
        0.1950117000         3.0000000000         1.4680079982         0.4489822392         3.4683112683
        0.2000107000         3.0000000000         1.4858742862         0.4719491363         3.9337225379
        0.2050094000         3.0000000000         1.4629033445         0.4745010138         3.3353366198
        0.2100086000         3.0000000000         1.4782173056         0.4974679109         3.7342605652
        0.2150101000         3.0000000000         1.4807696325         0.5102272982         3.8007478894
        0.2200076000         3.0000000000         1.4705603251         0.5204348080         3.5347985925
        0.2250096000         3.0000000000         1.4731126519         0.5357460728         3.6012859167
        0.2300122000         3.0000000000         1.4858742862         0.5638167248         3.9337225379
        0.2350105000         3.0000000000         1.4731126519         0.5689204797         3.6012859167
        0.2400089000         3.0000000000         1.4858742862         0.5842317445         3.9337225379
        0.2450122000         3.0000000000         1.4756649788         0.5995430093         3.6677732410
        0.2500526000         3.0000000000         1.4782173056         0.6148542740         3.7342605652
        0.2550421000         3.0000000000         1.4858742862         0.6250617838         3.9337225379
        0.2600054000         3.0000000000         1.4858742862         0.6480286810         3.9337225379
        0.2650079000         3.0000000000         1.4807696325         0.6582361908         3.8007478894
        0.2700113000         3.0000000000         1.4756649788         0.6684437007         3.6677732410
        0.2750097000         3.0000000000         1.4756649788         0.6863068429         3.6677732410
        0.2800110000         3.0000000000         1.4807696325         0.6939624752         3.8007478894
        0.2850103000         3.0000000000         1.4833219594         0.7169293724         3.8672352136
        0.2900100000         3.0000000000         1.4782173056         0.7296887597         3.7342605652
        0.2950432000         3.0000000000         1.4884266131         0.7526556568         4.0002098621
        0.3000074000         3.0000000000         1.4884266131         0.7679669216         4.0002098621
        0.3050061000         3.0000000000         1.4858742862         0.7807263088         3.9337225379
        0.3100098000         3.0000000000         1.4884266131         0.7909338187         4.0002098621
        0.3150105000         3.0000000000         1.4807696325         0.8036932060         3.8007478894
        0.3200107000         3.0000000000         1.4782173056         0.8215563482         3.7342605652
        0.3250103000         3.0000000000         1.4833219594         0.8292119806         3.8672352136
        0.3300100000         3.0000000000         1.4833219594         0.8547307552         3.8672352136
        0.3350071000         3.0000000000         1.4833219594         0.8623863875         3.8672352136
        0.3400086000         3.0000000000         1.4909789399         0.8853532847         4.0666971863
        0.3450095000         3.0000000000         1.4807696325         0.8930089170         3.8007478894
        0.3501829000         3.0000000000         1.4960835936         0.9159758142         4.1996718348
        0.3550062000         3.0000000000         1.4807696325         0.9236314466         3.8007478894
        0.3600100000         3.0000000000         1.4782173056         0.9363908338         3.7342605652
        0.3650104000         3.0000000000         1.4884266131         0.9542539761         4.0002098621
        0.3700108000         3.0000000000         1.4858742862         0.9746689957         3.9337225379
        0.3750117000         3.0000000000         1.4807696325         0.9772208732         3.8007478894
        0.3800108000         3.0000000000         1.4909789399         1.0001877703         4.0666971863
        0.3850077000         3.0000000000         1.4858742862         1.0206027900         3.9337225379
        0.3900094000         3.0000000000         1.4960835936         1.0308102998         4.1996718348
        0.3950098000         3.0000000000         1.4833219594         1.0461215646         3.8672352136
        0.4000097000         3.0000000000         1.4884266131         1.0665365843         4.0002098621
        0.4050087000         3.0000000000         1.4909789399         1.0767440941         4.0666971863
        0.4100072000         3.0000000000         1.4858742862         1.0920553588         3.9337225379
        0.4150082000         3.0000000000         1.4526940371         1.1073666236         3.0693873229
        0.4200078000         3.0000000000         1.4884266131         1.1277816433         4.0002098621
        0.4250087000         3.0000000000         1.4884266131         1.1405410306         4.0002098621
        0.4300098000         3.0000000000         1.4909789399         1.1507485404         4.0666971863
        0.4350076000         3.0000000000         1.4833219594         1.1660598052         3.8672352136
        0.4400095000         3.0000000000         1.4884266131         1.1839229474         4.0002098621
        0.4450076000         3.0000000000         1.4884266131         1.1966823347         4.0002098621
        0.4500098000         3.0000000000         1.4782173056         1.2068898445         3.7342605652
        0.4550092000         3.0000000000         1.4884266131         1.2222011093         4.0002098621
        0.4600050000         3.0000000000         1.4884266131         1.2400642515         4.0002098621
        0.4650063000         3.0000000000         1.4858742862         1.2604792711         3.9337225379
        0.4700207000         3.0000000000         1.4935312668         1.2706867810         4.1331845106
        0.4750067000         3.0000000000         1.4833219594         1.2808942908         3.8672352136
        0.4800078000         3.0000000000         1.4833219594         1.2936536781         3.8672352136
        0.4850074000         3.0000000000         1.4960835936         1.3115168203         4.1996718348
        0.4900074000         3.0000000000         1.4833219594         1.3319318400         3.8672352136
        0.4950107000         3.0000000000         1.4756649788         1.3370355949         3.6677732410
        0.5000060000         3.0000000000         1.4833219594         1.3651062470         3.8672352136
        0.5050101000         3.0000000000         1.4782173056         1.3676581244         3.7342605652
        0.5102335000         3.0000000000         1.4986359205         1.3982806539         4.2661591590
        0.5150137000         3.0000000000         1.4807696325         1.4033844088         3.8007478894
        0.5200070000         3.0000000000         1.4833219594         1.4135919187         3.8672352136
        0.5250096000         3.0000000000         1.4935312668         1.4442144482         4.1331845106
        0.5300562000         3.0000000000         1.4909789399         1.4518700806         4.0666971863
        0.5350083000         3.0000000000         1.4884266131         1.4595257129         4.0002098621
        0.5400087000         3.0000000000         1.4884266131         1.4824926101         4.0002098621
        0.5450075000         3.0000000000         1.4909789399         1.4927001199         4.0666971863
        0.5501261000         3.0000000000         1.4884266131         1.5105632621         4.0002098621
        0.5550540000         3.0000000000         1.4833219594         1.5258745269         3.8672352136
        0.5600095000         3.0000000000         1.4986359205         1.5437376691         4.2661591590
        0.5650071000         3.0000000000         1.4935312668         1.5667045662         4.1331845106
        0.5700181000         3.0000000000         1.4960835936         1.5743601986         4.1996718348
        0.5750077000         3.0000000000         1.4858742862         1.5871195859         3.9337225379
        0.5800061000         3.0000000000         1.4858742862         1.5973270957         3.9337225379
        0.5850145000         3.0000000000         1.4960835936         1.6279496252         4.1996718348
        0.5900110000         3.0000000000         1.4960835936         1.6381571351         4.1996718348
        0.5950046000         3.0000000000         1.4884266131         1.6509165224         4.0002098621
        0.6000068000         3.0000000000         1.4935312668         1.6636759097         4.1331845106
        0.6050065000         3.0000000000         1.4858742862         1.6789871744         3.9337225379
        0.6100535000         3.0000000000         1.4884266131         1.6968503166         4.0002098621
        0.6150087000         3.0000000000         1.4884266131         1.7198172138         4.0002098621
        0.6200075000         3.0000000000         1.4884266131         1.7300247236         4.0002098621
        0.6250064000         3.0000000000         1.4782173056         1.7351284785         3.7342605652
        0.6300069000         3.0000000000         1.4807696325         1.7529916207         3.8007478894
        0.6350069000         3.0000000000         1.4884266131         1.7683028855         4.0002098621
        0.6400100000         3.0000000000         1.4833219594         1.7836141502         3.8672352136
        0.6450073000         3.0000000000         1.4884266131         1.8040291699         4.0002098621
        0.6500163000         3.0000000000         1.4833219594         1.8065810474         3.8672352136
        0.6550074000         3.0000000000         1.4858742862         1.8244441896         3.9337225379
        0.6600048000         3.0000000000         1.4858742862         1.8448592093         3.9337225379
        0.6650069000         3.0000000000         1.4884266131         1.8550667191         4.0002098621
        0.6700424000         3.0000000000         1.4756649788         1.8627223515         3.6677732410
        0.6750063000         3.0000000000         1.4858742862         1.8805854937         3.9337225379
        0.6800090000         3.0000000000         1.4833219594         1.8907930035         3.8672352136
        0.6850063000         3.0000000000         1.4782173056         1.9061042683         3.7342605652
        0.6900096000         3.0000000000         1.4909789399         1.9341749203         4.0666971863
        0.6950081000         3.0000000000         1.4833219594         1.9418305527         3.8672352136
        0.7000069000         3.0000000000         1.4833219594         1.9545899400         3.8672352136
        0.7050095000         3.0000000000         1.4909789399         1.9699012047         4.0666971863
        0.7100095000         3.0000000000         1.4782173056         1.9852124695         3.7342605652
        0.7150065000         3.0000000000         1.4807696325         1.9954199793         3.8007478894
        0.7200068000         3.0000000000         1.4858742862         2.0158349990         3.9337225379
        0.7250098000         3.0000000000         1.4833219594         2.0311462638         3.8672352136
        0.7300067000         3.0000000000         1.4960835936         2.0515612834         4.1996718348
        0.7350105000         3.0000000000         1.4858742862         2.0643206707         3.9337225379
        0.7400083000         3.0000000000         1.4833219594         2.0770800580         3.8672352136
        0.7450101000         3.0000000000         1.4807696325         2.0847356904         3.8007478894
        0.7500358000         3.0000000000         1.4833219594         2.1077025875         3.8672352136
        0.7550063000         3.0000000000         1.4909789399         2.1179100974         4.0666971863
        0.7600074000         3.0000000000         1.4833219594         2.1306694847         3.8672352136
        0.7650095000         3.0000000000         1.4833219594         2.1536363818         3.8672352136
        0.7700060000         3.0000000000         1.4935312668         2.1714995240         4.1331845106
        0.7750080000         3.0000000000         1.4807696325         2.1791551564         3.8007478894
        0.7800074000         3.0000000000         1.4884266131         2.1995701761         4.0002098621
        0.7850083000         3.0000000000         1.4884266131         2.2123295633         4.0002098621
        0.7900073000         3.0000000000         1.4909789399         2.2276408281         4.0666971863
        0.7951286000         3.0000000000         1.4884266131         2.2404002154         4.0002098621
        0.8000064000         3.0000000000         1.4960835936         2.2659189900         4.1996718348
        0.8050070000         3.0000000000         1.4807696325         2.2659189900         3.8007478894
        0.8101956000         3.0000000000         1.4833219594         2.2837821322         3.8672352136
        0.8150086000         3.0000000000         1.4577986908         2.2965415195         3.2023619714
        0.8200053000         3.0000000000         1.4756649788         2.3169565392         3.6677732410
        0.8250079000         3.0000000000         1.4909789399         2.3271640490         4.0666971863
        0.8300314000         3.0000000000         1.4909789399         2.3501309461         4.0666971863
        0.8350060000         3.0000000000         1.4833219594         2.3628903334         3.8672352136
        0.8400110000         3.0000000000         1.4935312668         2.3807534756         4.1331845106
        0.8450084000         3.0000000000         1.4858742862         2.3884091080         3.9337225379
        0.8500113000         3.0000000000         1.4909789399         2.4139278826         4.0666971863
        0.8550112000         3.0000000000         1.4884266131         2.4241353924         4.0002098621
        0.8600127000         3.0000000000         1.4807696325         2.4419985347         3.8007478894
        0.8650079000         3.0000000000         1.4986359205         2.4598616769         4.2661591590
        0.8700098000         3.0000000000         1.4909789399         2.4751729416         4.0666971863
        0.8750092000         3.0000000000         1.4960835936         2.4802766965         4.1996718348
        0.8800066000         3.0000000000         1.4935312668         2.5057954711         4.1331845106
        0.8850094000         3.0000000000         1.4960835936         2.5185548584         4.1996718348
        0.8900124000         3.0000000000         1.5037405742         2.5415217556         4.3991338075
        0.8950066000         3.0000000000         1.4884266131         2.5491773879         4.0002098621
        0.9000096000         3.0000000000         1.5011882474         2.5670405302         4.3326464832
        0.9050096000         3.0000000000         1.4986359205         2.5849036724         4.2661591590
        0.9100081000         3.0000000000         1.4935312668         2.5951111822         4.1331845106
        0.9150098000         3.0000000000         1.5037405742         2.6231818342         4.3991338075
        0.9200090000         3.0000000000         1.4960835936         2.6282855892         4.1996718348
        0.9250096000         3.0000000000         1.5037405742         2.6487006088         4.3991338075
        0.9300066000         3.0000000000         1.4986359205         2.6589081187         4.2661591590
        0.9350095000         3.0000000000         1.4986359205         2.6895306482         4.2661591590
        0.9400065000         3.0000000000         1.5062929011         2.6997381580         4.4656211317
        0.9450104000         3.0000000000         1.4986359205         2.7176013002         4.2661591590
        0.9500061000         3.0000000000         1.5139498816         2.7405681974         4.6650831044
        0.9550094000         3.0000000000         1.4986359205         2.7533275847         4.2661591590
        0.9600099000         3.0000000000         1.4986359205         2.7584313396         4.2661591590
        0.9650093000         3.0000000000         1.5062929011         2.7865019916         4.4656211317
        0.9700098000         3.0000000000         1.5011882474         2.8018132564         4.3326464832
        0.9750175000         3.0000000000         1.4960835936         2.8094688888         4.1996718348
        0.9800109000         3.0000000000         1.4960835936         2.8349876633         4.1996718348
        0.9850098000         3.0000000000         1.5011882474         2.8426432957         4.3326464832
        0.9900058000         3.0000000000         1.5011882474         2.8554026830         4.3326464832
        0.9950111000         3.0000000000         1.5037405742         2.8834733351         4.3991338075
        1.0000096000         3.0000000000         1.4858742862         2.8885770900         3.9337225379
        1.0050093000         3.0000000000         1.4960835936         2.9166477420         4.1996718348
        1.0100111000         3.0000000000         1.4986359205         2.9345108842         4.2661591590
        1.0150106000         3.0000000000         1.4960835936         2.9421665166         4.1996718348
        1.0200068000         3.0000000000         1.4986359205         2.9625815363         4.2661591590
        1.0250093000         3.0000000000         1.4960835936         2.9727890461         4.1996718348
        1.0300077000         3.0000000000         1.4960835936         2.9855484334         4.1996718348
        1.0350096000         3.0000000000         1.5011882474         3.0085153306         4.3326464832
        1.0400098000         3.0000000000         1.4960835936         3.0161709629         4.1996718348
        1.0450095000         3.0000000000         1.4960835936         3.0416897375         4.1996718348
        1.0500073000         3.0000000000         1.4909789399         3.0518972474         4.0666971863
        1.0550097000         3.0000000000         1.4909789399         3.0672085121         4.0666971863
        1.0600084000         3.0000000000         1.4960835936         3.0774160220         4.1996718348
        1.0650107000         3.0000000000         1.4909789399         3.1029347965         4.0666971863
        1.0700081000         3.0000000000         1.4833219594         3.1131423064         3.8672352136
        1.0750104000         3.0000000000         1.4986359205         3.1335573261         4.2661591590
        1.0800115000         3.0000000000         1.4909789399         3.1463167133         4.0666971863
        1.0850097000         3.0000000000         1.4935312668         3.1667317330         4.1331845106
        1.0900082000         3.0000000000         1.4986359205         3.1692836105         4.2661591590
        1.0950212000         3.0000000000         1.4884266131         3.1948023851         4.0002098621
        1.1000155000         3.0000000000         1.4909789399         3.2024580174         4.0666971863
        1.1050098000         3.0000000000         1.4858742862         3.2279767920         3.9337225379
        1.1100088000         3.0000000000         1.4858742862         3.2305286695         3.9337225379
        1.1150085000         3.0000000000         1.4884266131         3.2458399342         4.0002098621
        1.1200062000         3.0000000000         1.4960835936         3.2739105863         4.1996718348
        1.1250093000         3.0000000000         1.4858742862         3.2764624638         3.9337225379
        1.1300080000         3.0000000000         1.4858742862         3.3045331158         3.9337225379
        1.1350099000         3.0000000000         1.4884266131         3.3121887482         4.0002098621
        1.1400067000         3.0000000000         1.5011882474         3.3351556453         4.3326464832
        1.1450158000         3.0000000000         1.4986359205         3.3530187875         4.2661591590
        1.1500185000         3.0000000000         1.4884266131         3.3530187875         4.0002098621
        1.1550083000         3.0000000000         1.4858742862         3.3708819297         3.9337225379
        1.1600137000         3.0000000000         1.4935312668         3.3938488269         4.1331845106
        1.1650097000         3.0000000000         1.4884266131         3.4015044592         4.0002098621
        1.1700100000         3.0000000000         1.4935312668         3.4219194789         4.1331845106
        1.1750076000         3.0000000000         1.5011882474         3.4448863760         4.3326464832
        1.1800065000         3.0000000000         1.4960835936         3.4576457633         4.1996718348
        1.1850101000         3.0000000000         1.4884266131         3.4704051506         4.0002098621
        1.1900161000         3.0000000000         1.4935312668         3.4857164154         4.1331845106
        1.1950083000         3.0000000000         1.4858742862         3.5010276801         3.9337225379
        1.2000102000         3.0000000000         1.4756649788         3.5112351900         3.6677732410
        1.2050085000         3.0000000000         1.4960835936         3.5342020871         4.1996718348
        1.2100109000         3.0000000000         1.4833219594         3.5469614744         3.8672352136
        1.2150100000         3.0000000000         1.4858742862         3.5571689842         3.9337225379
        1.2200099000         3.0000000000         1.4833219594         3.5699283715         3.8672352136
        1.2250094000         3.0000000000         1.4884266131         3.5928952687         4.0002098621
        1.2300116000         3.0000000000         1.4986359205         3.6133102883         4.2661591590
        1.2350070000         3.0000000000         1.4884266131         3.6235177982         4.0002098621
        1.2400127000         3.0000000000         1.4782173056         3.6337253080         3.7342605652
        1.2450115000         3.0000000000         1.4884266131         3.6490365728         4.0002098621
        1.2500102000         3.0000000000         1.4858742862         3.6643478375         3.9337225379
        1.2550120000         3.0000000000         1.5062929011         3.6924184896         4.4656211317
        1.2600081000         3.0000000000         1.4884266131         3.7000741219         4.0002098621
        1.2650078000         3.0000000000         1.4935312668         3.7153853867         4.1331845106
        1.2700143000         3.0000000000         1.4884266131         3.7281447740         4.0002098621
        1.2750106000         3.0000000000         1.4858742862         3.7460079162         3.9337225379
        1.2800122000         3.0000000000         1.4884266131         3.7587673035         4.0002098621
        1.2850096000         3.0000000000         1.4909789399         3.7715266908         4.0666971863
        1.2900360000         3.0000000000         1.4909789399         3.8021492203         4.0666971863
        1.2950091000         3.0000000000         1.4935312668         3.8149086076         4.1331845106
        1.3000132000         3.0000000000         1.4858742862         3.8251161174         3.9337225379
        1.3050110000         3.0000000000         1.4858742862         3.8404273822         3.9337225379
        1.3100095000         3.0000000000         1.4935312668         3.8582905244         4.1331845106
        1.3150120000         3.0000000000         1.4960835936         3.8812574215         4.1996718348
        1.3200093000         3.0000000000         1.5062929011         3.8965686863         4.4656211317
        1.3250167000         3.0000000000         1.4884266131         3.9016724412         4.0002098621
        1.3300096000         3.0000000000         1.4935312668         3.9246393383         4.1331845106
        1.3350123000         3.0000000000         1.4960835936         3.9348468482         4.1996718348
        1.3400160000         3.0000000000         1.4960835936         3.9501581129         4.1996718348
        1.3450075000         3.0000000000         1.5088452279         3.9756768875         4.5321084559
        1.3500176000         3.0000000000         1.4884266131         3.9833325199         4.0002098621
        1.3550054000         3.0000000000         1.4960835936         4.0062994170         4.1996718348
        1.3600146000         3.0000000000         1.5011882474         4.0190588043         4.3326464832
        1.3650059000         3.0000000000         1.4960835936         4.0420257015         4.1996718348
        1.3700097000         3.0000000000         1.5088452279         4.0573369662         4.5321084559
        1.3750103000         3.0000000000         1.4884266131         4.0675444760         4.0002098621
        1.3800100000         3.0000000000         1.4935312668         4.0752001084         4.1331845106
        1.3850095000         3.0000000000         1.4909789399         4.0981670056         4.0666971863
        1.3900074000         3.0000000000         1.4884266131         4.1160301478         4.0002098621
        1.3950094000         3.0000000000         1.5113975548         4.1364451674         4.5985957801
        1.4000081000         3.0000000000         1.4935312668         4.1492045547         4.1331845106
        1.4050097000         3.0000000000         1.4960835936         4.1619639420         4.1996718348
        1.4100073000         3.0000000000         1.4986359205         4.1798270842         4.2661591590
        1.4150098000         3.0000000000         1.5037405742         4.2027939814         4.3991338075
        1.4200059000         3.0000000000         1.5062929011         4.2206571236         4.4656211317
        1.4250106000         3.0000000000         1.4756649788         4.2283127560         3.6677732410
        1.4300072000         3.0000000000         1.4960835936         4.2461758982         4.1996718348
        1.4350055000         3.0000000000         1.4986359205         4.2614871629         4.2661591590
        1.4400054000         3.0000000000         1.4935312668         4.2819021826         4.1331845106
        1.4450100000         3.0000000000         1.4884266131         4.2870059375         4.0002098621
        1.4500045000         3.0000000000         1.4960835936         4.3074209572         4.1996718348
        1.4550056000         3.0000000000         1.4909789399         4.3201803445         4.0666971863
        1.4600091000         3.0000000000         1.4935312668         4.3431472416         4.1331845106
        1.4650078000         3.0000000000         1.4884266131         4.3584585064         4.0002098621
        1.4700373000         3.0000000000         1.4884266131         4.3686660162         4.0002098621
        1.4750098000         3.0000000000         1.5011882474         4.3941847908         4.3326464832
        1.4803058000         3.0000000000         1.4884266131         4.4018404232         4.0002098621
        1.4850059000         3.0000000000         1.4986359205         4.4222554428         4.2661591590
        1.4900082000         3.0000000000         1.4833219594         4.4324629527         3.8672352136
        1.4950135000         3.0000000000         1.5062929011         4.4605336047         4.4656211317
        1.5000070000         3.0000000000         1.4884266131         4.4656373597         4.0002098621
        1.5050105000         3.0000000000         1.4960835936         4.4860523793         4.1996718348
        1.5101220000         3.0000000000         1.4909789399         4.4988117666         4.0666971863
        1.5150176000         3.0000000000         1.4935312668         4.5192267863         4.1331845106
        1.5200086000         3.0000000000         1.4884266131         4.5294342961         4.0002098621
        1.5250098000         3.0000000000         1.4909789399         4.5472974383         4.0666971863
        1.5300138000         3.0000000000         1.4909789399         4.5677124580         4.0666971863
        1.5350069000         3.0000000000         1.4909789399         4.5830237228         4.0666971863
        1.5400082000         3.0000000000         1.4884266131         4.6008868650         4.0002098621
        1.5450113000         3.0000000000         1.5037405742         4.6264056396         4.3991338075
        1.5500098000         3.0000000000         1.4960835936         4.6391650269         4.1996718348
        1.5550137000         3.0000000000         1.4884266131         4.6468206592         4.0002098621
        1.5600091000         3.0000000000         1.4909789399         4.6646838015         4.0666971863
        1.5650143000         3.0000000000         1.4833219594         4.6876506986         3.8672352136
        1.5700131000         3.0000000000         1.4935312668         4.6978582084         4.1331845106
        1.5750105000         3.0000000000         1.4552463639         4.7131694732         3.1358746472
        1.5800097000         3.0000000000         1.4858742862         4.7284807379         3.9337225379
        1.5850114000         3.0000000000         1.4986359205         4.7514476351         4.2661591590
        1.5900088000         3.0000000000         1.4935312668         4.7693107773         4.1331845106
        1.5950098000         3.0000000000         1.4833219594         4.7769664097         3.8672352136
        1.6000098000         3.0000000000         1.4858742862         4.7871739195         3.9337225379
        1.6050095000         3.0000000000         1.4782173056         4.8024851842         3.7342605652
        1.6100177000         3.0000000000         1.4935312668         4.8254520814         4.1331845106
        1.6150064000         3.0000000000         1.4884266131         4.8407633461         4.0002098621
        1.6200061000         3.0000000000         1.4935312668         4.8611783658         4.1331845106
        1.6250094000         3.0000000000         1.5037405742         4.8790415080         4.3991338075
        1.6300074000         3.0000000000         1.4807696325         4.8841452629         3.8007478894
        1.6350065000         3.0000000000         1.4884266131         4.9071121601         4.0002098621
        1.6400093000         3.0000000000         1.4935312668         4.9249753023         4.1331845106
        1.6450104000         3.0000000000         1.4960835936         4.9453903219         4.1996718348
        1.6500142000         3.0000000000         1.5037405742         4.9607015867         4.3991338075
        1.6550069000         3.0000000000         1.4884266131         4.9709090965         4.0002098621
        1.6600120000         3.0000000000         1.4909789399         4.9887722387         4.0666971863
        1.6650062000         3.0000000000         1.4909789399         4.9938759937         4.0666971863
        1.6700292000         3.0000000000         1.4909789399         5.0066353810         4.0666971863
        1.6750097000         3.0000000000         1.5011882474         5.0040835035         4.3326464832
        1.6800069000         3.0000000000         1.4935312668         5.0040835035         4.1331845106
        1.6850074000         3.0000000000         1.4884266131         5.0066353810         4.0002098621
        1.6901681000         3.0000000000         1.4960835936         4.9989797486         4.1996718348
        1.6950068000         3.0000000000         1.4909789399         5.0066353810         4.0666971863
        1.7000056000         3.0000000000         1.4884266131         4.9964278711         4.0002098621
        1.7050090000         3.0000000000         1.4960835936         1.4008325314         4.1996718348
        1.7100070000         3.0000000000         1.4909789399         1.1073666236         4.0666971863
        1.7150072000         3.0000000000         1.4909789399         1.0971591138         4.0666971863
        1.7200067000         3.0000000000         1.4858742862         1.1048147461         3.9337225379
        1.7250048000         3.0000000000         1.4960835936         0.0049555613         4.1996718348
        1.7300069000         3.0000000000         1.4960835936         0.0100593162         4.1996718348
        1.7350056000         3.0000000000         1.4986359205         0.0049555613         4.2661591590
        1.7400063000         3.0000000000         1.4935312668        -0.0052519485         4.1331845106
        1.7450062000         3.0000000000         1.4960835936         0.0100593162         4.1996718348
        1.7500068000         3.0000000000         1.5011882474         0.0075074388         4.3326464832
        1.7550063000         3.0000000000         1.4935312668        -0.0001481936         4.1331845106
        1.7600082000         3.0000000000         1.4935312668         0.0024036839         4.1331845106
        1.7650051000         3.0000000000         1.4909789399         0.0126111937         4.0666971863
        1.7700063000         3.0000000000         1.4909789399         0.0330262134         4.0666971863
        1.7750050000         3.0000000000         1.4986359205         0.0457856007         4.2661591590
        1.7800067000         3.0000000000         1.4960835936         0.0636487429         4.1996718348
        1.7850075000         3.0000000000         1.4833219594         0.0764081302         3.8672352136
        1.7900054000         3.0000000000         1.4935312668         0.0917193949         4.1331845106
        1.7950091000         3.0000000000         1.4884266131         0.1197900470         4.0002098621
        1.8000077000         3.0000000000         1.4960835936         0.1299975568         4.1996718348
        1.8050141000         3.0000000000         1.4909789399         0.1453088216         4.0666971863
        1.8100084000         3.0000000000         1.4935312668         0.1682757187         4.1331845106
        1.8150066000         3.0000000000         1.4960835936         0.1784832285         4.1996718348
        1.8200060000         3.0000000000         1.4833219594         0.1886907384         3.8672352136
        1.8250048000         3.0000000000         1.4884266131         0.2091057580         4.0002098621
        1.8300069000         3.0000000000         1.4858742862         0.2218651453         3.9337225379
        1.8350057000         3.0000000000         1.4858742862         0.2371764101         3.9337225379
        1.8400051000         3.0000000000         1.4935312668         0.2575914298         4.1331845106
        1.8450056000         3.0000000000         1.4935312668         0.2780064494         4.1331845106
        1.8500068000         3.0000000000         1.4884266131         0.2958695916         4.0002098621
        1.8550085000         3.0000000000         1.4909789399         0.3086289789         4.0666971863
        1.8600068000         3.0000000000         1.4807696325         0.3162846113         3.8007478894
        1.8650093000         3.0000000000         1.5011882474         0.3469071408         4.3326464832
        1.8700077000         3.0000000000         1.4884266131         0.3520108957         4.0002098621
        1.8750074000         3.0000000000         1.4960835936         0.3775296703         4.1996718348
        1.8800093000         3.0000000000         1.5037405742         0.3953928125         4.3991338075
        1.8850157000         3.0000000000         1.4858742862         0.3979446900         3.9337225379
        1.8900075000         3.0000000000         1.5011882474         0.4183597097         4.3326464832
        1.8950129000         3.0000000000         1.4884266131         0.4362228519         4.0002098621
        1.9000077000         3.0000000000         1.4858742862         0.4540859941         3.9337225379
        1.9050055000         3.0000000000         1.4833219594         0.4591897490         3.8672352136
        1.9100076000         3.0000000000         1.4909789399         0.4847085236         4.0666971863
        1.9150091000         3.0000000000         1.4833219594         0.4949160334         3.8672352136
        1.9200082000         3.0000000000         1.4884266131         0.5153310531         4.0002098621
        1.9250074000         3.0000000000         1.4986359205         0.5357460728         4.2661591590
        1.9300066000         3.0000000000         1.4960835936         0.5459535826         4.1996718348
        1.9350068000         3.0000000000         1.4884266131         0.5612648474         4.0002098621
        1.9400069000         3.0000000000         1.4884266131         0.5714723572         4.0002098621
        1.9450078000         3.0000000000         1.4935312668         0.5969911318         4.1331845106
        1.9500072000         3.0000000000         1.4884266131         0.6097505191         4.0002098621
        1.9550050000         3.0000000000         1.4935312668         0.6225099064         4.1331845106
        1.9600097000         3.0000000000         1.4986359205         0.6429249261         4.2661591590
        1.9650065000         3.0000000000         1.4858742862         0.6582361908         3.9337225379
        1.9700074000         3.0000000000         1.4858742862         0.6658918232         3.9337225379
        1.9750076000         3.0000000000         1.4833219594         0.6914105978         3.8672352136
        1.9800062000         3.0000000000         1.4935312668         0.7016181076         4.1331845106
        1.9850046000         3.0000000000         1.4884266131         0.7143774949         4.0002098621
        1.9900137000         3.0000000000         1.4884266131         0.7424481470         4.0002098621
        1.9950040000         3.0000000000         1.4909789399         0.7501037793         4.0666971863
        2.0000073000         3.0000000000         1.4884266131         0.7679669216         4.0002098621
        2.0050062000         3.0000000000         1.4884266131         0.7807263088         4.0002098621
        2.0100049000         3.0000000000         1.4986359205         0.8011413285         4.2661591590
        2.0150073000         3.0000000000         1.4858742862         0.8139007158         3.9337225379
        2.0200060000         3.0000000000         1.5011882474         0.8292119806         4.3326464832
        2.0250069000         3.0000000000         1.4884266131         0.8394194904         4.0002098621
        2.0301104000         3.0000000000         1.4986359205         0.8674901425         4.2661591590
        2.0350060000         3.0000000000         1.4909789399         0.8725938974         4.0666971863
        2.0400060000         3.0000000000         1.4935312668         0.8930089170         4.1331845106
        2.0450095000         3.0000000000         1.4986359205         0.9108720593         4.2661591590
        2.0500064000         3.0000000000         1.4960835936         0.9312870789         4.1996718348
        2.0550071000         3.0000000000         1.4909789399         0.9389427113         4.0666971863
        2.0600055000         3.0000000000         1.4986359205         0.9619096084         4.2661591590
        2.0650070000         3.0000000000         1.4935312668         0.9746689957         4.1331845106
        2.0700053000         3.0000000000         1.5011882474         0.9925321379         4.3326464832
        2.0750065000         3.0000000000         1.4884266131         1.0027396478         4.0002098621
        2.0800087000         3.0000000000         1.4986359205         1.0231546675         4.2661591590
        2.0850095000         3.0000000000         1.5011882474         1.0410178097         4.3326464832
        2.0900065000         3.0000000000         1.4909789399         1.0563290744         4.0666971863
        2.0950089000         3.0000000000         1.5062929011         1.0741922166         4.4656211317
        2.1000061000         3.0000000000         1.4884266131         1.0920553588         4.0002098621
        2.1050134000         3.0000000000         1.5011882474         1.1124703785         4.3326464832
        2.1100094000         3.0000000000         1.4884266131         1.1252297658         4.0002098621
        2.1150087000         3.0000000000         1.4884266131         1.1277816433         4.0002098621
        2.1200061000         3.0000000000         1.4960835936         1.1481966629         4.1996718348
        2.1250066000         3.0000000000         1.4935312668         1.1737154375         4.1331845106
        2.1300088000         3.0000000000         1.4884266131         1.1788191925         4.0002098621
        2.1350071000         3.0000000000         1.5011882474         1.2068898445         4.3326464832
        2.1400066000         3.0000000000         1.5011882474         1.2170973543         4.3326464832
        2.1450093000         3.0000000000         1.5037405742         1.2324086191         4.3991338075
        2.1500051000         3.0000000000         1.4986359205         1.2528236388         4.2661591590
        2.1550069000         3.0000000000         1.5011882474         1.2681349035         4.3326464832
        2.1600077000         3.0000000000         1.4935312668         1.2757905359         4.1331845106
        2.1650069000         3.0000000000         1.4501417102         1.2911018006         3.0028999987
        2.1700045000         3.0000000000         1.4986359205         1.3115168203         4.2661591590
        2.1750079000         3.0000000000         1.4833219594         1.3217243302         3.8672352136
        2.1800096000         3.0000000000         1.5062929011         1.3472431047         4.4656211317
        2.1850128000         3.0000000000         1.4884266131         1.3600024920         4.0002098621
        2.1900116000         3.0000000000         1.4960835936         1.3804175117         4.1996718348
        2.1950159000         3.0000000000         1.4884266131         1.3855212666         4.0002098621
        2.2000085000         3.0000000000         1.4858742862         1.4033844088         3.9337225379
        2.2050137000         3.0000000000         1.5062929011         1.4237994285         4.4656211317
        2.2100075000         3.0000000000         1.4884266131         1.4314550609         4.0002098621
        2.2150086000         3.0000000000         1.4858742862         1.4442144482         3.9337225379
        2.2200052000         3.0000000000         1.4935312668         1.4646294679         4.1331845106
        2.2250150000         3.0000000000         1.4807696325         1.4748369777         3.8007478894
        2.2300095000         3.0000000000         1.4909789399         1.5029076297         4.0666971863
        2.2350120000         3.0000000000         1.4858742862         1.5029076297         3.9337225379
        2.2400065000         3.0000000000         1.4782173056         1.5258745269         3.7342605652
        2.2450098000         3.0000000000         1.5037405742         1.5462895465         4.3991338075
        2.2500066000         3.0000000000         1.4833219594         1.5590489338         3.8672352136
        2.2550097000         3.0000000000         1.4858742862         1.5667045662         3.9337225379
        2.2600088000         3.0000000000         1.4909789399         1.5845677084         4.0666971863
        2.2650077000         3.0000000000         1.4833219594         1.6049827281         3.8672352136
        2.2700121000         3.0000000000         1.4833219594         1.6100864830         3.8672352136
        2.2750046000         3.0000000000         1.4833219594         1.6279496252         3.8672352136
        2.2800099000         3.0000000000         1.4807696325         1.6407090125         3.8007478894
        2.2850092000         3.0000000000         1.4986359205         1.6662277871         4.2661591590
        2.2900132000         3.0000000000         1.4884266131         1.6764352970         4.0002098621
        2.2950073000         3.0000000000         1.4858742862         1.6891946843         3.9337225379
        2.3000070000         3.0000000000         1.4960835936         1.7147134588         4.1996718348
        2.3050097000         3.0000000000         1.4833219594         1.7198172138         3.8672352136
        2.3100071000         3.0000000000         1.4935312668         1.7402322334         4.1331845106
        2.3150074000         3.0000000000         1.4884266131         1.7504397433         4.0002098621
        2.3200063000         3.0000000000         1.4884266131         1.7708547629         4.0002098621
        2.3250075000         3.0000000000         1.4858742862         1.7785103953         3.9337225379
        2.3300083000         3.0000000000         1.4833219594         1.7938216601         3.8672352136
        2.3350051000         3.0000000000         1.4858742862         1.8116848023         3.9337225379
        2.3400078000         3.0000000000         1.4884266131         1.8193404347         4.0002098621
        2.3450094000         3.0000000000         1.4731126519         1.8295479445         3.6012859167
        2.3500075000         3.0000000000         1.4858742862         1.8525148416         3.9337225379
        2.3550087000         3.0000000000         1.4833219594         1.8601704740         3.8672352136
        2.3600066000         3.0000000000         1.4833219594         1.8780336162         3.8672352136
        2.3650344000         3.0000000000         1.4833219594         1.8882411261         3.8672352136
        2.3700066000         3.0000000000         1.4731126519         1.9035523908         3.6012859167
        2.3750077000         3.0000000000         1.4884266131         1.9239674105         4.0002098621
        2.3800050000         3.0000000000         1.4858742862         1.9367267978         3.9337225379
        2.3850049000         3.0000000000         1.4731126519         1.9494861851         3.6012859167
        2.3900075000         3.0000000000         1.5011882474         1.9750049597         4.3326464832
        2.3950085000         3.0000000000         1.4756649788         1.9775568371         3.6677732410
        2.4000092000         3.0000000000         1.4935312668         2.0056274892         4.1331845106
        2.4050050000         3.0000000000         1.4884266131         2.0107312441         4.0002098621
        2.4100087000         3.0000000000         1.4807696325         2.0311462638         3.8007478894
        2.4150089000         3.0000000000         1.4858742862         2.0388018961         3.9337225379
        2.4200090000         3.0000000000         1.4960835936         2.0643206707         4.1996718348
        2.4250121000         3.0000000000         1.4858742862         2.0796319355         3.9337225379
        2.4300075000         3.0000000000         1.4909789399         2.0923913228         4.0666971863
        2.4350042000         3.0000000000         1.4884266131         2.1051507101         4.0002098621
        2.4400054000         3.0000000000         1.4858742862         2.1204619748         3.9337225379
        2.4450047000         3.0000000000         1.4858742862         2.1281176072         3.9337225379
        2.4500081000         3.0000000000         1.4858742862         2.1587401367         3.9337225379
        2.4550064000         3.0000000000         1.4884266131         2.1663957691         4.0002098621
        2.4600057000         3.0000000000         1.4986359205         2.1817070338         4.2661591590
        2.4650056000         3.0000000000         1.4833219594         2.1944664211         3.8672352136
        2.4700048000         3.0000000000         1.5062929011         2.2148814408         4.4656211317
        2.4750074000         3.0000000000         1.4986359205         2.2378483379         4.2661591590
        2.4800068000         3.0000000000         1.4884266131         2.2455039703         4.0002098621
        2.4850035000         3.0000000000         1.4986359205         2.2633671125         4.2661591590
        2.4900029000         3.0000000000         1.4884266131         2.2812302547         4.0002098621
        2.4950028000         3.0000000000         1.4858742862         2.2939896420         3.9337225379
        2.5000088000         3.0000000000         1.4960835936         2.3093009068         4.1996718348
        2.5050048000         3.0000000000         1.4960835936         2.3271640490         4.1996718348
        2.5100054000         3.0000000000         1.5113975548         2.3501309461         4.5985957801
        2.5150030000         3.0000000000         1.4960835936         2.3628903334         4.1996718348
        2.5200021000         3.0000000000         1.4986359205         2.3730978433         4.2661591590
        2.5250035000         3.0000000000         1.4986359205         2.3960647404         4.2661591590
        2.5300024000         3.0000000000         1.4960835936         2.4062722502         4.1996718348
        2.5350047000         3.0000000000         1.5011882474         2.4215835150         4.3326464832
        2.5400037000         3.0000000000         1.4909789399         2.4419985347         4.0666971863
        2.5450111000         3.0000000000         1.4986359205         2.4598616769         4.2661591590
        2.5500080000         3.0000000000         1.4935312668         2.4700691867         4.1331845106
        2.5550066000         3.0000000000         1.4909789399         2.4828285740         4.0666971863
        2.5600067000         3.0000000000         1.4884266131         2.5006917162         4.0002098621
        2.5650096000         3.0000000000         1.4858742862         2.5108992261         3.9337225379
        2.5700061000         3.0000000000         1.4884266131         2.5313142457         4.0002098621
        2.5750035000         3.0000000000         1.4858742862         2.5466255105         3.9337225379
        2.5800072000         3.0000000000         1.4960835936         2.5721442851         4.1996718348
        2.5850071000         3.0000000000         1.5088452279         2.5900074273         4.5321084559
        2.5900039000         3.0000000000         1.4756649788         2.5976630597         3.6677732410
        2.5950057000         3.0000000000         1.4935312668         2.6129743244         4.1331845106
        2.6000083000         3.0000000000         1.4909789399         2.6282855892         4.0666971863
        2.6050067000         3.0000000000         1.4909789399         2.6461487314         4.0666971863
        2.6100080000         3.0000000000         1.4935312668         2.6614599961         4.1331845106
        2.6150082000         3.0000000000         1.4807696325         2.6767712609         3.8007478894
        2.6200067000         3.0000000000         1.4833219594         2.6844268933         3.8672352136
        2.6250050000         3.0000000000         1.4935312668         2.7022900355         4.1331845106
        2.6300061000         3.0000000000         1.4858742862         2.7150494228         3.9337225379
        2.6350062000         3.0000000000         1.4858742862         2.7303606875         3.9337225379
        2.6400088000         3.0000000000         1.4884266131         2.7584313396         4.0002098621
        2.6450050000         3.0000000000         1.4986359205         2.7762944818         4.2661591590
        2.6500068000         3.0000000000         1.4909789399         2.7839501142         4.0666971863
        2.6550048000         3.0000000000         1.4833219594         2.7941576240         3.8672352136
        2.6600076000         3.0000000000         1.4833219594         2.8222282761         3.8672352136
        2.6650122000         3.0000000000         1.4782173056         2.8298839084         3.7342605652
        2.6700096000         3.0000000000         1.4909789399         2.8451951732         4.0666971863
        2.6750079000         3.0000000000         1.4884266131         2.8605064379         4.0002098621
        2.6800099000         3.0000000000         1.4858742862         2.8732658252         3.9337225379
        2.6850056000         3.0000000000         1.4935312668         2.8962327224         4.1331845106
        2.6900064000         3.0000000000         1.4756649788         2.9064402322         3.6677732410
        2.6950059000         3.0000000000         1.4807696325         2.9140958646         3.8007478894
        2.7000102000         3.0000000000         1.4858742862         2.9243033744         3.9337225379
        2.7050053000         3.0000000000         1.4858742862         2.9523740265         3.9337225379
        2.7100068000         3.0000000000         1.4858742862         2.9676852912         3.9337225379
        2.7150054000         3.0000000000         1.4782173056         2.9702371687         3.7342605652
        2.7200067000         3.0000000000         1.4756649788         2.9804446785         3.6677732410
        2.7250039000         3.0000000000         1.4833219594         2.9983078207         3.8672352136
        2.7300051000         3.0000000000         1.4833219594         3.0187228404         3.8672352136
        2.7350038000         3.0000000000         1.4731126519         3.0289303502         3.6012859167
        2.7400049000         3.0000000000         1.4833219594         3.0544491248         3.8672352136
        2.7450768000         3.0000000000         1.4884266131         3.0621047572         4.0002098621
        2.7500050000         3.0000000000         1.4909789399         3.0850716543         4.0666971863
        2.7550048000         3.0000000000         1.4884266131         3.0876235318         4.0002098621
        2.7600046000         3.0000000000         1.4756649788         3.1003829191         3.6677732410
        2.7650065000         3.0000000000         1.4807696325         3.1207979388         3.8007478894
        2.7700041000         3.0000000000         1.4986359205         3.1412129584         4.2661591590
        2.7750062000         3.0000000000         1.4807696325         3.1463167133         3.8007478894
        2.7800105000         3.0000000000         1.4909789399         3.1641798556         4.0666971863
        2.7850081000         3.0000000000         1.4909789399         3.1794911203         4.0666971863
        2.7900113000         3.0000000000         1.4858742862         3.1999061400         3.9337225379
        2.7950080000         3.0000000000         1.4960835936         3.2177692822         4.1996718348
        2.8000055000         3.0000000000         1.4884266131         3.2279767920         4.0002098621
        2.8050047000         3.0000000000         1.4909789399         3.2407361793         4.0666971863
        2.8100058000         3.0000000000         1.4935312668         3.2560474441         4.1331845106
        2.8150077000         3.0000000000         1.4884266131         3.2713587088         4.0002098621
        2.8200092000         3.0000000000         1.5037405742         3.2943256060         4.3991338075
        2.8250064000         3.0000000000         1.4935312668         3.3096368707         4.1331845106
        2.8300092000         3.0000000000         1.4935312668         3.3172925031         4.1331845106
        2.8350044000         3.0000000000         1.4935312668         3.3351556453         4.1331845106
        2.8400068000         3.0000000000         1.4858742862         3.3453631551         3.9337225379
        2.8450234000         3.0000000000         1.4884266131         3.3683300523         4.0002098621
        2.8500082000         3.0000000000         1.4884266131         3.3759856847         4.0002098621
        2.8550081000         3.0000000000         1.4960835936         3.4040563367         4.1996718348
        2.8600093000         3.0000000000         1.4935312668         3.4066082142         4.1331845106
        2.8650084000         3.0000000000         1.4884266131         3.4270232338         4.0002098621
        2.8700077000         3.0000000000         1.5037405742         3.4525420084         4.3991338075
        2.8750040000         3.0000000000         1.4858742862         3.4525420084         3.9337225379
        2.8800091000         3.0000000000         1.5011882474         3.4831645379         4.3326464832
        2.8850090000         3.0000000000         1.5011882474         3.4933720478         4.3326464832
        2.8900142000         3.0000000000         1.4935312668         3.5061314351         4.1331845106
        2.8950115000         3.0000000000         1.4960835936         3.5265464547         4.1996718348
        2.9000092000         3.0000000000         1.4909789399         3.5367539646         4.0666971863
        2.9050101000         3.0000000000         1.4986359205         3.5622727392         4.2661591590
        2.9100122000         3.0000000000         1.4909789399         3.5699283715         4.0666971863
        2.9150108000         3.0000000000         1.4960835936         3.5877915138         4.1996718348
        2.9200097000         3.0000000000         1.4986359205         3.6082065334         4.2661591590
        2.9250079000         3.0000000000         1.4960835936         3.6158621658         4.1996718348
        2.9300105000         3.0000000000         1.4960835936         3.6464846953         4.1996718348
        2.9350059000         3.0000000000         1.4935312668         3.6490365728         4.1331845106
        2.9400076000         3.0000000000         1.4884266131         3.6694515924         4.0002098621
        2.9450088000         3.0000000000         1.5088452279         3.6924184896         4.5321084559
        2.9500779000         3.0000000000         1.4884266131         3.6975222445         4.0002098621
        2.9550047000         3.0000000000         1.4960835936         3.7179372642         4.1996718348
        2.9600145000         3.0000000000         1.4960835936         3.7306966515         4.1996718348
        2.9650183000         3.0000000000         1.4960835936         3.7511116711         4.1996718348
        2.9700082000         3.0000000000         1.4884266131         3.7536635486         4.0002098621
        2.9750066000         3.0000000000         1.4935312668         3.7689748133         4.1331845106
        2.9800078000         3.0000000000         1.4884266131         3.8021492203         4.0002098621
        2.9850093000         3.0000000000         1.5011882474         3.8174604851         4.3326464832
        2.9901876000         3.0000000000         1.4884266131         3.8225642400         4.0002098621
        2.9950067000         3.0000000000         1.4960835936         3.8480830146         4.1996718348
        3.0000060000         3.0000000000         1.4526940371         3.8557386469         3.0693873229
        3.0050056000         3.0000000000         1.4782173056         3.8684980342         3.7342605652
        3.0100063000         3.0000000000         1.5011882474         3.8914649314         4.3326464832
        3.0150105000         3.0000000000         1.4909789399         3.8991205638         4.0666971863
        3.0200075000         3.0000000000         1.4935312668         3.9195355834         4.1331845106
        3.0250077000         3.0000000000         1.5011882474         3.9399506031         4.3326464832
        3.0300295000         3.0000000000         1.4782173056         3.9399506031         3.7342605652
        3.0350547000         3.0000000000         1.4909789399         3.9578137453         4.0666971863
        3.0400062000         3.0000000000         1.4909789399         3.9756768875         4.0666971863
        3.0451087000         3.0000000000         1.4884266131         3.9986437847         4.0002098621
        3.0500084000         3.0000000000         1.5037405742         4.0139550494         4.3991338075
        3.0550062000         3.0000000000         1.4833219594         4.0216106818         3.8672352136
        3.0600091000         3.0000000000         1.4858742862         4.0369219465         3.9337225379
        3.0650119000         3.0000000000         1.4884266131         4.0522332113         4.0002098621
        3.0700280000         3.0000000000         1.4884266131         4.0675444760         4.0002098621
        3.0751353000         3.0000000000         1.4909789399         4.0879594957         4.0666971863
        3.0800065000         3.0000000000         1.4884266131         4.0930632506         4.0002098621
        3.0850061000         3.0000000000         1.4909789399         4.1185820252         4.0666971863
        3.0900199000         3.0000000000         1.4884266131         4.1236857801         4.0002098621
        3.0950173000         3.0000000000         1.4884266131         4.1415489224         4.0002098621
        3.1000072000         3.0000000000         1.4909789399         4.1594120646         4.0666971863
        3.1050082000         3.0000000000         1.4960835936         4.1747233293         4.1996718348
        3.1100596000         3.0000000000         1.4782173056         4.1849308392         3.7342605652
        3.1151682000         3.0000000000         1.4909789399         4.2002421039         4.0666971863
        3.1200086000         3.0000000000         1.4858742862         4.2181052461         3.9337225379
        3.1250081000         3.0000000000         1.4833219594         4.2283127560         3.8672352136
        3.1300117000         3.0000000000         1.4986359205         4.2512796531         4.2661591590
        3.1350066000         3.0000000000         1.4884266131         4.2716946728         4.0002098621
        3.1400092000         3.0000000000         1.4833219594         4.2767984277         3.8672352136
        3.1450075000         3.0000000000         1.5037405742         4.3048690797         4.3991338075
        3.1500535000         3.0000000000         1.4935312668         4.3227322219         4.1331845106
        3.1550067000         3.0000000000         1.4909789399         4.3227322219         4.0666971863
        3.1600098000         3.0000000000         1.4884266131         4.3482509965         4.0002098621
        3.1650123000         3.0000000000         1.4960835936         4.3712178937         4.1996718348
        3.1700092000         3.0000000000         1.4935312668         4.3890810359         4.1331845106
        3.1752312000         3.0000000000         1.4935312668         4.3941847908         4.1331845106
        3.1800070000         3.0000000000         1.4986359205         4.4145998105         4.2661591590
        3.1850079000         3.0000000000         1.4986359205         4.4350148301         4.2661591590
        3.1900068000         3.0000000000         1.4935312668         4.4426704625         4.1331845106
        3.1950048000         3.0000000000         1.5088452279         4.4681892371         4.5321084559
        3.2000052000         3.0000000000         1.4909789399         4.4783967469         4.0666971863
        3.2050081000         3.0000000000         1.5113975548         4.5013636441         4.5985957801
        3.2100082000         3.0000000000         1.5011882474         4.5115711539         4.3326464832
        3.2151112000         3.0000000000         1.4909789399         4.5217786637         4.0666971863
        3.2200080000         3.0000000000         1.5011882474         4.5421936834         4.3326464832
        3.2250086000         3.0000000000         1.4935312668         4.5651605806         4.1331845106
        3.2301539000         3.0000000000         1.5062929011         4.5881274777         4.4656211317
        3.2352073000         3.0000000000         1.4986359205         4.5957831101         4.2661591590
        3.2400086000         3.0000000000         1.5062929011         4.6136462523         4.4656211317
        3.2450083000         3.0000000000         1.5088452279         4.6340612719         4.5321084559
        3.2500106000         3.0000000000         1.5011882474         4.6442687818         4.3326464832
        3.2550088000         3.0000000000         1.5062929011         4.6723394338         4.4656211317
        3.2600057000         3.0000000000         1.4960835936         4.6748913113         4.1996718348
        3.2650080000         3.0000000000         1.4986359205         4.6927544535         4.2661591590
        3.2700334000         3.0000000000         1.4986359205         4.7131694732         4.2661591590
        3.2750053000         3.0000000000         1.5088452279         4.7412401252         4.5321084559
        3.2800055000         3.0000000000         1.5062929011         4.7488957576         4.4656211317
        3.2850058000         3.0000000000         1.5062929011         4.7718626547         4.4656211317
        3.2900333000         3.0000000000         1.4960835936         4.7820701646         4.1996718348
        3.2950041000         3.0000000000         1.4909789399         4.7948295519         4.0666971863
        3.3000045000         3.0000000000         1.4935312668         4.8126926941         4.1331845106
        3.3050055000         3.0000000000         1.5062929011         4.8433152236         4.4656211317
        3.3100066000         3.0000000000         1.4986359205         4.8484189785         4.2661591590
        3.3150055000         3.0000000000         1.4960835936         4.8713858756         4.1996718348
        3.3200059000         3.0000000000         1.5062929011         4.8969046502         4.4656211317
        3.3250057000         3.0000000000         1.4960835936         4.9096640375         4.1996718348
        3.3300449000         3.0000000000         1.5011882474         4.9300790572         4.3326464832
        3.3350046000         3.0000000000         1.4884266131         4.9300790572         4.0002098621
        3.3400045000         3.0000000000         1.5037405742         4.9607015867         4.3991338075
        3.3450057000         3.0000000000         1.4986359205         4.9760128515         4.2661591590
        3.3501970000         3.0000000000         1.4935312668         4.9836684838         4.1331845106
        3.3550042000         3.0000000000         1.4960835936         4.9989797486         4.1996718348
        3.3600075000         3.0000000000         1.4833219594         5.0015316260         3.8672352136
        3.3650091000         3.0000000000         1.4935312668         4.9989797486         4.1331845106
        3.3700248000         3.0000000000         1.4986359205         5.0117391359         4.2661591590
        3.3750060000         3.0000000000         1.4833219594         5.0091872584         3.8672352136
        3.3800053000         3.0000000000         1.4960835936         5.0066353810         4.1996718348
        3.3850088000         3.0000000000         1.4986359205         5.0117391359         4.2661591590
        3.3900047000         3.0000000000         1.5011882474         5.0091872584         4.3326464832
        3.3950056000         3.0000000000         1.4960835936         4.9836684838         4.1996718348
        3.4000043000         3.0000000000         1.4884266131         1.1073666236         4.0002098621
        3.4050031000         3.0000000000         1.4960835936         1.1099185011         4.1996718348
        3.4100030000         3.0000000000         1.4833219594         1.1022628687         3.8672352136
        3.4150032000         3.0000000000         1.4935312668         0.0049555613         4.1331845106
        3.4200025000         3.0000000000         1.4909789399         0.0024036839         4.0666971863
        3.4250034000         3.0000000000         1.4935312668         0.0075074388         4.1331845106
        3.4300031000         3.0000000000         1.4986359205        -0.0001481936         4.2661591590
        3.4350019000         3.0000000000         1.4833219594         0.0024036839         3.8672352136
        3.4400029000         3.0000000000         1.4833219594        -0.0052519485         3.8672352136
        3.4450027000         3.0000000000         1.4960835936         0.0024036839         4.1996718348
        3.4500119000         3.0000000000         1.4909789399         0.0024036839         4.0666971863
        3.4550039000         3.0000000000         1.4986359205         0.0202668261         4.2661591590
        3.4600051000         3.0000000000         1.4935312668         0.0279224584         4.1331845106
        3.4650030000         3.0000000000         1.5037405742         0.0508893556         4.3991338075
        3.4700246000         3.0000000000         1.4935312668         0.0610968654         4.1331845106
        3.4750046000         3.0000000000         1.4935312668         0.0815118851         4.1331845106
        3.4800083000         3.0000000000         1.4960835936         0.0968231498         4.1996718348
        3.4850039000         3.0000000000         1.4935312668         0.1070306597         4.1331845106
        3.4900062000         3.0000000000         1.4960835936         0.1248938019         4.1996718348
        3.4950049000         3.0000000000         1.4986359205         0.1427569441         4.2661591590
        3.5000033000         3.0000000000         1.4884266131         0.1580682088         4.0002098621
        3.5050034000         3.0000000000         1.4909789399         0.1708275961         4.0666971863
        3.5100433000         3.0000000000         1.4909789399         0.1886907384         4.0666971863
        3.5150049000         3.0000000000         1.4909789399         0.2091057580         4.0666971863
        3.5200032000         3.0000000000         1.4884266131         0.2244170228         4.0002098621
        3.5250043000         3.0000000000         1.4986359205         0.2473839199         4.2661591590
        3.5300232000         3.0000000000         1.4909789399         0.2524876748         4.0666971863
        3.5350221000         3.0000000000         1.5011882474         0.2805583269         4.3326464832
        3.5400068000         3.0000000000         1.5037405742         0.2907658367         4.3991338075
        3.5450078000         3.0000000000         1.4935312668         0.3035252240         4.1331845106
        3.5501443000         3.0000000000         1.4884266131         0.3213883662         4.0002098621
        3.5551614000         3.0000000000         1.5088452279         0.3469071408         4.5321084559
        3.5600066000         3.0000000000         1.5037405742         0.3647702830         4.3991338075
        3.5651095000         3.0000000000         1.4960835936         0.3800815478         4.1996718348
        3.5701106000         3.0000000000         1.5062929011         0.3902890576         4.4656211317
        3.5750317000         3.0000000000         1.4807696325         0.4132559548         3.8007478894
        3.5800060000         3.0000000000         1.5062929011         0.4285672195         4.4656211317
        3.5850033000         3.0000000000         1.4986359205         0.4438784843         4.2661591590
        3.5901399000         3.0000000000         1.5037405742         0.4642935039         4.3991338075
        3.5950049000         3.0000000000         1.5037405742         0.4745010138         4.3991338075
        3.6000047000         3.0000000000         1.4935312668         0.4847085236         4.1331845106
        3.6050033000         3.0000000000         1.5088452279         0.5153310531         4.5321084559
        3.6101298000         3.0000000000         1.5062929011         0.5306423179         4.4656211317
        3.6150039000         3.0000000000         1.4960835936         0.5357460728         4.1996718348
        3.6200031000         3.0000000000         1.5037405742         0.5587129699         4.3991338075
        3.6250043000         3.0000000000         1.4935312668         0.5714723572         4.1331845106
        3.6300306000         3.0000000000         1.4986359205         0.5918873769         4.2661591590
        3.6350031000         3.0000000000         1.4935312668         0.6020948867         4.1331845106
        3.6400038000         3.0000000000         1.5011882474         0.6250617838         4.3326464832
        3.6450037000         3.0000000000         1.5088452279         0.6480286810         4.5321084559
        3.6500059000         3.0000000000         1.4909789399         0.6556843134         4.0666971863
        3.6550034000         3.0000000000         1.5062929011         0.6760993330         4.4656211317
        3.6600284000         3.0000000000         1.5011882474         0.7016181076         4.3326464832
        3.6650059000         3.0000000000         1.5062929011         0.7067218625         4.4656211317
        3.6700142000         3.0000000000         1.4935312668         0.7271368822         4.1331845106
        3.6750032000         3.0000000000         1.4986359205         0.7424481470         4.2661591590
        3.6800061000         3.0000000000         1.4960835936         0.7577594117         4.1996718348
        3.6850029000         3.0000000000         1.4884266131         0.7730706765         4.0002098621
        3.6901530000         3.0000000000         1.4986359205         0.7858300638         4.2661591590
        3.6950046000         3.0000000000         1.4986359205         0.8113488384         4.2661591590
        3.7000041000         3.0000000000         1.4986359205         0.8266601031         4.2661591590
        3.7050057000         3.0000000000         1.5011882474         0.8470751228         4.3326464832
        3.7100182000         3.0000000000         1.4884266131         0.8496270002         4.0002098621
        3.7150059000         3.0000000000         1.4935312668         0.8700420199         4.1331845106
        3.7200042000         3.0000000000         1.4909789399         0.8879051621         4.0666971863
        3.7250031000         3.0000000000         1.4960835936         0.9083201818         4.1996718348
        3.7301357000         3.0000000000         1.4884266131         0.9134239367         4.0002098621
        3.7350045000         3.0000000000         1.4858742862         0.9363908338         3.9337225379
        3.7400060000         3.0000000000         1.4986359205         0.9491502211         4.2661591590
        3.7450077000         3.0000000000         1.4858742862         0.9721171183         3.9337225379
        3.7501619000         3.0000000000         1.4858742862         0.9772208732         3.9337225379
        3.7550046000         3.0000000000         1.4884266131         0.9950840154         4.0002098621
        3.7600066000         3.0000000000         1.4833219594         1.0129471576         3.8672352136
        3.7650036000         3.0000000000         1.4960835936         1.0282584224         4.1996718348
        3.7700811000         3.0000000000         1.4782173056         1.0359140547         3.7342605652
        3.7750038000         3.0000000000         1.4833219594         1.0588809519         3.8672352136
        3.7801884000         3.0000000000         1.4935312668         1.0792959716         4.1331845106
        3.7850039000         3.0000000000         1.4756649788         1.0818478490         3.6677732410
        3.7900295000         3.0000000000         1.4909789399         1.0997109912         4.0666971863
        3.7950051000         3.0000000000         1.4756649788         1.1150222560         3.6677732410
        3.8000051000         3.0000000000         1.4884266131         1.1328853982         4.0002098621
        3.8050050000         3.0000000000         1.4858742862         1.1456447855         3.9337225379
        3.8100442000         3.0000000000         1.4858742862         1.1609560502         3.9337225379
        3.8150048000         3.0000000000         1.4858742862         1.1788191925         3.9337225379
        3.8200059000         3.0000000000         1.4909789399         1.1941304572         4.0666971863
        3.8250064000         3.0000000000         1.4858742862         1.2043379670         3.9337225379
        3.8300075000         3.0000000000         1.4833219594         1.2145454769         3.8672352136
        3.8350051000         3.0000000000         1.4884266131         1.2375123740         4.0002098621
        3.8400162000         3.0000000000         1.4833219594         1.2579273937         3.8672352136
        3.8450071000         3.0000000000         1.4858742862         1.2681349035         3.9337225379
        3.8500038000         3.0000000000         1.4833219594         1.2783424134         3.8672352136
        3.8550040000         3.0000000000         1.4884266131         1.3064130654         4.0002098621
        3.8600075000         3.0000000000         1.4884266131         1.3140686978         4.0002098621
        3.8650065000         3.0000000000         1.4807696325         1.3191724527         3.8007478894
        3.8700076000         3.0000000000         1.4884266131         1.3395874724         4.0002098621
        3.8750083000         3.0000000000         1.4960835936         1.3625543695         4.1996718348
        3.8800050000         3.0000000000         1.4884266131         1.3778656343         4.0002098621
        3.8850069000         3.0000000000         1.5011882474         1.3931768990         4.3326464832
        3.8901200000         3.0000000000         1.4833219594         1.4033844088         3.8672352136
        3.8950074000         3.0000000000         1.4858742862         1.4212475511         3.9337225379
        3.9000048000         3.0000000000         1.4858742862         1.4314550609         3.9337225379
        3.9050069000         3.0000000000         1.4782173056         1.4442144482         3.7342605652
        3.9100293000         3.0000000000         1.4909789399         1.4697332228         4.0666971863
        3.9150128000         3.0000000000         1.4909789399         1.4799407326         4.0666971863
        3.9200069000         3.0000000000         1.4833219594         1.4875963650         3.8672352136
        3.9250092000         3.0000000000         1.4960835936         1.5105632621         4.1996718348
        3.9300072000         3.0000000000         1.4858742862         1.5233226494         3.9337225379
        3.9350059000         3.0000000000         1.4833219594         1.5258745269         3.8672352136
        3.9400078000         3.0000000000         1.4935312668         1.5513933015         4.1331845106
        3.9450086000         3.0000000000         1.4858742862         1.5641526888         3.9337225379
        3.9501453000         3.0000000000         1.4935312668         1.5794639535         4.1331845106
        3.9550069000         3.0000000000         1.4884266131         1.5998789732         4.0002098621
        3.9600059000         3.0000000000         1.4807696325         1.6049827281         3.8007478894
        3.9650069000         3.0000000000         1.4884266131         1.6177421154         4.0002098621
        3.9700053000         3.0000000000         1.4833219594         1.6381571351         3.8672352136
        3.9750085000         3.0000000000         1.4909789399         1.6560202773         4.0666971863
        3.9800080000         3.0000000000         1.4884266131         1.6662277871         4.0002098621
        3.9850069000         3.0000000000         1.4884266131         1.6764352970         4.0002098621
        3.9900064000         3.0000000000         1.4909789399         1.6994021941         4.0666971863
        3.9950068000         3.0000000000         1.4909789399         1.7147134588         4.0666971863
        4.0000062000         3.0000000000         1.4807696325         1.7223690912         3.8007478894
        4.0050064000         3.0000000000         1.4858742862         1.7402322334         3.9337225379
        4.0100040000         3.0000000000         1.4705603251         1.7529916207         3.5347985925
        4.0150045000         3.0000000000         1.5037405742         1.7810622728         4.3991338075
        4.0200057000         3.0000000000         1.4807696325         1.7836141502         3.8007478894
        4.0250053000         3.0000000000         1.4960835936         1.8091329248         4.1996718348
        4.0300376000         3.0000000000         1.5011882474         1.8320998220         4.3326464832
        4.0350041000         3.0000000000         1.4807696325         1.8295479445         3.8007478894
        4.0400041000         3.0000000000         1.4807696325         1.8397554543         3.8007478894
        4.0450049000         3.0000000000         1.4935312668         1.8703779838         4.1331845106
        4.0500024000         3.0000000000         1.4858742862         1.8831373711         3.9337225379
        4.0550103000         3.0000000000         1.4705603251         1.8907930035         3.5347985925
        4.0600050000         3.0000000000         1.4705603251         1.9010005134         3.5347985925
        4.0650029000         3.0000000000         1.4756649788         1.9163117781         3.6677732410
        4.0700060000         3.0000000000         1.4986359205         1.9392786752         4.2661591590
        4.0750039000         3.0000000000         1.4705603251         1.9494861851         3.5347985925
        4.0800037000         3.0000000000         1.4782173056         1.9699012047         3.7342605652
        4.0850091000         3.0000000000         1.4833219594         1.9775568371         3.8672352136
        4.0900075000         3.0000000000         1.4705603251         1.9903162244         3.5347985925
        4.0950052000         3.0000000000         1.4858742862         2.0081793666         3.9337225379
        4.1000052000         3.0000000000         1.4807696325         2.0234906314         3.8007478894
        4.1050039000         3.0000000000         1.4858742862         2.0388018961         3.9337225379
        4.1100051000         3.0000000000         1.4935312668         2.0643206707         4.1331845106
        4.1150039000         3.0000000000         1.4884266131         2.0770800580         4.0002098621
        4.1200042000         3.0000000000         1.4782173056         2.0796319355         3.7342605652
        4.1250132000         3.0000000000         1.4858742862         2.1000469552         3.9337225379
        4.1300042000         3.0000000000         1.4807696325         2.1128063424         3.8007478894
        4.1350077000         3.0000000000         1.4884266131         2.1281176072         4.0002098621
        4.1400033000         3.0000000000         1.4807696325         2.1459807494         3.8007478894
        4.1450062000         3.0000000000         1.4756649788         2.1536363818         3.6677732410
        4.1500069000         3.0000000000         1.4858742862         2.1689476465         3.9337225379
        4.1550040000         3.0000000000         1.4909789399         2.1919145437         4.0666971863
        4.1600049000         3.0000000000         1.4833219594         2.2021220535         3.8672352136
        4.1650044000         3.0000000000         1.4807696325         2.2123295633         3.8007478894
        4.1700038000         3.0000000000         1.4782173056         2.2301927056         3.7342605652
        4.1750041000         3.0000000000         1.4909789399         2.2480558478         4.0666971863
        4.1800041000         3.0000000000         1.4756649788         2.2582633576         3.6677732410
        4.1850041000         3.0000000000         1.4833219594         2.2761264998         3.8672352136
        4.1900492000         3.0000000000         1.5011882474         2.3016452744         4.3326464832
        4.1950023000         3.0000000000         1.4807696325         2.3093009068         3.8007478894
        4.2000060000         3.0000000000         1.4782173056         2.3220602941         3.7342605652
        4.2050118000         3.0000000000         1.4960835936         2.3399234363         4.1996718348
        4.2100041000         3.0000000000         1.4833219594         2.3526828236         3.8672352136
        4.2150081000         3.0000000000         1.4960835936         2.3756497207         4.1996718348
        4.2200027000         3.0000000000         1.4935312668         2.3909609855         4.1331845106
        4.2250082000         3.0000000000         1.4858742862         2.3986166179         3.9337225379
        4.2300059000         3.0000000000         1.4986359205         2.4139278826         4.2661591590
        4.2350053000         3.0000000000         1.4833219594         2.4241353924         3.8672352136
        4.2400083000         3.0000000000         1.4858742862         2.4496541670         3.9337225379
        4.2450122000         3.0000000000         1.5011882474         2.4649654318         4.3326464832
        4.2500029000         3.0000000000         1.4833219594         2.4777248191         3.8672352136
        4.2550112000         3.0000000000         1.4884266131         2.4853804515         4.0002098621
        4.2600055000         3.0000000000         1.4884266131         2.5032435937         4.0002098621
        4.2650114000         3.0000000000         1.4833219594         2.5211067359         3.8672352136
        4.2700073000         3.0000000000         1.4960835936         2.5364180006         4.1996718348
        4.2750042000         3.0000000000         1.4909789399         2.5593848978         4.0666971863
        4.2800124000         3.0000000000         1.4884266131         2.5695924076         4.0002098621
        4.2850111000         3.0000000000         1.4960835936         2.5797999174         4.1996718348
        4.2900035000         3.0000000000         1.4935312668         2.6078705695         4.1331845106
        4.2950024000         3.0000000000         1.4909789399         2.6155262019         4.0666971863
        4.3000023000         3.0000000000         1.4858742862         2.6231818342         3.9337225379
        4.3050030000         3.0000000000         1.4960835936         2.6487006088         4.1996718348
        4.3100036000         3.0000000000         1.4909789399         2.6538043638         4.0666971863
        4.3150023000         3.0000000000         1.4833219594         2.6742193834         3.8672352136
        4.3200028000         3.0000000000         1.4960835936         2.6895306482         4.1996718348
        4.3250036000         3.0000000000         1.4858742862         2.7048419129         3.9337225379
        4.3300169000         3.0000000000         1.4935312668         2.7252569326         4.1331845106
        4.3350037000         3.0000000000         1.4960835936         2.7380163199         4.1996718348
        4.3400042000         3.0000000000         1.4909789399         2.7609832170         4.0666971863
        4.3450040000         3.0000000000         1.4986359205         2.7711907269         4.2661591590
        4.3501787000         3.0000000000         1.4986359205         2.7865019916         4.2661591590
        4.3550041000         3.0000000000         1.4909789399         2.8018132564         4.0666971863
        4.3600054000         3.0000000000         1.4935312668         2.8171245211         4.1331845106
        4.3650043000         3.0000000000         1.4884266131         2.8324357859         4.0002098621
        4.3703631000         3.0000000000         1.5011882474         2.8554026830         4.3326464832
        4.3750050000         3.0000000000         1.4960835936         2.8656101929         4.1996718348
        4.3800039000         3.0000000000         1.4960835936         2.8809214576         4.1996718348
        4.3850106000         3.0000000000         1.4858742862         2.8962327224         3.9337225379
        4.3900024000         3.0000000000         1.4807696325         2.9115439871         3.8007478894
        4.3950038000         3.0000000000         1.4858742862         2.9191996195         3.9337225379
        4.4000158000         3.0000000000         1.4960835936         2.9396146392         4.1996718348
        4.4050059000         3.0000000000         1.4909789399         2.9549259039         4.0666971863
        4.4100062000         3.0000000000         1.4935312668         2.9727890461         4.1331845106
        4.4150066000         3.0000000000         1.4960835936         2.9881003109         4.1996718348
        4.4200063000         3.0000000000         1.5062929011         3.0110672080         4.4656211317
        4.4250039000         3.0000000000         1.5011882474         3.0263784728         4.3326464832
        4.4300034000         3.0000000000         1.4884266131         3.0314822277         4.0002098621
        4.4350038000         3.0000000000         1.4884266131         3.0467934924         4.0002098621
        4.4400026000         3.0000000000         1.4858742862         3.0774160220         3.9337225379
        4.4450048000         3.0000000000         1.4986359205         3.0799678994         4.2661591590
        4.4500037000         3.0000000000         1.4935312668         3.1003829191         4.1331845106
        4.4550067000         3.0000000000         1.4960835936         3.1207979388         4.1996718348
        4.4600063000         3.0000000000         1.4909789399         3.1310054486         4.0666971863
        4.4650044000         3.0000000000         1.4960835936         3.1463167133         4.1996718348
        4.4700028000         3.0000000000         1.4986359205         3.1641798556         4.2661591590
        4.4750040000         3.0000000000         1.4986359205         3.1820429978         4.2661591590
        4.4800038000         3.0000000000         1.4986359205         3.1999061400         4.2661591590
        4.4850038000         3.0000000000         1.4986359205         3.2126655273         4.2661591590
        4.4900040000         3.0000000000         1.4884266131         3.2279767920         4.0002098621
        4.4950032000         3.0000000000         1.4960835936         3.2407361793         4.1996718348
        4.5000039000         3.0000000000         1.4884266131         3.2560474441         4.0002098621
        4.5050038000         3.0000000000         1.4935312668         3.2815662187         4.1331845106
        4.5100031000         3.0000000000         1.4935312668         3.2892218510         4.1331845106
        4.5150053000         3.0000000000         1.4884266131         3.2994293609         4.0002098621
        4.5200032000         3.0000000000         1.4629033445         3.3172925031         3.3353366198
        4.5250082000         3.0000000000         1.4884266131         3.3402594002         4.0002098621
        4.5300058000         3.0000000000         1.4935312668         3.3581225424         4.1331845106
        4.5350055000         3.0000000000         1.4833219594         3.3657781748         3.8672352136
        4.5400077000         3.0000000000         1.4909789399         3.3810894396         4.0666971863
        4.5450049000         3.0000000000         1.4807696325         3.3887450720         3.8007478894
        4.5500060000         3.0000000000         1.4858742862         3.4066082142         3.9337225379
        4.5550054000         3.0000000000         1.4858742862         3.4270232338         3.9337225379
        4.5600064000         3.0000000000         1.4909789399         3.4448863760         4.0666971863
        4.5651862000         3.0000000000         1.4909789399         3.4576457633         4.0666971863
        4.5700055000         3.0000000000         1.4909789399         3.4780607830         4.0666971863
        4.5750039000         3.0000000000         1.4884266131         3.4857164154         4.0002098621
        4.5800075000         3.0000000000         1.4884266131         3.5010276801         4.0002098621
        4.5850087000         3.0000000000         1.4782173056         3.5163389449         3.7342605652
        4.5900061000         3.0000000000         1.5011882474         3.5316502097         4.3326464832
        4.5950063000         3.0000000000         1.4526940371         3.5418577195         3.0693873229
        4.6000062000         3.0000000000         1.4960835936         3.5699283715         4.1996718348
        4.6050080000         3.0000000000         1.4986359205         3.5852396363         4.2661591590
        4.6100046000         3.0000000000         1.4858742862         3.5954471461         3.9337225379
        4.6150047000         3.0000000000         1.4833219594         3.6056546560         3.8672352136
        4.6200032000         3.0000000000         1.4807696325         3.6184140433         3.8007478894
        4.6250044000         3.0000000000         1.4833219594         3.6439328179         3.8672352136
        4.6300044000         3.0000000000         1.4986359205         3.6592440826         4.2661591590
        4.6350054000         3.0000000000         1.4909789399         3.6771072248         4.0666971863
        4.6400450000         3.0000000000         1.4960835936         3.6924184896         4.1996718348
        4.6450032000         3.0000000000         1.4782173056         3.6949703670         3.7342605652
        4.6500040000         3.0000000000         1.4782173056         3.7204891416         3.7342605652
        4.6550048000         3.0000000000         1.4884266131         3.7306966515         4.0002098621
        4.6600051000         3.0000000000         1.4782173056         3.7383522838         3.7342605652
        4.6650063000         3.0000000000         1.4807696325         3.7536635486         3.8007478894
        4.6700057000         3.0000000000         1.4884266131         3.7740785683         4.0002098621
        4.6750031000         3.0000000000         1.4935312668         3.7970454654         4.1331845106
        4.6800156000         3.0000000000         1.4884266131         3.8072529752         4.0002098621
        4.6850284000         3.0000000000         1.4884266131         3.8200123625         4.0002098621
        4.6900031000         3.0000000000         1.4833219594         3.8276679949         3.8672352136
        4.6950068000         3.0000000000         1.4884266131         3.8531867695         4.0002098621
        4.7000895000         3.0000000000         1.4833219594         3.8633942793         3.8672352136
        4.7050244000         3.0000000000         1.4884266131         3.8812574215         4.0002098621
        4.7100049000         3.0000000000         1.4858742862         3.8965686863         3.9337225379
        4.7150050000         3.0000000000         1.4884266131         3.9118799510         4.0002098621
        4.7201348000         3.0000000000         1.4986359205         3.9348468482         4.2661591590
        4.7250397000         3.0000000000         1.4909789399         3.9425024806         4.0666971863
        4.7300055000         3.0000000000         1.4833219594         3.9552618679         3.8672352136
        4.7350056000         3.0000000000         1.4909789399         3.9680212551         4.0666971863
        4.7401730000         3.0000000000         1.4884266131         3.9909881523         4.0002098621
        4.7450207000         3.0000000000         1.4884266131         4.0037475396         4.0002098621
        4.7500033000         3.0000000000         1.4909789399         4.0241625592         4.0666971863
        4.7550032000         3.0000000000         1.4858742862         4.0318181916         3.9337225379
        4.7600040000         3.0000000000         1.4909789399         4.0471294564         4.0666971863
        4.7651620000         3.0000000000         1.4884266131         4.0598888437         4.0002098621
        4.7700028000         3.0000000000         1.4807696325         4.0828557408         3.8007478894
        4.7750036000         3.0000000000         1.4960835936         4.0956151281         4.1996718348
        4.7800302000         3.0000000000         1.4858742862         4.1134782703         3.9337225379
        4.7850043000         3.0000000000         1.4960835936         4.1262376576         4.1996718348
        4.7900040000         3.0000000000         1.4986359205         4.1492045547         4.2661591590
        4.7950070000         3.0000000000         1.4884266131         4.1568601871         4.0002098621
        4.8000066000         3.0000000000         1.4960835936         4.1747233293         4.1996718348
        4.8051584000         3.0000000000         1.4858742862         4.1849308392         3.9337225379
        4.8100050000         3.0000000000         1.4986359205         4.2053458588         4.2661591590
        4.8150057000         3.0000000000         1.4935312668         4.2257608785         4.1331845106
        4.8202251000         3.0000000000         1.4909789399         4.2410721433         4.0666971863
        4.8250178000         3.0000000000         1.4986359205         4.2563834080         4.2661591590
        4.8300041000         3.0000000000         1.4935312668         4.2665909178         4.1331845106
        4.8350050000         3.0000000000         1.4935312668         4.2895578150         4.1331845106
        4.8400046000         3.0000000000         1.4986359205         4.3125247121         4.2661591590
        4.8450046000         3.0000000000         1.5062929011         4.3252840994         4.4656211317
        4.8500046000         3.0000000000         1.5011882474         4.3354916092         4.3326464832
        4.8550044000         3.0000000000         1.4833219594         4.3456991191         3.8672352136
        4.8600033000         3.0000000000         1.4960835936         4.3712178937         4.1996718348
        4.8650049000         3.0000000000         1.4909789399         4.3788735260         4.0666971863
        4.8700032000         3.0000000000         1.4884266131         4.4018404232         4.0002098621
        4.8750045000         3.0000000000         1.4935312668         4.4120479330         4.1331845106
        4.8800073000         3.0000000000         1.4858742862         4.4273591978         3.9337225379
        4.8850048000         3.0000000000         1.4935312668         4.4503260949         4.1331845106
        4.8900055000         3.0000000000         1.4909789399         4.4656373597         4.0666971863
        4.8950309000         3.0000000000         1.4884266131         4.4783967469         4.0002098621
        4.9001269000         3.0000000000         1.4909789399         4.4911561342         4.0666971863
        4.9050045000         3.0000000000         1.4884266131         4.5039155215         4.0002098621
        4.9100055000         3.0000000000         1.4858742862         4.5319861736         3.9337225379
        4.9150039000         3.0000000000         1.4909789399         4.5370899285         4.0666971863
        4.9201229000         3.0000000000         1.4960835936         4.5677124580         4.1996718348
        4.9250050000         3.0000000000         1.5062929011         4.5881274777         4.4656211317
        4.9300061000         3.0000000000         1.4935312668         4.5932312326         4.1331845106
        4.9350060000         3.0000000000         1.4884266131         4.6034387424         4.0002098621
        4.9400860000         3.0000000000         1.4909789399         4.6238537621         4.0666971863
        4.9450333000         3.0000000000         1.4884266131         4.6366131494         4.0002098621
        4.9500036000         3.0000000000         1.5011882474         4.6595800465         4.3326464832
        4.9550028000         3.0000000000         1.4960835936         4.6799950662         4.1996718348
        4.9600037000         3.0000000000         1.4960835936         4.6902025760         4.1996718348
        4.9650043000         3.0000000000         1.5037405742         4.7131694732         4.3991338075
        4.9700032000         3.0000000000         1.4935312668         4.7310326154         4.1331845106
        4.9750060000         3.0000000000         1.5037405742         4.7488957576         4.3991338075
        4.9800106000         3.0000000000         1.5011882474         4.7616551449         4.3326464832
        4.9850044000         3.0000000000         1.4884266131         4.7744145322         4.0002098621
        4.9900033000         3.0000000000         1.4960835936         4.7922776744         4.1996718348
        4.9950130000         3.0000000000         1.4909789399         4.8126926941         4.0666971863
        5.0001445000         3.0000000000         1.4884266131         4.8229002039         4.0002098621
        5.0050183000         3.0000000000         1.4909789399         4.8382114687         4.0666971863
        5.0100051000         3.0000000000         1.4833219594         4.8484189785         3.8672352136
        5.0150051000         3.0000000000         1.4986359205         4.8713858756         4.2661591590
        5.0201246000         3.0000000000         1.4960835936         4.8969046502         4.1996718348
        5.0250200000         3.0000000000         1.4884266131         4.9096640375         4.0002098621
        5.0300040000         3.0000000000         1.4935312668         4.9249753023         4.1331845106
        5.0350033000         3.0000000000         1.4833219594         4.9300790572         3.8672352136
        5.0400628000         3.0000000000         1.5011882474         4.9632534642         4.3326464832
        5.0450030000         3.0000000000         1.4858742862         4.9709090965         3.9337225379
        5.0500035000         3.0000000000         1.4935312668         4.9938759937         4.1331845106
        5.0550039000         3.0000000000         1.4884266131         4.9887722387         4.0002098621
        5.0600063000         3.0000000000         1.4858742862         5.0091872584         3.9337225379
        5.0650036000         3.0000000000         1.4935312668         5.0066353810         4.1331845106
        5.0700035000         3.0000000000         1.4986359205         5.0117391359         4.2661591590
        5.0750196000         3.0000000000         1.4833219594         5.0015316260         3.8672352136
        5.0800312000         3.0000000000         1.4782173056         5.0015316260         3.7342605652
        5.0850031000         3.0000000000         1.4935312668         5.0142910133         4.1331845106
        5.0900041000         3.0000000000         1.4858742862         4.9989797486         3.9337225379
        5.0950046000         3.0000000000         1.5011882474         5.0040835035         4.3326464832
        5.1000029000         3.0000000000         1.4884266131         1.1048147461         4.0002098621
        5.1050032000         3.0000000000         1.4884266131         1.1048147461         4.0002098621
        5.1100098000         3.0000000000         1.4884266131         1.1022628687         4.0002098621
        5.1150032000         3.0000000000         1.4909789399         1.1099185011         4.0666971863
        5.1200447000         3.0000000000         1.4986359205         0.0024036839         4.2661591590
        5.1250035000         3.0000000000         1.4935312668         0.0075074388         4.1331845106
        5.1300037000         3.0000000000         1.5062929011         0.0100593162         4.4656211317
        5.1350101000         3.0000000000         1.4858742862        -0.0052519485         3.9337225379
        5.1400023000         3.0000000000         1.4935312668         0.0024036839         4.1331845106
        5.1527249000         3.0000000000         1.4884266131         0.0049555613         4.0002098621
        5.1531609000         3.0000000000         1.4833219594        -0.0027000711         3.8672352136
        5.1550012000         3.0000000000         1.5011882474         0.0177149486         4.3326464832
        5.1600037000         3.0000000000         1.5062929011         0.0304743359         4.4656211317
        5.1650028000         3.0000000000         1.4986359205         0.0457856007         4.2661591590
        5.1700031000         3.0000000000         1.4935312668         0.0559931105         4.1331845106
        5.1750030000         3.0000000000         1.4884266131         0.0687524978         4.0002098621
        5.1800150000         3.0000000000         1.4986359205         0.0942712724         4.2661591590
        5.1850023000         3.0000000000         1.5011882474         0.1095825371         4.3326464832
        5.1900029000         3.0000000000         1.5037405742         0.1299975568         4.3991338075
        5.1950063000         3.0000000000         1.4986359205         0.1402050666         4.2661591590
        5.2000036000         3.0000000000         1.5062929011         0.1631719638         4.4656211317
        5.2050025000         3.0000000000         1.4960835936         0.1682757187         4.1996718348
        5.2100044000         3.0000000000         1.4986359205         0.1963463707         4.2661591590
        5.2150028000         3.0000000000         1.4986359205         0.2091057580         4.2661591590
        5.2201396000         3.0000000000         1.5037405742         0.2346245326         4.3991338075
        5.2250035000         3.0000000000         1.4986359205         0.2448320425         4.2661591590
        5.2300050000         3.0000000000         1.5011882474         0.2601433072         4.3326464832
        5.2350026000         3.0000000000         1.4986359205         0.2805583269         4.2661591590
        5.2400045000         3.0000000000         1.5062929011         0.3009733466         4.4656211317
        5.2450030000         3.0000000000         1.5062929011         0.3213883662         4.4656211317
        5.2500025000         3.0000000000         1.4935312668         0.3264921211         4.1331845106
        5.2550022000         3.0000000000         1.4986359205         0.3443552634         4.2661591590
        5.2600029000         3.0000000000         1.4858742862         0.3571146507         3.9337225379
        5.2650025000         3.0000000000         1.4986359205         0.3775296703         4.2661591590
        5.2700025000         3.0000000000         1.4960835936         0.3928409351         4.1996718348
        5.2753135000         3.0000000000         1.4884266131         0.4132559548         4.0002098621
        5.2800129000         3.0000000000         1.4935312668         0.4260153420         4.1331845106
        5.2850028000         3.0000000000         1.5011882474         0.4489822392         4.3326464832
        5.2900025000         3.0000000000         1.4986359205         0.4642935039         4.2661591590
        5.2950092000         3.0000000000         1.4986359205         0.4745010138         4.2661591590
        5.3000128000         3.0000000000         1.4909789399         0.4949160334         4.0666971863
        5.3050029000         3.0000000000         1.5011882474         0.5076754207         4.3326464832
        5.3100035000         3.0000000000         1.4858742862         0.5229866855         3.9337225379
        5.3150034000         3.0000000000         1.4935312668         0.5357460728         4.1331845106
        5.3200038000         3.0000000000         1.4654556714         0.5587129699         3.4018239441
        5.3250023000         3.0000000000         1.4986359205         0.5791279896         4.2661591590
        5.3300059000         3.0000000000         1.4960835936         0.5867836220         4.1996718348
        5.3350044000         3.0000000000         1.4884266131         0.6046467642         4.0002098621
        5.3400036000         3.0000000000         1.4960835936         0.6199580289         4.1996718348
        5.3450039000         3.0000000000         1.4884266131         0.6301655388         4.0002098621
        5.3500060000         3.0000000000         1.4884266131         0.6607880683         4.0002098621
        5.3550059000         3.0000000000         1.4935312668         0.6582361908         4.1331845106
        5.3600033000         3.0000000000         1.4858742862         0.6837549654         3.9337225379
        5.3650048000         3.0000000000         1.4960835936         0.6965143527         4.1996718348
        5.3700034000         3.0000000000         1.4986359205         0.7169293724         4.2661591590
        5.3750051000         3.0000000000         1.4858742862         0.7245850047         3.9337225379
        5.3800058000         3.0000000000         1.4960835936         0.7475519019         4.1996718348
        5.3850065000         3.0000000000         1.4909789399         0.7679669216         4.0666971863
        5.3900083000         3.0000000000         1.5011882474         0.7858300638         4.3326464832
        5.3950086000         3.0000000000         1.4986359205         0.7960375736         4.2661591590
        5.4000272000         3.0000000000         1.4858742862         0.8139007158         3.9337225379
        5.4050055000         3.0000000000         1.4884266131         0.8292119806         4.0002098621
        5.4100055000         3.0000000000         1.4833219594         0.8394194904         3.8672352136
        5.4150048000         3.0000000000         1.5011882474         0.8623863875         4.3326464832
        5.4200050000         3.0000000000         1.4884266131         0.8725938974         4.0002098621
        5.4250838000         3.0000000000         1.4680079982         0.8930089170         3.4683112683
        5.4300074000         3.0000000000         1.4986359205         0.9134239367         4.2661591590
        5.4350055000         3.0000000000         1.4986359205         0.9312870789         4.2661591590
        5.4400161000         3.0000000000         1.4782173056         0.9363908338         3.7342605652
        5.4450046000         3.0000000000         1.5062929011         0.9619096084         4.4656211317
        5.4500070000         3.0000000000         1.4782173056         0.9670133634         3.7342605652
        5.4550074000         3.0000000000         1.5062929011         0.9950840154         4.4656211317
        5.4600438000         3.0000000000         1.4884266131         1.0001877703         4.0002098621
        5.4650077000         3.0000000000         1.4960835936         1.0257065449         4.1996718348
        5.4700072000         3.0000000000         1.4986359205         1.0359140547         4.2661591590
        5.4750059000         3.0000000000         1.4858742862         1.0461215646         3.9337225379
        5.4801699000         3.0000000000         1.4935312668         1.0614328293         4.1331845106
        5.4850049000         3.0000000000         1.4909789399         1.0792959716         4.0666971863
        5.4900047000         3.0000000000         1.4858742862         1.0946072363         3.9337225379
        5.4950063000         3.0000000000         1.5011882474         1.1175741334         4.3326464832
        5.5000200000         3.0000000000         1.4935312668         1.1277816433         4.1331845106
        5.5050043000         3.0000000000         1.4909789399         1.1456447855         4.0666971863
        5.5100057000         3.0000000000         1.4884266131         1.1584041728         4.0002098621
        5.5150063000         3.0000000000         1.4909789399         1.1762673150         4.0666971863
        5.5202013000         3.0000000000         1.5113975548         1.1992342121         4.5985957801
        5.5250036000         3.0000000000         1.4858742862         1.2017860896         3.9337225379
        5.5300068000         3.0000000000         1.4986359205         1.2298567416         4.2661591590
        5.5350071000         3.0000000000         1.5088452279         1.2451680064         4.5321084559
        5.5400441000         3.0000000000         1.4884266131         1.2579273937         4.0002098621
        5.5450042000         3.0000000000         1.4960835936         1.2630311486         4.1996718348
        5.5500046000         3.0000000000         1.4884266131         1.2808942908         4.0002098621
        5.5550032000         3.0000000000         1.4960835936         1.2987574330         4.1996718348
        5.5600137000         3.0000000000         1.4960835936         1.3217243302         4.1996718348
        5.5650036000         3.0000000000         1.4960835936         1.3395874724         4.1996718348
        5.5700027000         3.0000000000         1.5062929011         1.3574506146         4.4656211317
        5.5750060000         3.0000000000         1.4909789399         1.3625543695         4.0666971863
        5.5800045000         3.0000000000         1.4884266131         1.3804175117         4.0002098621
        5.5850092000         3.0000000000         1.5011882474         1.3982806539         4.3326464832
        5.5900033000         3.0000000000         1.4960835936         1.4161437961         4.1996718348
        5.5950036000         3.0000000000         1.4986359205         1.4340069384         4.2661591590
        5.6000283000         3.0000000000         1.4858742862         1.4493182031         3.9337225379
        5.6050038000         3.0000000000         1.5037405742         1.4697332228         4.3991338075
        5.6100042000         3.0000000000         1.4986359205         1.4875963650         4.2661591590
        5.6150029000         3.0000000000         1.4960835936         1.4952519974         4.1996718348
        5.6200138000         3.0000000000         1.4935312668         1.5105632621         4.1331845106
        5.6250040000         3.0000000000         1.4960835936         1.5335301593         4.1996718348
        5.6300049000         3.0000000000         1.4960835936         1.5437376691         4.1996718348
        5.6350080000         3.0000000000         1.4884266131         1.5667045662         4.0002098621
        5.6400135000         3.0000000000         1.4986359205         1.5794639535         4.2661591590
        5.6450051000         3.0000000000         1.4756649788         1.5820158310         3.6677732410
        5.6500032000         3.0000000000         1.4833219594         1.6024308506         3.8672352136
        5.6550032000         3.0000000000         1.4884266131         1.6177421154         4.0002098621
        5.6600037000         3.0000000000         1.4858742862         1.6305015027         3.9337225379
        5.6650029000         3.0000000000         1.4858742862         1.6458127674         3.9337225379
        5.6700041000         3.0000000000         1.4884266131         1.6636759097         4.0002098621
        5.6750035000         3.0000000000         1.4782173056         1.6764352970         3.7342605652
        5.6800049000         3.0000000000         1.4884266131         1.6866428068         4.0002098621
        5.6850035000         3.0000000000         1.4833219594         1.6968503166         3.8672352136
        5.6900043000         3.0000000000         1.4731126519         1.7121615814         3.6012859167
        5.6950064000         3.0000000000         1.4858742862         1.7351284785         3.9337225379
        5.7000126000         3.0000000000         1.4909789399         1.7555434982         4.0666971863
        5.7050057000         3.0000000000         1.4833219594         1.7708547629         3.8672352136
        5.7100041000         3.0000000000         1.4858742862         1.7836141502         3.9337225379
        5.7150066000         3.0000000000         1.4756649788         1.7836141502         3.6677732410
        5.7200474000         3.0000000000         1.4833219594         1.8065810474         3.8672352136
        5.7250032000         3.0000000000         1.4909789399         1.8193404347         4.0666971863
        5.7300038000         3.0000000000         1.4756649788         1.8397554543         3.6677732410
        5.7350055000         3.0000000000         1.4756649788         1.8397554543         3.6677732410
        5.7401936000         3.0000000000         1.4909789399         1.8627223515         4.0666971863
        5.7450037000         3.0000000000         1.4731126519         1.8805854937         3.6012859167
        5.7500042000         3.0000000000         1.4986359205         1.8984486359         4.2661591590
        5.7550033000         3.0000000000         1.4858742862         1.9137599006         3.9337225379
        5.7600128000         3.0000000000         1.4782173056         1.9188636556         3.7342605652
        5.7650054000         3.0000000000         1.4909789399         1.9341749203         4.0666971863
        5.7700034000         3.0000000000         1.4807696325         1.9520380625         3.8007478894
        5.7750049000         3.0000000000         1.4833219594         1.9622455724         3.8672352136
        5.7800070000         3.0000000000         1.4833219594         1.9724530822         3.8672352136
        5.7850053000         3.0000000000         1.4731126519         1.9954199793         3.6012859167
        5.7900033000         3.0000000000         1.4833219594         2.0030756117         3.8672352136
        5.7950057000         3.0000000000         1.4858742862         2.0285943863         3.9337225379
        5.8001247000         3.0000000000         1.4833219594         2.0336981412         3.8672352136
        5.8050029000         3.0000000000         1.4833219594         2.0464575285         3.8672352136
        5.8100036000         3.0000000000         1.4935312668         2.0770800580         4.1331845106
        5.8150103000         3.0000000000         1.4858742862         2.0872875679         3.9337225379
        5.8200035000         3.0000000000         1.5011882474         2.1051507101         4.3326464832
        5.8250067000         3.0000000000         1.4807696325         2.1128063424         3.8007478894
        5.8300058000         3.0000000000         1.4858742862         2.1306694847         3.9337225379
        5.8350029000         3.0000000000         1.4858742862         2.1383251170         3.9337225379
        5.8400073000         3.0000000000         1.4833219594         2.1587401367         3.8672352136
        5.8450059000         3.0000000000         1.4986359205         2.1817070338         4.2661591590
        5.8500052000         3.0000000000         1.4858742862         2.1893626662         3.9337225379
        5.8550054000         3.0000000000         1.4909789399         2.2123295633         4.0666971863
        5.8600042000         3.0000000000         1.4960835936         2.2199851957         4.1996718348
        5.8650108000         3.0000000000         1.4782173056         2.2276408281         3.7342605652
        5.8700057000         3.0000000000         1.4935312668         2.2506077252         4.1331845106
        5.8750077000         3.0000000000         1.4909789399         2.2735746224         4.0666971863
        5.8800111000         3.0000000000         1.4909789399         2.2786783773         4.0666971863
        5.8850123000         3.0000000000         1.4884266131         2.2914377646         4.0002098621
        5.8900063000         3.0000000000         1.4884266131         2.3169565392         4.0002098621
        5.8950047000         3.0000000000         1.4986359205         2.3322678039         4.2661591590
        5.9000026000         3.0000000000         1.4960835936         2.3424753138         4.1996718348
        5.9050127000         3.0000000000         1.4909789399         2.3654422109         4.0666971863
        5.9100094000         3.0000000000         1.4986359205         2.3730978433         4.2661591590
        5.9150083000         3.0000000000         1.4833219594         2.3858572306         3.8672352136
        5.9200071000         3.0000000000         1.4909789399         2.3986166179         4.0666971863
        5.9250062000         3.0000000000         1.5037405742         2.4215835150         4.3991338075
        5.9300093000         3.0000000000         1.4884266131         2.4368947797         4.0002098621
        5.9350040000         3.0000000000         1.4986359205         2.4547579220         4.2661591590
        5.9400062000         3.0000000000         1.4858742862         2.4624135543         3.9337225379
        5.9450061000         3.0000000000         1.4960835936         2.4853804515         4.1996718348
        5.9500038000         3.0000000000         1.5062929011         2.5057954711         4.4656211317
        5.9550087000         3.0000000000         1.4909789399         2.5160029810         4.0666971863
        5.9600079000         3.0000000000         1.4986359205         2.5338661232         4.2661591590
        5.9650032000         3.0000000000         1.4986359205         2.5568330203         4.2661591590
        5.9700039000         3.0000000000         1.4909789399         2.5670405302         4.0666971863
        5.9750037000         3.0000000000         1.4909789399         2.5746961625         4.0666971863
        5.9800039000         3.0000000000         1.4960835936         2.6027668146         4.1996718348
        5.9850040000         3.0000000000         1.4909789399         2.6078705695         4.0666971863
        5.9900048000         3.0000000000         1.4960835936         2.6282855892         4.1996718348
        5.9950091000         3.0000000000         1.4884266131         2.6333893441         4.0002098621
        6.0000065000         3.0000000000         1.4884266131         2.6538043638         4.0002098621
        6.0050074000         3.0000000000         1.4884266131         2.6793231383         4.0002098621
        6.0100071000         3.0000000000         1.4909789399         2.6895306482         4.0666971863
        6.0150079000         3.0000000000         1.4884266131         2.6997381580         4.0002098621
        6.0200060000         3.0000000000         1.4884266131         2.7124975453         4.0002098621
        6.0250052000         3.0000000000         1.4909789399         2.7329125650         4.0666971863
        6.0300065000         3.0000000000         1.4858742862         2.7507757072         3.9337225379
        6.0350067000         3.0000000000         1.4986359205         2.7762944818         4.2661591590
        6.0400058000         3.0000000000         1.4960835936         2.7865019916         4.1996718348
        6.0450078000         3.0000000000         1.4858742862         2.7992613789         3.9337225379
        6.0500047000         3.0000000000         1.4935312668         2.8120207662         4.1331845106
        6.0550072000         3.0000000000         1.4858742862         2.8324357859         3.9337225379
        6.0600053000         3.0000000000         1.4909789399         2.8426432957         4.0666971863
        6.0650092000         3.0000000000         1.4603510177         2.8554026830         3.2688492956
        6.0700056000         3.0000000000         1.4858742862         2.8630583154         3.9337225379
        6.0750187000         3.0000000000         1.4986359205         2.8936808449         4.2661591590
        6.0800061000         3.0000000000         1.4833219594         2.9038883547         3.8672352136
        6.0850034000         3.0000000000         1.4807696325         2.9115439871         3.8007478894
        6.0900052000         3.0000000000         1.5037405742         2.9345108842         4.3991338075
        6.0950051000         3.0000000000         1.4935312668         2.9549259039         4.1331845106
        6.1000094000         3.0000000000         1.4858742862         2.9574777814         3.9337225379
        6.1050122000         3.0000000000         1.4884266131         2.9778928011         4.0002098621
        6.1100034000         3.0000000000         1.4858742862         2.9906521883         3.9337225379
        6.1150058000         3.0000000000         1.4858742862         3.0034115756         3.9337225379
        6.1200073000         3.0000000000         1.4858742862         3.0263784728         3.9337225379
        6.1250260000         3.0000000000         1.4858742862         3.0391378601         3.9337225379
        6.1300034000         3.0000000000         1.5011882474         3.0621047572         4.3326464832
        6.1350068000         3.0000000000         1.4629033445         3.0697603896         3.3353366198
        6.1400040000         3.0000000000         1.4986359205         3.0901754092         4.2661591590
        6.1450052000         3.0000000000         1.4731126519         3.0978310416         3.6012859167
        6.1500036000         3.0000000000         1.4782173056         3.1182460613         3.7342605652
        6.1550056000         3.0000000000         1.5037405742         3.1412129584         4.3991338075
        6.1600037000         3.0000000000         1.4986359205         3.1565242232         4.2661591590
        6.1650042000         3.0000000000         1.4986359205         3.1641798556         4.2661591590
        6.1700029000         3.0000000000         1.4960835936         3.1794911203         4.1996718348
        6.1750041000         3.0000000000         1.4858742862         3.1922505076         3.9337225379
        6.1800057000         3.0000000000         1.4909789399         3.2101136498         4.0666971863
        6.1850048000         3.0000000000         1.4935312668         3.2305286695         4.1331845106
        6.1900030000         3.0000000000         1.4935312668         3.2432880568         4.1331845106
        6.1950042000         3.0000000000         1.5037405742         3.2560474441         4.3991338075
        6.2000291000         3.0000000000         1.4782173056         3.2713587088         3.7342605652
        6.2050032000         3.0000000000         1.4960835936         3.2892218510         4.1996718348
        6.2100032000         3.0000000000         1.4960835936         3.3019812383         4.1996718348
        6.2150036000         3.0000000000         1.4935312668         3.3249481355         4.1331845106
        6.2200029000         3.0000000000         1.4986359205         3.3377075228         4.2661591590
        6.2250069000         3.0000000000         1.4909789399         3.3555706650         4.0666971863
        6.2300029000         3.0000000000         1.4858742862         3.3708819297         3.9337225379
        6.2350032000         3.0000000000         1.4909789399         3.3861931945         4.0666971863
        6.2400029000         3.0000000000         1.4807696325         3.3938488269         3.8007478894
        6.2450026000         3.0000000000         1.4935312668         3.4091600916         4.1331845106
        6.2500035000         3.0000000000         1.4858742862         3.4295751113         3.9337225379
        6.2550041000         3.0000000000         1.4986359205         3.4550938859         4.2661591590
        6.2600034000         3.0000000000         1.4884266131         3.4601976408         4.0002098621
        6.2650024000         3.0000000000         1.4884266131         3.4755089056         4.0002098621
        6.2700025000         3.0000000000         1.4935312668         3.4831645379         4.1331845106
        6.2750039000         3.0000000000         1.4935312668         3.5137870674         4.1331845106
        6.2800036000         3.0000000000         1.4833219594         3.5163389449         3.8672352136
        6.2850063000         3.0000000000         1.5011882474         3.5393058420         4.3326464832
        6.2900044000         3.0000000000         1.4884266131         3.5469614744         4.0002098621
        6.2950024000         3.0000000000         1.4960835936         3.5699283715         4.1996718348
        6.3000219000         3.0000000000         1.4909789399         3.5877915138         4.0666971863
        6.3050052000         3.0000000000         1.4909789399         3.6005509010         4.0666971863
        6.3100038000         3.0000000000         1.5011882474         3.6158621658         4.3326464832
        6.3150034000         3.0000000000         1.4884266131         3.6362771855         4.0002098621
        6.3200029000         3.0000000000         1.5011882474         3.6490365728         4.3326464832
        6.3250045000         3.0000000000         1.4960835936         3.6668997150         4.1996718348
        6.3300037000         3.0000000000         1.4935312668         3.6847628572         4.1331845106
        6.3350031000         3.0000000000         1.4986359205         3.7051778769         4.2661591590
        6.3400024000         3.0000000000         1.4960835936         3.7204891416         4.1996718348
        6.3450049000         3.0000000000         1.5011882474         3.7306966515         4.3326464832
        6.3500034000         3.0000000000         1.4909789399         3.7409041613         4.0666971863
        6.3550021000         3.0000000000         1.4986359205         3.7689748133         4.2661591590
        6.3600054000         3.0000000000         1.4960835936         3.7791823232         4.1996718348
        6.3650034000         3.0000000000         1.4884266131         3.7944935879         4.0002098621
        6.3700033000         3.0000000000         1.5037405742         3.8149086076         4.3991338075
        6.3750034000         3.0000000000         1.4909789399         3.8225642400         4.0666971863
        6.3800059000         3.0000000000         1.5011882474         3.8506348920         4.3326464832
        6.3850034000         3.0000000000         1.4986359205         3.8582905244         4.2661591590
        6.3900038000         3.0000000000         1.4935312668         3.8812574215         4.1331845106
        6.3950047000         3.0000000000         1.4935312668         3.8889130539         4.1331845106
        6.4000033000         3.0000000000         1.4986359205         3.9144318285         4.2661591590
        6.4050034000         3.0000000000         1.4986359205         3.9246393383         4.2661591590
        6.4100040000         3.0000000000         1.4935312668         3.9348468482         4.1331845106
        6.4150035000         3.0000000000         1.4858742862         3.9450543580         3.9337225379
        6.4200029000         3.0000000000         1.4909789399         3.9680212551         4.0666971863
        6.4250054000         3.0000000000         1.4884266131         3.9807806424         4.0002098621
        6.4300033000         3.0000000000         1.4960835936         3.9986437847         4.1996718348
        6.4350030000         3.0000000000         1.4884266131         4.0062994170         4.0002098621
        6.4400574000         3.0000000000         1.4858742862         4.0216106818         3.9337225379
        6.4450060000         3.0000000000         1.5011882474         4.0471294564         4.3326464832
        6.4500030000         3.0000000000         1.4858742862         4.0522332113         3.9337225379
        6.4550035000         3.0000000000         1.4935312668         4.0803038633         4.1331845106
        6.4600032000         3.0000000000         1.4986359205         4.0905113732         4.2661591590
        6.4650037000         3.0000000000         1.4884266131         4.1083745154         4.0002098621
        6.4700038000         3.0000000000         1.4807696325         4.1134782703         3.8007478894
        6.4750091000         3.0000000000         1.4858742862         4.1313414125         3.9337225379
        6.4800242000         3.0000000000         1.4756649788         4.1415489224         3.6677732410
        6.4850028000         3.0000000000         1.4935312668         4.1645158195         4.1331845106
        6.4900029000         3.0000000000         1.4833219594         4.1798270842         3.8672352136
        6.4950055000         3.0000000000         1.4884266131         4.1951383490         4.0002098621
        6.5000031000         3.0000000000         1.4960835936         4.2104496138         4.1996718348
        6.5050038000         3.0000000000         1.4858742862         4.2359683883         3.9337225379
        6.5100043000         3.0000000000         1.4909789399         4.2410721433         4.0666971863
        6.5150030000         3.0000000000         1.4986359205         4.2563834080         4.2661591590
        6.5200029000         3.0000000000         1.4858742862         4.2767984277         3.9337225379
        6.5251295000         3.0000000000         1.4960835936         4.2895578150         4.1996718348
        6.5300046000         3.0000000000         1.4884266131         4.3023172023         4.0002098621
        6.5350025000         3.0000000000         1.4909789399         4.3201803445         4.0666971863
        6.5400031000         3.0000000000         1.4909789399         4.3354916092         4.0666971863
        6.5450062000         3.0000000000         1.4935312668         4.3559066289         4.1331845106
        6.5500043000         3.0000000000         1.4909789399         4.3712178937         4.0666971863
        6.5550035000         3.0000000000         1.4935312668         4.3814254035         4.1331845106
        6.5600041000         3.0000000000         1.4833219594         4.3916329133         3.8672352136
        6.5650027000         3.0000000000         1.4833219594         4.4069441781         3.8672352136
        6.5700021000         3.0000000000         1.4884266131         4.4299110752         4.0002098621
        6.5750058000         3.0000000000         1.4909789399         4.4452223400         4.0666971863
        6.5800169000         3.0000000000         1.4909789399         4.4605336047         4.0666971863
        6.5850040000         3.0000000000         1.4807696325         4.4732929920         3.8007478894
        6.5900059000         3.0000000000         1.4884266131         4.4911561342         4.0002098621
        6.5950024000         3.0000000000         1.4833219594         4.5039155215         3.8672352136
        6.6000044000         3.0000000000         1.4935312668         4.5294342961         4.1331845106
        6.6050039000         3.0000000000         1.5011882474         4.5447455609         4.3326464832
        6.6100035000         3.0000000000         1.4884266131         4.5575049482         4.0002098621
        6.6150045000         3.0000000000         1.4909789399         4.5702643355         4.0666971863
        6.6202050000         3.0000000000         1.4960835936         4.5881274777         4.1996718348
        6.6250220000         3.0000000000         1.4884266131         4.6034387424         4.0002098621
        6.6300026000         3.0000000000         1.4935312668         4.6161981297         4.1331845106
        6.6350039000         3.0000000000         1.4960835936         4.6442687818         4.1996718348
        6.6400886000         3.0000000000         1.4858742862         4.6493725367         3.9337225379
        6.6450058000         3.0000000000         1.4960835936         4.6697875564         4.1996718348
        6.6500050000         3.0000000000         1.4858742862         4.6850988211         3.9337225379
        6.6550046000         3.0000000000         1.4960835936         4.7004100859         4.1996718348
        6.6601296000         3.0000000000         1.4705603251         4.7208251056         3.5347985925
        6.6650051000         3.0000000000         1.4909789399         4.7335844928         4.0666971863
        6.6700077000         3.0000000000         1.5088452279         4.7565513900         4.5321084559
        6.6750055000         3.0000000000         1.4858742862         4.7591032674         3.9337225379
        6.6800040000         3.0000000000         1.4935312668         4.7846220420         4.1331845106
        6.6850033000         3.0000000000         1.4960835936         4.7948295519         4.1996718348
        6.6900029000         3.0000000000         1.4909789399         4.8152445715         4.0666971863
        6.6950036000         3.0000000000         1.4935312668         4.8280039588         4.1331845106
        6.7000024000         3.0000000000         1.4935312668         4.8484189785         4.1331845106
        6.7050045000         3.0000000000         1.4960835936         4.8662821207         4.1996718348
        6.7100047000         3.0000000000         1.4960835936         4.8815933855         4.1996718348
        6.7150029000         3.0000000000         1.4858742862         4.8943527728         3.9337225379
        6.7200053000         3.0000000000         1.4960835936         4.9173196699         4.1996718348
        6.7250036000         3.0000000000         1.4909789399         4.9351828121         4.0666971863
        6.7300038000         3.0000000000         1.4986359205         4.9453903219         4.2661591590
        6.7350037000         3.0000000000         1.4884266131         4.9683572191         4.0002098621
        6.7400031000         3.0000000000         1.4935312668         4.9836684838         4.1331845106
        6.7450032000         3.0000000000         1.4960835936         4.9964278711         4.1996718348
        6.7500041000         3.0000000000         1.4909789399         5.0091872584         4.0666971863
        6.7550043000         3.0000000000         1.5011882474         5.0142910133         4.3326464832
        6.7600116000         3.0000000000         1.4935312668         5.0066353810         4.1331845106
        6.7650040000         3.0000000000         1.4960835936         5.0040835035         4.1996718348
        6.7700037000         3.0000000000         1.4909789399         5.0015316260         4.0666971863
        6.7750050000         3.0000000000         1.4884266131         5.0066353810         4.0002098621
        6.7800636000         3.0000000000         1.4986359205         5.0117391359         4.2661591590
        6.7850029000         3.0000000000         1.4909789399         4.9862203613         4.0666971863
        6.7900051000         3.0000000000         1.4884266131         1.1099185011         4.0002098621
        6.7950029000         3.0000000000         1.4909789399         1.1124703785         4.0666971863
        6.8000039000         3.0000000000         1.4833219594         1.1073666236         3.8672352136
        6.8050029000         3.0000000000         1.4858742862         1.1099185011         3.9337225379
        6.8100028000         3.0000000000         1.4986359205         0.0075074388         4.2661591590
        6.8150026000         3.0000000000         1.4909789399         0.0049555613         4.0666971863
        6.8200032000         3.0000000000         1.4935312668         0.0024036839         4.1331845106
        6.8250031000         3.0000000000         1.4858742862        -0.0052519485         3.9337225379
        6.8300040000         3.0000000000         1.4884266131        -0.0001481936         4.0002098621
        6.8350024000         3.0000000000         1.4909789399        -0.0001481936         4.0666971863
        6.8400025000         3.0000000000         1.4884266131        -0.0001481936         4.0002098621
        6.8450056000         3.0000000000         1.4884266131         0.0075074388         4.0002098621
        6.8500027000         3.0000000000         1.4909789399         0.0228187035         4.0666971863
        6.8550032000         3.0000000000         1.4782173056         0.0304743359         3.7342605652
        6.8600324000         3.0000000000         1.4935312668         0.0534412330         4.1331845106
        6.8650026000         3.0000000000         1.4884266131         0.0662006203         4.0002098621
        6.8700037000         3.0000000000         1.4909789399         0.0866156400         4.0666971863
        6.8750039000         3.0000000000         1.4858742862         0.1019269048         3.9337225379
        6.8800036000         3.0000000000         1.4909789399         0.1172381695         4.0666971863
        6.8850028000         3.0000000000         1.5011882474         0.1376531892         4.3326464832
        6.8900029000         3.0000000000         1.4884266131         0.1478606990         4.0002098621
        6.8950056000         3.0000000000         1.4858742862         0.1631719638         3.9337225379
        6.9000031000         3.0000000000         1.4960835936         0.1810351060         4.1996718348
        6.9050085000         3.0000000000         1.4960835936         0.1988982482         4.1996718348
        6.9100052000         3.0000000000         1.4884266131         0.2116576355         4.0002098621
        6.9150063000         3.0000000000         1.4960835936         0.2295207777         4.1996718348
        6.9200057000         3.0000000000         1.4833219594         0.2397282875         3.8672352136
        6.9250047000         3.0000000000         1.4960835936         0.2550395523         4.1996718348
        6.9300049000         3.0000000000         1.4909789399         0.2805583269         4.0666971863
        6.9350047000         3.0000000000         1.4884266131         0.2933177142         4.0002098621
        6.9400031000         3.0000000000         1.4603510177         0.3111808564         3.2688492956
        6.9450058000         3.0000000000         1.4858742862         0.3264921211         3.9337225379
        6.9500031000         3.0000000000         1.4935312668         0.3418033859         4.1331845106
        6.9550030000         3.0000000000         1.4986359205         0.3622184056         4.2661591590
        6.9600036000         3.0000000000         1.4935312668         0.3749777929         4.1331845106
        6.9650027000         3.0000000000         1.5037405742         0.3979446900         4.3991338075
        6.9700023000         3.0000000000         1.4884266131         0.4081521998         4.0002098621
        6.9750043000         3.0000000000         1.5037405742         0.4285672195         4.3991338075
        6.9800033000         3.0000000000         1.4935312668         0.4413266068         4.1331845106
        6.9850031000         3.0000000000         1.4935312668         0.4566378716         4.1331845106
        6.9900030000         3.0000000000         1.4986359205         0.4719491363         4.2661591590
        6.9950037000         3.0000000000         1.4935312668         0.4872604011         4.1331845106
        7.0000036000         3.0000000000         1.4986359205         0.5025716658         4.2661591590
        7.0050027000         3.0000000000         1.4960835936         0.5255385629         4.1996718348
        7.0100077000         3.0000000000         1.4909789399         0.5382979502         4.0666971863
        7.0150029000         3.0000000000         1.4909789399         0.5459535826         4.0666971863
        7.0200687000         3.0000000000         1.4909789399         0.5663686023         4.0666971863
        7.0250063000         3.0000000000         1.4935312668         0.5842317445         4.1331845106
        7.0300046000         3.0000000000         1.4935312668         0.6020948867         4.1331845106
        7.0350047000         3.0000000000         1.4960835936         0.6148542740         4.1996718348
        7.0400176000         3.0000000000         1.4909789399         0.6301655388         4.0666971863
        7.0450034000         3.0000000000         1.4884266131         0.6429249261         4.0002098621
        7.0500039000         3.0000000000         1.4884266131         0.6607880683         4.0002098621
        7.0550034000         3.0000000000         1.4909789399         0.6760993330         4.0666971863
        7.0600034000         3.0000000000         1.5062929011         0.7041699851         4.4656211317
        7.0650022000         3.0000000000         1.5037405742         0.7143774949         4.3991338075
        7.0700032000         3.0000000000         1.4960835936         0.7322406371         4.1996718348
        7.0750033000         3.0000000000         1.5011882474         0.7475519019         4.3326464832
        7.0800214000         3.0000000000         1.4986359205         0.7679669216         4.2661591590
        7.0850051000         3.0000000000         1.4884266131         0.7756225539         4.0002098621
        7.0900041000         3.0000000000         1.4986359205         0.7909338187         4.2661591590
        7.0950048000         3.0000000000         1.4960835936         0.8113488384         4.1996718348
        7.1000045000         3.0000000000         1.5037405742         0.8292119806         4.3991338075
        7.1050060000         3.0000000000         1.4909789399         0.8394194904         4.0666971863
        7.1100039000         3.0000000000         1.4986359205         0.8623863875         4.2661591590
        7.1150043000         3.0000000000         1.5062929011         0.8853532847         4.4656211317
        7.1200039000         3.0000000000         1.4986359205         0.9006645494         4.2661591590
        7.1250051000         3.0000000000         1.5037405742         0.9185276916         4.3991338075
        7.1300066000         3.0000000000         1.4935312668         0.9261833240         4.1331845106
        7.1350024000         3.0000000000         1.4986359205         0.9414945888         4.2661591590
        7.1400031000         3.0000000000         1.4960835936         0.9619096084         4.1996718348
        7.1450053000         3.0000000000         1.4884266131         0.9772208732         4.0002098621
        7.1500042000         3.0000000000         1.4986359205         0.9899802605         4.2661591590
        7.1550037000         3.0000000000         1.4909789399         1.0078434027         4.0666971863
        7.1600049000         3.0000000000         1.4858742862         1.0257065449         3.9337225379
        7.1650084000         3.0000000000         1.4960835936         1.0384659322         4.1996718348
        7.1700038000         3.0000000000         1.4782173056         1.0512253195         3.7342605652
        7.1750051000         3.0000000000         1.5062929011         1.0767440941         4.4656211317
        7.1800029000         3.0000000000         1.4960835936         1.0971591138         4.1996718348
        7.1850038000         3.0000000000         1.4909789399         1.1073666236         4.0666971863
        7.1900064000         3.0000000000         1.4960835936         1.1252297658         4.1996718348
        7.1950053000         3.0000000000         1.4884266131         1.1354372756         4.0002098621
        7.2000067000         3.0000000000         1.4935312668         1.1507485404         4.1331845106
        7.2050063000         3.0000000000         1.4884266131         1.1660598052         4.0002098621
        7.2100061000         3.0000000000         1.4782173056         1.1788191925         3.7342605652
        7.2150035000         3.0000000000         1.4986359205         1.1992342121         4.2661591590
        7.2200321000         3.0000000000         1.4884266131         1.2094417220         4.0002098621
        7.2250054000         3.0000000000         1.4909789399         1.2298567416         4.0666971863
        7.2300046000         3.0000000000         1.4909789399         1.2349604965         4.0666971863
        7.2350063000         3.0000000000         1.4858742862         1.2604792711         3.9337225379
        7.2400035000         3.0000000000         1.5011882474         1.2783424134         4.3326464832
        7.2450600000         3.0000000000         1.4807696325         1.2859980457         3.8007478894
        7.2500042000         3.0000000000         1.4909789399         1.3064130654         4.0666971863
        7.2550054000         3.0000000000         1.4884266131         1.3115168203         4.0002098621
        7.2600489000         3.0000000000         1.4782173056         1.3242762076         3.7342605652
        7.2650050000         3.0000000000         1.4935312668         1.3446912273         4.1331845106
        7.2700039000         3.0000000000         1.4960835936         1.3676581244         4.1996718348
        7.2750068000         3.0000000000         1.4858742862         1.3727618793         3.9337225379
        7.2800052000         3.0000000000         1.4986359205         1.3906250215         4.2661591590
        7.2850037000         3.0000000000         1.4782173056         1.4033844088         3.7342605652
        7.2900052000         3.0000000000         1.4909789399         1.4135919187         4.0666971863
        7.2950046000         3.0000000000         1.4858742862         1.4289031834         3.9337225379
        7.3000033000         3.0000000000         1.4858742862         1.4518700806         3.9337225379
        7.3050038000         3.0000000000         1.4935312668         1.4671813453         4.1331845106
        7.3100049000         3.0000000000         1.4807696325         1.4748369777         3.8007478894
        7.3150032000         3.0000000000         1.4935312668         1.4978038748         4.1331845106
        7.3200038000         3.0000000000         1.4833219594         1.5029076297         3.8672352136
        7.3250031000         3.0000000000         1.4807696325         1.5207707720         3.8007478894
        7.3300030000         3.0000000000         1.4986359205         1.5411857916         4.2661591590
        7.3350023000         3.0000000000         1.4858742862         1.5616008113         3.9337225379
        7.3400033000         3.0000000000         1.4935312668         1.5743601986         4.1331845106
        7.3450029000         3.0000000000         1.4884266131         1.5871195859         4.0002098621
        7.3500033000         3.0000000000         1.4807696325         1.6024308506         3.8007478894
        7.3550039000         3.0000000000         1.4935312668         1.6228458703         4.1331845106
        7.3600027000         3.0000000000         1.4909789399         1.6381571351         4.0666971863
        7.3650042000         3.0000000000         1.4858742862         1.6458127674         3.9337225379
        7.3700040000         3.0000000000         1.4884266131         1.6662277871         4.0002098621
        7.3750034000         3.0000000000         1.4833219594         1.6764352970         3.8672352136
        7.3800034000         3.0000000000         1.4782173056         1.6840909293         3.7342605652
        7.3850042000         3.0000000000         1.4833219594         1.6968503166         3.8672352136
        7.3900037000         3.0000000000         1.4756649788         1.7121615814         3.6677732410
        7.3950037000         3.0000000000         1.4858742862         1.7325766011         3.9337225379
        7.4000035000         3.0000000000         1.4807696325         1.7427841109         3.8007478894
        7.4050039000         3.0000000000         1.4782173056         1.7555434982         3.7342605652
        7.4100037000         3.0000000000         1.4807696325         1.7708547629         3.8007478894
        7.4150040000         3.0000000000         1.4884266131         1.7938216601         4.0002098621
        7.4200027000         3.0000000000         1.4884266131         1.8040291699         4.0002098621
        7.4250054000         3.0000000000         1.4884266131         1.8193404347         4.0002098621
        7.4300041000         3.0000000000         1.4884266131         1.8423073318         4.0002098621
        7.4350037000         3.0000000000         1.4833219594         1.8423073318         3.8672352136
        7.4400544000         3.0000000000         1.4884266131         1.8652742289         4.0002098621
        7.4450090000         3.0000000000         1.4731126519         1.8729298613         3.6012859167
        7.4500075000         3.0000000000         1.4884266131         1.8882411261         4.0002098621
        7.4550040000         3.0000000000         1.4833219594         1.9086561457         3.8672352136
        7.4600025000         3.0000000000         1.4884266131         1.9188636556         4.0002098621
        7.4650049000         3.0000000000         1.4909789399         1.9367267978         4.0666971863
        7.4700032000         3.0000000000         1.4833219594         1.9520380625         3.8672352136
        7.4750043000         3.0000000000         1.4807696325         1.9596936949         3.8007478894
        7.4800036000         3.0000000000         1.4935312668         1.9801087146         4.1331845106
        7.4850087000         3.0000000000         1.4884266131         2.0056274892         4.0002098621
        7.4900033000         3.0000000000         1.4986359205         2.0183868765         4.2661591590
        7.4950048000         3.0000000000         1.4833219594         2.0260425088         3.8672352136
        7.5000027000         3.0000000000         1.4909789399         2.0413537736         4.0666971863
        7.5050088000         3.0000000000         1.4858742862         2.0515612834         3.9337225379
        7.5100102000         3.0000000000         1.4884266131         2.0821838129         4.0002098621
        7.5150045000         3.0000000000         1.4935312668         2.0898394453         4.1331845106
        7.5200055000         3.0000000000         1.4909789399         2.1128063424         4.0666971863
        7.5250054000         3.0000000000         1.4884266131         2.1179100974         4.0002098621
        7.5300043000         3.0000000000         1.4884266131         2.1332213621         4.0002098621
        7.5350039000         3.0000000000         1.4756649788         2.1434288720         3.6677732410
        7.5400051000         3.0000000000         1.4833219594         2.1587401367         3.8672352136
        7.5450054000         3.0000000000         1.4884266131         2.1817070338         4.0002098621
        7.5500030000         3.0000000000         1.4935312668         2.2021220535         4.1331845106
        7.5550037000         3.0000000000         1.4986359205         2.2174333183         4.2661591590
        7.5600079000         3.0000000000         1.4782173056         2.2225370732         3.7342605652
        7.5650041000         3.0000000000         1.4884266131         2.2429520929         4.0002098621
        7.5700038000         3.0000000000         1.4909789399         2.2608152351         4.0666971863
        7.5750068000         3.0000000000         1.4884266131         2.2812302547         4.0002098621
        7.5800046000         3.0000000000         1.4960835936         2.2888858871         4.1996718348
        7.5850032000         3.0000000000         1.4935312668         2.3093009068         4.1331845106
        7.5900039000         3.0000000000         1.4884266131         2.3246121715         4.0002098621
        7.5950070000         3.0000000000         1.4884266131         2.3297159265         4.0002098621
        7.6000045000         3.0000000000         1.4782173056         2.3450271912         3.7342605652
        7.6050037000         3.0000000000         1.4884266131         2.3577865785         4.0002098621
        7.6100066000         3.0000000000         1.4935312668         2.3884091080         4.1331845106
        7.6150026000         3.0000000000         1.4884266131         2.3935128629         4.0002098621
        7.6200039000         3.0000000000         1.4884266131         2.4062722502         4.0002098621
        7.6250038000         3.0000000000         1.4858742862         2.4266872699         3.9337225379
        7.6300041000         3.0000000000         1.4909789399         2.4471022896         4.0666971863
        7.6350039000         3.0000000000         1.4935312668         2.4624135543         4.1331845106
        7.6400031000         3.0000000000         1.4833219594         2.4700691867         3.8672352136
        7.6450043000         3.0000000000         1.4858742862         2.4802766965         3.9337225379
        7.6500038000         3.0000000000         1.4833219594         2.4955879613         3.8672352136
        7.6550029000         3.0000000000         1.4935312668         2.5185548584         4.1331845106
        7.6600040000         3.0000000000         1.4833219594         2.5236586133         3.8672352136
        7.6650028000         3.0000000000         1.4884266131         2.5491773879         4.0002098621
        7.6700040000         3.0000000000         1.4986359205         2.5695924076         4.2661591590
        7.6750038000         3.0000000000         1.4935312668         2.5772480400         4.1331845106
        7.6800034000         3.0000000000         1.4884266131         2.5925593047         4.0002098621
        7.6850039000         3.0000000000         1.4884266131         2.6027668146         4.0002098621
        7.6900035000         3.0000000000         1.4986359205         2.6257337117         4.2661591590
        7.6950038000         3.0000000000         1.4909789399         2.6410449765         4.0666971863
        7.7000047000         3.0000000000         1.5037405742         2.6665637511         4.3991338075
        7.7050056000         3.0000000000         1.4858742862         2.6716675060         3.9337225379
        7.7100033000         3.0000000000         1.4884266131         2.6844268933         4.0002098621
        7.7150062000         3.0000000000         1.5011882474         2.7099456679         4.3326464832
        7.7200023000         3.0000000000         1.5037405742         2.7227050552         4.3991338075
        7.7250043000         3.0000000000         1.4960835936         2.7354644424         4.1996718348
        7.7300039000         3.0000000000         1.4858742862         2.7431200748         3.9337225379
        7.7350047000         3.0000000000         1.4935312668         2.7686388494         4.1331845106
        7.7400036000         3.0000000000         1.4935312668         2.7813982367         4.1331845106
        7.7450056000         3.0000000000         1.4884266131         2.8018132564         4.0002098621
        7.7500050000         3.0000000000         1.4960835936         2.8120207662         4.1996718348
        7.7550038000         3.0000000000         1.4884266131         2.8298839084         4.0002098621
        7.7600038000         3.0000000000         1.5037405742         2.8502989281         4.3991338075
        7.7650041000         3.0000000000         1.4858742862         2.8579545605         3.9337225379
        7.7700046000         3.0000000000         1.4858742862         2.8681620703         3.9337225379
        7.7750028000         3.0000000000         1.4909789399         2.8860252125         4.0666971863
        7.7800038000         3.0000000000         1.4858742862         2.9064402322         3.9337225379
        7.7850027000         3.0000000000         1.4858742862         2.9191996195         3.9337225379
        7.7900037000         3.0000000000         1.4960835936         2.9421665166         4.1996718348
        7.7950039000         3.0000000000         1.4884266131         2.9472702715         4.0002098621
        7.8000050000         3.0000000000         1.4858742862         2.9651334138         3.9337225379
        7.8050066000         3.0000000000         1.4858742862         2.9804446785         3.9337225379
        7.8100040000         3.0000000000         1.4960835936         3.0008596982         4.1996718348
        7.8150029000         3.0000000000         1.4935312668         3.0085153306         4.1331845106
        7.8200037000         3.0000000000         1.4909789399         3.0263784728         4.0666971863
        7.8250025000         3.0000000000         1.4807696325         3.0416897375         3.8007478894
        7.8300052000         3.0000000000         1.4884266131         3.0518972474         4.0002098621
        7.8350045000         3.0000000000         1.4629033445         3.0723122670         3.3353366198
        7.8400038000         3.0000000000         1.5062929011         3.0952791642         4.4656211317
        7.8450046000         3.0000000000         1.4935312668         3.1054866740         4.1331845106
        7.8500038000         3.0000000000         1.4807696325         3.1131423064         3.8007478894
        7.8550037000         3.0000000000         1.4909789399         3.1361092035         4.0666971863
        7.8600064000         3.0000000000         1.4935312668         3.1514204683         4.1331845106
        7.8650108000         3.0000000000         1.5088452279         3.1743873654         4.5321084559
        7.8700053000         3.0000000000         1.5062929011         3.1794911203         4.4656211317
        7.8750029000         3.0000000000         1.4884266131         3.1973542625         4.0002098621
        7.8800040000         3.0000000000         1.5037405742         3.2228730371         4.3991338075
        7.8850035000         3.0000000000         1.4909789399         3.2228730371         4.0666971863
        7.8900038000         3.0000000000         1.4909789399         3.2407361793         4.0666971863
        7.8950028000         3.0000000000         1.4960835936         3.2637030765         4.1996718348
        7.9000038000         3.0000000000         1.4986359205         3.2841180961         4.2661591590
        7.9050035000         3.0000000000         1.5037405742         3.3019812383         4.3991338075
        7.9100039000         3.0000000000         1.4577986908         3.3121887482         3.2023619714
        7.9150048000         3.0000000000         1.4935312668         3.3223962580         4.1331845106
        7.9200043000         3.0000000000         1.4935312668         3.3377075228         4.1331845106
        7.9250026000         3.0000000000         1.4935312668         3.3606744199         4.1331845106
        7.9300041000         3.0000000000         1.4960835936         3.3683300523         4.1996718348
        7.9350037000         3.0000000000         1.5011882474         3.3964007043         4.3326464832
        7.9400046000         3.0000000000         1.5011882474         3.4142638465         4.3326464832
        7.9450032000         3.0000000000         1.4986359205         3.4244713564         4.2661591590
        7.9500046000         3.0000000000         1.4960835936         3.4397826211         4.1996718348
        7.9550029000         3.0000000000         1.4960835936         3.4601976408         4.1996718348
        7.9600038000         3.0000000000         1.4884266131         3.4653013957         4.0002098621
        7.9650026000         3.0000000000         1.4935312668         3.4831645379         4.1331845106
        7.9700041000         3.0000000000         1.4909789399         3.4984758027         4.0666971863
        7.9750048000         3.0000000000         1.4909789399         3.5239945773         4.0666971863
        7.9800037000         3.0000000000         1.4986359205         3.5290983322         4.2661591590
        7.9850045000         3.0000000000         1.4960835936         3.5546171068         4.1996718348
        7.9900040000         3.0000000000         1.4935312668         3.5622727392         4.1331845106
        7.9950037000         3.0000000000         1.4884266131         3.5750321265         4.0002098621
        8.0000034000         3.0000000000         1.4858742862         3.5928952687         3.9337225379
        8.0050040000         3.0000000000         1.4986359205         3.6184140433         4.2661591590
        8.0100034000         3.0000000000         1.4833219594         3.6311734306         3.8672352136
        8.0150041000         3.0000000000         1.5037405742         3.6592440826         4.3991338075
        8.0200042000         3.0000000000         1.4986359205         3.6720034699         4.2661591590
        8.0250045000         3.0000000000         1.4960835936         3.6898666121         4.1996718348
        8.0300466000         3.0000000000         1.5062929011         3.7026259994         4.4656211317
        8.0350039000         3.0000000000         1.4858742862         3.7153853867         3.9337225379
        8.0400042000         3.0000000000         1.5011882474         3.7332485289         4.3326464832
        8.0450037000         3.0000000000         1.4986359205         3.7485597937         4.2661591590
        8.0500028000         3.0000000000         1.4884266131         3.7562154260         4.0002098621
        8.0550043000         3.0000000000         1.4909789399         3.7638710584         4.0666971863
        8.0600044000         3.0000000000         1.4909789399         3.7919417105         4.0666971863
        8.0650040000         3.0000000000         1.4909789399         3.8072529752         4.0666971863
        8.0700032000         3.0000000000         1.4935312668         3.8200123625         4.1331845106
        8.0750029000         3.0000000000         1.4960835936         3.8429792597         4.1996718348
        8.0800022000         3.0000000000         1.4935312668         3.8531867695         4.1331845106
        8.0850037000         3.0000000000         1.4884266131         3.8659461568         4.0002098621
        8.0900025000         3.0000000000         1.4884266131         3.8812574215         4.0002098621
        8.0950024000         3.0000000000         1.4960835936         3.8991205638         4.1996718348
        8.1000026000         3.0000000000         1.4884266131         3.9195355834         4.0002098621
        8.1050085000         3.0000000000         1.5037405742         3.9348468482         4.3991338075
        8.1100057000         3.0000000000         1.4935312668         3.9450543580         4.1331845106
        8.1150061000         3.0000000000         1.4884266131         3.9578137453         4.0002098621
        8.1200043000         3.0000000000         1.4960835936         3.9756768875         4.1996718348
        8.1250041000         3.0000000000         1.4807696325         3.9833325199         3.8007478894
        8.1300024000         3.0000000000         1.4884266131         3.9986437847         4.0002098621
        8.1350043000         3.0000000000         1.4909789399         4.0216106818         4.0666971863
        8.1400035000         3.0000000000         1.4884266131         4.0369219465         4.0002098621
        8.1450024000         3.0000000000         1.5011882474         4.0573369662         4.3326464832
        8.1500042000         3.0000000000         1.4884266131         4.0675444760         4.0002098621
        8.1550024000         3.0000000000         1.4986359205         4.0828557408         4.2661591590
        8.1600015000         3.0000000000         1.4909789399         4.0956151281         4.0666971863
        8.1650026000         3.0000000000         1.4756649788         4.1109263928         3.6677732410
        8.1700032000         3.0000000000         1.4960835936         4.1338932900         4.1996718348
        8.1750024000         3.0000000000         1.4909789399         4.1415489224         4.0666971863
        8.1800020000         3.0000000000         1.4884266131         4.1594120646         4.0002098621
        8.1850020000         3.0000000000         1.4884266131         4.1696195744         4.0002098621
        8.1900017000         3.0000000000         1.4884266131         4.1874827166         4.0002098621
        8.1950026000         3.0000000000         1.4884266131         4.2002421039         4.0002098621
        8.2000023000         3.0000000000         1.5037405742         4.2283127560         4.3991338075
        8.2050030000         3.0000000000         1.4960835936         4.2461758982         4.1996718348
        8.2100037000         3.0000000000         1.4960835936         4.2487277756         4.1996718348
        8.2150045000         3.0000000000         1.4909789399         4.2691427953         4.0666971863
        8.2200037000         3.0000000000         1.4986359205         4.2844540601         4.2661591590
        8.2250029000         3.0000000000         1.4884266131         4.2997653248         4.0002098621
        8.2300039000         3.0000000000         1.5037405742         4.3227322219         4.3991338075
        8.2350030000         3.0000000000         1.4960835936         4.3278359769         4.1996718348
        8.2400038000         3.0000000000         1.4935312668         4.3508028740         4.1331845106
        8.2450023000         3.0000000000         1.4909789399         4.3610103838         4.0666971863
        8.2500035000         3.0000000000         1.4986359205         4.3865291584         4.2661591590
        8.2550048000         3.0000000000         1.4960835936         4.4018404232         4.1996718348
        8.2600030000         3.0000000000         1.5062929011         4.4197035654         4.4656211317
        8.2650034000         3.0000000000         1.4935312668         4.4324629527         4.1331845106
        8.2700015000         3.0000000000         1.5037405742         4.4554298498         4.3991338075
        8.2750020000         3.0000000000         1.4986359205         4.4681892371         4.2661591590
        8.2800034000         3.0000000000         1.4960835936         4.4860523793         4.1996718348
        8.2850014000         3.0000000000         1.5139498816         4.5039155215         4.6650831044
        8.2900038000         3.0000000000         1.5011882474         4.5192267863         4.3326464832
        8.2950028000         3.0000000000         1.5062929011         4.5396418060         4.4656211317
        8.3000038000         3.0000000000         1.4960835936         4.5524011933         4.1996718348
        8.3050023000         3.0000000000         1.4960835936         4.5677124580         4.1996718348
        8.3100041000         3.0000000000         1.5088452279         4.5855756002         4.5321084559
        8.3150033000         3.0000000000         1.5037405742         4.6085424974         4.3991338075
        8.3200023000         3.0000000000         1.4986359205         4.6136462523         4.2661591590
        8.3250014000         3.0000000000         1.4909789399         4.6289575170         4.0666971863
        8.3300035000         3.0000000000         1.5011882474         4.6519244142         4.3326464832
        8.3350014000         3.0000000000         1.4986359205         4.6697875564         4.2661591590
        8.3400027000         3.0000000000         1.4986359205         4.6927544535         4.2661591590
        8.3450037000         3.0000000000         1.5011882474         4.7055138408         4.3326464832
        8.3500028000         3.0000000000         1.4909789399         4.7208251056         4.0666971863
        8.3550012000         3.0000000000         1.4884266131         4.7310326154         4.0002098621
        8.3600053000         3.0000000000         1.5062929011         4.7616551449         4.4656211317
        8.3650031000         3.0000000000         1.4884266131         4.7693107773         4.0002098621
        8.3700026000         3.0000000000         1.5037405742         4.7922776744         4.3991338075
        8.3750029000         3.0000000000         1.4960835936         4.8075889392         4.1996718348
        8.3800021000         3.0000000000         1.4884266131         4.8203483265         4.0002098621
        8.3850017000         3.0000000000         1.4858742862         4.8331077137         3.9337225379
        8.3900020000         3.0000000000         1.4858742862         4.8433152236         3.9337225379
        8.3950029000         3.0000000000         1.4960835936         4.8688339982         4.1996718348
        8.4000051000         3.0000000000         1.4884266131         4.8841452629         4.0002098621
        8.4050032000         3.0000000000         1.4884266131         4.9020084051         4.0002098621
        8.4100062000         3.0000000000         1.4986359205         4.9249753023         4.2661591590
        8.4150042000         3.0000000000         1.4807696325         4.9326309346         3.8007478894
        8.4200050000         3.0000000000         1.4909789399         4.9428384445         4.0666971863
        8.4250049000         3.0000000000         1.4858742862         4.9607015867         3.9337225379
        8.4300051000         3.0000000000         1.4884266131         4.9913241162         4.0002098621
        8.4350036000         3.0000000000         1.4960835936         4.9989797486         4.1996718348
        8.4400121000         3.0000000000         1.4782173056         5.0015316260         3.7342605652
        8.4450032000         3.0000000000         1.4858742862         5.0066353810         3.9337225379
        8.4500039000         3.0000000000         1.4909789399         5.0091872584         4.0666971863
        8.4550056000         3.0000000000         1.4782173056         4.9989797486         3.7342605652
        8.4600045000         3.0000000000         1.4858742862         4.9989797486         3.9337225379
        8.4650029000         3.0000000000         1.4833219594         5.0015316260         3.8672352136
        8.4700067000         3.0000000000         1.4884266131         5.0066353810         4.0002098621
        8.4750055000         3.0000000000         1.4858742862         5.0015316260         3.9337225379
        8.4800047000         3.0000000000         1.4833219594         1.1048147461         3.8672352136
        8.4850061000         3.0000000000         1.4884266131         1.1150222560         4.0002098621
        8.4900102000         3.0000000000         1.4909789399         1.1048147461         4.0666971863
        8.4950074000         3.0000000000         1.4833219594         1.1048147461         3.8672352136
        8.5000104000         3.0000000000         1.4858742862        -0.0001481936         3.9337225379
        8.5050064000         3.0000000000         1.4884266131         0.0024036839         4.0002098621
        8.5100062000         3.0000000000         1.4858742862        -0.0027000711         3.9337225379
        8.5150086000         3.0000000000         1.4935312668         0.0024036839         4.1331845106
        8.5200047000         3.0000000000         1.4884266131        -0.0001481936         4.0002098621
        8.5250081000         3.0000000000         1.4960835936         0.0075074388         4.1996718348
        8.5300040000         3.0000000000         1.4909789399        -0.0052519485         4.0666971863
        8.5350050000         3.0000000000         1.4884266131         0.0024036839         4.0002098621
        8.5400066000         3.0000000000         1.4807696325         0.0177149486         3.8007478894
        8.5450064000         3.0000000000         1.4935312668         0.0406818457         4.1331845106
        8.5500047000         3.0000000000         1.4960835936         0.0483374781         4.1996718348
        8.5550050000         3.0000000000         1.4858742862         0.0559931105         3.9337225379
        8.5600073000         3.0000000000         1.4833219594         0.0713043752         3.8672352136
        8.5650050000         3.0000000000         1.4909789399         0.0891675175         4.0666971863
        8.5700046000         3.0000000000         1.4884266131         0.1095825371         4.0002098621
        8.5750060000         3.0000000000         1.4960835936         0.1274456793         4.1996718348
        8.5800048000         3.0000000000         1.4986359205         0.1529644539         4.2661591590
        8.5850054000         3.0000000000         1.4807696325         0.1529644539         3.8007478894
        8.5900046000         3.0000000000         1.4986359205         0.1759313511         4.2661591590
        8.5950053000         3.0000000000         1.4858742862         0.1886907384         3.9337225379
        8.6000037000         3.0000000000         1.4960835936         0.2091057580         4.1996718348
        8.6050053000         3.0000000000         1.5037405742         0.2320726552         4.3991338075
        8.6100054000         3.0000000000         1.4858742862         0.2397282875         3.9337225379
        8.6150051000         3.0000000000         1.4935312668         0.2524876748         4.1331845106
        8.6200055000         3.0000000000         1.4960835936         0.2754545720         4.1996718348
        8.6250090000         3.0000000000         1.5062929011         0.2984214691         4.4656211317
        8.6300074000         3.0000000000         1.4986359205         0.3086289789         4.2661591590
        8.6350032000         3.0000000000         1.4909789399         0.3188364888         4.0666971863
        8.6400031000         3.0000000000         1.4935312668         0.3392515084         4.1331845106
        8.6450053000         3.0000000000         1.5088452279         0.3622184056         4.5321084559
        8.6500063000         3.0000000000         1.5037405742         0.3826334252         4.3991338075
        8.6550063000         3.0000000000         1.5088452279         0.4004965675         4.5321084559
        8.6600088000         3.0000000000         1.4960835936         0.4107040773         4.1996718348
        8.6650070000         3.0000000000         1.4986359205         0.4234634646         4.2661591590
        8.6700070000         3.0000000000         1.5088452279         0.4515341166         4.5321084559
        8.6750103000         3.0000000000         1.5011882474         0.4591897490         4.3326464832
        8.6800099000         3.0000000000         1.4960835936         0.4693972588         4.1996718348
        8.6850102000         3.0000000000         1.5011882474         0.4949160334         4.3326464832
        8.6901324000         3.0000000000         1.5011882474         0.5127791757         4.3326464832
        8.6950060000         3.0000000000         1.5037405742         0.5357460728         4.3991338075
        8.7000084000         3.0000000000         1.4960835936         0.5434017052         4.1996718348
        8.7050103000         3.0000000000         1.5037405742         0.5663686023         4.3991338075
        8.7100072000         3.0000000000         1.4960835936         0.5689204797         4.1996718348
        8.7150095000         3.0000000000         1.4986359205         0.5918873769         4.2661591590
        8.7200076000         3.0000000000         1.4986359205         0.6071986416         4.2661591590
        8.7250068000         3.0000000000         1.5011882474         0.6276136613         4.3326464832
        8.7300045000         3.0000000000         1.4909789399         0.6378211711         4.0666971863
        8.7350048000         3.0000000000         1.4654556714         0.6556843134         3.4018239441
        8.7400061000         3.0000000000         1.4884266131         0.6760993330         4.0002098621
        8.7450063000         3.0000000000         1.4960835936         0.6990662302         4.1996718348
        8.7500062000         3.0000000000         1.5113975548         0.7118256175         4.5985957801
        8.7550061000         3.0000000000         1.4935312668         0.7271368822         4.1331845106
        8.7600070000         3.0000000000         1.4884266131         0.7347925146         4.0002098621
        8.7650069000         3.0000000000         1.4884266131         0.7526556568         4.0002098621
        8.7700064000         3.0000000000         1.4884266131         0.7705187990         4.0002098621
        8.7750660000         3.0000000000         1.4935312668         0.7909338187         4.1331845106
        8.7800079000         3.0000000000         1.4909789399         0.8036932060         4.0666971863
        8.7850062000         3.0000000000         1.4884266131         0.8190044707         4.0002098621
        8.7900058000         3.0000000000         1.5037405742         0.8394194904         4.3991338075
        8.7950079000         3.0000000000         1.4833219594         0.8470751228         3.8672352136
        8.8000195000         3.0000000000         1.4884266131         0.8725938974         4.0002098621
        8.8050080000         3.0000000000         1.4935312668         0.8853532847         4.1331845106
        8.8100128000         3.0000000000         1.4782173056         0.8955607945         3.7342605652
        8.8150077000         3.0000000000         1.4909789399         0.9210795691         4.0666971863
        8.8200070000         3.0000000000         1.4858742862         0.9414945888         3.9337225379
        8.8250232000         3.0000000000         1.4909789399         0.9465983437         4.0666971863
        8.8300075000         3.0000000000         1.4858742862         0.9619096084         3.9337225379
        8.8350078000         3.0000000000         1.4858742862         0.9746689957         3.9337225379
        8.8400077000         3.0000000000         1.4986359205         0.9976358929         4.2661591590
        8.8450088000         3.0000000000         1.4858742862         1.0052915252         3.9337225379
        8.8500080000         3.0000000000         1.4935312668         1.0231546675         4.1331845106
        8.8550054000         3.0000000000         1.4986359205         1.0461215646         4.2661591590
        8.8600103000         3.0000000000         1.4680079982         1.0461215646         3.4683112683
        8.8650085000         3.0000000000         1.4858742862         1.0639847068         3.9337225379
        8.8700078000         3.0000000000         1.4756649788         1.0818478490         3.6677732410
        8.8750088000         3.0000000000         1.4884266131         1.0997109912         4.0002098621
        8.8800070000         3.0000000000         1.4782173056         1.1124703785         3.7342605652
        8.8850079000         3.0000000000         1.4807696325         1.1277816433         3.8007478894
        8.8900084000         3.0000000000         1.4960835936         1.1481966629         4.1996718348
        8.8950058000         3.0000000000         1.4960835936         1.1660598052         4.1996718348
        8.9000089000         3.0000000000         1.4807696325         1.1737154375         3.8007478894
        8.9050080000         3.0000000000         1.4909789399         1.1890267023         4.0666971863
        8.9100058000         3.0000000000         1.4884266131         1.2043379670         4.0002098621
        8.9150077000         3.0000000000         1.4909789399         1.2222011093         4.0666971863
        8.9200074000         3.0000000000         1.4884266131         1.2349604965         4.0002098621
        8.9250053000         3.0000000000         1.4807696325         1.2400642515         3.8007478894
        8.9300070000         3.0000000000         1.4884266131         1.2579273937         4.0002098621
        8.9350071000         3.0000000000         1.4858742862         1.2732386584         3.9337225379
        8.9400067000         3.0000000000         1.4782173056         1.2936536781         3.7342605652
        8.9450072000         3.0000000000         1.4986359205         1.3166205752         4.2661591590
        8.9500068000         3.0000000000         1.4884266131         1.3268280851         4.0002098621
        8.9550057000         3.0000000000         1.4884266131         1.3395874724         4.0002098621
        8.9600071000         3.0000000000         1.5011882474         1.3600024920         4.3326464832
        8.9650074000         3.0000000000         1.4858742862         1.3778656343         3.9337225379
        8.9700082000         3.0000000000         1.4960835936         1.3829693892         4.1996718348
        8.9750085000         3.0000000000         1.4807696325         1.3906250215         3.8007478894
        8.9800074000         3.0000000000         1.4935312668         1.4237994285         4.1331845106
        8.9850071000         3.0000000000         1.5037405742         1.4365588158         4.3991338075
        8.9901439000         3.0000000000         1.4833219594         1.4442144482         3.8672352136
        8.9953871000         3.0000000000         1.4986359205         1.4671813453         4.2661591590
        9.0000080000         3.0000000000         1.4960835936         1.4850444875         4.1996718348
        9.0050085000         3.0000000000         1.4858742862         1.4901482425         3.9337225379
        9.0100067000         3.0000000000         1.4986359205         1.5029076297         4.2661591590
        9.0150054000         3.0000000000         1.4807696325         1.5131151396         3.8007478894
        9.0200045000         3.0000000000         1.5011882474         1.5411857916         4.3326464832
        9.0250049000         3.0000000000         1.4986359205         1.5513933015         4.2661591590
        9.0300054000         3.0000000000         1.4577986908         1.5667045662         3.2023619714
        9.0350086000         3.0000000000         1.4986359205         1.5820158310         4.2661591590
        9.0400055000         3.0000000000         1.4884266131         1.5998789732         4.0002098621
        9.0450058000         3.0000000000         1.4986359205         1.6228458703         4.2661591590
        9.0500059000         3.0000000000         1.4960835936         1.6330533802         4.1996718348
        9.0550059000         3.0000000000         1.4858742862         1.6509165224         3.9337225379
        9.0600044000         3.0000000000         1.4935312668         1.6636759097         4.1331845106
        9.0650085000         3.0000000000         1.4858742862         1.6738834195         3.9337225379
        9.0700085000         3.0000000000         1.4884266131         1.6891946843         4.0002098621
        9.0750067000         3.0000000000         1.4986359205         1.7121615814         4.2661591590
        9.0800080000         3.0000000000         1.4858742862         1.7198172138         3.9337225379
        9.0850082000         3.0000000000         1.5011882474         1.7402322334         4.3326464832
        9.0900072000         3.0000000000         1.4884266131         1.7504397433         4.0002098621
        9.0950067000         3.0000000000         1.4884266131         1.7734066404         4.0002098621
        9.1000089000         3.0000000000         1.4833219594         1.7759585179         3.8672352136
        9.1050073000         3.0000000000         1.4807696325         1.7938216601         3.8007478894
        9.1100072000         3.0000000000         1.4884266131         1.8040291699         4.0002098621
        9.1150059000         3.0000000000         1.4807696325         1.8167885572         3.8007478894
        9.1200077000         3.0000000000         1.4858742862         1.8474110867         3.9337225379
        9.1250097000         3.0000000000         1.4884266131         1.8550667191         4.0002098621
        9.1300070000         3.0000000000         1.4884266131         1.8780336162         4.0002098621
        9.1350100000         3.0000000000         1.4884266131         1.8831373711         4.0002098621
        9.1400088000         3.0000000000         1.4884266131         1.9035523908         4.0002098621
        9.1450092000         3.0000000000         1.4807696325         1.9137599006         3.8007478894
        9.1500078000         3.0000000000         1.4960835936         1.9265192879         4.1996718348
        9.1550083000         3.0000000000         1.4884266131         1.9443824302         4.0002098621
        9.1600105000         3.0000000000         1.4833219594         1.9545899400         3.8672352136
        9.1650079000         3.0000000000         1.4858742862         1.9724530822         3.9337225379
        9.1700059000         3.0000000000         1.4858742862         1.9928681019         3.9337225379
        9.1750111000         3.0000000000         1.4858742862         1.9954199793         3.9337225379
        9.1800047000         3.0000000000         1.4833219594         2.0158349990         3.8672352136
        9.1850075000         3.0000000000         1.4782173056         2.0311462638         3.7342605652
        9.1900090000         3.0000000000         1.4960835936         2.0515612834         4.1996718348
        9.1950090000         3.0000000000         1.4833219594         2.0592169158         3.8672352136
        9.2000068000         3.0000000000         1.4756649788         2.0745281806         3.6677732410
        9.2050092000         3.0000000000         1.4884266131         2.0898394453         4.0002098621
        9.2100114000         3.0000000000         1.4884266131         2.1102544650         4.0002098621
        9.2150053000         3.0000000000         1.4858742862         2.1179100974         3.9337225379
        9.2200070000         3.0000000000         1.4884266131         2.1306694847         4.0002098621
        9.2250823000         3.0000000000         1.4833219594         2.1536363818         3.8672352136
        9.2300070000         3.0000000000         1.4858742862         2.1638438916         3.9337225379
        9.2350662000         3.0000000000         1.4833219594         2.1766032789         3.8672352136
        9.2400081000         3.0000000000         1.4782173056         2.1868107888         3.7342605652
        9.2450518000         3.0000000000         1.4909789399         2.2123295633         4.0666971863
        9.2500077000         3.0000000000         1.4884266131         2.2148814408         4.0002098621
        9.2550217000         3.0000000000         1.4526940371         2.2301927056         3.0693873229
        9.2600063000         3.0000000000         1.4909789399         2.2506077252         4.0666971863
        9.2650079000         3.0000000000         1.4807696325         2.2608152351         3.8007478894
        9.2700068000         3.0000000000         1.4807696325         2.2761264998         3.8007478894
        9.2750085000         3.0000000000         1.5011882474         2.3041971519         4.3326464832
        9.2800054000         3.0000000000         1.4884266131         2.3195084166         4.0002098621
        9.2850075000         3.0000000000         1.4909789399         2.3297159265         4.0666971863
        9.2900308000         3.0000000000         1.4935312668         2.3526828236         4.1331845106
        9.2950054000         3.0000000000         1.4731126519         2.3552347011         3.6012859167
        9.3000864000         3.0000000000         1.4935312668         2.3782015982         4.1331845106
        9.3050054000         3.0000000000         1.4782173056         2.3858572306         3.7342605652
        9.3103267000         3.0000000000         1.4858742862         2.3986166179         3.9337225379
        9.3150124000         3.0000000000         1.4909789399         2.4215835150         4.0666971863
        9.3200580000         3.0000000000         1.4756649788         2.4292391474         3.6677732410
        9.3250234000         3.0000000000         1.4884266131         2.4496541670         4.0002098621
        9.3300087000         3.0000000000         1.4475893834         2.4649654318         2.9364126745
        9.3350060000         3.0000000000         1.4909789399         2.4777248191         4.0666971863
        9.3400546000         3.0000000000         1.4986359205         2.5006917162         4.2661591590
        9.3452181000         3.0000000000         1.4858742862         2.5057954711         3.9337225379
        9.3500435000         3.0000000000         1.4935312668         2.5313142457         4.1331845106
        9.3550111000         3.0000000000         1.4909789399         2.5415217556         4.0666971863
        9.3600093000         3.0000000000         1.4884266131         2.5619367752         4.0002098621
        9.3650053000         3.0000000000         1.4960835936         2.5746961625         4.1996718348
        9.3700054000         3.0000000000         1.4909789399         2.5874555498         4.0666971863
        9.3750056000         3.0000000000         1.4935312668         2.6078705695         4.1331845106
        9.3801470000         3.0000000000         1.4909789399         2.6206299568         4.0666971863
        9.3850069000         3.0000000000         1.4909789399         2.6308374666         4.0666971863
        9.3900075000         3.0000000000         1.5062929011         2.6589081187         4.4656211317
        9.3950063000         3.0000000000         1.4909789399         2.6640118736         4.0666971863
        9.4001527000         3.0000000000         1.4884266131         2.6767712609         4.0002098621
        9.4050159000         3.0000000000         1.5088452279         2.7073937904         4.5321084559
        9.4100065000         3.0000000000         1.4960835936         2.7150494228         4.1996718348
        9.4150068000         3.0000000000         1.4960835936         2.7278088101         4.1996718348
        9.4200076000         3.0000000000         1.4807696325         2.7431200748         3.8007478894
        9.4250531000         3.0000000000         1.4909789399         2.7609832170         4.0666971863
        9.4300073000         3.0000000000         1.5011882474         2.7813982367         4.3326464832
        9.4350071000         3.0000000000         1.5011882474         2.8018132564         4.3326464832
        9.4400380000         3.0000000000         1.5011882474         2.8094688888         4.3326464832
        9.4450058000         3.0000000000         1.4960835936         2.8349876633         4.1996718348
        9.4500032000         3.0000000000         1.5011882474         2.8451951732         4.3326464832
        9.4550064000         3.0000000000         1.5011882474         2.8554026830         4.3326464832
        9.4600244000         3.0000000000         1.5037405742         2.8783695801         4.3991338075
        9.4650078000         3.0000000000         1.4884266131         2.8911289674         4.0002098621
        9.4700186000         3.0000000000         1.4986359205         2.9166477420         4.2661591590
        9.4750342000         3.0000000000         1.5011882474         2.9217514970         4.3326464832
        9.4800398000         3.0000000000         1.5062929011         2.9498221490         4.4656211317
        9.4850076000         3.0000000000         1.4986359205         2.9625815363         4.2661591590
        9.4900076000         3.0000000000         1.4960835936         2.9753409236         4.1996718348
        9.4950048000         3.0000000000         1.4960835936         2.9932040658         4.1996718348
        9.5000781000         3.0000000000         1.4909789399         3.0008596982         4.0666971863
        9.5050074000         3.0000000000         1.4935312668         3.0161709629         4.1331845106
        9.5100082000         3.0000000000         1.4935312668         3.0391378601         4.1331845106
        9.5150137000         3.0000000000         1.4986359205         3.0544491248         4.2661591590
        9.5200129000         3.0000000000         1.4935312668         3.0697603896         4.1331845106
        9.5250060000         3.0000000000         1.5062929011         3.0901754092         4.4656211317
        9.5300074000         3.0000000000         1.4986359205         3.1105904289         4.2661591590
        9.5350104000         3.0000000000         1.4782173056         3.1156941838         3.7342605652
        9.5400379000         3.0000000000         1.4935312668         3.1361092035         4.1331845106
        9.5450039000         3.0000000000         1.4884266131         3.1463167133         4.0002098621
        9.5500021000         3.0000000000         1.4986359205         3.1667317330         4.2661591590
        9.5550060000         3.0000000000         1.4909789399         3.1769392429         4.0666971863
        9.5600031000         3.0000000000         1.4526940371         3.1948023851         3.0693873229
        9.5650026000         3.0000000000         1.4986359205         3.2203211597         4.2661591590
        9.5700012000         3.0000000000         1.4935312668         3.2381843019         4.1331845106
        9.5750013000         3.0000000000         1.4858742862         3.2407361793         3.9337225379
        9.5800113000         3.0000000000         1.5037405742         3.2637030765         4.3991338075
        9.5850011000         3.0000000000         1.4807696325         3.2739105863         3.8007478894
        9.5900152000         3.0000000000         1.4884266131         3.2841180961         4.0002098621
        9.5950029000         3.0000000000         1.4884266131         3.3045331158         4.0002098621
        9.6001230000         3.0000000000         1.4935312668         3.3275000129         4.1331845106
        9.6050017000         3.0000000000         1.4909789399         3.3300518904         4.0666971863
        9.6100053000         3.0000000000         1.4858742862         3.3504669101         3.9337225379
        9.6150020000         3.0000000000         1.4909789399         3.3657781748         4.0666971863
        9.6200170000         3.0000000000         1.4858742862         3.3759856847         3.9337225379
        9.6250026000         3.0000000000         1.4858742862         3.3989525818         3.9337225379
        9.6300030000         3.0000000000         1.4960835936         3.4117119691         4.1996718348
        9.6350036000         3.0000000000         1.4935312668         3.4346788662         4.1331845106
        9.6400378000         3.0000000000         1.4935312668         3.4525420084         4.1331845106
        9.6450046000         3.0000000000         1.4858742862         3.4525420084         3.9337225379
        9.6500056000         3.0000000000         1.4858742862         3.4729570281         3.9337225379
        9.6550050000         3.0000000000         1.4858742862         3.4831645379         3.9337225379
        9.6600027000         3.0000000000         1.4705603251         3.4984758027         3.5347985925
        9.6650028000         3.0000000000         1.4833219594         3.5214426998         3.8672352136
        9.6700029000         3.0000000000         1.4858742862         3.5316502097         3.9337225379
        9.6750020000         3.0000000000         1.4884266131         3.5546171068         4.0002098621
        9.6800044000         3.0000000000         1.4884266131         3.5622727392         4.0002098621
        9.6850032000         3.0000000000         1.4858742862         3.5750321265         3.9337225379
        9.6900032000         3.0000000000         1.4884266131         3.5979990236         4.0002098621
        9.6950028000         3.0000000000         1.4909789399         3.6082065334         4.0666971863
        9.7000989000         3.0000000000         1.4807696325         3.6235177982         3.8007478894
        9.7050039000         3.0000000000         1.4807696325         3.6311734306         3.8007478894
        9.7100030000         3.0000000000         1.4833219594         3.6439328179         3.8672352136
        9.7150026000         3.0000000000         1.4858742862         3.6668997150         3.9337225379
        9.7200027000         3.0000000000         1.4960835936         3.6898666121         4.1996718348
        9.7250034000         3.0000000000         1.4884266131         3.6949703670         4.0002098621
        9.7300038000         3.0000000000         1.4833219594         3.7153853867         3.8672352136
        9.7350037000         3.0000000000         1.4782173056         3.7230410191         3.7342605652
        9.7400031000         3.0000000000         1.4858742862         3.7434560388         3.9337225379
        9.7450038000         3.0000000000         1.4884266131         3.7587673035         4.0002098621
        9.7500031000         3.0000000000         1.4935312668         3.7791823232         4.1331845106
        9.7550023000         3.0000000000         1.4884266131         3.7944935879         4.0002098621
        9.7600367000         3.0000000000         1.4603510177         3.8021492203         3.2688492956
        9.7650028000         3.0000000000         1.4833219594         3.8149086076         3.8672352136
        9.7700070000         3.0000000000         1.4858742862         3.8327717498         3.9337225379
        9.7750030000         3.0000000000         1.4629033445         3.8506348920         3.3353366198
        9.7800048000         3.0000000000         1.4858742862         3.8684980342         3.9337225379
        9.7850047000         3.0000000000         1.4833219594         3.8787055441         3.8672352136
        9.7900047000         3.0000000000         1.4858742862         3.8940168088         3.9337225379
        9.7950050000         3.0000000000         1.4807696325         3.9067761961         3.8007478894
        9.8000034000         3.0000000000         1.4986359205         3.9246393383         4.2661591590
        9.8050029000         3.0000000000         1.4858742862         3.9399506031         3.9337225379
        9.8100043000         3.0000000000         1.4960835936         3.9629175002         4.1996718348
        9.8150027000         3.0000000000         1.5037405742         3.9807806424         4.3991338075
        9.8200029000         3.0000000000         1.4884266131         3.9884362748         4.0002098621
        9.8250040000         3.0000000000         1.4935312668         4.0011956621         4.1331845106
        9.8300033000         3.0000000000         1.4909789399         4.0190588043         4.0666971863
        9.8350035000         3.0000000000         1.4833219594         4.0292663142         3.8672352136
        9.8400033000         3.0000000000         1.5037405742         4.0573369662         4.3991338075
        9.8450021000         3.0000000000         1.4909789399         4.0624407211         4.0666971863
        9.8500029000         3.0000000000         1.4935312668         4.0828557408         4.1331845106
        9.8550018000         3.0000000000         1.5011882474         4.1007188830         4.3326464832
        9.8600043000         3.0000000000         1.4935312668         4.1185820252         4.1331845106
        9.8650030000         3.0000000000         1.4960835936         4.1236857801         4.1996718348
        9.8700032000         3.0000000000         1.4884266131         4.1415489224         4.0002098621
        9.8750029000         3.0000000000         1.4909789399         4.1568601871         4.0666971863
        9.8800026000         3.0000000000         1.5011882474         4.1747233293         4.3326464832
        9.8850034000         3.0000000000         1.4960835936         4.1976902265         4.1996718348
        9.8900023000         3.0000000000         1.4909789399         4.2002421039         4.0666971863
        9.8950031000         3.0000000000         1.4909789399         4.2232090010         4.0666971863
        9.9000042000         3.0000000000         1.4935312668         4.2385202658         4.1331845106
        9.9050035000         3.0000000000         1.5037405742         4.2538315306         4.3991338075
        9.9100031000         3.0000000000         1.4960835936         4.2767984277         4.1996718348
        9.9150025000         3.0000000000         1.5011882474         4.2921096924         4.3326464832
        9.9200039000         3.0000000000         1.4884266131         4.2997653248         4.0002098621
        9.9250026000         3.0000000000         1.4884266131         4.3201803445         4.0002098621
        9.9300014000         3.0000000000         1.4960835936         4.3329397318         4.1996718348
        9.9350031000         3.0000000000         1.4884266131         4.3456991191         4.0002098621
        9.9400028000         3.0000000000         1.4986359205         4.3712178937         4.2661591590
        9.9450029000         3.0000000000         1.4986359205         4.3839772810         4.2661591590
        9.9500032000         3.0000000000         1.4909789399         4.3941847908         4.0666971863
        9.9550038000         3.0000000000         1.5011882474         4.4171516879         4.3326464832
        9.9600036000         3.0000000000         1.4960835936         4.4350148301         4.1996718348
        9.9650035000         3.0000000000         1.4858742862         4.4452223400         3.9337225379
        9.9700026000         3.0000000000         1.5011882474         4.4656373597         4.3326464832
        9.9750024000         3.0000000000         1.4807696325         4.4758448695         3.8007478894
        9.9800016000         3.0000000000         1.4986359205         4.4911561342         4.2661591590
        9.9850064000         3.0000000000         1.4833219594         4.5013636441         3.8672352136
        9.9900035000         3.0000000000         1.4833219594         4.5141230314         3.8672352136
        9.9950032000         3.0000000000         1.4909789399         4.5345380510         4.0666971863
