% Motor Sweep Step 7/50
% Vcmd       = 2.9000 [V]
% Direction  = CW
% Vg_offset  = 1.334866 [V]
% K_gimbal   = 26.049690 [(rad/s)/V]

Time[s]              Vcmd[V]              Vg_raw[V]            Pot[V]               Omega[rad/s]
        0.0000195000         2.9000000000         1.3327346748         1.6687796646        -0.0555169157
        0.0050092000         2.9000000000         1.3403916554         1.6815390519         0.1439450570
        0.0100071000         2.9000000000         1.3327346748         1.6687796646        -0.0555169157
        0.0150163000         2.9000000000         1.3301823480         1.6687796646        -0.1220042400
        0.0200078000         2.9000000000         1.3301823480         1.6713315420        -0.1220042400
        0.0250066000         2.9000000000         1.3378393285         1.6738834195         0.0774577327
        0.0300121000         2.9000000000         1.3480486360         1.6738834195         0.3434070296
        0.0350446000         2.9000000000         1.4144091342         1.6789871744         2.0720774595
        0.0400102000         2.9000000000         1.3990951731         1.6866428068         1.6731535142
        0.0450079000         2.9000000000         1.3914381925         1.6942984392         1.4736915415
        0.0500099000         2.9000000000         1.4220661148         1.7045059490         2.2715394322
        0.0550084000         2.9000000000         1.3939905194         1.7045059490         1.5401788657
        0.0600107000         2.9000000000         1.4144091342         1.7172653363         2.0720774595
        0.0650131000         2.9000000000         1.4067521537         1.7198172138         1.8726154868
        0.0700096000         2.9000000000         1.4067521537         1.7300247236         1.8726154868
        0.0750059000         2.9000000000         1.4144091342         1.7351284785         2.0720774595
        0.0800098000         2.9000000000         1.4067521537         1.7402322334         1.8726154868
        0.0850072000         2.9000000000         1.4144091342         1.7478878658         2.0720774595
        0.0900095000         2.9000000000         1.4067521537         1.7478878658         1.8726154868
        0.0950067000         2.9000000000         1.4093044805         1.7580953756         1.9391028111
        0.1000093000         2.9000000000         1.4220661148         1.7708547629         2.2715394322
        0.1050100000         2.9000000000         1.4195137880         1.7836141502         2.2050521080
        0.1100089000         2.9000000000         1.4169614611         1.7861660277         2.1385647838
        0.1150067000         2.9000000000         1.4118568074         1.7861660277         2.0055901353
        0.1200101000         2.9000000000         1.4195137880         1.8014772924         2.2050521080
        0.1250102000         2.9000000000         1.4271707685         1.8142366797         2.4045140807
        0.1300099000         2.9000000000         1.4220661148         1.8167885572         2.2715394322
        0.1350103000         2.9000000000         1.4144091342         1.8193404347         2.0720774595
        0.1400102000         2.9000000000         1.4118568074         1.8269960670         2.0055901353
        0.1450052000         2.9000000000         1.4220661148         1.8423073318         2.2715394322
        0.1500098000         2.9000000000         1.4220661148         1.8423073318         2.2715394322
        0.1550032000         2.9000000000         1.4195137880         1.8601704740         2.2050521080
        0.1600128000         2.9000000000         1.4169614611         1.8678261064         2.1385647838
        0.1650066000         2.9000000000         1.4246184417         1.8754817388         2.3380267564
        0.1700096000         2.9000000000         1.4271707685         1.8831373711         2.4045140807
        0.1750068000         2.9000000000         1.4246184417         1.8958967584         2.3380267564
        0.1800094000         2.9000000000         1.4220661148         1.8933448810         2.2715394322
        0.1850067000         2.9000000000         1.4220661148         1.9112080232         2.2715394322
        0.1900105000         2.9000000000         1.4297230954         1.9188636556         2.4710014049
        0.1950066000         2.9000000000         1.4322754222         1.9341749203         2.5374887291
        0.2000104000         2.9000000000         1.4271707685         1.9367267978         2.4045140807
        0.2050113000         2.9000000000         1.4246184417         1.9418305527         2.3380267564
        0.2100102000         2.9000000000         1.3939905194         1.9571418174         1.5401788657
        0.2150652000         2.9000000000         1.4373800759         1.9673493273         2.6704633776
        0.2200102000         2.9000000000         1.4322754222         1.9826605920         2.5374887291
        0.2250097000         2.9000000000         1.4322754222         1.9928681019         2.5374887291
        0.2300087000         2.9000000000         1.4322754222         1.9954199793         2.5374887291
        0.2350040000         2.9000000000         1.4322754222         2.0030756117         2.5374887291
        0.2400074000         2.9000000000         1.4399324028         2.0158349990         2.7369507018
        0.2450078000         2.9000000000         1.4322754222         2.0234906314         2.5374887291
        0.2500090000         2.9000000000         1.4322754222         2.0336981412         2.5374887291
        0.2550112000         2.9000000000         1.4348277491         2.0413537736         2.6039760533
        0.2600106000         2.9000000000         1.4373800759         2.0566650383         2.6704633776
        0.2650068000         2.9000000000         1.4246184417         2.0566650383         2.3380267564
        0.2700090000         2.9000000000         1.4271707685         2.0643206707         2.4045140807
        0.2750093000         2.9000000000         1.3990951731         2.0745281806         1.6731535142
        0.2800113000         2.9000000000         1.4373800759         2.0872875679         2.6704633776
        0.2850094000         2.9000000000         1.4195137880         2.0974950777         2.2050521080
        0.2900121000         2.9000000000         1.4246184417         2.1051507101         2.3380267564
        0.2950155000         2.9000000000         1.4424847297         2.1230138523         2.8034380260
        0.3000092000         2.9000000000         1.4373800759         2.1332213621         2.6704633776
        0.3050139000         2.9000000000         1.4322754222         2.1383251170         2.5374887291
        0.3100076000         2.9000000000         1.4220661148         2.1408769945         2.2715394322
        0.3150086000         2.9000000000         1.4322754222         2.1561882593         2.5374887291
        0.3200080000         2.9000000000         1.4297230954         2.1663957691         2.4710014049
        0.3250078000         2.9000000000         1.4322754222         2.1791551564         2.5374887291
        0.3300097000         2.9000000000         1.4348277491         2.1868107888         2.6039760533
        0.3350114000         2.9000000000         1.4246184417         2.1893626662         2.3380267564
        0.3400070000         2.9000000000         1.4399324028         2.1995701761         2.7369507018
        0.3450034000         2.9000000000         1.4348277491         2.2072258084         2.6039760533
        0.3500035000         2.9000000000         1.4297230954         2.2276408281         2.4710014049
        0.3550040000         2.9000000000         1.4450370565         2.2404002154         2.8699253502
        0.3600102000         2.9000000000         1.4348277491         2.2429520929         2.6039760533
        0.3650054000         2.9000000000         1.4067521537         2.2608152351         1.8726154868
        0.3700036000         2.9000000000         1.4450370565         2.2735746224         2.8699253502
        0.3750023000         2.9000000000         1.4348277491         2.2761264998         2.6039760533
        0.3800082000         2.9000000000         1.4373800759         2.2837821322         2.6704633776
        0.3850087000         2.9000000000         1.4348277491         2.2965415195         2.6039760533
        0.3900046000         2.9000000000         1.4297230954         2.3093009068         2.4710014049
        0.3950028000         2.9000000000         1.4348277491         2.3144046617         2.6039760533
        0.4000409000         2.9000000000         1.4373800759         2.3195084166         2.6704633776
        0.4050072000         2.9000000000         1.4450370565         2.3424753138         2.8699253502
        0.4100347000         2.9000000000         1.4271707685         2.3424753138         2.4045140807
        0.4150038000         2.9000000000         1.4424847297         2.3628903334         2.8034380260
        0.4200099000         2.9000000000         1.4322754222         2.3603384560         2.5374887291
        0.4250113000         2.9000000000         1.4322754222         2.3756497207         2.5374887291
        0.4300138000         2.9000000000         1.4424847297         2.3833053531         2.8034380260
        0.4350803000         2.9000000000         1.4373800759         2.3935128629         2.6704633776
        0.4400138000         2.9000000000         1.4373800759         2.4062722502         2.6704633776
        0.4450063000         2.9000000000         1.4475893834         2.4215835150         2.9364126745
        0.4500083000         2.9000000000         1.4246184417         2.4241353924         2.3380267564
        0.4550069000         2.9000000000         1.4450370565         2.4419985347         2.8699253502
        0.4600042000         2.9000000000         1.4450370565         2.4471022896         2.8699253502
        0.4650097000         2.9000000000         1.4348277491         2.4573097994         2.6039760533
        0.4700082000         2.9000000000         1.4373800759         2.4675173092         2.6704633776
        0.4750096000         2.9000000000         1.4501417102         2.4853804515         3.0028999987
        0.4800072000         2.9000000000         1.4475893834         2.4853804515         2.9364126745
        0.4850104000         2.9000000000         1.4475893834         2.5032435937         2.9364126745
        0.4900093000         2.9000000000         1.4450370565         2.5083473486         2.8699253502
        0.4950089000         2.9000000000         1.4373800759         2.5211067359         2.6704633776
        0.5000076000         2.9000000000         1.4373800759         2.5236586133         2.6704633776
        0.5050069000         2.9000000000         1.4399324028         2.5415217556         2.7369507018
        0.5100031000         2.9000000000         1.4475893834         2.5619367752         2.9364126745
        0.5150085000         2.9000000000         1.4501417102         2.5568330203         3.0028999987
        0.5200043000         2.9000000000         1.4450370565         2.5746961625         2.8699253502
        0.5250060000         2.9000000000         1.4475893834         2.5849036724         2.9364126745
        0.5300085000         2.9000000000         1.4501417102         2.5951111822         3.0028999987
        0.5350099000         2.9000000000         1.4373800759         2.6027668146         2.6704633776
        0.5400072000         2.9000000000         1.4475893834         2.6206299568         2.9364126745
        0.5450087000         2.9000000000         1.4501417102         2.6308374666         3.0028999987
        0.5500078000         2.9000000000         1.4501417102         2.6410449765         3.0028999987
        0.5550070000         2.9000000000         1.4475893834         2.6512524863         2.9364126745
        0.5600099000         2.9000000000         1.4577986908         2.6691156285         3.2023619714
        0.5650095000         2.9000000000         1.4144091342         2.6716675060         2.0720774595
        0.5700069000         2.9000000000         1.4552463639         2.6869787707         3.1358746472
        0.5750088000         2.9000000000         1.4526940371         2.6997381580         3.0693873229
        0.5800078000         2.9000000000         1.4475893834         2.7073937904         2.9364126745
        0.5850058000         2.9000000000         1.4501417102         2.7201531777         3.0028999987
        0.5900096000         2.9000000000         1.4475893834         2.7278088101         2.9364126745
        0.5950095000         2.9000000000         1.4373800759         2.7405681974         2.6704633776
        0.6000096000         2.9000000000         1.4399324028         2.7431200748         2.7369507018
        0.6050071000         2.9000000000         1.4373800759         2.7584313396         2.6704633776
        0.6100099000         2.9000000000         1.4373800759         2.7686388494         2.6704633776
        0.6150100000         2.9000000000         1.4450370565         2.7813982367         2.8699253502
        0.6200096000         2.9000000000         1.4348277491         2.7916057465         2.6039760533
        0.6250084000         2.9000000000         1.4526940371         2.8094688888         3.0693873229
        0.6300096000         2.9000000000         1.4424847297         2.8120207662         2.8034380260
        0.6350061000         2.9000000000         1.4348277491         2.8273320310         2.6039760533
        0.6400098000         2.9000000000         1.4399324028         2.8349876633         2.7369507018
        0.6450097000         2.9000000000         1.4399324028         2.8426432957         2.7369507018
        0.6500097000         2.9000000000         1.4373800759         2.8554026830         2.6704633776
        0.6550081000         2.9000000000         1.4424847297         2.8656101929         2.8034380260
        0.6600096000         2.9000000000         1.4399324028         2.8809214576         2.7369507018
        0.6650097000         2.9000000000         1.4399324028         2.8860252125         2.7369507018
        0.6700098000         2.9000000000         1.4271707685         2.8885770900         2.4045140807
        0.6751042000         2.9000000000         1.4322754222         2.9013364773         2.5374887291
        0.6800101000         2.9000000000         1.4373800759         2.9140958646         2.6704633776
        0.6850068000         2.9000000000         1.4475893834         2.9319590068         2.9364126745
        0.6900091000         2.9000000000         1.4348277491         2.9370627617         2.6039760533
        0.6950053000         2.9000000000         1.4399324028         2.9447183941         2.7369507018
        0.7000031000         2.9000000000         1.4271707685         2.9523740265         2.4045140807
        0.7050111000         2.9000000000         1.4322754222         2.9600296588         2.5374887291
        0.7100057000         2.9000000000         1.4373800759         2.9753409236         2.6704633776
        0.7150035000         2.9000000000         1.4450370565         2.9855484334         2.8699253502
        0.7200052000         2.9000000000         1.4399324028         2.9957559433         2.7369507018
        0.7250105000         2.9000000000         1.4424847297         3.0110672080         2.8034380260
        0.7300069000         2.9000000000         1.4424847297         3.0238265953         2.8034380260
        0.7350090000         2.9000000000         1.4016475000         3.0314822277         1.7396408384
        0.7400078000         2.9000000000         1.4373800759         3.0340341051         2.6704633776
        0.7450081000         2.9000000000         1.4271707685         3.0391378601         2.4045140807
        0.7500105000         2.9000000000         1.4348277491         3.0570010023         2.6039760533
        0.7550074000         2.9000000000         1.4399324028         3.0672085121         2.7369507018
        0.7600058000         2.9000000000         1.4450370565         3.0850716543         2.8699253502
        0.7650030000         2.9000000000         1.4322754222         3.0825197769         2.5374887291
        0.7700041000         2.9000000000         1.4399324028         3.0952791642         2.7369507018
        0.7750107000         2.9000000000         1.4271707685         3.1054866740         2.4045140807
        0.7800078000         2.9000000000         1.4373800759         3.1156941838         2.6704633776
        0.7850123000         2.9000000000         1.4297230954         3.1207979388         2.4710014049
        0.7900104000         2.9000000000         1.4373800759         3.1386610810         2.6704633776
        0.7950100000         2.9000000000         1.4450370565         3.1488685908         2.8699253502
        0.8000092000         2.9000000000         1.4348277491         3.1539723457         2.6039760533
        0.8050077000         2.9000000000         1.4450370565         3.1667317330         2.8699253502
        0.8100062000         2.9000000000         1.3990951731         3.1667317330         1.6731535142
        0.8150045000         2.9000000000         1.4271707685         3.1794911203         2.4045140807
        0.8200090000         2.9000000000         1.4475893834         3.2024580174         2.9364126745
        0.8250102000         2.9000000000         1.4450370565         3.2126655273         2.8699253502
        0.8300099000         2.9000000000         1.4424847297         3.2152174047         2.8034380260
        0.8350065000         2.9000000000         1.4501417102         3.2330805470         3.0028999987
        0.8400087000         2.9000000000         1.4399324028         3.2356324244         2.7369507018
        0.8450094000         2.9000000000         1.4424847297         3.2483918117         2.8034380260
        0.8500084000         2.9000000000         1.4271707685         3.2483918117         2.4045140807
        0.8550099000         2.9000000000         1.4373800759         3.2688068314         2.6704633776
        0.8600069000         2.9000000000         1.4373800759         3.2764624638         2.6704633776
        0.8650102000         2.9000000000         1.4399324028         3.2968774834         2.7369507018
        0.8700093000         2.9000000000         1.4424847297         3.3045331158         2.8034380260
        0.8750095000         2.9000000000         1.4399324028         3.3147406256         2.7369507018
        0.8800095000         2.9000000000         1.4450370565         3.3249481355         2.8699253502
        0.8850070000         2.9000000000         1.4373800759         3.3249481355         2.6704633776
        0.8900061000         2.9000000000         1.4424847297         3.3377075228         2.8034380260
        0.8950062000         2.9000000000         1.4399324028         3.3479150326         2.7369507018
        0.9000065000         2.9000000000         1.4399324028         3.3581225424         2.7369507018
        0.9050105000         2.9000000000         1.4348277491         3.3632262974         2.6039760533
        0.9100083000         2.9000000000         1.4348277491         3.3785375621         2.6039760533
        0.9150099000         2.9000000000         1.4424847297         3.3887450720         2.8034380260
        0.9200290000         2.9000000000         1.4348277491         3.3989525818         2.6039760533
        0.9250048000         2.9000000000         1.4373800759         3.4117119691         2.6704633776
        0.9300050000         2.9000000000         1.4450370565         3.4270232338         2.8699253502
        0.9350038000         2.9000000000         1.4424847297         3.4372307437         2.8034380260
        0.9400111000         2.9000000000         1.4399324028         3.4423344986         2.7369507018
        0.9450087000         2.9000000000         1.4271707685         3.4448863760         2.4045140807
        0.9500059000         2.9000000000         1.4348277491         3.4576457633         2.6039760533
        0.9550053000         2.9000000000         1.4348277491         3.4729570281         2.6039760533
        0.9600078000         2.9000000000         1.4399324028         3.4831645379         2.7369507018
        0.9650084000         2.9000000000         1.4399324028         3.4908201703         2.7369507018
        0.9700082000         2.9000000000         1.4424847297         3.5061314351         2.8034380260
        0.9750047000         2.9000000000         1.4348277491         3.5086833125         2.6039760533
        0.9800048000         2.9000000000         1.4424847297         3.5214426998         2.8034380260
        0.9850028000         2.9000000000         1.4373800759         3.5367539646         2.6704633776
        0.9900159000         2.9000000000         1.4348277491         3.5367539646         2.6039760533
        0.9950163000         2.9000000000         1.4373800759         3.5546171068         2.6704633776
        1.0000078000         2.9000000000         1.4424847297         3.5622727392         2.8034380260
        1.0050113000         2.9000000000         1.4297230954         3.5673764941         2.4710014049
        1.0100051000         2.9000000000         1.4475893834         3.5903433912         2.9364126745
        1.0150041000         2.9000000000         1.4399324028         3.6005509010         2.7369507018
        1.0201182000         2.9000000000         1.4399324028         3.5954471461         2.7369507018
        1.0250042000         2.9000000000         1.4475893834         3.6209659207         2.9364126745
        1.0300021000         2.9000000000         1.4399324028         3.6235177982         2.7369507018
        1.0350070000         2.9000000000         1.4424847297         3.6337253080         2.8034380260
        1.0400060000         2.9000000000         1.4399324028         3.6388290629         2.7369507018
        1.0450079000         2.9000000000         1.4322754222         3.6541403277         2.5374887291
        1.0500099000         2.9000000000         1.4348277491         3.6617959601         2.6039760533
        1.0550092000         2.9000000000         1.4450370565         3.6771072248         2.8699253502
        1.0600076000         2.9000000000         1.4348277491         3.6822109797         2.6039760533
        1.0650053000         2.9000000000         1.4348277491         3.6924184896         2.6039760533
        1.0700032000         2.9000000000         1.4475893834         3.7128335092         2.9364126745
        1.0750091000         2.9000000000         1.4424847297         3.7179372642         2.8034380260
        1.0800079000         2.9000000000         1.4424847297         3.7306966515         2.8034380260
        1.0850054000         2.9000000000         1.4475893834         3.7434560388         2.9364126745
        1.0900101000         2.9000000000         1.4424847297         3.7613191810         2.8034380260
        1.0950062000         2.9000000000         1.4475893834         3.7689748133         2.9364126745
        1.1000096000         2.9000000000         1.4475893834         3.7766304457         2.9364126745
        1.1050069000         2.9000000000         1.4475893834         3.7868379556         2.9364126745
        1.1100097000         2.9000000000         1.4475893834         3.7944935879         2.9364126745
        1.1150054000         2.9000000000         1.4271707685         3.7995973429         2.4045140807
        1.1200090000         2.9000000000         1.4373800759         3.8174604851         2.6704633776
        1.1250068000         2.9000000000         1.4424847297         3.8251161174         2.8034380260
        1.1300100000         2.9000000000         1.4297230954         3.8327717498         2.4710014049
        1.1350069000         2.9000000000         1.4041998268         3.8378755047         1.8061281626
        1.1400091000         2.9000000000         1.4271707685         3.8480830146         2.4045140807
        1.1450053000         2.9000000000         1.4322754222         3.8582905244         2.5374887291
        1.1500107000         2.9000000000         1.4322754222         3.8684980342         2.5374887291
        1.1550081000         2.9000000000         1.4322754222         3.8812574215         2.5374887291
        1.1600096000         2.9000000000         1.4424847297         3.8965686863         2.8034380260
        1.1650861000         2.9000000000         1.4348277491         3.9067761961         2.6039760533
        1.1700102000         2.9000000000         1.4526940371         3.9246393383         3.0693873229
        1.1750098000         2.9000000000         1.4475893834         3.9322949707         2.9364126745
        1.1800097000         2.9000000000         1.4348277491         3.9322949707         2.6039760533
        1.1850092000         2.9000000000         1.4450370565         3.9476062355         2.8699253502
        1.1900101000         2.9000000000         1.4526940371         3.9654693777         3.0693873229
        1.1950103000         2.9000000000         1.4552463639         3.9756768875         3.1358746472
        1.2000069000         2.9000000000         1.4399324028         3.9807806424         2.7369507018
        1.2050093000         2.9000000000         1.4373800759         3.9909881523         2.6704633776
        1.2100085000         2.9000000000         1.4399324028         3.9960919072         2.7369507018
        1.2150109000         2.9000000000         1.4399324028         4.0139550494         2.7369507018
        1.2200080000         2.9000000000         1.4373800759         4.0165069269         2.6704633776
        1.2250097000         2.9000000000         1.4399324028         4.0343700691         2.7369507018
        1.2300066000         2.9000000000         1.4424847297         4.0471294564         2.8034380260
        1.2350099000         2.9000000000         1.4450370565         4.0522332113         2.8699253502
        1.2400081000         2.9000000000         1.4450370565         4.0700963535         2.8699253502
        1.2450101000         2.9000000000         1.4424847297         4.0777519859         2.8034380260
        1.2500100000         2.9000000000         1.4501417102         4.0930632506         3.0028999987
        1.2550106000         2.9000000000         1.4526940371         4.1058226379         3.0693873229
        1.2600079000         2.9000000000         1.4450370565         4.1134782703         2.8699253502
        1.2650101000         2.9000000000         1.4501417102         4.1134782703         3.0028999987
        1.2700074000         2.9000000000         1.4450370565         4.1262376576         2.8699253502
        1.2750095000         2.9000000000         1.4475893834         4.1364451674         2.9364126745
        1.2800094000         2.9000000000         1.4169614611         4.1568601871         2.1385647838
        1.2850100000         2.9000000000         1.4424847297         4.1594120646         2.8034380260
        1.2900072000         2.9000000000         1.4424847297         4.1670676969         2.8034380260
        1.2950138000         2.9000000000         1.4450370565         4.1900345941         2.8699253502
        1.3000070000         2.9000000000         1.4399324028         4.1925864715         2.7369507018
        1.3050099000         2.9000000000         1.4450370565         4.2002421039         2.8699253502
        1.3100117000         2.9000000000         1.4271707685         4.2078977363         2.4045140807
        1.3150101000         2.9000000000         1.4424847297         4.2232090010         2.8034380260
        1.3200074000         2.9000000000         1.4424847297         4.2359683883         2.8034380260
        1.3250093000         2.9000000000         1.4501417102         4.2512796531         3.0028999987
        1.3300058000         2.9000000000         1.4424847297         4.2563834080         2.8034380260
        1.3350093000         2.9000000000         1.4399324028         4.2691427953         2.7369507018
        1.3400081000         2.9000000000         1.4399324028         4.2742465502         2.7369507018
        1.3450098000         2.9000000000         1.4322754222         4.2819021826         2.5374887291
        1.3501264000         2.9000000000         1.4373800759         4.2946615699         2.6704633776
        1.3550703000         2.9000000000         1.4399324028         4.3099728347         2.7369507018
        1.3600081000         2.9000000000         1.4424847297         4.3227322219         2.8034380260
        1.3650081000         2.9000000000         1.4348277491         4.3252840994         2.6039760533
        1.3700101000         2.9000000000         1.4399324028         4.3431472416         2.7369507018
        1.3750077000         2.9000000000         1.4322754222         4.3456991191         2.5374887291
        1.3800069000         2.9000000000         1.4399324028         4.3610103838         2.7369507018
        1.3850099000         2.9000000000         1.4373800759         4.3661141388         2.6704633776
        1.3900067000         2.9000000000         1.4424847297         4.3839772810         2.8034380260
        1.3950088000         2.9000000000         1.4348277491         4.3916329133         2.6039760533
        1.4000065000         2.9000000000         1.4424847297         4.4069441781         2.8034380260
        1.4050102000         2.9000000000         1.4424847297         4.4197035654         2.8034380260
        1.4100388000         2.9000000000         1.4450370565         4.4375667076         2.8699253502
        1.4150097000         2.9000000000         1.4399324028         4.4299110752         2.7369507018
        1.4200098000         2.9000000000         1.4424847297         4.4452223400         2.8034380260
        1.4250100000         2.9000000000         1.4322754222         4.4554298498         2.5374887291
        1.4300099000         2.9000000000         1.4450370565         4.4732929920         2.8699253502
        1.4350073000         2.9000000000         1.4450370565         4.4783967469         2.8699253502
        1.4400507000         2.9000000000         1.4475893834         4.4962598892         2.9364126745
        1.4450078000         2.9000000000         1.4450370565         4.5064673990         2.8699253502
        1.4500182000         2.9000000000         1.4348277491         4.5090192765         2.6039760533
        1.4550093000         2.9000000000         1.4424847297         4.5268824187         2.8034380260
        1.4600096000         2.9000000000         1.4424847297         4.5370899285         2.8034380260
        1.4650063000         2.9000000000         1.4348277491         4.5447455609         2.6039760533
        1.4700101000         2.9000000000         1.4348277491         4.5549530707         2.6039760533
        1.4750081000         2.9000000000         1.4424847297         4.5677124580         2.8034380260
        1.4800027000         2.9000000000         1.4348277491         4.5855756002         2.6039760533
        1.4850084000         2.9000000000         1.4424847297         4.5957831101         2.8034380260
        1.4900102000         2.9000000000         1.4501417102         4.6085424974         3.0028999987
        1.4950100000         2.9000000000         1.4475893834         4.6187500072         2.9364126745
        1.5000097000         2.9000000000         1.4399324028         4.6238537621         2.7369507018
        1.5050092000         2.9000000000         1.4373800759         4.6366131494         2.6704633776
        1.5100096000         2.9000000000         1.4373800759         4.6493725367         2.6704633776
        1.5150064000         2.9000000000         1.4373800759         4.6621319240         2.6704633776
        1.5200104000         2.9000000000         1.4373800759         4.6697875564         2.6704633776
        1.5250066000         2.9000000000         1.4322754222         4.6774431887         2.5374887291
        1.5300093000         2.9000000000         1.4016475000         4.6799950662         1.7396408384
        1.5350086000         2.9000000000         1.4322754222         4.6902025760         2.5374887291
        1.5400094000         2.9000000000         1.4348277491         4.7080657183         2.6039760533
        1.5450451000         2.9000000000         1.4348277491         4.7106175957         2.6039760533
        1.5500101000         2.9000000000         1.4475893834         4.7335844928         2.9364126745
        1.5550414000         2.9000000000         1.4424847297         4.7386882478         2.8034380260
        1.5600099000         2.9000000000         1.4475893834         4.7565513900         2.9364126745
        1.5650441000         2.9000000000         1.4322754222         4.7514476351         2.5374887291
        1.5700099000         2.9000000000         1.4373800759         4.7693107773         2.6704633776
        1.5750078000         2.9000000000         1.4450370565         4.7871739195         2.8699253502
        1.5800097000         2.9000000000         1.4399324028         4.7922776744         2.7369507018
        1.5850055000         2.9000000000         1.4373800759         4.8075889392         2.6704633776
        1.5900103000         2.9000000000         1.4475893834         4.8177964490         2.9364126745
        1.5950109000         2.9000000000         1.4297230954         4.8203483265         2.4710014049
        1.6000097000         2.9000000000         1.4424847297         4.8433152236         2.8034380260
        1.6050099000         2.9000000000         1.4450370565         4.8433152236         2.8699253502
        1.6100098000         2.9000000000         1.4297230954         4.8509708560         2.4710014049
        1.6150051000         2.9000000000         1.4450370565         4.8662821207         2.8699253502
        1.6200079000         2.9000000000         1.4348277491         4.8713858756         2.6039760533
        1.6250061000         2.9000000000         1.4348277491         4.8790415080         2.6039760533
        1.6300049000         2.9000000000         1.4399324028         4.8969046502         2.7369507018
        1.6350079000         2.9000000000         1.4424847297         4.9096640375         2.8034380260
        1.6400234000         2.9000000000         1.4373800759         4.9173196699         2.6704633776
        1.6450067000         2.9000000000         1.4322754222         4.9300790572         2.5374887291
        1.6500337000         2.9000000000         1.4475893834         4.9402865670         2.9364126745
        1.6550062000         2.9000000000         1.4450370565         4.9555978318         2.8699253502
        1.6600083000         2.9000000000         1.4475893834         4.9709090965         2.9364126745
        1.6650114000         2.9000000000         1.4399324028         4.9785647289         2.7369507018
        1.6700100000         2.9000000000         1.4450370565         4.9887722387         2.8699253502
        1.6750223000         2.9000000000         1.4475893834         5.0015316260         2.9364126745
        1.6800113000         2.9000000000         1.4501417102         5.0142910133         3.0028999987
        1.6850086000         2.9000000000         1.4501417102         5.0040835035         3.0028999987
        1.6900092000         2.9000000000         1.4526940371         5.0117391359         3.0693873229
        1.6950105000         2.9000000000         1.4577986908         5.0117391359         3.2023619714
        1.7000112000         2.9000000000         1.4475893834         5.0091872584         2.9364126745
        1.7050097000         2.9000000000         1.4552463639         5.0091872584         3.1358746472
        1.7100100000         2.9000000000         1.4577986908         5.0117391359         3.2023619714
        1.7150064000         2.9000000000         1.4475893834         5.0091872584         2.9364126745
        1.7200114000         2.9000000000         1.4450370565         5.0066353810         2.8699253502
        1.7250105000         2.9000000000         1.4501417102         5.0015316260         3.0028999987
        1.7300068000         2.9000000000         1.4501417102         4.9989797486         3.0028999987
        1.7350105000         2.9000000000         1.4475893834         1.1124703785         2.9364126745
        1.7400089000         2.9000000000         1.4603510177         1.1150222560         3.2688492956
        1.7450099000         2.9000000000         1.4501417102         1.1099185011         3.0028999987
        1.7500069000         2.9000000000         1.4526940371         1.1124703785         3.0693873229
        1.7550109000         2.9000000000         1.4475893834         1.1099185011         2.9364126745
        1.7600080000         2.9000000000         1.4475893834         0.0049555613         2.9364126745
        1.7650047000         2.9000000000         1.4169614611         0.0024036839         2.1385647838
        1.7700093000         2.9000000000         1.4552463639         0.0024036839         3.1358746472
        1.7750091000         2.9000000000         1.4475893834        -0.0027000711         2.9364126745
        1.7800056000         2.9000000000         1.4399324028        -0.0052519485         2.7369507018
        1.7850093000         2.9000000000         1.4552463639         0.0075074388         3.1358746472
        1.7900090000         2.9000000000         1.4373800759        -0.0052519485         2.6704633776
        1.7950096000         2.9000000000         1.4577986908         0.0075074388         3.2023619714
        1.8000111000         2.9000000000         1.4424847297         0.0024036839         2.8034380260
        1.8050106000         2.9000000000         1.4424847297         0.0024036839         2.8034380260
        1.8100084000         2.9000000000         1.4424847297        -0.0052519485         2.8034380260
        1.8150081000         2.9000000000         1.4424847297         0.0049555613         2.8034380260
        1.8200085000         2.9000000000         1.4526940371         0.0253705810         3.0693873229
        1.8250100000         2.9000000000         1.4475893834         0.0279224584         2.9364126745
        1.8300092000         2.9000000000         1.4424847297         0.0330262134         2.8034380260
        1.8350063000         2.9000000000         1.4399324028         0.0432337232         2.7369507018
        1.8400079000         2.9000000000         1.4552463639         0.0662006203         3.1358746472
        1.8450098000         2.9000000000         1.4399324028         0.0764081302         2.7369507018
        1.8500085000         2.9000000000         1.4501417102         0.0866156400         3.0028999987
        1.8550074000         2.9000000000         1.4373800759         0.0968231498         2.6704633776
        1.8600095000         2.9000000000         1.4424847297         0.1070306597         2.8034380260
        1.8650101000         2.9000000000         1.4373800759         0.1095825371         2.6704633776
        1.8700124000         2.9000000000         1.4424847297         0.1299975568         2.8034380260
        1.8750104000         2.9000000000         1.4373800759         0.1351013117         2.6704633776
        1.8800084000         2.9000000000         1.4399324028         0.1555163314         2.7369507018
        1.8850100000         2.9000000000         1.4348277491         0.1555163314         2.6039760533
        1.8900091000         2.9000000000         1.4450370565         0.1733794736         2.8699253502
        1.8950103000         2.9000000000         1.4450370565         0.1912426158         2.8699253502
        1.9000091000         2.9000000000         1.4424847297         0.2014501257         2.8034380260
        1.9050097000         2.9000000000         1.4399324028         0.2014501257         2.7369507018
        1.9100067000         2.9000000000         1.4373800759         0.2167613904         2.6704633776
        1.9150118000         2.9000000000         1.4322754222         0.2218651453         2.5374887291
        1.9200058000         2.9000000000         1.4475893834         0.2422801650         2.9364126745
        1.9250096000         2.9000000000         1.4399324028         0.2550395523         2.7369507018
        1.9300441000         2.9000000000         1.4399324028         0.2601433072         2.7369507018
        1.9350125000         2.9000000000         1.4373800759         0.2652470621         2.6704633776
        1.9400100000         2.9000000000         1.4297230954         0.2780064494         2.4710014049
        1.9450057000         2.9000000000         1.4475893834         0.2933177142         2.9364126745
        1.9501218000         2.9000000000         1.4424847297         0.3009733466         2.8034380260
        1.9550090000         2.9000000000         1.4424847297         0.3137327338         2.8034380260
        1.9600099000         2.9000000000         1.4450370565         0.3290439986         2.8699253502
        1.9650068000         2.9000000000         1.4450370565         0.3366996310         2.8699253502
        1.9700097000         2.9000000000         1.4373800759         0.3469071408         2.6704633776
        1.9750066000         2.9000000000         1.4322754222         0.3494590183         2.5374887291
        1.9800098000         2.9000000000         1.4424847297         0.3673221605         2.8034380260
        1.9850093000         2.9000000000         1.4373800759         0.3775296703         2.6704633776
        1.9900102000         2.9000000000         1.4399324028         0.3826334252         2.7369507018
        1.9950057000         2.9000000000         1.4322754222         0.4004965675         2.5374887291
        2.0000116000         2.9000000000         1.4424847297         0.4030484449         2.8034380260
        2.0050112000         2.9000000000         1.4399324028         0.4183597097         2.7369507018
        2.0100072000         2.9000000000         1.4424847297         0.4336709744         2.8034380260
        2.0150082000         2.9000000000         1.4348277491         0.4387747293         2.6039760533
        2.0200083000         2.9000000000         1.4475893834         0.4617416265         2.9364126745
        2.0250129000         2.9000000000         1.4399324028         0.4642935039         2.7369507018
        2.0300075000         2.9000000000         1.4475893834         0.4796047687         2.9364126745
        2.0350070000         2.9000000000         1.4373800759         0.4821566461         2.6704633776
        2.0400045000         2.9000000000         1.4399324028         0.4949160334         2.7369507018
        2.0450079000         2.9000000000         1.4348277491         0.5051235433         2.6039760533
        2.0500072000         2.9000000000         1.4348277491         0.5102272982         2.6039760533
        2.0550048000         2.9000000000         1.4399324028         0.5255385629         2.7369507018
        2.0600026000         2.9000000000         1.4501417102         0.5434017052         3.0028999987
        2.0650074000         2.9000000000         1.4373800759         0.5485054601         2.6704633776
        2.0700029000         2.9000000000         1.4373800759         0.5536092150         2.6704633776
        2.0750070000         2.9000000000         1.4297230954         0.5612648474         2.4710014049
        2.0800100000         2.9000000000         1.4424847297         0.5714723572         2.8034380260
        2.0850075000         2.9000000000         1.4322754222         0.5816798670         2.5374887291
        2.0900025000         2.9000000000         1.4373800759         0.6020948867         2.6704633776
        2.0950162000         2.9000000000         1.4399324028         0.6071986416         2.7369507018
        2.1000132000         2.9000000000         1.4424847297         0.6327174162         2.8034380260
        2.1050085000         2.9000000000         1.4424847297         0.6301655388         2.8034380260
        2.1100046000         2.9000000000         1.4373800759         0.6429249261         2.6704633776
        2.1150076000         2.9000000000         1.4348277491         0.6556843134         2.6039760533
        2.1200121000         2.9000000000         1.4450370565         0.6684437007         2.8699253502
        2.1250088000         2.9000000000         1.4450370565         0.6786512105         2.8699253502
        2.1300073000         2.9000000000         1.4271707685         0.6760993330         2.4045140807
        2.1350079000         2.9000000000         1.4322754222         0.6888587203         2.5374887291
        2.1400067000         2.9000000000         1.4399324028         0.7016181076         2.7369507018
        2.1450097000         2.9000000000         1.3965428462         0.7143774949         1.6066661899
        2.1500058000         2.9000000000         1.4348277491         0.7245850047         2.6039760533
        2.1550106000         2.9000000000         1.4373800759         0.7322406371         2.6704633776
        2.1600083000         2.9000000000         1.4297230954         0.7398962695         2.4710014049
        2.1650028000         2.9000000000         1.4475893834         0.7603112892         2.9364126745
        2.1700024000         2.9000000000         1.4424847297         0.7705187990         2.8034380260
        2.1750098000         2.9000000000         1.4399324028         0.7705187990         2.7369507018
        2.1800092000         2.9000000000         1.4424847297         0.7858300638         2.8034380260
        2.1851613000         2.9000000000         1.4424847297         0.8011413285         2.8034380260
        2.1900101000         2.9000000000         1.4373800759         0.8036932060         2.6704633776
        2.1950085000         2.9000000000         1.4475893834         0.8164525933         2.9364126745
        2.2000046000         2.9000000000         1.4424847297         0.8317638580         2.8034380260
        2.2050106000         2.9000000000         1.4424847297         0.8394194904         2.8034380260
        2.2100097000         2.9000000000         1.4424847297         0.8470751228         2.8034380260
        2.2150078000         2.9000000000         1.4475893834         0.8674901425         2.9364126745
        2.2200096000         2.9000000000         1.4016475000         0.8700420199         1.7396408384
        2.2250096000         2.9000000000         1.4450370565         0.8751457748         2.8699253502
        2.2300073000         2.9000000000         1.4424847297         0.8879051621         2.8034380260
        2.2350095000         2.9000000000         1.4424847297         0.9006645494         2.8034380260
        2.2400071000         2.9000000000         1.4399324028         0.9057683043         2.7369507018
        2.2450082000         2.9000000000         1.4373800759         0.9210795691         2.6704633776
        2.2500057000         2.9000000000         1.4424847297         0.9363908338         2.8034380260
        2.2550085000         2.9000000000         1.4450370565         0.9465983437         2.8699253502
        2.2600080000         2.9000000000         1.4399324028         0.9517020986         2.7369507018
        2.2650094000         2.9000000000         1.4399324028         0.9644614859         2.7369507018
        2.2700111000         2.9000000000         1.4475893834         0.9772208732         2.9364126745
        2.2750117000         2.9000000000         1.4373800759         0.9874283830         2.6704633776
        2.2800086000         2.9000000000         1.4450370565         0.9976358929         2.8699253502
        2.2850030000         2.9000000000         1.4322754222         1.0027396478         2.5374887291
        2.2900065000         2.9000000000         1.4271707685         1.0206027900         2.4045140807
        2.2950081000         2.9000000000         1.4450370565         1.0231546675         2.8699253502
        2.3000097000         2.9000000000         1.4373800759         1.0410178097         2.6704633776
        2.3050098000         2.9000000000         1.4399324028         1.0537771970         2.7369507018
        2.3100068000         2.9000000000         1.4450370565         1.0563290744         2.8699253502
        2.3150068000         2.9000000000         1.4041998268         1.0741922166         1.8061281626
        2.3200053000         2.9000000000         1.4399324028         1.0818478490         2.7369507018
        2.3250039000         2.9000000000         1.4475893834         1.0946072363         2.9364126745
        2.3300104000         2.9000000000         1.4322754222         1.1048147461         2.5374887291
        2.3350095000         2.9000000000         1.4475893834         1.1201260109         2.9364126745
        2.3400062000         2.9000000000         1.4475893834         1.1303335207         2.9364126745
        2.3450040000         2.9000000000         1.4450370565         1.1405410306         2.8699253502
        2.3500078000         2.9000000000         1.4424847297         1.1405410306         2.8034380260
        2.3550097000         2.9000000000         1.4424847297         1.1609560502         2.8034380260
        2.3600083000         2.9000000000         1.4399324028         1.1660598052         2.7369507018
        2.3650105000         2.9000000000         1.4424847297         1.1762673150         2.8034380260
        2.3700086000         2.9000000000         1.4373800759         1.1788191925         2.6704633776
        2.3750102000         2.9000000000         1.4348277491         1.1890267023         2.6039760533
        2.3800101000         2.9000000000         1.4424847297         1.2094417220         2.8034380260
        2.3850094000         2.9000000000         1.4526940371         1.2222011093         3.0693873229
        2.3900076000         2.9000000000         1.4475893834         1.2298567416         2.9364126745
        2.3950097000         2.9000000000         1.4093044805         1.2349604965         1.9391028111
        2.4000069000         2.9000000000         1.4322754222         1.2451680064         2.5374887291
        2.4050073000         2.9000000000         1.4322754222         1.2528236388         2.5374887291
        2.4100055000         2.9000000000         1.4373800759         1.2604792711         2.6704633776
        2.4150114000         2.9000000000         1.4348277491         1.2757905359         2.6039760533
        2.4200092000         2.9000000000         1.4399324028         1.2859980457         2.7369507018
        2.4250100000         2.9000000000         1.4450370565         1.2987574330         2.8699253502
        2.4300075000         2.9000000000         1.4399324028         1.3166205752         2.7369507018
        2.4350093000         2.9000000000         1.4322754222         1.3217243302         2.5374887291
        2.4402199000         2.9000000000         1.4424847297         1.3217243302         2.8034380260
        2.4450082000         2.9000000000         1.4271707685         1.3319318400         2.4045140807
        2.4500979000         2.9000000000         1.4450370565         1.3548987371         2.8699253502
        2.4550072000         2.9000000000         1.4322754222         1.3548987371         2.5374887291
        2.4600101000         2.9000000000         1.4348277491         1.3753137568         2.6039760533
        2.4650100000         2.9000000000         1.4399324028         1.3753137568         2.7369507018
        2.4700099000         2.9000000000         1.4348277491         1.3880731441         2.6039760533
        2.4750069000         2.9000000000         1.4246184417         1.3982806539         2.3380267564
        2.4800101000         2.9000000000         1.4373800759         1.4084881638         2.6704633776
        2.4850073000         2.9000000000         1.4348277491         1.4186956736         2.6039760533
        2.4900090000         2.9000000000         1.4348277491         1.4340069384         2.6039760533
        2.4950040000         2.9000000000         1.4271707685         1.4314550609         2.4045140807
        2.5000095000         2.9000000000         1.4348277491         1.4442144482         2.6039760533
        2.5050061000         2.9000000000         1.4373800759         1.4569738355         2.6704633776
        2.5100104000         2.9000000000         1.4322754222         1.4646294679         2.5374887291
        2.5150077000         2.9000000000         1.4348277491         1.4773888552         2.6039760533
        2.5200099000         2.9000000000         1.4297230954         1.4850444875         2.4710014049
        2.5250066000         2.9000000000         1.4373800759         1.5029076297         2.6704633776
        2.5300097000         2.9000000000         1.4348277491         1.5054595072         2.6039760533
        2.5350089000         2.9000000000         1.3990951731         1.5156670170         1.6731535142
        2.5400099000         2.9000000000         1.4348277491         1.5284264043         2.6039760533
        2.5450096000         2.9000000000         1.4297230954         1.5258745269         2.4710014049
        2.5500099000         2.9000000000         1.4271707685         1.5411857916         2.4045140807
        2.5550074000         2.9000000000         1.4322754222         1.5488414240         2.5374887291
        2.5600096000         2.9000000000         1.4348277491         1.5667045662         2.6039760533
        2.5650071000         2.9000000000         1.4271707685         1.5743601986         2.4045140807
        2.5700077000         2.9000000000         1.4373800759         1.5845677084         2.6704633776
        2.5750094000         2.9000000000         1.4348277491         1.5973270957         2.6039760533
        2.5800092000         2.9000000000         1.4322754222         1.5947752183         2.5374887291
        2.5850082000         2.9000000000         1.4220661148         1.6075346056         2.2715394322
        2.5900055000         2.9000000000         1.4373800759         1.6151902379         2.6704633776
        2.5950095000         2.9000000000         1.4271707685         1.6253977478         2.4045140807
        2.6000075000         2.9000000000         1.4297230954         1.6330533802         2.4710014049
        2.6050094000         2.9000000000         1.4271707685         1.6356052576         2.4045140807
        2.6100083000         2.9000000000         1.4322754222         1.6458127674         2.5374887291
        2.6150048000         2.9000000000         1.4322754222         1.6560202773         2.5374887291
        2.6200029000         2.9000000000         1.4373800759         1.6764352970         2.6704633776
        2.6250069000         2.9000000000         1.4220661148         1.6713315420         2.2715394322
        2.6300039000         2.9000000000         1.4041998268         1.6866428068         1.8061281626
        2.6350062000         2.9000000000         1.4297230954         1.6968503166         2.4710014049
        2.6400073000         2.9000000000         1.4246184417         1.6994021941         2.3380267564
        2.6450048000         2.9000000000         1.4220661148         1.7096097039         2.2715394322
        2.6500040000         2.9000000000         1.4195137880         1.7198172138         2.2050521080
        2.6550054000         2.9000000000         1.4271707685         1.7325766011         2.4045140807
        2.6600073000         2.9000000000         1.4373800759         1.7478878658         2.6704633776
        2.6650050000         2.9000000000         1.4246184417         1.7504397433         2.3380267564
        2.6700047000         2.9000000000         1.4348277491         1.7657510080         2.6039760533
        2.6750075000         2.9000000000         1.4322754222         1.7759585179         2.5374887291
        2.6800074000         2.9000000000         1.4373800759         1.7836141502         2.6704633776
        2.6850096000         2.9000000000         1.4246184417         1.7785103953         2.3380267564
        2.6900084000         2.9000000000         1.4246184417         1.7887179052         2.3380267564
        2.6950063000         2.9000000000         1.4297230954         1.8065810474         2.4710014049
        2.7000052000         2.9000000000         1.4246184417         1.8091329248         2.3380267564
        2.7050135000         2.9000000000         1.4220661148         1.8167885572         2.2715394322
        2.7100079000         2.9000000000         1.4041998268         1.8320998220         1.8061281626
        2.7150025000         2.9000000000         1.4195137880         1.8423073318         2.2050521080
        2.7200086000         2.9000000000         1.4373800759         1.8499629642         2.6704633776
        2.7250051000         2.9000000000         1.4246184417         1.8601704740         2.3380267564
        2.7300050000         2.9000000000         1.4322754222         1.8678261064         2.5374887291
        2.7350063000         2.9000000000         1.4322754222         1.8780336162         2.5374887291
        2.7400072000         2.9000000000         1.4297230954         1.8882411261         2.4710014049
        2.7450056000         2.9000000000         1.4246184417         1.8907930035         2.3380267564
        2.7500066000         2.9000000000         1.4271707685         1.9061042683         2.4045140807
        2.7550084000         2.9000000000         1.4373800759         1.9163117781         2.6704633776
        2.7600069000         2.9000000000         1.4322754222         1.9214155330         2.5374887291
        2.7650036000         2.9000000000         1.4271707685         1.9316230429         2.4045140807
        2.7700076000         2.9000000000         1.4322754222         1.9443824302         2.5374887291
        2.7750034000         2.9000000000         1.4220661148         1.9443824302         2.2715394322
        2.7800067000         2.9000000000         1.4373800759         1.9622455724         2.6704633776
        2.7850071000         2.9000000000         1.4297230954         1.9622455724         2.4710014049
        2.7900043000         2.9000000000         1.4246184417         1.9775568371         2.3380267564
        2.7950043000         2.9000000000         1.4322754222         1.9928681019         2.5374887291
        2.8000081000         2.9000000000         1.4373800759         2.0030756117         2.6704633776
        2.8050252000         2.9000000000         1.4322754222         2.0107312441         2.5374887291
        2.8100078000         2.9000000000         1.4246184417         2.0158349990         2.3380267564
        2.8150054000         2.9000000000         1.4246184417         2.0260425088         2.3380267564
        2.8200788000         2.9000000000         1.4475893834         2.0490094060         2.9364126745
        2.8250057000         2.9000000000         1.4348277491         2.0515612834         2.6039760533
        2.8300047000         2.9000000000         1.4348277491         2.0592169158         2.6039760533
        2.8350108000         2.9000000000         1.4450370565         2.0694244256         2.8699253502
        2.8400070000         2.9000000000         1.4246184417         2.0745281806         2.3380267564
        2.8450073000         2.9000000000         1.4424847297         2.0898394453         2.8034380260
        2.8500084000         2.9000000000         1.4271707685         2.0949432002         2.4045140807
        2.8550069000         2.9000000000         1.4373800759         2.1128063424         2.6704633776
        2.8600099000         2.9000000000         1.4041998268         2.1179100974         1.8061281626
        2.8650104000         2.9000000000         1.4271707685         2.1230138523         2.4045140807
        2.8700069000         2.9000000000         1.4297230954         2.1332213621         2.4710014049
        2.8750097000         2.9000000000         1.4297230954         2.1510845043         2.4710014049
        2.8800066000         2.9000000000         1.4399324028         2.1612920142         2.7369507018
        2.8850922000         2.9000000000         1.4373800759         2.1740514015         2.6704633776
        2.8900050000         2.9000000000         1.4373800759         2.1817070338         2.6704633776
        2.8950085000         2.9000000000         1.4322754222         2.1842589113         2.5374887291
        2.9062836000         2.9000000000         1.4424847297         2.2148814408         2.8034380260
        2.9071867000         2.9000000000         1.4424847297         2.2148814408         2.8034380260
        2.9100052000         2.9000000000         1.4399324028         2.2199851957         2.7369507018
        2.9150052000         2.9000000000         1.4373800759         2.2301927056         2.6704633776
        2.9200040000         2.9000000000         1.4501417102         2.2506077252         3.0028999987
        2.9250043000         2.9000000000         1.4297230954         2.2480558478         2.4710014049
        2.9300105000         2.9000000000         1.4475893834         2.2659189900         2.9364126745
        2.9350070000         2.9000000000         1.4373800759         2.2735746224         2.6704633776
        2.9400817000         2.9000000000         1.4322754222         2.2812302547         2.5374887291
        2.9450097000         2.9000000000         1.4399324028         2.2965415195         2.7369507018
        2.9500081000         2.9000000000         1.4373800759         2.3016452744         2.6704633776
        2.9550071000         2.9000000000         1.4348277491         2.3144046617         2.6039760533
        2.9600165000         2.9000000000         1.4399324028         2.3195084166         2.7369507018
        2.9650094000         2.9000000000         1.4450370565         2.3399234363         2.8699253502
        2.9700071000         2.9000000000         1.4424847297         2.3450271912         2.8034380260
        2.9750094000         2.9000000000         1.4399324028         2.3552347011         2.7369507018
        2.9800098000         2.9000000000         1.4424847297         2.3679940883         2.8034380260
        2.9850068000         2.9000000000         1.4373800759         2.3756497207         2.6704633776
        2.9900054000         2.9000000000         1.4424847297         2.3884091080         2.8034380260
        2.9950063000         2.9000000000         1.4322754222         2.3909609855         2.5374887291
        3.0000233000         2.9000000000         1.4373800759         2.4011684953         2.6704633776
        3.0050055000         2.9000000000         1.4450370565         2.4266872699         2.8699253502
        3.0100056000         2.9000000000         1.4271707685         2.4241353924         2.4045140807
        3.0150054000         2.9000000000         1.4424847297         2.4394466572         2.8034380260
        3.0200714000         2.9000000000         1.4348277491         2.4547579220         2.6039760533
        3.0250440000         2.9000000000         1.4373800759         2.4598616769         2.6704633776
        3.0300465000         2.9000000000         1.4373800759         2.4700691867         2.6704633776
        3.0350046000         2.9000000000         1.4348277491         2.4802766965         2.6039760533
        3.0400106000         2.9000000000         1.4399324028         2.4904842064         2.7369507018
        3.0450151000         2.9000000000         1.4424847297         2.5032435937         2.8034380260
        3.0500078000         2.9000000000         1.4348277491         2.5057954711         2.6039760533
        3.0550063000         2.9000000000         1.4322754222         2.5134511035         2.5374887291
        3.0600067000         2.9000000000         1.4348277491         2.5338661232         2.6039760533
        3.0652026000         2.9000000000         1.4373800759         2.5389698781         2.6704633776
        3.0700112000         2.9000000000         1.4348277491         2.5517292654         2.6039760533
        3.0750053000         2.9000000000         1.4297230954         2.5593848978         2.4710014049
        3.0800087000         2.9000000000         1.4475893834         2.5746961625         2.9364126745
        3.0850053000         2.9000000000         1.4373800759         2.5874555498         2.6704633776
        3.0900987000         2.9000000000         1.4297230954         2.5797999174         2.4710014049
        3.0950080000         2.9000000000         1.4450370565         2.6078705695         2.8699253502
        3.1000050000         2.9000000000         1.4271707685         2.6078705695         2.4045140807
        3.1050051000         2.9000000000         1.4373800759         2.6180780793         2.6704633776
        3.1100109000         2.9000000000         1.4348277491         2.6282855892         2.6039760533
        3.1150054000         2.9000000000         1.4297230954         2.6359412215         2.4710014049
        3.1200058000         2.9000000000         1.4348277491         2.6487006088         2.6039760533
        3.1250092000         2.9000000000         1.4297230954         2.6512524863         2.4710014049
        3.1300099000         2.9000000000         1.4271707685         2.6640118736         2.4045140807
        3.1350098000         2.9000000000         1.4220661148         2.6716675060         2.2715394322
        3.1400073000         2.9000000000         1.4322754222         2.6793231383         2.5374887291
        3.1450083000         2.9000000000         1.4373800759         2.6946344031         2.6704633776
        3.1500061000         2.9000000000         1.4424847297         2.7099456679         2.8034380260
        3.1550102000         2.9000000000         1.4041998268         2.7099456679         1.8061281626
        3.1600075000         2.9000000000         1.4246184417         2.7201531777         2.3380267564
        3.1650050000         2.9000000000         1.4399324028         2.7329125650         2.7369507018
        3.1700062000         2.9000000000         1.4373800759         2.7533275847         2.6704633776
        3.1750113000         2.9000000000         1.4271707685         2.7533275847         2.4045140807
        3.1800062000         2.9000000000         1.4399324028         2.7737426043         2.7369507018
        3.1850102000         2.9000000000         1.4424847297         2.7813982367         2.8034380260
        3.1900086000         2.9000000000         1.4348277491         2.7916057465         2.6039760533
        3.1950047000         2.9000000000         1.4373800759         2.7967095015         2.6704633776
        3.2000218000         2.9000000000         1.4246184417         2.7992613789         2.3380267564
        3.2050088000         2.9000000000         1.4297230954         2.8094688888         2.4710014049
        3.2100101000         2.9000000000         1.4271707685         2.8196763986         2.4045140807
        3.2150090000         2.9000000000         1.4373800759         2.8349876633         2.6704633776
        3.2200059000         2.9000000000         1.4399324028         2.8451951732         2.7369507018
        3.2250095000         2.9000000000         1.4297230954         2.8477470506         2.4710014049
        3.2300060000         2.9000000000         1.4399324028         2.8630583154         2.7369507018
        3.2350079000         2.9000000000         1.4348277491         2.8758177027         2.6039760533
        3.2400074000         2.9000000000         1.4271707685         2.8783695801         2.4045140807
        3.2451500000         2.9000000000         1.4373800759         2.8911289674         2.6704633776
        3.2500058000         2.9000000000         1.4220661148         2.8936808449         2.2715394322
        3.2550053000         2.9000000000         1.4348277491         2.9089921097         2.6039760533
        3.2600318000         2.9000000000         1.4220661148         2.9064402322         2.2715394322
        3.2650241000         2.9000000000         1.4322754222         2.9217514970         2.5374887291
        3.2700058000         2.9000000000         1.4271707685         2.9345108842         2.4045140807
        3.2750059000         2.9000000000         1.4169614611         2.9345108842         2.1385647838
        3.2800067000         2.9000000000         1.4220661148         2.9421665166         2.2715394322
        3.2850098000         2.9000000000         1.4220661148         2.9574777814         2.2715394322
        3.2900047000         2.9000000000         1.4271707685         2.9676852912         2.4045140807
        3.2950068000         2.9000000000         1.4373800759         2.9829965560         2.6704633776
        3.3000171000         2.9000000000         1.4271707685         2.9829965560         2.4045140807
        3.3050063000         2.9000000000         1.4246184417         2.9881003109         2.3380267564
        3.3100085000         2.9000000000         1.4322754222         3.0059634531         2.5374887291
        3.3150069000         2.9000000000         1.4297230954         3.0136190855         2.4710014049
        3.3201818000         2.9000000000         1.4373800759         3.0263784728         2.6704633776
        3.3250079000         2.9000000000         1.4220661148         3.0263784728         2.2715394322
        3.3300051000         2.9000000000         1.4297230954         3.0391378601         2.4710014049
        3.3350098000         2.9000000000         1.4348277491         3.0570010023         2.6039760533
        3.3400771000         2.9000000000         1.4246184417         3.0595528797         2.3380267564
        3.3450062000         2.9000000000         1.4297230954         3.0646566347         2.4710014049
        3.3500048000         2.9000000000         1.4322754222         3.0774160220         2.5374887291
        3.3550060000         2.9000000000         1.4297230954         3.0901754092         2.4710014049
        3.3600209000         2.9000000000         1.4348277491         3.0978310416         2.6039760533
        3.3650044000         2.9000000000         1.4271707685         3.1054866740         2.4045140807
        3.3700083000         2.9000000000         1.4373800759         3.1156941838         2.6704633776
        3.3750079000         2.9000000000         1.4118568074         3.1284535711         2.0055901353
        3.3800076000         2.9000000000         1.4271707685         3.1284535711         2.4045140807
        3.3850284000         2.9000000000         1.4373800759         3.1463167133         2.6704633776
        3.3900095000         2.9000000000         1.4297230954         3.1565242232         2.4710014049
        3.3950556000         2.9000000000         1.4399324028         3.1667317330         2.7369507018
        3.4000624000         2.9000000000         1.4348277491         3.1743873654         2.6039760533
        3.4050080000         2.9000000000         1.4399324028         3.1948023851         2.7369507018
        3.4100205000         2.9000000000         1.4475893834         3.2024580174         2.9364126745
        3.4150103000         2.9000000000         1.4373800759         3.2050098949         2.6704633776
        3.4200099000         2.9000000000         1.4450370565         3.2228730371         2.8699253502
        3.4250103000         2.9000000000         1.4399324028         3.2254249146         2.7369507018
        3.4300406000         2.9000000000         1.4271707685         3.2305286695         2.4045140807
        3.4350128000         2.9000000000         1.4373800759         3.2381843019         2.6704633776
        3.4400121000         2.9000000000         1.4373800759         3.2560474441         2.6704633776
        3.4450124000         2.9000000000         1.4399324028         3.2662549539         2.7369507018
        3.4500190000         2.9000000000         1.4348277491         3.2790143412         2.6039760533
        3.4550175000         2.9000000000         1.4450370565         3.2943256060         2.8699253502
        3.4600140000         2.9000000000         1.4399324028         3.2994293609         2.7369507018
        3.4650121000         2.9000000000         1.4297230954         3.3019812383         2.4710014049
        3.4700176000         2.9000000000         1.4424847297         3.3121887482         2.8034380260
        3.4750112000         2.9000000000         1.4399324028         3.3300518904         2.7369507018
        3.4800090000         2.9000000000         1.4424847297         3.3402594002         2.8034380260
        3.4850095000         2.9000000000         1.4475893834         3.3555706650         2.9364126745
        3.4900097000         2.9000000000         1.4424847297         3.3632262974         2.8034380260
        3.4950065000         2.9000000000         1.4526940371         3.3785375621         3.0693873229
        3.5000102000         2.9000000000         1.4475893834         3.3861931945         2.9364126745
        3.5050107000         2.9000000000         1.4399324028         3.3887450720         2.7369507018
        3.5100094000         2.9000000000         1.4552463639         3.4066082142         3.1358746472
        3.5150072000         2.9000000000         1.4424847297         3.4040563367         2.8034380260
        3.5200103000         2.9000000000         1.4016475000         3.4168157240         1.7396408384
        3.5250096000         2.9000000000         1.4475893834         3.4397826211         2.9364126745
        3.5300097000         2.9000000000         1.4450370565         3.4448863760         2.8699253502
        3.5350077000         2.9000000000         1.4297230954         3.4576457633         2.4710014049
        3.5400075000         2.9000000000         1.4271707685         3.4729570281         2.4045140807
        3.5450075000         2.9000000000         1.4399324028         3.4755089056         2.7369507018
        3.5500097000         2.9000000000         1.4399324028         3.4857164154         2.7369507018
        3.5550082000         2.9000000000         1.4348277491         3.4984758027         2.6039760533
        3.5600096000         2.9000000000         1.4399324028         3.5086833125         2.7369507018
        3.5650086000         2.9000000000         1.4424847297         3.5188908224         2.8034380260
        3.5700124000         2.9000000000         1.4373800759         3.5265464547         2.6704633776
        3.5750083000         2.9000000000         1.4399324028         3.5393058420         2.7369507018
        3.5800100000         2.9000000000         1.4348277491         3.5469614744         2.6039760533
        3.5850068000         2.9000000000         1.4348277491         3.5571689842         2.6039760533
        3.5900100000         2.9000000000         1.4373800759         3.5673764941         2.6704633776
        3.5950063000         2.9000000000         1.4399324028         3.5801358814         2.7369507018
        3.6000086000         2.9000000000         1.4424847297         3.5979990236         2.8034380260
        3.6050114000         2.9000000000         1.4373800759         3.6005509010         2.6704633776
        3.6100100000         2.9000000000         1.4348277491         3.6031027785         2.6039760533
        3.6150068000         2.9000000000         1.4297230954         3.6158621658         2.4710014049
        3.6200084000         2.9000000000         1.4271707685         3.6260696756         2.4045140807
        3.6250078000         2.9000000000         1.4450370565         3.6362771855         2.8699253502
        3.6300122000         2.9000000000         1.4348277491         3.6490365728         2.6039760533
        3.6350090000         2.9000000000         1.4450370565         3.6694515924         2.8699253502
        3.6400110000         2.9000000000         1.4450370565         3.6771072248         2.8699253502
        3.6450072000         2.9000000000         1.4450370565         3.6898666121         2.8699253502
        3.6500097000         2.9000000000         1.4322754222         3.6924184896         2.5374887291
        3.6550069000         2.9000000000         1.4297230954         3.6975222445         2.4710014049
        3.6600100000         2.9000000000         1.4297230954         3.7051778769         2.4710014049
        3.6650067000         2.9000000000         1.4348277491         3.7204891416         2.6039760533
        3.6700099000         2.9000000000         1.4373800759         3.7306966515         2.6704633776
        3.6750065000         2.9000000000         1.4399324028         3.7460079162         2.7369507018
        3.6800100000         2.9000000000         1.4348277491         3.7511116711         2.6039760533
        3.6850094000         2.9000000000         1.4373800759         3.7587673035         2.6704633776
        3.6900100000         2.9000000000         1.4475893834         3.7740785683         2.9364126745
        3.6950058000         2.9000000000         1.4322754222         3.7740785683         2.5374887291
        3.7000062000         2.9000000000         1.4348277491         3.7893898330         2.6039760533
        3.7050053000         2.9000000000         1.4322754222         3.7944935879         2.5374887291
        3.7100048000         2.9000000000         1.4271707685         3.8098048527         2.4045140807
        3.7150054000         2.9000000000         1.4348277491         3.8251161174         2.6039760533
        3.7200027000         2.9000000000         1.4246184417         3.8200123625         2.3380267564
        3.7250099000         2.9000000000         1.4169614611         3.8327717498         2.1385647838
        3.7300120000         2.9000000000         1.4297230954         3.8480830146         2.4710014049
        3.7350092000         2.9000000000         1.4297230954         3.8557386469         2.4710014049
        3.7400034000         2.9000000000         1.4271707685         3.8659461568         2.4045140807
        3.7450125000         2.9000000000         1.4297230954         3.8787055441         2.4710014049
        3.7500068000         2.9000000000         1.4271707685         3.8761536666         2.4045140807
        3.7550089000         2.9000000000         1.4322754222         3.8914649314         2.5374887291
        3.7600107000         2.9000000000         1.4322754222         3.9016724412         2.5374887291
        3.7650084000         2.9000000000         1.4271707685         3.9118799510         2.4045140807
        3.7700078000         2.9000000000         1.4322754222         3.9195355834         2.5374887291
        3.7750064000         2.9000000000         1.4195137880         3.9246393383         2.2050521080
        3.7800071000         2.9000000000         1.4220661148         3.9322949707         2.2715394322
        3.7850058000         2.9000000000         1.4220661148         3.9399506031         2.2715394322
        3.7900043000         2.9000000000         1.4220661148         3.9527099904         2.2715394322
        3.7950069000         2.9000000000         1.4271707685         3.9603656228         2.4045140807
        3.8000079000         2.9000000000         1.4297230954         3.9782287650         2.4710014049
        3.8050059000         2.9000000000         1.4297230954         3.9858843974         2.4710014049
        3.8100097000         2.9000000000         1.4399324028         4.0011956621         2.7369507018
        3.8150034000         2.9000000000         1.4220661148         3.9986437847         2.2715394322
        3.8200056000         2.9000000000         1.4373800759         4.0216106818         2.6704633776
        3.8250095000         2.9000000000         1.4297230954         4.0241625592         2.4710014049
        3.8300056000         2.9000000000         1.4271707685         4.0241625592         2.4045140807
        3.8350094000         2.9000000000         1.4348277491         4.0369219465         2.6039760533
        3.8400101000         2.9000000000         1.4246184417         4.0445775789         2.3380267564
        3.8450081000         2.9000000000         1.4348277491         4.0573369662         2.6039760533
        3.8500073000         2.9000000000         1.4271707685         4.0675444760         2.4045140807
        3.8550030000         2.9000000000         1.4297230954         4.0854076183         2.4710014049
        3.8600082000         2.9000000000         1.4348277491         4.0879594957         2.6039760533
        3.8650097000         2.9000000000         1.4271707685         4.0930632506         2.4045140807
        3.8700091000         2.9000000000         1.4322754222         4.1083745154         2.5374887291
        3.8750146000         2.9000000000         1.4373800759         4.1160301478         2.6704633776
        3.8800130000         2.9000000000         1.4322754222         4.1262376576         2.5374887291
        3.8850128000         2.9000000000         1.4297230954         4.1287895351         2.4710014049
        3.8900107000         2.9000000000         1.4271707685         4.1415489224         2.4045140807
        3.8950101000         2.9000000000         1.4297230954         4.1517564322         2.4710014049
        3.9000082000         2.9000000000         1.4373800759         4.1670676969         2.6704633776
        3.9050090000         2.9000000000         1.4399324028         4.1823789617         2.7369507018
        3.9100048000         2.9000000000         1.4373800759         4.1925864715         2.6704633776
        3.9150024000         2.9000000000         1.4450370565         4.2002421039         2.8699253502
        3.9200090000         2.9000000000         1.4348277491         4.1976902265         2.6039760533
        3.9250069000         2.9000000000         1.3965428462         4.2078977363         1.6066661899
        3.9300109000         2.9000000000         1.4322754222         4.2232090010         2.5374887291
        3.9350185000         2.9000000000         1.4373800759         4.2359683883         2.6704633776
        3.9400075000         2.9000000000         1.4373800759         4.2461758982         2.6704633776
        3.9450070000         2.9000000000         1.4373800759         4.2563834080         2.6704633776
        3.9500043000         2.9000000000         1.4450370565         4.2742465502         2.8699253502
        3.9550080000         2.9000000000         1.4348277491         4.2793503051         2.6039760533
        3.9600105000         2.9000000000         1.4424847297         4.2895578150         2.8034380260
        3.9650045000         2.9000000000         1.4348277491         4.2895578150         2.6039760533
        3.9700081000         2.9000000000         1.4322754222         4.3074209572         2.5374887291
        3.9750093000         2.9000000000         1.4424847297         4.3176284670         2.8034380260
        3.9800095000         2.9000000000         1.4322754222         4.3227322219         2.5374887291
        3.9850101000         2.9000000000         1.4399324028         4.3354916092         2.7369507018
        3.9900069000         2.9000000000         1.4373800759         4.3508028740         2.6704633776
        3.9950097000         2.9000000000         1.4424847297         4.3584585064         2.8034380260
        4.0000090000         2.9000000000         1.4424847297         4.3686660162         2.8034380260
        4.0050101000         2.9000000000         1.4348277491         4.3737697711         2.6039760533
        4.0100057000         2.9000000000         1.4373800759         4.3865291584         2.6704633776
        4.0150084000         2.9000000000         1.4373800759         4.3967366683         2.6704633776
        4.0200091000         2.9000000000         1.4424847297         4.4145998105         2.8034380260
        4.0250095000         2.9000000000         1.4501417102         4.4299110752         3.0028999987
        4.0300077000         2.9000000000         1.4322754222         4.4299110752         2.5374887291
        4.0350092000         2.9000000000         1.4475893834         4.4452223400         2.9364126745
        4.0400061000         2.9000000000         1.4424847297         4.4554298498         2.8034380260
        4.0450100000         2.9000000000         1.4373800759         4.4630854822         2.6704633776
        4.0500343000         2.9000000000         1.4399324028         4.4809486244         2.7369507018
        4.0550096000         2.9000000000         1.4577986908         4.4937080117         3.2023619714
        4.0600120000         2.9000000000         1.4424847297         4.4988117666         2.8034380260
        4.0650085000         2.9000000000         1.4526940371         4.5166749088         3.0693873229
        4.0700082000         2.9000000000         1.4526940371         4.5294342961         3.0693873229
        4.0750106000         2.9000000000         1.4373800759         4.5294342961         2.6704633776
        4.0800077000         2.9000000000         1.4450370565         4.5447455609         2.8699253502
        4.0850103000         2.9000000000         1.4475893834         4.5600568256         2.9364126745
        4.0900080000         2.9000000000         1.4450370565         4.5626087031         2.8699253502
        4.0950097000         2.9000000000         1.4501417102         4.5855756002         3.0028999987
        4.1000097000         2.9000000000         1.4450370565         4.5906793551         2.8699253502
        4.1050135000         2.9000000000         1.4501417102         4.6059906199         3.0028999987
        4.1100071000         2.9000000000         1.4526940371         4.6187500072         3.0693873229
        4.1150065000         2.9000000000         1.4501417102         4.6315093945         3.0028999987
        4.1200072000         2.9000000000         1.4475893834         4.6391650269         2.9364126745
        4.1250112000         2.9000000000         1.4373800759         4.6391650269         2.6704633776
        4.1300114000         2.9000000000         1.4348277491         4.6519244142         2.6039760533
        4.1350105000         2.9000000000         1.4399324028         4.6646838015         2.7369507018
        4.1400082000         2.9000000000         1.4399324028         4.6799950662         2.7369507018
        4.1450102000         2.9000000000         1.4552463639         4.6978582084         3.1358746472
        4.1500091000         2.9000000000         1.4526940371         4.7080657183         3.0693873229
        4.1550108000         2.9000000000         1.4424847297         4.7106175957         2.8034380260
        4.1600084000         2.9000000000         1.4373800759         4.7182732281         2.6704633776
        4.1650099000         2.9000000000         1.4348277491         4.7284807379         2.6039760533
        4.1700075000         2.9000000000         1.4373800759         4.7488957576         2.6704633776
        4.1750106000         2.9000000000         1.4373800759         4.7539995125         2.6704633776
        4.1800074000         2.9000000000         1.4475893834         4.7769664097         2.9364126745
        4.1850098000         2.9000000000         1.4475893834         4.7871739195         2.9364126745
        4.1900124000         2.9000000000         1.4475893834         4.7948295519         2.9364126745
        4.1950229000         2.9000000000         1.4399324028         4.7999333068         2.7369507018
        4.2000092000         2.9000000000         1.4373800759         4.8126926941         2.6704633776
        4.2050090000         2.9000000000         1.4475893834         4.8280039588         2.9364126745
        4.2100060000         2.9000000000         1.4450370565         4.8407633461         2.8699253502
        4.2150114000         2.9000000000         1.4399324028         4.8433152236         2.7369507018
        4.2200293000         2.9000000000         1.4450370565         4.8586264883         2.8699253502
        4.2250055000         2.9000000000         1.4220661148         4.8688339982         2.2715394322
        4.2300024000         2.9000000000         1.4399324028         4.8739377531         2.7369507018
        4.2350079000         2.9000000000         1.4373800759         4.8892490178         2.6704633776
        4.2438619000         2.9000000000         1.4475893834         4.9147677924         2.9364126745
        4.2450099000         2.9000000000         1.4450370565         4.9147677924         2.8699253502
        4.2500100000         2.9000000000         1.4373800759         4.9198715474         2.6704633776
        4.2550087000         2.9000000000         1.4322754222         4.9300790572         2.5374887291
        4.2600083000         2.9000000000         1.4424847297         4.9377346896         2.8034380260
        4.2650107000         2.9000000000         1.4322754222         4.9453903219         2.5374887291
        4.2700118000         2.9000000000         1.4348277491         4.9632534642         2.6039760533
        4.2750073000         2.9000000000         1.4348277491         4.9734609740         2.6039760533
        4.2800103000         2.9000000000         1.4373800759         4.9887722387         2.6704633776
        4.2850104000         2.9000000000         1.4373800759         4.9887722387         2.6704633776
        4.2900098000         2.9000000000         1.4144091342         5.0040835035         2.0720774595
        4.2950096000         2.9000000000         1.4373800759         5.0117391359         2.6704633776
        4.3000098000         2.9000000000         1.4450370565         5.0117391359         2.8699253502
        4.3050105000         2.9000000000         1.4373800759         5.0066353810         2.6704633776
        4.3100103000         2.9000000000         1.4297230954         5.0015316260         2.4710014049
        4.3150108000         2.9000000000         1.4271707685         5.0015316260         2.4045140807
        4.3200095000         2.9000000000         1.4348277491         5.0091872584         2.6039760533
        4.3250085000         2.9000000000         1.4424847297         5.0117391359         2.8034380260
        4.3300083000         2.9000000000         1.4475893834         5.0117391359         2.9364126745
        4.3350070000         2.9000000000         1.4399324028         5.0040835035         2.7369507018
        4.3400088000         2.9000000000         1.4424847297         5.0117391359         2.8034380260
        4.3450102000         2.9000000000         1.4475893834         5.0091872584         2.9364126745
        4.3500041000         2.9000000000         1.4373800759         4.9989797486         2.6704633776
        4.3550083000         2.9000000000         1.4297230954         1.1022628687         2.4710014049
        4.3600038000         2.9000000000         1.4373800759         1.1124703785         2.6704633776
        4.3650048000         2.9000000000         1.4424847297         1.1124703785         2.8034380260
        4.3700066000         2.9000000000         1.4373800759         1.1150222560         2.6704633776
        4.3750037000         2.9000000000         1.4450370565         1.1124703785         2.8699253502
        4.3800023000         2.9000000000         1.4373800759         1.1099185011         2.6704633776
        4.3850107000         2.9000000000         1.4399324028         0.0024036839         2.7369507018
        4.3900037000         2.9000000000         1.4348277491         0.0075074388         2.6039760533
        4.3950039000         2.9000000000         1.4373800759         0.0024036839         2.6704633776
        4.4000069000         2.9000000000         1.4399324028         0.0024036839         2.7369507018
        4.4050034000         2.9000000000         1.4322754222        -0.0052519485         2.5374887291
        4.4100030000         2.9000000000         1.4475893834         0.0075074388         2.9364126745
        4.4150060000         2.9000000000         1.4373800759        -0.0001481936         2.6704633776
        4.4200083000         2.9000000000         1.4424847297         0.0024036839         2.8034380260
        4.4250056000         2.9000000000         1.4399324028         0.0024036839         2.7369507018
        4.4300077000         2.9000000000         1.4373800759        -0.0027000711         2.6704633776
        4.4350100000         2.9000000000         1.4450370565         0.0024036839         2.8699253502
        4.4400081000         2.9000000000         1.4450370565         0.0126111937         2.8699253502
        4.4450063000         2.9000000000         1.4450370565         0.0126111937         2.8699253502
        4.4500112000         2.9000000000         1.4322754222         0.0151630711         2.5374887291
        4.4550114000         2.9000000000         1.4399324028         0.0330262134         2.7369507018
        4.4600041000         2.9000000000         1.4475893834         0.0508893556         2.9364126745
        4.4651065000         2.9000000000         1.4399324028         0.0534412330         2.7369507018
        4.4700089000         2.9000000000         1.4475893834         0.0713043752         2.9364126745
        4.4750074000         2.9000000000         1.4373800759         0.0815118851         2.6704633776
        4.4800111000         2.9000000000         1.4526940371         0.0917193949         3.0693873229
        4.4850109000         2.9000000000         1.4373800759         0.0968231498         2.6704633776
        4.4900125000         2.9000000000         1.4373800759         0.1070306597         2.6704633776
        4.4950113000         2.9000000000         1.4424847297         0.1172381695         2.8034380260
        4.5000085000         2.9000000000         1.4348277491         0.1248938019         2.6039760533
        4.5050119000         2.9000000000         1.4399324028         0.1402050666         2.7369507018
        4.5100064000         2.9000000000         1.4399324028         0.1504125765         2.7369507018
        4.5150073000         2.9000000000         1.4373800759         0.1529644539         2.6704633776
        4.5200067000         2.9000000000         1.4399324028         0.1733794736         2.7369507018
        4.5250107000         2.9000000000         1.4424847297         0.1861388609         2.8034380260
        4.5300107000         2.9000000000         1.4475893834         0.2014501257         2.9364126745
        4.5350081000         2.9000000000         1.4399324028         0.2040020031         2.7369507018
        4.5400251000         2.9000000000         1.4450370565         0.2167613904         2.8699253502
        4.5450097000         2.9000000000         1.4424847297         0.2295207777         2.8034380260
        4.5500082000         2.9000000000         1.4424847297         0.2397282875         2.8034380260
        4.5550085000         2.9000000000         1.4373800759         0.2448320425         2.6704633776
        4.5600420000         2.9000000000         1.4450370565         0.2652470621         2.8699253502
        4.5650115000         2.9000000000         1.4450370565         0.2703508170         2.8699253502
        4.5700144000         2.9000000000         1.4501417102         0.2907658367         3.0028999987
        4.5750165000         2.9000000000         1.4297230954         0.2933177142         2.4710014049
        4.5800201000         2.9000000000         1.4424847297         0.3035252240         2.8034380260
        4.5850167000         2.9000000000         1.4424847297         0.3162846113         2.8034380260
        4.5900074000         2.9000000000         1.4450370565         0.3315958761         2.8699253502
        4.5950075000         2.9000000000         1.4526940371         0.3443552634         3.0693873229
        4.6000131000         2.9000000000         1.4399324028         0.3418033859         2.7369507018
        4.6050151000         2.9000000000         1.4348277491         0.3520108957         2.6039760533
        4.6100063000         2.9000000000         1.4450370565         0.3698740379         2.8699253502
        4.6150031000         2.9000000000         1.4475893834         0.3851853027         2.9364126745
        4.6200025000         2.9000000000         1.4501417102         0.3979446900         3.0028999987
        4.6250091000         2.9000000000         1.4475893834         0.4081521998         2.9364126745
        4.6300077000         2.9000000000         1.4450370565         0.4132559548         2.8699253502
        4.6350030000         2.9000000000         1.4373800759         0.4158078322         2.6704633776
        4.6400026000         2.9000000000         1.4424847297         0.4362228519         2.8034380260
        4.6450101000         2.9000000000         1.4475893834         0.4515341166         2.9364126745
        4.6500043000         2.9000000000         1.4475893834         0.4591897490         2.9364126745
        4.6550042000         2.9000000000         1.4475893834         0.4719491363         2.9364126745
        4.6600070000         2.9000000000         1.4195137880         0.4847085236         2.2050521080
        4.6650076000         2.9000000000         1.4501417102         0.4898122785         3.0028999987
        4.6700065000         2.9000000000         1.4450370565         0.5000197884         2.8699253502
        4.6750103000         2.9000000000         1.4526940371         0.5204348080         3.0693873229
        4.6800037000         2.9000000000         1.4475893834         0.5255385629         2.9364126745
        4.6850041000         2.9000000000         1.4475893834         0.5357460728         2.9364126745
        4.6900067000         2.9000000000         1.4526940371         0.5536092150         3.0693873229
        4.6950082000         2.9000000000         1.4373800759         0.5536092150         2.6704633776
        4.7000065000         2.9000000000         1.4450370565         0.5638167248         2.8699253502
        4.7050070000         2.9000000000         1.4475893834         0.5816798670         2.9364126745
        4.7100075000         2.9000000000         1.4450370565         0.5918873769         2.8699253502
        4.7150095000         2.9000000000         1.4526940371         0.6097505191         3.0693873229
        4.7200100000         2.9000000000         1.4475893834         0.6097505191         2.9364126745
        4.7250127000         2.9000000000         1.4450370565         0.6250617838         2.8699253502
        4.7300151000         2.9000000000         1.4475893834         0.6352692937         2.9364126745
        4.7350152000         2.9000000000         1.4501417102         0.6505805584         3.0028999987
        4.7400090000         2.9000000000         1.4501417102         0.6633399457         3.0028999987
        4.7450112000         2.9000000000         1.4450370565         0.6684437007         2.8699253502
        4.7500076000         2.9000000000         1.4399324028         0.6812030879         2.7369507018
        4.7550108000         2.9000000000         1.4450370565         0.6888587203         2.8699253502
        4.7600104000         2.9000000000         1.4373800759         0.6990662302         2.6704633776
        4.7650117000         2.9000000000         1.4450370565         0.7092737400         2.8699253502
        4.7700104000         2.9000000000         1.4399324028         0.7245850047         2.7369507018
        4.7750144000         2.9000000000         1.4373800759         0.7296887597         2.6704633776
        4.7800112000         2.9000000000         1.4501417102         0.7501037793         3.0028999987
        4.7850116000         2.9000000000         1.4450370565         0.7603112892         2.8699253502
        4.7900096000         2.9000000000         1.4399324028         0.7628631666         2.7369507018
        4.7950096000         2.9000000000         1.4424847297         0.7781744314         2.8034380260
        4.8000119000         2.9000000000         1.4399324028         0.7832781863         2.7369507018
        4.8050095000         2.9000000000         1.4373800759         0.7909338187         2.6704633776
        4.8100061000         2.9000000000         1.4348277491         0.8062450834         2.6039760533
        4.8150091000         2.9000000000         1.4399324028         0.8087969609         2.7369507018
        4.8200083000         2.9000000000         1.4297230954         0.8215563482         2.4710014049
        4.8250094000         2.9000000000         1.4348277491         0.8368676129         2.6039760533
        4.8300068000         2.9000000000         1.4297230954         0.8419713679         2.4710014049
        4.8350067000         2.9000000000         1.4348277491         0.8521788777         2.6039760533
        4.8400076000         2.9000000000         1.4348277491         0.8700420199         2.6039760533
        4.8450109000         2.9000000000         1.4399324028         0.8776976523         2.7369507018
        4.8500097000         2.9000000000         1.4424847297         0.8879051621         2.8034380260
        4.8550101000         2.9000000000         1.4399324028         0.8981126720         2.7369507018
        4.8600099000         2.9000000000         1.4450370565         0.9159758142         2.8699253502
        4.8650106000         2.9000000000         1.4373800759         0.9236314466         2.6704633776
        4.8700099000         2.9000000000         1.4373800759         0.9363908338         2.6704633776
        4.8750095000         2.9000000000         1.4399324028         0.9363908338         2.7369507018
        4.8800098000         2.9000000000         1.4399324028         0.9542539761         2.7369507018
        4.8850085000         2.9000000000         1.4322754222         0.9593577310         2.5374887291
        4.8900095000         2.9000000000         1.4322754222         0.9721171183         2.5374887291
        4.8950088000         2.9000000000         1.4348277491         0.9797727506         2.6039760533
        4.9000095000         2.9000000000         1.4271707685         0.9823246281         2.4045140807
        4.9050072000         2.9000000000         1.4322754222         1.0027396478         2.5374887291
        4.9100097000         2.9000000000         1.4399324028         1.0129471576         2.7369507018
        4.9150104000         2.9000000000         1.4399324028         1.0257065449         2.7369507018
        4.9200096000         2.9000000000         1.4399324028         1.0333621773         2.7369507018
        4.9250061000         2.9000000000         1.4271707685         1.0333621773         2.4045140807
        4.9300129000         2.9000000000         1.4271707685         1.0461215646         2.4045140807
        4.9350084000         2.9000000000         1.4450370565         1.0563290744         2.8699253502
        4.9400080000         2.9000000000         1.4297230954         1.0639847068         2.4710014049
        4.9450072000         2.9000000000         1.4297230954         1.0690884617         2.4710014049
        4.9500095000         2.9000000000         1.4271707685         1.0818478490         2.4045140807
        4.9550091000         2.9000000000         1.4373800759         1.0971591138         2.6704633776
        4.9600095000         2.9000000000         1.4424847297         1.1150222560         2.8034380260
        4.9650096000         2.9000000000         1.4373800759         1.1252297658         2.6704633776
        4.9700095000         2.9000000000         1.4399324028         1.1328853982         2.7369507018
        4.9750069000         2.9000000000         1.4348277491         1.1379891531         2.6039760533
        4.9800084000         2.9000000000         1.4348277491         1.1430929080         2.6039760533
        4.9850118000         2.9000000000         1.4399324028         1.1609560502         2.7369507018
        4.9900103000         2.9000000000         1.4348277491         1.1609560502         2.6039760533
        4.9950071000         2.9000000000         1.4297230954         1.1660598052         2.4710014049
        5.0000098000         2.9000000000         1.4424847297         1.1788191925         2.8034380260
        5.0050065000         2.9000000000         1.4348277491         1.1941304572         2.6039760533
        5.0100101000         2.9000000000         1.4373800759         1.2043379670         2.6704633776
        5.0150051000         2.9000000000         1.4348277491         1.2119935994         2.6039760533
        5.0200094000         2.9000000000         1.4399324028         1.2273048642         2.7369507018
        5.0250064000         2.9000000000         1.4450370565         1.2375123740         2.8699253502
        5.0300100000         2.9000000000         1.4399324028         1.2477198838         2.7369507018
        5.0350095000         2.9000000000         1.4373800759         1.2579273937         2.6704633776
        5.0400389000         2.9000000000         1.4322754222         1.2630311486         2.5374887291
        5.0450094000         2.9000000000         1.4348277491         1.2706867810         2.6039760533
        5.0500094000         2.9000000000         1.4322754222         1.2808942908         2.5374887291
        5.0550094000         2.9000000000         1.4271707685         1.2859980457         2.4045140807
        5.0600079000         2.9000000000         1.4348277491         1.3013093105         2.6039760533
        5.0650083000         2.9000000000         1.4297230954         1.3115168203         2.4710014049
        5.0700146000         2.9000000000         1.4373800759         1.3191724527         2.6704633776
        5.0750162000         2.9000000000         1.4450370565         1.3319318400         2.8699253502
        5.0800086000         2.9000000000         1.4322754222         1.3370355949         2.5374887291
        5.0850142000         2.9000000000         1.4475893834         1.3497949822         2.9364126745
        5.0900089000         2.9000000000         1.4271707685         1.3497949822         2.4045140807
        5.0950100000         2.9000000000         1.4271707685         1.3676581244         2.4045140807
        5.1000087000         2.9000000000         1.4373800759         1.3727618793         2.6704633776
        5.1050116000         2.9000000000         1.4297230954         1.3880731441         2.4710014049
        5.1100058000         2.9000000000         1.4041998268         1.4033844088         1.8061281626
        5.1150099000         2.9000000000         1.4373800759         1.4084881638         2.6704633776
        5.1200098000         2.9000000000         1.4373800759         1.4135919187         2.6704633776
        5.1250096000         2.9000000000         1.4348277491         1.4314550609         2.6039760533
        5.1300074000         2.9000000000         1.4373800759         1.4391106933         2.6704633776
        5.1350088000         2.9000000000         1.4297230954         1.4416625707         2.4710014049
        5.1400055000         2.9000000000         1.4271707685         1.4442144482         2.4045140807
        5.1450096000         2.9000000000         1.4399324028         1.4671813453         2.7369507018
        5.1500071000         2.9000000000         1.4373800759         1.4697332228         2.6704633776
        5.1550116000         2.9000000000         1.4348277491         1.4850444875         2.6039760533
        5.1600095000         2.9000000000         1.4297230954         1.4875963650         2.4710014049
        5.1650097000         2.9000000000         1.4297230954         1.5003557523         2.4710014049
        5.1700102000         2.9000000000         1.4271707685         1.5080113847         2.4045140807
        5.1750096000         2.9000000000         1.4322754222         1.5233226494         2.5374887291
        5.1800110000         2.9000000000         1.4220661148         1.5182188945         2.2715394322
        5.1850110000         2.9000000000         1.4348277491         1.5335301593         2.6039760533
        5.1900343000         2.9000000000         1.4322754222         1.5462895465         2.5374887291
        5.1950104000         2.9000000000         1.4220661148         1.5488414240         2.2715394322
        5.2000096000         2.9000000000         1.4348277491         1.5616008113         2.6039760533
        5.2050105000         2.9000000000         1.4348277491         1.5794639535         2.6039760533
        5.2100082000         2.9000000000         1.4271707685         1.5769120761         2.4045140807
        5.2150093000         2.9000000000         1.4297230954         1.5845677084         2.4710014049
        5.2200090000         2.9000000000         1.4246184417         1.5973270957         2.3380267564
        5.2250099000         2.9000000000         1.4322754222         1.6126383605         2.5374887291
        5.2300082000         2.9000000000         1.4475893834         1.6279496252         2.9364126745
        5.2350100000         2.9000000000         1.4373800759         1.6381571351         2.6704633776
        5.2400082000         2.9000000000         1.4246184417         1.6356052576         2.3380267564
        5.2450099000         2.9000000000         1.4348277491         1.6432608900         2.6039760533
        5.2500347000         2.9000000000         1.4271707685         1.6585721547         2.4045140807
        5.2550104000         2.9000000000         1.4373800759         1.6662277871         2.6704633776
        5.2600064000         2.9000000000         1.4348277491         1.6764352970         2.6039760533
        5.2650102000         2.9000000000         1.4271707685         1.6815390519         2.4045140807
        5.2700094000         2.9000000000         1.4348277491         1.6994021941         2.6039760533
        5.2750077000         2.9000000000         1.4399324028         1.7147134588         2.7369507018
        5.2800109000         2.9000000000         1.4348277491         1.7198172138         2.6039760533
        5.2850099000         2.9000000000         1.4322754222         1.7274728461         2.5374887291
        5.2900580000         2.9000000000         1.4399324028         1.7402322334         2.7369507018
        5.2950109000         2.9000000000         1.4297230954         1.7453359884         2.4710014049
        5.3000097000         2.9000000000         1.4373800759         1.7631991306         2.6704633776
        5.3050110000         2.9000000000         1.4399324028         1.7657510080         2.7369507018
        5.3100068000         2.9000000000         1.4297230954         1.7759585179         2.4710014049
        5.3150103000         2.9000000000         1.4297230954         1.7759585179         2.4710014049
        5.3201865000         2.9000000000         1.4297230954         1.7912697826         2.4710014049
        5.3250084000         2.9000000000         1.4399324028         1.8014772924         2.7369507018
        5.3300105000         2.9000000000         1.4450370565         1.8167885572         2.8699253502
        5.3350123000         2.9000000000         1.4246184417         1.8142366797         2.3380267564
        5.3400089000         2.9000000000         1.4271707685         1.8218923121         2.4045140807
        5.3450103000         2.9000000000         1.4246184417         1.8372035769         2.3380267564
        5.3509279000         2.9000000000         1.4399324028         1.8474110867         2.7369507018
        5.3550104000         2.9000000000         1.4322754222         1.8601704740         2.5374887291
        5.3600107000         2.9000000000         1.4322754222         1.8627223515         2.5374887291
        5.3650070000         2.9000000000         1.4271707685         1.8729298613         2.4045140807
        5.3738518000         2.9000000000         1.4220661148         1.8882411261         2.2715394322
        5.3750060000         2.9000000000         1.4195137880         1.8907930035         2.2050521080
        5.3800103000         2.9000000000         1.4297230954         1.8958967584         2.4710014049
        5.3850116000         2.9000000000         1.4297230954         1.9112080232         2.4710014049
        5.3900100000         2.9000000000         1.4322754222         1.9214155330         2.5374887291
        5.3950083000         2.9000000000         1.4348277491         1.9341749203         2.6039760533
        5.4015048000         2.9000000000         1.4246184417         1.9392786752         2.3380267564
        5.4050098000         2.9000000000         1.4373800759         1.9596936949         2.6704633776
        5.4100377000         2.9000000000         1.4271707685         1.9622455724         2.4045140807
        5.4150069000         2.9000000000         1.4399324028         1.9699012047         2.7369507018
        5.4200156000         2.9000000000         1.4271707685         1.9826605920         2.4045140807
        5.4250080000         2.9000000000         1.4399324028         1.9954199793         2.7369507018
        5.4300063000         2.9000000000         1.4399324028         2.0030756117         2.7369507018
        5.4350120000         2.9000000000         1.4271707685         2.0107312441         2.4045140807
        5.4400122000         2.9000000000         1.4373800759         2.0183868765         2.6704633776
        5.4450103000         2.9000000000         1.4271707685         2.0234906314         2.4045140807
        5.4500708000         2.9000000000         1.4322754222         2.0388018961         2.5374887291
        5.4550129000         2.9000000000         1.4373800759         2.0464575285         2.6704633776
        5.4600164000         2.9000000000         1.4424847297         2.0643206707         2.8034380260
        5.4650167000         2.9000000000         1.4373800759         2.0745281806         2.6704633776
        5.4700101000         2.9000000000         1.4169614611         2.0719763031         2.1385647838
        5.4750195000         2.9000000000         1.4373800759         2.0898394453         2.6704633776
        5.4800125000         2.9000000000         1.4271707685         2.0974950777         2.4045140807
        5.4850155000         2.9000000000         1.4348277491         2.1051507101         2.6039760533
        5.4900137000         2.9000000000         1.4450370565         2.1204619748         2.8699253502
        5.4950182000         2.9000000000         1.4297230954         2.1255657297         2.4710014049
        5.5000224000         2.9000000000         1.4348277491         2.1383251170         2.6039760533
        5.5050153000         2.9000000000         1.4348277491         2.1536363818         2.6039760533
        5.5100125000         2.9000000000         1.4271707685         2.1587401367         2.4045140807
        5.5150105000         2.9000000000         1.4271707685         2.1561882593         2.4045140807
        5.5200103000         2.9000000000         1.4322754222         2.1740514015         2.5374887291
        5.5250128000         2.9000000000         1.4348277491         2.1842589113         2.6039760533
        5.5300124000         2.9000000000         1.4297230954         2.1893626662         2.4710014049
        5.5350115000         2.9000000000         1.4246184417         2.1944664211         2.3380267564
        5.5400133000         2.9000000000         1.4373800759         2.2199851957         2.6704633776
        5.5450115000         2.9000000000         1.4195137880         2.2148814408         2.2050521080
        5.5500106000         2.9000000000         1.4348277491         2.2352964605         2.6039760533
        5.5550087000         2.9000000000         1.4348277491         2.2378483379         2.6039760533
        5.5600104000         2.9000000000         1.4067521537         2.2506077252         1.8726154868
        5.5650186000         2.9000000000         1.4322754222         2.2582633576         2.5374887291
        5.5700123000         2.9000000000         1.4297230954         2.2684708674         2.4710014049
        5.5750077000         2.9000000000         1.4246184417         2.2761264998         2.3380267564
        5.5800100000         2.9000000000         1.4322754222         2.2863340097         2.5374887291
        5.5850114000         2.9000000000         1.4220661148         2.2914377646         2.2715394322
        5.5900117000         2.9000000000         1.4246184417         2.3041971519         2.3380267564
        5.5950917000         2.9000000000         1.4246184417         2.3118527843         2.3380267564
        5.6000112000         2.9000000000         1.4297230954         2.3220602941         2.4710014049
        5.6050212000         2.9000000000         1.4348277491         2.3322678039         2.6039760533
        5.6100093000         2.9000000000         1.4067521537         2.3424753138         1.8726154868
        5.6150249000         2.9000000000         1.4271707685         2.3501309461         2.4045140807
        5.6200203000         2.9000000000         1.4424847297         2.3654422109         2.8034380260
        5.6250124000         2.9000000000         1.4271707685         2.3628903334         2.4045140807
        5.6300124000         2.9000000000         1.4399324028         2.3807534756         2.7369507018
        5.6350194000         2.9000000000         1.4373800759         2.3960647404         2.6704633776
        5.6400204000         2.9000000000         1.4399324028         2.3986166179         2.7369507018
        5.6450164000         2.9000000000         1.4450370565         2.4164797601         2.8699253502
        5.6500211000         2.9000000000         1.4348277491         2.4215835150         2.6039760533
        5.6550247000         2.9000000000         1.4348277491         2.4292391474         2.6039760533
        5.6600240000         2.9000000000         1.4246184417         2.4343429023         2.3380267564
        5.6650780000         2.9000000000         1.4348277491         2.4419985347         2.6039760533
        5.6702753000         2.9000000000         1.4373800759         2.4573097994         2.6704633776
        5.6750092000         2.9000000000         1.4373800759         2.4751729416         2.6704633776
        5.6800106000         2.9000000000         1.4450370565         2.4853804515         2.8699253502
        5.6850175000         2.9000000000         1.4399324028         2.4955879613         2.7369507018
        5.6900116000         2.9000000000         1.4424847297         2.5006917162         2.8034380260
        5.6950163000         2.9000000000         1.4220661148         2.5032435937         2.2715394322
        5.7000182000         2.9000000000         1.4297230954         2.5160029810         2.4710014049
        5.7050198000         2.9000000000         1.4297230954         2.5185548584         2.4710014049
        5.7100171000         2.9000000000         1.4373800759         2.5440736330         2.6704633776
        5.7150144000         2.9000000000         1.4348277491         2.5542811429         2.6039760533
        5.7200175000         2.9000000000         1.4322754222         2.5542811429         2.5374887291
        5.7250181000         2.9000000000         1.4322754222         2.5670405302         2.5374887291
        5.7300130000         2.9000000000         1.4348277491         2.5797999174         2.6039760533
        5.7350473000         2.9000000000         1.4399324028         2.5900074273         2.7369507018
        5.7400173000         2.9000000000         1.4399324028         2.6002149371         2.7369507018
        5.7450181000         2.9000000000         1.4322754222         2.6053186920         2.5374887291
        5.7500259000         2.9000000000         1.4322754222         2.6129743244         2.5374887291
        5.7550185000         2.9000000000         1.4297230954         2.6155262019         2.4710014049
        5.7600132000         2.9000000000         1.4424847297         2.6410449765         2.8034380260
        5.7650118000         2.9000000000         1.4322754222         2.6410449765         2.5374887291
        5.7700159000         2.9000000000         1.4475893834         2.6589081187         2.9364126745
        5.7750114000         2.9000000000         1.4373800759         2.6665637511         2.6704633776
        5.7800128000         2.9000000000         1.4322754222         2.6716675060         2.5374887291
        5.7850220000         2.9000000000         1.4373800759         2.6844268933         2.6704633776
        5.7900178000         2.9000000000         1.4373800759         2.6844268933         2.6704633776
        5.7950150000         2.9000000000         1.4348277491         2.7022900355         2.6039760533
        5.8000125000         2.9000000000         1.4399324028         2.7176013002         2.7369507018
        5.8050162000         2.9000000000         1.4373800759         2.7227050552         2.6704633776
        5.8100141000         2.9000000000         1.4297230954         2.7252569326         2.4710014049
        5.8150095000         2.9000000000         1.4373800759         2.7405681974         2.6704633776
        5.8200101000         2.9000000000         1.4373800759         2.7558794621         2.6704633776
        5.8250067000         2.9000000000         1.4322754222         2.7558794621         2.5374887291
        5.8300394000         2.9000000000         1.4475893834         2.7762944818         2.9364126745
        5.8350095000         2.9000000000         1.4373800759         2.7788463592         2.6704633776
        5.8400067000         2.9000000000         1.4348277491         2.7916057465         2.6039760533
        5.8450152000         2.9000000000         1.4322754222         2.7941576240         2.5374887291
        5.8500059000         2.9000000000         1.4373800759         2.8094688888         2.6704633776
        5.8550071000         2.9000000000         1.4246184417         2.8145726437         2.3380267564
        5.8600104000         2.9000000000         1.4322754222         2.8298839084         2.5374887291
        5.8650084000         2.9000000000         1.4297230954         2.8349876633         2.4710014049
        5.8700062000         2.9000000000         1.4373800759         2.8477470506         2.6704633776
        5.8750114000         2.9000000000         1.4373800759         2.8579545605         2.6704633776
        5.8800083000         2.9000000000         1.4322754222         2.8681620703         2.5374887291
        5.8851244000         2.9000000000         1.4348277491         2.8809214576         2.6039760533
        5.8900095000         2.9000000000         1.4399324028         2.8962327224         2.7369507018
        5.8950130000         2.9000000000         1.4271707685         2.9013364773         2.4045140807
        5.9000133000         2.9000000000         1.4373800759         2.9140958646         2.6704633776
        5.9050287000         2.9000000000         1.4399324028         2.9243033744         2.7369507018
        5.9101531000         2.9000000000         1.4399324028         2.9243033744         2.7369507018
        5.9150125000         2.9000000000         1.4322754222         2.9396146392         2.5374887291
        5.9200131000         2.9000000000         1.4297230954         2.9396146392         2.4710014049
        5.9250082000         2.9000000000         1.4399324028         2.9549259039         2.7369507018
        5.9300069000         2.9000000000         1.4450370565         2.9753409236         2.8699253502
        5.9350105000         2.9000000000         1.4399324028         2.9778928011         2.7369507018
        5.9400128000         2.9000000000         1.4399324028         2.9855484334         2.7369507018
        5.9450101000         2.9000000000         1.4475893834         3.0008596982         2.9364126745
        5.9500110000         2.9000000000         1.4424847297         3.0110672080         2.8034380260
        5.9550111000         2.9000000000         1.4399324028         3.0161709629         2.7369507018
        5.9600104000         2.9000000000         1.4399324028         3.0289303502         2.7369507018
        5.9650115000         2.9000000000         1.4297230954         3.0314822277         2.4710014049
        5.9700109000         2.9000000000         1.4424847297         3.0467934924         2.8034380260
        5.9750087000         2.9000000000         1.4271707685         3.0570010023         2.4045140807
        5.9800085000         2.9000000000         1.4475893834         3.0748641445         2.9364126745
        5.9850342000         2.9000000000         1.4424847297         3.0748641445         2.8034380260
        5.9900063000         2.9000000000         1.4271707685         3.0850716543         2.4045140807
        5.9950059000         2.9000000000         1.4373800759         3.0952791642         2.6704633776
        6.0001778000         2.9000000000         1.4271707685         3.1029347965         2.4045140807
        6.0050105000         2.9000000000         1.4399324028         3.1182460613         2.7369507018
        6.0100149000         2.9000000000         1.4322754222         3.1259016937         2.5374887291
        6.0150123000         2.9000000000         1.4424847297         3.1386610810         2.8034380260
        6.0200124000         2.9000000000         1.4450370565         3.1590761006         2.8699253502
        6.0250092000         2.9000000000         1.4348277491         3.1565242232         2.6039760533
        6.0300139000         2.9000000000         1.4424847297         3.1743873654         2.8034380260
        6.0350093000         2.9000000000         1.4399324028         3.1896986301         2.7369507018
        6.0400088000         2.9000000000         1.4450370565         3.1922505076         2.8699253502
        6.0450096000         2.9000000000         1.4501417102         3.2075617724         3.0028999987
        6.0500115000         2.9000000000         1.4399324028         3.2177692822         2.7369507018
        6.0550116000         2.9000000000         1.4424847297         3.2279767920         2.8034380260
        6.0603340000         2.9000000000         1.4297230954         3.2305286695         2.4710014049
        6.0650205000         2.9000000000         1.4399324028         3.2381843019         2.7369507018
        6.0700069000         2.9000000000         1.4475893834         3.2611511990         2.9364126745
        6.0750080000         2.9000000000         1.4424847297         3.2662549539         2.8034380260
        6.0800418000         2.9000000000         1.4373800759         3.2790143412         2.6704633776
        6.0850485000         2.9000000000         1.4399324028         3.2815662187         2.7369507018
        6.0938163000         2.9000000000         1.4246184417         3.2994293609         2.3380267564
        6.0950068000         2.9000000000         1.4246184417         3.3045331158         2.3380267564
        6.1000833000         2.9000000000         1.4424847297         3.3172925031         2.8034380260
        6.1050089000         2.9000000000         1.4373800759         3.3326037679         2.6704633776
        6.1100099000         2.9000000000         1.4348277491         3.3402594002         2.6039760533
        6.1150096000         2.9000000000         1.4322754222         3.3479150326         2.5374887291
        6.1200088000         2.9000000000         1.4271707685         3.3581225424         2.4045140807
        6.1250066000         2.9000000000         1.4297230954         3.3581225424         2.4710014049
        6.1300122000         2.9000000000         1.4322754222         3.3759856847         2.5374887291
        6.1350085000         2.9000000000         1.4399324028         3.3912969494         2.7369507018
        6.1400245000         2.9000000000         1.4271707685         3.3861931945         2.4045140807
        6.1450068000         2.9000000000         1.4297230954         3.3964007043         2.4710014049
        6.1500074000         2.9000000000         1.4271707685         3.4142638465         2.4045140807
        6.1550134000         2.9000000000         1.4297230954         3.4219194789         2.4710014049
        6.1600091000         2.9000000000         1.4297230954         3.4346788662         2.4710014049
        6.1650105000         2.9000000000         1.4322754222         3.4423344986         2.5374887291
        6.1700087000         2.9000000000         1.4322754222         3.4499901310         2.5374887291
        6.1750168000         2.9000000000         1.4246184417         3.4525420084         2.3380267564
        6.1800079000         2.9000000000         1.4322754222         3.4704051506         2.5374887291
        6.1850101000         2.9000000000         1.4246184417         3.4755089056         2.3380267564
        6.1900089000         2.9000000000         1.4373800759         3.4882682929         2.6704633776
        6.1950132000         2.9000000000         1.4169614611         3.4933720478         2.1385647838
        6.2000412000         2.9000000000         1.4246184417         3.5035795576         2.3380267564
        6.2050075000         2.9000000000         1.4297230954         3.5112351900         2.4710014049
        6.2100115000         2.9000000000         1.4373800759         3.5265464547         2.6704633776
        6.2150149000         2.9000000000         1.4373800759         3.5418577195         2.6704633776
        6.2200088000         2.9000000000         1.4271707685         3.5418577195         2.4045140807
        6.2250110000         2.9000000000         1.4373800759         3.5571689842         2.6704633776
        6.2300118000         2.9000000000         1.4348277491         3.5673764941         2.6039760533
        6.2350105000         2.9000000000         1.4373800759         3.5775840039         2.6704633776
        6.2400100000         2.9000000000         1.4348277491         3.5877915138         2.6039760533
        6.2450087000         2.9000000000         1.4271707685         3.5928952687         2.4045140807
        6.2500103000         2.9000000000         1.4373800759         3.6056546560         2.6704633776
        6.2550114000         2.9000000000         1.4297230954         3.6082065334         2.4710014049
        6.2600095000         2.9000000000         1.3990951731         3.6235177982         1.6731535142
        6.2650063000         2.9000000000         1.4424847297         3.6413809404         2.8034380260
        6.2700087000         2.9000000000         1.4399324028         3.6515884502         2.7369507018
        6.2750117000         2.9000000000         1.4271707685         3.6515884502         2.4045140807
        6.2800134000         2.9000000000         1.4271707685         3.6592440826         2.4045140807
        6.2850093000         2.9000000000         1.4348277491         3.6745553474         2.6039760533
        6.2900096000         2.9000000000         1.4297230954         3.6847628572         2.4710014049
        6.2950093000         2.9000000000         1.4348277491         3.6949703670         2.6039760533
        6.3000107000         2.9000000000         1.4322754222         3.7051778769         2.5374887291
        6.3050104000         2.9000000000         1.4220661148         3.7077297543         2.2715394322
        6.3100069000         2.9000000000         1.4348277491         3.7230410191         2.6039760533
        6.3151051000         2.9000000000         1.4322754222         3.7306966515         2.5374887291
        6.3200092000         2.9000000000         1.4246184417         3.7383522838         2.3380267564
        6.3250098000         2.9000000000         1.4373800759         3.7587673035         2.6704633776
        6.3300097000         2.9000000000         1.4424847297         3.7587673035         2.8034380260
        6.3350174000         2.9000000000         1.4297230954         3.7715266908         2.4710014049
        6.3400066000         2.9000000000         1.4348277491         3.7817342006         2.6039760533
        6.3450058000         2.9000000000         1.4424847297         3.7995973429         2.8034380260
        6.3500071000         2.9000000000         1.4348277491         3.8021492203         2.6039760533
        6.3550054000         2.9000000000         1.4297230954         3.8123567301         2.4710014049
        6.3600068000         2.9000000000         1.4373800759         3.8276679949         2.6704633776
        6.3650097000         2.9000000000         1.4271707685         3.8302198724         2.4045140807
        6.3700082000         2.9000000000         1.4271707685         3.8327717498         2.4045140807
        6.3750056000         2.9000000000         1.4322754222         3.8531867695         2.5374887291
        6.3800098000         2.9000000000         1.4373800759         3.8557386469         2.6704633776
        6.3850097000         2.9000000000         1.4271707685         3.8608424019         2.4045140807
        6.3900061000         2.9000000000         1.4373800759         3.8838092990         2.6704633776
        6.3950050000         2.9000000000         1.4322754222         3.8889130539         2.5374887291
        6.4000059000         2.9000000000         1.4348277491         3.8940168088         2.6039760533
        6.4050065000         2.9000000000         1.4399324028         3.9093280736         2.7369507018
        6.4100058000         2.9000000000         1.4373800759         3.9144318285         2.6704633776
        6.4150046000         2.9000000000         1.4322754222         3.9271912158         2.5374887291
        6.4200054000         2.9000000000         1.4348277491         3.9322949707         2.6039760533
        6.4250055000         2.9000000000         1.4348277491         3.9450543580         2.6039760533
        6.4300071000         2.9000000000         1.4348277491         3.9476062355         2.6039760533
        6.4350153000         2.9000000000         1.4424847297         3.9705731326         2.8034380260
        6.4400080000         2.9000000000         1.4297230954         3.9705731326         2.4710014049
        6.4450081000         2.9000000000         1.4348277491         3.9858843974         2.6039760533
        6.4500134000         2.9000000000         1.4373800759         3.9935400297         2.6704633776
        6.4550091000         2.9000000000         1.4424847297         4.0139550494         2.8034380260
        6.4600050000         2.9000000000         1.4373800759         4.0165069269         2.6704633776
        6.4650099000         2.9000000000         1.4348277491         4.0241625592         2.6039760533
        6.4700201000         2.9000000000         1.4348277491         4.0318181916         2.6039760533
        6.4750070000         2.9000000000         1.4373800759         4.0394738240         2.6704633776
        6.4800091000         2.9000000000         1.4450370565         4.0547850888         2.8699253502
        6.4850095000         2.9000000000         1.4373800759         4.0649925986         2.6704633776
        6.4900605000         2.9000000000         1.4475893834         4.0828557408         2.9364126745
        6.4950049000         2.9000000000         1.4450370565         4.0930632506         2.8699253502
        6.5000103000         2.9000000000         1.4424847297         4.0981670056         2.8034380260
        6.5050105000         2.9000000000         1.4322754222         4.1007188830         2.5374887291
        6.5100638000         2.9000000000         1.4424847297         4.1211339027         2.8034380260
        6.5150074000         2.9000000000         1.4475893834         4.1338932900         2.9364126745
        6.5200070000         2.9000000000         1.4322754222         4.1338932900         2.5374887291
        6.5250099000         2.9000000000         1.4322754222         4.1389970449         2.5374887291
        6.5300557000         2.9000000000         1.4526940371         4.1645158195         3.0693873229
        6.5350049000         2.9000000000         1.4373800759         4.1696195744         2.6704633776
        6.5400047000         2.9000000000         1.4475893834         4.1849308392         2.9364126745
        6.5450063000         2.9000000000         1.4373800759         4.1900345941         2.6704633776
        6.5500091000         2.9000000000         1.4450370565         4.1925864715         2.8699253502
        6.5550070000         2.9000000000         1.4348277491         4.2002421039         2.6039760533
        6.5600131000         2.9000000000         1.4450370565         4.2232090010         2.8699253502
        6.5650217000         2.9000000000         1.4399324028         4.2283127560         2.7369507018
        6.5700100000         2.9000000000         1.4450370565         4.2410721433         2.8699253502
        6.5750078000         2.9000000000         1.4424847297         4.2512796531         2.8034380260
        6.5800054000         2.9000000000         1.4475893834         4.2589352855         2.9364126745
        6.5850077000         2.9000000000         1.4373800759         4.2716946728         2.6704633776
        6.5900791000         2.9000000000         1.4424847297         4.2819021826         2.8034380260
        6.5950128000         2.9000000000         1.4373800759         4.2870059375         2.6704633776
        6.6000193000         2.9000000000         1.4373800759         4.3048690797         2.6704633776
        6.6050103000         2.9000000000         1.4373800759         4.3099728347         2.6704633776
        6.6100062000         2.9000000000         1.4450370565         4.3278359769         2.8699253502
        6.6150131000         2.9000000000         1.4424847297         4.3354916092         2.8034380260
        6.6200103000         2.9000000000         1.4424847297         4.3482509965         2.8034380260
        6.6250125000         2.9000000000         1.4424847297         4.3559066289         2.8034380260
        6.6300087000         2.9000000000         1.4424847297         4.3686660162         2.8034380260
        6.6350173000         2.9000000000         1.4475893834         4.3814254035         2.9364126745
        6.6400107000         2.9000000000         1.4373800759         4.3890810359         2.6704633776
        6.6450090000         2.9000000000         1.4450370565         4.3992885457         2.8699253502
        6.6500099000         2.9000000000         1.4475893834         4.4197035654         2.9364126745
        6.6552051000         2.9000000000         1.4450370565         4.4273591978         2.8699253502
        6.6600086000         2.9000000000         1.4424847297         4.4401185851         2.8034380260
        6.6650174000         2.9000000000         1.4475893834         4.4452223400         2.9364126745
        6.6700096000         2.9000000000         1.4475893834         4.4630854822         2.9364126745
        6.6750434000         2.9000000000         1.4475893834         4.4732929920         2.9364126745
        6.6800093000         2.9000000000         1.4424847297         4.4860523793         2.8034380260
        6.6850120000         2.9000000000         1.4450370565         4.4860523793         2.8699253502
        6.6900099000         2.9000000000         1.4322754222         4.4886042568         2.5374887291
        6.6951242000         2.9000000000         1.4501417102         4.5166749088         3.0028999987
        6.7000114000         2.9000000000         1.4399324028         4.5268824187         2.7369507018
        6.7050133000         2.9000000000         1.4424847297         4.5294342961         2.8034380260
        6.7100076000         2.9000000000         1.4424847297         4.5396418060         2.8034380260
        6.7150066000         2.9000000000         1.4424847297         4.5626087031         2.8034380260
        6.7200100000         2.9000000000         1.4399324028         4.5575049482         2.7369507018
        6.7250085000         2.9000000000         1.4399324028         4.5779199678         2.7369507018
        6.7300047000         2.9000000000         1.4322754222         4.5804718453         2.5374887291
        6.7352209000         2.9000000000         1.4373800759         4.5932312326         2.6704633776
        6.7400083000         2.9000000000         1.4450370565         4.6110943748         2.8699253502
        6.7450098000         2.9000000000         1.4373800759         4.6136462523         2.6704633776
        6.7500081000         2.9000000000         1.4373800759         4.6264056396         2.6704633776
        6.7554564000         2.9000000000         1.4475893834         4.6493725367         2.9364126745
        6.7600077000         2.9000000000         1.4424847297         4.6519244142         2.8034380260
        6.7650075000         2.9000000000         1.4373800759         4.6595800465         2.6704633776
        6.7700086000         2.9000000000         1.4399324028         4.6697875564         2.7369507018
        6.7750616000         2.9000000000         1.4399324028         4.6902025760         2.7369507018
        6.7814261000         2.9000000000         1.4399324028         4.6978582084         2.7369507018
        6.7850103000         2.9000000000         1.4348277491         4.7004100859         2.6039760533
        6.7903225000         2.9000000000         1.4399324028         4.7131694732         2.7369507018
        6.7954228000         2.9000000000         1.4399324028         4.7335844928         2.7369507018
        6.8000144000         2.9000000000         1.4399324028         4.7335844928         2.7369507018
        6.8050430000         2.9000000000         1.4348277491         4.7361363703         2.6039760533
        6.8100088000         2.9000000000         1.4399324028         4.7539995125         2.7369507018
        6.8152968000         2.9000000000         1.4297230954         4.7591032674         2.4710014049
        6.8204928000         2.9000000000         1.4373800759         4.7795182871         2.6704633776
        6.8250103000         2.9000000000         1.4424847297         4.7871739195         2.8034380260
        6.8300095000         2.9000000000         1.4220661148         4.7922776744         2.2715394322
        6.8351938000         2.9000000000         1.4246184417         4.7999333068         2.3380267564
        6.8400065000         2.9000000000         1.4373800759         4.8152445715         2.6704633776
        6.8450107000         2.9000000000         1.4348277491         4.8280039588         2.6039760533
        6.8500159000         2.9000000000         1.4348277491         4.8382114687         2.6039760533
        6.8553788000         2.9000000000         1.4450370565         4.8535227334         2.8699253502
        6.8602196000         2.9000000000         1.4475893834         4.8637302433         2.9364126745
        6.8650127000         2.9000000000         1.4373800759         4.8713858756         2.6704633776
        6.8700083000         2.9000000000         1.4424847297         4.8866971404         2.8034380260
        6.8750552000         2.9000000000         1.4373800759         4.8918008953         2.6704633776
        6.8800137000         2.9000000000         1.4450370565         4.9071121601         2.8699253502
        6.8850145000         2.9000000000         1.4475893834         4.9198715474         2.9364126745
        6.8900399000         2.9000000000         1.4424847297         4.9300790572         2.8034380260
        6.8952732000         2.9000000000         1.4373800759         4.9351828121         2.6704633776
        6.9000406000         2.9000000000         1.4501417102         4.9530459543         3.0028999987
        6.9050113000         2.9000000000         1.4271707685         4.9504940769         2.4045140807
        6.9100281000         2.9000000000         1.4348277491         4.9683572191         2.6039760533
        6.9150500000         2.9000000000         1.4373800759         4.9785647289         2.6704633776
        6.9200092000         2.9000000000         1.4450370565         4.9938759937         2.8699253502
        6.9250095000         2.9000000000         1.4399324028         4.9913241162         2.7369507018
        6.9300107000         2.9000000000         1.4450370565         5.0117391359         2.8699253502
        6.9351057000         2.9000000000         1.4424847297         5.0066353810         2.8034380260
        6.9401297000         2.9000000000         1.4501417102         5.0117391359         3.0028999987
        6.9450110000         2.9000000000         1.4450370565         5.0142910133         2.8699253502
        6.9500102000         2.9000000000         1.4424847297         5.0040835035         2.8034380260
        6.9550091000         2.9000000000         1.4399324028         5.0117391359         2.7369507018
        6.9600120000         2.9000000000         1.4373800759         5.0091872584         2.6704633776
        6.9650123000         2.9000000000         1.4424847297         5.0142910133         2.8034380260
        6.9700274000         2.9000000000         1.4297230954         4.9989797486         2.4710014049
        6.9750131000         2.9000000000         1.4450370565         5.0117391359         2.8699253502
        6.9800090000         2.9000000000         1.4322754222         4.9989797486         2.5374887291
        6.9850124000         2.9000000000         1.4348277491         4.9964278711         2.6039760533
        6.9900106000         2.9000000000         1.4424847297         1.1048147461         2.8034380260
        6.9950068000         2.9000000000         1.4424847297         1.1124703785         2.8034380260
        7.0000069000         2.9000000000         1.4450370565         1.1073666236         2.8699253502
        7.0050121000         2.9000000000         1.4348277491         1.1073666236         2.6039760533
        7.0100165000         2.9000000000         1.4450370565         1.1099185011         2.8699253502
        7.0150137000         2.9000000000         1.4399324028         1.1099185011         2.7369507018
        7.0200191000         2.9000000000         1.4450370565         0.0024036839         2.8699253502
        7.0250154000         2.9000000000         1.4373800759        -0.0027000711         2.6704633776
        7.0300151000         2.9000000000         1.4424847297         0.0024036839         2.8034380260
        7.0350154000         2.9000000000         1.4424847297        -0.0052519485         2.8034380260
        7.0400164000         2.9000000000         1.4424847297         0.0024036839         2.8034380260
        7.0450582000         2.9000000000         1.4475893834        -0.0001481936         2.9364126745
        7.0500096000         2.9000000000         1.4450370565         0.0075074388         2.8699253502
        7.0550107000         2.9000000000         1.4475893834         0.0024036839         2.9364126745
        7.0600126000         2.9000000000         1.4373800759        -0.0027000711         2.6704633776
        7.0650121000         2.9000000000         1.4501417102         0.0100593162         3.0028999987
        7.0700131000         2.9000000000         1.4424847297         0.0024036839         2.8034380260
        7.0750100000         2.9000000000         1.4526940371         0.0151630711         3.0693873229
        7.0800088000         2.9000000000         1.4424847297         0.0151630711         2.8034380260
        7.0850078000         2.9000000000         1.4450370565         0.0304743359         2.8699253502
        7.0900127000         2.9000000000         1.4424847297         0.0330262134         2.8034380260
        7.0950102000         2.9000000000         1.4475893834         0.0508893556         2.9364126745
        7.1000135000         2.9000000000         1.4475893834         0.0636487429         2.9364126745
        7.1050101000         2.9000000000         1.4424847297         0.0764081302         2.8034380260
        7.1100205000         2.9000000000         1.4450370565         0.0789600076         2.8699253502
        7.1150121000         2.9000000000         1.4424847297         0.0993750273         2.8034380260
        7.1204309000         2.9000000000         1.4501417102         0.1172381695         3.0028999987
        7.1250119000         2.9000000000         1.4424847297         0.1172381695         2.8034380260
        7.1300127000         2.9000000000         1.4552463639         0.1376531892         3.1358746472
        7.1350122000         2.9000000000         1.4424847297         0.1427569441         2.8034380260
        7.1400133000         2.9000000000         1.4424847297         0.1555163314         2.8034380260
        7.1450165000         2.9000000000         1.4501417102         0.1631719638         3.0028999987
        7.1500156000         2.9000000000         1.4399324028         0.1682757187         2.7369507018
        7.1550141000         2.9000000000         1.4501417102         0.1937944933         3.0028999987
        7.1600326000         2.9000000000         1.4552463639         0.2040020031         3.1358746472
        7.1650146000         2.9000000000         1.4424847297         0.2014501257         2.8034380260
        7.1700291000         2.9000000000         1.4450370565         0.2218651453         2.8699253502
        7.1750164000         2.9000000000         1.4501417102         0.2397282875         3.0028999987
        7.1800144000         2.9000000000         1.4475893834         0.2473839199         2.9364126745
        7.1850160000         2.9000000000         1.4501417102         0.2601433072         3.0028999987
        7.1900684000         2.9000000000         1.4424847297         0.2626951847         2.8034380260
        7.1950088000         2.9000000000         1.4399324028         0.2754545720         2.7369507018
        7.2000104000         2.9000000000         1.4450370565         0.2831102043         2.8699253502
        7.2050083000         2.9000000000         1.4475893834         0.3009733466         2.9364126745
        7.2100082000         2.9000000000         1.4424847297         0.3137327338         2.8034380260
        7.2150441000         2.9000000000         1.4424847297         0.3239402437         2.8034380260
        7.2200074000         2.9000000000         1.4501417102         0.3341477535         3.0028999987
        7.2250113000         2.9000000000         1.4450370565         0.3520108957         2.8699253502
        7.2300246000         2.9000000000         1.4424847297         0.3622184056         2.8034380260
        7.2350099000         2.9000000000         1.4424847297         0.3673221605         2.8034380260
        7.2400084000         2.9000000000         1.4373800759         0.3800815478         2.6704633776
        7.2450089000         2.9000000000         1.4399324028         0.3851853027         2.7369507018
        7.2500120000         2.9000000000         1.4348277491         0.3979446900         2.6039760533
        7.2550107000         2.9000000000         1.4399324028         0.4081521998         2.7369507018
        7.2600121000         2.9000000000         1.4450370565         0.4234634646         2.8699253502
        7.2650095000         2.9000000000         1.4373800759         0.4311190970         2.6704633776
        7.2700138000         2.9000000000         1.4322754222         0.4413266068         2.5374887291
        7.2750077000         2.9000000000         1.4348277491         0.4413266068         2.6039760533
        7.2800073000         2.9000000000         1.4399324028         0.4617416265         2.7369507018
        7.2850113000         2.9000000000         1.4373800759         0.4719491363         2.6704633776
        7.2900146000         2.9000000000         1.4399324028         0.4872604011         2.7369507018
        7.2951013000         2.9000000000         1.4322754222         0.4847085236         2.5374887291
        7.3000101000         2.9000000000         1.4424847297         0.5076754207         2.8034380260
        7.3050139000         2.9000000000         1.4373800759         0.5127791757         2.6704633776
        7.3100090000         2.9000000000         1.4399324028         0.5255385629         2.7369507018
        7.3150122000         2.9000000000         1.4348277491         0.5331941953         2.6039760533
        7.3200106000         2.9000000000         1.4450370565         0.5459535826         2.8699253502
        7.3250247000         2.9000000000         1.4348277491         0.5510573375         2.6039760533
        7.3300123000         2.9000000000         1.4348277491         0.5663686023         2.6039760533
        7.3350116000         2.9000000000         1.4552463639         0.5842317445         3.1358746472
        7.3400103000         2.9000000000         1.4373800759         0.5944392543         2.6704633776
        7.3450104000         2.9000000000         1.4450370565         0.6046467642         2.8699253502
        7.3500116000         2.9000000000         1.4501417102         0.6148542740         3.0028999987
        7.3550132000         2.9000000000         1.4424847297         0.6225099064         2.8034380260
        7.3600105000         2.9000000000         1.4450370565         0.6327174162         2.8699253502
        7.3650093000         2.9000000000         1.4475893834         0.6429249261         2.9364126745
        7.3700082000         2.9000000000         1.4373800759         0.6480286810         2.6704633776
        7.3750179000         2.9000000000         1.4450370565         0.6658918232         2.8699253502
        7.3800168000         2.9000000000         1.4399324028         0.6684437007         2.7369507018
        7.3850116000         2.9000000000         1.4373800759         0.6863068429         2.6704633776
        7.3900079000         2.9000000000         1.4450370565         0.6965143527         2.8699253502
        7.3950121000         2.9000000000         1.4348277491         0.6965143527         2.6039760533
        7.4000105000         2.9000000000         1.4373800759         0.7118256175         2.6704633776
        7.4050101000         2.9000000000         1.4348277491         0.7169293724         2.6039760533
        7.4100106000         2.9000000000         1.4424847297         0.7296887597         2.8034380260
        7.4150090000         2.9000000000         1.4475893834         0.7450000244         2.9364126745
        7.4200099000         2.9000000000         1.4373800759         0.7501037793         2.6704633776
        7.4250094000         2.9000000000         1.4424847297         0.7628631666         2.8034380260
        7.4300110000         2.9000000000         1.4297230954         0.7654150441         2.4710014049
        7.4350088000         2.9000000000         1.4475893834         0.7883819412         2.9364126745
        7.4400113000         2.9000000000         1.4297230954         0.7934856961         2.4710014049
        7.4450126000         2.9000000000         1.4424847297         0.8087969609         2.8034380260
        7.4500119000         2.9000000000         1.4373800759         0.8087969609         2.6704633776
        7.4550158000         2.9000000000         1.4450370565         0.8292119806         2.8699253502
        7.4600340000         2.9000000000         1.4424847297         0.8419713679         2.8034380260
        7.4650082000         2.9000000000         1.4373800759         0.8445232453         2.6704633776
        7.4700125000         2.9000000000         1.4501417102         0.8623863875         3.0028999987
        7.4750100000         2.9000000000         1.4297230954         0.8598345101         2.4710014049
        7.4800075000         2.9000000000         1.4348277491         0.8700420199         2.6039760533
        7.4850126000         2.9000000000         1.4322754222         0.8802495297         2.5374887291
        7.4900100000         2.9000000000         1.4271707685         0.8904570396         2.4045140807
        7.4967959000         2.9000000000         1.4348277491         0.9057683043         2.6039760533
        7.5004012000         2.9000000000         1.4348277491         0.9159758142         2.6039760533
        7.5050112000         2.9000000000         1.4297230954         0.9287352015         2.4710014049
        7.5100110000         2.9000000000         1.4373800759         0.9312870789         2.6704633776
        7.5150094000         2.9000000000         1.4450370565         0.9517020986         2.8699253502
        7.5200102000         2.9000000000         1.4348277491         0.9568058535         2.6039760533
        7.5250106000         2.9000000000         1.4373800759         0.9670133634         2.6704633776
        7.5300098000         2.9000000000         1.4450370565         0.9772208732         2.8699253502
        7.5350111000         2.9000000000         1.4348277491         0.9874283830         2.6039760533
        7.5400090000         2.9000000000         1.4322754222         0.9976358929         2.5374887291
        7.5486620000         2.9000000000         1.4297230954         1.0103952802         2.4710014049
        7.5500077000         2.9000000000         1.4373800759         1.0180509125         2.6704633776
        7.5550131000         2.9000000000         1.4475893834         1.0333621773         2.9364126745
        7.5600101000         2.9000000000         1.4373800759         1.0384659322         2.6704633776
        7.5654990000         2.9000000000         1.4424847297         1.0563290744         2.8034380260
        7.5700109000         2.9000000000         1.4475893834         1.0537771970         2.9364126745
        7.5750114000         2.9000000000         1.4348277491         1.0716403392         2.6039760533
        7.5822416000         2.9000000000         1.4373800759         1.0869516039         2.6704633776
        7.5850098000         2.9000000000         1.4424847297         1.0920553588         2.8034380260
        7.5902977000         2.9000000000         1.4322754222         1.1022628687         2.5374887291
        7.5982367000         2.9000000000         1.4322754222         1.1124703785         2.5374887291
        7.6000095000         2.9000000000         1.4373800759         1.1226778884         2.6704633776
        7.6050113000         2.9000000000         1.4373800759         1.1303335207         2.6704633776
        7.6100073000         2.9000000000         1.4424847297         1.1456447855         2.8034380260
        7.6150086000         2.9000000000         1.4373800759         1.1533004179         2.6704633776
        7.6200113000         2.9000000000         1.4399324028         1.1609560502         2.7369507018
        7.6250083000         2.9000000000         1.4348277491         1.1737154375         2.6039760533
        7.6300104000         2.9000000000         1.4450370565         1.1762673150         2.8699253502
        7.6350103000         2.9000000000         1.4373800759         1.1941304572         2.6704633776
        7.6454280000         2.9000000000         1.4424847297         1.2145454769         2.8034380260
        7.6459542000         2.9000000000         1.4501417102         1.2222011093         3.0028999987
        7.6500097000         2.9000000000         1.4373800759         1.2247529867         2.6704633776
        7.6550098000         2.9000000000         1.4399324028         1.2273048642         2.7369507018
        7.6600165000         2.9000000000         1.4475893834         1.2502717613         2.9364126745
        7.6653518000         2.9000000000         1.4220661148         1.2502717613         2.2715394322
        7.6700091000         2.9000000000         1.4450370565         1.2604792711         2.8699253502
        7.6750080000         2.9000000000         1.4348277491         1.2706867810         2.6039760533
        7.6800096000         2.9000000000         1.4297230954         1.2808942908         2.4710014049
        7.6850099000         2.9000000000         1.4450370565         1.2911018006         2.8699253502
        7.6900110000         2.9000000000         1.4348277491         1.2987574330         2.6039760533
        7.6950103000         2.9000000000         1.4424847297         1.3166205752         2.8034380260
        7.7000112000         2.9000000000         1.4526940371         1.3370355949         3.0693873229
        7.7050262000         2.9000000000         1.4475893834         1.3446912273         2.9364126745
        7.7100080000         2.9000000000         1.4501417102         1.3523468597         3.0028999987
        7.7150100000         2.9000000000         1.4450370565         1.3651062470         2.8699253502
        7.7200094000         2.9000000000         1.4297230954         1.3651062470         2.4710014049
        7.7250150000         2.9000000000         1.4552463639         1.3829693892         3.1358746472
        7.7300118000         2.9000000000         1.4424847297         1.3931768990         2.8034380260
        7.7350110000         2.9000000000         1.4118568074         1.4059362863         2.0055901353
        7.7400124000         2.9000000000         1.4399324028         1.4059362863         2.7369507018
        7.7450062000         2.9000000000         1.4322754222         1.4135919187         2.5374887291
        7.7500111000         2.9000000000         1.4373800759         1.4340069384         2.6704633776
        7.7550073000         2.9000000000         1.4373800759         1.4365588158         2.6704633776
        7.7600126000         2.9000000000         1.4373800759         1.4595257129         2.6704633776
        7.7650067000         2.9000000000         1.4424847297         1.4748369777         2.8034380260
        7.7700110000         2.9000000000         1.4373800759         1.4748369777         2.6704633776
        7.7750200000         2.9000000000         1.4297230954         1.4850444875         2.4710014049
        7.7800075000         2.9000000000         1.4450370565         1.4927001199         2.8699253502
        7.7850074000         2.9000000000         1.4271707685         1.5054595072         2.4045140807
        7.7900072000         2.9000000000         1.4348277491         1.5080113847         2.6039760533
        7.7950101000         2.9000000000         1.4297230954         1.5207707720         2.4710014049
        7.8000130000         2.9000000000         1.4297230954         1.5258745269         2.4710014049
        7.8050110000         2.9000000000         1.4297230954         1.5386339142         2.4710014049
        7.8100098000         2.9000000000         1.4322754222         1.5462895465         2.5374887291
        7.8150118000         2.9000000000         1.4322754222         1.5616008113         2.5374887291
        7.8200111000         2.9000000000         1.4373800759         1.5769120761         2.6704633776
        7.8250109000         2.9000000000         1.4322754222         1.5820158310         2.5374887291
        7.8301774000         2.9000000000         1.4322754222         1.5871195859         2.5374887291
        7.8350125000         2.9000000000         1.4246184417         1.5922233408         2.3380267564
        7.8400188000         2.9000000000         1.4246184417         1.6100864830         2.3380267564
        7.8450068000         2.9000000000         1.4399324028         1.6253977478         2.7369507018
        7.8500195000         2.9000000000         1.4246184417         1.6253977478         2.3380267564
        7.8550074000         2.9000000000         1.4373800759         1.6407090125         2.6704633776
        7.8600067000         2.9000000000         1.4271707685         1.6432608900         2.4045140807
        7.8651500000         2.9000000000         1.4399324028         1.6585721547         2.7369507018
        7.8700075000         2.9000000000         1.4271707685         1.6636759097         2.4045140807
        7.8750065000         2.9000000000         1.4246184417         1.6611240322         2.3380267564
        7.8800093000         2.9000000000         1.4220661148         1.6713315420         2.2715394322
        7.8850094000         2.9000000000         1.4322754222         1.6866428068         2.5374887291
        7.8900137000         2.9000000000         1.4322754222         1.6968503166         2.5374887291
        7.8950160000         2.9000000000         1.4271707685         1.7070578265         2.4045140807
        7.9000087000         2.9000000000         1.4271707685         1.7147134588         2.4045140807
        7.9050114000         2.9000000000         1.4322754222         1.7249209687         2.5374887291
        7.9100316000         2.9000000000         1.4246184417         1.7300247236         2.3380267564
        7.9150046000         2.9000000000         1.4322754222         1.7453359884         2.5374887291
        7.9200050000         2.9000000000         1.4322754222         1.7580953756         2.5374887291
        7.9250059000         2.9000000000         1.4450370565         1.7683028855         2.8699253502
        7.9300086000         2.9000000000         1.4424847297         1.7785103953         2.8034380260
        7.9352280000         2.9000000000         1.4348277491         1.7810622728         2.6039760533
        7.9400063000         2.9000000000         1.4348277491         1.7912697826         2.6039760533
        7.9450112000         2.9000000000         1.4246184417         1.7938216601         2.3380267564
        7.9501072000         2.9000000000         1.4373800759         1.8065810474         2.6704633776
        7.9551269000         2.9000000000         1.4271707685         1.8142366797         2.4045140807
        7.9600073000         2.9000000000         1.4348277491         1.8269960670         2.6039760533
        7.9650130000         2.9000000000         1.4297230954         1.8372035769         2.4710014049
        7.9700129000         2.9000000000         1.4271707685         1.8423073318         2.4045140807
        7.9750108000         2.9000000000         1.4271707685         1.8499629642         2.4045140807
        7.9800126000         2.9000000000         1.4220661148         1.8601704740         2.2715394322
        7.9850140000         2.9000000000         1.4271707685         1.8754817388         2.4045140807
        7.9900122000         2.9000000000         1.4373800759         1.8882411261         2.6704633776
        7.9950437000         2.9000000000         1.4297230954         1.8907930035         2.4710014049
        8.0000210000         2.9000000000         1.4246184417         1.8958967584         2.3380267564
        8.0050084000         2.9000000000         1.4271707685         1.9112080232         2.4045140807
        8.0101649000         2.9000000000         1.4348277491         1.9188636556         2.6039760533
        8.0150182000         2.9000000000         1.4297230954         1.9290711654         2.4710014049
        8.0200216000         2.9000000000         1.4271707685         1.9392786752         2.4045140807
        8.0250710000         2.9000000000         1.4297230954         1.9494861851         2.4710014049
        8.0300987000         2.9000000000         1.4195137880         1.9571418174         2.2050521080
        8.0350214000         2.9000000000         1.4271707685         1.9596936949         2.4045140807
        8.0403229000         2.9000000000         1.4399324028         1.9826605920         2.7369507018
        8.0452365000         2.9000000000         1.4297230954         1.9928681019         2.4710014049
        8.0501180000         2.9000000000         1.4373800759         1.9954199793         2.6704633776
        8.0551543000         2.9000000000         1.4297230954         2.0056274892         2.4710014049
        8.0600980000         2.9000000000         1.4297230954         2.0132831215         2.4710014049
        8.0650107000         2.9000000000         1.4399324028         2.0260425088         2.7369507018
        8.0700164000         2.9000000000         1.4348277491         2.0336981412         2.6039760533
        8.0750210000         2.9000000000         1.4271707685         2.0362500187         2.4045140807
        8.0800118000         2.9000000000         1.4322754222         2.0464575285         2.5374887291
        8.0850145000         2.9000000000         1.4424847297         2.0694244256         2.8034380260
        8.0900083000         2.9000000000         1.4246184417         2.0694244256         2.3380267564
        8.0951112000         2.9000000000         1.4322754222         2.0796319355         2.5374887291
        8.1000139000         2.9000000000         1.4424847297         2.0923913228         2.8034380260
        8.1050120000         2.9000000000         1.4399324028         2.1077025875         2.7369507018
        8.1100090000         2.9000000000         1.4348277491         2.1153582199         2.6039760533
        8.1151313000         2.9000000000         1.4399324028         2.1230138523         2.7369507018
        8.1200107000         2.9000000000         1.4297230954         2.1281176072         2.4710014049
        8.1251826000         2.9000000000         1.4424847297         2.1408769945         2.8034380260
        8.1300069000         2.9000000000         1.4297230954         2.1536363818         2.4710014049
        8.1350104000         2.9000000000         1.4348277491         2.1587401367         2.6039760533
        8.1400167000         2.9000000000         1.4348277491         2.1714995240         2.6039760533
        8.1450108000         2.9000000000         1.4399324028         2.1842589113         2.7369507018
        8.1500130000         2.9000000000         1.4373800759         2.1893626662         2.6704633776
        8.1550082000         2.9000000000         1.4297230954         2.1970182986         2.4710014049
        8.1600090000         2.9000000000         1.4450370565         2.2199851957         2.8699253502
        8.1650418000         2.9000000000         1.4322754222         2.2199851957         2.5374887291
        8.1700186000         2.9000000000         1.4271707685         2.2276408281         2.4045140807
        8.1750061000         2.9000000000         1.4373800759         2.2378483379         2.6704633776
        8.1800058000         2.9000000000         1.4322754222         2.2506077252         2.5374887291
        8.1850085000         2.9000000000         1.4373800759         2.2633671125         2.6704633776
        8.1900065000         2.9000000000         1.4322754222         2.2710227449         2.5374887291
        8.1950082000         2.9000000000         1.4348277491         2.2761264998         2.6039760533
        8.2001833000         2.9000000000         1.4297230954         2.2837821322         2.4710014049
        8.2050109000         2.9000000000         1.4373800759         2.3041971519         2.6704633776
        8.2100081000         2.9000000000         1.4271707685         2.3041971519         2.4045140807
        8.2151467000         2.9000000000         1.4424847297         2.3220602941         2.8034380260
        8.2200117000         2.9000000000         1.4373800759         2.3246121715         2.6704633776
        8.2250149000         2.9000000000         1.4348277491         2.3348196814         2.6039760533
        8.2300535000         2.9000000000         1.4322754222         2.3399234363         2.5374887291
        8.2353788000         2.9000000000         1.4322754222         2.3526828236         2.5374887291
        8.2400267000         2.9000000000         1.4373800759         2.3654422109         2.6704633776
        8.2458314000         2.9000000000         1.4424847297         2.3833053531         2.8034380260
        8.2512911000         2.9000000000         1.4373800759         2.3935128629         2.6704633776
        8.2550079000         2.9000000000         1.4322754222         2.3884091080         2.5374887291
        8.2619734000         2.9000000000         1.4424847297         2.4113760052         2.8034380260
        8.2661059000         2.9000000000         1.4348277491         2.4266872699         2.6039760533
        8.2703302000         2.9000000000         1.4322754222         2.4292391474         2.5374887291
        8.2750093000         2.9000000000         1.4373800759         2.4368947797         2.6704633776
        8.2800925000         2.9000000000         1.4348277491         2.4419985347         2.6039760533
        8.2853055000         2.9000000000         1.4373800759         2.4573097994         2.6704633776
        8.2901855000         2.9000000000         1.4501417102         2.4726210642         3.0028999987
        8.2950172000         2.9000000000         1.4399324028         2.4777248191         2.7369507018
        8.3000160000         2.9000000000         1.4373800759         2.4853804515         2.6704633776
        8.3050213000         2.9000000000         1.4348277491         2.4981398388         2.6039760533
        8.3100457000         2.9000000000         1.4399324028         2.5083473486         2.7369507018
        8.3151813000         2.9000000000         1.4373800759         2.5160029810         2.6704633776
        8.3200174000         2.9000000000         1.4348277491         2.5262104908         2.6039760533
        8.3250133000         2.9000000000         1.4373800759         2.5389698781         2.6704633776
        8.3300072000         2.9000000000         1.4475893834         2.5593848978         2.9364126745
        8.3350150000         2.9000000000         1.4373800759         2.5619367752         2.6704633776
        8.3400152000         2.9000000000         1.4373800759         2.5721442851         2.6704633776
        8.3450488000         2.9000000000         1.4348277491         2.5695924076         2.6039760533
        8.3500077000         2.9000000000         1.4271707685         2.5823517949         2.4045140807
        8.3550891000         2.9000000000         1.4399324028         2.6002149371         2.7369507018
        8.3601299000         2.9000000000         1.4246184417         2.6027668146         2.3380267564
        8.3654641000         2.9000000000         1.4399324028         2.6257337117         2.7369507018
        8.3700067000         2.9000000000         1.4450370565         2.6359412215         2.8699253502
        8.3758213000         2.9000000000         1.4424847297         2.6461487314         2.8034380260
        8.3800190000         2.9000000000         1.4348277491         2.6487006088         2.6039760533
        8.3850115000         2.9000000000         1.4399324028         2.6640118736         2.7369507018
        8.3901198000         2.9000000000         1.4297230954         2.6691156285         2.4710014049
        8.3950117000         2.9000000000         1.4348277491         2.6869787707         2.6039760533
        8.4000486000         2.9000000000         1.4399324028         2.6895306482         2.7369507018
        8.4050147000         2.9000000000         1.4348277491         2.6946344031         2.6039760533
        8.4100146000         2.9000000000         1.4297230954         2.6997381580         2.4710014049
        8.4150069000         2.9000000000         1.4373800759         2.7201531777         2.6704633776
        8.4200140000         2.9000000000         1.4271707685         2.7227050552         2.4045140807
        8.4250128000         2.9000000000         1.4373800759         2.7380163199         2.6704633776
        8.4300103000         2.9000000000         1.4246184417         2.7380163199         2.3380267564
        8.4350100000         2.9000000000         1.4322754222         2.7533275847         2.5374887291
        8.4400084000         2.9000000000         1.4373800759         2.7660869720         2.6704633776
        8.4450074000         2.9000000000         1.4271707685         2.7737426043         2.4045140807
        8.4503445000         2.9000000000         1.4373800759         2.7890538691         2.6704633776
        8.4550072000         2.9000000000         1.4271707685         2.7916057465         2.4045140807
        8.4618474000         2.9000000000         1.4297230954         2.8043651338         2.4710014049
        8.4650123000         2.9000000000         1.4246184417         2.8094688888         2.3380267564
        8.4708102000         2.9000000000         1.4348277491         2.8298839084         2.6039760533
        8.4750091000         2.9000000000         1.4220661148         2.8222282761         2.2715394322
        8.4800069000         2.9000000000         1.4322754222         2.8375395408         2.5374887291
        8.4851693000         2.9000000000         1.4220661148         2.8426432957         2.2715394322
        8.4900084000         2.9000000000         1.4271707685         2.8528508056         2.4045140807
        8.4950070000         2.9000000000         1.4322754222         2.8732658252         2.5374887291
        8.5000083000         2.9000000000         1.4297230954         2.8732658252         2.4710014049
        8.5052292000         2.9000000000         1.4322754222         2.8809214576         2.5374887291
        8.5100097000         2.9000000000         1.4246184417         2.8936808449         2.3380267564
        8.5150198000         2.9000000000         1.4373800759         2.9089921097         2.6704633776
        8.5200072000         2.9000000000         1.4195137880         2.9013364773         2.2050521080
        8.5250075000         2.9000000000         1.4271707685         2.9166477420         2.4045140807
        8.5300073000         2.9000000000         1.4399324028         2.9396146392         2.7369507018
        8.5350063000         2.9000000000         1.4348277491         2.9447183941         2.6039760533
        8.5400057000         2.9000000000         1.4322754222         2.9523740265         2.5374887291
        8.5450104000         2.9000000000         1.4373800759         2.9676852912         2.6704633776
        8.5500096000         2.9000000000         1.4297230954         2.9676852912         2.4710014049
        8.5550091000         2.9000000000         1.4373800759         2.9855484334         2.6704633776
        8.5600728000         2.9000000000         1.4348277491         2.9906521883         2.6039760533
        8.5650078000         2.9000000000         1.4271707685         2.9957559433         2.4045140807
        8.5700067000         2.9000000000         1.4322754222         3.0059634531         2.5374887291
        8.5750062000         2.9000000000         1.4373800759         3.0212747179         2.6704633776
        8.5800325000         2.9000000000         1.4399324028         3.0289303502         2.7369507018
        8.5850089000         2.9000000000         1.4271707685         3.0340341051         2.4045140807
        8.5901403000         2.9000000000         1.4322754222         3.0467934924         2.5374887291
        8.5950097000         2.9000000000         1.4373800759         3.0544491248         2.6704633776
        8.6000147000         2.9000000000         1.4271707685         3.0544491248         2.4045140807
        8.6050067000         2.9000000000         1.4271707685         3.0621047572         2.4045140807
        8.6100061000         2.9000000000         1.4348277491         3.0799678994         2.6039760533
        8.6150066000         2.9000000000         1.4271707685         3.0901754092         2.4045140807
        8.6200081000         2.9000000000         1.4348277491         3.1003829191         2.6039760533
        8.6250072000         2.9000000000         1.4246184417         3.1080385515         2.3380267564
        8.6300068000         2.9000000000         1.4271707685         3.1182460613         2.4045140807
        8.6350060000         2.9000000000         1.4348277491         3.1284535711         2.6039760533
        8.6400132000         2.9000000000         1.4271707685         3.1310054486         2.4045140807
        8.6450086000         2.9000000000         1.4424847297         3.1514204683         2.8034380260
        8.6500620000         2.9000000000         1.4399324028         3.1565242232         2.7369507018
        8.6550068000         2.9000000000         1.4450370565         3.1616279781         2.8699253502
        8.6600060000         2.9000000000         1.4297230954         3.1718354879         2.4710014049
        8.6650072000         2.9000000000         1.4475893834         3.1922505076         2.9364126745
        8.6700146000         2.9000000000         1.4118568074         3.1973542625         2.0055901353
        8.6751714000         2.9000000000         1.4348277491         3.2050098949         2.6039760533
        8.6800087000         2.9000000000         1.4348277491         3.2126655273         2.6039760533
        8.6850108000         2.9000000000         1.4322754222         3.2203211597         2.5374887291
        8.6900471000         2.9000000000         1.4424847297         3.2432880568         2.8034380260
        8.6950041000         2.9000000000         1.4526940371         3.2560474441         3.0693873229
        8.7000069000         2.9000000000         1.4348277491         3.2534955666         2.6039760533
        8.7050066000         2.9000000000         1.4348277491         3.2688068314         2.6039760533
        8.7101564000         2.9000000000         1.4373800759         3.2790143412         2.6704633776
        8.7150898000         2.9000000000         1.4373800759         3.2892218510         2.6704633776
        8.7200109000         2.9000000000         1.4373800759         3.2994293609         2.6704633776
        8.7254948000         2.9000000000         1.4399324028         3.3172925031         2.7369507018
        8.7301759000         2.9000000000         1.4399324028         3.3147406256         2.7369507018
        8.7350087000         2.9000000000         1.4322754222         3.3300518904         2.5374887291
        8.7400107000         2.9000000000         1.4373800759         3.3402594002         2.6704633776
        8.7460715000         2.9000000000         1.4322754222         3.3504669101         2.5374887291
        8.7500099000         2.9000000000         1.4348277491         3.3581225424         2.6039760533
        8.7550337000         2.9000000000         1.4373800759         3.3708819297         2.6704633776
        8.7600090000         2.9000000000         1.4399324028         3.3836413170         2.7369507018
        8.7650094000         2.9000000000         1.4322754222         3.3912969494         2.5374887291
        8.7700085000         2.9000000000         1.4348277491         3.3964007043         2.6039760533
        8.7759157000         2.9000000000         1.4399324028         3.4142638465         2.7369507018
        8.7801285000         2.9000000000         1.4348277491         3.4168157240         2.6039760533
        8.7850156000         2.9000000000         1.4322754222         3.4270232338         2.5374887291
        8.7900092000         2.9000000000         1.4399324028         3.4346788662         2.7369507018
        8.7950336000         2.9000000000         1.4322754222         3.4448863760         2.5374887291
        8.8001890000         2.9000000000         1.4297230954         3.4525420084         2.4710014049
        8.8053589000         2.9000000000         1.4322754222         3.4653013957         2.5374887291
        8.8100106000         2.9000000000         1.4399324028         3.4831645379         2.7369507018
        8.8150087000         2.9000000000         1.4348277491         3.4857164154         2.6039760533
        8.8208211000         2.9000000000         1.4322754222         3.5035795576         2.5374887291
        8.8250081000         2.9000000000         1.4348277491         3.5086833125         2.6039760533
        8.8300441000         2.9000000000         1.4399324028         3.5214426998         2.7369507018
        8.8350061000         2.9000000000         1.4373800759         3.5265464547         2.6704633776
        8.8400063000         2.9000000000         1.4373800759         3.5367539646         2.6704633776
        8.8450068000         2.9000000000         1.4399324028         3.5520652293         2.7369507018
        8.8500131000         2.9000000000         1.4322754222         3.5495133519         2.5374887291
        8.8550072000         2.9000000000         1.4348277491         3.5648246166         2.6039760533
        8.8600069000         2.9000000000         1.4297230954         3.5673764941         2.4710014049
        8.8650286000         2.9000000000         1.4373800759         3.5852396363         2.6704633776
        8.8700119000         2.9000000000         1.4322754222         3.5928952687         2.5374887291
        8.8750080000         2.9000000000         1.4373800759         3.5979990236         2.6704633776
        8.8800106000         2.9000000000         1.4373800759         3.6133102883         2.6704633776
        8.8850107000         2.9000000000         1.4373800759         3.6235177982         2.6704633776
        8.8900097000         2.9000000000         1.4373800759         3.6337253080         2.6704633776
        8.8952876000         2.9000000000         1.4373800759         3.6464846953         2.6704633776
        8.9000175000         2.9000000000         1.4373800759         3.6592440826         2.6704633776
        8.9050106000         2.9000000000         1.4450370565         3.6745553474         2.8699253502
        8.9100128000         2.9000000000         1.4348277491         3.6694515924         2.6039760533
        8.9151456000         2.9000000000         1.4475893834         3.6949703670         2.9364126745
        8.9200162000         2.9000000000         1.4373800759         3.6975222445         2.6704633776
        8.9250179000         2.9000000000         1.4297230954         3.7000741219         2.4710014049
        8.9300633000         2.9000000000         1.4424847297         3.7179372642         2.8034380260
        8.9352361000         2.9000000000         1.4322754222         3.7204891416         2.5374887291
        8.9400155000         2.9000000000         1.4373800759         3.7383522838         2.6704633776
        8.9450094000         2.9000000000         1.4322754222         3.7460079162         2.5374887291
        8.9500186000         2.9000000000         1.4246184417         3.7511116711         2.3380267564
        8.9550120000         2.9000000000         1.4424847297         3.7689748133         2.8034380260
        8.9600188000         2.9000000000         1.4373800759         3.7766304457         2.6704633776
        8.9650163000         2.9000000000         1.4348277491         3.7893898330         2.6039760533
        8.9700178000         2.9000000000         1.4271707685         3.7944935879         2.4045140807
        8.9750872000         2.9000000000         1.4501417102         3.8149086076         3.0028999987
        8.9810029000         2.9000000000         1.4424847297         3.8276679949         2.8034380260
        8.9850201000         2.9000000000         1.4348277491         3.8276679949         2.6039760533
        8.9900199000         2.9000000000         1.4348277491         3.8378755047         2.6039760533
        8.9951878000         2.9000000000         1.4271707685         3.8429792597         2.4045140807
        9.0000184000         2.9000000000         1.4348277491         3.8582905244         2.6039760533
        9.0051930000         2.9000000000         1.4297230954         3.8659461568         2.4710014049
        9.0100148000         2.9000000000         1.4348277491         3.8787055441         2.6039760533
        9.0150491000         2.9000000000         1.4399324028         3.8940168088         2.7369507018
        9.0200129000         2.9000000000         1.4348277491         3.8965686863         2.6039760533
        9.0250170000         2.9000000000         1.4322754222         3.9067761961         2.5374887291
        9.0300128000         2.9000000000         1.4348277491         3.9144318285         2.6039760533
        9.0350131000         2.9000000000         1.4424847297         3.9322949707         2.8034380260
        9.0400138000         2.9000000000         1.4348277491         3.9348468482         2.6039760533
        9.0450197000         2.9000000000         1.4348277491         3.9450543580         2.6039760533
        9.0510356000         2.9000000000         1.4297230954         3.9552618679         2.4710014049
        9.0553542000         2.9000000000         1.4322754222         3.9629175002         2.5374887291
        9.0600093000         2.9000000000         1.4271707685         3.9680212551         2.4045140807
        9.0650112000         2.9000000000         1.4271707685         3.9731250101         2.4045140807
        9.0700091000         2.9000000000         1.4373800759         3.9909881523         2.6704633776
        9.0750123000         2.9000000000         1.4348277491         3.9986437847         2.6039760533
        9.0800142000         2.9000000000         1.4297230954         4.0165069269         2.4710014049
        9.0850100000         2.9000000000         1.4322754222         4.0139550494         2.5374887291
        9.0900124000         2.9000000000         1.4373800759         4.0318181916         2.6704633776
        9.0950136000         2.9000000000         1.4399324028         4.0471294564         2.7369507018
        9.1000106000         2.9000000000         1.4373800759         4.0547850888         2.6704633776
        9.1050083000         2.9000000000         1.4399324028         4.0649925986         2.7369507018
        9.1100078000         2.9000000000         1.4322754222         4.0675444760         2.5374887291
        9.1150098000         2.9000000000         1.4399324028         4.0828557408         2.7369507018
        9.1200123000         2.9000000000         1.4348277491         4.0879594957         2.6039760533
        9.1250094000         2.9000000000         1.4246184417         4.0930632506         2.3380267564
        9.1300077000         2.9000000000         1.4246184417         4.0956151281         2.3380267564
        9.1350095000         2.9000000000         1.4246184417         4.1083745154         2.3380267564
        9.1400136000         2.9000000000         1.4373800759         4.1287895351         2.6704633776
        9.1450141000         2.9000000000         1.4322754222         4.1338932900         2.5374887291
        9.1500081000         2.9000000000         1.4373800759         4.1466526773         2.6704633776
        9.1550097000         2.9000000000         1.4246184417         4.1543083097         2.3380267564
        9.1600142000         2.9000000000         1.4399324028         4.1594120646         2.7369507018
        9.1650100000         2.9000000000         1.4271707685         4.1645158195         2.4045140807
        9.1700205000         2.9000000000         1.4271707685         4.1798270842         2.4045140807
        9.1750080000         2.9000000000         1.4297230954         4.1900345941         2.4710014049
        9.1800114000         2.9000000000         1.4271707685         4.1951383490         2.4045140807
        9.1850097000         2.9000000000         1.4322754222         4.2078977363         2.5374887291
        9.1900407000         2.9000000000         1.4297230954         4.2206571236         2.4710014049
        9.1950089000         2.9000000000         1.4399324028         4.2334165109         2.7369507018
        9.2000072000         2.9000000000         1.4297230954         4.2334165109         2.4710014049
        9.2050090000         2.9000000000         1.4348277491         4.2461758982         2.6039760533
        9.2100249000         2.9000000000         1.4348277491         4.2589352855         2.6039760533
        9.2150105000         2.9000000000         1.4322754222         4.2589352855         2.5374887291
        9.2200132000         2.9000000000         1.4322754222         4.2767984277         2.5374887291
        9.2250104000         2.9000000000         1.4399324028         4.2844540601         2.7369507018
        9.2300077000         2.9000000000         1.4322754222         4.2921096924         2.5374887291
        9.2350083000         2.9000000000         1.4399324028         4.3048690797         2.7369507018
        9.2403485000         2.9000000000         1.4450370565         4.3252840994         2.8699253502
        9.2451460000         2.9000000000         1.4373800759         4.3278359769         2.6704633776
        9.2500260000         2.9000000000         1.4475893834         4.3431472416         2.9364126745
        9.2550186000         2.9000000000         1.4322754222         4.3456991191         2.5374887291
        9.2601941000         2.9000000000         1.4348277491         4.3584585064         2.6039760533
        9.2650096000         2.9000000000         1.4297230954         4.3610103838         2.4710014049
        9.2700062000         2.9000000000         1.4348277491         4.3763216486         2.6039760533
        9.2750088000         2.9000000000         1.4348277491         4.3814254035         2.6039760533
        9.2800100000         2.9000000000         1.4297230954         4.3941847908         2.4710014049
        9.2850098000         2.9000000000         1.4322754222         4.4043923006         2.5374887291
        9.2900082000         2.9000000000         1.4424847297         4.4248073203         2.8034380260
        9.2950089000         2.9000000000         1.4271707685         4.4248073203         2.4045140807
        9.3000120000         2.9000000000         1.4322754222         4.4375667076         2.5374887291
        9.3050076000         2.9000000000         1.4373800759         4.4477742174         2.6704633776
        9.3101165000         2.9000000000         1.4271707685         4.4503260949         2.4045140807
        9.3150103000         2.9000000000         1.4271707685         4.4630854822         2.4045140807
        9.3200091000         2.9000000000         1.4271707685         4.4732929920         2.4045140807
        9.3250162000         2.9000000000         1.4450370565         4.4937080117         2.8699253502
        9.3301100000         2.9000000000         1.4373800759         4.5039155215         2.6704633776
        9.3350073000         2.9000000000         1.4348277491         4.5064673990         2.6039760533
        9.3400072000         2.9000000000         1.4322754222         4.5192267863         2.5374887291
        9.3450104000         2.9000000000         1.4348277491         4.5294342961         2.6039760533
        9.3500104000         2.9000000000         1.4297230954         4.5294342961         2.4710014049
        9.3556151000         2.9000000000         1.4271707685         4.5447455609         2.4045140807
        9.3600290000         2.9000000000         1.4424847297         4.5626087031         2.8034380260
        9.3650083000         2.9000000000         1.4450370565         4.5779199678         2.8699253502
        9.3700070000         2.9000000000         1.4322754222         4.5830237228         2.5374887291
        9.3750086000         2.9000000000         1.4373800759         4.5881274777         2.6704633776
        9.3800270000         2.9000000000         1.4322754222         4.5932312326         2.5374887291
        9.3850093000         2.9000000000         1.4373800759         4.6085424974         2.6704633776
        9.3900083000         2.9000000000         1.4373800759         4.6213018847         2.6704633776
        9.3950106000         2.9000000000         1.4348277491         4.6315093945         2.6039760533
        9.4000087000         2.9000000000         1.4348277491         4.6417169043         2.6039760533
        9.4050084000         2.9000000000         1.4373800759         4.6493725367         2.6704633776
        9.4100494000         2.9000000000         1.4348277491         4.6595800465         2.6039760533
        9.4150069000         2.9000000000         1.4348277491         4.6697875564         2.6039760533
        9.4200094000         2.9000000000         1.4322754222         4.6825469437         2.5374887291
        9.4250101000         2.9000000000         1.4424847297         4.7004100859         2.8034380260
        9.4300050000         2.9000000000         1.4399324028         4.7080657183         2.7369507018
        9.4350055000         2.9000000000         1.4271707685         4.7055138408         2.4045140807
        9.4400053000         2.9000000000         1.4348277491         4.7208251056         2.6039760533
        9.4450047000         2.9000000000         1.4475893834         4.7386882478         2.9364126745
        9.4500682000         2.9000000000         1.4322754222         4.7386882478         2.5374887291
        9.4550131000         2.9000000000         1.4450370565         4.7591032674         2.8699253502
        9.4600063000         2.9000000000         1.4399324028         4.7693107773         2.7369507018
        9.4650065000         2.9000000000         1.4322754222         4.7693107773         2.5374887291
        9.4700249000         2.9000000000         1.4271707685         4.7820701646         2.4045140807
        9.4750034000         2.9000000000         1.4322754222         4.7897257969         2.5374887291
        9.4800060000         2.9000000000         1.4399324028         4.8126926941         2.7369507018
        9.4850112000         2.9000000000         1.4348277491         4.8126926941         2.6039760533
        9.4901032000         2.9000000000         1.4373800759         4.8280039588         2.6704633776
        9.4950577000         2.9000000000         1.4424847297         4.8356595912         2.8034380260
        9.5000071000         2.9000000000         1.4373800759         4.8484189785         2.6704633776
        9.5050063000         2.9000000000         1.4399324028         4.8586264883         2.7369507018
        9.5100069000         2.9000000000         1.4475893834         4.8739377531         2.9364126745
        9.5150063000         2.9000000000         1.4424847297         4.8841452629         2.8034380260
        9.5200081000         2.9000000000         1.4399324028         4.8918008953         2.7369507018
        9.5250071000         2.9000000000         1.4322754222         4.8943527728         2.5374887291
        9.5300327000         2.9000000000         1.4475893834         4.9198715474         2.9364126745
        9.5350677000         2.9000000000         1.4348277491         4.9173196699         2.6039760533
        9.5400114000         2.9000000000         1.4373800759         4.9351828121         2.6704633776
        9.5451730000         2.9000000000         1.4450370565         4.9453903219         2.8699253502
        9.5500091000         2.9000000000         1.4399324028         4.9555978318         2.7369507018
        9.5550095000         2.9000000000         1.4399324028         4.9683572191         2.7369507018
        9.5600863000         2.9000000000         1.4501417102         4.9836684838         3.0028999987
        9.5650093000         2.9000000000         1.4424847297         4.9887722387         2.8034380260
        9.5700101000         2.9000000000         1.4373800759         4.9964278711         2.6704633776
        9.5750072000         2.9000000000         1.4373800759         5.0040835035         2.6704633776
        9.5800070000         2.9000000000         1.4322754222         5.0015316260         2.5374887291
        9.5850114000         2.9000000000         1.4424847297         5.0066353810         2.8034380260
        9.5900095000         2.9000000000         1.4399324028         5.0066353810         2.7369507018
        9.5950065000         2.9000000000         1.4399324028         5.0117391359         2.7369507018
        9.6000120000         2.9000000000         1.4373800759         5.0015316260         2.6704633776
        9.6050079000         2.9000000000         1.4373800759         5.0066353810         2.6704633776
        9.6100060000         2.9000000000         1.4348277491         5.0066353810         2.6039760533
        9.6150105000         2.9000000000         1.4424847297         5.0066353810         2.8034380260
        9.6200065000         2.9000000000         1.4475893834         5.0117391359         2.9364126745
        9.6250077000         2.9000000000         1.4475893834         5.0066353810         2.9364126745
        9.6300074000         2.9000000000         1.4373800759         5.0040835035         2.6704633776
        9.6350718000         2.9000000000         1.4297230954         1.1022628687         2.4710014049
        9.6400196000         2.9000000000         1.4322754222         1.1048147461         2.5374887291
        9.6450104000         2.9000000000         1.4399324028         1.1099185011         2.7369507018
        9.6500416000         2.9000000000         1.4399324028         1.1073666236         2.7369507018
        9.6550058000         2.9000000000         1.4297230954         1.1048147461         2.4710014049
        9.6601773000         2.9000000000         1.4220661148         1.1022628687         2.2715394322
        9.6650112000         2.9000000000         1.4475893834         0.0049555613         2.9364126745
        9.6700122000         2.9000000000         1.4399324028        -0.0001481936         2.7369507018
        9.6750068000         2.9000000000         1.4424847297         0.0049555613         2.8034380260
        9.6800097000         2.9000000000         1.4424847297         0.0075074388         2.8034380260
        9.6850097000         2.9000000000         1.4475893834         0.0049555613         2.9364126745
        9.6900151000         2.9000000000         1.4322754222        -0.0052519485         2.5374887291
        9.6950063000         2.9000000000         1.4348277491         0.0024036839         2.6039760533
        9.7000070000         2.9000000000         1.4424847297         0.0024036839         2.8034380260
        9.7050106000         2.9000000000         1.4322754222        -0.0001481936         2.5374887291
        9.7100461000         2.9000000000         1.4399324028         0.0024036839         2.7369507018
        9.7151193000         2.9000000000         1.4271707685        -0.0052519485         2.4045140807
        9.7200052000         2.9000000000         1.4271707685        -0.0052519485         2.4045140807
        9.7250081000         2.9000000000         1.4297230954         0.0049555613         2.4710014049
        9.7300056000         2.9000000000         1.4067521537         0.0279224584         1.8726154868
        9.7352530000         2.9000000000         1.4348277491         0.0304743359         2.6039760533
        9.7400074000         2.9000000000         1.4399324028         0.0355780908         2.7369507018
        9.7450101000         2.9000000000         1.4067521537         0.0508893556         1.8726154868
        9.7501928000         2.9000000000         1.4373800759         0.0687524978         2.6704633776
        9.7550065000         2.9000000000         1.4297230954         0.0738562527         2.4710014049
        9.7600100000         2.9000000000         1.4399324028         0.0815118851         2.7369507018
        9.7650069000         2.9000000000         1.4373800759         0.0993750273         2.6704633776
        9.7700190000         2.9000000000         1.4373800759         0.1019269048         2.6704633776
        9.7750077000         2.9000000000         1.4322754222         0.1070306597         2.5374887291
        9.7800085000         2.9000000000         1.4348277491         0.1172381695         2.6039760533
        9.7850137000         2.9000000000         1.4373800759         0.1299975568         2.6704633776
        9.7900264000         2.9000000000         1.4322754222         0.1376531892         2.5374887291
        9.7950124000         2.9000000000         1.4348277491         0.1529644539         2.6039760533
        9.8000111000         2.9000000000         1.4348277491         0.1606200863         2.6039760533
        9.8050110000         2.9000000000         1.4373800759         0.1759313511         2.6704633776
        9.8100105000         2.9000000000         1.4450370565         0.1912426158         2.8699253502
        9.8150114000         2.9000000000         1.4271707685         0.1912426158         2.4045140807
        9.8200093000         2.9000000000         1.4373800759         0.2065538806         2.6704633776
        9.8250097000         2.9000000000         1.4373800759         0.2116576355         2.6704633776
        9.8300088000         2.9000000000         1.4271707685         0.2218651453         2.4045140807
        9.8350104000         2.9000000000         1.4475893834         0.2473839199         2.9364126745
        9.8400103000         2.9000000000         1.4501417102         0.2550395523         3.0028999987
        9.8450061000         2.9000000000         1.4450370565         0.2677989396         2.8699253502
        9.8500113000         2.9000000000         1.4424847297         0.2729026945         2.8034380260
        9.8550068000         2.9000000000         1.4399324028         0.2805583269         2.7369507018
        9.8600079000         2.9000000000         1.4424847297         0.3009733466         2.8034380260
        9.8650077000         2.9000000000         1.4322754222         0.2958695916         2.5374887291
        9.8700233000         2.9000000000         1.4373800759         0.3162846113         2.6704633776
        9.8750095000         2.9000000000         1.4399324028         0.3290439986         2.7369507018
        9.8800076000         2.9000000000         1.4348277491         0.3290439986         2.6039760533
        9.8850109000         2.9000000000         1.4450370565         0.3520108957         2.8699253502
        9.8900104000         2.9000000000         1.4399324028         0.3596665281         2.7369507018
        9.8950141000         2.9000000000         1.4424847297         0.3673221605         2.8034380260
        9.9000164000         2.9000000000         1.4450370565         0.3826334252         2.8699253502
        9.9050079000         2.9000000000         1.4399324028         0.3851853027         2.7369507018
        9.9100121000         2.9000000000         1.4399324028         0.4030484449         2.7369507018
        9.9150043000         2.9000000000         1.4373800759         0.4081521998         2.6704633776
        9.9200096000         2.9000000000         1.4297230954         0.4132559548         2.4710014049
        9.9250112000         2.9000000000         1.4322754222         0.4285672195         2.5374887291
        9.9300098000         2.9000000000         1.4450370565         0.4438784843         2.8699253502
        9.9350087000         2.9000000000         1.4322754222         0.4438784843         2.5374887291
        9.9400079000         2.9000000000         1.4348277491         0.4540859941         2.6039760533
        9.9450101000         2.9000000000         1.4373800759         0.4693972588         2.6704633776
        9.9500123000         2.9000000000         1.4322754222         0.4796047687         2.5374887291
        9.9550118000         2.9000000000         1.4424847297         0.4847085236         2.8034380260
        9.9600111000         2.9000000000         1.4322754222         0.4974679109         2.5374887291
        9.9650063000         2.9000000000         1.4322754222         0.5051235433         2.5374887291
        9.9700099000         2.9000000000         1.4475893834         0.5306423179         2.9364126745
        9.9750074000         2.9000000000         1.4373800759         0.5331941953         2.6704633776
        9.9800211000         2.9000000000         1.4450370565         0.5510573375         2.8699253502
        9.9850106000         2.9000000000         1.4297230954         0.5536092150         2.4710014049
        9.9900088000         2.9000000000         1.4348277491         0.5638167248         2.6039760533
        9.9950114000         2.9000000000         1.4373800759         0.5765761121         2.6704633776
