% Motor Sweep Step 22/50
% Vcmd       = 1.4000 [V]
% Direction  = CCW
% Vg_offset  = 1.334866 [V]
% K_gimbal   = 26.049690 [(rad/s)/V]

Time[s]              Vcmd[V]              Vg_raw[V]            Pot[V]               Omega[rad/s]
        0.0000162000         1.4000000000         1.3301823480         2.2148814408        -0.1220042400
        0.0050082000         1.4000000000         1.3301823480         2.2148814408        -0.1220042400
        0.0100044000         1.4000000000         1.3378393285         2.2174333183         0.0774577327
        0.0150077000         1.4000000000         1.3301823480         2.2174333183        -0.1220042400
        0.0200364000         1.4000000000         1.1081299115         2.2097776859        -5.9064014477
        0.0250084000         1.4000000000         1.1362055069         2.1919145437        -5.1750408812
        0.0300058000         1.4000000000         1.1464148143         2.1612920142        -4.9090915843
        0.0350115000         1.4000000000         1.1055775846         2.1510845043        -5.9728887719
        0.0400087000         1.4000000000         1.0749496623         2.1255657297        -6.7707366626
        0.0450100000         1.4000000000         1.0979206040         2.0847356904        -6.1723507446
        0.0500080000         1.4000000000         1.0596357012         2.0745281806        -7.1696606080
        0.0550066000         1.4000000000         1.0468740669         2.0388018961        -7.5020972291
        0.0600066000         1.4000000000         1.0392170863         2.0056274892        -7.7015592018
        0.0650068000         1.4000000000         1.0264554521         1.9775568371        -8.0339958229
        0.0700045000         1.4000000000         1.0366647595         1.9545899400        -7.7680465260
        0.0750078000         1.4000000000         1.0213507983         1.9239674105        -8.1669704714
        0.0800099000         1.4000000000         1.0034845104         1.8856892486        -8.6323817410
        0.0850082000         1.4000000000         1.0085891641         1.8499629642        -8.4994070925
        0.0900045000         1.4000000000         0.9983798566         1.8193404347        -8.7653563894
        0.0950061000         1.4000000000         0.9932752029         1.7861660277        -8.8983310379
        0.1000052000         1.4000000000         0.9728565881         1.7427841109        -9.4302296317
        0.1050066000         1.4000000000         0.9728565881         1.7121615814        -9.4302296317
        0.1100051000         1.4000000000         0.9754089149         1.6891946843        -9.3637423075
        0.1150065000         1.4000000000         0.9549903001         1.6432608900        -9.8956409013
        0.1200062000         1.4000000000         0.9575426269         1.6100864830        -9.8291535771
        0.1250071000         1.4000000000         0.9575426269         1.5667045662        -9.8291535771
        0.1300061000         1.4000000000         0.9422286658         1.5335301593       -10.2280775224
        0.1350078000         1.4000000000         0.9422286658         1.4927001199       -10.2280775224
        0.1400045000         1.4000000000         0.9600949538         1.4620775904        -9.7626662528
        0.1450062000         1.4000000000         0.9422286658         1.4135919187       -10.2280775224
        0.1501131000         1.4000000000         0.9396763389         1.3829693892       -10.2945648466
        0.1550055000         1.4000000000         0.9473333195         1.3395874724       -10.0951028740
        0.1600049000         1.4000000000         0.9243623778         1.2911018006       -10.6934887920
        0.1650037000         1.4000000000         0.9243623778         1.2604792711       -10.6934887920
        0.1700050000         1.4000000000         0.9320193584         1.2094417220       -10.4940268193
        0.1750057000         1.4000000000         0.9269147047         1.1813710699       -10.6270014678
        0.1800058000         1.4000000000         0.9116007435         1.1303335207       -11.0259254131
        0.1850038000         1.4000000000         0.9269147047         1.0920553588       -10.6270014678
        0.1900075000         1.4000000000         0.9218100509         1.0563290744       -10.7599761162
        0.1950050000         1.4000000000         0.9039437630         1.0001877703       -11.2253873858
        0.2000061000         1.4000000000         0.9090484167         0.9568058535       -11.0924127374
        0.2050054000         1.4000000000         0.9141530704         0.9236314466       -10.9594380889
        0.2100048000         1.4000000000         0.9013914361         0.8725938974       -11.2918747100
        0.2150039000         1.4000000000         0.9167053972         0.8292119806       -10.8929507647
        0.2200060000         1.4000000000         0.8937344555         0.7832781863       -11.4913366827
        0.2250064000         1.4000000000         0.9090484167         0.7450000244       -11.0924127374
        0.2300058000         1.4000000000         0.9141530704         0.6965143527       -10.9594380889
        0.2350058000         1.4000000000         0.9064960898         0.6607880683       -11.1589000616
        0.2400046000         1.4000000000         0.9116007435         0.6123023966       -11.0259254131
        0.2450053000         1.4000000000         0.9039437630         0.5689204797       -11.2253873858
        0.2500050000         1.4000000000         0.8937344555         0.5255385629       -11.4913366827
        0.2550061000         1.4000000000         0.9167053972         0.4847085236       -10.8929507647
        0.2600043000         1.4000000000         0.8962867824         0.4387747293       -11.4248493585
        0.2650118000         1.4000000000         0.8962867824         0.3902890576       -11.4248493585
        0.2700030000         1.4000000000         0.8962867824         0.3443552634       -11.4248493585
        0.2750060000         1.4000000000         0.8886298018         0.3009733466       -11.6243113312
        0.2800050000         1.4000000000         0.8911821287         0.2448320425       -11.5578240069
        0.2850039000         1.4000000000         0.8911821287         0.2116576355       -11.5578240069
        0.2900062000         1.4000000000         0.8835251481         0.1580682088       -11.7572859796
        0.2950338000         1.4000000000         0.9039437630         0.1172381695       -11.2253873858
        0.3000048000         1.4000000000         0.8911821287         0.0687524978       -11.5578240069
        0.3050032000         1.4000000000         0.8962867824         0.0279224584       -11.4248493585
        0.3100048000         1.4000000000         0.8911821287        -0.0001481936       -11.5578240069
        0.3150055000         1.4000000000         0.8809728212        -0.0001481936       -11.8237733039
        0.3200051000         1.4000000000         0.8962867824         0.0202668261       -11.4248493585
        0.3250049000         1.4000000000         0.8911821287         1.0997109912       -11.5578240069
        0.3300049000         1.4000000000         0.8707635138         5.0015316260       -12.0897226008
        0.3350045000         1.4000000000         0.8860774750         5.0040835035       -11.6907986554
        0.3400036000         1.4000000000         0.8860774750         5.0066353810       -11.6907986554
        0.3450048000         1.4000000000         0.8835251481         4.9658053416       -11.7572859796
        0.3500050000         1.4000000000         0.8886298018         4.9198715474       -11.6243113312
        0.3550053000         1.4000000000         0.8707635138         4.8560746109       -12.0897226008
        0.3600050000         1.4000000000         0.8809728212         4.8177964490       -11.8237733039
        0.3650067000         1.4000000000         0.8784204944         4.7693107773       -11.8902606281
        0.3701365000         1.4000000000         0.8809728212         4.7182732281       -11.8237733039
        0.3750071000         1.4000000000         0.8835251481         4.6774431887       -11.7572859796
        0.3800078000         1.4000000000         0.8758681675         4.6315093945       -11.9567479523
        0.3850198000         1.4000000000         0.8733158407         4.5753680904       -12.0232352765
        0.3900045000         1.4000000000         0.8733158407         4.5243305412       -12.0232352765
        0.3950075000         1.4000000000         0.8835251481         4.4835005019       -11.7572859796
        0.4000297000         1.4000000000         0.8835251481         4.4375667076       -11.7572859796
        0.4050066000         1.4000000000         0.8631065332         4.3839772810       -12.2891845734
        0.4100063000         1.4000000000         0.8809728212         4.3405953642       -11.8237733039
        0.4150075000         1.4000000000         0.8809728212         4.2997653248       -11.8237733039
        0.4200100000         1.4000000000         0.8784204944         4.2563834080       -11.8902606281
        0.4250069000         1.4000000000         0.8809728212         4.2002421039       -11.8237733039
        0.4300059000         1.4000000000         0.8682111870         4.1543083097       -12.1562099250
        0.4350082000         1.4000000000         0.8733158407         4.1185820252       -12.0232352765
        0.4400033000         1.4000000000         0.8911821287         4.0752001084       -11.5578240069
        0.4450352000         1.4000000000         0.8707635138         4.0216106818       -12.0897226008
        0.4500051000         1.4000000000         0.8733158407         3.9705731326       -12.0232352765
        0.4550066000         1.4000000000         0.8886298018         3.9348468482       -11.6243113312
        0.4600071000         1.4000000000         0.8656588601         3.8863611765       -12.2226972492
        0.4650063000         1.4000000000         0.8656588601         3.8327717498       -12.2226972492
        0.4700058000         1.4000000000         0.8835251481         3.7944935879       -11.7572859796
        0.4750047000         1.4000000000         0.8682111870         3.7409041613       -12.1562099250
        0.4800029000         1.4000000000         0.8784204944         3.7000741219       -11.8902606281
        0.4850049000         1.4000000000         0.8835251481         3.6566922051       -11.7572859796
        0.4900060000         1.4000000000         0.8758681675         3.6082065334       -11.9567479523
        0.4950035000         1.4000000000         0.8809728212         3.5724802490       -11.8237733039
        0.5000047000         1.4000000000         0.8707635138         3.5137870674       -12.0897226008
        0.5050031000         1.4000000000         0.8707635138         3.4729570281       -12.0897226008
        0.5100062000         1.4000000000         0.8835251481         3.4295751113       -11.7572859796
        0.5150035000         1.4000000000         0.8605542064         3.3734338072       -12.3556718977
        0.5200035000         1.4000000000         0.8784204944         3.3326037679       -11.8902606281
        0.5250051000         1.4000000000         0.8860774750         3.2917737285       -11.6907986554
        0.5300062000         1.4000000000         0.8707635138         3.2407361793       -12.0897226008
        0.5350074000         1.4000000000         0.8809728212         3.1896986301       -11.8237733039
        0.5400084000         1.4000000000         0.8631065332         3.1514204683       -12.2891845734
        0.5450065000         1.4000000000         0.8758681675         3.1029347965       -11.9567479523
        0.5500042000         1.4000000000         0.8835251481         3.0544491248       -11.7572859796
        0.5550039000         1.4000000000         0.8605542064         3.0187228404       -12.3556718977
        0.5600018000         1.4000000000         0.8784204944         2.9651334138       -11.8902606281
        0.5650039000         1.4000000000         0.8784204944         2.9217514970       -11.8902606281
        0.5700083000         1.4000000000         0.8707635138         2.8783695801       -12.0897226008
        0.5750050000         1.4000000000         0.8835251481         2.8375395408       -11.7572859796
        0.5800062000         1.4000000000         0.8707635138         2.7762944818       -12.0897226008
        0.5850056000         1.4000000000         0.8733158407         2.7354644424       -12.0232352765
        0.5900064000         1.4000000000         0.8656588601         2.6844268933       -12.2226972492
        0.5950057000         1.4000000000         0.8758681675         2.6435968539       -11.9567479523
        0.6000057000         1.4000000000         0.8937344555         2.6002149371       -11.4913366827
        0.6050049000         1.4000000000         0.8784204944         2.5593848978       -11.8902606281
        0.6100056000         1.4000000000         0.8784204944         2.5083473486       -11.8902606281
        0.6150034000         1.4000000000         0.8835251481         2.4675173092       -11.7572859796
        0.6200049000         1.4000000000         0.8554495527         2.4113760052       -12.4886465461
        0.6250058000         1.4000000000         0.8835251481         2.3730978433       -11.7572859796
        0.6300056000         1.4000000000         0.8707635138         2.3220602941       -12.0897226008
        0.6350066000         1.4000000000         0.8656588601         2.2786783773       -12.2226972492
        0.6400051000         1.4000000000         0.8758681675         2.2301927056       -11.9567479523
        0.6450051000         1.4000000000         0.8528972258         2.1791551564       -12.5551338703
        0.6500049000         1.4000000000         0.8733158407         2.1408769945       -12.0232352765
        0.6550038000         1.4000000000         0.8580018795         2.0821838129       -12.4221592219
        0.6600048000         1.4000000000         0.8733158407         2.0388018961       -12.0232352765
        0.6650055000         1.4000000000         0.8656588601         1.9979718568       -12.2226972492
        0.6700042000         1.4000000000         0.8580018795         1.9494861851       -12.4221592219
        0.6750052000         1.4000000000         0.8758681675         1.9010005134       -11.9567479523
        0.6800060000         1.4000000000         0.8631065332         1.8550667191       -12.2891845734
        0.6850046000         1.4000000000         0.8682111870         1.8193404347       -12.1562099250
        0.6900064000         1.4000000000         0.8758681675         1.7631991306       -11.9567479523
        0.6950044000         1.4000000000         0.8758681675         1.7223690912       -11.9567479523
        0.7000047000         1.4000000000         0.8707635138         1.6815390519       -12.0897226008
        0.7050038000         1.4000000000         0.8528972258         1.6279496252       -12.5551338703
        0.7100048000         1.4000000000         0.8605542064         1.5820158310       -12.3556718977
        0.7150039000         1.4000000000         0.8733158407         1.5386339142       -12.0232352765
        0.7200084000         1.4000000000         0.8682111870         1.4927001199       -12.1562099250
        0.7250077000         1.4000000000         0.8656588601         1.4416625707       -12.2226972492
        0.7300067000         1.4000000000         0.8580018795         1.3957287765       -12.4221592219
        0.7350073000         1.4000000000         0.8656588601         1.3472431047       -12.2226972492
        0.7400056000         1.4000000000         0.8733158407         1.3013093105       -12.0232352765
        0.7450051000         1.4000000000         0.8503448990         1.2477198838       -12.6216211946
        0.7500056000         1.4000000000         0.8631065332         1.2094417220       -12.2891845734
        0.7550061000         1.4000000000         0.8656588601         1.1584041728       -12.2226972492
        0.7600090000         1.4000000000         0.8580018795         1.1150222560       -12.4221592219
        0.7650078000         1.4000000000         0.8707635138         1.0588809519       -12.0897226008
        0.7700050000         1.4000000000         0.8580018795         1.0231546675       -12.4221592219
        0.7750058000         1.4000000000         0.8733158407         0.9746689957       -12.0232352765
        0.7800058000         1.4000000000         0.8503448990         0.9185276916       -12.6216211946
        0.7850051000         1.4000000000         0.8605542064         0.8725938974       -12.3556718977
        0.7900049000         1.4000000000         0.8580018795         0.8190044707       -12.4221592219
        0.7950056000         1.4000000000         0.8477925721         0.7730706765       -12.6881085188
        0.8000040000         1.4000000000         0.8682111870         0.7347925146       -12.1562099250
        0.8050048000         1.4000000000         0.8554495527         0.6735474556       -12.4886465461
        0.8100040000         1.4000000000         0.8707635138         0.6378211711       -12.0897226008
        0.8150088000         1.4000000000         0.8580018795         0.5765761121       -12.4221592219
        0.8200084000         1.4000000000         0.8580018795         0.5357460728       -12.4221592219
        0.8250102000         1.4000000000         0.8733158407         0.4949160334       -12.0232352765
        0.8300452000         1.4000000000         0.8605542064         0.4311190970       -12.3556718977
        0.8350046000         1.4000000000         0.8554495527         0.3826334252       -12.4886465461
        0.8400070000         1.4000000000         0.8605542064         0.3418033859       -12.3556718977
        0.8450063000         1.4000000000         0.8605542064         0.3009733466       -12.3556718977
        0.8500080000         1.4000000000         0.8682111870         0.2499357974       -12.1562099250
        0.8550052000         1.4000000000         0.8554495527         0.1886907384       -12.4886465461
        0.8600066000         1.4000000000         0.8605542064         0.1453088216       -12.3556718977
        0.8650082000         1.4000000000         0.8682111870         0.0968231498       -12.1562099250
        0.8700079000         1.4000000000         0.8503448990         0.0457856007       -12.6216211946
        0.8750044000         1.4000000000         0.8707635138         0.0049555613       -12.0897226008
        0.8800074000         1.4000000000         0.8631065332        -0.0078038260       -12.2891845734
        0.8850044000         1.4000000000         0.8503448990         0.0049555613       -12.6216211946
        0.8900072000         1.4000000000         0.8809728212         1.1150222560       -11.8237733039
        0.8950059000         1.4000000000         0.8835251481         5.0117391359       -11.7572859796
        0.9000049000         1.4000000000         0.8452402453         5.0117391359       -12.7545958430
        0.9050049000         1.4000000000         0.8554495527         5.0040835035       -12.4886465461
        0.9100050000         1.4000000000         0.8682111870         4.9709090965       -12.1562099250
        0.9150029000         1.4000000000         0.8528972258         4.9147677924       -12.5551338703
        0.9200051000         1.4000000000         0.8631065332         4.8739377531       -12.2891845734
        0.9250046000         1.4000000000         0.8656588601         4.8177964490       -12.2226972492
        0.9300047000         1.4000000000         0.8656588601         4.7769664097       -12.2226972492
        0.9350056000         1.4000000000         0.8733158407         4.7233769830       -12.0232352765
        0.9400050000         1.4000000000         0.8707635138         4.6799950662       -12.0897226008
        0.9450049000         1.4000000000         0.8528972258         4.6187500072       -12.5551338703
        0.9500049000         1.4000000000         0.8758681675         4.5804718453       -11.9567479523
        0.9550053000         1.4000000000         0.8528972258         4.5243305412       -12.5551338703
        0.9600086000         1.4000000000         0.8580018795         4.4783967469       -12.4221592219
        0.9650044000         1.4000000000         0.8733158407         4.4299110752       -12.0232352765
        0.9700068000         1.4000000000         0.8580018795         4.3865291584       -12.4221592219
        0.9750036000         1.4000000000         0.8758681675         4.3405953642       -11.9567479523
        0.9800056000         1.4000000000         0.8784204944         4.2946615699       -11.8902606281
        0.9850047000         1.4000000000         0.8528972258         4.2436240207       -12.5551338703
        0.9900061000         1.4000000000         0.8656588601         4.1874827166       -12.2226972492
        0.9950059000         1.4000000000         0.8605542064         4.1415489224       -12.3556718977
        1.0000061000         1.4000000000         0.8656588601         4.0981670056       -12.2226972492
        1.0050048000         1.4000000000         0.8758681675         4.0598888437       -11.9567479523
        1.0100061000         1.4000000000         0.8631065332         4.0062994170       -12.2891845734
        1.0150045000         1.4000000000         0.8631065332         3.9527099904       -12.2891845734
        1.0200064000         1.4000000000         0.8758681675         3.9093280736       -11.9567479523
        1.0250080000         1.4000000000         0.8605542064         3.8659461568       -12.3556718977
        1.0300049000         1.4000000000         0.8758681675         3.8276679949       -11.9567479523
        1.0351410000         1.4000000000         0.8682111870         3.7715266908       -12.1562099250
        1.0400054000         1.4000000000         0.8631065332         3.7204891416       -12.2891845734
        1.0450054000         1.4000000000         0.8656588601         3.6771072248       -12.2226972492
        1.0500084000         1.4000000000         0.8554495527         3.6260696756       -12.4886465461
        1.0550073000         1.4000000000         0.8733158407         3.5852396363       -12.0232352765
        1.0600109000         1.4000000000         0.8758681675         3.5367539646       -11.9567479523
        1.0650068000         1.4000000000         0.8707635138         3.4959239252       -12.0897226008
        1.0700061000         1.4000000000         0.8682111870         3.4448863760       -12.1562099250
        1.0750047000         1.4000000000         0.8656588601         3.3938488269       -12.2226972492
        1.0800045000         1.4000000000         0.8554495527         3.3479150326       -12.4886465461
        1.0850024000         1.4000000000         0.8631065332         3.2994293609       -12.2891845734
        1.0900027000         1.4000000000         0.8656588601         3.2585993215       -12.2226972492
        1.0950011000         1.4000000000         0.8758681675         3.2101136498       -11.9567479523
        1.1000035000         1.4000000000         0.8580018795         3.1590761006       -12.4221592219
        1.1050036000         1.4000000000         0.8580018795         3.1156941838       -12.4221592219
        1.1100036000         1.4000000000         0.8656588601         3.0672085121       -12.2226972492
        1.1150023000         1.4000000000         0.8631065332         3.0238265953       -12.2891845734
        1.1200045000         1.4000000000         0.8682111870         2.9778928011       -12.1562099250
        1.1250027000         1.4000000000         0.8656588601         2.9243033744       -12.2226972492
        1.1300045000         1.4000000000         0.8554495527         2.8783695801       -12.4886465461
        1.1350049000         1.4000000000         0.8682111870         2.8375395408       -12.1562099250
        1.1400021000         1.4000000000         0.8682111870         2.7941576240       -12.1562099250
        1.1450013000         1.4000000000         0.8656588601         2.7431200748       -12.2226972492
        1.1500022000         1.4000000000         0.8554495527         2.6920825256       -12.4886465461
        1.1550013000         1.4000000000         0.8477925721         2.6435968539       -12.6881085188
        1.1600037000         1.4000000000         0.8656588601         2.6053186920       -12.2226972492
        1.1650028000         1.4000000000         0.8656588601         2.5619367752       -12.2226972492
        1.1700034000         1.4000000000         0.8656588601         2.5160029810       -12.2226972492
        1.1750012000         1.4000000000         0.8656588601         2.4649654318       -12.2226972492
        1.1800048000         1.4000000000         0.8631065332         2.4113760052       -12.2891845734
        1.1850023000         1.4000000000         0.8682111870         2.3705459658       -12.1562099250
        1.1900029000         1.4000000000         0.8580018795         2.3220602941       -12.4221592219
        1.1950071000         1.4000000000         0.8733158407         2.2761264998       -12.0232352765
        1.2000041000         1.4000000000         0.8656588601         2.2327445830       -12.2226972492
        1.2050045000         1.4000000000         0.8656588601         2.1817070338       -12.2226972492
        1.2100039000         1.4000000000         0.8707635138         2.1306694847       -12.0897226008
        1.2150042000         1.4000000000         0.8656588601         2.0847356904       -12.2226972492
        1.2200025000         1.4000000000         0.8682111870         2.0413537736       -12.1562099250
        1.2250300000         1.4000000000         0.8503448990         1.9826605920       -12.6216211946
        1.2300037000         1.4000000000         0.8580018795         1.9418305527       -12.4221592219
        1.2350036000         1.4000000000         0.8656588601         1.8933448810       -12.2226972492
        1.2400031000         1.4000000000         0.8656588601         1.8499629642       -12.2226972492
        1.2450039000         1.4000000000         0.8656588601         1.8065810474       -12.2226972492
        1.2500038000         1.4000000000         0.8605542064         1.7529916207       -12.3556718977
        1.2550023000         1.4000000000         0.8580018795         1.7070578265       -12.4221592219
        1.2600039000         1.4000000000         0.8656588601         1.6611240322       -12.2226972492
        1.2650028000         1.4000000000         0.8554495527         1.6228458703       -12.4886465461
        1.2700038000         1.4000000000         0.8656588601         1.5667045662       -12.2226972492
        1.2750040000         1.4000000000         0.8682111870         1.5258745269       -12.1562099250
        1.2800042000         1.4000000000         0.8452402453         1.4722851002       -12.7545958430
        1.2850024000         1.4000000000         0.8733158407         1.4289031834       -12.0232352765
        1.2900039000         1.4000000000         0.8426879184         1.3727618793       -12.8210831673
        1.2950031000         1.4000000000         0.8605542064         1.3344837175       -12.3556718977
        1.3000039000         1.4000000000         0.8580018795         1.2783424134       -12.4221592219
        1.3050058000         1.4000000000         0.8605542064         1.2349604965       -12.3556718977
        1.3100040000         1.4000000000         0.8503448990         1.1839229474       -12.6216211946
        1.3150047000         1.4000000000         0.8477925721         1.1405410306       -12.6881085188
        1.3200028000         1.4000000000         0.8656588601         1.0997109912       -12.2226972492
        1.3250034000         1.4000000000         0.8426879184         1.0359140547       -12.8210831673
        1.3300016000         1.4000000000         0.8503448990         0.9950840154       -12.6216211946
        1.3350022000         1.4000000000         0.8631065332         0.9517020986       -12.2891845734
        1.3400033000         1.4000000000         0.8503448990         0.9006645494       -12.6216211946
        1.3450046000         1.4000000000         0.8477925721         0.8394194904       -12.6881085188
        1.3500033000         1.4000000000         0.8528972258         0.7960375736       -12.5551338703
        1.3550040000         1.4000000000         0.8426879184         0.7501037793       -12.8210831673
        1.3600026000         1.4000000000         0.8528972258         0.6939624752       -12.5551338703
        1.3650025000         1.4000000000         0.8528972258         0.6531324359       -12.5551338703
        1.3700037000         1.4000000000         0.8503448990         0.5969911318       -12.6216211946
        1.3750040000         1.4000000000         0.8477925721         0.5459535826       -12.6881085188
        1.3800035000         1.4000000000         0.8554495527         0.5000197884       -12.4886465461
        1.3850157000         1.4000000000         0.8580018795         0.4540859941       -12.4221592219
        1.3900040000         1.4000000000         0.8503448990         0.4004965675       -12.6216211946
        1.3950022000         1.4000000000         0.8197169767         0.3520108957       -13.4194690853
        1.4000031000         1.4000000000         0.8528972258         0.3009733466       -12.5551338703
        1.4050027000         1.4000000000         0.8631065332         0.2550395523       -12.2891845734
        1.4100015000         1.4000000000         0.8554495527         0.2040020031       -12.4886465461
        1.4150044000         1.4000000000         0.8554495527         0.1555163314       -12.4886465461
        1.4200040000         1.4000000000         0.8656588601         0.1121344146       -12.2226972492
        1.4250039000         1.4000000000         0.8503448990         0.0483374781       -12.6216211946
        1.4300031000         1.4000000000         0.8631065332         0.0151630711       -12.2891845734
        1.4350321000         1.4000000000         0.8554495527        -0.0052519485       -12.4886465461
        1.4400043000         1.4000000000         0.8477925721         0.0024036839       -12.6881085188
        1.4450026000         1.4000000000         0.8656588601         1.1073666236       -12.2226972492
        1.4500052000         1.4000000000         0.8580018795         5.0066353810       -12.4221592219
        1.4550031000         1.4000000000         0.8503448990         5.0091872584       -12.6216211946
        1.4600027000         1.4000000000         0.8580018795         5.0015316260       -12.4221592219
        1.4650077000         1.4000000000         0.8707635138         4.9709090965       -12.0897226008
        1.4700032000         1.4000000000         0.8426879184         4.9249753023       -12.8210831673
        1.4750046000         1.4000000000         0.8631065332         4.8739377531       -12.2891845734
        1.4800036000         1.4000000000         0.8605542064         4.8177964490       -12.3556718977
        1.4850033000         1.4000000000         0.8401355915         4.7693107773       -12.8875704915
        1.4900047000         1.4000000000         0.8707635138         4.7310326154       -12.0897226008
        1.4950031000         1.4000000000         0.8682111870         4.6723394338       -12.1562099250
        1.5000051000         1.4000000000         0.8477925721         4.6315093945       -12.6881085188
        1.5050035000         1.4000000000         0.8656588601         4.5779199678       -12.2226972492
        1.5100037000         1.4000000000         0.8758681675         4.5243305412       -11.9567479523
        1.5150044000         1.4000000000         0.8401355915         4.4758448695       -12.8875704915
        1.5200023000         1.4000000000         0.8656588601         4.4248073203       -12.2226972492
        1.5250020000         1.4000000000         0.8656588601         4.3814254035       -12.2226972492
        1.5300038000         1.4000000000         0.8631065332         4.3303878543       -12.2891845734
        1.5350028000         1.4000000000         0.8733158407         4.2895578150       -12.0232352765
        1.5400066000         1.4000000000         0.8631065332         4.2359683883       -12.2891845734
        1.5450338000         1.4000000000         0.8733158407         4.1925864715       -12.0232352765
        1.5500025000         1.4000000000         0.8605542064         4.1415489224       -12.3556718977
        1.5550014000         1.4000000000         0.8733158407         4.1007188830       -12.0232352765
        1.5600027000         1.4000000000         0.8605542064         4.0471294564       -12.3556718977
        1.5650045000         1.4000000000         0.8682111870         4.0165069269       -12.1562099250
        1.5700021000         1.4000000000         0.8784204944         3.9603656228       -11.8902606281
        1.5750029000         1.4000000000         0.8656588601         3.9118799510       -12.2226972492
        1.5800036000         1.4000000000         0.8656588601         3.8736017892       -12.2226972492
        1.5850038000         1.4000000000         0.8758681675         3.8251161174       -11.9567479523
        1.5900030000         1.4000000000         0.8707635138         3.7817342006       -12.0897226008
        1.5950062000         1.4000000000         0.8554495527         3.7204891416       -12.4886465461
        1.6000026000         1.4000000000         0.8656588601         3.6796591023       -12.2226972492
        1.6050041000         1.4000000000         0.8707635138         3.6439328179       -12.0897226008
        1.6100062000         1.4000000000         0.8605542064         3.5852396363       -12.3556718977
        1.6150035000         1.4000000000         0.8758681675         3.5444095970       -11.9567479523
        1.6200290000         1.4000000000         0.8631065332         3.4984758027       -12.2891845734
        1.6250044000         1.4000000000         0.8631065332         3.4423344986       -12.2891845734
        1.6300021000         1.4000000000         0.8656588601         3.3938488269       -12.2226972492
        1.6350053000         1.4000000000         0.8631065332         3.3632262974       -12.2891845734
        1.6400057000         1.4000000000         0.8656588601         3.3070849933       -12.2226972492
        1.6450046000         1.4000000000         0.8682111870         3.2637030765       -12.1562099250
        1.6500038000         1.4000000000         0.8758681675         3.2203211597       -11.9567479523
        1.6550044000         1.4000000000         0.8605542064         3.1667317330       -12.3556718977
        1.6600030000         1.4000000000         0.8656588601         3.1233498162       -12.2226972492
        1.6650036000         1.4000000000         0.8733158407         3.0774160220       -12.0232352765
        1.6700064000         1.4000000000         0.8580018795         3.0238265953       -12.4221592219
        1.6750058000         1.4000000000         0.8733158407         2.9804446785       -12.0232352765
        1.6800043000         1.4000000000         0.8631065332         2.9370627617       -12.2891845734
        1.6850018000         1.4000000000         0.8503448990         2.8834733351       -12.6216211946
        1.6900019000         1.4000000000         0.8682111870         2.8451951732       -12.1562099250
        1.6950023000         1.4000000000         0.8631065332         2.7967095015       -12.2891845734
        1.7000011000         1.4000000000         0.8631065332         2.7456719523       -12.2891845734
        1.7050053000         1.4000000000         0.8631065332         2.6971862806       -12.2891845734
        1.7100035000         1.4000000000         0.8631065332         2.6640118736       -12.2891845734
        1.7150038000         1.4000000000         0.8707635138         2.6078705695       -12.0897226008
        1.7200023000         1.4000000000         0.8580018795         2.5593848978       -12.4221592219
        1.7250020000         1.4000000000         0.8631065332         2.5160029810       -12.2891845734
        1.7300016000         1.4000000000         0.8580018795         2.4624135543       -12.4221592219
        1.7350029000         1.4000000000         0.8554495527         2.4139278826       -12.4886465461
        1.7400033000         1.4000000000         0.8682111870         2.3730978433       -12.1562099250
        1.7450040000         1.4000000000         0.8580018795         2.3246121715       -12.4221592219
        1.7500032000         1.4000000000         0.8580018795         2.2710227449       -12.4221592219
        1.7550045000         1.4000000000         0.8758681675         2.2378483379       -11.9567479523
        1.7600036000         1.4000000000         0.8580018795         2.1766032789       -12.4221592219
        1.7650024000         1.4000000000         0.8682111870         2.1408769945       -12.1562099250
        1.7700032000         1.4000000000         0.8631065332         2.0898394453       -12.2891845734
        1.7750033000         1.4000000000         0.8528972258         2.0388018961       -12.5551338703
        1.7800030000         1.4000000000         0.8733158407         2.0005237343       -12.0232352765
        1.7850047000         1.4000000000         0.8605542064         1.9494861851       -12.3556718977
        1.7900036000         1.4000000000         0.8682111870         1.9035523908       -12.1562099250
        1.7950024000         1.4000000000         0.8656588601         1.8627223515       -12.2226972492
        1.8000033000         1.4000000000         0.8528972258         1.8014772924       -12.5551338703
        1.8050060000         1.4000000000         0.8554495527         1.7606472531       -12.4886465461
        1.8100038000         1.4000000000         0.8477925721         1.7096097039       -12.6881085188
        1.8150034000         1.4000000000         0.8631065332         1.6738834195       -12.2891845734
        1.8200048000         1.4000000000         0.8528972258         1.6151902379       -12.5551338703
        1.8250035000         1.4000000000         0.8682111870         1.5718083211       -12.1562099250
        1.8300053000         1.4000000000         0.8733158407         1.5360820367       -12.0232352765
        1.8350048000         1.4000000000         0.8120599961         1.4824926101       -13.6189310580
        1.8400053000         1.4000000000         0.8554495527         1.4314550609       -12.4886465461
        1.8450043000         1.4000000000         0.8528972258         1.3855212666       -12.5551338703
        1.8500036000         1.4000000000         0.8580018795         1.3395874724       -12.4221592219
        1.8550040000         1.4000000000         0.8656588601         1.2911018006       -12.2226972492
        1.8600032000         1.4000000000         0.8477925721         1.2528236388       -12.6881085188
        1.8650030000         1.4000000000         0.8631065332         1.1992342121       -12.2891845734
        1.8700023000         1.4000000000         0.8605542064         1.1481966629       -12.3556718977
        1.8750048000         1.4000000000         0.8554495527         1.1022628687       -12.4886465461
        1.8800024000         1.4000000000         0.8580018795         1.0588809519       -12.4221592219
        1.8850041000         1.4000000000         0.8452402453         1.0001877703       -12.7545958430
        1.8900046000         1.4000000000         0.8605542064         0.9619096084       -12.3556718977
        1.8950037000         1.4000000000         0.8503448990         0.9032164269       -12.6216211946
        1.9000074000         1.4000000000         0.8656588601         0.8649382650       -12.2226972492
        1.9050039000         1.4000000000         0.8682111870         0.8087969609       -12.1562099250
        1.9100022000         1.4000000000         0.8554495527         0.7552075343       -12.4886465461
        1.9150038000         1.4000000000         0.8733158407         0.7220331273       -12.0232352765
        1.9200048000         1.4000000000         0.8426879184         0.6633399457       -12.8210831673
        1.9250038000         1.4000000000         0.8682111870         0.6174061515       -12.1562099250
        1.9300031000         1.4000000000         0.8631065332         0.5714723572       -12.2891845734
        1.9350043000         1.4000000000         0.8452402453         0.5204348080       -12.7545958430
        1.9400046000         1.4000000000         0.8682111870         0.4693972588       -12.1562099250
        1.9450038000         1.4000000000         0.8528972258         0.4183597097       -12.5551338703
        1.9500053000         1.4000000000         0.8528972258         0.3698740379       -12.5551338703
        1.9550038000         1.4000000000         0.8758681675         0.3290439986       -11.9567479523
        1.9600041000         1.4000000000         0.8554495527         0.2780064494       -12.4886465461
        1.9650039000         1.4000000000         0.8477925721         0.2244170228       -12.6881085188
        1.9700065000         1.4000000000         0.8580018795         0.1733794736       -12.4221592219
        1.9750051000         1.4000000000         0.8631065332         0.1248938019       -12.2891845734
        1.9800045000         1.4000000000         0.8528972258         0.0738562527       -12.5551338703
        1.9850039000         1.4000000000         0.8605542064         0.0330262134       -12.3556718977
        1.9900039000         1.4000000000         0.8554495527        -0.0001481936       -12.4886465461
        1.9950063000         1.4000000000         0.8580018795         0.0075074388       -12.4221592219
        2.0000372000         1.4000000000         0.8528972258         1.1099185011       -12.5551338703
        2.0050038000         1.4000000000         0.8580018795         1.1048147461       -12.4221592219
        2.0100041000         1.4000000000         0.8426879184         4.9989797486       -12.8210831673
        2.0150039000         1.4000000000         0.8656588601         5.0117391359       -12.2226972492
        2.0200038000         1.4000000000         0.8605542064         4.9938759937       -12.3556718977
        2.0250099000         1.4000000000         0.8656588601         4.9428384445       -12.2226972492
        2.0300038000         1.4000000000         0.8580018795         4.8943527728       -12.4221592219
        2.0350040000         1.4000000000         0.8528972258         4.8382114687       -12.5551338703
        2.0400038000         1.4000000000         0.8707635138         4.7973814293       -12.0897226008
        2.0450046000         1.4000000000         0.8580018795         4.7463438801       -12.4221592219
        2.0500040000         1.4000000000         0.8784204944         4.7055138408       -11.8902606281
        2.0550034000         1.4000000000         0.8580018795         4.6391650269       -12.4221592219
        2.0600235000         1.4000000000         0.8656588601         4.5983349875       -12.2226972492
        2.0650074000         1.4000000000         0.8784204944         4.5472974383       -11.8902606281
        2.0700056000         1.4000000000         0.8631065332         4.5090192765       -12.2891845734
        2.0750114000         1.4000000000         0.8758681675         4.4579817273       -11.9567479523
        2.0800080000         1.4000000000         0.8758681675         4.4120479330       -11.9567479523
        2.0850038000         1.4000000000         0.8656588601         4.3661141388       -12.2226972492
        2.0900050000         1.4000000000         0.8733158407         4.3074209572       -12.0232352765
        2.0950046000         1.4000000000         0.8580018795         4.2691427953       -12.4221592219
        2.1000191000         1.4000000000         0.8707635138         4.2130014912       -12.0897226008
        2.1050051000         1.4000000000         0.8656588601         4.1696195744       -12.2226972492
        2.1100047000         1.4000000000         0.8528972258         4.1211339027       -12.5551338703
        2.1150044000         1.4000000000         0.8860774750         4.0905113732       -11.6907986554
        2.1200047000         1.4000000000         0.8682111870         4.0318181916       -12.1562099250
        2.1250063000         1.4000000000         0.8580018795         3.9960919072       -12.4221592219
        2.1300057000         1.4000000000         0.8809728212         3.9450543580       -11.8237733039
        2.1350055000         1.4000000000         0.8784204944         3.9042243187       -11.8902606281
        2.1400070000         1.4000000000         0.8631065332         3.8531867695       -12.2891845734
        2.1450067000         1.4000000000         0.8860774750         3.8072529752       -11.6907986554
        2.1500065000         1.4000000000         0.8733158407         3.7613191810       -12.0232352765
        2.1550066000         1.4000000000         0.8682111870         3.7153853867       -12.1562099250
        2.1600059000         1.4000000000         0.8733158407         3.6643478375       -12.0232352765
        2.1650069000         1.4000000000         0.8733158407         3.6260696756       -12.0232352765
        2.1700061000         1.4000000000         0.8605542064         3.5673764941       -12.3556718977
        2.1750038000         1.4000000000         0.8835251481         3.5290983322       -11.7572859796
        2.1800317000         1.4000000000         0.8656588601         3.4831645379       -12.2226972492
        2.1850077000         1.4000000000         0.8860774750         3.4448863760       -11.6907986554
        2.1900057000         1.4000000000         0.8758681675         3.3887450720       -11.9567479523
        2.1950047000         1.4000000000         0.8528972258         3.3479150326       -12.5551338703
        2.2000059000         1.4000000000         0.8733158407         3.2994293609       -12.0232352765
        2.2050039000         1.4000000000         0.8707635138         3.2611511990       -12.0897226008
        2.2100062000         1.4000000000         0.8682111870         3.1999061400       -12.1562099250
        2.2150481000         1.4000000000         0.8631065332         3.1667317330       -12.2891845734
        2.2200070000         1.4000000000         0.8631065332         3.1080385515       -12.2891845734
        2.2250291000         1.4000000000         0.8758681675         3.0621047572       -11.9567479523
        2.2300068000         1.4000000000         0.8733158407         3.0263784728       -12.0232352765
        2.2350072000         1.4000000000         0.8707635138         2.9727890461       -12.0897226008
        2.2400512000         1.4000000000         0.8656588601         2.9217514970       -12.2226972492
        2.2450070000         1.4000000000         0.8580018795         2.8732658252       -12.4221592219
        2.2500060000         1.4000000000         0.8707635138         2.8298839084       -12.0897226008
        2.2550068000         1.4000000000         0.8605542064         2.7762944818       -12.3556718977
        2.2600043000         1.4000000000         0.8733158407         2.7405681974       -12.0232352765
        2.2650170000         1.4000000000         0.8733158407         2.6946344031       -12.0232352765
        2.2700046000         1.4000000000         0.8682111870         2.6461487314       -12.1562099250
        2.2750067000         1.4000000000         0.8631065332         2.6002149371       -12.2891845734
        2.2800053000         1.4000000000         0.8733158407         2.5568330203       -12.0232352765
        2.2850074000         1.4000000000         0.8580018795         2.5057954711       -12.4221592219
        2.2900046000         1.4000000000         0.8656588601         2.4598616769       -12.2226972492
        2.2950058000         1.4000000000         0.8605542064         2.4139278826       -12.3556718977
        2.3000043000         1.4000000000         0.8631065332         2.3654422109       -12.2891845734
        2.3050067000         1.4000000000         0.8554495527         2.3220602941       -12.4886465461
        2.3100068000         1.4000000000         0.8656588601         2.2659189900       -12.2226972492
        2.3150122000         1.4000000000         0.8707635138         2.2199851957       -12.0897226008
        2.3200055000         1.4000000000         0.8580018795         2.1740514015       -12.4221592219
        2.3250061000         1.4000000000         0.8682111870         2.1332213621       -12.1562099250
        2.3300050000         1.4000000000         0.8631065332         2.0872875679       -12.2891845734
        2.3350053000         1.4000000000         0.8656588601         2.0362500187       -12.2226972492
        2.3400061000         1.4000000000         0.8528972258         1.9775568371       -12.5551338703
        2.3450060000         1.4000000000         0.8426879184         1.9290711654       -12.8210831673
        2.3500068000         1.4000000000         0.8707635138         1.8958967584       -12.0897226008
        2.3550052000         1.4000000000         0.8605542064         1.8423073318       -12.3556718977
        2.3600036000         1.4000000000         0.8631065332         1.7938216601       -12.2891845734
        2.3650061000         1.4000000000         0.8528972258         1.7504397433       -12.5551338703
        2.3700052000         1.4000000000         0.8580018795         1.7019540715       -12.4221592219
        2.3750066000         1.4000000000         0.8554495527         1.6560202773       -12.4886465461
        2.3800054000         1.4000000000         0.8452402453         1.6049827281       -12.7545958430
        2.3850064000         1.4000000000         0.8656588601         1.5616008113       -12.2226972492
        2.3900200000         1.4000000000         0.8605542064         1.5182188945       -12.3556718977
        2.3950086000         1.4000000000         0.8631065332         1.4722851002       -12.2891845734
        2.4000071000         1.4000000000         0.8707635138         1.4161437961       -12.0897226008
        2.4050060000         1.4000000000         0.8528972258         1.3702100019       -12.5551338703
        2.4100061000         1.4000000000         0.8605542064         1.3166205752       -12.3556718977
        2.4150058000         1.4000000000         0.8426879184         1.2706867810       -12.8210831673
        2.4200064000         1.4000000000         0.8605542064         1.2324086191       -12.3556718977
        2.4250072000         1.4000000000         0.8631065332         1.1737154375       -12.2891845734
        2.4300068000         1.4000000000         0.8580018795         1.1328853982       -12.4221592219
        2.4350045000         1.4000000000         0.8656588601         1.0946072363       -12.2226972492
        2.4400061000         1.4000000000         0.8605542064         1.0359140547       -12.3556718977
        2.4450079000         1.4000000000         0.8631065332         0.9950840154       -12.2891845734
        2.4500059000         1.4000000000         0.8452402453         0.9414945888       -12.7545958430
        2.4550053000         1.4000000000         0.8503448990         0.8879051621       -12.6216211946
        2.4600072000         1.4000000000         0.8707635138         0.8470751228       -12.0897226008
        2.4650058000         1.4000000000         0.8554495527         0.7985894511       -12.4886465461
        2.4700062000         1.4000000000         0.8426879184         0.7424481470       -12.8210831673
        2.4750033000         1.4000000000         0.8631065332         0.6965143527       -12.2891845734
        2.4800046000         1.4000000000         0.8426879184         0.6505805584       -12.8210831673
        2.4850055000         1.4000000000         0.8580018795         0.5969911318       -12.4221592219
        2.4900071000         1.4000000000         0.8528972258         0.5408498277       -12.5551338703
        2.4950153000         1.4000000000         0.8452402453         0.4949160334       -12.7545958430
        2.5000064000         1.4000000000         0.8580018795         0.4540859941       -12.4221592219
        2.5050042000         1.4000000000         0.8503448990         0.3928409351       -12.6216211946
        2.5100063000         1.4000000000         0.8631065332         0.3571146507       -12.2891845734
        2.5150045000         1.4000000000         0.8528972258         0.3060771015       -12.5551338703
        2.5200060000         1.4000000000         0.8452402453         0.2422801650       -12.7545958430
        2.5250074000         1.4000000000         0.8528972258         0.2014501257       -12.5551338703
        2.5300076000         1.4000000000         0.8503448990         0.1402050666       -12.6216211946
        2.5350056000         1.4000000000         0.8528972258         0.0917193949       -12.5551338703
        2.5400075000         1.4000000000         0.8503448990         0.0508893556       -12.6216211946
        2.5450046000         1.4000000000         0.8605542064        -0.0001481936       -12.3556718977
        2.5500063000         1.4000000000         0.8554495527         0.0049555613       -12.4886465461
        2.5550040000         1.4000000000         0.8452402453         0.0024036839       -12.7545958430
        2.5600056000         1.4000000000         0.8554495527         1.1073666236       -12.4886465461
        2.5650037000         1.4000000000         0.8503448990         5.0040835035       -12.6216211946
        2.5700084000         1.4000000000         0.8580018795         5.0142910133       -12.4221592219
        2.5750959000         1.4000000000         0.8528972258         5.0091872584       -12.5551338703
        2.5800037000         1.4000000000         0.8452402453         4.9632534642       -12.7545958430
        2.5850057000         1.4000000000         0.8554495527         4.9198715474       -12.4886465461
        2.5900054000         1.4000000000         0.8477925721         4.8560746109       -12.6881085188
        2.5950849000         1.4000000000         0.8554495527         4.8024851842       -12.4886465461
        2.6000049000         1.4000000000         0.8477925721         4.7616551449       -12.6881085188
        2.6050051000         1.4000000000         0.8580018795         4.7106175957       -12.4221592219
        2.6100057000         1.4000000000         0.8656588601         4.6697875564       -12.2226972492
        2.6150055000         1.4000000000         0.8350309378         4.6110943748       -13.0205451399
        2.6200060000         1.4000000000         0.8631065332         4.5651605806       -12.2891845734
        2.6250055000         1.4000000000         0.8503448990         4.5064673990       -12.6216211946
        2.6300043000         1.4000000000         0.8580018795         4.4630854822       -12.4221592219
        2.6350046000         1.4000000000         0.8656588601         4.4145998105       -12.2226972492
        2.6400052000         1.4000000000         0.8477925721         4.3610103838       -12.6881085188
        2.6450051000         1.4000000000         0.8707635138         4.3201803445       -12.0897226008
        2.6500049000         1.4000000000         0.8605542064         4.2716946728       -12.3556718977
        2.6550042000         1.4000000000         0.8631065332         4.2308646334       -12.2891845734
        2.6600034000         1.4000000000         0.8656588601         4.1721714519       -12.2226972492
        2.6650568000         1.4000000000         0.8656588601         4.1262376576       -12.2226972492
        2.6700044000         1.4000000000         0.8733158407         4.0828557408       -12.0232352765
        2.6750048000         1.4000000000         0.8809728212         4.0445775789       -11.8237733039
        2.6800034000         1.4000000000         0.8605542064         3.9833325199       -12.3556718977
        2.6850052000         1.4000000000         0.8784204944         3.9476062355       -11.8902606281
        2.6900036000         1.4000000000         0.8656588601         3.8940168088       -12.2226972492
        2.6950047000         1.4000000000         0.8605542064         3.8531867695       -12.3556718977
        2.7000042000         1.4000000000         0.8809728212         3.8072529752       -11.8237733039
        2.7050050000         1.4000000000         0.8733158407         3.7613191810       -12.0232352765
        2.7100051000         1.4000000000         0.8631065332         3.7051778769       -12.2891845734
        2.7150051000         1.4000000000         0.8835251481         3.6694515924       -11.7572859796
        2.7200051000         1.4000000000         0.8784204944         3.6209659207       -11.8902606281
        2.7250050000         1.4000000000         0.8707635138         3.5673764941       -12.0897226008
        2.7300033000         1.4000000000         0.8477925721         3.5188908224       -12.6881085188
        2.7350046000         1.4000000000         0.8580018795         3.4729570281       -12.4221592219
        2.7400042000         1.4000000000         0.8835251481         3.4346788662       -11.7572859796
        2.7450064000         1.4000000000         0.8580018795         3.3785375621       -12.4221592219
        2.7500520000         1.4000000000         0.8758681675         3.3402594002       -11.9567479523
        2.7550051000         1.4000000000         0.8656588601         3.2943256060       -12.2226972492
        2.7600045000         1.4000000000         0.8707635138         3.2483918117       -12.0897226008
        2.7650041000         1.4000000000         0.8809728212         3.1973542625       -11.8237733039
        2.7700053000         1.4000000000         0.8656588601         3.1539723457       -12.2226972492
        2.7750044000         1.4000000000         0.8605542064         3.1054866740       -12.3556718977
        2.7800062000         1.4000000000         0.8758681675         3.0621047572       -11.9567479523
        2.7850047000         1.4000000000         0.8605542064         3.0161709629       -12.3556718977
        2.7900060000         1.4000000000         0.8758681675         2.9753409236       -11.9567479523
        2.7950077000         1.4000000000         0.8733158407         2.9243033744       -12.0232352765
        2.8000068000         1.4000000000         0.8631065332         2.8681620703       -12.2891845734
        2.8050043000         1.4000000000         0.8682111870         2.8247801535       -12.1562099250
        2.8100059000         1.4000000000         0.8528972258         2.7788463592       -12.5551338703
        2.8150048000         1.4000000000         0.8758681675         2.7405681974       -11.9567479523
        2.8200064000         1.4000000000         0.8554495527         2.6818750158       -12.4886465461
        2.8250037000         1.4000000000         0.8528972258         2.6384930990       -12.5551338703
        2.8300095000         1.4000000000         0.8860774750         2.6027668146       -11.6907986554
        2.8350051000         1.4000000000         0.8733158407         2.5593848978       -12.0232352765
        2.8400061000         1.4000000000         0.8707635138         2.5006917162       -12.0897226008
        2.8450067000         1.4000000000         0.8835251481         2.4649654318       -11.7572859796
        2.8500071000         1.4000000000         0.8554495527         2.4037203728       -12.4886465461
        2.8550075000         1.4000000000         0.8733158407         2.3628903334       -12.0232352765
        2.8600083000         1.4000000000         0.8707635138         2.3220602941       -12.0897226008
        2.8650048000         1.4000000000         0.8605542064         2.2659189900       -12.3556718977
        2.8700063000         1.4000000000         0.8707635138         2.2174333183       -12.0897226008
        2.8750064000         1.4000000000         0.8656588601         2.1740514015       -12.2226972492
        2.8800065000         1.4000000000         0.8580018795         2.1230138523       -12.4221592219
        2.8850045000         1.4000000000         0.8682111870         2.0796319355       -12.1562099250
        2.8900054000         1.4000000000         0.8682111870         2.0285943863       -12.1562099250
        2.8950519000         1.4000000000         0.8528972258         1.9775568371       -12.5551338703
        2.9000048000         1.4000000000         0.8733158407         1.9443824302       -12.0232352765
        2.9050049000         1.4000000000         0.8656588601         1.8882411261       -12.2226972492
        2.9100045000         1.4000000000         0.8631065332         1.8372035769       -12.2891845734
        2.9150044000         1.4000000000         0.8682111870         1.8040291699       -12.1562099250
        2.9200048000         1.4000000000         0.8707635138         1.7555434982       -12.0897226008
        2.9250058000         1.4000000000         0.8580018795         1.7096097039       -12.4221592219
        2.9300050000         1.4000000000         0.8809728212         1.6713315420       -11.8237733039
        2.9350054000         1.4000000000         0.8503448990         1.6151902379       -12.6216211946
        2.9400044000         1.4000000000         0.8605542064         1.5641526888       -12.3556718977
        2.9450055000         1.4000000000         0.8580018795         1.5233226494       -12.4221592219
        2.9500066000         1.4000000000         0.8682111870         1.4850444875       -12.1562099250
        2.9550066000         1.4000000000         0.8682111870         1.4314550609       -12.1562099250
        2.9600070000         1.4000000000         0.8503448990         1.3829693892       -12.6216211946
        2.9650064000         1.4000000000         0.8707635138         1.3344837175       -12.0897226008
        2.9700066000         1.4000000000         0.8682111870         1.2936536781       -12.1562099250
        2.9750059000         1.4000000000         0.8503448990         1.2400642515       -12.6216211946
        2.9800070000         1.4000000000         0.8631065332         1.1941304572       -12.2891845734
        2.9850070000         1.4000000000         0.8528972258         1.1430929080       -12.5551338703
        2.9900237000         1.4000000000         0.8503448990         1.0997109912       -12.6216211946
        2.9950051000         1.4000000000         0.8528972258         1.0435696871       -12.5551338703
        3.0000032000         1.4000000000         0.8580018795         1.0027396478       -12.4221592219
        3.0050047000         1.4000000000         0.8503448990         0.9517020986       -12.6216211946
        3.0100064000         1.4000000000         0.8554495527         0.9057683043       -12.4886465461
        3.0150049000         1.4000000000         0.8605542064         0.8623863875       -12.3556718977
        3.0200036000         1.4000000000         0.8426879184         0.8036932060       -12.8210831673
        3.0250050000         1.4000000000         0.8528972258         0.7628631666       -12.5551338703
        3.0300052000         1.4000000000         0.8528972258         0.6965143527       -12.5551338703
        3.0350049000         1.4000000000         0.8477925721         0.6556843134       -12.6881085188
        3.0400031000         1.4000000000         0.8707635138         0.6148542740       -12.0897226008
        3.0450051000         1.4000000000         0.8656588601         0.5663686023       -12.2226972492
        3.0500038000         1.4000000000         0.8401355915         0.5076754207       -12.8875704915
        3.0550066000         1.4000000000         0.8605542064         0.4617416265       -12.3556718977
        3.0600453000         1.4000000000         0.8554495527         0.4107040773       -12.4886465461
        3.0650063000         1.4000000000         0.8528972258         0.3622184056       -12.5551338703
        3.0700040000         1.4000000000         0.8605542064         0.3111808564       -12.3556718977
        3.0750065000         1.4000000000         0.8580018795         0.2626951847       -12.4221592219
        3.0800113000         1.4000000000         0.8452402453         0.2116576355       -12.7545958430
        3.0850111000         1.4000000000         0.8580018795         0.1580682088       -12.4221592219
        3.0900039000         1.4000000000         0.8580018795         0.1121344146       -12.4221592219
        3.0950061000         1.4000000000         0.8426879184         0.0687524978       -12.8210831673
        3.1000062000         1.4000000000         0.8477925721         0.0100593162       -12.6881085188
        3.1050054000         1.4000000000         0.8503448990        -0.0052519485       -12.6216211946
        3.1100309000         1.4000000000         0.8375832647        -0.0052519485       -12.9540578157
        3.1150048000         1.4000000000         0.8605542064         1.1022628687       -12.3556718977
        3.1200045000         1.4000000000         0.8528972258         5.0015316260       -12.5551338703
        3.1250053000         1.4000000000         0.8528972258         5.0066353810       -12.5551338703
        3.1300043000         1.4000000000         0.8477925721         4.9964278711       -12.6881085188
        3.1350046000         1.4000000000         0.8401355915         4.9709090965       -12.8875704915
        3.1400034000         1.4000000000         0.8580018795         4.9275271797       -12.4221592219
        3.1450047000         1.4000000000         0.8580018795         4.8815933855       -12.4221592219
        3.1500052000         1.4000000000         0.8554495527         4.8203483265       -12.4886465461
        3.1550051000         1.4000000000         0.8554495527         4.7744145322       -12.4886465461
        3.1600037000         1.4000000000         0.8554495527         4.7310326154       -12.4886465461
        3.1650048000         1.4000000000         0.8682111870         4.6748913113       -12.1562099250
        3.1700080000         1.4000000000         0.8580018795         4.6315093945       -12.4221592219
        3.1750065000         1.4000000000         0.8733158407         4.5881274777       -12.0232352765
        3.1800069000         1.4000000000         0.8682111870         4.5319861736       -12.1562099250
        3.1850063000         1.4000000000         0.8605542064         4.4835005019       -12.3556718977
        3.1900405000         1.4000000000         0.8809728212         4.4350148301       -11.8237733039
        3.1950066000         1.4000000000         0.8707635138         4.3814254035       -12.0897226008
        3.2000059000         1.4000000000         0.8656588601         4.3380434867       -12.2226972492
        3.2050044000         1.4000000000         0.8682111870         4.2870059375       -12.1562099250
        3.2100060000         1.4000000000         0.8580018795         4.2461758982       -12.4221592219
        3.2150060000         1.4000000000         0.8426879184         4.1976902265       -12.8210831673
        3.2200071000         1.4000000000         0.8656588601         4.1517564322       -12.2226972492
        3.2250524000         1.4000000000         0.8528972258         4.0981670056       -12.5551338703
        3.2300063000         1.4000000000         0.8707635138         4.0573369662       -12.0897226008
        3.2350109000         1.4000000000         0.8656588601         4.0037475396       -12.2226972492
        3.2400067000         1.4000000000         0.8605542064         3.9552618679       -12.3556718977
        3.2450079000         1.4000000000         0.8733158407         3.9144318285       -12.0232352765
        3.2500060000         1.4000000000         0.8554495527         3.8736017892       -12.4886465461
        3.2550039000         1.4000000000         0.8809728212         3.8327717498       -11.8237733039
        3.2600070000         1.4000000000         0.8656588601         3.7740785683       -12.2226972492
        3.2650045000         1.4000000000         0.8631065332         3.7306966515       -12.2891845734
        3.2700039000         1.4000000000         0.8656588601         3.6796591023       -12.2226972492
        3.2750061000         1.4000000000         0.8631065332         3.6362771855       -12.2891845734
        3.2800047000         1.4000000000         0.8631065332         3.5877915138       -12.2891845734
        3.2850076000         1.4000000000         0.8758681675         3.5444095970       -11.9567479523
        3.2900110000         1.4000000000         0.8554495527         3.4984758027       -12.4886465461
        3.2950068000         1.4000000000         0.8656588601         3.4499901310       -12.2226972492
        3.3000052000         1.4000000000         0.8682111870         3.3989525818       -12.1562099250
        3.3050044000         1.4000000000         0.8580018795         3.3555706650       -12.4221592219
        3.3100052000         1.4000000000         0.8656588601         3.3121887482       -12.2226972492
        3.3150055000         1.4000000000         0.8528972258         3.2534955666       -12.5551338703
        3.3200050000         1.4000000000         0.8733158407         3.2177692822       -12.0232352765
        3.3250050000         1.4000000000         0.8682111870         3.1692836105       -12.1562099250
        3.3300063000         1.4000000000         0.8528972258         3.1182460613       -12.5551338703
        3.3350043000         1.4000000000         0.8733158407         3.0825197769       -12.0232352765
        3.3400062000         1.4000000000         0.8656588601         3.0263784728       -12.2226972492
        3.3450043000         1.4000000000         0.8631065332         2.9727890461       -12.2891845734
        3.3500063000         1.4000000000         0.8656588601         2.9319590068       -12.2226972492
        3.3550070000         1.4000000000         0.8682111870         2.8911289674       -12.1562099250
        3.3600055000         1.4000000000         0.8682111870         2.8426432957       -12.1562099250
        3.3650056000         1.4000000000         0.8682111870         2.7916057465       -12.1562099250
        3.3700065000         1.4000000000         0.8631065332         2.7482238297       -12.2891845734
        3.3750064000         1.4000000000         0.8528972258         2.6920825256       -12.5551338703
        3.3800042000         1.4000000000         0.8375832647         2.6512524863       -12.9540578157
        3.3850043000         1.4000000000         0.8656588601         2.6078705695       -12.2226972492
        3.3900068000         1.4000000000         0.8528972258         2.5517292654       -12.5551338703
        3.3950064000         1.4000000000         0.8682111870         2.5083473486       -12.1562099250
        3.4000059000         1.4000000000         0.8656588601         2.4649654318       -12.2226972492
        3.4050063000         1.4000000000         0.8656588601         2.4241353924       -12.2226972492
        3.4100053000         1.4000000000         0.8758681675         2.3705459658       -11.9567479523
        3.4150055000         1.4000000000         0.8580018795         2.3144046617       -12.4221592219
        3.4200073000         1.4000000000         0.8554495527         2.2761264998       -12.4886465461
        3.4250042000         1.4000000000         0.8682111870         2.2250889506       -12.1562099250
        3.4300031000         1.4000000000         0.8631065332         2.1868107888       -12.2891845734
        3.4350487000         1.4000000000         0.8707635138         2.1383251170       -12.0897226008
        3.4400067000         1.4000000000         0.8580018795         2.0872875679       -12.4221592219
        3.4450072000         1.4000000000         0.8580018795         2.0362500187       -12.4221592219
        3.4500048000         1.4000000000         0.8631065332         1.9928681019       -12.2891845734
        3.4550050000         1.4000000000         0.8248216304         1.9392786752       -13.2864944368
        3.4600045000         1.4000000000         0.8554495527         1.8856892486       -12.4886465461
        3.4650049000         1.4000000000         0.8580018795         1.8525148416       -12.4221592219
        3.4700067000         1.4000000000         0.8580018795         1.8014772924       -12.4221592219
        3.4750051000         1.4000000000         0.8554495527         1.7555434982       -12.4886465461
        3.4800038000         1.4000000000         0.8605542064         1.7121615814       -12.3556718977
        3.4850038000         1.4000000000         0.8656588601         1.6585721547       -12.2226972492
        3.4900371000         1.4000000000         0.8452402453         1.6228458703       -12.7545958430
        3.4950048000         1.4000000000         0.8580018795         1.5641526888       -12.4221592219
        3.5000030000         1.4000000000         0.8656588601         1.5156670170       -12.2226972492
        3.5050050000         1.4000000000         0.8426879184         1.4646294679       -12.8210831673
        3.5100064000         1.4000000000         0.8528972258         1.4161437961       -12.5551338703
        3.5150048000         1.4000000000         0.8452402453         1.3753137568       -12.7545958430
        3.5200047000         1.4000000000         0.8605542064         1.3217243302       -12.3556718977
        3.5250049000         1.4000000000         0.8528972258         1.2732386584       -12.5551338703
        3.5300039000         1.4000000000         0.8477925721         1.2298567416       -12.6881085188
        3.5350035000         1.4000000000         0.8682111870         1.1813710699       -12.1562099250
        3.5400030000         1.4000000000         0.8452402453         1.1328853982       -12.7545958430
        3.5450026000         1.4000000000         0.8605542064         1.0920553588       -12.3556718977
        3.5500063000         1.4000000000         0.8554495527         1.0384659322       -12.4886465461
        3.5550032000         1.4000000000         0.8707635138         0.9950840154       -12.0897226008
        3.5600058000         1.4000000000         0.8605542064         0.9440464662       -12.3556718977
        3.5650048000         1.4000000000         0.8580018795         0.9032164269       -12.4221592219
        3.5700043000         1.4000000000         0.8580018795         0.8445232453       -12.4221592219
        3.5750059000         1.4000000000         0.8554495527         0.8062450834       -12.4886465461
        3.5800072000         1.4000000000         0.8452402453         0.7398962695       -12.7545958430
        3.5850048000         1.4000000000         0.8631065332         0.7041699851       -12.2891845734
        3.5900043000         1.4000000000         0.8477925721         0.6505805584       -12.6881085188
        3.5950056000         1.4000000000         0.8580018795         0.6071986416       -12.4221592219
        3.6000065000         1.4000000000         0.8707635138         0.5612648474       -12.0897226008
        3.6050064000         1.4000000000         0.8477925721         0.5000197884       -12.6881085188
        3.6100060000         1.4000000000         0.8631065332         0.4617416265       -12.2891845734
        3.6150045000         1.4000000000         0.8656588601         0.4158078322       -12.2226972492
        3.6200029000         1.4000000000         0.8605542064         0.3622184056       -12.3556718977
        3.6250067000         1.4000000000         0.8528972258         0.3086289789       -12.5551338703
        3.6300055000         1.4000000000         0.8580018795         0.2575914298       -12.4221592219
        3.6350046000         1.4000000000         0.8656588601         0.2142095129       -12.2226972492
        3.6400025000         1.4000000000         0.8477925721         0.1606200863       -12.6881085188
        3.6450034000         1.4000000000         0.8631065332         0.1095825371       -12.2891845734
        3.6500243000         1.4000000000         0.8477925721         0.0610968654       -12.6881085188
        3.6550039000         1.4000000000         0.8477925721         0.0100593162       -12.6881085188
        3.6608960000         1.4000000000         0.8580018795         0.0049555613       -12.4221592219
        3.6650052000         1.4000000000         0.8503448990        -0.0001481936       -12.6216211946
        3.6700062000         1.4000000000         0.8656588601         1.1073666236       -12.2226972492
        3.6750052000         1.4000000000         0.8503448990         4.9964278711       -12.6216211946
        3.6800273000         1.4000000000         0.8554495527         5.0066353810       -12.4886465461
        3.6850042000         1.4000000000         0.8631065332         5.0066353810       -12.2891845734
        3.6900027000         1.4000000000         0.8631065332         4.9760128515       -12.2891845734
        3.6950039000         1.4000000000         0.8631065332         4.9224234248       -12.2891845734
        3.7000052000         1.4000000000         0.8554495527         4.8841452629       -12.4886465461
        3.7050052000         1.4000000000         0.8682111870         4.8280039588       -12.1562099250
        3.7100061000         1.4000000000         0.8528972258         4.7744145322       -12.5551338703
        3.7150038000         1.4000000000         0.8656588601         4.7335844928       -12.2226972492
        3.7200037000         1.4000000000         0.8682111870         4.6748913113       -12.1562099250
        3.7250039000         1.4000000000         0.8426879184         4.6264056396       -12.8210831673
        3.7300047000         1.4000000000         0.8733158407         4.5906793551       -12.0232352765
        3.7350037000         1.4000000000         0.8758681675         4.5370899285       -11.9567479523
        3.7400056000         1.4000000000         0.8426879184         4.4860523793       -12.8210831673
        3.7450033000         1.4000000000         0.8656588601         4.4299110752       -12.2226972492
        3.7500052000         1.4000000000         0.8528972258         4.3814254035       -12.5551338703
        3.7550037000         1.4000000000         0.8656588601         4.3456991191       -12.2226972492
        3.7600049000         1.4000000000         0.8707635138         4.2895578150       -12.0897226008
        3.7650046000         1.4000000000         0.8528972258         4.2410721433       -12.5551338703
        3.7700049000         1.4000000000         0.8682111870         4.1925864715       -12.1562099250
        3.7750045000         1.4000000000         0.8733158407         4.1543083097       -12.0232352765
        3.7800054000         1.4000000000         0.8656588601         4.1058226379       -12.2226972492
        3.7850072000         1.4000000000         0.8656588601         4.0496813338       -12.2226972492
        3.7900060000         1.4000000000         0.8401355915         4.0037475396       -12.8875704915
        3.7950059000         1.4000000000         0.8631065332         3.9603656228       -12.2891845734
        3.8000064000         1.4000000000         0.8784204944         3.9169837060       -11.8902606281
        3.8050088000         1.4000000000         0.8554495527         3.8684980342       -12.4886465461
        3.8100065000         1.4000000000         0.8784204944         3.8225642400       -11.8902606281
        3.8150077000         1.4000000000         0.8682111870         3.7740785683       -12.1562099250
        3.8200060000         1.4000000000         0.8503448990         3.7230410191       -12.6216211946
        3.8250081000         1.4000000000         0.8835251481         3.6898666121       -11.7572859796
        3.8300038000         1.4000000000         0.8707635138         3.6413809404       -12.0897226008
        3.8350061000         1.4000000000         0.8707635138         3.5877915138       -12.0897226008
        3.8400045000         1.4000000000         0.8733158407         3.5367539646       -12.0232352765
        3.8450054000         1.4000000000         0.8733158407         3.5035795576       -12.0232352765
        3.8500048000         1.4000000000         0.8682111870         3.4474382535       -12.1562099250
        3.8550065000         1.4000000000         0.8656588601         3.3964007043       -12.2226972492
        3.8600073000         1.4000000000         0.8707635138         3.3632262974       -12.0897226008
        3.8650051000         1.4000000000         0.8656588601         3.3121887482       -12.2226972492
        3.8700077000         1.4000000000         0.8707635138         3.2611511990       -12.0897226008
        3.8750049000         1.4000000000         0.8656588601         3.2126655273       -12.2226972492
        3.8800077000         1.4000000000         0.8733158407         3.1794911203       -12.0232352765
        3.8850096000         1.4000000000         0.8580018795         3.1182460613       -12.4221592219
        3.8900052000         1.4000000000         0.8733158407         3.0774160220       -12.0232352765
        3.8950070000         1.4000000000         0.8707635138         3.0340341051       -12.0897226008
        3.9000073000         1.4000000000         0.8707635138         2.9855484334       -12.0897226008
        3.9050063000         1.4000000000         0.8631065332         2.9345108842       -12.2891845734
        3.9100041000         1.4000000000         0.8656588601         2.8911289674       -12.2226972492
        3.9150055000         1.4000000000         0.8682111870         2.8451951732       -12.1562099250
        3.9200060000         1.4000000000         0.8631065332         2.7967095015       -12.2891845734
        3.9250063000         1.4000000000         0.8784204944         2.7584313396       -11.8902606281
        3.9300037000         1.4000000000         0.8631065332         2.7048419129       -12.2891845734
        3.9350070000         1.4000000000         0.8528972258         2.6538043638       -12.5551338703
        3.9400053000         1.4000000000         0.8605542064         2.6104224470       -12.3556718977
        3.9450068000         1.4000000000         0.8733158407         2.5644886527       -12.0232352765
        3.9500052000         1.4000000000         0.8631065332         2.5160029810       -12.2891845734
        3.9550049000         1.4000000000         0.8605542064         2.4649654318       -12.3556718977
        3.9600017000         1.4000000000         0.8682111870         2.4266872699       -12.1562099250
        3.9650031000         1.4000000000         0.8758681675         2.3782015982       -11.9567479523
        3.9700015000         1.4000000000         0.8605542064         2.3399234363       -12.3556718977
        3.9750020000         1.4000000000         0.8656588601         2.2710227449       -12.2226972492
        3.9800013000         1.4000000000         0.8758681675         2.2404002154       -11.9567479523
        3.9850019000         1.4000000000         0.8426879184         2.1842589113       -12.8210831673
        3.9900014000         1.4000000000         0.8631065332         2.1459807494       -12.2891845734
        3.9950031000         1.4000000000         0.8707635138         2.0949432002       -12.0897226008
        4.0000011000         1.4000000000         0.8580018795         2.0541131609       -12.4221592219
        4.0050027000         1.4000000000         0.8707635138         2.0005237343       -12.0897226008
        4.0100066000         1.4000000000         0.8580018795         1.9520380625       -12.4221592219
        4.0150054000         1.4000000000         0.8733158407         1.9137599006       -12.0232352765
        4.0200057000         1.4000000000         0.8580018795         1.8576185965       -12.4221592219
        4.0250107000         1.4000000000         0.8605542064         1.8142366797       -12.3556718977
        4.0300057000         1.4000000000         0.8733158407         1.7759585179       -12.0232352765
        4.0350038000         1.4000000000         0.8554495527         1.7198172138       -12.4886465461
        4.0400061000         1.4000000000         0.8656588601         1.6713315420       -12.2226972492
        4.0450067000         1.4000000000         0.8631065332         1.6381571351       -12.2891845734
        4.0500062000         1.4000000000         0.8733158407         1.5845677084       -12.0232352765
        4.0550051000         1.4000000000         0.8707635138         1.5360820367       -12.0897226008
        4.0600071000         1.4000000000         0.8554495527         1.4875963650       -12.4886465461
        4.0650038000         1.4000000000         0.8707635138         1.4416625707       -12.0897226008
        4.0700060000         1.4000000000         0.8554495527         1.3982806539       -12.4886465461
        4.0750048000         1.4000000000         0.8554495527         1.3421393498       -12.4886465461
        4.0800049000         1.4000000000         0.8809728212         1.3115168203       -11.8237733039
        4.0850051000         1.4000000000         0.8426879184         1.2502717613       -12.8210831673
        4.0900059000         1.4000000000         0.8758681675         1.2145454769       -11.9567479523
        4.0950037000         1.4000000000         0.8605542064         1.1584041728       -12.3556718977
        4.1000080000         1.4000000000         0.8580018795         1.1201260109       -12.4221592219
        4.1050049000         1.4000000000         0.8631065332         1.0665365843       -12.2891845734
        4.1100068000         1.4000000000         0.8528972258         1.0206027900       -12.5551338703
        4.1150049000         1.4000000000         0.8528972258         0.9644614859       -12.5551338703
        4.1200063000         1.4000000000         0.8528972258         0.9236314466       -12.5551338703
        4.1250040000         1.4000000000         0.8631065332         0.8725938974       -12.2891845734
        4.1300073000         1.4000000000         0.8707635138         0.8292119806       -12.0897226008
        4.1350042000         1.4000000000         0.8503448990         0.7730706765       -12.6216211946
        4.1400050000         1.4000000000         0.8554495527         0.7245850047       -12.4886465461
        4.1450046000         1.4000000000         0.8631065332         0.6812030879       -12.2891845734
        4.1500039000         1.4000000000         0.8452402453         0.6327174162       -12.7545958430
        4.1550057000         1.4000000000         0.8631065332         0.5842317445       -12.2891845734
        4.1600040000         1.4000000000         0.8554495527         0.5357460728       -12.4886465461
        4.1650052000         1.4000000000         0.8554495527         0.4796047687       -12.4886465461
        4.1700047000         1.4000000000         0.8605542064         0.4387747293       -12.3556718977
        4.1750062000         1.4000000000         0.8528972258         0.3826334252       -12.5551338703
        4.1800075000         1.4000000000         0.8631065332         0.3392515084       -12.2891845734
        4.1850057000         1.4000000000         0.8503448990         0.2856620818       -12.6216211946
        4.1900050000         1.4000000000         0.8733158407         0.2499357974       -12.0232352765
        4.1950079000         1.4000000000         0.8401355915         0.1861388609       -12.8875704915
        4.2000078000         1.4000000000         0.8656588601         0.1402050666       -12.2226972492
        4.2050085000         1.4000000000         0.8656588601         0.0866156400       -12.2226972492
        4.2100062000         1.4000000000         0.8580018795         0.0508893556       -12.4221592219
        4.2150068000         1.4000000000         0.8656588601        -0.0001481936       -12.2226972492
        4.2200041000         1.4000000000         0.8631065332         0.0100593162       -12.2891845734
        4.2250106000         1.4000000000         0.8554495527         0.0024036839       -12.4886465461
        4.2300046000         1.4000000000         0.8682111870         1.1175741334       -12.1562099250
        4.2350102000         1.4000000000         0.8554495527         5.0066353810       -12.4886465461
        4.2400073000         1.4000000000         0.8528972258         4.9989797486       -12.5551338703
        4.2450093000         1.4000000000         0.8631065332         5.0066353810       -12.2891845734
        4.2500068000         1.4000000000         0.8580018795         4.9632534642       -12.4221592219
        4.2550068000         1.4000000000         0.8528972258         4.9045602826       -12.5551338703
        4.2600052000         1.4000000000         0.8554495527         4.8637302433       -12.4886465461
        4.2650067000         1.4000000000         0.8503448990         4.8075889392       -12.6216211946
        4.2700037000         1.4000000000         0.8477925721         4.7591032674       -12.6881085188
        4.2750055000         1.4000000000         0.8554495527         4.7029619633       -12.4886465461
        4.2800040000         1.4000000000         0.8631065332         4.6697875564       -12.2891845734
        4.2850119000         1.4000000000         0.8452402453         4.6085424974       -12.7545958430
        4.2900175000         1.4000000000         0.8528972258         4.5575049482       -12.5551338703
        4.2950066000         1.4000000000         0.8656588601         4.5090192765       -12.2226972492
        4.3000070000         1.4000000000         0.8580018795         4.4707411146       -12.4221592219
        4.3050073000         1.4000000000         0.8682111870         4.4171516879       -12.1562099250
        4.3100066000         1.4000000000         0.8528972258         4.3610103838       -12.5551338703
        4.3150901000         1.4000000000         0.8554495527         4.3150765896       -12.4886465461
        4.3200078000         1.4000000000         0.8580018795         4.2665909178       -12.4221592219
        4.3250068000         1.4000000000         0.8656588601         4.2257608785       -12.2226972492
        4.3300050000         1.4000000000         0.8580018795         4.1747233293       -12.4221592219
        4.3350061000         1.4000000000         0.8707635138         4.1313414125       -12.0897226008
        4.3400061000         1.4000000000         0.8631065332         4.0879594957       -12.2891845734
        4.3451019000         1.4000000000         0.8733158407         4.0471294564       -12.0232352765
        4.3500037000         1.4000000000         0.8631065332         3.9909881523       -12.2891845734
        4.3550080000         1.4000000000         0.8784204944         3.9501581129       -11.8902606281
        4.3600051000         1.4000000000         0.8554495527         3.8914649314       -12.4886465461
        4.3650047000         1.4000000000         0.8707635138         3.8531867695       -12.0897226008
        4.3700074000         1.4000000000         0.8733158407         3.8047010978       -12.0232352765
        4.3750048000         1.4000000000         0.8528972258         3.7511116711       -12.5551338703
        4.3800045000         1.4000000000         0.8758681675         3.7102816318       -11.9567479523
        4.3850048000         1.4000000000         0.8580018795         3.6617959601       -12.4221592219
        4.3900048000         1.4000000000         0.8784204944         3.6260696756       -11.8902606281
        4.3950060000         1.4000000000         0.8631065332         3.5673764941       -12.2891845734
        4.4000048000         1.4000000000         0.8682111870         3.5188908224       -12.1562099250
        4.4050060000         1.4000000000         0.8733158407         3.4806126605       -12.0232352765
        4.4100096000         1.4000000000         0.8707635138         3.4270232338       -12.0897226008
        4.4150055000         1.4000000000         0.8682111870         3.3887450720       -12.1562099250
        4.4200052000         1.4000000000         0.8758681675         3.3428112777       -11.9567479523
        4.4250056000         1.4000000000         0.8733158407         3.3045331158       -12.0232352765
        4.4300049000         1.4000000000         0.8733158407         3.2483918117       -12.0232352765
        4.4350028000         1.4000000000         0.8835251481         3.1973542625       -11.7572859796
        4.4400053000         1.4000000000         0.8631065332         3.1565242232       -12.2891845734
        4.4450042000         1.4000000000         0.8707635138         3.1105904289       -12.0897226008
        4.4500047000         1.4000000000         0.8758681675         3.0723122670       -11.9567479523
        4.4550029000         1.4000000000         0.8707635138         3.0161709629       -12.0897226008
        4.4600045000         1.4000000000         0.8733158407         2.9753409236       -12.0232352765
        4.4650036000         1.4000000000         0.8554495527         2.9191996195       -12.4886465461
        4.4700048000         1.4000000000         0.8605542064         2.8860252125       -12.3556718977
        4.4750052000         1.4000000000         0.8631065332         2.8273320310       -12.2891845734
        4.4800049000         1.4000000000         0.8733158407         2.7865019916       -12.0232352765
        4.4850052000         1.4000000000         0.8707635138         2.7354644424       -12.0897226008
        4.4900050000         1.4000000000         0.8605542064         2.6946344031       -12.3556718977
        4.4950052000         1.4000000000         0.8682111870         2.6487006088       -12.1562099250
        4.5000048000         1.4000000000         0.8758681675         2.6027668146       -11.9567479523
        4.5050055000         1.4000000000         0.8605542064         2.5542811429       -12.3556718977
        4.5100047000         1.4000000000         0.8682111870         2.5083473486       -12.1562099250
        4.5150054000         1.4000000000         0.8682111870         2.4649654318       -12.1562099250
        4.5200053000         1.4000000000         0.8580018795         2.4139278826       -12.4221592219
        4.5250046000         1.4000000000         0.8733158407         2.3628903334       -12.0232352765
        4.5300054000         1.4000000000         0.8605542064         2.3195084166       -12.3556718977
        4.5350050000         1.4000000000         0.8452402453         2.2659189900       -12.7545958430
        4.5400053000         1.4000000000         0.8733158407         2.2199851957       -12.0232352765
        4.5450065000         1.4000000000         0.8631065332         2.1714995240       -12.2891845734
        4.5500063000         1.4000000000         0.8605542064         2.1281176072       -12.3556718977
        4.5550066000         1.4000000000         0.8477925721         2.0770800580       -12.6881085188
        4.5600059000         1.4000000000         0.8605542064         2.0285943863       -12.3556718977
        4.5650044000         1.4000000000         0.8707635138         1.9928681019       -12.0897226008
        4.5700075000         1.4000000000         0.8631065332         1.9341749203       -12.2891845734
        4.5750048000         1.4000000000         0.8707635138         1.8933448810       -12.0897226008
        4.5800062000         1.4000000000         0.8554495527         1.8423073318       -12.4886465461
        4.5850080000         1.4000000000         0.8580018795         1.7938216601       -12.4221592219
        4.5900063000         1.4000000000         0.8580018795         1.7453359884       -12.4221592219
        4.5950061000         1.4000000000         0.8554495527         1.7070578265       -12.4886465461
        4.6000062000         1.4000000000         0.8528972258         1.6636759097       -12.5551338703
        4.6050041000         1.4000000000         0.8503448990         1.6151902379       -12.6216211946
        4.6100048000         1.4000000000         0.8733158407         1.5718083211       -12.0232352765
        4.6150058000         1.4000000000         0.8631065332         1.5258745269       -12.2891845734
        4.6200084000         1.4000000000         0.8554495527         1.4722851002       -12.4886465461
        4.6250273000         1.4000000000         0.8682111870         1.4263513060       -12.1562099250
        4.6300104000         1.4000000000         0.8477925721         1.3778656343       -12.6881085188
        4.6350049000         1.4000000000         0.8707635138         1.3395874724       -12.0897226008
        4.6400027000         1.4000000000         0.8580018795         1.2859980457       -12.4221592219
        4.6450048000         1.4000000000         0.8375832647         1.2298567416       -12.9540578157
        4.6500050000         1.4000000000         0.8682111870         1.1966823347       -12.1562099250
        4.6550069000         1.4000000000         0.8580018795         1.1328853982       -12.4221592219
        4.6600036000         1.4000000000         0.8631065332         1.0997109912       -12.2891845734
        4.6650085000         1.4000000000         0.8656588601         1.0512253195       -12.2226972492
        4.6700039000         1.4000000000         0.8631065332         1.0027396478       -12.2891845734
        4.6750049000         1.4000000000         0.8605542064         0.9568058535       -12.3556718977
        4.6800052000         1.4000000000         0.8426879184         0.8955607945       -12.8210831673
        4.6850058000         1.4000000000         0.8656588601         0.8521788777       -12.2226972492
        4.6900059000         1.4000000000         0.8528972258         0.7985894511       -12.5551338703
        4.6950052000         1.4000000000         0.8528972258         0.7501037793       -12.5551338703
        4.7000056000         1.4000000000         0.8605542064         0.7067218625       -12.3556718977
        4.7050049000         1.4000000000         0.8528972258         0.6658918232       -12.5551338703
        4.7100037000         1.4000000000         0.8656588601         0.6097505191       -12.2226972492
        4.7150047000         1.4000000000         0.8554495527         0.5587129699       -12.4886465461
        4.7200043000         1.4000000000         0.8477925721         0.5102272982       -12.6881085188
        4.7250048000         1.4000000000         0.8605542064         0.4617416265       -12.3556718977
        4.7300052000         1.4000000000         0.8580018795         0.4209115871       -12.4221592219
        4.7350047000         1.4000000000         0.8631065332         0.3647702830       -12.2891845734
        4.7400030000         1.4000000000         0.8580018795         0.3162846113       -12.4221592219
        4.7450052000         1.4000000000         0.8554495527         0.2703508170       -12.4886465461
        4.7500053000         1.4000000000         0.8580018795         0.2167613904       -12.4221592219
        4.7550048000         1.4000000000         0.8605542064         0.1733794736       -12.3556718977
        4.7600034000         1.4000000000         0.8528972258         0.1121344146       -12.5551338703
        4.7650049000         1.4000000000         0.8503448990         0.0687524978       -12.6216211946
        4.7700058000         1.4000000000         0.8554495527         0.0151630711       -12.4886465461
        4.7750034000         1.4000000000         0.8682111870         0.0024036839       -12.1562099250
        4.7800042000         1.4000000000         0.8401355915        -0.0001481936       -12.8875704915
        4.7850039000         1.4000000000         0.8554495527         1.1099185011       -12.4886465461
        4.7900055000         1.4000000000         0.8605542064         1.1073666236       -12.3556718977
        4.7950047000         1.4000000000         0.8452402453         5.0066353810       -12.7545958430
        4.8000025000         1.4000000000         0.8554495527         5.0091872584       -12.4886465461
        4.8050052000         1.4000000000         0.8605542064         4.9887722387       -12.3556718977
        4.8100040000         1.4000000000         0.8503448990         4.9300790572       -12.6216211946
        4.8150040000         1.4000000000         0.8656588601         4.8943527728       -12.2226972492
        4.8200060000         1.4000000000         0.8580018795         4.8356595912       -12.4221592219
        4.8250054000         1.4000000000         0.8401355915         4.7795182871       -12.8875704915
        4.8300035000         1.4000000000         0.8682111870         4.7361363703       -12.1562099250
        4.8350017000         1.4000000000         0.8605542064         4.6902025760       -12.3556718977
        4.8400014000         1.4000000000         0.8605542064         4.6442687818       -12.3556718977
        4.8450039000         1.4000000000         0.8375832647         4.5804718453       -12.9540578157
        4.8500017000         1.4000000000         0.8631065332         4.5370899285       -12.2891845734
        4.8550051000         1.4000000000         0.8528972258         4.4886042568       -12.5551338703
        4.8600049000         1.4000000000         0.8656588601         4.4375667076       -12.2226972492
        4.8650023000         1.4000000000         0.8528972258         4.3941847908       -12.5551338703
        4.8700027000         1.4000000000         0.8528972258         4.3456991191       -12.5551338703
        4.8750048000         1.4000000000         0.8656588601         4.2972134474       -12.2226972492
        4.8800026000         1.4000000000         0.8554495527         4.2538315306       -12.4886465461
        4.8850038000         1.4000000000         0.8605542064         4.1976902265       -12.3556718977
        4.8900046000         1.4000000000         0.8605542064         4.1492045547       -12.3556718977
        4.8950032000         1.4000000000         0.8580018795         4.0981670056       -12.4221592219
        4.9000058000         1.4000000000         0.8707635138         4.0547850888       -12.0897226008
        4.9050047000         1.4000000000         0.8477925721         4.0114031719       -12.6881085188
        4.9100054000         1.4000000000         0.8733158407         3.9705731326       -12.0232352765
        4.9150036000         1.4000000000         0.8528972258         3.9144318285       -12.5551338703
        4.9200060000         1.4000000000         0.8528972258         3.8684980342       -12.5551338703
        4.9250060000         1.4000000000         0.8682111870         3.8200123625       -12.1562099250
        4.9300061000         1.4000000000         0.8580018795         3.7689748133       -12.4221592219
        4.9350047000         1.4000000000         0.8733158407         3.7306966515       -12.0232352765
        4.9400068000         1.4000000000         0.8682111870         3.6847628572       -12.1562099250
        4.9450044000         1.4000000000         0.8580018795         3.6337253080       -12.4221592219
        4.9500051000         1.4000000000         0.8580018795         3.5801358814       -12.4221592219
        4.9550034000         1.4000000000         0.8605542064         3.5316502097       -12.3556718977
        4.9600040000         1.4000000000         0.8503448990         3.4857164154       -12.6216211946
        4.9650044000         1.4000000000         0.8707635138         3.4448863760       -12.0897226008
        4.9700078000         1.4000000000         0.8682111870         3.3989525818       -12.1562099250
        4.9750280000         1.4000000000         0.8656588601         3.3479150326       -12.2226972492
        4.9800060000         1.4000000000         0.8656588601         3.3045331158       -12.2226972492
        4.9850056000         1.4000000000         0.8733158407         3.2585993215       -12.0232352765
        4.9900036000         1.4000000000         0.8784204944         3.2203211597       -11.8902606281
        4.9950036000         1.4000000000         0.8580018795         3.1641798556       -12.4221592219
        5.0000060000         1.4000000000         0.8631065332         3.1182460613       -12.2891845734
        5.0050060000         1.4000000000         0.8758681675         3.0697603896       -11.9567479523
        5.0100058000         1.4000000000         0.8631065332         3.0187228404       -12.2891845734
        5.0150058000         1.4000000000         0.8809728212         2.9855484334       -11.8237733039
        5.0200077000         1.4000000000         0.8656588601         2.9345108842       -12.2226972492
        5.0250068000         1.4000000000         0.8733158407         2.8911289674       -12.0232352765
        5.0300049000         1.4000000000         0.8656588601         2.8324357859       -12.2226972492
        5.0350063000         1.4000000000         0.8682111870         2.7992613789       -12.1562099250
        5.0400073000         1.4000000000         0.8733158407         2.7456719523       -12.0232352765
        5.0450065000         1.4000000000         0.8656588601         2.6946344031       -12.2226972492
        5.0500066000         1.4000000000         0.8605542064         2.6538043638       -12.3556718977
        5.0550061000         1.4000000000         0.8758681675         2.6078705695       -11.9567479523
        5.0600038000         1.4000000000         0.8809728212         2.5568330203       -11.8237733039
        5.0650065000         1.4000000000         0.8758681675         2.5108992261       -11.9567479523
        5.0700043000         1.4000000000         0.8733158407         2.4726210642       -12.0232352765
        5.0750057000         1.4000000000         0.8554495527         2.4190316375       -12.4886465461
        5.0800057000         1.4000000000         0.8835251481         2.3807534756       -11.7572859796
        5.0850052000         1.4000000000         0.8631065332         2.3297159265       -12.2891845734
        5.0900038000         1.4000000000         0.8631065332         2.2761264998       -12.2891845734
        5.0950067000         1.4000000000         0.8707635138         2.2404002154       -12.0897226008
        5.1000051000         1.4000000000         0.8605542064         2.1791551564       -12.3556718977
        5.1050103000         1.4000000000         0.8707635138         2.1459807494       -12.0897226008
        5.1100043000         1.4000000000         0.8631065332         2.0949432002       -12.2891845734
        5.1150059000         1.4000000000         0.8656588601         2.0464575285       -12.2226972492
        5.1200041000         1.4000000000         0.8758681675         2.0056274892       -11.9567479523
        5.1250051000         1.4000000000         0.8656588601         1.9520380625       -12.2226972492
        5.1300061000         1.4000000000         0.8656588601         1.9061042683       -12.2226972492
        5.1350047000         1.4000000000         0.8580018795         1.8525148416       -12.4221592219
        5.1400042000         1.4000000000         0.8580018795         1.8116848023       -12.4221592219
        5.1450068000         1.4000000000         0.8733158407         1.7657510080       -12.0232352765
        5.1500056000         1.4000000000         0.8554495527         1.7147134588       -12.4886465461
        5.1550067000         1.4000000000         0.8580018795         1.6764352970       -12.4221592219
        5.1600070000         1.4000000000         0.8528972258         1.6305015027       -12.5551338703
        5.1650067000         1.4000000000         0.8682111870         1.5871195859       -12.1562099250
        5.1700103000         1.4000000000         0.8631065332         1.5360820367       -12.2891845734
        5.1750062000         1.4000000000         0.8554495527         1.4824926101       -12.4886465461
        5.1800043000         1.4000000000         0.8656588601         1.4467663256       -12.2226972492
        5.1850062000         1.4000000000         0.8580018795         1.3982806539       -12.4221592219
        5.1900050000         1.4000000000         0.8580018795         1.3370355949       -12.4221592219
        5.1950090000         1.4000000000         0.8758681675         1.3064130654       -11.9567479523
        5.2000061000         1.4000000000         0.8528972258         1.2502717613       -12.5551338703
        5.2050066000         1.4000000000         0.8758681675         1.2017860896       -11.9567479523
        5.2100081000         1.4000000000         0.8350309378         1.1533004179       -13.0205451399
        5.2150063000         1.4000000000         0.8554495527         1.1073666236       -12.4886465461
        5.2200040000         1.4000000000         0.8656588601         1.0614328293       -12.2226972492
        5.2250076000         1.4000000000         0.8477925721         1.0129471576       -12.6881085188
        5.2300041000         1.4000000000         0.8682111870         0.9644614859       -12.1562099250
        5.2350037000         1.4000000000         0.8120599961         0.9134239367       -13.6189310580
        5.2400046000         1.4000000000         0.8631065332         0.8725938974       -12.2891845734
        5.2450045000         1.4000000000         0.8631065332         0.8215563482       -12.2891845734
        5.2500049000         1.4000000000         0.8503448990         0.7730706765       -12.6216211946
        5.2550047000         1.4000000000         0.8631065332         0.7220331273       -12.2891845734
        5.2600049000         1.4000000000         0.8477925721         0.6658918232       -12.6881085188
        5.2650070000         1.4000000000         0.8631065332         0.6276136613       -12.2891845734
        5.2700043000         1.4000000000         0.8784204944         0.5867836220       -11.8902606281
        5.2750058000         1.4000000000         0.8477925721         0.5306423179       -12.6881085188
        5.2800090000         1.4000000000         0.8631065332         0.4847085236       -12.2891845734
        5.2850051000         1.4000000000         0.8554495527         0.4260153420       -12.4886465461
        5.2900059000         1.4000000000         0.8503448990         0.3851853027       -12.6216211946
        5.2950045000         1.4000000000         0.8631065332         0.3366996310       -12.2891845734
        5.3000048000         1.4000000000         0.8605542064         0.2933177142       -12.3556718977
        5.3050043000         1.4000000000         0.8656588601         0.2422801650       -12.2226972492
        5.3100045000         1.4000000000         0.8554495527         0.1937944933       -12.4886465461
        5.3150029000         1.4000000000         0.8580018795         0.1402050666       -12.4221592219
        5.3200046000         1.4000000000         0.8656588601         0.0866156400       -12.2226972492
        5.3250037000         1.4000000000         0.8554495527         0.0355780908       -12.4886465461
        5.3300050000         1.4000000000         0.8682111870        -0.0001481936       -12.1562099250
        5.3350039000         1.4000000000         0.8605542064         0.0024036839       -12.3556718977
        5.3400050000         1.4000000000         0.8554495527        -0.0052519485       -12.4886465461
        5.3450057000         1.4000000000         0.8758681675         1.1073666236       -11.9567479523
        5.3500041000         1.4000000000         0.8656588601         5.0040835035       -12.2226972492
        5.3550037000         1.4000000000         0.8401355915         5.0015316260       -12.8875704915
        5.3600021000         1.4000000000         0.8682111870         5.0091872584       -12.1562099250
        5.3650301000         1.4000000000         0.8580018795         4.9607015867       -12.4221592219
        5.3700051000         1.4000000000         0.8580018795         4.9122159150       -12.4221592219
        5.3750052000         1.4000000000         0.8631065332         4.8611783658       -12.2891845734
        5.3800056000         1.4000000000         0.8682111870         4.8126926941       -12.1562099250
        5.3850056000         1.4000000000         0.8426879184         4.7539995125       -12.8210831673
        5.3900052000         1.4000000000         0.8784204944         4.7233769830       -11.8902606281
        5.3950029000         1.4000000000         0.8503448990         4.6595800465       -12.6216211946
        5.4000031000         1.4000000000         0.8401355915         4.6085424974       -12.8875704915
        5.4050031000         1.4000000000         0.8758681675         4.5626087031       -11.9567479523
        5.4100059000         1.4000000000         0.8656588601         4.5166749088       -12.2226972492
        5.4150033000         1.4000000000         0.8528972258         4.4605336047       -12.5551338703
        5.4200050000         1.4000000000         0.8733158407         4.4197035654       -12.0232352765
        5.4250057000         1.4000000000         0.8631065332         4.3737697711       -12.2891845734
        5.4300073000         1.4000000000         0.8733158407         4.3278359769       -12.0232352765
        5.4350029000         1.4000000000         0.8605542064         4.2767984277       -12.3556718977
        5.4400060000         1.4000000000         0.8631065332         4.2308646334       -12.2891845734
        5.4450033000         1.4000000000         0.8733158407         4.1823789617       -12.0232352765
        5.4500063000         1.4000000000         0.8733158407         4.1364451674       -12.0232352765
        5.4550049000         1.4000000000         0.8656588601         4.0905113732       -12.2226972492
        5.4600059000         1.4000000000         0.8784204944         4.0420257015       -11.8902606281
        5.4650056000         1.4000000000         0.8733158407         4.0037475396       -12.0232352765
        5.4700069000         1.4000000000         0.8733158407         3.9527099904       -12.0232352765
        5.4750054000         1.4000000000         0.8682111870         3.8991205638       -12.1562099250
        5.4800069000         1.4000000000         0.8733158407         3.8659461568       -12.0232352765
        5.4850072000         1.4000000000         0.8835251481         3.8174604851       -11.7572859796
        5.4900061000         1.4000000000         0.8707635138         3.7740785683       -12.0897226008
        5.4950060000         1.4000000000         0.8707635138         3.7204891416       -12.0897226008
        5.5000056000         1.4000000000         0.8758681675         3.6694515924       -11.9567479523
        5.5050067000         1.4000000000         0.8707635138         3.6337253080       -12.0897226008
        5.5100044000         1.4000000000         0.8682111870         3.5775840039       -12.1562099250
        5.5150076000         1.4000000000         0.8835251481         3.5444095970       -11.7572859796
        5.5200038000         1.4000000000         0.8733158407         3.4959239252       -12.0232352765
        5.5250060000         1.4000000000         0.8707635138         3.4397826211       -12.0897226008
        5.5300068000         1.4000000000         0.8835251481         3.3989525818       -11.7572859796
        5.5350063000         1.4000000000         0.8758681675         3.3606744199       -11.9567479523
        5.5400035000         1.4000000000         0.8860774750         3.3121887482       -11.6907986554
        5.5450059000         1.4000000000         0.8733158407         3.2611511990       -12.0232352765
        5.5500043000         1.4000000000         0.8758681675         3.2177692822       -11.9567479523
        5.5550065000         1.4000000000         0.8758681675         3.1692836105       -11.9567479523
        5.5600065000         1.4000000000         0.8707635138         3.1233498162       -12.0897226008
        5.5650064000         1.4000000000         0.8809728212         3.0774160220       -11.8237733039
        5.5700045000         1.4000000000         0.8631065332         3.0314822277       -12.2891845734
        5.5750060000         1.4000000000         0.8784204944         2.9906521883       -11.8902606281
        5.5800066000         1.4000000000         0.8835251481         2.9396146392       -11.7572859796
        5.5850063000         1.4000000000         0.8758681675         2.9038883547       -11.9567479523
        5.5900668000         1.4000000000         0.8707635138         2.8502989281       -12.0897226008
        5.5950064000         1.4000000000         0.8707635138         2.7967095015       -12.0897226008
        5.6000063000         1.4000000000         0.8733158407         2.7584313396       -12.0232352765
        5.6050042000         1.4000000000         0.8503448990         2.7150494228       -12.6216211946
        5.6100060000         1.4000000000         0.8733158407         2.6716675060       -12.0232352765
        5.6150066000         1.4000000000         0.8758681675         2.6180780793       -11.9567479523
        5.6200054000         1.4000000000         0.8656588601         2.5721442851       -12.2226972492
        5.6250066000         1.4000000000         0.8758681675         2.5262104908       -11.9567479523
        5.6300047000         1.4000000000         0.8758681675         2.4802766965       -11.9567479523
        5.6350060000         1.4000000000         0.8605542064         2.4266872699       -12.3556718977
        5.6400063000         1.4000000000         0.8707635138         2.3858572306       -12.0897226008
        5.6450064000         1.4000000000         0.8656588601         2.3399234363       -12.2226972492
        5.6500061000         1.4000000000         0.8707635138         2.2965415195       -12.0897226008
        5.6550065000         1.4000000000         0.8631065332         2.2455039703       -12.2891845734
        5.6600045000         1.4000000000         0.8580018795         2.1970182986       -12.4221592219
        5.6650063000         1.4000000000         0.8733158407         2.1561882593       -12.0232352765
        5.6700040000         1.4000000000         0.8528972258         2.1051507101       -12.5551338703
        5.6750058000         1.4000000000         0.8631065332         2.0617687933       -12.2891845734
        5.6800045000         1.4000000000         0.8656588601         2.0107312441       -12.2226972492
        5.6850051000         1.4000000000         0.8528972258         1.9596936949       -12.5551338703
        5.6900045000         1.4000000000         0.8631065332         1.9086561457       -12.2891845734
        5.6950039000         1.4000000000         0.8656588601         1.8729298613       -12.2226972492
        5.7000022000         1.4000000000         0.8554495527         1.8167885572       -12.4886465461
        5.7050014000         1.4000000000         0.8758681675         1.7759585179       -11.9567479523
        5.7100043000         1.4000000000         0.8631065332         1.7300247236       -12.2891845734
        5.7150029000         1.4000000000         0.8528972258         1.6891946843       -12.5551338703
        5.7200029000         1.4000000000         0.8758681675         1.6432608900       -11.9567479523
        5.7250051000         1.4000000000         0.8503448990         1.5947752183       -12.6216211946
        5.7300183000         1.4000000000         0.8733158407         1.5488414240       -12.0232352765
        5.7350060000         1.4000000000         0.8528972258         1.4927001199       -12.5551338703
        5.7400074000         1.4000000000         0.8631065332         1.4646294679       -12.2891845734
        5.7450050000         1.4000000000         0.8656588601         1.4059362863       -12.2226972492
        5.7500075000         1.4000000000         0.8631065332         1.3625543695       -12.2891845734
        5.7550062000         1.4000000000         0.8605542064         1.3115168203       -12.3556718977
        5.7600090000         1.4000000000         0.8477925721         1.2553755162       -12.6881085188
        5.7650045000         1.4000000000         0.8580018795         1.2094417220       -12.4221592219
        5.7700079000         1.4000000000         0.8682111870         1.1737154375       -12.1562099250
        5.7750068000         1.4000000000         0.8554495527         1.1303335207       -12.4886465461
        5.7800059000         1.4000000000         0.8733158407         1.0818478490       -12.0232352765
        5.7850073000         1.4000000000         0.8528972258         1.0308102998       -12.5551338703
        5.7900048000         1.4000000000         0.8580018795         0.9721171183       -12.4221592219
        5.7950082000         1.4000000000         0.8656588601         0.9338389564       -12.2226972492
        5.8000062000         1.4000000000         0.8452402453         0.8853532847       -12.7545958430
        5.8050082000         1.4000000000         0.8554495527         0.8317638580       -12.4886465461
        5.8100064000         1.4000000000         0.8528972258         0.7832781863       -12.5551338703
        5.8150053000         1.4000000000         0.8528972258         0.7245850047       -12.5551338703
        5.8200067000         1.4000000000         0.8528972258         0.6786512105       -12.5551338703
        5.8250036000         1.4000000000         0.8580018795         0.6429249261       -12.4221592219
        5.8300068000         1.4000000000         0.8580018795         0.5791279896       -12.4221592219
        5.8350080000         1.4000000000         0.8631065332         0.5382979502       -12.2891845734
        5.8400091000         1.4000000000         0.8656588601         0.4949160334       -12.2226972492
        5.8450095000         1.4000000000         0.8605542064         0.4438784843       -12.3556718977
        5.8500090000         1.4000000000         0.8631065332         0.3928409351       -12.2891845734
        5.8550070000         1.4000000000         0.8554495527         0.3418033859       -12.4886465461
        5.8600073000         1.4000000000         0.8605542064         0.2958695916       -12.3556718977
        5.8650044000         1.4000000000         0.8631065332         0.2422801650       -12.2891845734
        5.8700068000         1.4000000000         0.8631065332         0.1963463707       -12.2891845734
        5.8750040000         1.4000000000         0.8554495527         0.1478606990       -12.4886465461
        5.8800076000         1.4000000000         0.8809728212         0.1070306597       -11.8237733039
        5.8850044000         1.4000000000         0.8503448990         0.0534412330       -12.6216211946
        5.8900022000         1.4000000000         0.8605542064         0.0049555613       -12.3556718977
        5.8950046000         1.4000000000         0.8631065332         0.0024036839       -12.2891845734
        5.9000023000         1.4000000000         0.8401355915        -0.0052519485       -12.8875704915
        5.9050060000         1.4000000000         0.8682111870         1.1099185011       -12.1562099250
        5.9100066000         1.4000000000         0.8733158407         5.0015316260       -12.0232352765
        5.9150055000         1.4000000000         0.8503448990         5.0091872584       -12.6216211946
        5.9200051000         1.4000000000         0.8554495527         5.0066353810       -12.4886465461
        5.9250048000         1.4000000000         0.8554495527         4.9658053416       -12.4886465461
        5.9300034000         1.4000000000         0.8631065332         4.9300790572       -12.2891845734
        5.9350046000         1.4000000000         0.8477925721         4.8713858756       -12.6881085188
        5.9400027000         1.4000000000         0.8656588601         4.8152445715       -12.2226972492
        5.9450029000         1.4000000000         0.8580018795         4.7693107773       -12.4221592219
        5.9500024000         1.4000000000         0.8554495527         4.7131694732       -12.4886465461
        5.9550018000         1.4000000000         0.8631065332         4.6697875564       -12.2891845734
        5.9600050000         1.4000000000         0.8528972258         4.6213018847       -12.5551338703
        5.9650063000         1.4000000000         0.8733158407         4.5804718453       -12.0232352765
        5.9700070000         1.4000000000         0.8605542064         4.5192267863       -12.3556718977
        5.9750048000         1.4000000000         0.8656588601         4.4809486244       -12.2226972492
        5.9800047000         1.4000000000         0.8835251481         4.4273591978       -11.7572859796
        5.9850047000         1.4000000000         0.8656588601         4.3763216486       -12.2226972492
        5.9900034000         1.4000000000         0.8809728212         4.3431472416       -11.8237733039
        5.9950050000         1.4000000000         0.8809728212         4.2972134474       -11.8237733039
        6.0000029000         1.4000000000         0.8631065332         4.2410721433       -12.2891845734
        6.0050047000         1.4000000000         0.8758681675         4.1951383490       -11.9567479523
        6.0100057000         1.4000000000         0.8656588601         4.1441007998       -12.2226972492
        6.0150042000         1.4000000000         0.8733158407         4.1032707605       -12.0232352765
        6.0200042000         1.4000000000         0.8784204944         4.0573369662       -11.8902606281
        6.0250048000         1.4000000000         0.8631065332         4.0088512945       -12.2891845734
        6.0300051000         1.4000000000         0.8682111870         3.9552618679       -12.1562099250
        6.0350059000         1.4000000000         0.8809728212         3.9144318285       -11.8237733039
        6.0400043000         1.4000000000         0.8580018795         3.8736017892       -12.4221592219
        6.0450070000         1.4000000000         0.8758681675         3.8251161174       -11.9567479523
        6.0500053000         1.4000000000         0.8758681675         3.7817342006       -11.9567479523
        6.0550057000         1.4000000000         0.8631065332         3.7255928965       -12.2891845734
        6.0600035000         1.4000000000         0.8809728212         3.6898666121       -11.8237733039
        6.0650060000         1.4000000000         0.8350309378         3.6388290629       -13.0205451399
        6.0700142000         1.4000000000         0.8682111870         3.5903433912       -12.1562099250
        6.0750068000         1.4000000000         0.8886298018         3.5495133519       -11.6243113312
        6.0800232000         1.4000000000         0.8784204944         3.5061314351       -11.8902606281
        6.0850059000         1.4000000000         0.8707635138         3.4550938859       -12.0897226008
        6.0900132000         1.4000000000         0.8758681675         3.4066082142       -11.9567479523
        6.0950045000         1.4000000000         0.8631065332         3.3657781748       -12.2891845734
        6.1000048000         1.4000000000         0.8682111870         3.3172925031       -12.1562099250
        6.1050049000         1.4000000000         0.8554495527         3.2637030765       -12.4886465461
        6.1100046000         1.4000000000         0.8784204944         3.2254249146       -11.8902606281
        6.1150084000         1.4000000000         0.8707635138         3.1692836105       -12.0897226008
        6.1200050000         1.4000000000         0.8580018795         3.1335573261       -12.4221592219
        6.1250056000         1.4000000000         0.8733158407         3.0799678994       -12.0232352765
        6.1300091000         1.4000000000         0.8809728212         3.0442416150       -11.8237733039
        6.1350056000         1.4000000000         0.8605542064         2.9932040658       -12.3556718977
        6.1400130000         1.4000000000         0.8860774750         2.9549259039       -11.6907986554
        6.1450064000         1.4000000000         0.8733158407         2.8962327224       -12.0232352765
        6.1500153000         1.4000000000         0.8580018795         2.8554026830       -12.4221592219
        6.1550053000         1.4000000000         0.8707635138         2.7992613789       -12.0897226008
        6.1600064000         1.4000000000         0.8733158407         2.7584313396       -12.0232352765
        6.1650101000         1.4000000000         0.8656588601         2.7124975453       -12.2226972492
        6.1700132000         1.4000000000         0.8758681675         2.6691156285       -11.9567479523
        6.1750055000         1.4000000000         0.8656588601         2.6155262019       -12.2226972492
        6.1800065000         1.4000000000         0.8631065332         2.5772480400       -12.2891845734
        6.1850083000         1.4000000000         0.8784204944         2.5338661232       -11.8902606281
        6.1900062000         1.4000000000         0.8835251481         2.4879323289       -11.7572859796
        6.1950103000         1.4000000000         0.8656588601         2.4317910248       -12.2226972492
        6.2000065000         1.4000000000         0.8758681675         2.3833053531       -11.9567479523
        6.2050041000         1.4000000000         0.8631065332         2.3424753138       -12.2891845734
        6.2100060000         1.4000000000         0.8682111870         2.3067490293       -12.1562099250
        6.2150063000         1.4000000000         0.8758681675         2.2531596027       -11.9567479523
        6.2200062000         1.4000000000         0.8631065332         2.2021220535       -12.2891845734
        6.2250047000         1.4000000000         0.8784204944         2.1612920142       -11.8902606281
        6.2300061000         1.4000000000         0.8733158407         2.1204619748       -12.0232352765
        6.2350063000         1.4000000000         0.8554495527         2.0592169158       -12.4886465461
        6.2400075000         1.4000000000         0.8758681675         2.0260425088       -11.9567479523
        6.2450074000         1.4000000000         0.8580018795         1.9699012047       -12.4221592219
        6.2500056000         1.4000000000         0.8528972258         1.9137599006       -12.5551338703
        6.2550041000         1.4000000000         0.8656588601         1.8754817388       -12.2226972492
        6.2600074000         1.4000000000         0.8707635138         1.8346516994       -12.0897226008
        6.2650068000         1.4000000000         0.8656588601         1.7810622728       -12.2226972492
        6.2700067000         1.4000000000         0.8528972258         1.7478878658       -12.5551338703
        6.2750072000         1.4000000000         0.8656588601         1.6891946843       -12.2226972492
        6.2800073000         1.4000000000         0.8631065332         1.6432608900       -12.2891845734
        6.2850068000         1.4000000000         0.8554495527         1.6049827281       -12.4886465461
        6.2900076000         1.4000000000         0.8631065332         1.5462895465       -12.2891845734
        6.2950068000         1.4000000000         0.8503448990         1.5029076297       -12.6216211946
        6.3000072000         1.4000000000         0.8503448990         1.4595257129       -12.6216211946
        6.3050072000         1.4000000000         0.8656588601         1.4084881638       -12.2226972492
        6.3100065000         1.4000000000         0.8580018795         1.3727618793       -12.4221592219
        6.3150143000         1.4000000000         0.8605542064         1.3089649429       -12.3556718977
        6.3200067000         1.4000000000         0.8477925721         1.2681349035       -12.6881085188
        6.3250058000         1.4000000000         0.8580018795         1.2145454769       -12.4221592219
        6.3300069000         1.4000000000         0.8554495527         1.1660598052       -12.4886465461
        6.3350055000         1.4000000000         0.8580018795         1.1303335207       -12.4221592219
        6.3400071000         1.4000000000         0.8528972258         1.0741922166       -12.5551338703
        6.3450041000         1.4000000000         0.8528972258         1.0282584224       -12.5551338703
        6.3500066000         1.4000000000         0.8733158407         0.9848765056       -12.0232352765
        6.3550068000         1.4000000000         0.8605542064         0.9363908338       -12.3556718977
        6.3600061000         1.4000000000         0.8554495527         0.8879051621       -12.4886465461
        6.3651214000         1.4000000000         0.8682111870         0.8343157355       -12.1562099250
        6.3700038000         1.4000000000         0.8554495527         0.7883819412       -12.4886465461
        6.3750048000         1.4000000000         0.8554495527         0.7398962695       -12.4886465461
        6.3800057000         1.4000000000         0.8580018795         0.6939624752       -12.4221592219
        6.3850054000         1.4000000000         0.8452402453         0.6429249261       -12.7545958430
        6.3900094000         1.4000000000         0.8350309378         0.5842317445       -13.0205451399
        6.3950097000         1.4000000000         0.8656588601         0.5510573375       -12.2226972492
        6.4000047000         1.4000000000         0.8580018795         0.5000197884       -12.4221592219
        6.4050097000         1.4000000000         0.8554495527         0.4464303617       -12.4886465461
        6.4100051000         1.4000000000         0.8656588601         0.4030484449       -12.2226972492
        6.4150045000         1.4000000000         0.8477925721         0.3469071408       -12.6881085188
        6.4200074000         1.4000000000         0.8580018795         0.3035252240       -12.4221592219
        6.4250118000         1.4000000000         0.8554495527         0.2448320425       -12.4886465461
        6.4300056000         1.4000000000         0.8426879184         0.1886907384       -12.8210831673
        6.4350098000         1.4000000000         0.8580018795         0.1453088216       -12.4221592219
        6.4400026000         1.4000000000         0.8656588601         0.0968231498       -12.2226972492
        6.4450051000         1.4000000000         0.8375832647         0.0483374781       -12.9540578157
        6.4500062000         1.4000000000         0.8580018795        -0.0001481936       -12.4221592219
        6.4550125000         1.4000000000         0.8554495527        -0.0001481936       -12.4886465461
        6.4600220000         1.4000000000         0.8426879184        -0.0001481936       -12.8210831673
        6.4650046000         1.4000000000         0.8580018795         1.1073666236       -12.4221592219
        6.4700059000         1.4000000000         0.8452402453         5.0015316260       -12.7545958430
        6.4750060000         1.4000000000         0.8605542064         5.0066353810       -12.3556718977
        6.4800032000         1.4000000000         0.8528972258         5.0066353810       -12.5551338703
        6.4850048000         1.4000000000         0.8605542064         4.9581497092       -12.3556718977
        6.4900046000         1.4000000000         0.8528972258         4.9096640375       -12.5551338703
        6.4950044000         1.4000000000         0.8580018795         4.8688339982       -12.4221592219
        6.5000100000         1.4000000000         0.8656588601         4.8126926941       -12.2226972492
        6.5050206000         1.4000000000         0.8426879184         4.7539995125       -12.8210831673
        6.5100064000         1.4000000000         0.8707635138         4.7131694732       -12.0897226008
        6.5150027000         1.4000000000         0.8733158407         4.6697875564       -12.0232352765
        6.5200046000         1.4000000000         0.8503448990         4.6187500072       -12.6216211946
        6.5250098000         1.4000000000         0.8707635138         4.5677124580       -12.0897226008
        6.5300041000         1.4000000000         0.8580018795         4.5192267863       -12.4221592219
        6.5350046000         1.4000000000         0.8631065332         4.4707411146       -12.2891845734
        6.5400046000         1.4000000000         0.8707635138         4.4248073203       -12.0897226008
        6.5450048000         1.4000000000         0.8580018795         4.3737697711       -12.4221592219
        6.5500036000         1.4000000000         0.8682111870         4.3303878543       -12.1562099250
        6.5550030000         1.4000000000         0.8758681675         4.2819021826       -11.9567479523
        6.5600049000         1.4000000000         0.8580018795         4.2359683883       -12.4221592219
        6.5650056000         1.4000000000         0.8733158407         4.1874827166       -12.0232352765
        6.5700052000         1.4000000000         0.8580018795         4.1338932900       -12.4221592219
        6.5750046000         1.4000000000         0.8656588601         4.0930632506       -12.2226972492
        6.5800051000         1.4000000000         0.8784204944         4.0522332113       -11.8902606281
        6.5850052000         1.4000000000         0.8656588601         4.0011956621       -12.2226972492
        6.5900053000         1.4000000000         0.8707635138         3.9501581129       -12.0897226008
        6.5950050000         1.4000000000         0.8707635138         3.9093280736       -12.0897226008
        6.6000032000         1.4000000000         0.8707635138         3.8710499117       -12.0897226008
        6.6050040000         1.4000000000         0.8733158407         3.8098048527       -12.0232352765
        6.6100026000         1.4000000000         0.8707635138         3.7689748133       -12.0897226008
        6.6150014000         1.4000000000         0.8682111870         3.7332485289       -12.1562099250
        6.6200044000         1.4000000000         0.8809728212         3.6771072248       -11.8237733039
        6.6250026000         1.4000000000         0.8809728212         3.6388290629       -11.8237733039
        6.6300024000         1.4000000000         0.8682111870         3.5852396363       -12.1562099250
        6.6350058000         1.4000000000         0.8835251481         3.5393058420       -11.7572859796
        6.6400030000         1.4000000000         0.8631065332         3.4857164154       -12.2891845734
        6.6450016000         1.4000000000         0.8758681675         3.4423344986       -11.9567479523
        6.6500023000         1.4000000000         0.8656588601         3.3912969494       -12.2226972492
        6.6550068000         1.4000000000         0.8733158407         3.3555706650       -12.0232352765
        6.6602573000         1.4000000000         0.8758681675         3.3070849933       -11.9567479523
        6.6650038000         1.4000000000         0.8631065332         3.2637030765       -12.2891845734
        6.6700062000         1.4000000000         0.8784204944         3.2254249146       -11.8902606281
        6.6750067000         1.4000000000         0.8707635138         3.1692836105       -12.0897226008
        6.6800038000         1.4000000000         0.8682111870         3.1259016937       -12.1562099250
        6.6850047000         1.4000000000         0.8631065332         3.0748641445       -12.2891845734
        6.6900069000         1.4000000000         0.8707635138         3.0340341051       -12.0897226008
        6.6950061000         1.4000000000         0.8758681675         2.9855484334       -11.9567479523
        6.7000044000         1.4000000000         0.8733158407         2.9447183941       -12.0232352765
        6.7050043000         1.4000000000         0.8733158407         2.9013364773       -12.0232352765
        6.7100053000         1.4000000000         0.8656588601         2.8477470506       -12.2226972492
        6.7150055000         1.4000000000         0.8707635138         2.7992613789       -12.0897226008
        6.7200075000         1.4000000000         0.8682111870         2.7507757072       -12.1562099250
        6.7250076000         1.4000000000         0.8733158407         2.7099456679       -12.0232352765
        6.7300059000         1.4000000000         0.8605542064         2.6614599961       -12.3556718977
        6.7350072000         1.4000000000         0.8656588601         2.6129743244       -12.2226972492
        6.7400043000         1.4000000000         0.8554495527         2.5619367752       -12.4886465461
        6.7450068000         1.4000000000         0.8528972258         2.5134511035       -12.5551338703
        6.7500058000         1.4000000000         0.8758681675         2.4802766965       -11.9567479523
        6.7550063000         1.4000000000         0.8656588601         2.4241353924       -12.2226972492
        6.7600049000         1.4000000000         0.8682111870         2.3833053531       -12.1562099250
        6.7650077000         1.4000000000         0.8554495527         2.3322678039       -12.4886465461
        6.7700041000         1.4000000000         0.8656588601         2.2786783773       -12.2226972492
        6.7750062000         1.4000000000         0.8707635138         2.2404002154       -12.0897226008
        6.7800942000         1.4000000000         0.8503448990         2.1868107888       -12.6216211946
        6.7850067000         1.4000000000         0.8580018795         2.1408769945       -12.4221592219
        6.7900070000         1.4000000000         0.8707635138         2.0974950777       -12.0897226008
        6.7950063000         1.4000000000         0.8554495527         2.0566650383       -12.4886465461
        6.8000060000         1.4000000000         0.8733158407         2.0030756117       -12.0232352765
        6.8050062000         1.4000000000         0.8554495527         1.9494861851       -12.4886465461
        6.8100061000         1.4000000000         0.8707635138         1.9112080232       -12.0897226008
        6.8150066000         1.4000000000         0.8682111870         1.8729298613       -12.1562099250
        6.8200037000         1.4000000000         0.8554495527         1.8193404347       -12.4886465461
        6.8250039000         1.4000000000         0.8733158407         1.7708547629       -12.0232352765
        6.8300041000         1.4000000000         0.8528972258         1.7249209687       -12.5551338703
        6.8350051000         1.4000000000         0.8733158407         1.6789871744       -12.0232352765
        6.8400064000         1.4000000000         0.8656588601         1.6381571351       -12.2226972492
        6.8450071000         1.4000000000         0.8707635138         1.5896714634       -12.0897226008
        6.8500057000         1.4000000000         0.8580018795         1.5309782818       -12.4221592219
        6.8550046000         1.4000000000         0.8656588601         1.4901482425       -12.2226972492
        6.8600069000         1.4000000000         0.8656588601         1.4442144482       -12.2226972492
        6.8650050000         1.4000000000         0.8554495527         1.3957287765       -12.4886465461
        6.8700065000         1.4000000000         0.8682111870         1.3574506146       -12.1562099250
        6.8750050000         1.4000000000         0.8809728212         1.3115168203       -11.8237733039
        6.8800039000         1.4000000000         0.8477925721         1.2553755162       -12.6881085188
        6.8850059000         1.4000000000         0.8733158407         1.2094417220       -12.0232352765
        6.8900052000         1.4000000000         0.8784204944         1.1686116826       -11.8902606281
        6.8950039000         1.4000000000         0.8426879184         1.1124703785       -12.8210831673
        6.9000050000         1.4000000000         0.8682111870         1.0716403392       -12.1562099250
        6.9050036000         1.4000000000         0.8528972258         1.0206027900       -12.5551338703
        6.9100039000         1.4000000000         0.8554495527         0.9644614859       -12.4886465461
        6.9150057000         1.4000000000         0.8503448990         0.9185276916       -12.6216211946
        6.9200049000         1.4000000000         0.8580018795         0.8751457748       -12.4221592219
        6.9250041000         1.4000000000         0.8758681675         0.8343157355       -11.9567479523
        6.9300061000         1.4000000000         0.8426879184         0.7705187990       -12.8210831673
        6.9350050000         1.4000000000         0.8733158407         0.7398962695       -12.0232352765
        6.9400074000         1.4000000000         0.8580018795         0.6812030879       -12.4221592219
        6.9450053000         1.4000000000         0.8452402453         0.6301655388       -12.7545958430
        6.9500029000         1.4000000000         0.8631065332         0.5816798670       -12.2891845734
        6.9550057000         1.4000000000         0.8580018795         0.5382979502       -12.4221592219
        6.9600070000         1.4000000000         0.8528972258         0.4872604011       -12.5551338703
        6.9650066000         1.4000000000         0.8682111870         0.4311190970       -12.1562099250
        6.9700063000         1.4000000000         0.8682111870         0.3979446900       -12.1562099250
        6.9750061000         1.4000000000         0.8631065332         0.3418033859       -12.2891845734
        6.9800054000         1.4000000000         0.8605542064         0.2933177142       -12.3556718977
        6.9850063000         1.4000000000         0.8707635138         0.2473839199       -12.0897226008
        6.9900049000         1.4000000000         0.8503448990         0.1912426158       -12.6216211946
        6.9950069000         1.4000000000         0.8733158407         0.1504125765       -12.0232352765
        7.0000060000         1.4000000000         0.8682111870         0.0993750273       -12.1562099250
        7.0050059000         1.4000000000         0.8528972258         0.0508893556       -12.5551338703
        7.0100062000         1.4000000000         0.8707635138         0.0049555613       -12.0897226008
        7.0150063000         1.4000000000         0.8707635138         0.0024036839       -12.0897226008
        7.0200068000         1.4000000000         0.8528972258         0.0024036839       -12.5551338703
        7.0250038000         1.4000000000         0.8733158407         1.1175741334       -12.0232352765
        7.0300061000         1.4000000000         0.8733158407         5.0091872584       -12.0232352765
        7.0350053000         1.4000000000         0.8528972258         5.0015316260       -12.5551338703
        7.0400047000         1.4000000000         0.8528972258         5.0015316260       -12.5551338703
        7.0450276000         1.4000000000         0.8707635138         4.9709090965       -12.0897226008
        7.0500050000         1.4000000000         0.8733158407         4.9300790572       -12.0232352765
        7.0550049000         1.4000000000         0.8452402453         4.8713858756       -12.7545958430
        7.0600077000         1.4000000000         0.8707635138         4.8203483265       -12.0897226008
        7.0650044000         1.4000000000         0.8580018795         4.7744145322       -12.4221592219
        7.0700041000         1.4000000000         0.8580018795         4.7233769830       -12.4221592219
        7.0750019000         1.4000000000         0.8605542064         4.6697875564       -12.3556718977
        7.0800028000         1.4000000000         0.8554495527         4.6315093945       -12.4886465461
        7.0850055000         1.4000000000         0.8758681675         4.5804718453       -11.9567479523
        7.0900038000         1.4000000000         0.8784204944         4.5396418060       -11.8902606281
        7.0950019000         1.4000000000         0.8631065332         4.4911561342       -12.2891845734
        7.1000029000         1.4000000000         0.8707635138         4.4273591978       -12.0897226008
        7.1050017000         1.4000000000         0.8528972258         4.3839772810       -12.5551338703
        7.1100048000         1.4000000000         0.8707635138         4.3482509965       -12.0897226008
        7.1150038000         1.4000000000         0.8733158407         4.2921096924       -12.0232352765
        7.1200080000         1.4000000000         0.8656588601         4.2487277756       -12.2226972492
        7.1250045000         1.4000000000         0.8758681675         4.2104496138       -11.9567479523
        7.1300048000         1.4000000000         0.8784204944         4.1543083097       -11.8902606281
        7.1350041000         1.4000000000         0.8707635138         4.1109263928       -12.0897226008
        7.1400035000         1.4000000000         0.8733158407         4.0649925986       -12.0232352765
        7.1450049000         1.4000000000         0.8784204944         4.0216106818       -11.8902606281
        7.1500047000         1.4000000000         0.8758681675         3.9782287650       -11.9567479523
        7.1550059000         1.4000000000         0.8860774750         3.9246393383       -11.6907986554
        7.1600035000         1.4000000000         0.8758681675         3.8787055441       -11.9567479523
        7.1650054000         1.4000000000         0.8860774750         3.8404273822       -11.6907986554
        7.1700046000         1.4000000000         0.8733158407         3.7817342006       -12.0232352765
        7.1750059000         1.4000000000         0.8733158407         3.7409041613       -12.0232352765
        7.1800061000         1.4000000000         0.8886298018         3.7026259994       -11.6243113312
        7.1850068000         1.4000000000         0.8733158407         3.6541403277       -12.0232352765
        7.1900044000         1.4000000000         0.8758681675         3.6056546560       -11.9567479523
        7.1950063000         1.4000000000         0.8784204944         3.5546171068       -11.8902606281
        7.2000067000         1.4000000000         0.8758681675         3.5214426998       -11.9567479523
        7.2050067000         1.4000000000         0.8886298018         3.4755089056       -11.6243113312
        7.2100054000         1.4000000000         0.8784204944         3.4193676015       -11.8902606281
        7.2150061000         1.4000000000         0.8835251481         3.3759856847       -11.7572859796
        7.2200065000         1.4000000000         0.8911821287         3.3402594002       -11.5578240069
        7.2250071000         1.4000000000         0.8656588601         3.2892218510       -12.2226972492
        7.2300039000         1.4000000000         0.8758681675         3.2356324244       -11.9567479523
        7.2350067000         1.4000000000         0.8886298018         3.1948023851       -11.6243113312
        7.2400059000         1.4000000000         0.8707635138         3.1590761006       -12.0897226008
        7.2450065000         1.4000000000         0.8860774750         3.1105904289       -11.6907986554
        7.2500062000         1.4000000000         0.8860774750         3.0570010023       -11.6907986554
        7.2550059000         1.4000000000         0.8631065332         3.0085153306       -12.2891845734
        7.2600059000         1.4000000000         0.8784204944         2.9702371687       -11.8902606281
        7.2650064000         1.4000000000         0.8707635138         2.9268552519       -12.0897226008
        7.2700062000         1.4000000000         0.8656588601         2.8758177027       -12.2226972492
        7.2750061000         1.4000000000         0.8733158407         2.8324357859       -12.0232352765
        7.2800055000         1.4000000000         0.8707635138         2.7865019916       -12.0897226008
        7.2850070000         1.4000000000         0.8809728212         2.7405681974       -11.8237733039
        7.2900079000         1.4000000000         0.8656588601         2.6895306482       -12.2226972492
        7.2950068000         1.4000000000         0.8707635138         2.6461487314       -12.0897226008
        7.3000067000         1.4000000000         0.8860774750         2.6078705695       -11.6907986554
        7.3050070000         1.4000000000         0.8707635138         2.5517292654       -12.0897226008
        7.3100047000         1.4000000000         0.8656588601         2.5108992261       -12.2226972492
        7.3150067000         1.4000000000         0.8656588601         2.4547579220       -12.2226972492
        7.3200069000         1.4000000000         0.8452402453         2.4088241277       -12.7545958430
        7.3250065000         1.4000000000         0.8784204944         2.3756497207       -11.8902606281
        7.3300066000         1.4000000000         0.8605542064         2.3144046617       -12.3556718977
        7.3350065000         1.4000000000         0.8682111870         2.2710227449       -12.1562099250
        7.3400253000         1.4000000000         0.8707635138         2.2276408281       -12.0897226008
        7.3450071000         1.4000000000         0.8605542064         2.1740514015       -12.3556718977
        7.3500066000         1.4000000000         0.8631065332         2.1255657297       -12.2891845734
        7.3550068000         1.4000000000         0.8707635138         2.0923913228       -12.0897226008
        7.3600073000         1.4000000000         0.8631065332         2.0336981412       -12.2891845734
        7.3650057000         1.4000000000         0.8656588601         1.9903162244       -12.2226972492
        7.3700067000         1.4000000000         0.8605542064         1.9494861851       -12.3556718977
        7.3750046000         1.4000000000         0.8733158407         1.9010005134       -12.0232352765
        7.3800089000         1.4000000000         0.8707635138         1.8525148416       -12.0897226008
        7.3850047000         1.4000000000         0.8631065332         1.8065810474       -12.2891845734
        7.3900062000         1.4000000000         0.8605542064         1.7606472531       -12.3556718977
        7.3950067000         1.4000000000         0.8682111870         1.7198172138       -12.1562099250
        7.4000062000         1.4000000000         0.8656588601         1.6738834195       -12.2226972492
        7.4050047000         1.4000000000         0.8528972258         1.6202939929       -12.5551338703
        7.4100060000         1.4000000000         0.8580018795         1.5692564437       -12.4221592219
        7.4150038000         1.4000000000         0.8656588601         1.5284264043       -12.2226972492
        7.4200049000         1.4000000000         0.8605542064         1.4824926101       -12.3556718977
        7.4250030000         1.4000000000         0.8707635138         1.4416625707       -12.0897226008
        7.4300047000         1.4000000000         0.8503448990         1.3880731441       -12.6216211946
        7.4350040000         1.4000000000         0.8580018795         1.3370355949       -12.4221592219
        7.4400050000         1.4000000000         0.8656588601         1.2987574330       -12.2226972492
        7.4450029000         1.4000000000         0.8503448990         1.2528236388       -12.6216211946
        7.4500050000         1.4000000000         0.8682111870         1.1992342121       -12.1562099250
        7.4550032000         1.4000000000         0.8656588601         1.1533004179       -12.2226972492
        7.4600068000         1.4000000000         0.8426879184         1.0971591138       -12.8210831673
        7.4650039000         1.4000000000         0.8707635138         1.0588809519       -12.0897226008
        7.4700064000         1.4000000000         0.8477925721         1.0078434027       -12.6881085188
        7.4750059000         1.4000000000         0.8656588601         0.9695652408       -12.2226972492
        7.4800066000         1.4000000000         0.8477925721         0.9134239367       -12.6881085188
        7.4850053000         1.4000000000         0.8631065332         0.8649382650       -12.2891845734
        7.4900062000         1.4000000000         0.8580018795         0.8164525933       -12.4221592219
        7.4950093000         1.4000000000         0.8580018795         0.7730706765       -12.4221592219
        7.5000069000         1.4000000000         0.8682111870         0.7194812498       -12.1562099250
        7.5050043000         1.4000000000         0.8528972258         0.6658918232       -12.5551338703
        7.5100063000         1.4000000000         0.8631065332         0.6250617838       -12.2891845734
        7.5150068000         1.4000000000         0.8733158407         0.5740242347       -12.0232352765
        7.5200060000         1.4000000000         0.8554495527         0.5357460728       -12.4886465461
        7.5250059000         1.4000000000         0.8733158407         0.4847085236       -12.0232352765
        7.5300057000         1.4000000000         0.8605542064         0.4311190970       -12.3556718977
        7.5350060000         1.4000000000         0.8580018795         0.3749777929       -12.4221592219
        7.5400043000         1.4000000000         0.8631065332         0.3341477535       -12.2891845734
        7.5450066000         1.4000000000         0.8605542064         0.2754545720       -12.3556718977
        7.5500073000         1.4000000000         0.8580018795         0.2397282875       -12.4221592219
        7.5550076000         1.4000000000         0.8477925721         0.1861388609       -12.6881085188
        7.5600037000         1.4000000000         0.8733158407         0.1402050666       -12.0232352765
        7.5650063000         1.4000000000         0.8605542064         0.0866156400       -12.3556718977
        7.5700040000         1.4000000000         0.8426879184         0.0330262134       -12.8210831673
        7.5750058000         1.4000000000         0.8733158407         0.0049555613       -12.0232352765
        7.5800042000         1.4000000000         0.8477925721        -0.0027000711       -12.6881085188
        7.5850057000         1.4000000000         0.8631065332         0.0100593162       -12.2891845734
        7.5900049000         1.4000000000         0.8656588601         1.1124703785       -12.2226972492
        7.5950092000         1.4000000000         0.8554495527         5.0015316260       -12.4886465461
        7.6000063000         1.4000000000         0.8528972258         5.0015316260       -12.5551338703
        7.6050063000         1.4000000000         0.8605542064         5.0091872584       -12.3556718977
        7.6100097000         1.4000000000         0.8580018795         4.9479421994       -12.4221592219
        7.6150068000         1.4000000000         0.8631065332         4.9071121601       -12.2891845734
        7.6200082000         1.4000000000         0.8528972258         4.8509708560       -12.5551338703
        7.6250366000         1.4000000000         0.8707635138         4.8024851842       -12.0897226008
        7.6300066000         1.4000000000         0.8605542064         4.7565513900       -12.3556718977
        7.6350065000         1.4000000000         0.8707635138         4.7157213506       -12.0897226008
        7.6400064000         1.4000000000         0.8758681675         4.6646838015       -11.9567479523
        7.6450048000         1.4000000000         0.8452402453         4.6085424974       -12.7545958430
        7.6500060000         1.4000000000         0.8682111870         4.5600568256       -12.1562099250
        7.6550056000         1.4000000000         0.8682111870         4.5141230314       -12.1562099250
        7.6600073000         1.4000000000         0.8682111870         4.4630854822       -12.1562099250
        7.6650064000         1.4000000000         0.8631065332         4.4145998105       -12.2891845734
        7.6700043000         1.4000000000         0.8580018795         4.3661141388       -12.4221592219
        7.6750066000         1.4000000000         0.8605542064         4.3227322219       -12.3556718977
        7.6800057000         1.4000000000         0.8758681675         4.2819021826       -11.9567479523
        7.6850065000         1.4000000000         0.8707635138         4.2334165109       -12.0897226008
        7.6900073000         1.4000000000         0.8656588601         4.1798270842       -12.2226972492
        7.6950063000         1.4000000000         0.8682111870         4.1338932900       -12.1562099250
        7.7000042000         1.4000000000         0.8656588601         4.0803038633       -12.2226972492
        7.7050064000         1.4000000000         0.8656588601         4.0445775789       -12.2226972492
        7.7100063000         1.4000000000         0.8733158407         4.0011956621       -12.0232352765
        7.7150059000         1.4000000000         0.8682111870         3.9501581129       -12.1562099250
        7.7200277000         1.4000000000         0.8656588601         3.9042243187       -12.2226972492
        7.7250075000         1.4000000000         0.8580018795         3.8582905244       -12.4221592219
        7.7300044000         1.4000000000         0.8809728212         3.8072529752       -11.8237733039
        7.7350062000         1.4000000000         0.8733158407         3.7638710584       -12.0232352765
        7.7400070000         1.4000000000         0.8707635138         3.7255928965       -12.0897226008
        7.7450065000         1.4000000000         0.8707635138         3.6694515924       -12.0897226008
        7.7500038000         1.4000000000         0.8682111870         3.6133102883       -12.1562099250
        7.7550060000         1.4000000000         0.8682111870         3.5801358814       -12.1562099250
        7.7600061000         1.4000000000         0.8682111870         3.5239945773       -12.1562099250
        7.7650070000         1.4000000000         0.8733158407         3.4908201703       -12.0232352765
        7.7700069000         1.4000000000         0.8656588601         3.4321269888       -12.2226972492
        7.7750062000         1.4000000000         0.8733158407         3.3912969494       -12.0232352765
        7.7800034000         1.4000000000         0.8758681675         3.3479150326       -11.9567479523
        7.7850136000         1.4000000000         0.8733158407         3.2917737285       -12.0232352765
        7.7900047000         1.4000000000         0.8784204944         3.2560474441       -11.8902606281
        7.7950062000         1.4000000000         0.8835251481         3.2050098949       -11.7572859796
        7.8000271000         1.4000000000         0.8733158407         3.1616279781       -12.0232352765
        7.8050060000         1.4000000000         0.8758681675         3.1233498162       -11.9567479523
        7.8100048000         1.4000000000         0.8733158407         3.0646566347       -12.0232352765
        7.8150036000         1.4000000000         0.8605542064         3.0238265953       -12.3556718977
        7.8200050000         1.4000000000         0.8656588601         2.9727890461       -12.2226972492
        7.8250048000         1.4000000000         0.8784204944         2.9294071293       -11.8902606281
        7.8300048000         1.4000000000         0.8707635138         2.8834733351       -12.0897226008
        7.8350056000         1.4000000000         0.8733158407         2.8400914183       -12.0232352765
        7.8400049000         1.4000000000         0.8682111870         2.7916057465       -12.1562099250
        7.8450032000         1.4000000000         0.8733158407         2.7507757072       -12.0232352765
        7.8500064000         1.4000000000         0.8656588601         2.6946344031       -12.2226972492
        7.8550051000         1.4000000000         0.8682111870         2.6512524863       -12.1562099250
        7.8600047000         1.4000000000         0.8835251481         2.6078705695       -11.7572859796
        7.8650058000         1.4000000000         0.8733158407         2.5670405302       -12.0232352765
        7.8700051000         1.4000000000         0.8682111870         2.5134511035       -12.1562099250
        7.8750058000         1.4000000000         0.8758681675         2.4700691867       -11.9567479523
        7.8800061000         1.4000000000         0.8605542064         2.4190316375       -12.3556718977
        7.8850043000         1.4000000000         0.8835251481         2.3833053531       -11.7572859796
        7.8900067000         1.4000000000         0.8554495527         2.3271640490       -12.4886465461
        7.8950090000         1.4000000000         0.8784204944         2.2863340097       -11.8902606281
        7.9000028000         1.4000000000         0.8809728212         2.2429520929       -11.8237733039
        7.9050031000         1.4000000000         0.8452402453         2.1842589113       -12.7545958430
        7.9100067000         1.4000000000         0.8784204944         2.1510845043       -11.8902606281
        7.9150053000         1.4000000000         0.8554495527         2.0923913228       -12.4886465461
        7.9200068000         1.4000000000         0.8631065332         2.0490094060       -12.2891845734
        7.9250045000         1.4000000000         0.8707635138         2.0081793666       -12.0897226008
        7.9300062000         1.4000000000         0.8528972258         1.9520380625       -12.5551338703
        7.9350061000         1.4000000000         0.8605542064         1.9035523908       -12.3556718977
        7.9400092000         1.4000000000         0.8605542064         1.8525148416       -12.3556718977
        7.9450073000         1.4000000000         0.8580018795         1.8142366797       -12.4221592219
        7.9500060000         1.4000000000         0.8682111870         1.7657510080       -12.1562099250
        7.9550034000         1.4000000000         0.8631065332         1.7198172138       -12.2891845734
        7.9600060000         1.4000000000         0.8656588601         1.6840909293       -12.2226972492
        7.9650059000         1.4000000000         0.8375832647         1.6253977478       -12.9540578157
        7.9700062000         1.4000000000         0.8605542064         1.5845677084       -12.3556718977
        7.9750069000         1.4000000000         0.8656588601         1.5437376691       -12.2226972492
        7.9800061000         1.4000000000         0.8656588601         1.4952519974       -12.2226972492
        7.9850062000         1.4000000000         0.8631065332         1.4416625707       -12.2891845734
        7.9900065000         1.4000000000         0.8528972258         1.3957287765       -12.5551338703
        7.9951393000         1.4000000000         0.8707635138         1.3497949822       -12.0897226008
        8.0000063000         1.4000000000         0.8733158407         1.3013093105       -12.0232352765
        8.0050061000         1.4000000000         0.8528972258         1.2502717613       -12.5551338703
        8.0100066000         1.4000000000         0.8707635138         1.2068898445       -12.0897226008
        8.0150056000         1.4000000000         0.8682111870         1.1609560502       -12.1562099250
        8.0200038000         1.4000000000         0.8605542064         1.1124703785       -12.3556718977
        8.0250077000         1.4000000000         0.8758681675         1.0665365843       -11.9567479523
        8.0300050000         1.4000000000         0.8580018795         1.0154990351       -12.4221592219
        8.0350049000         1.4000000000         0.8733158407         0.9746689957       -12.0232352765
        8.0400037000         1.4000000000         0.8554495527         0.9185276916       -12.4886465461
        8.0450054000         1.4000000000         0.8528972258         0.8776976523       -12.5551338703
        8.0500042000         1.4000000000         0.8707635138         0.8266601031       -12.0897226008
        8.0550050000         1.4000000000         0.8477925721         0.7730706765       -12.6881085188
        8.0600030000         1.4000000000         0.8733158407         0.7373443920       -12.0232352765
        8.0650050000         1.4000000000         0.8656588601         0.6837549654       -12.2226972492
        8.0700048000         1.4000000000         0.8554495527         0.6301655388       -12.4886465461
        8.0750059000         1.4000000000         0.8631065332         0.5816798670       -12.2891845734
        8.0800038000         1.4000000000         0.8554495527         0.5408498277       -12.4886465461
        8.0850055000         1.4000000000         0.8656588601         0.4923641560       -12.2226972492
        8.0900058000         1.4000000000         0.8656588601         0.4438784843       -12.2226972492
        8.0950040000         1.4000000000         0.8580018795         0.3953928125       -12.4221592219
        8.1000029000         1.4000000000         0.8656588601         0.3469071408       -12.2226972492
        8.1050016000         1.4000000000         0.8554495527         0.2933177142       -12.4886465461
        8.1100048000         1.4000000000         0.8554495527         0.2422801650       -12.4886465461
        8.1150016000         1.4000000000         0.8503448990         0.1963463707       -12.6216211946
        8.1200025000         1.4000000000         0.8554495527         0.1427569441       -12.4886465461
        8.1250046000         1.4000000000         0.8784204944         0.1070306597       -11.8902606281
        8.1300057000         1.4000000000         0.8554495527         0.0508893556       -12.4886465461
        8.1350065000         1.4000000000         0.8758681675         0.0126111937       -11.9567479523
        8.1400032000         1.4000000000         0.8733158407        -0.0001481936       -12.0232352765
        8.1450021000         1.4000000000         0.8631065332         0.0024036839       -12.2891845734
        8.1500067000         1.4000000000         0.8784204944         1.1073666236       -11.8902606281
        8.1550045000         1.4000000000         0.8758681675         5.0066353810       -11.9567479523
        8.1600025000         1.4000000000         0.8605542064         4.9989797486       -12.3556718977
        8.1650021000         1.4000000000         0.8758681675         5.0040835035       -11.9567479523
        8.1700033000         1.4000000000         0.8631065332         4.9836684838       -12.2891845734
        8.1750051000         1.4000000000         0.8758681675         4.9326309346       -11.9567479523
        8.1800033000         1.4000000000         0.8707635138         4.8918008953       -12.0897226008
        8.1850046000         1.4000000000         0.8605542064         4.8356595912       -12.3556718977
        8.1900037000         1.4000000000         0.8784204944         4.7922776744       -11.8902606281
        8.1950053000         1.4000000000         0.8631065332         4.7361363703       -12.2891845734
        8.2000025000         1.4000000000         0.8758681675         4.6927544535       -11.9567479523
        8.2050034000         1.4000000000         0.8580018795         4.6417169043       -12.4221592219
        8.2100035000         1.4000000000         0.8707635138         4.5983349875       -12.0897226008
        8.2150025000         1.4000000000         0.8707635138         4.5421936834       -12.0897226008
        8.2200047000         1.4000000000         0.8682111870         4.4937080117       -12.1562099250
        8.2250039000         1.4000000000         0.8605542064         4.4426704625       -12.3556718977
        8.2300044000         1.4000000000         0.8682111870         4.3967366683       -12.1562099250
        8.2350038000         1.4000000000         0.8682111870         4.3508028740       -12.1562099250
        8.2400037000         1.4000000000         0.8707635138         4.2972134474       -12.0897226008
        8.2450031000         1.4000000000         0.8656588601         4.2614871629       -12.2226972492
        8.2500042000         1.4000000000         0.8682111870         4.2078977363       -12.1562099250
        8.2550030000         1.4000000000         0.8707635138         4.1645158195       -12.0897226008
        8.2600021000         1.4000000000         0.8656588601         4.1211339027       -12.2226972492
        8.2650594000         1.4000000000         0.8758681675         4.0700963535       -11.9567479523
        8.2700037000         1.4000000000         0.8809728212         4.0318181916       -11.8237733039
        8.2750020000         1.4000000000         0.8682111870         3.9782287650       -12.1562099250
        8.2800012000         1.4000000000         0.8886298018         3.9348468482       -11.6243113312
        8.2850023000         1.4000000000         0.8631065332         3.8812574215       -12.2891845734
        8.2900014000         1.4000000000         0.8707635138         3.8404273822       -12.0897226008
        8.2950064000         1.4000000000         0.8707635138         3.7868379556       -12.0897226008
        8.3000046000         1.4000000000         0.8631065332         3.7511116711       -12.2891845734
        8.3050053000         1.4000000000         0.8707635138         3.6975222445       -12.0897226008
        8.3100022000         1.4000000000         0.8835251481         3.6617959601       -11.7572859796
        8.3150042000         1.4000000000         0.8631065332         3.6056546560       -12.2891845734
        8.3200031000         1.4000000000         0.8733158407         3.5673764941       -12.0232352765
        8.3250032000         1.4000000000         0.8835251481         3.5188908224       -11.7572859796
        8.3300024000         1.4000000000         0.8682111870         3.4678532732       -12.1562099250
        8.3350035000         1.4000000000         0.8809728212         3.4295751113       -11.8237733039
        8.3400029000         1.4000000000         0.8707635138         3.3734338072       -12.0897226008
        8.3450309000         1.4000000000         0.8682111870         3.3275000129       -12.1562099250
        8.3500017000         1.4000000000         0.8707635138         3.2892218510       -12.0897226008
        8.3550034000         1.4000000000         0.8835251481         3.2483918117       -11.7572859796
        8.3600058000         1.4000000000         0.8758681675         3.1922505076       -11.9567479523
        8.3650049000         1.4000000000         0.8656588601         3.1539723457       -12.2226972492
        8.3700041000         1.4000000000         0.8656588601         3.0978310416       -12.2226972492
        8.3750023000         1.4000000000         0.8860774750         3.0646566347       -11.6907986554
        8.3800045000         1.4000000000         0.8707635138         3.0161709629       -12.0897226008
        8.3850040000         1.4000000000         0.8784204944         2.9702371687       -11.8902606281
        8.3900054000         1.4000000000         0.8835251481         2.9268552519       -11.7572859796
        8.3950050000         1.4000000000         0.8605542064         2.8707139478       -12.3556718977
        8.4000036000         1.4000000000         0.8758681675         2.8247801535       -11.9567479523
        8.4050017000         1.4000000000         0.8656588601         2.7788463592       -12.2226972492
        8.4100033000         1.4000000000         0.8707635138         2.7380163199       -12.0897226008
        8.4150032000         1.4000000000         0.8733158407         2.6946344031       -12.0232352765
        8.4200065000         1.4000000000         0.8707635138         2.6461487314       -12.0897226008
        8.4250052000         1.4000000000         0.8784204944         2.6053186920       -11.8902606281
        8.4300029000         1.4000000000         0.8222693035         2.5440736330       -13.3529817611
        8.4350016000         1.4000000000         0.8758681675         2.5032435937       -11.9567479523
        8.4400025000         1.4000000000         0.8784204944         2.4573097994       -11.8902606281
        8.4450034000         1.4000000000         0.8605542064         2.4113760052       -12.3556718977
        8.4500028000         1.4000000000         0.8886298018         2.3628903334       -11.6243113312
        8.4550032000         1.4000000000         0.8631065332         2.3195084166       -12.2891845734
        8.4600034000         1.4000000000         0.8605542064         2.2710227449       -12.3556718977
        8.4650030000         1.4000000000         0.8758681675         2.2250889506       -11.9567479523
        8.4700029000         1.4000000000         0.8605542064         2.1714995240       -12.3556718977
        8.4750034000         1.4000000000         0.8605542064         2.1306694847       -12.3556718977
        8.4800694000         1.4000000000         0.8656588601         2.0872875679       -12.2226972492
        8.4850033000         1.4000000000         0.8707635138         2.0388018961       -12.0897226008
        8.4900029000         1.4000000000         0.8528972258         1.9826605920       -12.5551338703
        8.4950068000         1.4000000000         0.8682111870         1.9494861851       -12.1562099250
        8.5000059000         1.4000000000         0.8758681675         1.9061042683       -11.9567479523
        8.5050083000         1.4000000000         0.8580018795         1.8448592093       -12.4221592219
        8.5100068000         1.4000000000         0.8707635138         1.8116848023       -12.0897226008
        8.5150049000         1.4000000000         0.8631065332         1.7529916207       -12.2891845734
        8.5200066000         1.4000000000         0.8707635138         1.7172653363       -12.0897226008
        8.5250050000         1.4000000000         0.8656588601         1.6611240322       -12.2226972492
        8.5300052000         1.4000000000         0.8554495527         1.6228458703       -12.4886465461
        8.5350043000         1.4000000000         0.8758681675         1.5820158310       -11.9567479523
        8.5400045000         1.4000000000         0.8707635138         1.5284264043       -12.0897226008
        8.5450061000         1.4000000000         0.8528972258         1.4824926101       -12.5551338703
        8.5500047000         1.4000000000         0.8631065332         1.4263513060       -12.2891845734
        8.5550043000         1.4000000000         0.8631065332         1.3931768990       -12.2891845734
        8.5600069000         1.4000000000         0.8656588601         1.3421393498       -12.2226972492
        8.5650047000         1.4000000000         0.8707635138         1.2936536781       -12.0897226008
        8.5700069000         1.4000000000         0.8528972258         1.2477198838       -12.5551338703
        8.5750046000         1.4000000000         0.8580018795         1.1992342121       -12.4221592219
        8.5800065000         1.4000000000         0.8554495527         1.1507485404       -12.4886465461
        8.5850048000         1.4000000000         0.8656588601         1.1073666236       -12.2226972492
        8.5900053000         1.4000000000         0.8580018795         1.0537771970       -12.4221592219
        8.5950038000         1.4000000000         0.8426879184         1.0027396478       -12.8210831673
        8.6000067000         1.4000000000         0.8631065332         0.9670133634       -12.2891845734
        8.6050041000         1.4000000000         0.8426879184         0.9057683043       -12.8210831673
        8.6100039000         1.4000000000         0.8554495527         0.8598345101       -12.4886465461
        8.6150054000         1.4000000000         0.8605542064         0.8113488384       -12.3556718977
        8.6200053000         1.4000000000         0.8426879184         0.7654150441       -12.8210831673
        8.6251360000         1.4000000000         0.8580018795         0.7143774949       -12.4221592219
        8.6300054000         1.4000000000         0.8528972258         0.6658918232       -12.5551338703
        8.6350052000         1.4000000000         0.8503448990         0.6097505191       -12.6216211946
        8.6400051000         1.4000000000         0.8631065332         0.5740242347       -12.2891845734
        8.6450047000         1.4000000000         0.8426879184         0.5127791757       -12.8210831673
        8.6500028000         1.4000000000         0.8707635138         0.4745010138       -12.0897226008
        8.6550091000         1.4000000000         0.8554495527         0.4234634646       -12.4886465461
        8.6600030000         1.4000000000         0.8656588601         0.3698740379       -12.2226972492
        8.6650042000         1.4000000000         0.8605542064         0.3213883662       -12.3556718977
        8.6700040000         1.4000000000         0.8580018795         0.2754545720       -12.4221592219
        8.6750015000         1.4000000000         0.8656588601         0.2244170228       -12.2226972492
        8.6800043000         1.4000000000         0.8605542064         0.1759313511       -12.3556718977
        8.6850036000         1.4000000000         0.8631065332         0.1274456793       -12.2891845734
        8.6900041000         1.4000000000         0.8656588601         0.0789600076       -12.2226972492
        8.6950026000         1.4000000000         0.8503448990         0.0279224584       -12.6216211946
        8.7000020000         1.4000000000         0.8682111870        -0.0001481936       -12.1562099250
        8.7050014000         1.4000000000         0.8426879184        -0.0052519485       -12.8210831673
        8.7100028000         1.4000000000         0.8580018795         1.1073666236       -12.4221592219
        8.7150051000         1.4000000000         0.8682111870         1.1073666236       -12.1562099250
        8.7200026000         1.4000000000         0.8605542064         5.0091872584       -12.3556718977
        8.7250057000         1.4000000000         0.8528972258         5.0066353810       -12.5551338703
        8.7300061000         1.4000000000         0.8580018795         4.9938759937       -12.4221592219
        8.7350042000         1.4000000000         0.8554495527         4.9402865670       -12.4886465461
        8.7400028000         1.4000000000         0.8528972258         4.8943527728       -12.5551338703
        8.7450020000         1.4000000000         0.8528972258         4.8407633461       -12.5551338703
        8.7500066000         1.4000000000         0.8350309378         4.7922776744       -13.0205451399
        8.7550064000         1.4000000000         0.8605542064         4.7463438801       -12.3556718977
        8.7600038000         1.4000000000         0.8656588601         4.6953063310       -12.2226972492
        8.7650043000         1.4000000000         0.8605542064         4.6442687818       -12.3556718977
        8.7700031000         1.4000000000         0.8528972258         4.5957831101       -12.5551338703
        8.7750017000         1.4000000000         0.8682111870         4.5498493158       -12.1562099250
        8.7800251000         1.4000000000         0.8554495527         4.4988117666       -12.4886465461
        8.7850030000         1.4000000000         0.8631065332         4.4452223400       -12.2891845734
        8.7900012000         1.4000000000         0.8605542064         4.3992885457       -12.3556718977
        8.7950041000         1.4000000000         0.8682111870         4.3584585064       -12.1562099250
        8.8000018000         1.4000000000         0.8784204944         4.3150765896       -11.8902606281
        8.8050027000         1.4000000000         0.8631065332         4.2589352855       -12.2891845734
        8.8100026000         1.4000000000         0.8656588601         4.2155533687       -12.2226972492
        8.8150053000         1.4000000000         0.8707635138         4.1670676969       -12.0897226008
        8.8200036000         1.4000000000         0.8707635138         4.1262376576       -12.0897226008
        8.8250033000         1.4000000000         0.8733158407         4.0700963535       -12.0232352765
        8.8300040000         1.4000000000         0.8554495527         4.0267144367       -12.4886465461
        8.8350029000         1.4000000000         0.8707635138         3.9807806424       -12.0897226008
        8.8400029000         1.4000000000         0.8809728212         3.9348468482       -11.8237733039
        8.8450057000         1.4000000000         0.8733158407         3.8940168088       -12.0232352765
        8.8500030000         1.4000000000         0.8733158407         3.8455311371       -12.0232352765
        8.8550045000         1.4000000000         0.8758681675         3.8047010978       -11.9567479523
        8.8600042000         1.4000000000         0.8682111870         3.7587673035       -12.1562099250
        8.8650028000         1.4000000000         0.8631065332         3.7026259994       -12.2891845734
        8.8700030000         1.4000000000         0.8707635138         3.6566922051       -12.0897226008
        8.8750056000         1.4000000000         0.8580018795         3.6056546560       -12.4221592219
        8.8800040000         1.4000000000         0.8758681675         3.5673764941       -11.9567479523
        8.8850038000         1.4000000000         0.8707635138         3.5214426998       -12.0897226008
        8.8900057000         1.4000000000         0.8656588601         3.4653013957       -12.2226972492
        8.8950037000         1.4000000000         0.8835251481         3.4321269888       -11.7572859796
        8.9000026000         1.4000000000         0.8733158407         3.3836413170       -12.0232352765
        8.9050042000         1.4000000000         0.8452402453         3.3300518904       -12.7545958430
        8.9100034000         1.4000000000         0.8656588601         3.2815662187       -12.2226972492
        8.9150049000         1.4000000000         0.8682111870         3.2407361793       -12.1562099250
        8.9200049000         1.4000000000         0.8784204944         3.1922505076       -11.8902606281
        8.9250036000         1.4000000000         0.8528972258         3.1412129584       -12.5551338703
        8.9300017000         1.4000000000         0.8733158407         3.1003829191       -12.0232352765
        8.9350051000         1.4000000000         0.8758681675         3.0467934924       -11.9567479523
        8.9400059000         1.4000000000         0.8580018795         3.0085153306       -12.4221592219
        8.9450134000         1.4000000000         0.8733158407         2.9574777814       -12.0232352765
        8.9500021000         1.4000000000         0.8758681675         2.9191996195       -11.9567479523
        8.9550044000         1.4000000000         0.8528972258         2.8707139478       -12.5551338703
        8.9600048000         1.4000000000         0.8707635138         2.8222282761       -12.0897226008
        8.9650058000         1.4000000000         0.8809728212         2.7813982367       -11.8237733039
        8.9700062000         1.4000000000         0.8835251481         2.7380163199       -11.7572859796
        8.9750044000         1.4000000000         0.8605542064         2.6844268933       -12.3556718977
        8.9800052000         1.4000000000         0.8631065332         2.6435968539       -12.2891845734
        8.9850055000         1.4000000000         0.8656588601         2.5849036724       -12.2226972492
        8.9900058000         1.4000000000         0.8682111870         2.5415217556       -12.1562099250
        8.9950308000         1.4000000000         0.8605542064         2.5032435937       -12.3556718977
        9.0000043000         1.4000000000         0.8758681675         2.4547579220       -11.9567479523
        9.0050027000         1.4000000000         0.8758681675         2.4037203728       -11.9567479523
        9.0100058000         1.4000000000         0.8656588601         2.3552347011       -12.2226972492
        9.0150057000         1.4000000000         0.8580018795         2.3041971519       -12.4221592219
        9.0200064000         1.4000000000         0.8733158407         2.2633671125       -12.0232352765
        9.0250049000         1.4000000000         0.8528972258         2.2123295633       -12.5551338703
        9.0300062000         1.4000000000         0.8656588601         2.1689476465       -12.2226972492
        9.0350053000         1.4000000000         0.8733158407         2.1204619748       -12.0232352765
        9.0400031000         1.4000000000         0.8656588601         2.0745281806       -12.2226972492
        9.0450019000         1.4000000000         0.8631065332         2.0234906314       -12.2891845734
        9.0500057000         1.4000000000         0.8656588601         1.9826605920       -12.2226972492
        9.0550049000         1.4000000000         0.8682111870         1.9392786752       -12.1562099250
        9.0600038000         1.4000000000         0.8707635138         1.8882411261       -12.0897226008
        9.0650040000         1.4000000000         0.8477925721         1.8372035769       -12.6881085188
        9.0700050000         1.4000000000         0.8580018795         1.7912697826       -12.4221592219
        9.0750021000         1.4000000000         0.8503448990         1.7427841109       -12.6216211946
        9.0800054000         1.4000000000         0.8248216304         1.7019540715       -13.2864944368
        9.0850048000         1.4000000000         0.8707635138         1.6611240322       -12.0897226008
        9.0900046000         1.4000000000         0.8503448990         1.6100864830       -12.6216211946
        9.0950029000         1.4000000000         0.8682111870         1.5641526888       -12.1562099250
        9.1000023000         1.4000000000         0.8580018795         1.5080113847       -12.4221592219
        9.1050031000         1.4000000000         0.8324786110         1.4646294679       -13.0870324642
        9.1100052000         1.4000000000         0.8682111870         1.4263513060       -12.1562099250
        9.1150050000         1.4000000000         0.8554495527         1.3727618793       -12.4886465461
        9.1200061000         1.4000000000         0.8605542064         1.3293799625       -12.3556718977
        9.1250074000         1.4000000000         0.8605542064         1.2783424134       -12.3556718977
        9.1300048000         1.4000000000         0.8452402453         1.2247529867       -12.7545958430
        9.1350052000         1.4000000000         0.8631065332         1.1788191925       -12.2891845734
        9.1400066000         1.4000000000         0.8605542064         1.1456447855       -12.3556718977
        9.1450064000         1.4000000000         0.8605542064         1.0869516039       -12.3556718977
        9.1500049000         1.4000000000         0.8580018795         1.0410178097       -12.4221592219
        9.1550066000         1.4000000000         0.8528972258         0.9874283830       -12.5551338703
        9.1600066000         1.4000000000         0.8554495527         0.9465983437       -12.4886465461
        9.1650055000         1.4000000000         0.8554495527         0.8981126720       -12.4886465461
        9.1700065000         1.4000000000         0.8656588601         0.8521788777       -12.2226972492
        9.1750074000         1.4000000000         0.8477925721         0.7934856961       -12.6881085188
        9.1800674000         1.4000000000         0.8631065332         0.7501037793       -12.2891845734
        9.1850066000         1.4000000000         0.8758681675         0.7118256175       -11.9567479523
        9.1900061000         1.4000000000         0.8503448990         0.6582361908       -12.6216211946
        9.1950054000         1.4000000000         0.8707635138         0.6071986416       -12.0897226008
        9.2000068000         1.4000000000         0.8656588601         0.5638167248       -12.2226972492
        9.2050035000         1.4000000000         0.8554495527         0.5051235433       -12.4886465461
        9.2100060000         1.4000000000         0.8707635138         0.4642935039       -12.0897226008
        9.2150061000         1.4000000000         0.8580018795         0.4132559548       -12.4221592219
        9.2200051000         1.4000000000         0.8528972258         0.3622184056       -12.5551338703
        9.2250040000         1.4000000000         0.8656588601         0.3162846113       -12.2226972492
        9.2300060000         1.4000000000         0.8554495527         0.2626951847       -12.4886465461
        9.2350043000         1.4000000000         0.8656588601         0.2244170228       -12.2226972492
        9.2400046000         1.4000000000         0.8605542064         0.1682757187       -12.3556718977
        9.2450041000         1.4000000000         0.8733158407         0.1172381695       -12.0232352765
        9.2500047000         1.4000000000         0.8580018795         0.0713043752       -12.4221592219
        9.2550037000         1.4000000000         0.8605542064         0.0228187035       -12.3556718977
        9.2600068000         1.4000000000         0.8733158407         0.0024036839       -12.0232352765
        9.2650066000         1.4000000000         0.8503448990        -0.0027000711       -12.6216211946
        9.2700059000         1.4000000000         0.8733158407         1.1150222560       -12.0232352765
        9.2750041000         1.4000000000         0.8733158407         1.1175741334       -12.0232352765
        9.2800046000         1.4000000000         0.8554495527         5.0066353810       -12.4886465461
        9.2850035000         1.4000000000         0.8656588601         5.0066353810       -12.2226972492
        9.2900049000         1.4000000000         0.8707635138         4.9862203613       -12.0897226008
        9.2950050000         1.4000000000         0.8733158407         4.9453903219       -12.0232352765
        9.3000068000         1.4000000000         0.8733158407         4.9045602826       -12.0232352765
        9.3050046000         1.4000000000         0.8631065332         4.8509708560       -12.2891845734
        9.3100047000         1.4000000000         0.8682111870         4.7973814293       -12.1562099250
        9.3150050000         1.4000000000         0.8656588601         4.7488957576       -12.2226972492
        9.3200050000         1.4000000000         0.8809728212         4.7029619633       -11.8237733039
        9.3250063000         1.4000000000         0.8733158407         4.6519244142       -12.0232352765
        9.3300050000         1.4000000000         0.8631065332         4.6034387424       -12.2891845734
        9.3350041000         1.4000000000         0.8911821287         4.5651605806       -11.5578240069
        9.3400052000         1.4000000000         0.8707635138         4.5166749088       -12.0897226008
        9.3450029000         1.4000000000         0.8707635138         4.4605336047       -12.0897226008
        9.3500086000         1.4000000000         0.8809728212         4.4197035654       -11.8237733039
        9.3550056000         1.4000000000         0.8682111870         4.3763216486       -12.1562099250
        9.3600061000         1.4000000000         0.8886298018         4.3278359769       -11.6243113312
        9.3650054000         1.4000000000         0.8656588601         4.2767984277       -12.2226972492
        9.3700123000         1.4000000000         0.8656588601         4.2232090010       -12.2226972492
        9.3750045000         1.4000000000         0.8809728212         4.1823789617       -11.8237733039
        9.3800185000         1.4000000000         0.8733158407         4.1415489224       -12.0232352765
        9.3850049000         1.4000000000         0.8835251481         4.0956151281       -11.7572859796
        9.3900054000         1.4000000000         0.8707635138         4.0445775789       -12.0897226008
        9.3950036000         1.4000000000         0.8631065332         3.9986437847       -12.2891845734
        9.4000051000         1.4000000000         0.8860774750         3.9552618679       -11.6907986554
        9.4050058000         1.4000000000         0.8784204944         3.9042243187       -11.8902606281
        9.4100064000         1.4000000000         0.8554495527         3.8531867695       -12.4886465461
        9.4150046000         1.4000000000         0.8809728212         3.8123567301       -11.8237733039
        9.4200080000         1.4000000000         0.8784204944         3.7740785683       -11.8902606281
        9.4250035000         1.4000000000         0.8733158407         3.7281447740       -12.0232352765
        9.4300066000         1.4000000000         0.8656588601         3.6694515924       -12.2226972492
        9.4350049000         1.4000000000         0.8682111870         3.6286215531       -12.1562099250
        9.4400065000         1.4000000000         0.8707635138         3.5877915138       -12.0897226008
        9.4450061000         1.4000000000         0.8784204944         3.5418577195       -11.8902606281
        9.4500060000         1.4000000000         0.8631065332         3.4882682929       -12.2891845734
        9.4550059000         1.4000000000         0.8656588601         3.4346788662       -12.2226972492
        9.4600058000         1.4000000000         0.8605542064         3.3912969494       -12.3556718977
        9.4650041000         1.4000000000         0.8682111870         3.3504669101       -12.1562099250
        9.4700054000         1.4000000000         0.8707635138         3.2968774834       -12.0897226008
        9.4750087000         1.4000000000         0.8631065332         3.2534955666       -12.2891845734
        9.4800042000         1.4000000000         0.8733158407         3.2024580174       -12.0232352765
        9.4850050000         1.4000000000         0.8707635138         3.1641798556       -12.0897226008
        9.4900068000         1.4000000000         0.8656588601         3.1182460613       -12.2226972492
        9.4950106000         1.4000000000         0.8656588601         3.0621047572       -12.2226972492
        9.5000071000         1.4000000000         0.8605542064         3.0263784728       -12.3556718977
        9.5050117000         1.4000000000         0.8733158407         2.9753409236       -12.0232352765
        9.5100059000         1.4000000000         0.8656588601         2.9319590068       -12.2226972492
        9.5150095000         1.4000000000         0.8707635138         2.8860252125       -12.0897226008
        9.5200072000         1.4000000000         0.8733158407         2.8375395408       -12.0232352765
        9.5250035000         1.4000000000         0.8733158407         2.7992613789       -12.0232352765
        9.5300050000         1.4000000000         0.8656588601         2.7431200748       -12.2226972492
        9.5350036000         1.4000000000         0.8707635138         2.7048419129       -12.0897226008
        9.5400061000         1.4000000000         0.8605542064         2.6487006088       -12.3556718977
        9.5450050000         1.4000000000         0.8682111870         2.6027668146       -12.1562099250
        9.5500054000         1.4000000000         0.8605542064         2.5568330203       -12.3556718977
        9.5550049000         1.4000000000         0.8758681675         2.5134511035       -11.9567479523
        9.5600050000         1.4000000000         0.8758681675         2.4700691867       -11.9567479523
        9.5650047000         1.4000000000         0.8503448990         2.4139278826       -12.6216211946
        9.5700045000         1.4000000000         0.8733158407         2.3782015982       -12.0232352765
        9.5750051000         1.4000000000         0.8656588601         2.3271640490       -12.2226972492
        9.5800043000         1.4000000000         0.8477925721         2.2761264998       -12.6881085188
        9.5850048000         1.4000000000         0.8758681675         2.2352964605       -11.9567479523
        9.5900033000         1.4000000000         0.8580018795         2.1868107888       -12.4221592219
        9.5950052000         1.4000000000         0.8758681675         2.1459807494       -11.9567479523
        9.6000029000         1.4000000000         0.8682111870         2.0949432002       -12.1562099250
        9.6050015000         1.4000000000         0.8631065332         2.0439056511       -12.2891845734
        9.6100049000         1.4000000000         0.8758681675         2.0030756117       -11.9567479523
        9.6150046000         1.4000000000         0.8605542064         1.9443824302       -12.3556718977
        9.6200044000         1.4000000000         0.8758681675         1.9086561457       -11.9567479523
        9.6250047000         1.4000000000         0.8758681675         1.8652742289       -11.9567479523
        9.6300040000         1.4000000000         0.8605542064         1.8116848023       -12.3556718977
        9.6350044000         1.4000000000         0.8682111870         1.7657510080       -12.1562099250
        9.6400068000         1.4000000000         0.8580018795         1.7249209687       -12.4221592219
        9.6450045000         1.4000000000         0.8528972258         1.6738834195       -12.5551338703
        9.6500037000         1.4000000000         0.8580018795         1.6330533802       -12.4221592219
        9.6550037000         1.4000000000         0.8682111870         1.5871195859       -12.1562099250
        9.6600039000         1.4000000000         0.8631065332         1.5258745269       -12.2891845734
        9.6650018000         1.4000000000         0.8605542064         1.4824926101       -12.3556718977
        9.6700072000         1.4000000000         0.8580018795         1.4340069384       -12.4221592219
        9.6750058000         1.4000000000         0.8477925721         1.3880731441       -12.6881085188
        9.6800049000         1.4000000000         0.8707635138         1.3497949822       -12.0897226008
        9.6850058000         1.4000000000         0.8707635138         1.2987574330       -12.0897226008
        9.6900048000         1.4000000000         0.8426879184         1.2477198838       -12.8210831673
        9.6950049000         1.4000000000         0.8656588601         1.1992342121       -12.2226972492
        9.7000056000         1.4000000000         0.8682111870         1.1558522953       -12.1562099250
        9.7050060000         1.4000000000         0.8528972258         1.1124703785       -12.5551338703
        9.7100044000         1.4000000000         0.8656588601         1.0639847068       -12.2226972492
        9.7150042000         1.4000000000         0.8452402453         1.0129471576       -12.7545958430
        9.7200036000         1.4000000000         0.8580018795         0.9619096084       -12.4221592219
        9.7250042000         1.4000000000         0.8605542064         0.9159758142       -12.3556718977
        9.7300058000         1.4000000000         0.8580018795         0.8751457748       -12.4221592219
        9.7350074000         1.4000000000         0.8528972258         0.8113488384       -12.5551338703
        9.7400076000         1.4000000000         0.8656588601         0.7781744314       -12.2226972492
        9.7450046000         1.4000000000         0.8605542064         0.7245850047       -12.3556718977
        9.7500065000         1.4000000000         0.8477925721         0.6709955781       -12.6881085188
        9.7550047000         1.4000000000         0.8503448990         0.6199580289       -12.6216211946
        9.7600068000         1.4000000000         0.8707635138         0.5816798670       -12.0897226008
        9.7650063000         1.4000000000         0.8401355915         0.5255385629       -12.8875704915
        9.7700068000         1.4000000000         0.8528972258         0.4719491363       -12.5551338703
        9.7750058000         1.4000000000         0.8503448990         0.4311190970       -12.6216211946
        9.7800058000         1.4000000000         0.8554495527         0.3800815478       -12.4886465461
        9.7850079000         1.4000000000         0.8580018795         0.3264921211       -12.4221592219
        9.7900067000         1.4000000000         0.8580018795         0.2805583269       -12.4221592219
        9.7950066000         1.4000000000         0.8631065332         0.2320726552       -12.2891845734
        9.8000063000         1.4000000000         0.8554495527         0.1835869834       -12.4886465461
        9.8050061000         1.4000000000         0.8656588601         0.1274456793       -12.2226972492
        9.8100065000         1.4000000000         0.8554495527         0.0738562527       -12.4886465461
        9.8150043000         1.4000000000         0.8528972258         0.0253705810       -12.5551338703
        9.8200070000         1.4000000000         0.8656588601         0.0024036839       -12.2226972492
        9.8250048000         1.4000000000         0.8631065332         0.0024036839       -12.2891845734
        9.8300062000         1.4000000000         0.8554495527         0.0049555613       -12.4886465461
        9.8350054000         1.4000000000         0.8682111870         1.1073666236       -12.1562099250
        9.8400059000         1.4000000000         0.8554495527         5.0040835035       -12.4886465461
        9.8450037000         1.4000000000         0.8707635138         5.0091872584       -12.0897226008
        9.8500065000         1.4000000000         0.8554495527         4.9989797486       -12.4886465461
        9.8550032000         1.4000000000         0.8605542064         4.9453903219       -12.3556718977
        9.8600076000         1.4000000000         0.8503448990         4.8969046502       -12.6216211946
        9.8650053000         1.4000000000         0.8528972258         4.8484189785       -12.5551338703
        9.8700041000         1.4000000000         0.8733158407         4.8126926941       -12.0232352765
        9.8750065000         1.4000000000         0.8528972258         4.7539995125       -12.5551338703
        9.8800097000         1.4000000000         0.8631065332         4.7004100859       -12.2891845734
        9.8850032000         1.4000000000         0.8528972258         4.6519244142       -12.5551338703
        9.8900108000         1.4000000000         0.8580018795         4.6085424974       -12.4221592219
        9.8950054000         1.4000000000         0.8809728212         4.5677124580       -11.8237733039
        9.9000049000         1.4000000000         0.8452402453         4.5166749088       -12.7545958430
        9.9050049000         1.4000000000         0.8631065332         4.4554298498       -12.2891845734
        9.9100051000         1.4000000000         0.8733158407         4.4120479330       -12.0232352765
        9.9150050000         1.4000000000         0.8554495527         4.3661141388       -12.4886465461
        9.9200052000         1.4000000000         0.8835251481         4.3227322219       -11.7572859796
        9.9250565000         1.4000000000         0.8707635138         4.2716946728       -12.0897226008
        9.9300049000         1.4000000000         0.8682111870         4.2283127560       -12.1562099250
        9.9350049000         1.4000000000         0.8733158407         4.1772752068       -12.0232352765
        9.9400032000         1.4000000000         0.8682111870         4.1262376576       -12.1562099250
        9.9450033000         1.4000000000         0.8784204944         4.0905113732       -11.8902606281
        9.9500047000         1.4000000000         0.8835251481         4.0471294564       -11.7572859796
        9.9550061000         1.4000000000         0.8631065332         3.9909881523       -12.2891845734
        9.9600057000         1.4000000000         0.8784204944         3.9501581129       -11.8902606281
        9.9650057000         1.4000000000         0.8784204944         3.9067761961       -11.8902606281
        9.9700052000         1.4000000000         0.8682111870         3.8557386469       -12.1562099250
        9.9750061000         1.4000000000         0.8860774750         3.8149086076       -11.6907986554
        9.9800067000         1.4000000000         0.8656588601         3.7613191810       -12.2226972492
        9.9850072000         1.4000000000         0.8733158407         3.7204891416       -12.0232352765
        9.9900042000         1.4000000000         0.8784204944         3.6771072248       -11.8902606281
        9.9950059000         1.4000000000         0.8758681675         3.6286215531       -11.9567479523
