% Motor Sweep Step 11/50
% Vcmd       = 3.1000 [V]
% Direction  = CW
% Vg_offset  = 1.334866 [V]
% K_gimbal   = 26.049690 [(rad/s)/V]

Time[s]              Vcmd[V]              Vg_raw[V]            Pot[V]               Omega[rad/s]
        0.0000169000         3.1000000000         1.3327346748         4.5728162129        -0.0555169157
        0.0050063000         3.1000000000         1.3429439823         4.5881274777         0.2104323812
        0.0100045000         3.1000000000         1.3352870017         4.5804718453         0.0109704085
        0.0150159000         3.1000000000         1.3403916554         4.5779199678         0.1439450570
        0.0201825000         3.1000000000         1.3429439823         4.5881274777         0.2104323812
        0.0250068000         3.1000000000         1.3659149240         4.5779199678         0.8088182992
        0.0300083000         3.1000000000         1.4807696325         4.5957831101         3.8007478894
        0.0350068000         3.1000000000         1.4195137880         4.6059906199         2.2050521080
        0.0400042000         3.1000000000         1.4322754222         4.6059906199         2.5374887291
        0.0450063000         3.1000000000         1.4782173056         4.6315093945         3.7342605652
        0.0500052000         3.1000000000         1.4271707685         4.6366131494         2.4045140807
        0.0550064000         3.1000000000         1.4731126519         4.6493725367         3.6012859167
        0.0600052000         3.1000000000         1.4756649788         4.6646838015         3.6677732410
        0.0650075000         3.1000000000         1.4552463639         4.6697875564         3.1358746472
        0.0700079000         3.1000000000         1.4782173056         4.6876506986         3.7342605652
        0.0750060000         3.1000000000         1.4705603251         4.7004100859         3.5347985925
        0.0800033000         3.1000000000         1.4833219594         4.7284807379         3.8672352136
        0.0850046000         3.1000000000         1.4884266131         4.7386882478         4.0002098621
        0.0900041000         3.1000000000         1.4858742862         4.7514476351         3.9337225379
        0.0950054000         3.1000000000         1.4807696325         4.7642070224         3.8007478894
        0.1000255000         3.1000000000         1.4909789399         4.7846220420         4.0666971863
        0.1050046000         3.1000000000         1.4986359205         4.8050370617         4.2661591590
        0.1100033000         3.1000000000         1.4858742862         4.8075889392         3.9337225379
        0.1150047000         3.1000000000         1.4960835936         4.8280039588         4.1996718348
        0.1200048000         3.1000000000         1.4986359205         4.8509708560         4.2661591590
        0.1250047000         3.1000000000         1.5011882474         4.8713858756         4.3326464832
        0.1300096000         3.1000000000         1.5062929011         4.8841452629         4.4656211317
        0.1350055000         3.1000000000         1.4986359205         4.9045602826         4.2661591590
        0.1400052000         3.1000000000         1.4986359205         4.9173196699         4.2661591590
        0.1450063000         3.1000000000         1.5113975548         4.9428384445         4.5985957801
        0.1500046000         3.1000000000         1.5088452279         4.9504940769         4.5321084559
        0.1550045000         3.1000000000         1.4960835936         4.9709090965         4.1996718348
        0.1600048000         3.1000000000         1.5139498816         4.9913241162         4.6650831044
        0.1650038000         3.1000000000         1.5190545354         5.0091872584         4.7980577528
        0.1700049000         3.1000000000         1.5062929011         5.0066353810         4.4656211317
        0.1750033000         3.1000000000         1.5088452279         5.0015316260         4.5321084559
        0.1800039000         3.1000000000         1.5190545354         5.0117391359         4.7980577528
        0.1850029000         3.1000000000         1.5216068622         5.0142910133         4.8645450770
        0.1900047000         3.1000000000         1.5139498816         5.0040835035         4.6650831044
        0.1950027000         3.1000000000         1.5190545354         5.0040835035         4.7980577528
        0.2000046000         3.1000000000         1.5190545354         1.1022628687         4.7980577528
        0.2050030000         3.1000000000         1.4986359205         1.1099185011         4.2661591590
        0.2100046000         3.1000000000         1.5241591891         1.1175741334         4.9310324013
        0.2150045000         3.1000000000         1.5292638428         0.0100593162         5.0640070497
        0.2200045000         3.1000000000         1.5241591891         0.0024036839         4.9310324013
        0.2250041000         3.1000000000         1.5241591891         0.0024036839         4.9310324013
        0.2300045000         3.1000000000         1.5241591891         0.0024036839         4.9310324013
        0.2350032000         3.1000000000         1.5318161696         0.0075074388         5.1304943740
        0.2400044000         3.1000000000         1.5369208233         0.0100593162         5.2634690224
        0.2450055000         3.1000000000         1.5241591891         0.0024036839         4.9310324013
        0.2500049000         3.1000000000         1.5292638428         0.0228187035         5.0640070497
        0.2550035000         3.1000000000         1.5267115159         0.0381299683         4.9975197255
        0.2600037000         3.1000000000         1.5267115159         0.0559931105         4.9975197255
        0.2650063000         3.1000000000         1.5343684965         0.0840637625         5.1969816982
        0.2700112000         3.1000000000         1.5318161696         0.1044787822         5.1304943740
        0.2750030000         3.1000000000         1.5165022085         0.1248938019         4.7315704286
        0.2800128000         3.1000000000         1.5318161696         0.1376531892         5.1304943740
        0.2850057000         3.1000000000         1.5318161696         0.1631719638         5.1304943740
        0.2900090000         3.1000000000         1.5318161696         0.1810351060         5.1304943740
        0.2950058000         3.1000000000         1.5292638428         0.1988982482         5.0640070497
        0.3000127000         3.1000000000         1.5394731502         0.2193132679         5.3299563466
        0.3050064000         3.1000000000         1.5369208233         0.2499357974         5.2634690224
        0.3100116000         3.1000000000         1.5318161696         0.2703508170         5.1304943740
        0.3150056000         3.1000000000         1.5496824576         0.2907658367         5.5959056435
        0.3200112000         3.1000000000         1.5496824576         0.3213883662         5.5959056435
        0.3250070000         3.1000000000         1.5496824576         0.3392515084         5.5959056435
        0.3300054000         3.1000000000         1.5394731502         0.3469071408         5.3299563466
        0.3350092000         3.1000000000         1.5369208233         0.3800815478         5.2634690224
        0.3400047000         3.1000000000         1.5445778039         0.3928409351         5.4629309951
        0.3450041000         3.1000000000         1.5394731502         0.4209115871         5.3299563466
        0.3500125000         3.1000000000         1.5496824576         0.4413266068         5.5959056435
        0.3550051000         3.1000000000         1.5343684965         0.4540859941         5.1969816982
        0.3600108000         3.1000000000         1.5420254771         0.4745010138         5.3964436709
        0.3650076000         3.1000000000         1.5394731502         0.5051235433         5.3299563466
        0.3700055000         3.1000000000         1.5369208233         0.5229866855         5.2634690224
        0.3750048000         3.1000000000         1.5318161696         0.5357460728         5.1304943740
        0.3800029000         3.1000000000         1.5318161696         0.5612648474         5.1304943740
        0.3850048000         3.1000000000         1.5369208233         0.5867836220         5.2634690224
        0.3900047000         3.1000000000         1.5394731502         0.6123023966         5.3299563466
        0.3950048000         3.1000000000         1.5420254771         0.6301655388         5.3964436709
        0.4000064000         3.1000000000         1.5394731502         0.6531324359         5.3299563466
        0.4050048000         3.1000000000         1.5445778039         0.6735474556         5.4629309951
        0.4100053000         3.1000000000         1.5292638428         0.6863068429         5.0640070497
        0.4150035000         3.1000000000         1.5369208233         0.7092737400         5.2634690224
        0.4200049000         3.1000000000         1.5292638428         0.7245850047         5.0640070497
        0.4250048000         3.1000000000         1.5267115159         0.7398962695         4.9975197255
        0.4300467000         3.1000000000         1.5267115159         0.7577594117         4.9975197255
        0.4350042000         3.1000000000         1.5343684965         0.7883819412         5.1969816982
        0.4400033000         3.1000000000         1.5369208233         0.8113488384         5.2634690224
        0.4450048000         3.1000000000         1.5343684965         0.8317638580         5.1969816982
        0.4500050000         3.1000000000         1.5394731502         0.8470751228         5.3299563466
        0.4550046000         3.1000000000         1.5292638428         0.8649382650         5.0640070497
        0.4600035000         3.1000000000         1.5292638428         0.8904570396         5.0640070497
        0.4650043000         3.1000000000         1.5343684965         0.9032164269         5.1969816982
        0.4700055000         3.1000000000         1.5292638428         0.9185276916         5.0640070497
        0.4750049000         3.1000000000         1.5292638428         0.9465983437         5.0640070497
        0.4800039000         3.1000000000         1.5267115159         0.9695652408         4.9975197255
        0.4850046000         3.1000000000         1.5369208233         0.9925321379         5.2634690224
        0.4900040000         3.1000000000         1.5343684965         1.0052915252         5.1969816982
        0.4950050000         3.1000000000         1.5318161696         1.0206027900         5.1304943740
        0.5000033000         3.1000000000         1.5292638428         1.0435696871         5.0640070497
        0.5050047000         3.1000000000         1.5190545354         1.0588809519         4.7980577528
        0.5100035000         3.1000000000         1.5292638428         1.0818478490         5.0640070497
        0.5150041000         3.1000000000         1.5318161696         1.0997109912         5.1304943740
        0.5200032000         3.1000000000         1.5343684965         1.1277816433         5.1969816982
        0.5250047000         3.1000000000         1.5216068622         1.1379891531         4.8645450770
        0.5300040000         3.1000000000         1.5292638428         1.1584041728         5.0640070497
        0.5350050000         3.1000000000         1.5241591891         1.1788191925         4.9310324013
        0.5400030000         3.1000000000         1.5369208233         1.2068898445         5.2634690224
        0.5450044000         3.1000000000         1.5343684965         1.2247529867         5.1969816982
        0.5500037000         3.1000000000         1.5369208233         1.2400642515         5.2634690224
        0.5550050000         3.1000000000         1.5241591891         1.2553755162         4.9310324013
        0.5600038000         3.1000000000         1.5394731502         1.2808942908         5.3299563466
        0.5650048000         3.1000000000         1.5394731502         1.3089649429         5.3299563466
        0.5700037000         3.1000000000         1.5471301308         1.3293799625         5.5294183193
        0.5750029000         3.1000000000         1.5420254771         1.3472431047         5.3964436709
        0.5800124000         3.1000000000         1.5292638428         1.3574506146         5.0640070497
        0.5850041000         3.1000000000         1.5318161696         1.3753137568         5.1304943740
        0.5900025000         3.1000000000         1.5318161696         1.3906250215         5.1304943740
        0.5950037000         3.1000000000         1.5369208233         1.4212475511         5.2634690224
        0.6001033000         3.1000000000         1.5318161696         1.4365588158         5.1304943740
        0.6050035000         3.1000000000         1.5496824576         1.4671813453         5.5959056435
        0.6100061000         3.1000000000         1.5318161696         1.4799407326         5.1304943740
        0.6150033000         3.1000000000         1.5394731502         1.5029076297         5.3299563466
        0.6200024000         3.1000000000         1.5343684965         1.5284264043         5.1969816982
        0.6250048000         3.1000000000         1.5445778039         1.5437376691         5.4629309951
        0.6300029000         3.1000000000         1.5318161696         1.5564970564         5.1304943740
        0.6350027000         3.1000000000         1.5471301308         1.5896714634         5.5294183193
        0.6400039000         3.1000000000         1.5394731502         1.6049827281         5.3299563466
        0.6450095000         3.1000000000         1.5318161696         1.6202939929         5.1304943740
        0.6500047000         3.1000000000         1.5420254771         1.6509165224         5.3964436709
        0.6550033000         3.1000000000         1.5420254771         1.6662277871         5.3964436709
        0.6600040000         3.1000000000         1.5420254771         1.6840909293         5.3964436709
        0.6650024000         3.1000000000         1.5343684965         1.6968503166         5.1969816982
        0.6700030000         3.1000000000         1.5267115159         1.7147134588         4.9975197255
        0.6750051000         3.1000000000         1.5318161696         1.7427841109         5.1304943740
        0.6800026000         3.1000000000         1.5343684965         1.7708547629         5.1969816982
        0.6850053000         3.1000000000         1.5394731502         1.7861660277         5.3299563466
        0.6900041000         3.1000000000         1.5343684965         1.7989254150         5.1969816982
        0.6950033000         3.1000000000         1.5369208233         1.8269960670         5.2634690224
        0.7000021000         3.1000000000         1.5369208233         1.8448592093         5.2634690224
        0.7050056000         3.1000000000         1.5292638428         1.8601704740         5.0640070497
        0.7100035000         3.1000000000         1.5267115159         1.8754817388         4.9975197255
        0.7150050000         3.1000000000         1.5369208233         1.9010005134         5.2634690224
        0.7200049000         3.1000000000         1.5343684965         1.9214155330         5.1969816982
        0.7250024000         3.1000000000         1.5292638428         1.9290711654         5.0640070497
        0.7300012000         3.1000000000         1.5267115159         1.9545899400         4.9975197255
        0.7350047000         3.1000000000         1.5394731502         1.9750049597         5.3299563466
        0.7400039000         3.1000000000         1.5318161696         1.9928681019         5.1304943740
        0.7450026000         3.1000000000         1.5369208233         2.0158349990         5.2634690224
        0.7500027000         3.1000000000         1.5267115159         2.0285943863         4.9975197255
        0.7550032000         3.1000000000         1.5343684965         2.0566650383         5.1969816982
        0.7600024000         3.1000000000         1.5343684965         2.0770800580         5.1969816982
        0.7650021000         3.1000000000         1.5267115159         2.0898394453         4.9975197255
        0.7700033000         3.1000000000         1.5394731502         2.1204619748         5.3299563466
        0.7750031000         3.1000000000         1.5394731502         2.1332213621         5.3299563466
        0.7800026000         3.1000000000         1.5292638428         2.1561882593         5.0640070497
        0.7850054000         3.1000000000         1.5267115159         2.1689476465         4.9975197255
        0.7900046000         3.1000000000         1.5318161696         2.1868107888         5.1304943740
        0.7950055000         3.1000000000         1.5369208233         2.2199851957         5.2634690224
        0.8000051000         3.1000000000         1.5394731502         2.2378483379         5.3299563466
        0.8050035000         3.1000000000         1.5445778039         2.2582633576         5.4629309951
        0.8100053000         3.1000000000         1.5369208233         2.2735746224         5.2634690224
        0.8150045000         3.1000000000         1.5369208233         2.2939896420         5.2634690224
        0.8200054000         3.1000000000         1.5343684965         2.3118527843         5.1969816982
        0.8250033000         3.1000000000         1.5292638428         2.3271640490         5.0640070497
        0.8300045000         3.1000000000         1.5471301308         2.3577865785         5.5294183193
        0.8350038000         3.1000000000         1.5369208233         2.3807534756         5.2634690224
        0.8400046000         3.1000000000         1.5292638428         2.3884091080         5.0640070497
        0.8450178000         3.1000000000         1.5522347845         2.4190316375         5.6623929678
        0.8500049000         3.1000000000         1.5292638428         2.4343429023         5.0640070497
        0.8550026000         3.1000000000         1.5420254771         2.4547579220         5.3964436709
        0.8600047000         3.1000000000         1.5394731502         2.4726210642         5.3299563466
        0.8650030000         3.1000000000         1.5445778039         2.4955879613         5.4629309951
        0.8700042000         3.1000000000         1.5420254771         2.5160029810         5.3964436709
        0.8750047000         3.1000000000         1.5471301308         2.5415217556         5.5294183193
        0.8800046000         3.1000000000         1.5445778039         2.5542811429         5.4629309951
        0.8850022000         3.1000000000         1.5496824576         2.5746961625         5.5959056435
        0.8900045000         3.1000000000         1.5471301308         2.6078705695         5.5294183193
        0.8950034000         3.1000000000         1.5547871113         2.6282855892         5.7288802920
        0.9000034000         3.1000000000         1.5496824576         2.6410449765         5.5959056435
        0.9050060000         3.1000000000         1.5496824576         2.6538043638         5.5959056435
        0.9100034000         3.1000000000         1.5471301308         2.6818750158         5.5294183193
        0.9150022000         3.1000000000         1.5522347845         2.7073937904         5.6623929678
        0.9200026000         3.1000000000         1.5445778039         2.7201531777         5.4629309951
        0.9250021000         3.1000000000         1.5496824576         2.7456719523         5.5959056435
        0.9300041000         3.1000000000         1.5445778039         2.7635350945         5.4629309951
        0.9350020000         3.1000000000         1.5496824576         2.7890538691         5.5959056435
        0.9400049000         3.1000000000         1.5343684965         2.8094688888         5.1969816982
        0.9450040000         3.1000000000         1.5445778039         2.8349876633         5.4629309951
        0.9500035000         3.1000000000         1.5471301308         2.8528508056         5.5294183193
        0.9550017000         3.1000000000         1.5445778039         2.8707139478         5.4629309951
        0.9600029000         3.1000000000         1.5369208233         2.8860252125         5.2634690224
        0.9650014000         3.1000000000         1.5292638428         2.9038883547         5.0640070497
        0.9700023000         3.1000000000         1.5420254771         2.9345108842         5.3964436709
        0.9750029000         3.1000000000         1.5445778039         2.9574777814         5.4629309951
        0.9800029000         3.1000000000         1.5394731502         2.9753409236         5.3299563466
        0.9850047000         3.1000000000         1.5394731502         2.9906521883         5.3299563466
        0.9900049000         3.1000000000         1.5318161696         3.0085153306         5.1304943740
        0.9950047000         3.1000000000         1.5292638428         3.0263784728         5.0640070497
        1.0000028000         3.1000000000         1.5318161696         3.0493453699         5.1304943740
        1.0050047000         3.1000000000         1.5318161696         3.0697603896         5.1304943740
        1.0100048000         3.1000000000         1.5547871113         3.1029347965         5.7288802920
        1.0150048000         3.1000000000         1.5318161696         3.1156941838         5.1304943740
        1.0200031000         3.1000000000         1.5369208233         3.1386610810         5.2634690224
        1.0250047000         3.1000000000         1.5394731502         3.1565242232         5.3299563466
        1.0300027000         3.1000000000         1.5471301308         3.1820429978         5.5294183193
        1.0350061000         3.1000000000         1.5292638428         3.1871467527         5.0640070497
        1.0400072000         3.1000000000         1.5369208233         3.2177692822         5.2634690224
        1.0450095000         3.1000000000         1.5343684965         3.2356324244         5.1969816982
        1.0500041000         3.1000000000         1.5496824576         3.2611511990         5.5959056435
        1.0550054000         3.1000000000         1.5292638428         3.2688068314         5.0640070497
        1.0600043000         3.1000000000         1.5343684965         3.2968774834         5.1969816982
        1.0650033000         3.1000000000         1.5343684965         3.3172925031         5.1969816982
        1.0700015000         3.1000000000         1.5445778039         3.3377075228         5.4629309951
        1.0750030000         3.1000000000         1.5394731502         3.3581225424         5.3299563466
        1.0800013000         3.1000000000         1.5496824576         3.3810894396         5.5959056435
        1.0850054000         3.1000000000         1.5292638428         3.3912969494         5.0640070497
        1.0900047000         3.1000000000         1.5445778039         3.4244713564         5.4629309951
        1.0950130000         3.1000000000         1.5394731502         3.4372307437         5.3299563466
        1.1000043000         3.1000000000         1.5445778039         3.4627495183         5.4629309951
        1.1050048000         3.1000000000         1.5292638428         3.4755089056         5.0640070497
        1.1100048000         3.1000000000         1.5318161696         3.4959239252         5.1304943740
        1.1150041000         3.1000000000         1.5343684965         3.5239945773         5.1969816982
        1.1200035000         3.1000000000         1.5522347845         3.5444095970         5.6623929678
        1.1250061000         3.1000000000         1.5394731502         3.5571689842         5.3299563466
        1.1300045000         3.1000000000         1.5318161696         3.5775840039         5.1304943740
        1.1350027000         3.1000000000         1.5318161696         3.6005509010         5.1304943740
        1.1400016000         3.1000000000         1.5369208233         3.6158621658         5.2634690224
        1.1450023000         3.1000000000         1.5292638428         3.6362771855         5.0640070497
        1.1500014000         3.1000000000         1.5292638428         3.6515884502         5.0640070497
        1.1550055000         3.1000000000         1.5445778039         3.6822109797         5.4629309951
        1.1600048000         3.1000000000         1.5445778039         3.7000741219         5.4629309951
        1.1650031000         3.1000000000         1.5394731502         3.7179372642         5.3299563466
        1.1700019000         3.1000000000         1.5471301308         3.7383522838         5.5294183193
        1.1750018000         3.1000000000         1.5369208233         3.7562154260         5.2634690224
        1.1800013000         3.1000000000         1.5343684965         3.7715266908         5.1969816982
        1.1850027000         3.1000000000         1.5445778039         3.7970454654         5.4629309951
        1.1900014000         3.1000000000         1.5394731502         3.8200123625         5.3299563466
        1.1950054000         3.1000000000         1.5394731502         3.8378755047         5.3299563466
        1.2000045000         3.1000000000         1.5471301308         3.8582905244         5.5294183193
        1.2050037000         3.1000000000         1.5011882474         3.8736017892         4.3326464832
        1.2100036000         3.1000000000         1.5369208233         3.8991205638         5.2634690224
        1.2150031000         3.1000000000         1.5445778039         3.9220874609         5.4629309951
        1.2200036000         3.1000000000         1.5496824576         3.9476062355         5.5959056435
        1.2250048000         3.1000000000         1.5420254771         3.9654693777         5.3964436709
        1.2300031000         3.1000000000         1.5445778039         3.9833325199         5.4629309951
        1.2350051000         3.1000000000         1.5292638428         3.9986437847         5.0640070497
        1.2400036000         3.1000000000         1.5420254771         4.0190588043         5.3964436709
        1.2450025000         3.1000000000         1.5394731502         4.0445775789         5.3299563466
        1.2500038000         3.1000000000         1.5496824576         4.0752001084         5.5959056435
        1.2550030000         3.1000000000         1.5522347845         4.0956151281         5.6623929678
        1.2600023000         3.1000000000         1.5471301308         4.1160301478         5.5294183193
        1.2650051000         3.1000000000         1.5471301308         4.1287895351         5.5294183193
        1.2700038000         3.1000000000         1.5420254771         4.1441007998         5.3964436709
        1.2750029000         3.1000000000         1.5547871113         4.1772752068         5.7288802920
        1.2800040000         3.1000000000         1.5113975548         4.1849308392         4.5985957801
        1.2850034000         3.1000000000         1.5420254771         4.2104496138         5.3964436709
        1.2900026000         3.1000000000         1.5394731502         4.2334165109         5.3299563466
        1.2950049000         3.1000000000         1.5471301308         4.2563834080         5.5294183193
        1.3000039000         3.1000000000         1.5445778039         4.2742465502         5.4629309951
        1.3050183000         3.1000000000         1.5318161696         4.2895578150         5.1304943740
        1.3100037000         3.1000000000         1.5343684965         4.3099728347         5.1969816982
        1.3150038000         3.1000000000         1.5496824576         4.3431472416         5.5959056435
        1.3200019000         3.1000000000         1.5369208233         4.3584585064         5.2634690224
        1.3250039000         3.1000000000         1.5471301308         4.3839772810         5.5294183193
        1.3300049000         3.1000000000         1.5471301308         4.3967366683         5.5294183193
        1.3350034000         3.1000000000         1.5369208233         4.4197035654         5.2634690224
        1.3400025000         3.1000000000         1.5394731502         4.4503260949         5.3299563466
        1.3450253000         3.1000000000         1.5445778039         4.4630854822         5.4629309951
        1.3500030000         3.1000000000         1.5369208233         4.4809486244         5.2634690224
        1.3551211000         3.1000000000         1.5471301308         4.5039155215         5.5294183193
        1.3600031000         3.1000000000         1.5420254771         4.5268824187         5.3964436709
        1.3650015000         3.1000000000         1.5420254771         4.5447455609         5.3964436709
        1.3700036000         3.1000000000         1.5343684965         4.5626087031         5.1969816982
        1.3750042000         3.1000000000         1.5445778039         4.5906793551         5.4629309951
        1.3800041000         3.1000000000         1.5445778039         4.6136462523         5.4629309951
        1.3850029000         3.1000000000         1.5496824576         4.6366131494         5.5959056435
        1.3900030000         3.1000000000         1.5343684965         4.6493725367         5.1969816982
        1.3950045000         3.1000000000         1.5445778039         4.6774431887         5.4629309951
        1.4000028000         3.1000000000         1.5318161696         4.6902025760         5.1304943740
        1.4050017000         3.1000000000         1.5318161696         4.7055138408         5.1304943740
        1.4100042000         3.1000000000         1.5369208233         4.7437920027         5.2634690224
        1.4150018000         3.1000000000         1.5394731502         4.7514476351         5.3299563466
        1.4200027000         3.1000000000         1.5394731502         4.7846220420         5.3299563466
        1.4250040000         3.1000000000         1.5318161696         4.7973814293         5.1304943740
        1.4300028000         3.1000000000         1.5267115159         4.8126926941         4.9975197255
        1.4350046000         3.1000000000         1.5394731502         4.8407633461         5.3299563466
        1.4400038000         3.1000000000         1.5394731502         4.8662821207         5.3299563466
        1.4450045000         3.1000000000         1.5496824576         4.8841452629         5.5959056435
        1.4500036000         3.1000000000         1.5318161696         4.9045602826         5.1304943740
        1.4550048000         3.1000000000         1.5318161696         4.9173196699         5.1304943740
        1.4600032000         3.1000000000         1.5369208233         4.9402865670         5.2634690224
        1.4650046000         3.1000000000         1.5420254771         4.9709090965         5.3964436709
        1.4700039000         3.1000000000         1.5369208233         4.9913241162         5.2634690224
        1.4750038000         3.1000000000         1.5420254771         5.0015316260         5.3964436709
        1.4800040000         3.1000000000         1.5445778039         5.0066353810         5.4629309951
        1.4850041000         3.1000000000         1.5471301308         5.0066353810         5.5294183193
        1.4900031000         3.1000000000         1.5445778039         5.0142910133         5.4629309951
        1.4950023000         3.1000000000         1.5496824576         5.0168428908         5.5959056435
        1.5000036000         3.1000000000         1.5343684965         5.0066353810         5.1969816982
        1.5050041000         3.1000000000         1.5445778039         1.1048147461         5.4629309951
        1.5100031000         3.1000000000         1.5471301308         1.1099185011         5.5294183193
        1.5150034000         3.1000000000         1.5369208233         1.1048147461         5.2634690224
        1.5200045000         3.1000000000         1.5394731502        -0.0052519485         5.3299563466
        1.5250025000         3.1000000000         1.5369208233        -0.0027000711         5.2634690224
        1.5300976000         3.1000000000         1.5522347845         0.0100593162         5.6623929678
        1.5350026000         3.1000000000         1.5471301308        -0.0001481936         5.5294183193
        1.5400034000         3.1000000000         1.5471301308         0.0075074388         5.5294183193
        1.5450028000         3.1000000000         1.5394731502        -0.0001481936         5.3299563466
        1.5500018000         3.1000000000         1.5445778039         0.0177149486         5.4629309951
        1.5550039000         3.1000000000         1.5343684965         0.0355780908         5.1969816982
        1.5600039000         3.1000000000         1.5573394382         0.0610968654         5.7953676162
        1.5650051000         3.1000000000         1.5318161696         0.0687524978         5.1304943740
        1.5700042000         3.1000000000         1.5343684965         0.0942712724         5.1969816982
        1.5750023000         3.1000000000         1.5343684965         0.1146862920         5.1969816982
        1.5800023000         3.1000000000         1.5394731502         0.1504125765         5.3299563466
        1.5850051000         3.1000000000         1.5318161696         0.1606200863         5.1304943740
        1.5900036000         3.1000000000         1.5420254771         0.1835869834         5.3964436709
        1.5950036000         3.1000000000         1.5394731502         0.2116576355         5.3299563466
        1.6000036000         3.1000000000         1.5292638428         0.2193132679         5.0640070497
        1.6050034000         3.1000000000         1.5292638428         0.2397282875         5.0640070497
        1.6100035000         3.1000000000         1.5420254771         0.2652470621         5.3964436709
        1.6150030000         3.1000000000         1.5369208233         0.2856620818         5.2634690224
        1.6200037000         3.1000000000         1.5343684965         0.3035252240         5.1969816982
        1.6250027000         3.1000000000         1.5343684965         0.3290439986         5.1969816982
        1.6300069000         3.1000000000         1.5445778039         0.3520108957         5.4629309951
        1.6350038000         3.1000000000         1.5369208233         0.3698740379         5.2634690224
        1.6400027000         3.1000000000         1.5394731502         0.3928409351         5.3299563466
        1.6450128000         3.1000000000         1.5369208233         0.4132559548         5.2634690224
        1.6500070000         3.1000000000         1.5496824576         0.4336709744         5.5959056435
        1.6550035000         3.1000000000         1.5292638428         0.4540859941         5.0640070497
        1.6600027000         3.1000000000         1.5394731502         0.4745010138         5.3299563466
        1.6650046000         3.1000000000         1.5369208233         0.4974679109         5.2634690224
        1.6700039000         3.1000000000         1.5343684965         0.5178829306         5.1969816982
        1.6750033000         3.1000000000         1.5471301308         0.5434017052         5.5294183193
        1.6800035000         3.1000000000         1.5522347845         0.5663686023         5.6623929678
        1.6850040000         3.1000000000         1.5292638428         0.5714723572         5.0640070497
        1.6900028000         3.1000000000         1.5343684965         0.5918873769         5.1969816982
        1.6950059000         3.1000000000         1.5445778039         0.6276136613         5.4629309951
        1.7000049000         3.1000000000         1.5496824576         0.6480286810         5.5959056435
        1.7050043000         3.1000000000         1.5420254771         0.6633399457         5.3964436709
        1.7100088000         3.1000000000         1.5292638428         0.6812030879         5.0640070497
        1.7151410000         3.1000000000         1.5292638428         0.6990662302         5.0640070497
        1.7200050000         3.1000000000         1.5471301308         0.7245850047         5.5294183193
        1.7250018000         3.1000000000         1.5267115159         0.7424481470         4.9975197255
        1.7300070000         3.1000000000         1.5394731502         0.7628631666         5.3299563466
        1.7350042000         3.1000000000         1.5420254771         0.7781744314         5.3964436709
        1.7400032000         3.1000000000         1.5471301308         0.8113488384         5.5294183193
        1.7450054000         3.1000000000         1.5471301308         0.8343157355         5.5294183193
        1.7500054000         3.1000000000         1.5445778039         0.8496270002         5.4629309951
        1.7550058000         3.1000000000         1.5445778039         0.8674901425         5.4629309951
        1.7600058000         3.1000000000         1.5420254771         0.8904570396         5.3964436709
        1.7650358000         3.1000000000         1.5420254771         0.9057683043         5.3964436709
        1.7700042000         3.1000000000         1.5369208233         0.9287352015         5.2634690224
        1.7750066000         3.1000000000         1.5573394382         0.9517020986         5.7953676162
        1.7800054000         3.1000000000         1.5088452279         0.9695652408         4.5321084559
        1.7855596000         3.1000000000         1.5420254771         1.0027396478         5.3964436709
        1.7900063000         3.1000000000         1.5369208233         1.0154990351         5.2634690224
        1.7950068000         3.1000000000         1.5573394382         1.0461215646         5.7953676162
        1.8000059000         3.1000000000         1.5292638428         1.0665365843         5.0640070497
        1.8050059000         3.1000000000         1.5471301308         1.0792959716         5.5294183193
        1.8100045000         3.1000000000         1.5420254771         1.0997109912         5.3964436709
        1.8150046000         3.1000000000         1.5292638428         1.1175741334         5.0640070497
        1.8200042000         3.1000000000         1.5445778039         1.1405410306         5.4629309951
        1.8250048000         3.1000000000         1.5496824576         1.1609560502         5.5959056435
        1.8300044000         3.1000000000         1.5445778039         1.1864748248         5.4629309951
        1.8350047000         3.1000000000         1.5445778039         1.2017860896         5.4629309951
        1.8400033000         3.1000000000         1.5573394382         1.2324086191         5.7953676162
        1.8450021000         3.1000000000         1.5471301308         1.2477198838         5.5294183193
        1.8500059000         3.1000000000         1.5420254771         1.2630311486         5.3964436709
        1.8550028000         3.1000000000         1.5394731502         1.2783424134         5.3299563466
        1.8600048000         3.1000000000         1.5420254771         1.3038611879         5.3964436709
        1.8650034000         3.1000000000         1.5420254771         1.3242762076         5.3964436709
        1.8700026000         3.1000000000         1.5496824576         1.3497949822         5.5959056435
        1.8750021000         3.1000000000         1.5420254771         1.3702100019         5.3964436709
        1.8800028000         3.1000000000         1.5369208233         1.3855212666         5.2634690224
        1.8850019000         3.1000000000         1.5369208233         1.4059362863         5.2634690224
        1.8900044000         3.1000000000         1.5496824576         1.4289031834         5.5959056435
        1.8950030000         3.1000000000         1.5471301308         1.4467663256         5.5294183193
        1.9000022000         3.1000000000         1.5369208233         1.4620775904         5.2634690224
        1.9050049000         3.1000000000         1.5369208233         1.4927001199         5.2634690224
        1.9100037000         3.1000000000         1.5343684965         1.5054595072         5.1969816982
        1.9150028000         3.1000000000         1.5369208233         1.5258745269         5.2634690224
        1.9200538000         3.1000000000         1.5471301308         1.5513933015         5.5294183193
        1.9250041000         3.1000000000         1.5088452279         1.5641526888         4.5321084559
        1.9300026000         3.1000000000         1.5394731502         1.5871195859         5.3299563466
        1.9350039000         3.1000000000         1.5292638428         1.6024308506         5.0640070497
        1.9400822000         3.1000000000         1.5394731502         1.6330533802         5.3299563466
        1.9450053000         3.1000000000         1.5343684965         1.6458127674         5.1969816982
        1.9500090000         3.1000000000         1.5445778039         1.6662277871         5.4629309951
        1.9550051000         3.1000000000         1.5394731502         1.6917465617         5.3299563466
        1.9600834000         3.1000000000         1.5369208233         1.7045059490         5.2634690224
        1.9650048000         3.1000000000         1.5318161696         1.7198172138         5.1304943740
        1.9700048000         3.1000000000         1.5343684965         1.7453359884         5.1969816982
        1.9750035000         3.1000000000         1.5420254771         1.7708547629         5.3964436709
        1.9800046000         3.1000000000         1.5420254771         1.7912697826         5.3964436709
        1.9850039000         3.1000000000         1.5343684965         1.8014772924         5.1969816982
        1.9900046000         3.1000000000         1.5343684965         1.8167885572         5.1969816982
        1.9950061000         3.1000000000         1.5216068622         1.8372035769         4.8645450770
        2.0000049000         3.1000000000         1.5292638428         1.8627223515         5.0640070497
        2.0050025000         3.1000000000         1.5369208233         1.8805854937         5.2634690224
        2.0100027000         3.1000000000         1.5267115159         1.8933448810         4.9975197255
        2.0150054000         3.1000000000         1.5394731502         1.9188636556         5.3299563466
        2.0200039000         3.1000000000         1.5062929011         1.9367267978         4.4656211317
        2.0250037000         3.1000000000         1.5318161696         1.9647974498         5.1304943740
        2.0300018000         3.1000000000         1.5496824576         1.9852124695         5.5959056435
        2.0350048000         3.1000000000         1.5241591891         1.9928681019         4.9310324013
        2.0400038000         3.1000000000         1.5318161696         2.0132831215         5.1304943740
        2.0450036000         3.1000000000         1.5369208233         2.0388018961         5.2634690224
        2.0500042000         3.1000000000         1.5369208233         2.0592169158         5.2634690224
        2.0550038000         3.1000000000         1.5420254771         2.0821838129         5.3964436709
        2.0600025000         3.1000000000         1.5420254771         2.1025988326         5.3964436709
        2.0650054000         3.1000000000         1.5394731502         2.1255657297         5.3299563466
        2.0700023000         3.1000000000         1.5318161696         2.1383251170         5.1304943740
        2.0750020000         3.1000000000         1.5445778039         2.1587401367         5.4629309951
        2.0800028000         3.1000000000         1.5343684965         2.1842589113         5.1969816982
        2.0850044000         3.1000000000         1.5343684965         2.1944664211         5.1969816982
        2.0900039000         3.1000000000         1.5394731502         2.2174333183         5.3299563466
        2.0950041000         3.1000000000         1.5394731502         2.2429520929         5.3299563466
        2.1000043000         3.1000000000         1.5471301308         2.2633671125         5.5294183193
        2.1050066000         3.1000000000         1.5394731502         2.2812302547         5.3299563466
        2.1100048000         3.1000000000         1.5496824576         2.3118527843         5.5959056435
        2.1150034000         3.1000000000         1.5471301308         2.3297159265         5.5294183193
        2.1200038000         3.1000000000         1.5420254771         2.3450271912         5.3964436709
        2.1250038000         3.1000000000         1.5445778039         2.3679940883         5.4629309951
        2.1300049000         3.1000000000         1.5522347845         2.3909609855         5.6623929678
        2.1350045000         3.1000000000         1.5343684965         2.4164797601         5.1969816982
        2.1400059000         3.1000000000         1.5496824576         2.4368947797         5.5959056435
        2.1450042000         3.1000000000         1.5445778039         2.4547579220         5.4629309951
        2.1500064000         3.1000000000         1.5471301308         2.4802766965         5.5294183193
        2.1550036000         3.1000000000         1.5496824576         2.4930360838         5.5959056435
        2.1600050000         3.1000000000         1.5394731502         2.5236586133         5.3299563466
        2.1650043000         3.1000000000         1.5445778039         2.5313142457         5.4629309951
        2.1700063000         3.1000000000         1.5369208233         2.5568330203         5.2634690224
        2.1750055000         3.1000000000         1.5420254771         2.5797999174         5.3964436709
        2.1800059000         3.1000000000         1.5318161696         2.5951111822         5.1304943740
        2.1850065000         3.1000000000         1.5420254771         2.6180780793         5.3964436709
        2.1900046000         3.1000000000         1.5420254771         2.6384930990         5.3964436709
        2.1950060000         3.1000000000         1.5496824576         2.6640118736         5.5959056435
        2.2000044000         3.1000000000         1.5394731502         2.6869787707         5.3299563466
        2.2050052000         3.1000000000         1.5496824576         2.6997381580         5.5959056435
        2.2100169000         3.1000000000         1.5471301308         2.7201531777         5.5294183193
        2.2150052000         3.1000000000         1.5343684965         2.7380163199         5.1969816982
        2.2200207000         3.1000000000         1.5496824576         2.7686388494         5.5959056435
        2.2250036000         3.1000000000         1.5496824576         2.7865019916         5.5959056435
        2.2300046000         3.1000000000         1.5394731502         2.8094688888         5.3299563466
        2.2350040000         3.1000000000         1.5343684965         2.8222282761         5.1969816982
        2.2400104000         3.1000000000         1.5343684965         2.8426432957         5.1969816982
        2.2450198000         3.1000000000         1.5343684965         2.8554026830         5.1969816982
        2.2500071000         3.1000000000         1.5369208233         2.8809214576         5.2634690224
        2.2550066000         3.1000000000         1.5420254771         2.9089921097         5.3964436709
        2.2600075000         3.1000000000         1.5369208233         2.9294071293         5.2634690224
        2.2650045000         3.1000000000         1.5394731502         2.9447183941         5.3299563466
        2.2700075000         3.1000000000         1.5343684965         2.9600296588         5.1969816982
        2.2750072000         3.1000000000         1.5318161696         2.9829965560         5.1304943740
        2.2800054000         3.1000000000         1.5394731502         3.0059634531         5.3299563466
        2.2850061000         3.1000000000         1.5267115159         3.0161709629         4.9975197255
        2.2900059000         3.1000000000         1.5343684965         3.0391378601         5.1969816982
        2.2950308000         3.1000000000         1.5292638428         3.0544491248         5.0640070497
        2.3000189000         3.1000000000         1.5471301308         3.0850716543         5.5294183193
        2.3050051000         3.1000000000         1.5471301308         3.1054866740         5.5294183193
        2.3100067000         3.1000000000         1.5292638428         3.1182460613         5.0640070497
        2.3150058000         3.1000000000         1.5496824576         3.1463167133         5.5959056435
        2.3200058000         3.1000000000         1.5318161696         3.1590761006         5.1304943740
        2.3250057000         3.1000000000         1.5343684965         3.1743873654         5.1969816982
        2.3300084000         3.1000000000         1.5343684965         3.1948023851         5.1969816982
        2.3350078000         3.1000000000         1.5369208233         3.2152174047         5.2634690224
        2.3400082000         3.1000000000         1.5343684965         3.2407361793         5.1969816982
        2.3451945000         3.1000000000         1.5471301308         3.2662549539         5.5294183193
        2.3500066000         3.1000000000         1.5420254771         3.2866699736         5.3964436709
        2.3550056000         3.1000000000         1.5343684965         3.3019812383         5.1969816982
        2.3600063000         3.1000000000         1.5369208233         3.3198443806         5.2634690224
        2.3651255000         3.1000000000         1.5496824576         3.3504669101         5.5959056435
        2.3700087000         3.1000000000         1.5420254771         3.3632262974         5.3964436709
        2.3750051000         3.1000000000         1.5394731502         3.3785375621         5.3299563466
        2.3800080000         3.1000000000         1.5445778039         3.4117119691         5.4629309951
        2.3850057000         3.1000000000         1.5598917651         3.4321269888         5.8618549404
        2.3900060000         3.1000000000         1.5471301308         3.4550938859         5.5294183193
        2.3950111000         3.1000000000         1.5445778039         3.4678532732         5.4629309951
        2.4000102000         3.1000000000         1.5547871113         3.4933720478         5.7288802920
        2.4050076000         3.1000000000         1.5471301308         3.5086833125         5.5294183193
        2.4100084000         3.1000000000         1.5573394382         3.5367539646         5.7953676162
        2.4150094000         3.1000000000         1.5522347845         3.5571689842         5.6623929678
        2.4200086000         3.1000000000         1.5496824576         3.5775840039         5.5959056435
        2.4250067000         3.1000000000         1.5445778039         3.5928952687         5.4629309951
        2.4300102000         3.1000000000         1.5445778039         3.6107584109         5.4629309951
        2.4351862000         3.1000000000         1.5445778039         3.6413809404         5.4629309951
        2.4400073000         3.1000000000         1.5547871113         3.6643478375         5.7288802920
        2.4451228000         3.1000000000         1.5318161696         3.6694515924         5.1304943740
        2.4500076000         3.1000000000         1.5445778039         3.7000741219         5.4629309951
        2.4550520000         3.1000000000         1.5343684965         3.7128335092         5.1969816982
        2.4600089000         3.1000000000         1.5420254771         3.7409041613         5.3964436709
        2.4650046000         3.1000000000         1.5369208233         3.7587673035         5.2634690224
        2.4700407000         3.1000000000         1.5496824576         3.7740785683         5.5959056435
        2.4750073000         3.1000000000         1.5471301308         3.8072529752         5.5294183193
        2.4800087000         3.1000000000         1.5496824576         3.8276679949         5.5959056435
        2.4850900000         3.1000000000         1.5445778039         3.8429792597         5.4629309951
        2.4900052000         3.1000000000         1.5420254771         3.8710499117         5.3964436709
        2.4950140000         3.1000000000         1.5394731502         3.8863611765         5.3299563466
        2.5000615000         3.1000000000         1.5445778039         3.8991205638         5.4629309951
        2.5050062000         3.1000000000         1.5420254771         3.9271912158         5.3964436709
        2.5100076000         3.1000000000         1.5420254771         3.9425024806         5.3964436709
        2.5150051000         3.1000000000         1.5318161696         3.9603656228         5.1304943740
        2.5200046000         3.1000000000         1.5394731502         3.9807806424         5.3299563466
        2.5250055000         3.1000000000         1.5496824576         4.0062994170         5.5959056435
        2.5300062000         3.1000000000         1.5343684965         4.0216106818         5.1969816982
        2.5350066000         3.1000000000         1.5343684965         4.0420257015         5.1969816982
        2.5400069000         3.1000000000         1.5369208233         4.0624407211         5.2634690224
        2.5450066000         3.1000000000         1.5394731502         4.0828557408         5.3299563466
        2.5500043000         3.1000000000         1.5420254771         4.1007188830         5.3964436709
        2.5550061000         3.1000000000         1.5369208233         4.1185820252         5.2634690224
        2.5600061000         3.1000000000         1.5394731502         4.1338932900         5.3299563466
        2.5651079000         3.1000000000         1.5318161696         4.1619639420         5.1304943740
        2.5700054000         3.1000000000         1.5394731502         4.1823789617         5.3299563466
        2.5750059000         3.1000000000         1.5420254771         4.2053458588         5.3964436709
        2.5800590000         3.1000000000         1.5445778039         4.2232090010         5.4629309951
        2.5851074000         3.1000000000         1.5369208233         4.2359683883         5.2634690224
        2.5900055000         3.1000000000         1.5445778039         4.2716946728         5.4629309951
        2.5951176000         3.1000000000         1.5369208233         4.2819021826         5.2634690224
        2.6000066000         3.1000000000         1.5445778039         4.3074209572         5.4629309951
        2.6050279000         3.1000000000         1.5394731502         4.3227322219         5.3299563466
        2.6100076000         3.1000000000         1.5394731502         4.3456991191         5.3299563466
        2.6150198000         3.1000000000         1.5394731502         4.3635622613         5.3299563466
        2.6200085000         3.1000000000         1.5420254771         4.3839772810         5.3964436709
        2.6250488000         3.1000000000         1.5471301308         4.4145998105         5.5294183193
        2.6300053000         3.1000000000         1.5496824576         4.4350148301         5.5959056435
        2.6350057000         3.1000000000         1.5471301308         4.4579817273         5.5294183193
        2.6400110000         3.1000000000         1.5496824576         4.4707411146         5.5959056435
        2.6451421000         3.1000000000         1.5318161696         4.4860523793         5.1304943740
        2.6500063000         3.1000000000         1.5573394382         4.5166749088         5.7953676162
        2.6550096000         3.1000000000         1.5394731502         4.5268824187         5.3299563466
        2.6600303000         3.1000000000         1.5471301308         4.5626087031         5.5294183193
        2.6650045000         3.1000000000         1.5522347845         4.5830237228         5.6623929678
        2.6700043000         3.1000000000         1.5420254771         4.5957831101         5.3964436709
        2.6750035000         3.1000000000         1.5445778039         4.6187500072         5.4629309951
        2.6800308000         3.1000000000         1.5496824576         4.6442687818         5.5959056435
        2.6850049000         3.1000000000         1.5471301308         4.6672356789         5.5294183193
        2.6900461000         3.1000000000         1.5471301308         4.6902025760         5.5294183193
        2.6950076000         3.1000000000         1.5573394382         4.7131694732         5.7953676162
        2.7001432000         3.1000000000         1.5394731502         4.7284807379         5.3299563466
        2.7050171000         3.1000000000         1.5547871113         4.7616551449         5.7288802920
        2.7100046000         3.1000000000         1.5573394382         4.7795182871         5.7953676162
        2.7150049000         3.1000000000         1.5420254771         4.7999333068         5.3964436709
        2.7200282000         3.1000000000         1.5471301308         4.8254520814         5.5294183193
        2.7250434000         3.1000000000         1.5496824576         4.8407633461         5.5959056435
        2.7300045000         3.1000000000         1.5445778039         4.8713858756         5.4629309951
        2.7350042000         3.1000000000         1.5598917651         4.8943527728         5.8618549404
        2.7400034000         3.1000000000         1.5139498816         4.9020084051         4.6650831044
        2.7451102000         3.1000000000         1.5369208233         4.9326309346         5.2634690224
        2.7500051000         3.1000000000         1.5496824576         4.9607015867         5.5959056435
        2.7550061000         3.1000000000         1.5369208233         4.9734609740         5.2634690224
        2.7600045000         3.1000000000         1.5318161696         4.9862203613         5.1304943740
        2.7651789000         3.1000000000         1.5445778039         5.0040835035         5.4629309951
        2.7700034000         3.1000000000         1.5420254771         5.0066353810         5.3964436709
        2.7750045000         3.1000000000         1.5394731502         5.0040835035         5.3299563466
        2.7800538000         3.1000000000         1.5343684965         4.9964278711         5.1969816982
        2.7850039000         3.1000000000         1.5318161696         4.9989797486         5.1304943740
        2.7900033000         3.1000000000         1.5445778039         5.0040835035         5.4629309951
        2.7950032000         3.1000000000         1.5318161696         1.1048147461         5.1304943740
        2.8000333000         3.1000000000         1.5445778039         1.1150222560         5.4629309951
        2.8050031000         3.1000000000         1.5445778039         1.1073666236         5.4629309951
        2.8100045000         3.1000000000         1.5369208233        -0.0052519485         5.2634690224
        2.8150052000         3.1000000000         1.5292638428        -0.0052519485         5.0640070497
        2.8200017000         3.1000000000         1.5420254771         0.0024036839         5.3964436709
        2.8250030000         3.1000000000         1.5394731502         0.0024036839         5.3299563466
        2.8300060000         3.1000000000         1.5420254771         0.0049555613         5.3964436709
        2.8350031000         3.1000000000         1.5420254771        -0.0001481936         5.3964436709
        2.8400171000         3.1000000000         1.5343684965         0.0126111937         5.1969816982
        2.8450033000         3.1000000000         1.5369208233         0.0355780908         5.2634690224
        2.8500053000         3.1000000000         1.5394731502         0.0534412330         5.3299563466
        2.8550035000         3.1000000000         1.5292638428         0.0713043752         5.0640070497
        2.8600066000         3.1000000000         1.5420254771         0.1019269048         5.3964436709
        2.8650442000         3.1000000000         1.5267115159         0.1172381695         4.9975197255
        2.8700045000         3.1000000000         1.5496824576         0.1478606990         5.5959056435
        2.8750046000         3.1000000000         1.5420254771         0.1708275961         5.3964436709
        2.8800094000         3.1000000000         1.5496824576         0.1912426158         5.5959056435
        2.8850024000         3.1000000000         1.5292638428         0.1963463707         5.0640070497
        2.8900034000         3.1000000000         1.5292638428         0.2218651453         5.0640070497
        2.8950044000         3.1000000000         1.5369208233         0.2499357974         5.2634690224
        2.9000515000         3.1000000000         1.5369208233         0.2703508170         5.2634690224
        2.9050047000         3.1000000000         1.5496824576         0.2958695916         5.5959056435
        2.9100027000         3.1000000000         1.5496824576         0.3188364888         5.5959056435
        2.9150024000         3.1000000000         1.5394731502         0.3392515084         5.3299563466
        2.9200351000         3.1000000000         1.5547871113         0.3596665281         5.7288802920
        2.9250036000         3.1000000000         1.5343684965         0.3724259154         5.1969816982
        2.9300032000         3.1000000000         1.5369208233         0.3979446900         5.2634690224
        2.9350030000         3.1000000000         1.5471301308         0.4158078322         5.5294183193
        2.9400057000         3.1000000000         1.5496824576         0.4387747293         5.5959056435
        2.9450024000         3.1000000000         1.5369208233         0.4617416265         5.2634690224
        2.9500038000         3.1000000000         1.5343684965         0.4719491363         5.1969816982
        2.9550031000         3.1000000000         1.5522347845         0.5025716658         5.6623929678
        2.9600053000         3.1000000000         1.5496824576         0.5229866855         5.5959056435
        2.9650023000         3.1000000000         1.5369208233         0.5408498277         5.2634690224
        2.9700037000         3.1000000000         1.5420254771         0.5638167248         5.3964436709
        2.9750036000         3.1000000000         1.5420254771         0.5842317445         5.3964436709
        2.9800031000         3.1000000000         1.5471301308         0.6071986416         5.5294183193
        2.9850240000         3.1000000000         1.5471301308         0.6301655388         5.5294183193
        2.9900025000         3.1000000000         1.5471301308         0.6505805584         5.5294183193
        2.9950038000         3.1000000000         1.5420254771         0.6658918232         5.3964436709
        3.0000027000         3.1000000000         1.5394731502         0.6939624752         5.3299563466
        3.0050037000         3.1000000000         1.5522347845         0.7169293724         5.6623929678
        3.0100033000         3.1000000000         1.5420254771         0.7373443920         5.3964436709
        3.0150031000         3.1000000000         1.5420254771         0.7603112892         5.3964436709
        3.0200224000         3.1000000000         1.5394731502         0.7756225539         5.3299563466
        3.0250030000         3.1000000000         1.5471301308         0.8062450834         5.5294183193
        3.0300023000         3.1000000000         1.5496824576         0.8266601031         5.5959056435
        3.0350410000         3.1000000000         1.5420254771         0.8419713679         5.3964436709
        3.0400205000         3.1000000000         1.5318161696         0.8572826326         5.1304943740
        3.0450031000         3.1000000000         1.5496824576         0.8879051621         5.5959056435
        3.0500031000         3.1000000000         1.5445778039         0.9083201818         5.4629309951
        3.0550030000         3.1000000000         1.5318161696         0.9312870789         5.1304943740
        3.0606158000         3.1000000000         1.5522347845         0.9542539761         5.6623929678
        3.0650056000         3.1000000000         1.5420254771         0.9644614859         5.3964436709
        3.0700042000         3.1000000000         1.5445778039         0.9925321379         5.4629309951
        3.0750031000         3.1000000000         1.5292638428         1.0027396478         5.0640070497
        3.0800201000         3.1000000000         1.5394731502         1.0257065449         5.3299563466
        3.0850037000         3.1000000000         1.5267115159         1.0435696871         4.9975197255
        3.0900027000         3.1000000000         1.5241591891         1.0588809519         4.9310324013
        3.0950048000         3.1000000000         1.5445778039         1.0946072363         5.4629309951
        3.1000049000         3.1000000000         1.5394731502         1.1099185011         5.3299563466
        3.1050031000         3.1000000000         1.5318161696         1.1252297658         5.1304943740
        3.1100042000         3.1000000000         1.5343684965         1.1405410306         5.1969816982
        3.1150038000         3.1000000000         1.5267115159         1.1609560502         4.9975197255
        3.1200039000         3.1000000000         1.5241591891         1.1813710699         4.9310324013
        3.1250048000         3.1000000000         1.5420254771         1.2068898445         5.3964436709
        3.1300039000         3.1000000000         1.5394731502         1.2247529867         5.3299563466
        3.1350044000         3.1000000000         1.5445778039         1.2528236388         5.4629309951
        3.1400036000         3.1000000000         1.5318161696         1.2706867810         5.1304943740
        3.1450041000         3.1000000000         1.5318161696         1.2757905359         5.1304943740
        3.1500037000         3.1000000000         1.5420254771         1.3064130654         5.3964436709
        3.1550034000         3.1000000000         1.5318161696         1.3166205752         5.1304943740
        3.1600050000         3.1000000000         1.5292638428         1.3421393498         5.0640070497
        3.1650033000         3.1000000000         1.5343684965         1.3625543695         5.1969816982
        3.1700021000         3.1000000000         1.5343684965         1.3829693892         5.1969816982
        3.1750066000         3.1000000000         1.5420254771         1.4084881638         5.3964436709
        3.1800168000         3.1000000000         1.5318161696         1.4212475511         5.1304943740
        3.1850023000         3.1000000000         1.5292638428         1.4391106933         5.0640070497
        3.1900020000         3.1000000000         1.5318161696         1.4620775904         5.1304943740
        3.1950039000         3.1000000000         1.5394731502         1.4901482425         5.3299563466
        3.2000025000         3.1000000000         1.5343684965         1.5054595072         5.1969816982
        3.2050038000         3.1000000000         1.5343684965         1.5233226494         5.1969816982
        3.2100042000         3.1000000000         1.5420254771         1.5386339142         5.3964436709
        3.2150050000         3.1000000000         1.5343684965         1.5616008113         5.1969816982
        3.2200025000         3.1000000000         1.5292638428         1.5769120761         5.0640070497
        3.2250023000         3.1000000000         1.5369208233         1.6049827281         5.2634690224
        3.2300046000         3.1000000000         1.5471301308         1.6253977478         5.5294183193
        3.2350017000         3.1000000000         1.5471301308         1.6483646449         5.5294183193
        3.2400033000         3.1000000000         1.5318161696         1.6560202773         5.1304943740
        3.2450024000         3.1000000000         1.5394731502         1.6815390519         5.3299563466
        3.2500039000         3.1000000000         1.5471301308         1.6968503166         5.5294183193
        3.2550044000         3.1000000000         1.5420254771         1.7300247236         5.3964436709
        3.2600541000         3.1000000000         1.5445778039         1.7427841109         5.4629309951
        3.2650028000         3.1000000000         1.5369208233         1.7657510080         5.2634690224
        3.2700025000         3.1000000000         1.5445778039         1.7887179052         5.4629309951
        3.2750027000         3.1000000000         1.5394731502         1.8014772924         5.3299563466
        3.2800042000         3.1000000000         1.5420254771         1.8244441896         5.3964436709
        3.2850032000         3.1000000000         1.5267115159         1.8397554543         4.9975197255
        3.2900041000         3.1000000000         1.5394731502         1.8601704740         5.3299563466
        3.2950030000         3.1000000000         1.5292638428         1.8805854937         5.0640070497
        3.3000154000         3.1000000000         1.5369208233         1.8958967584         5.2634690224
        3.3050043000         3.1000000000         1.5292638428         1.9214155330         5.0640070497
        3.3100045000         3.1000000000         1.5369208233         1.9367267978         5.2634690224
        3.3150042000         3.1000000000         1.5267115159         1.9571418174         4.9975197255
        3.3200128000         3.1000000000         1.5394731502         1.9750049597         5.3299563466
        3.3250026000         3.1000000000         1.5267115159         1.9928681019         4.9975197255
        3.3300026000         3.1000000000         1.5394731502         2.0132831215         5.3299563466
        3.3350034000         3.1000000000         1.5318161696         2.0464575285         5.1304943740
        3.3400038000         3.1000000000         1.5394731502         2.0617687933         5.3299563466
        3.3450051000         3.1000000000         1.5369208233         2.0745281806         5.2634690224
        3.3500020000         3.1000000000         1.5318161696         2.0974950777         5.1304943740
        3.3550726000         3.1000000000         1.5318161696         2.1204619748         5.1304943740
        3.3600051000         3.1000000000         1.5318161696         2.1383251170         5.1304943740
        3.3650044000         3.1000000000         1.5292638428         2.1561882593         5.0640070497
        3.3700026000         3.1000000000         1.5369208233         2.1766032789         5.2634690224
        3.3750258000         3.1000000000         1.5343684965         2.1944664211         5.1969816982
        3.3800088000         3.1000000000         1.5343684965         2.2174333183         5.1969816982
        3.3850024000         3.1000000000         1.5241591891         2.2276408281         4.9310324013
        3.3900026000         3.1000000000         1.5292638428         2.2480558478         5.0640070497
        3.3950047000         3.1000000000         1.5241591891         2.2684708674         4.9310324013
        3.4000036000         3.1000000000         1.5318161696         2.2888858871         5.1304943740
        3.4050058000         3.1000000000         1.5292638428         2.3144046617         5.0640070497
        3.4100079000         3.1000000000         1.5318161696         2.3322678039         5.1304943740
        3.4150039000         3.1000000000         1.5343684965         2.3552347011         5.1969816982
        3.4200031000         3.1000000000         1.5318161696         2.3679940883         5.1304943740
        3.4250328000         3.1000000000         1.5369208233         2.3935128629         5.2634690224
        3.4300051000         3.1000000000         1.5496824576         2.4215835150         5.5959056435
        3.4350057000         3.1000000000         1.5292638428         2.4317910248         5.0640070497
        3.4400186000         3.1000000000         1.5369208233         2.4547579220         5.2634690224
        3.4450180000         3.1000000000         1.5394731502         2.4751729416         5.3299563466
        3.4500029000         3.1000000000         1.5471301308         2.5006917162         5.5294183193
        3.4550029000         3.1000000000         1.5318161696         2.5083473486         5.1304943740
        3.4600050000         3.1000000000         1.5318161696         2.5287623683         5.1304943740
        3.4650029000         3.1000000000         1.5420254771         2.5593848978         5.3964436709
        3.4700030000         3.1000000000         1.5369208233         2.5746961625         5.2634690224
        3.4750057000         3.1000000000         1.5394731502         2.5951111822         5.3299563466
        3.4800583000         3.1000000000         1.5445778039         2.6231818342         5.4629309951
        3.4850480000         3.1000000000         1.5445778039         2.6435968539         5.4629309951
        3.4900029000         3.1000000000         1.5394731502         2.6563562412         5.3299563466
        3.4950045000         3.1000000000         1.5343684965         2.6767712609         5.1969816982
        3.5000123000         3.1000000000         1.5369208233         2.6971862806         5.2634690224
        3.5050033000         3.1000000000         1.5394731502         2.7176013002         5.3299563466
        3.5100046000         3.1000000000         1.5420254771         2.7380163199         5.3964436709
        3.5150026000         3.1000000000         1.5343684965         2.7609832170         5.1969816982
        3.5200046000         3.1000000000         1.5394731502         2.7762944818         5.3299563466
        3.5250129000         3.1000000000         1.5292638428         2.7941576240         5.0640070497
        3.5300033000         3.1000000000         1.5445778039         2.8171245211         5.4629309951
        3.5350023000         3.1000000000         1.5394731502         2.8400914183         5.3299563466
        3.5400046000         3.1000000000         1.5445778039         2.8605064379         5.4629309951
        3.5450032000         3.1000000000         1.5369208233         2.8809214576         5.2634690224
        3.5500042000         3.1000000000         1.5394731502         2.9038883547         5.3299563466
        3.5550034000         3.1000000000         1.5343684965         2.9191996195         5.1969816982
        3.5600035000         3.1000000000         1.5496824576         2.9396146392         5.5959056435
        3.5650041000         3.1000000000         1.5343684965         2.9574777814         5.1969816982
        3.5700061000         3.1000000000         1.5394731502         2.9727890461         5.3299563466
        3.5750074000         3.1000000000         1.5522347845         3.0085153306         5.6623929678
        3.5800073000         3.1000000000         1.5394731502         3.0238265953         5.3299563466
        3.5851577000         3.1000000000         1.5369208233         3.0467934924         5.2634690224
        3.5900044000         3.1000000000         1.5547871113         3.0697603896         5.7288802920
        3.5950075000         3.1000000000         1.5496824576         3.0876235318         5.5959056435
        3.6000046000         3.1000000000         1.5318161696         3.1003829191         5.1304943740
        3.6050053000         3.1000000000         1.5343684965         3.1207979388         5.1969816982
        3.6100043000         3.1000000000         1.5522347845         3.1539723457         5.6623929678
        3.6150050000         3.1000000000         1.5420254771         3.1667317330         5.3964436709
        3.6200028000         3.1000000000         1.5547871113         3.1973542625         5.7288802920
        3.6250048000         3.1000000000         1.5522347845         3.2101136498         5.6623929678
        3.6300056000         3.1000000000         1.5394731502         3.2254249146         5.3299563466
        3.6350039000         3.1000000000         1.5343684965         3.2483918117         5.1969816982
        3.6400041000         3.1000000000         1.5420254771         3.2662549539         5.3964436709
        3.6450077000         3.1000000000         1.5496824576         3.3019812383         5.5959056435
        3.6500042000         3.1000000000         1.5471301308         3.3223962580         5.5294183193
        3.6550033000         3.1000000000         1.5420254771         3.3402594002         5.3964436709
        3.6600158000         3.1000000000         1.5369208233         3.3555706650         5.2634690224
        3.6650046000         3.1000000000         1.5394731502         3.3759856847         5.3299563466
        3.6700031000         3.1000000000         1.5292638428         3.3861931945         5.0640070497
        3.6750031000         3.1000000000         1.5343684965         3.4066082142         5.1969816982
        3.6800124000         3.1000000000         1.5394731502         3.4372307437         5.3299563466
        3.6850444000         3.1000000000         1.5420254771         3.4601976408         5.3964436709
        3.6900061000         3.1000000000         1.5343684965         3.4755089056         5.1969816982
        3.6950061000         3.1000000000         1.5445778039         3.4984758027         5.4629309951
        3.7000030000         3.1000000000         1.5139498816         3.5061314351         4.6650831044
        3.7050026000         3.1000000000         1.5445778039         3.5342020871         5.4629309951
        3.7100046000         3.1000000000         1.5394731502         3.5597208617         5.3299563466
        3.7150026000         3.1000000000         1.5343684965         3.5673764941         5.1969816982
        3.7200028000         3.1000000000         1.5394731502         3.6005509010         5.3299563466
        3.7250039000         3.1000000000         1.5420254771         3.6235177982         5.3964436709
        3.7300054000         3.1000000000         1.5420254771         3.6439328179         5.3964436709
        3.7350040000         3.1000000000         1.5445778039         3.6592440826         5.4629309951
        3.7400018000         3.1000000000         1.5369208233         3.6771072248         5.2634690224
        3.7450085000         3.1000000000         1.5445778039         3.6949703670         5.4629309951
        3.7500029000         3.1000000000         1.5343684965         3.7204891416         5.1969816982
        3.7550042000         3.1000000000         1.5318161696         3.7332485289         5.1304943740
        3.7600075000         3.1000000000         1.5292638428         3.7638710584         5.0640070497
        3.7650035000         3.1000000000         1.5445778039         3.7740785683         5.4629309951
        3.7700048000         3.1000000000         1.5471301308         3.8072529752         5.5294183193
        3.7750116000         3.1000000000         1.5471301308         3.8251161174         5.5294183193
        3.7800038000         3.1000000000         1.5369208233         3.8429792597         5.2634690224
        3.7850053000         3.1000000000         1.5369208233         3.8608424019         5.2634690224
        3.7900065000         3.1000000000         1.5394731502         3.8812574215         5.3299563466
        3.7950064000         3.1000000000         1.5445778039         3.9042243187         5.4629309951
        3.8000052000         3.1000000000         1.5420254771         3.9195355834         5.3964436709
        3.8050229000         3.1000000000         1.5343684965         3.9373987256         5.1969816982
        3.8100064000         3.1000000000         1.5318161696         3.9552618679         5.1304943740
        3.8150057000         3.1000000000         1.5496824576         3.9858843974         5.5959056435
        3.8200092000         3.1000000000         1.5292638428         3.9935400297         5.0640070497
        3.8250075000         3.1000000000         1.5394731502         4.0139550494         5.3299563466
        3.8300044000         3.1000000000         1.5343684965         4.0445775789         5.1969816982
        3.8350107000         3.1000000000         1.5471301308         4.0649925986         5.5294183193
        3.8400082000         3.1000000000         1.5394731502         4.0777519859         5.3299563466
        3.8451498000         3.1000000000         1.5343684965         4.0981670056         5.1969816982
        3.8500055000         3.1000000000         1.5369208233         4.1236857801         5.2634690224
        3.8550050000         3.1000000000         1.5445778039         4.1441007998         5.4629309951
        3.8600255000         3.1000000000         1.5522347845         4.1696195744         5.6623929678
        3.8651287000         3.1000000000         1.5496824576         4.1849308392         5.5959056435
        3.8700034000         3.1000000000         1.5394731502         4.2027939814         5.3299563466
        3.8750039000         3.1000000000         1.5369208233         4.2206571236         5.2634690224
        3.8800550000         3.1000000000         1.5496824576         4.2563834080         5.5959056435
        3.8852797000         3.1000000000         1.5547871113         4.2742465502         5.7288802920
        3.8900033000         3.1000000000         1.5394731502         4.2921096924         5.3299563466
        3.8950032000         3.1000000000         1.5445778039         4.3176284670         5.4629309951
        3.9000501000         3.1000000000         1.5547871113         4.3380434867         5.7288802920
        3.9051991000         3.1000000000         1.5369208233         4.3559066289         5.2634690224
        3.9100143000         3.1000000000         1.5471301308         4.3788735260         5.5294183193
        3.9150631000         3.1000000000         1.5445778039         4.3941847908         5.4629309951
        3.9200039000         3.1000000000         1.5369208233         4.4120479330         5.2634690224
        3.9250031000         3.1000000000         1.5292638428         4.4324629527         5.0640070497
        3.9300029000         3.1000000000         1.5394731502         4.4605336047         5.3299563466
        3.9350036000         3.1000000000         1.5394731502         4.4783967469         5.3299563466
        3.9400035000         3.1000000000         1.5394731502         4.5013636441         5.3299563466
        3.9450025000         3.1000000000         1.5445778039         4.5166749088         5.4629309951
        3.9500193000         3.1000000000         1.5216068622         4.5345380510         4.8645450770
        3.9550030000         3.1000000000         1.5267115159         4.5549530707         4.9975197255
        3.9600079000         3.1000000000         1.5369208233         4.5779199678         5.2634690224
        3.9650025000         3.1000000000         1.5369208233         4.6110943748         5.2634690224
        3.9700562000         3.1000000000         1.5394731502         4.6264056396         5.3299563466
        3.9750038000         3.1000000000         1.5292638428         4.6391650269         5.0640070497
        3.9800041000         3.1000000000         1.5343684965         4.6595800465         5.1969816982
        3.9850040000         3.1000000000         1.5292638428         4.6825469437         5.0640070497
        3.9900048000         3.1000000000         1.5369208233         4.7004100859         5.2634690224
        3.9952164000         3.1000000000         1.5267115159         4.7208251056         4.9975197255
        4.0000072000         3.1000000000         1.5471301308         4.7514476351         5.5294183193
        4.0050035000         3.1000000000         1.5394731502         4.7693107773         5.3299563466
        4.0100056000         3.1000000000         1.5445778039         4.7973814293         5.4629309951
        4.0150036000         3.1000000000         1.5343684965         4.8126926941         5.1969816982
        4.0200038000         3.1000000000         1.5420254771         4.8407633461         5.3964436709
        4.0250044000         3.1000000000         1.5369208233         4.8535227334         5.2634690224
        4.0300042000         3.1000000000         1.5496824576         4.8841452629         5.5959056435
        4.0350980000         3.1000000000         1.5394731502         4.8994565277         5.3299563466
        4.0400052000         3.1000000000         1.5369208233         4.9147677924         5.2634690224
        4.0450032000         3.1000000000         1.5343684965         4.9351828121         5.1969816982
        4.0500026000         3.1000000000         1.5369208233         4.9555978318         5.2634690224
        4.0550042000         3.1000000000         1.5369208233         4.9862203613         5.2634690224
        4.0600052000         3.1000000000         1.5471301308         5.0015316260         5.5294183193
        4.0650037000         3.1000000000         1.5394731502         5.0066353810         5.3299563466
        4.0700030000         3.1000000000         1.5369208233         5.0066353810         5.2634690224
        4.0750035000         3.1000000000         1.5343684965         5.0117391359         5.1969816982
        4.0800046000         3.1000000000         1.5394731502         5.0091872584         5.3299563466
        4.0850052000         3.1000000000         1.5369208233         5.0040835035         5.2634690224
        4.0900131000         3.1000000000         1.5496824576         4.9964278711         5.5959056435
        4.0950041000         3.1000000000         1.5445778039         1.1175741334         5.4629309951
        4.1000051000         3.1000000000         1.5343684965         1.1073666236         5.1969816982
        4.1050066000         3.1000000000         1.5343684965         0.0202668261         5.1969816982
        4.1100078000         3.1000000000         1.5445778039         0.0024036839         5.4629309951
        4.1150058000         3.1000000000         1.5369208233         0.0024036839         5.2634690224
        4.1200054000         3.1000000000         1.5420254771         0.0024036839         5.3964436709
        4.1250068000         3.1000000000         1.5343684965        -0.0001481936         5.1969816982
        4.1300254000         3.1000000000         1.5547871113         0.0100593162         5.7288802920
        4.1350061000         3.1000000000         1.5445778039         0.0100593162         5.4629309951
        4.1400039000         3.1000000000         1.5445778039         0.0253705810         5.4629309951
        4.1450090000         3.1000000000         1.5496824576         0.0483374781         5.5959056435
        4.1500089000         3.1000000000         1.5369208233         0.0687524978         5.2634690224
        4.1550078000         3.1000000000         1.5522347845         0.0942712724         5.6623929678
        4.1600058000         3.1000000000         1.5445778039         0.1121344146         5.4629309951
        4.1650407000         3.1000000000         1.5522347845         0.1402050666         5.6623929678
        4.1700078000         3.1000000000         1.5394731502         0.1529644539         5.3299563466
        4.1750038000         3.1000000000         1.5547871113         0.1810351060         5.7288802920
        4.1800057000         3.1000000000         1.5496824576         0.2040020031         5.5959056435
        4.1850042000         3.1000000000         1.5496824576         0.2269689002         5.5959056435
        4.1900038000         3.1000000000         1.5496824576         0.2524876748         5.5959056435
        4.1951086000         3.1000000000         1.5496824576         0.2703508170         5.5959056435
        4.2000027000         3.1000000000         1.5547871113         0.2984214691         5.7288802920
        4.2050049000         3.1000000000         1.5573394382         0.3213883662         5.7953676162
        4.2100057000         3.1000000000         1.5471301308         0.3366996310         5.5294183193
        4.2150600000         3.1000000000         1.5445778039         0.3571146507         5.4629309951
        4.2200053000         3.1000000000         1.5420254771         0.3800815478         5.3964436709
        4.2250044000         3.1000000000         1.5420254771         0.4030484449         5.3964436709
        4.2300036000         3.1000000000         1.5522347845         0.4285672195         5.6623929678
        4.2350047000         3.1000000000         1.5394731502         0.4413266068         5.3299563466
        4.2400057000         3.1000000000         1.5343684965         0.4591897490         5.1969816982
        4.2450054000         3.1000000000         1.5420254771         0.4847085236         5.3964436709
        4.2500038000         3.1000000000         1.5496824576         0.5051235433         5.5959056435
        4.2550057000         3.1000000000         1.5420254771         0.5331941953         5.3964436709
        4.2600049000         3.1000000000         1.5471301308         0.5561610925         5.5294183193
        4.2650034000         3.1000000000         1.5445778039         0.5765761121         5.4629309951
        4.2700130000         3.1000000000         1.5420254771         0.5867836220         5.3964436709
        4.2750079000         3.1000000000         1.5343684965         0.6097505191         5.1969816982
        4.2800036000         3.1000000000         1.5369208233         0.6225099064         5.2634690224
        4.2850027000         3.1000000000         1.5343684965         0.6505805584         5.1969816982
        4.2901465000         3.1000000000         1.5369208233         0.6735474556         5.2634690224
        4.2950032000         3.1000000000         1.5318161696         0.6939624752         5.1304943740
        4.3000033000         3.1000000000         1.5394731502         0.7092737400         5.3299563466
        4.3050035000         3.1000000000         1.5394731502         0.7322406371         5.3299563466
        4.3100158000         3.1000000000         1.5318161696         0.7603112892         5.1304943740
        4.3150024000         3.1000000000         1.5216068622         0.7807263088         4.8645450770
        4.3200033000         3.1000000000         1.5420254771         0.7934856961         5.3964436709
        4.3250032000         3.1000000000         1.5343684965         0.8139007158         5.1969816982
        4.3300147000         3.1000000000         1.5343684965         0.8343157355         5.1969816982
        4.3350029000         3.1000000000         1.5471301308         0.8623863875         5.5294183193
        4.3400338000         3.1000000000         1.5471301308         0.8776976523         5.5294183193
        4.3450029000         3.1000000000         1.5420254771         0.9032164269         5.3964436709
        4.3500807000         3.1000000000         1.5547871113         0.9261833240         5.7288802920
        4.3550030000         3.1000000000         1.5318161696         0.9414945888         5.1304943740
        4.3600038000         3.1000000000         1.5394731502         0.9593577310         5.3299563466
        4.3650029000         3.1000000000         1.5318161696         0.9746689957         5.1304943740
        4.3700037000         3.1000000000         1.5445778039         1.0001877703         5.4629309951
        4.3750028000         3.1000000000         1.5369208233         1.0257065449         5.2634690224
        4.3800029000         3.1000000000         1.5496824576         1.0461215646         5.5959056435
        4.3850033000         3.1000000000         1.5241591891         1.0614328293         4.9310324013
        4.3900113000         3.1000000000         1.5445778039         1.0843997265         5.4629309951
        4.3950029000         3.1000000000         1.5369208233         1.0971591138         5.2634690224
        4.4000028000         3.1000000000         1.5369208233         1.1226778884         5.2634690224
        4.4050030000         3.1000000000         1.5445778039         1.1430929080         5.4629309951
        4.4101250000         3.1000000000         1.5445778039         1.1635079277         5.4629309951
        4.4150042000         3.1000000000         1.5445778039         1.1813710699         5.4629309951
        4.4200037000         3.1000000000         1.5496824576         1.2043379670         5.5959056435
        4.4250045000         3.1000000000         1.5420254771         1.2298567416         5.3964436709
        4.4300036000         3.1000000000         1.5547871113         1.2502717613         5.7288802920
        4.4350038000         3.1000000000         1.5522347845         1.2706867810         5.6623929678
        4.4401536000         3.1000000000         1.5496824576         1.2936536781         5.5959056435
        4.4450026000         3.1000000000         1.5573394382         1.3089649429         5.7953676162
        4.4500030000         3.1000000000         1.5445778039         1.3293799625         5.4629309951
        4.4550038000         3.1000000000         1.5496824576         1.3497949822         5.5959056435
        4.4600039000         3.1000000000         1.5420254771         1.3651062470         5.3964436709
        4.4650021000         3.1000000000         1.5496824576         1.3931768990         5.5959056435
        4.4700122000         3.1000000000         1.5445778039         1.4161437961         5.4629309951
        4.4750034000         3.1000000000         1.5471301308         1.4340069384         5.5294183193
        4.4800032000         3.1000000000         1.5598917651         1.4646294679         5.8618549404
        4.4850029000         3.1000000000         1.5445778039         1.4773888552         5.4629309951
        4.4900038000         3.1000000000         1.5420254771         1.4978038748         5.3964436709
        4.4950026000         3.1000000000         1.5496824576         1.5233226494         5.5959056435
        4.5000040000         3.1000000000         1.5496824576         1.5437376691         5.5959056435
        4.5050024000         3.1000000000         1.5318161696         1.5539451789         5.1304943740
        4.5100350000         3.1000000000         1.5445778039         1.5794639535         5.4629309951
        4.5150032000         3.1000000000         1.5369208233         1.6024308506         5.2634690224
        4.5200040000         3.1000000000         1.5420254771         1.6279496252         5.3964436709
        4.5250038000         3.1000000000         1.5369208233         1.6381571351         5.2634690224
        4.5300075000         3.1000000000         1.5394731502         1.6611240322         5.3299563466
        4.5350053000         3.1000000000         1.5011882474         1.6789871744         4.3326464832
        4.5400048000         3.1000000000         1.5369208233         1.6994021941         5.2634690224
        4.5450032000         3.1000000000         1.5369208233         1.7198172138         5.2634690224
        4.5500027000         3.1000000000         1.5471301308         1.7402322334         5.5294183193
        4.5550030000         3.1000000000         1.5420254771         1.7555434982         5.3964436709
        4.5600039000         3.1000000000         1.5267115159         1.7708547629         4.9975197255
        4.5650031000         3.1000000000         1.5369208233         1.7938216601         5.2634690224
        4.5700110000         3.1000000000         1.5445778039         1.8193404347         5.4629309951
        4.5750025000         3.1000000000         1.5394731502         1.8372035769         5.3299563466
        4.5800030000         3.1000000000         1.5343684965         1.8525148416         5.1969816982
        4.5850031000         3.1000000000         1.5369208233         1.8754817388         5.2634690224
        4.5900299000         3.1000000000         1.5267115159         1.8856892486         4.9975197255
        4.5950032000         3.1000000000         1.5369208233         1.9188636556         5.2634690224
        4.6000036000         3.1000000000         1.5343684965         1.9316230429         5.1969816982
        4.6050032000         3.1000000000         1.5420254771         1.9545899400         5.3964436709
        4.6100126000         3.1000000000         1.5088452279         1.9724530822         4.5321084559
        4.6150026000         3.1000000000         1.5292638428         1.9903162244         5.0640070497
        4.6200032000         3.1000000000         1.5420254771         2.0158349990         5.3964436709
        4.6250032000         3.1000000000         1.5343684965         2.0336981412         5.1969816982
        4.6300025000         3.1000000000         1.5369208233         2.0490094060         5.2634690224
        4.6350037000         3.1000000000         1.5292638428         2.0617687933         5.0640070497
        4.6400045000         3.1000000000         1.5318161696         2.0898394453         5.1304943740
        4.6450029000         3.1000000000         1.5394731502         2.1128063424         5.3299563466
        4.6500032000         3.1000000000         1.5369208233         2.1383251170         5.2634690224
        4.6550036000         3.1000000000         1.5318161696         2.1408769945         5.1304943740
        4.6600040000         3.1000000000         1.5318161696         2.1638438916         5.1304943740
        4.6650028000         3.1000000000         1.5343684965         2.1893626662         5.1969816982
        4.6700195000         3.1000000000         1.5318161696         2.2097776859         5.1304943740
        4.6750026000         3.1000000000         1.5394731502         2.2301927056         5.3299563466
        4.6800028000         3.1000000000         1.5216068622         2.2455039703         4.8645450770
        4.6850028000         3.1000000000         1.5394731502         2.2684708674         5.3299563466
        4.6900702000         3.1000000000         1.5369208233         2.2888858871         5.2634690224
        4.6950039000         3.1000000000         1.5318161696         2.3093009068         5.1304943740
        4.7000025000         3.1000000000         1.5343684965         2.3322678039         5.1969816982
        4.7050020000         3.1000000000         1.5343684965         2.3501309461         5.1969816982
        4.7100031000         3.1000000000         1.5343684965         2.3654422109         5.1969816982
        4.7150025000         3.1000000000         1.5318161696         2.3858572306         5.1304943740
        4.7200025000         3.1000000000         1.5394731502         2.4088241277         5.3299563466
        4.7250034000         3.1000000000         1.5445778039         2.4368947797         5.4629309951
        4.7300029000         3.1000000000         1.5471301308         2.4573097994         5.5294183193
        4.7350024000         3.1000000000         1.5445778039         2.4751729416         5.4629309951
        4.7400038000         3.1000000000         1.5394731502         2.4879323289         5.3299563466
        4.7450039000         3.1000000000         1.5318161696         2.5057954711         5.1304943740
        4.7500115000         3.1000000000         1.5420254771         2.5338661232         5.3964436709
        4.7550024000         3.1000000000         1.5420254771         2.5542811429         5.3964436709
        4.7600037000         3.1000000000         1.5445778039         2.5721442851         5.4629309951
        4.7650027000         3.1000000000         1.5369208233         2.6002149371         5.2634690224
        4.7700095000         3.1000000000         1.5369208233         2.6180780793         5.2634690224
        4.7750032000         3.1000000000         1.5496824576         2.6384930990         5.5959056435
        4.7800025000         3.1000000000         1.5420254771         2.6563562412         5.3964436709
        4.7850024000         3.1000000000         1.5343684965         2.6793231383         5.1969816982
        4.7900236000         3.1000000000         1.5394731502         2.6997381580         5.3299563466
        4.7950039000         3.1000000000         1.5420254771         2.7227050552         5.3964436709
        4.8000031000         3.1000000000         1.5420254771         2.7380163199         5.3964436709
        4.8050022000         3.1000000000         1.5267115159         2.7533275847         4.9975197255
        4.8100061000         3.1000000000         1.5445778039         2.7839501142         5.4629309951
        4.8150029000         3.1000000000         1.5318161696         2.7967095015         5.1304943740
        4.8200025000         3.1000000000         1.5522347845         2.8247801535         5.6623929678
        4.8250034000         3.1000000000         1.5343684965         2.8375395408         5.1969816982
        4.8300023000         3.1000000000         1.5445778039         2.8554026830         5.4629309951
        4.8350028000         3.1000000000         1.5318161696         2.8707139478         5.1304943740
        4.8400040000         3.1000000000         1.5394731502         2.9013364773         5.3299563466
        4.8450029000         3.1000000000         1.5241591891         2.9166477420         4.9310324013
        4.8500022000         3.1000000000         1.5496824576         2.9472702715         5.5959056435
        4.8550047000         3.1000000000         1.5394731502         2.9574777814         5.3299563466
        4.8600065000         3.1000000000         1.5369208233         2.9753409236         5.2634690224
        4.8650050000         3.1000000000         1.5318161696         2.9932040658         5.1304943740
        4.8700052000         3.1000000000         1.5343684965         3.0187228404         5.1969816982
        4.8750032000         3.1000000000         1.5445778039         3.0467934924         5.4629309951
        4.8800026000         3.1000000000         1.5496824576         3.0646566347         5.5959056435
        4.8850046000         3.1000000000         1.5343684965         3.0774160220         5.1969816982
        4.8900076000         3.1000000000         1.5420254771         3.1080385515         5.3964436709
        4.8950070000         3.1000000000         1.5292638428         3.1207979388         5.0640070497
        4.9000050000         3.1000000000         1.5394731502         3.1361092035         5.3299563466
        4.9050025000         3.1000000000         1.5471301308         3.1616279781         5.5294183193
        4.9100043000         3.1000000000         1.5445778039         3.1820429978         5.4629309951
        4.9150031000         3.1000000000         1.5522347845         3.2101136498         5.6623929678
        4.9200037000         3.1000000000         1.5420254771         3.2254249146         5.3964436709
        4.9250024000         3.1000000000         1.5394731502         3.2458399342         5.3299563466
        4.9300141000         3.1000000000         1.5420254771         3.2585993215         5.3964436709
        4.9350046000         3.1000000000         1.5394731502         3.2841180961         5.3299563466
        4.9400027000         3.1000000000         1.5471301308         3.3070849933         5.5294183193
        4.9450044000         3.1000000000         1.5369208233         3.3249481355         5.2634690224
        4.9500053000         3.1000000000         1.5445778039         3.3479150326         5.4629309951
        4.9550045000         3.1000000000         1.5343684965         3.3632262974         5.1969816982
        4.9600034000         3.1000000000         1.5292638428         3.3810894396         5.0640070497
        4.9650028000         3.1000000000         1.5394731502         3.4066082142         5.3299563466
        4.9700032000         3.1000000000         1.5420254771         3.4219194789         5.3964436709
        4.9750030000         3.1000000000         1.5343684965         3.4474382535         5.1969816982
        4.9800031000         3.1000000000         1.5343684965         3.4653013957         5.1969816982
        4.9850031000         3.1000000000         1.5369208233         3.4882682929         5.2634690224
        4.9900099000         3.1000000000         1.5394731502         3.5086833125         5.3299563466
        4.9950034000         3.1000000000         1.5369208233         3.5316502097         5.2634690224
        5.0000030000         3.1000000000         1.5522347845         3.5571689842         5.6623929678
        5.0050527000         3.1000000000         1.5369208233         3.5699283715         5.2634690224
        5.0100041000         3.1000000000         1.5343684965         3.5852396363         5.1969816982
        5.0150028000         3.1000000000         1.5318161696         3.6031027785         5.1304943740
        5.0200032000         3.1000000000         1.5445778039         3.6311734306         5.4629309951
        5.0250074000         3.1000000000         1.5343684965         3.6464846953         5.1969816982
        5.0300203000         3.1000000000         1.5445778039         3.6720034699         5.4629309951
        5.0350033000         3.1000000000         1.5522347845         3.6975222445         5.6623929678
        5.0400024000         3.1000000000         1.5420254771         3.7204891416         5.3964436709
        5.0450028000         3.1000000000         1.5471301308         3.7306966515         5.5294183193
        5.0500030000         3.1000000000         1.5445778039         3.7536635486         5.4629309951
        5.0550024000         3.1000000000         1.5496824576         3.7715266908         5.5959056435
        5.0600037000         3.1000000000         1.5343684965         3.7919417105         5.1969816982
        5.0650034000         3.1000000000         1.5394731502         3.8174604851         5.3299563466
        5.0700042000         3.1000000000         1.5445778039         3.8353236273         5.4629309951
        5.0750034000         3.1000000000         1.5445778039         3.8582905244         5.4629309951
        5.0800044000         3.1000000000         1.5267115159         3.8710499117         4.9975197255
        5.0850028000         3.1000000000         1.5343684965         3.8940168088         5.1969816982
        5.0900037000         3.1000000000         1.5369208233         3.9195355834         5.2634690224
        5.0950026000         3.1000000000         1.5420254771         3.9373987256         5.3964436709
        5.1000045000         3.1000000000         1.5420254771         3.9680212551         5.3964436709
        5.1050045000         3.1000000000         1.5369208233         3.9858843974         5.2634690224
        5.1100035000         3.1000000000         1.5318161696         3.9986437847         5.1304943740
        5.1150046000         3.1000000000         1.5318161696         4.0165069269         5.1304943740
        5.1200049000         3.1000000000         1.5292638428         4.0369219465         5.0640070497
        5.1250048000         3.1000000000         1.5369208233         4.0573369662         5.2634690224
        5.1300040000         3.1000000000         1.5369208233         4.0752001084         5.2634690224
        5.1350037000         3.1000000000         1.5241591891         4.0981670056         4.9310324013
        5.1400051000         3.1000000000         1.5190545354         4.1109263928         4.7980577528
        5.1450034000         3.1000000000         1.5292638428         4.1287895351         5.0640070497
        5.1500032000         3.1000000000         1.5318161696         4.1619639420         5.1304943740
        5.1550022000         3.1000000000         1.5292638428         4.1772752068         5.0640070497
        5.1600027000         3.1000000000         1.5267115159         4.1874827166         4.9975197255
        5.1650026000         3.1000000000         1.5318161696         4.2078977363         5.1304943740
        5.1700024000         3.1000000000         1.5241591891         4.2257608785         4.9310324013
        5.1750033000         3.1000000000         1.5420254771         4.2614871629         5.3964436709
        5.1800022000         3.1000000000         1.5318161696         4.2767984277         5.1304943740
        5.1850024000         3.1000000000         1.5369208233         4.2997653248         5.2634690224
        5.1900026000         3.1000000000         1.5394731502         4.3125247121         5.3299563466
        5.1950024000         3.1000000000         1.5394731502         4.3405953642         5.3299563466
        5.2000024000         3.1000000000         1.5420254771         4.3533547515         5.3964436709
        5.2050011000         3.1000000000         1.5292638428         4.3737697711         5.0640070497
        5.2100046000         3.1000000000         1.5445778039         4.4043923006         5.4629309951
        5.2150029000         3.1000000000         1.5445778039         4.4197035654         5.4629309951
        5.2200021000         3.1000000000         1.5292638428         4.4350148301         5.0640070497
        5.2250029000         3.1000000000         1.5267115159         4.4579817273         4.9975197255
        5.2300041000         3.1000000000         1.5394731502         4.4809486244         5.3299563466
        5.2350035000         3.1000000000         1.5420254771         4.5013636441         5.3964436709
        5.2400023000         3.1000000000         1.5267115159         4.5090192765         4.9975197255
        5.2450012000         3.1000000000         1.5369208233         4.5345380510         5.2634690224
        5.2500034000         3.1000000000         1.5369208233         4.5575049482         5.2634690224
        5.2550022000         3.1000000000         1.5292638428         4.5702643355         5.0640070497
        5.2600029000         3.1000000000         1.5445778039         4.6059906199         5.4629309951
        5.2650052000         3.1000000000         1.5369208233         4.6213018847         5.2634690224
        5.2700046000         3.1000000000         1.5343684965         4.6417169043         5.1969816982
        5.2750029000         3.1000000000         1.5369208233         4.6595800465         5.2634690224
        5.2800024000         3.1000000000         1.5369208233         4.6799950662         5.2634690224
        5.2850017000         3.1000000000         1.5394731502         4.7106175957         5.3299563466
        5.2900518000         3.1000000000         1.5369208233         4.7208251056         5.2634690224
        5.2950034000         3.1000000000         1.5496824576         4.7514476351         5.5959056435
        5.3000038000         3.1000000000         1.5394731502         4.7591032674         5.3299563466
        5.3050029000         3.1000000000         1.5267115159         4.7795182871         4.9975197255
        5.3100040000         3.1000000000         1.5369208233         4.8101408166         5.2634690224
        5.3150033000         3.1000000000         1.5394731502         4.8305558363         5.3299563466
        5.3200037000         3.1000000000         1.5369208233         4.8458671010         5.2634690224
        5.3250045000         3.1000000000         1.5496824576         4.8764896306         5.5959056435
        5.3300035000         3.1000000000         1.5471301308         4.8994565277         5.5294183193
        5.3350044000         3.1000000000         1.5420254771         4.9173196699         5.3964436709
        5.3400031000         3.1000000000         1.5369208233         4.9402865670         5.2634690224
        5.3450030000         3.1000000000         1.5522347845         4.9581497092         5.6623929678
        5.3500057000         3.1000000000         1.5420254771         4.9785647289         5.3964436709
        5.3550047000         3.1000000000         1.5216068622         4.9989797486         4.8645450770
        5.3600216000         3.1000000000         1.5445778039         5.0142910133         5.4629309951
        5.3650035000         3.1000000000         1.5445778039         5.0066353810         5.4629309951
        5.3700047000         3.1000000000         1.5369208233         5.0015316260         5.2634690224
        5.3750029000         3.1000000000         1.5420254771         5.0040835035         5.3964436709
        5.3800054000         3.1000000000         1.5369208233         5.0066353810         5.2634690224
        5.3850066000         3.1000000000         1.5420254771         4.9913241162         5.3964436709
        5.3900073000         3.1000000000         1.5369208233         1.1073666236         5.2634690224
        5.3950053000         3.1000000000         1.5394731502         1.1073666236         5.3299563466
        5.4000040000         3.1000000000         1.5343684965         1.1048147461         5.1969816982
        5.4050037000         3.1000000000         1.5343684965        -0.0052519485         5.1969816982
        5.4100040000         3.1000000000         1.5394731502        -0.0001481936         5.3299563466
        5.4150037000         3.1000000000         1.5394731502        -0.0052519485         5.3299563466
        5.4200031000         3.1000000000         1.5369208233         0.0024036839         5.2634690224
        5.4250042000         3.1000000000         1.5471301308         0.0100593162         5.5294183193
        5.4300041000         3.1000000000         1.5292638428         0.0024036839         5.0640070497
        5.4350038000         3.1000000000         1.5343684965         0.0202668261         5.1969816982
        5.4400059000         3.1000000000         1.5292638428         0.0457856007         5.0640070497
        5.4450072000         3.1000000000         1.5394731502         0.0662006203         5.3299563466
        5.4500025000         3.1000000000         1.5241591891         0.0866156400         4.9310324013
        5.4550039000         3.1000000000         1.5267115159         0.1044787822         4.9975197255
        5.4600052000         3.1000000000         1.5394731502         0.1274456793         5.3299563466
        5.4650059000         3.1000000000         1.5369208233         0.1478606990         5.2634690224
        5.4700075000         3.1000000000         1.5318161696         0.1682757187         5.1304943740
        5.4750108000         3.1000000000         1.5369208233         0.1886907384         5.2634690224
        5.4800062000         3.1000000000         1.5318161696         0.2091057580         5.1304943740
        5.4850062000         3.1000000000         1.5394731502         0.2295207777         5.3299563466
        5.4900059000         3.1000000000         1.5496824576         0.2550395523         5.5959056435
        5.4950054000         3.1000000000         1.5445778039         0.2729026945         5.4629309951
        5.5000053000         3.1000000000         1.5420254771         0.3035252240         5.3964436709
        5.5050039000         3.1000000000         1.5496824576         0.3213883662         5.5959056435
        5.5100064000         3.1000000000         1.5292638428         0.3341477535         5.0640070497
        5.5150062000         3.1000000000         1.5420254771         0.3647702830         5.3964436709
        5.5200071000         3.1000000000         1.5445778039         0.3775296703         5.4629309951
        5.5250092000         3.1000000000         1.5471301308         0.4056003224         5.5294183193
        5.5300061000         3.1000000000         1.5394731502         0.4234634646         5.3299563466
        5.5350051000         3.1000000000         1.5445778039         0.4413266068         5.4629309951
        5.5400059000         3.1000000000         1.5292638428         0.4617416265         5.0640070497
        5.5450084000         3.1000000000         1.5369208233         0.4847085236         5.2634690224
        5.5500067000         3.1000000000         1.5496824576         0.5102272982         5.5959056435
        5.5550040000         3.1000000000         1.5420254771         0.5331941953         5.3964436709
        5.5600055000         3.1000000000         1.5394731502         0.5459535826         5.3299563466
        5.5650056000         3.1000000000         1.5496824576         0.5740242347         5.5959056435
        5.5700096000         3.1000000000         1.5471301308         0.5918873769         5.5294183193
        5.5750076000         3.1000000000         1.5394731502         0.6046467642         5.3299563466
        5.5800086000         3.1000000000         1.5445778039         0.6250617838         5.4629309951
        5.5850064000         3.1000000000         1.5420254771         0.6480286810         5.3964436709
        5.5900074000         3.1000000000         1.5445778039         0.6709955781         5.4629309951
        5.5950049000         3.1000000000         1.5292638428         0.6863068429         5.0640070497
        5.6000059000         3.1000000000         1.5471301308         0.7143774949         5.5294183193
        5.6050035000         3.1000000000         1.5522347845         0.7398962695         5.6623929678
        5.6100082000         3.1000000000         1.5522347845         0.7628631666         5.6623929678
        5.6150079000         3.1000000000         1.5394731502         0.7781744314         5.3299563466
        5.6200062000         3.1000000000         1.5394731502         0.7909338187         5.3299563466
        5.6250051000         3.1000000000         1.5496824576         0.8241082257         5.5959056435
        5.6300038000         3.1000000000         1.5471301308         0.8394194904         5.5294183193
        5.6350031000         3.1000000000         1.5471301308         0.8623863875         5.5294183193
        5.6401286000         3.1000000000         1.5496824576         0.8828014072         5.5959056435
        5.6450036000         3.1000000000         1.5445778039         0.9083201818         5.4629309951
        5.6500120000         3.1000000000         1.5496824576         0.9287352015         5.5959056435
        5.6550102000         3.1000000000         1.5547871113         0.9542539761         5.7288802920
        5.6600085000         3.1000000000         1.5445778039         0.9695652408         5.4629309951
        5.6650043000         3.1000000000         1.5267115159         0.9823246281         4.9975197255
        5.6700067000         3.1000000000         1.5394731502         1.0027396478         5.3299563466
        5.6750062000         3.1000000000         1.5496824576         1.0282584224         5.5959056435
        5.6800058000         3.1000000000         1.5343684965         1.0486734420         5.1969816982
        5.6850043000         3.1000000000         1.5420254771         1.0690884617         5.3964436709
        5.6900069000         3.1000000000         1.5394731502         1.0869516039         5.3299563466
        5.6950078000         3.1000000000         1.5420254771         1.1201260109         5.3964436709
        5.7000036000         3.1000000000         1.5420254771         1.1303335207         5.3964436709
        5.7050044000         3.1000000000         1.5394731502         1.1507485404         5.3299563466
        5.7100090000         3.1000000000         1.5394731502         1.1737154375         5.3299563466
        5.7150037000         3.1000000000         1.5394731502         1.2017860896         5.3299563466
        5.7200061000         3.1000000000         1.5496824576         1.2196492318         5.5959056435
        5.7250053000         3.1000000000         1.5445778039         1.2349604965         5.4629309951
        5.7300040000         3.1000000000         1.5369208233         1.2502717613         5.2634690224
        5.7350030000         3.1000000000         1.5369208233         1.2655830261         5.2634690224
        5.7400054000         3.1000000000         1.5088452279         1.2936536781         4.5321084559
        5.7450049000         3.1000000000         1.5318161696         1.3064130654         5.1304943740
        5.7500240000         3.1000000000         1.5394731502         1.3421393498         5.3299563466
        5.7550042000         3.1000000000         1.5343684965         1.3446912273         5.1969816982
        5.7600099000         3.1000000000         1.5318161696         1.3727618793         5.1304943740
        5.7650141000         3.1000000000         1.5471301308         1.3982806539         5.5294183193
        5.7700052000         3.1000000000         1.5292638428         1.4110400412         5.0640070497
        5.7750048000         3.1000000000         1.5445778039         1.4289031834         5.4629309951
        5.7800035000         3.1000000000         1.5394731502         1.4595257129         5.3299563466
        5.7850035000         3.1000000000         1.5369208233         1.4646294679         5.2634690224
        5.7902737000         3.1000000000         1.5343684965         1.4927001199         5.1969816982
        5.7950038000         3.1000000000         1.5420254771         1.5105632621         5.3964436709
        5.8000027000         3.1000000000         1.5292638428         1.5258745269         5.0640070497
        5.8050037000         3.1000000000         1.5471301308         1.5564970564         5.5294183193
        5.8100211000         3.1000000000         1.5292638428         1.5743601986         5.0640070497
        5.8150041000         3.1000000000         1.5394731502         1.5896714634         5.3299563466
        5.8200083000         3.1000000000         1.5318161696         1.6049827281         5.1304943740
        5.8250074000         3.1000000000         1.5420254771         1.6381571351         5.3964436709
        5.8300069000         3.1000000000         1.5369208233         1.6509165224         5.2634690224
        5.8350479000         3.1000000000         1.5369208233         1.6713315420         5.2634690224
        5.8400116000         3.1000000000         1.5318161696         1.6866428068         5.1304943740
        5.8450060000         3.1000000000         1.5318161696         1.7019540715         5.1304943740
        5.8500063000         3.1000000000         1.5292638428         1.7300247236         5.0640070497
        5.8550041000         3.1000000000         1.5420254771         1.7555434982         5.3964436709
        5.8600070000         3.1000000000         1.5318161696         1.7657510080         5.1304943740
        5.8650139000         3.1000000000         1.5369208233         1.7836141502         5.2634690224
        5.8700441000         3.1000000000         1.5343684965         1.8065810474         5.1969816982
        5.8750056000         3.1000000000         1.5343684965         1.8244441896         5.1969816982
        5.8800068000         3.1000000000         1.5241591891         1.8397554543         4.9310324013
        5.8850073000         3.1000000000         1.5394731502         1.8627223515         5.3299563466
        5.8900090000         3.1000000000         1.5292638428         1.8805854937         5.0640070497
        5.8950057000         3.1000000000         1.5445778039         1.9061042683         5.4629309951
        5.9000053000         3.1000000000         1.5318161696         1.9188636556         5.1304943740
        5.9050048000         3.1000000000         1.5369208233         1.9418305527         5.2634690224
        5.9100079000         3.1000000000         1.5292638428         1.9520380625         5.0640070497
        5.9150152000         3.1000000000         1.5394731502         1.9826605920         5.3299563466
        5.9200040000         3.1000000000         1.5318161696         2.0005237343         5.1304943740
        5.9250055000         3.1000000000         1.5420254771         2.0209387539         5.3964436709
        5.9300040000         3.1000000000         1.5343684965         2.0362500187         5.1969816982
        5.9350041000         3.1000000000         1.5394731502         2.0643206707         5.3299563466
        5.9400064000         3.1000000000         1.5318161696         2.0821838129         5.1304943740
        5.9450044000         3.1000000000         1.5343684965         2.1051507101         5.1969816982
        5.9500065000         3.1000000000         1.5445778039         2.1281176072         5.4629309951
        5.9550028000         3.1000000000         1.5292638428         2.1434288720         5.0640070497
        5.9600048000         3.1000000000         1.5292638428         2.1587401367         5.0640070497
        5.9650040000         3.1000000000         1.5343684965         2.1791551564         5.1969816982
        5.9700034000         3.1000000000         1.5343684965         2.2046739310         5.1969816982
        5.9750053000         3.1000000000         1.5420254771         2.2327445830         5.3964436709
        5.9800041000         3.1000000000         1.5445778039         2.2506077252         5.4629309951
        5.9850025000         3.1000000000         1.5445778039         2.2710227449         5.4629309951
        5.9900047000         3.1000000000         1.5216068622         2.2786783773         4.8645450770
        5.9950049000         3.1000000000         1.5369208233         2.3016452744         5.2634690224
        6.0000049000         3.1000000000         1.5394731502         2.3297159265         5.3299563466
        6.0050058000         3.1000000000         1.5420254771         2.3475790687         5.3964436709
        6.0100102000         3.1000000000         1.5241591891         2.3577865785         4.9310324013
        6.0150345000         3.1000000000         1.5241591891         2.3833053531         4.9310324013
        6.0200059000         3.1000000000         1.5267115159         2.3960647404         4.9975197255
        6.0251062000         3.1000000000         1.5318161696         2.4215835150         5.1304943740
        6.0300056000         3.1000000000         1.5292638428         2.4471022896         5.0640070497
        6.0353155000         3.1000000000         1.4986359205         2.4624135543         4.2661591590
        6.0400065000         3.1000000000         1.5369208233         2.4777248191         5.2634690224
        6.0450066000         3.1000000000         1.5318161696         2.4930360838         5.1304943740
        6.0500060000         3.1000000000         1.5292638428         2.5160029810         5.0640070497
        6.0550890000         3.1000000000         1.5343684965         2.5415217556         5.1969816982
        6.0600099000         3.1000000000         1.5318161696         2.5619367752         5.1304943740
        6.0650080000         3.1000000000         1.5445778039         2.5874555498         5.4629309951
        6.0700079000         3.1000000000         1.5394731502         2.6027668146         5.3299563466
        6.0750090000         3.1000000000         1.5343684965         2.6155262019         5.1969816982
        6.0800368000         3.1000000000         1.5420254771         2.6333893441         5.3964436709
        6.0850037000         3.1000000000         1.5420254771         2.6640118736         5.3964436709
        6.0900569000         3.1000000000         1.5267115159         2.6742193834         4.9975197255
        6.0950061000         3.1000000000         1.5394731502         2.6997381580         5.3299563466
        6.1000059000         3.1000000000         1.5369208233         2.7227050552         5.2634690224
        6.1050055000         3.1000000000         1.5369208233         2.7354644424         5.2634690224
        6.1100080000         3.1000000000         1.5267115159         2.7558794621         4.9975197255
        6.1150082000         3.1000000000         1.5394731502         2.7839501142         5.3299563466
        6.1200084000         3.1000000000         1.5267115159         2.8018132564         4.9975197255
        6.1250093000         3.1000000000         1.5318161696         2.8145726437         5.1304943740
        6.1300074000         3.1000000000         1.5343684965         2.8426432957         5.1969816982
        6.1350073000         3.1000000000         1.5318161696         2.8579545605         5.1304943740
        6.1400082000         3.1000000000         1.5343684965         2.8809214576         5.1969816982
        6.1450073000         3.1000000000         1.5394731502         2.9013364773         5.3299563466
        6.1500074000         3.1000000000         1.5318161696         2.9243033744         5.1304943740
        6.1550068000         3.1000000000         1.5394731502         2.9345108842         5.3299563466
        6.1600094000         3.1000000000         1.5420254771         2.9625815363         5.3964436709
        6.1650063000         3.1000000000         1.5420254771         2.9881003109         5.3964436709
        6.1700056000         3.1000000000         1.5420254771         2.9983078207         5.3964436709
        6.1750052000         3.1000000000         1.5292638428         3.0161709629         5.0640070497
        6.1800070000         3.1000000000         1.5267115159         3.0391378601         4.9975197255
        6.1850069000         3.1000000000         1.5445778039         3.0621047572         5.4629309951
        6.1900084000         3.1000000000         1.5394731502         3.0825197769         5.3299563466
        6.1950042000         3.1000000000         1.5547871113         3.1105904289         5.7288802920
        6.2000072000         3.1000000000         1.5394731502         3.1310054486         5.3299563466
        6.2050062000         3.1000000000         1.5420254771         3.1412129584         5.3964436709
        6.2100090000         3.1000000000         1.5471301308         3.1641798556         5.5294183193
        6.2150062000         3.1000000000         1.5471301308         3.1871467527         5.5294183193
        6.2200066000         3.1000000000         1.5394731502         3.2050098949         5.3299563466
        6.2250054000         3.1000000000         1.5547871113         3.2330805470         5.7288802920
        6.2300073000         3.1000000000         1.5522347845         3.2534955666         5.6623929678
        6.2350063000         3.1000000000         1.5471301308         3.2790143412         5.5294183193
        6.2400064000         3.1000000000         1.5496824576         3.2917737285         5.5959056435
        6.2450081000         3.1000000000         1.5445778039         3.3070849933         5.4629309951
        6.2500085000         3.1000000000         1.5496824576         3.3326037679         5.5959056435
        6.2550128000         3.1000000000         1.5598917651         3.3606744199         5.8618549404
        6.2600065000         3.1000000000         1.5522347845         3.3810894396         5.6623929678
        6.2650060000         3.1000000000         1.5522347845         3.4040563367         5.6623929678
        6.2700055000         3.1000000000         1.5394731502         3.4091600916         5.3299563466
        6.2750049000         3.1000000000         1.5496824576         3.4372307437         5.5959056435
        6.2800025000         3.1000000000         1.5471301308         3.4601976408         5.5294183193
        6.2850089000         3.1000000000         1.5267115159         3.4806126605         4.9975197255
        6.2900054000         3.1000000000         1.5496824576         3.5010276801         5.5959056435
        6.2950038000         3.1000000000         1.5445778039         3.5214426998         5.4629309951
        6.3000027000         3.1000000000         1.5624440919         3.5495133519         5.9283422647
        6.3050051000         3.1000000000         1.5292638428         3.5648246166         5.0640070497
        6.3100033000         3.1000000000         1.5496824576         3.5852396363         5.5959056435
        6.3150046000         3.1000000000         1.5445778039         3.6133102883         5.4629309951
        6.3200047000         3.1000000000         1.5445778039         3.6260696756         5.4629309951
        6.3250034000         3.1000000000         1.5445778039         3.6464846953         5.4629309951
        6.3300037000         3.1000000000         1.5369208233         3.6617959601         5.2634690224
        6.3350038000         3.1000000000         1.5496824576         3.6949703670         5.5959056435
        6.3400027000         3.1000000000         1.5522347845         3.7179372642         5.6623929678
        6.3450038000         3.1000000000         1.5369208233         3.7230410191         5.2634690224
        6.3500037000         3.1000000000         1.5496824576         3.7587673035         5.5959056435
        6.3550039000         3.1000000000         1.5445778039         3.7715266908         5.4629309951
        6.3600042000         3.1000000000         1.5394731502         3.7944935879         5.3299563466
        6.3650046000         3.1000000000         1.5471301308         3.8123567301         5.5294183193
        6.3700035000         3.1000000000         1.5471301308         3.8327717498         5.5294183193
        6.3750020000         3.1000000000         1.5343684965         3.8480830146         5.1969816982
        6.3800019000         3.1000000000         1.5369208233         3.8761536666         5.2634690224
        6.3850035000         3.1000000000         1.5394731502         3.8940168088         5.3299563466
        6.3900022000         3.1000000000         1.5394731502         3.9144318285         5.3299563466
        6.3950017000         3.1000000000         1.5420254771         3.9348468482         5.3964436709
        6.4000031000         3.1000000000         1.5445778039         3.9527099904         5.4629309951
        6.4050012000         3.1000000000         1.5471301308         3.9807806424         5.5294183193
        6.4100019000         3.1000000000         1.5292638428         3.9909881523         5.0640070497
        6.4150015000         3.1000000000         1.5445778039         4.0165069269         5.4629309951
        6.4200030000         3.1000000000         1.5369208233         4.0369219465         5.2634690224
        6.4250011000         3.1000000000         1.5343684965         4.0547850888         5.1969816982
        6.4300042000         3.1000000000         1.5394731502         4.0777519859         5.3299563466
        6.4350068000         3.1000000000         1.5394731502         4.1058226379         5.3299563466
        6.4400026000         3.1000000000         1.5394731502         4.1211339027         5.3299563466
        6.4450020000         3.1000000000         1.5420254771         4.1389970449         5.3964436709
        6.4500051000         3.1000000000         1.5496824576         4.1670676969         5.5959056435
        6.4550014000         3.1000000000         1.5420254771         4.1798270842         5.3964436709
        6.4600046000         3.1000000000         1.5343684965         4.2002421039         5.1969816982
        6.4650027000         3.1000000000         1.5369208233         4.2104496138         5.2634690224
        6.4700030000         3.1000000000         1.5420254771         4.2487277756         5.3964436709
        6.4750040000         3.1000000000         1.5394731502         4.2538315306         5.3299563466
        6.4800031000         3.1000000000         1.5445778039         4.2819021826         5.4629309951
        6.4850014000         3.1000000000         1.5445778039         4.3074209572         5.4629309951
        6.4900015000         3.1000000000         1.5394731502         4.3176284670         5.3299563466
        6.4950012000         3.1000000000         1.5445778039         4.3456991191         5.4629309951
        6.5000021000         3.1000000000         1.5343684965         4.3610103838         5.1969816982
        6.5050043000         3.1000000000         1.5547871113         4.3941847908         5.7288802920
        6.5100041000         3.1000000000         1.5420254771         4.4043923006         5.3964436709
        6.5150062000         3.1000000000         1.5496824576         4.4299110752         5.5959056435
        6.5200047000         3.1000000000         1.5394731502         4.4528779724         5.3299563466
        6.5250056000         3.1000000000         1.5369208233         4.4681892371         5.2634690224
        6.5300053000         3.1000000000         1.5471301308         4.4962598892         5.5294183193
        6.5350023000         3.1000000000         1.5598917651         4.5243305412         5.8618549404
        6.5400029000         3.1000000000         1.5496824576         4.5370899285         5.5959056435
        6.5450035000         3.1000000000         1.5445778039         4.5651605806         5.4629309951
        6.5500020000         3.1000000000         1.5394731502         4.5779199678         5.3299563466
        6.5550018000         3.1000000000         1.5420254771         4.5957831101         5.3964436709
        6.5600038000         3.1000000000         1.5624440919         4.6315093945         5.9283422647
        6.5650024000         3.1000000000         1.5496824576         4.6544762916         5.5959056435
        6.5700018000         3.1000000000         1.5471301308         4.6672356789         5.5294183193
        6.5750017000         3.1000000000         1.5445778039         4.6902025760         5.4629309951
        6.5800034000         3.1000000000         1.5394731502         4.7080657183         5.3299563466
        6.5850202000         3.1000000000         1.5420254771         4.7412401252         5.3964436709
        6.5900060000         3.1000000000         1.5496824576         4.7539995125         5.5959056435
        6.5950049000         3.1000000000         1.5394731502         4.7795182871         5.3299563466
        6.6000028000         3.1000000000         1.5420254771         4.7948295519         5.3964436709
        6.6050015000         3.1000000000         1.5394731502         4.8203483265         5.3299563466
        6.6100025000         3.1000000000         1.5292638428         4.8331077137         5.0640070497
        6.6150029000         3.1000000000         1.5394731502         4.8637302433         5.3299563466
        6.6200024000         3.1000000000         1.5522347845         4.8918008953         5.6623929678
        6.6250038000         3.1000000000         1.5394731502         4.9147677924         5.3299563466
        6.6300032000         3.1000000000         1.5343684965         4.9198715474         5.1969816982
        6.6350038000         3.1000000000         1.5394731502         4.9504940769         5.3299563466
        6.6400030000         3.1000000000         1.5318161696         4.9734609740         5.1304943740
        6.6450045000         3.1000000000         1.5343684965         4.9862203613         5.1969816982
        6.6500049000         3.1000000000         1.5292638428         5.0015316260         5.0640070497
        6.6550051000         3.1000000000         1.5394731502         5.0142910133         5.3299563466
        6.6600049000         3.1000000000         1.5267115159         5.0015316260         4.9975197255
        6.6650044000         3.1000000000         1.5343684965         5.0015316260         5.1969816982
        6.6700054000         3.1000000000         1.5343684965         5.0066353810         5.1969816982
        6.6750055000         3.1000000000         1.5420254771         5.0142910133         5.3964436709
        6.6800052000         3.1000000000         1.5369208233         1.1150222560         5.2634690224
        6.6850046000         3.1000000000         1.5369208233         1.1201260109         5.2634690224
        6.6900035000         3.1000000000         1.5318161696         1.1124703785         5.1304943740
        6.6950045000         3.1000000000         1.5369208233         0.0126111937         5.2634690224
        6.7000033000         3.1000000000         1.5369208233         0.0024036839         5.2634690224
        6.7050093000         3.1000000000         1.5343684965        -0.0001481936         5.1969816982
        6.7100060000         3.1000000000         1.5343684965        -0.0052519485         5.1969816982
        6.7150051000         3.1000000000         1.5267115159         0.0024036839         4.9975197255
        6.7200047000         3.1000000000         1.5369208233         0.0024036839         5.2634690224
        6.7250075000         3.1000000000         1.5292638428        -0.0027000711         5.0640070497
        6.7301836000         3.1000000000         1.5343684965         0.0228187035         5.1969816982
        6.7350088000         3.1000000000         1.5394731502         0.0457856007         5.3299563466
        6.7400079000         3.1000000000         1.5292638428         0.0559931105         5.0640070497
        6.7450049000         3.1000000000         1.5318161696         0.0840637625         5.1304943740
        6.7500029000         3.1000000000         1.5369208233         0.1070306597         5.2634690224
        6.7550029000         3.1000000000         1.5420254771         0.1351013117         5.3964436709
        6.7600033000         3.1000000000         1.5343684965         0.1478606990         5.1969816982
        6.7650022000         3.1000000000         1.5369208233         0.1682757187         5.2634690224
        6.7700013000         3.1000000000         1.5292638428         0.1861388609         5.0640070497
        6.7750044000         3.1000000000         1.5394731502         0.2091057580         5.3299563466
        6.7800039000         3.1000000000         1.5267115159         0.2244170228         4.9975197255
        6.7850039000         3.1000000000         1.5445778039         0.2601433072         5.4629309951
        6.7900037000         3.1000000000         1.5420254771         0.2754545720         5.3964436709
        6.7950038000         3.1000000000         1.5369208233         0.2958695916         5.2634690224
        6.8000037000         3.1000000000         1.5369208233         0.3162846113         5.2634690224
        6.8050034000         3.1000000000         1.5318161696         0.3315958761         5.1304943740
        6.8100038000         3.1000000000         1.5496824576         0.3622184056         5.5959056435
        6.8150032000         3.1000000000         1.5139498816         0.3724259154         4.6650831044
        6.8200040000         3.1000000000         1.5369208233         0.3902890576         5.2634690224
        6.8250022000         3.1000000000         1.5420254771         0.4234634646         5.3964436709
        6.8300042000         3.1000000000         1.5369208233         0.4387747293         5.2634690224
        6.8350029000         3.1000000000         1.5445778039         0.4617416265         5.4629309951
        6.8400036000         3.1000000000         1.5471301308         0.4847085236         5.5294183193
        6.8450026000         3.1000000000         1.5496824576         0.5076754207         5.5959056435
        6.8500037000         3.1000000000         1.5394731502         0.5280904404         5.3299563466
        6.8550041000         3.1000000000         1.5445778039         0.5536092150         5.4629309951
        6.8600043000         3.1000000000         1.5496824576         0.5740242347         5.5959056435
        6.8650031000         3.1000000000         1.5445778039         0.5893354994         5.4629309951
        6.8700041000         3.1000000000         1.5318161696         0.6071986416         5.1304943740
        6.8750050000         3.1000000000         1.5496824576         0.6352692937         5.5959056435
        6.8800054000         3.1000000000         1.5420254771         0.6505805584         5.3964436709
        6.8850027000         3.1000000000         1.5369208233         0.6709955781         5.2634690224
        6.8900026000         3.1000000000         1.5292638428         0.6914105978         5.0640070497
        6.8950034000         3.1000000000         1.5471301308         0.7169293724         5.5294183193
        6.9000037000         3.1000000000         1.5394731502         0.7398962695         5.3299563466
        6.9050097000         3.1000000000         1.5343684965         0.7552075343         5.1969816982
        6.9100070000         3.1000000000         1.5369208233         0.7730706765         5.2634690224
        6.9150067000         3.1000000000         1.5394731502         0.7934856961         5.3299563466
        6.9200066000         3.1000000000         1.5267115159         0.8190044707         4.9975197255
        6.9250042000         3.1000000000         1.5394731502         0.8394194904         5.3299563466
        6.9300081000         3.1000000000         1.5420254771         0.8623863875         5.3964436709
        6.9350062000         3.1000000000         1.5496824576         0.8853532847         5.5959056435
        6.9400042000         3.1000000000         1.5394731502         0.9032164269         5.3299563466
        6.9450039000         3.1000000000         1.5394731502         0.9159758142         5.3299563466
        6.9500111000         3.1000000000         1.5241591891         0.9287352015         4.9310324013
        6.9550047000         3.1000000000         1.5343684965         0.9721171183         5.1969816982
        6.9600096000         3.1000000000         1.5420254771         0.9823246281         5.3964436709
        6.9650049000         3.1000000000         1.5113975548         1.0052915252         4.5985957801
        6.9700106000         3.1000000000         1.5343684965         1.0180509125         5.1969816982
        6.9750086000         3.1000000000         1.5343684965         1.0359140547         5.1969816982
        6.9800037000         3.1000000000         1.5165022085         1.0588809519         4.7315704286
        6.9850056000         3.1000000000         1.5292638428         1.0690884617         5.0640070497
        6.9900043000         3.1000000000         1.5343684965         1.0895034814         5.1969816982
        6.9950032000         3.1000000000         1.5241591891         1.1150222560         4.9310324013
        7.0000039000         3.1000000000         1.5292638428         1.1354372756         5.0640070497
        7.0050081000         3.1000000000         1.5343684965         1.1507485404         5.1969816982
        7.0100040000         3.1000000000         1.5190545354         1.1660598052         4.7980577528
        7.0150129000         3.1000000000         1.5343684965         1.1992342121         5.1969816982
        7.0200092000         3.1000000000         1.5445778039         1.2196492318         5.4629309951
        7.0250056000         3.1000000000         1.5241591891         1.2273048642         4.9310324013
        7.0300039000         3.1000000000         1.5292638428         1.2528236388         5.0640070497
        7.0351759000         3.1000000000         1.5369208233         1.2732386584         5.2634690224
        7.0400056000         3.1000000000         1.5292638428         1.2911018006         5.0640070497
        7.0450040000         3.1000000000         1.5318161696         1.3115168203         5.1304943740
        7.0500021000         3.1000000000         1.5292638428         1.3217243302         5.0640070497
        7.0550043000         3.1000000000         1.5267115159         1.3497949822         4.9975197255
        7.0600041000         3.1000000000         1.5318161696         1.3702100019         5.1304943740
        7.0650052000         3.1000000000         1.5445778039         1.3957287765         5.4629309951
        7.0700048000         3.1000000000         1.5267115159         1.4059362863         4.9975197255
        7.0750032000         3.1000000000         1.5420254771         1.4237994285         5.3964436709
        7.0800064000         3.1000000000         1.5369208233         1.4467663256         5.2634690224
        7.0850124000         3.1000000000         1.5394731502         1.4748369777         5.3299563466
        7.0900078000         3.1000000000         1.5394731502         1.4927001199         5.3299563466
        7.0950083000         3.1000000000         1.5471301308         1.5131151396         5.5294183193
        7.1000048000         3.1000000000         1.5369208233         1.5284264043         5.2634690224
        7.1050095000         3.1000000000         1.5445778039         1.5462895465         5.4629309951
        7.1100081000         3.1000000000         1.5420254771         1.5718083211         5.3964436709
        7.1150115000         3.1000000000         1.5445778039         1.5896714634         5.4629309951
        7.1200092000         3.1000000000         1.5394731502         1.6049827281         5.3299563466
        7.1250108000         3.1000000000         1.5496824576         1.6305015027         5.5959056435
        7.1300048000         3.1000000000         1.5292638428         1.6407090125         5.0640070497
        7.1350119000         3.1000000000         1.5394731502         1.6687796646         5.3299563466
        7.1400050000         3.1000000000         1.5369208233         1.6866428068         5.2634690224
        7.1450122000         3.1000000000         1.5369208233         1.7096097039         5.2634690224
        7.1500053000         3.1000000000         1.5318161696         1.7249209687         5.1304943740
        7.1550030000         3.1000000000         1.5369208233         1.7402322334         5.2634690224
        7.1600054000         3.1000000000         1.5394731502         1.7708547629         5.3299563466
        7.1650101000         3.1000000000         1.5420254771         1.7912697826         5.3964436709
        7.1700066000         3.1000000000         1.5318161696         1.8040291699         5.1304943740
        7.1750043000         3.1000000000         1.5471301308         1.8320998220         5.5294183193
        7.1800043000         3.1000000000         1.5318161696         1.8499629642         5.1304943740
        7.1850039000         3.1000000000         1.5420254771         1.8652742289         5.3964436709
        7.1900023000         3.1000000000         1.5318161696         1.8831373711         5.1304943740
        7.1950037000         3.1000000000         1.5369208233         1.9010005134         5.2634690224
        7.2000040000         3.1000000000         1.5292638428         1.9214155330         5.0640070497
        7.2050037000         3.1000000000         1.5369208233         1.9367267978         5.2634690224
        7.2100038000         3.1000000000         1.5267115159         1.9596936949         4.9975197255
        7.2150042000         3.1000000000         1.5267115159         1.9724530822         4.9975197255
        7.2200026000         3.1000000000         1.5318161696         2.0056274892         5.1304943740
        7.2250021000         3.1000000000         1.5369208233         2.0158349990         5.2634690224
        7.2300018000         3.1000000000         1.5241591891         2.0388018961         4.9310324013
        7.2350020000         3.1000000000         1.5343684965         2.0566650383         5.1969816982
        7.2400012000         3.1000000000         1.5190545354         2.0770800580         4.7980577528
        7.2450032000         3.1000000000         1.5216068622         2.0898394453         4.8645450770
        7.2500034000         3.1000000000         1.5394731502         2.1179100974         5.3299563466
        7.2550023000         3.1000000000         1.5292638428         2.1383251170         5.0640070497
        7.2600019000         3.1000000000         1.5292638428         2.1536363818         5.0640070497
        7.2650040000         3.1000000000         1.5292638428         2.1638438916         5.0640070497
        7.2700016000         3.1000000000         1.5190545354         2.1868107888         4.7980577528
        7.2750020000         3.1000000000         1.5292638428         2.2097776859         5.0640070497
        7.2800028000         3.1000000000         1.5318161696         2.2301927056         5.1304943740
        7.2850035000         3.1000000000         1.5318161696         2.2506077252         5.1304943740
        7.2900020000         3.1000000000         1.5369208233         2.2735746224         5.2634690224
        7.2950036000         3.1000000000         1.5292638428         2.2888858871         5.0640070497
        7.3000034000         3.1000000000         1.5318161696         2.3067490293         5.1304943740
        7.3050028000         3.1000000000         1.5318161696         2.3322678039         5.1304943740
        7.3100026000         3.1000000000         1.5394731502         2.3577865785         5.3299563466
        7.3150023000         3.1000000000         1.5445778039         2.3756497207         5.4629309951
        7.3200018000         3.1000000000         1.5394731502         2.3986166179         5.3299563466
        7.3250023000         3.1000000000         1.5369208233         2.4088241277         5.2634690224
        7.3300070000         3.1000000000         1.5318161696         2.4317910248         5.1304943740
        7.3350034000         3.1000000000         1.5241591891         2.4445504121         4.9310324013
        7.3400044000         3.1000000000         1.5318161696         2.4649654318         5.1304943740
        7.3450029000         3.1000000000         1.5318161696         2.4853804515         5.1304943740
        7.3500043000         3.1000000000         1.5343684965         2.5057954711         5.1969816982
        7.3550055000         3.1000000000         1.5471301308         2.5338661232         5.5294183193
        7.3600052000         3.1000000000         1.5267115159         2.5466255105         4.9975197255
        7.3650025000         3.1000000000         1.5369208233         2.5695924076         5.2634690224
        7.3700013000         3.1000000000         1.5369208233         2.5849036724         5.2634690224
        7.3750017000         3.1000000000         1.5471301308         2.6180780793         5.5294183193
        7.3800025000         3.1000000000         1.5369208233         2.6333893441         5.2634690224
        7.3850039000         3.1000000000         1.5420254771         2.6461487314         5.3964436709
        7.3900023000         3.1000000000         1.5394731502         2.6716675060         5.3299563466
        7.3950041000         3.1000000000         1.5420254771         2.6895306482         5.3964436709
        7.4000023000         3.1000000000         1.5496824576         2.7150494228         5.5959056435
        7.4050025000         3.1000000000         1.5496824576         2.7405681974         5.5959056435
        7.4100024000         3.1000000000         1.5394731502         2.7558794621         5.3299563466
        7.4150030000         3.1000000000         1.5420254771         2.7686388494         5.3964436709
        7.4200019000         3.1000000000         1.5394731502         2.7941576240         5.3299563466
        7.4250047000         3.1000000000         1.5496824576         2.8145726437         5.5959056435
        7.4300028000         3.1000000000         1.5394731502         2.8400914183         5.3299563466
        7.4350034000         3.1000000000         1.5471301308         2.8630583154         5.5294183193
        7.4400040000         3.1000000000         1.5471301308         2.8758177027         5.5294183193
        7.4450051000         3.1000000000         1.5445778039         2.9089921097         5.4629309951
        7.4500025000         3.1000000000         1.5394731502         2.9217514970         5.3299563466
        7.4550015000         3.1000000000         1.5496824576         2.9370627617         5.5959056435
        7.4600021000         3.1000000000         1.5394731502         2.9651334138         5.3299563466
        7.4650031000         3.1000000000         1.5471301308         2.9829965560         5.5294183193
        7.4700036000         3.1000000000         1.5394731502         3.0008596982         5.3299563466
        7.4750026000         3.1000000000         1.5445778039         3.0340341051         5.4629309951
        7.4800061000         3.1000000000         1.5394731502         3.0416897375         5.3299563466
        7.4850038000         3.1000000000         1.5420254771         3.0621047572         5.3964436709
        7.4900030000         3.1000000000         1.5318161696         3.0876235318         5.1304943740
        7.4950038000         3.1000000000         1.5420254771         3.1054866740         5.3964436709
        7.5000027000         3.1000000000         1.5420254771         3.1335573261         5.3964436709
        7.5050038000         3.1000000000         1.5471301308         3.1488685908         5.5294183193
        7.5100043000         3.1000000000         1.5318161696         3.1641798556         5.1304943740
        7.5150039000         3.1000000000         1.5318161696         3.1845948752         5.1304943740
        7.5200047000         3.1000000000         1.5420254771         3.2126655273         5.3964436709
        7.5250037000         3.1000000000         1.5369208233         3.2305286695         5.2634690224
        7.5300035000         3.1000000000         1.5420254771         3.2585993215         5.3964436709
        7.5350110000         3.1000000000         1.5318161696         3.2611511990         5.1304943740
        7.5400031000         3.1000000000         1.5343684965         3.2917737285         5.1969816982
        7.5450046000         3.1000000000         1.5318161696         3.3045331158         5.1304943740
        7.5500063000         3.1000000000         1.5394731502         3.3428112777         5.3299563466
        7.5550050000         3.1000000000         1.5445778039         3.3504669101         5.4629309951
        7.5600037000         3.1000000000         1.5471301308         3.3785375621         5.5294183193
        7.5650037000         3.1000000000         1.5369208233         3.3912969494         5.2634690224
        7.5700038000         3.1000000000         1.5267115159         3.4066082142         4.9975197255
        7.5750111000         3.1000000000         1.5369208233         3.4270232338         5.2634690224
        7.5800066000         3.1000000000         1.5369208233         3.4499901310         5.2634690224
        7.5850106000         3.1000000000         1.5394731502         3.4806126605         5.3299563466
        7.5900075000         3.1000000000         1.5343684965         3.4908201703         5.1969816982
        7.5950108000         3.1000000000         1.5267115159         3.5086833125         4.9975197255
        7.6000093000         3.1000000000         1.5318161696         3.5342020871         5.1304943740
        7.6050117000         3.1000000000         1.5292638428         3.5495133519         5.0640070497
        7.6100069000         3.1000000000         1.5369208233         3.5750321265         5.2634690224
        7.6150048000         3.1000000000         1.5267115159         3.5903433912         4.9975197255
        7.6200068000         3.1000000000         1.5241591891         3.5979990236         4.9310324013
        7.6250042000         3.1000000000         1.5292638428         3.6260696756         5.0640070497
        7.6300088000         3.1000000000         1.5343684965         3.6515884502         5.1969816982
        7.6350038000         3.1000000000         1.5241591891         3.6668997150         4.9310324013
        7.6400058000         3.1000000000         1.5343684965         3.6873147347         5.1969816982
        7.6450043000         3.1000000000         1.5292638428         3.7051778769         5.0640070497
        7.6500086000         3.1000000000         1.5318161696         3.7281447740         5.1304943740
        7.6550043000         3.1000000000         1.5318161696         3.7434560388         5.1304943740
        7.6600033000         3.1000000000         1.5369208233         3.7715266908         5.2634690224
        7.6650079000         3.1000000000         1.5241591891         3.7766304457         4.9310324013
        7.6700094000         3.1000000000         1.5343684965         3.8021492203         5.1969816982
        7.6750057000         3.1000000000         1.5292638428         3.8174604851         5.0640070497
        7.6800066000         3.1000000000         1.5292638428         3.8429792597         5.0640070497
        7.6850093000         3.1000000000         1.5394731502         3.8684980342         5.3299563466
        7.6900084000         3.1000000000         1.5241591891         3.8787055441         4.9310324013
        7.6950031000         3.1000000000         1.5394731502         3.9067761961         5.3299563466
        7.7000054000         3.1000000000         1.5292638428         3.9169837060         5.0640070497
        7.7050054000         3.1000000000         1.5343684965         3.9322949707         5.1969816982
        7.7100034000         3.1000000000         1.5318161696         3.9578137453         5.1304943740
        7.7150028000         3.1000000000         1.5369208233         3.9782287650         5.2634690224
        7.7200029000         3.1000000000         1.5394731502         4.0011956621         5.3299563466
        7.7250145000         3.1000000000         1.5369208233         4.0190588043         5.2634690224
        7.7300078000         3.1000000000         1.5241591891         4.0343700691         4.9310324013
        7.7350127000         3.1000000000         1.5369208233         4.0573369662         5.2634690224
        7.7400049000         3.1000000000         1.5420254771         4.0777519859         5.3964436709
        7.7450069000         3.1000000000         1.5369208233         4.0956151281         5.2634690224
        7.7500049000         3.1000000000         1.5394731502         4.1236857801         5.3299563466
        7.7550051000         3.1000000000         1.5394731502         4.1389970449         5.3299563466
        7.7600057000         3.1000000000         1.5318161696         4.1568601871         5.1304943740
        7.7650042000         3.1000000000         1.5496824576         4.1823789617         5.5959056435
        7.7700038000         3.1000000000         1.5394731502         4.1951383490         5.3299563466
        7.7750052000         3.1000000000         1.5343684965         4.2155533687         5.1969816982
        7.7800055000         3.1000000000         1.5394731502         4.2385202658         5.3299563466
        7.7850125000         3.1000000000         1.5522347845         4.2614871629         5.6623929678
        7.7900885000         3.1000000000         1.5394731502         4.2793503051         5.3299563466
        7.7950050000         3.1000000000         1.5318161696         4.3023172023         5.1304943740
        7.8000317000         3.1000000000         1.5318161696         4.3176284670         5.1304943740
        7.8050047000         3.1000000000         1.5445778039         4.3431472416         5.4629309951
        7.8100049000         3.1000000000         1.5394731502         4.3635622613         5.3299563466
        7.8150032000         3.1000000000         1.5292638428         4.3814254035         5.0640070497
        7.8200046000         3.1000000000         1.5292638428         4.3967366683         5.0640070497
        7.8250037000         3.1000000000         1.5420254771         4.4299110752         5.3964436709
        7.8300047000         3.1000000000         1.5369208233         4.4477742174         5.2634690224
        7.8350041000         3.1000000000         1.5394731502         4.4656373597         5.3299563466
        7.8400061000         3.1000000000         1.5241591891         4.4758448695         4.9310324013
        7.8450038000         3.1000000000         1.5420254771         4.5039155215         5.3964436709
        7.8500053000         3.1000000000         1.5343684965         4.5217786637         5.1969816982
        7.8550065000         3.1000000000         1.5318161696         4.5345380510         5.1304943740
        7.8600053000         3.1000000000         1.5318161696         4.5626087031         5.1304943740
        7.8650065000         3.1000000000         1.5369208233         4.5855756002         5.2634690224
        7.8700331000         3.1000000000         1.5343684965         4.6059906199         5.1969816982
        7.8750051000         3.1000000000         1.5318161696         4.6238537621         5.1304943740
        7.8800069000         3.1000000000         1.5318161696         4.6493725367         5.1304943740
        7.8850095000         3.1000000000         1.5267115159         4.6646838015         4.9975197255
        7.8900126000         3.1000000000         1.5241591891         4.6876506986         4.9310324013
        7.8950093000         3.1000000000         1.5420254771         4.7106175957         5.3964436709
        7.9000140000         3.1000000000         1.5394731502         4.7361363703         5.3299563466
        7.9050083000         3.1000000000         1.5318161696         4.7514476351         5.1304943740
        7.9100127000         3.1000000000         1.5369208233         4.7718626547         5.2634690224
        7.9150055000         3.1000000000         1.5394731502         4.7999333068         5.3299563466
        7.9200110000         3.1000000000         1.5190545354         4.8075889392         4.7980577528
        7.9250086000         3.1000000000         1.5369208233         4.8331077137         5.2634690224
        7.9300125000         3.1000000000         1.5420254771         4.8560746109         5.3964436709
        7.9350086000         3.1000000000         1.5343684965         4.8739377531         5.1969816982
        7.9400032000         3.1000000000         1.5394731502         4.8994565277         5.3299563466
        7.9450046000         3.1000000000         1.5369208233         4.9147677924         5.2634690224
        7.9500129000         3.1000000000         1.5343684965         4.9428384445         5.1969816982
        7.9550030000         3.1000000000         1.5471301308         4.9658053416         5.5294183193
        7.9600046000         3.1000000000         1.5241591891         4.9709090965         4.9310324013
        7.9650064000         3.1000000000         1.5496824576         4.9964278711         5.5959056435
        7.9700109000         3.1000000000         1.5011882474         5.0142910133         4.3326464832
        7.9750066000         3.1000000000         1.5343684965         4.9964278711         5.1969816982
        7.9800106000         3.1000000000         1.5369208233         5.0091872584         5.2634690224
        7.9850059000         3.1000000000         1.5394731502         5.0066353810         5.3299563466
        7.9900118000         3.1000000000         1.5318161696         4.9964278711         5.1304943740
        7.9950065000         3.1000000000         1.5420254771         5.0015316260         5.3964436709
        8.0000028000         3.1000000000         1.5369208233         1.1073666236         5.2634690224
        8.0050048000         3.1000000000         1.5394731502         1.1073666236         5.3299563466
        8.0100122000         3.1000000000         1.5343684965         1.1099185011         5.1969816982
        8.0150095000         3.1000000000         1.5445778039         0.0024036839         5.4629309951
        8.0200049000         3.1000000000         1.5445778039         0.0075074388         5.4629309951
        8.0250065000         3.1000000000         1.5343684965        -0.0027000711         5.1969816982
        8.0300202000         3.1000000000         1.5369208233        -0.0078038260         5.2634690224
        8.0350306000         3.1000000000         1.5420254771        -0.0001481936         5.3964436709
        8.0400034000         3.1000000000         1.5471301308         0.0100593162         5.5294183193
        8.0450065000         3.1000000000         1.5420254771         0.0279224584         5.3964436709
        8.0500341000         3.1000000000         1.5394731502         0.0457856007         5.3299563466
        8.0550042000         3.1000000000         1.5522347845         0.0713043752         5.6623929678
        8.0600065000         3.1000000000         1.5496824576         0.0917193949         5.5959056435
        8.0650073000         3.1000000000         1.5445778039         0.1070306597         5.4629309951
        8.0700059000         3.1000000000         1.5522347845         0.1376531892         5.6623929678
        8.0750039000         3.1000000000         1.5420254771         0.1529644539         5.3964436709
        8.0800075000         3.1000000000         1.5420254771         0.1733794736         5.3964436709
        8.0850045000         3.1000000000         1.5445778039         0.1937944933         5.4629309951
        8.0900256000         3.1000000000         1.5343684965         0.2091057580         5.1969816982
        8.0950037000         3.1000000000         1.5420254771         0.2346245326         5.3964436709
        8.1000033000         3.1000000000         1.5394731502         0.2499357974         5.3299563466
        8.1050042000         3.1000000000         1.5445778039         0.2805583269         5.4629309951
        8.1100185000         3.1000000000         1.5445778039         0.3086289789         5.4629309951
        8.1150049000         3.1000000000         1.5471301308         0.3290439986         5.5294183193
        8.1200041000         3.1000000000         1.5369208233         0.3341477535         5.2634690224
        8.1250035000         3.1000000000         1.5471301308         0.3622184056         5.5294183193
        8.1300198000         3.1000000000         1.5292638428         0.3775296703         5.0640070497
        8.1350031000         3.1000000000         1.5267115159         0.4004965675         4.9975197255
        8.1400065000         3.1000000000         1.5471301308         0.4311190970         5.5294183193
        8.1450046000         3.1000000000         1.5394731502         0.4464303617         5.3299563466
        8.1500160000         3.1000000000         1.5343684965         0.4617416265         5.1969816982
        8.1550037000         3.1000000000         1.5496824576         0.4949160334         5.5959056435
        8.1600040000         3.1000000000         1.5522347845         0.5153310531         5.6623929678
        8.1650031000         3.1000000000         1.5420254771         0.5306423179         5.3964436709
        8.1700188000         3.1000000000         1.5547871113         0.5587129699         5.7288802920
        8.1750037000         3.1000000000         1.5394731502         0.5765761121         5.3299563466
        8.1800036000         3.1000000000         1.5394731502         0.5867836220         5.3299563466
        8.1850047000         3.1000000000         1.5369208233         0.6071986416         5.2634690224
        8.1900044000         3.1000000000         1.5420254771         0.6378211711         5.3964436709
        8.1950036000         3.1000000000         1.5445778039         0.6658918232         5.4629309951
        8.2000035000         3.1000000000         1.5394731502         0.6735474556         5.3299563466
        8.2050036000         3.1000000000         1.5369208233         0.7067218625         5.2634690224
        8.2100200000         3.1000000000         1.5420254771         0.7194812498         5.3964436709
        8.2150026000         3.1000000000         1.5394731502         0.7398962695         5.3299563466
        8.2200037000         3.1000000000         1.5394731502         0.7603112892         5.3299563466
        8.2250039000         3.1000000000         1.5292638428         0.7730706765         5.0640070497
        8.2300031000         3.1000000000         1.5394731502         0.8036932060         5.3299563466
        8.2350032000         3.1000000000         1.5318161696         0.8215563482         5.1304943740
        8.2400044000         3.1000000000         1.5369208233         0.8368676129         5.2634690224
        8.2450037000         3.1000000000         1.5496824576         0.8674901425         5.5959056435
        8.2500035000         3.1000000000         1.5343684965         0.8776976523         5.1969816982
        8.2550040000         3.1000000000         1.5471301308         0.9108720593         5.5294183193
        8.2600040000         3.1000000000         1.5394731502         0.9236314466         5.3299563466
        8.2650045000         3.1000000000         1.5369208233         0.9491502211         5.2634690224
        8.2700076000         3.1000000000         1.5420254771         0.9670133634         5.3964436709
        8.2750051000         3.1000000000         1.5369208233         0.9823246281         5.2634690224
        8.2800042000         3.1000000000         1.5292638428         1.0103952802         5.0640070497
        8.2850041000         3.1000000000         1.5547871113         1.0333621773         5.7288802920
        8.2900046000         3.1000000000         1.5343684965         1.0512253195         5.1969816982
        8.2950134000         3.1000000000         1.5471301308         1.0767440941         5.5294183193
        8.3000045000         3.1000000000         1.5420254771         1.0895034814         5.3964436709
        8.3050044000         3.1000000000         1.5420254771         1.1099185011         5.3964436709
        8.3100381000         3.1000000000         1.5445778039         1.1303335207         5.4629309951
        8.3150027000         3.1000000000         1.5471301308         1.1507485404         5.5294183193
        8.3200036000         3.1000000000         1.5394731502         1.1737154375         5.3299563466
        8.3250023000         3.1000000000         1.5471301308         1.1966823347         5.5294183193
        8.3300017000         3.1000000000         1.5445778039         1.2222011093         5.4629309951
        8.3350023000         3.1000000000         1.5420254771         1.2324086191         5.3964436709
        8.3400029000         3.1000000000         1.5496824576         1.2528236388         5.5959056435
        8.3450042000         3.1000000000         1.5343684965         1.2732386584         5.1969816982
        8.3500032000         3.1000000000         1.5445778039         1.3013093105         5.4629309951
        8.3550027000         3.1000000000         1.5522347845         1.3191724527         5.6623929678
        8.3600016000         3.1000000000         1.5267115159         1.3293799625         4.9975197255
        8.3650026000         3.1000000000         1.5394731502         1.3548987371         5.3299563466
        8.3700035000         3.1000000000         1.5420254771         1.3829693892         5.3964436709
        8.3750025000         3.1000000000         1.5496824576         1.4008325314         5.5959056435
        8.3800056000         3.1000000000         1.5267115159         1.4084881638         4.9975197255
        8.3850032000         3.1000000000         1.5394731502         1.4365588158         5.3299563466
        8.3900036000         3.1000000000         1.5318161696         1.4544219580         5.1304943740
        8.3950050000         3.1000000000         1.5420254771         1.4799407326         5.3964436709
        8.4000033000         3.1000000000         1.5267115159         1.4927001199         4.9975197255
        8.4050033000         3.1000000000         1.5343684965         1.5131151396         5.1969816982
        8.4100197000         3.1000000000         1.5318161696         1.5335301593         5.1304943740
        8.4150028000         3.1000000000         1.5394731502         1.5564970564         5.3299563466
        8.4200038000         3.1000000000         1.5267115159         1.5667045662         4.9975197255
        8.4250016000         3.1000000000         1.5241591891         1.5820158310         4.9310324013
        8.4300038000         3.1000000000         1.5267115159         1.6075346056         4.9975197255
        8.4350029000         3.1000000000         1.5292638428         1.6305015027         5.0640070497
        8.4400058000         3.1000000000         1.5292638428         1.6458127674         5.0640070497
        8.4450037000         3.1000000000         1.5343684965         1.6662277871         5.1969816982
        8.4500031000         3.1000000000         1.5241591891         1.6789871744         4.9310324013
        8.4550036000         3.1000000000         1.5369208233         1.7121615814         5.2634690224
        8.4600031000         3.1000000000         1.5292638428         1.7300247236         5.0640070497
        8.4650027000         3.1000000000         1.5292638428         1.7402322334         5.0640070497
        8.4700035000         3.1000000000         1.5369208233         1.7606472531         5.2634690224
        8.4750029000         3.1000000000         1.5216068622         1.7759585179         4.8645450770
        8.4800019000         3.1000000000         1.5190545354         1.7938216601         4.7980577528
        8.4850227000         3.1000000000         1.5318161696         1.8167885572         5.1304943740
        8.4900031000         3.1000000000         1.5267115159         1.8397554543         4.9975197255
        8.4950017000         3.1000000000         1.5241591891         1.8601704740         4.9310324013
        8.5000017000         3.1000000000         1.5292638428         1.8729298613         5.0640070497
        8.5050060000         3.1000000000         1.5241591891         1.8856892486         4.9310324013
        8.5100024000         3.1000000000         1.5190545354         1.9086561457         4.7980577528
        8.5150054000         3.1000000000         1.5420254771         1.9367267978         5.3964436709
        8.5200066000         3.1000000000         1.5241591891         1.9469343076         4.9310324013
        8.5250389000         3.1000000000         1.5292638428         1.9699012047         5.0640070497
        8.5300065000         3.1000000000         1.5267115159         1.9877643470         4.9975197255
        8.5350060000         3.1000000000         1.5267115159         2.0107312441         4.9975197255
        8.5400042000         3.1000000000         1.5267115159         2.0158349990         4.9975197255
        8.5450052000         3.1000000000         1.5318161696         2.0439056511         5.1304943740
        8.5500028000         3.1000000000         1.5292638428         2.0643206707         5.0640070497
        8.5550018000         3.1000000000         1.5292638428         2.0847356904         5.0640070497
        8.5600049000         3.1000000000         1.5343684965         2.1025988326         5.1969816982
        8.5650145000         3.1000000000         1.5318161696         2.1281176072         5.1304943740
        8.5700041000         3.1000000000         1.5318161696         2.1434288720         5.1304943740
        8.5750117000         3.1000000000         1.5267115159         2.1587401367         4.9975197255
        8.5800061000         3.1000000000         1.5343684965         2.1791551564         5.1969816982
        8.5850142000         3.1000000000         1.5267115159         2.1970182986         4.9975197255
        8.5900089000         3.1000000000         1.5369208233         2.2301927056         5.2634690224
        8.5950040000         3.1000000000         1.5343684965         2.2404002154         5.1969816982
        8.6000097000         3.1000000000         1.5369208233         2.2582633576         5.2634690224
        8.6050074000         3.1000000000         1.5241591891         2.2761264998         4.9310324013
        8.6100062000         3.1000000000         1.5394731502         2.2990933970         5.3299563466
        8.6150098000         3.1000000000         1.5394731502         2.3297159265         5.3299563466
        8.6200097000         3.1000000000         1.5445778039         2.3399234363         5.4629309951
        8.6250102000         3.1000000000         1.5369208233         2.3603384560         5.2634690224
        8.6300125000         3.1000000000         1.5369208233         2.3833053531         5.2634690224
        8.6350076000         3.1000000000         1.5318161696         2.3960647404         5.1304943740
        8.6400149000         3.1000000000         1.5496824576         2.4266872699         5.5959056435
        8.6450155000         3.1000000000         1.5343684965         2.4419985347         5.1969816982
        8.6500105000         3.1000000000         1.5471301308         2.4624135543         5.5294183193
        8.6550063000         3.1000000000         1.5445778039         2.4879323289         5.4629309951
        8.6600107000         3.1000000000         1.5369208233         2.5057954711         5.2634690224
        8.6650086000         3.1000000000         1.5369208233         2.5236586133         5.2634690224
        8.6700147000         3.1000000000         1.5394731502         2.5440736330         5.3299563466
        8.6750035000         3.1000000000         1.5318161696         2.5593848978         5.1304943740
        8.6800096000         3.1000000000         1.5343684965         2.5772480400         5.1969816982
        8.6850071000         3.1000000000         1.5292638428         2.6002149371         5.0640070497
        8.6900054000         3.1000000000         1.5394731502         2.6231818342         5.3299563466
        8.6950099000         3.1000000000         1.5394731502         2.6461487314         5.3299563466
        8.7000124000         3.1000000000         1.5394731502         2.6716675060         5.3299563466
        8.7050053000         3.1000000000         1.5343684965         2.6895306482         5.1969816982
        8.7100117000         3.1000000000         1.5471301308         2.7048419129         5.5294183193
        8.7150093000         3.1000000000         1.5292638428         2.7176013002         5.0640070497
        8.7200056000         3.1000000000         1.5420254771         2.7482238297         5.3964436709
        8.7250061000         3.1000000000         1.5318161696         2.7660869720         5.1304943740
        8.7300072000         3.1000000000         1.5394731502         2.7865019916         5.3299563466
        8.7350066000         3.1000000000         1.5445778039         2.8120207662         5.4629309951
        8.7400069000         3.1000000000         1.5394731502         2.8324357859         5.3299563466
        8.7450080000         3.1000000000         1.5318161696         2.8426432957         5.1304943740
        8.7500096000         3.1000000000         1.5369208233         2.8630583154         5.2634690224
        8.7550083000         3.1000000000         1.5369208233         2.8885770900         5.2634690224
        8.7600077000         3.1000000000         1.5369208233         2.9089921097         5.2634690224
        8.7650120000         3.1000000000         1.5318161696         2.9217514970         5.1304943740
        8.7700086000         3.1000000000         1.5420254771         2.9447183941         5.3964436709
        8.7750078000         3.1000000000         1.5343684965         2.9625815363         5.1969816982
        8.7800078000         3.1000000000         1.5420254771         2.9855484334         5.3964436709
        8.7850291000         3.1000000000         1.5369208233         3.0059634531         5.2634690224
        8.7900118000         3.1000000000         1.5318161696         3.0212747179         5.1304943740
        8.7950082000         3.1000000000         1.5292638428         3.0467934924         5.0640070497
        8.8000249000         3.1000000000         1.5496824576         3.0748641445         5.5959056435
        8.8050088000         3.1000000000         1.5267115159         3.0850716543         4.9975197255
        8.8100047000         3.1000000000         1.5445778039         3.1182460613         5.4629309951
        8.8150059000         3.1000000000         1.5292638428         3.1259016937         5.0640070497
        8.8200082000         3.1000000000         1.5369208233         3.1386610810         5.2634690224
        8.8250058000         3.1000000000         1.5420254771         3.1743873654         5.3964436709
        8.8300064000         3.1000000000         1.5369208233         3.1820429978         5.2634690224
        8.8350060000         3.1000000000         1.5318161696         3.2075617724         5.1304943740
        8.8400071000         3.1000000000         1.5471301308         3.2356324244         5.5294183193
        8.8450075000         3.1000000000         1.5292638428         3.2407361793         5.0640070497
        8.8500051000         3.1000000000         1.5267115159         3.2637030765         4.9975197255
        8.8550035000         3.1000000000         1.5318161696         3.2815662187         5.1304943740
        8.8600069000         3.1000000000         1.5190545354         3.3147406256         4.7980577528
        8.8650055000         3.1000000000         1.5343684965         3.3326037679         5.1969816982
        8.8723872000         3.1000000000         1.5343684965         3.3530187875         5.1969816982
        8.8750103000         3.1000000000         1.5318161696         3.3632262974         5.1304943740
        8.8800182000         3.1000000000         1.5394731502         3.3861931945         5.3299563466
        8.8850108000         3.1000000000         1.5292638428         3.4066082142         5.0640070497
        8.8900064000         3.1000000000         1.5471301308         3.4295751113         5.5294183193
        8.8950147000         3.1000000000         1.5369208233         3.4474382535         5.2634690224
        8.9000044000         3.1000000000         1.5420254771         3.4704051506         5.3964436709
        8.9050037000         3.1000000000         1.5394731502         3.4831645379         5.3299563466
        8.9100039000         3.1000000000         1.5216068622         3.5061314351         4.8645450770
        8.9150037000         3.1000000000         1.5394731502         3.5316502097         5.3299563466
        8.9200040000         3.1000000000         1.5496824576         3.5571689842         5.5959056435
        8.9250037000         3.1000000000         1.5522347845         3.5826877588         5.6623929678
        8.9300974000         3.1000000000         1.5445778039         3.5954471461         5.4629309951
        8.9350038000         3.1000000000         1.5471301308         3.6107584109         5.5294183193
        8.9400493000         3.1000000000         1.5343684965         3.6362771855         5.1969816982
        8.9450038000         3.1000000000         1.5496824576         3.6592440826         5.5959056435
        8.9500037000         3.1000000000         1.5471301308         3.6796591023         5.5294183193
        8.9550038000         3.1000000000         1.5471301308         3.6949703670         5.5294183193
        8.9600046000         3.1000000000         1.5318161696         3.7128335092         5.1304943740
        8.9650037000         3.1000000000         1.5343684965         3.7332485289         5.1969816982
        8.9700037000         3.1000000000         1.5318161696         3.7511116711         5.1304943740
        8.9750029000         3.1000000000         1.5445778039         3.7842860781         5.4629309951
        8.9800037000         3.1000000000         1.5318161696         3.7995973429         5.1304943740
        8.9850105000         3.1000000000         1.5318161696         3.8123567301         5.1304943740
        8.9900081000         3.1000000000         1.5369208233         3.8378755047         5.2634690224
        8.9950101000         3.1000000000         1.5292638428         3.8506348920         5.0640070497
        9.0000170000         3.1000000000         1.5369208233         3.8812574215         5.2634690224
        9.0050119000         3.1000000000         1.5394731502         3.9042243187         5.3299563466
        9.0100036000         3.1000000000         1.5394731502         3.9220874609         5.3299563466
        9.0150036000         3.1000000000         1.5394731502         3.9322949707         5.3299563466
        9.0200173000         3.1000000000         1.5369208233         3.9578137453         5.2634690224
        9.0250108000         3.1000000000         1.5292638428         3.9756768875         5.0640070497
        9.0300072000         3.1000000000         1.5292638428         3.9935400297         5.0640070497
        9.0350117000         3.1000000000         1.5165022085         4.0037475396         4.7315704286
        9.0400049000         3.1000000000         1.5318161696         4.0292663142         5.1304943740
        9.0450058000         3.1000000000         1.5241591891         4.0522332113         4.9310324013
        9.0500039000         3.1000000000         1.5318161696         4.0752001084         5.1304943740
        9.0550096000         3.1000000000         1.5343684965         4.0879594957         5.1969816982
        9.0600031000         3.1000000000         1.5369208233         4.1058226379         5.2634690224
        9.0650037000         3.1000000000         1.5292638428         4.1236857801         5.0640070497
        9.0700118000         3.1000000000         1.5394731502         4.1517564322         5.3299563466
        9.0750038000         3.1000000000         1.5394731502         4.1721714519         5.3299563466
        9.0800037000         3.1000000000         1.5292638428         4.1874827166         5.0640070497
        9.0850036000         3.1000000000         1.5267115159         4.2078977363         4.9975197255
        9.0900034000         3.1000000000         1.5241591891         4.2206571236         4.9310324013
        9.0950040000         3.1000000000         1.5318161696         4.2436240207         5.1304943740
        9.1000053000         3.1000000000         1.5394731502         4.2640390404         5.3299563466
        9.1050041000         3.1000000000         1.5292638428         4.2793503051         5.0640070497
        9.1100038000         3.1000000000         1.5241591891         4.2997653248         4.9310324013
        9.1150045000         3.1000000000         1.5318161696         4.3227322219         5.1304943740
        9.1200034000         3.1000000000         1.5318161696         4.3431472416         5.1304943740
        9.1250037000         3.1000000000         1.5369208233         4.3610103838         5.2634690224
        9.1300061000         3.1000000000         1.5318161696         4.3839772810         5.1304943740
        9.1350067000         3.1000000000         1.5369208233         4.4120479330         5.2634690224
        9.1400047000         3.1000000000         1.5343684965         4.4248073203         5.1969816982
        9.1450064000         3.1000000000         1.5241591891         4.4401185851         4.9310324013
        9.1500052000         3.1000000000         1.5445778039         4.4732929920         5.4629309951
        9.1550041000         3.1000000000         1.5267115159         4.4783967469         4.9975197255
        9.1600299000         3.1000000000         1.5394731502         4.5039155215         5.3299563466
        9.1650040000         3.1000000000         1.5369208233         4.5243305412         5.2634690224
        9.1700040000         3.1000000000         1.5394731502         4.5447455609         5.3299563466
        9.1750036000         3.1000000000         1.5394731502         4.5677124580         5.3299563466
        9.1800044000         3.1000000000         1.5394731502         4.5906793551         5.3299563466
        9.1850045000         3.1000000000         1.5369208233         4.6059906199         5.2634690224
        9.1900041000         3.1000000000         1.5471301308         4.6366131494         5.5294183193
        9.1950039000         3.1000000000         1.5420254771         4.6493725367         5.3964436709
        9.2000896000         3.1000000000         1.5343684965         4.6697875564         5.1969816982
        9.2050066000         3.1000000000         1.5369208233         4.6902025760         5.2634690224
        9.2100089000         3.1000000000         1.5496824576         4.7233769830         5.5959056435
        9.2150052000         3.1000000000         1.5496824576         4.7437920027         5.5959056435
        9.2200071000         3.1000000000         1.5522347845         4.7667588998         5.6623929678
        9.2250066000         3.1000000000         1.5394731502         4.7795182871         5.3299563466
        9.2300230000         3.1000000000         1.5420254771         4.8024851842         5.3964436709
        9.2350069000         3.1000000000         1.5369208233         4.8177964490         5.2634690224
        9.2400064000         3.1000000000         1.5420254771         4.8484189785         5.3964436709
        9.2450060000         3.1000000000         1.5496824576         4.8662821207         5.5959056435
        9.2500065000         3.1000000000         1.5496824576         4.8943527728         5.5959056435
        9.2550044000         3.1000000000         1.5394731502         4.9173196699         5.3299563466
        9.2600061000         3.1000000000         1.5292638428         4.9326309346         5.0640070497
        9.2650065000         3.1000000000         1.5369208233         4.9453903219         5.2634690224
        9.2700060000         3.1000000000         1.5394731502         4.9811166064         5.3299563466
        9.2750046000         3.1000000000         1.5369208233         4.9938759937         5.2634690224
        9.2800068000         3.1000000000         1.5318161696         4.9989797486         5.1304943740
        9.2850070000         3.1000000000         1.5369208233         5.0066353810         5.2634690224
        9.2900055000         3.1000000000         1.5241591891         5.0015316260         4.9310324013
        9.2950062000         3.1000000000         1.5394731502         5.0040835035         5.3299563466
        9.3000031000         3.1000000000         1.5292638428         5.0091872584         5.0640070497
        9.3050039000         3.1000000000         1.5420254771         5.0091872584         5.3964436709
        9.3100058000         3.1000000000         1.5267115159         1.1048147461         4.9975197255
        9.3150068000         3.1000000000         1.5292638428         1.1099185011         5.0640070497
        9.3200092000         3.1000000000         1.5369208233         1.1175741334         5.2634690224
        9.3250063000         3.1000000000         1.5420254771         0.0100593162         5.3964436709
        9.3300060000         3.1000000000         1.5343684965         0.0075074388         5.1969816982
        9.3350044000         3.1000000000         1.5241591891        -0.0052519485         4.9310324013
        9.3400062000         3.1000000000         1.5343684965        -0.0027000711         5.1969816982
        9.3450128000         3.1000000000         1.5267115159        -0.0001481936         4.9975197255
        9.3500041000         3.1000000000         1.5394731502        -0.0001481936         5.3299563466
        9.3550042000         3.1000000000         1.5267115159         0.0100593162         4.9975197255
        9.3600079000         3.1000000000         1.5318161696         0.0253705810         5.1304943740
        9.3650038000         3.1000000000         1.5343684965         0.0457856007         5.1969816982
        9.3700045000         3.1000000000         1.5394731502         0.0662006203         5.3299563466
        9.3750028000         3.1000000000         1.5369208233         0.0917193949         5.2634690224
        9.3800037000         3.1000000000         1.5318161696         0.1070306597         5.1304943740
        9.3850035000         3.1000000000         1.5394731502         0.1299975568         5.3299563466
        9.3900041000         3.1000000000         1.5318161696         0.1504125765         5.1304943740
        9.3950040000         3.1000000000         1.5241591891         0.1682757187         4.9310324013
        9.4000039000         3.1000000000         1.5471301308         0.1963463707         5.5294183193
        9.4050172000         3.1000000000         1.5292638428         0.2091057580         5.0640070497
        9.4100078000         3.1000000000         1.5318161696         0.2320726552         5.1304943740
        9.4150090000         3.1000000000         1.5445778039         0.2601433072         5.4629309951
        9.4200037000         3.1000000000         1.5394731502         0.2805583269         5.3299563466
        9.4250070000         3.1000000000         1.5343684965         0.2856620818         5.1969816982
        9.4300027000         3.1000000000         1.4986359205         0.3060771015         4.2661591590
        9.4350089000         3.1000000000         1.5292638428         0.3366996310         5.0640070497
        9.4400033000         3.1000000000         1.5394731502         0.3545627732         5.3299563466
        9.4450039000         3.1000000000         1.5369208233         0.3826334252         5.2634690224
        9.4500063000         3.1000000000         1.5292638428         0.3877371802         5.0640070497
        9.4550048000         3.1000000000         1.5369208233         0.4132559548         5.2634690224
        9.4600021000         3.1000000000         1.5394731502         0.4387747293         5.3299563466
        9.4650093000         3.1000000000         1.5318161696         0.4566378716         5.1304943740
        9.4700025000         3.1000000000         1.5369208233         0.4745010138         5.2634690224
        9.4750027000         3.1000000000         1.5420254771         0.4974679109         5.3964436709
        9.4800024000         3.1000000000         1.5394731502         0.5178829306         5.3299563466
        9.4850039000         3.1000000000         1.5394731502         0.5357460728         5.3299563466
        9.4900027000         3.1000000000         1.5496824576         0.5689204797         5.5959056435
        9.4950026000         3.1000000000         1.5522347845         0.5842317445         5.6623929678
        9.5000038000         3.1000000000         1.5318161696         0.5995430093         5.1304943740
        9.5050041000         3.1000000000         1.5394731502         0.6174061515         5.3299563466
        9.5100026000         3.1000000000         1.5420254771         0.6429249261         5.3964436709
        9.5150034000         3.1000000000         1.5445778039         0.6709955781         5.4629309951
        9.5200024000         3.1000000000         1.5343684965         0.6760993330         5.1969816982
        9.5250037000         3.1000000000         1.5369208233         0.7041699851         5.2634690224
        9.5300025000         3.1000000000         1.5496824576         0.7322406371         5.5959056435
        9.5350038000         3.1000000000         1.5394731502         0.7450000244         5.3299563466
        9.5400039000         3.1000000000         1.5343684965         0.7705187990         5.1969816982
        9.5450037000         3.1000000000         1.5394731502         0.7883819412         5.3299563466
        9.5500436000         3.1000000000         1.5394731502         0.8036932060         5.3299563466
        9.5550038000         3.1000000000         1.5343684965         0.8292119806         5.1969816982
        9.5600034000         3.1000000000         1.5445778039         0.8547307552         5.4629309951
        9.5650048000         3.1000000000         1.5369208233         0.8674901425         5.2634690224
        9.5700039000         3.1000000000         1.5394731502         0.8904570396         5.3299563466
        9.5750069000         3.1000000000         1.5369208233         0.9108720593         5.2634690224
        9.5800026000         3.1000000000         1.5267115159         0.9287352015         4.9975197255
        9.5850036000         3.1000000000         1.5522347845         0.9568058535         5.6623929678
        9.5900057000         3.1000000000         1.5241591891         0.9644614859         4.9310324013
        9.5950021000         3.1000000000         1.5241591891         0.9823246281         4.9310324013
        9.6000031000         3.1000000000         1.5369208233         1.0129471576         5.2634690224
        9.6050039000         3.1000000000         1.5394731502         1.0308102998         5.3299563466
        9.6100053000         3.1000000000         1.5241591891         1.0537771970         4.9310324013
        9.6150039000         3.1000000000         1.5394731502         1.0716403392         5.3299563466
        9.6200032000         3.1000000000         1.5369208233         1.0971591138         5.2634690224
        9.6250038000         3.1000000000         1.5318161696         1.1124703785         5.1304943740
        9.6300044000         3.1000000000         1.5267115159         1.1226778884         4.9975197255
        9.6350038000         3.1000000000         1.5267115159         1.1481966629         4.9975197255
        9.6400038000         3.1000000000         1.5292638428         1.1686116826         5.0640070497
        9.6450034000         3.1000000000         1.5343684965         1.1864748248         5.1969816982
        9.6500049000         3.1000000000         1.5241591891         1.2043379670         4.9310324013
        9.6550028000         3.1000000000         1.5318161696         1.2273048642         5.1304943740
        9.6600041000         3.1000000000         1.5318161696         1.2451680064         5.1304943740
        9.6650037000         3.1000000000         1.5292638428         1.2655830261         5.0640070497
        9.6700037000         3.1000000000         1.5343684965         1.2859980457         5.1969816982
        9.6750066000         3.1000000000         1.5343684965         1.3064130654         5.1969816982
        9.6800040000         3.1000000000         1.5011882474         1.3319318400         4.3326464832
        9.6850041000         3.1000000000         1.5369208233         1.3497949822         5.2634690224
        9.6900037000         3.1000000000         1.5318161696         1.3651062470         5.1304943740
        9.6950032000         3.1000000000         1.5241591891         1.3804175117         4.9310324013
        9.7000040000         3.1000000000         1.5292638428         1.3957287765         5.0640070497
        9.7050026000         3.1000000000         1.5318161696         1.4237994285         5.1304943740
        9.7100057000         3.1000000000         1.5369208233         1.4493182031         5.2634690224
        9.7150047000         3.1000000000         1.5318161696         1.4595257129         5.1304943740
        9.7200037000         3.1000000000         1.5267115159         1.4824926101         4.9975197255
        9.7250022000         3.1000000000         1.5241591891         1.5029076297         4.9310324013
        9.7300037000         3.1000000000         1.5267115159         1.5131151396         4.9975197255
        9.7350073000         3.1000000000         1.5113975548         1.5335301593         4.5985957801
        9.7400025000         3.1000000000         1.5165022085         1.5513933015         4.7315704286
        9.7450030000         3.1000000000         1.5369208233         1.5769120761         5.2634690224
        9.7500013000         3.1000000000         1.5318161696         1.6024308506         5.1304943740
        9.7550017000         3.1000000000         1.5267115159         1.6177421154         4.9975197255
        9.7600060000         3.1000000000         1.5292638428         1.6330533802         5.0640070497
        9.7650039000         3.1000000000         1.5343684965         1.6585721547         5.1969816982
        9.7700081000         3.1000000000         1.5318161696         1.6662277871         5.1304943740
        9.7750030000         3.1000000000         1.5318161696         1.6917465617         5.1304943740
        9.7800037000         3.1000000000         1.5318161696         1.7096097039         5.1304943740
        9.7850026000         3.1000000000         1.5216068622         1.7274728461         4.8645450770
        9.7900036000         3.1000000000         1.5394731502         1.7555434982         5.3299563466
        9.7950033000         3.1000000000         1.5292638428         1.7708547629         5.0640070497
        9.8000037000         3.1000000000         1.5394731502         1.7912697826         5.3299563466
        9.8050036000         3.1000000000         1.5394731502         1.8142366797         5.3299563466
        9.8100037000         3.1000000000         1.5292638428         1.8244441896         5.0640070497
        9.8150029000         3.1000000000         1.5241591891         1.8448592093         4.9310324013
        9.8200037000         3.1000000000         1.5445778039         1.8652742289         5.4629309951
        9.8250755000         3.1000000000         1.5241591891         1.8856892486         4.9310324013
        9.8300037000         3.1000000000         1.5471301308         1.9112080232         5.5294183193
        9.8350038000         3.1000000000         1.5241591891         1.9137599006         4.9310324013
        9.8400039000         3.1000000000         1.5394731502         1.9494861851         5.3299563466
        9.8450036000         3.1000000000         1.5445778039         1.9647974498         5.4629309951
        9.8500041000         3.1000000000         1.5343684965         1.9826605920         5.1969816982
        9.8550038000         3.1000000000         1.5292638428         2.0030756117         5.0640070497
        9.8600038000         3.1000000000         1.5369208233         2.0132831215         5.2634690224
        9.8650036000         3.1000000000         1.5292638428         2.0439056511         5.0640070497
        9.8700032000         3.1000000000         1.5394731502         2.0694244256         5.3299563466
        9.8750032000         3.1000000000         1.5318161696         2.0796319355         5.1304943740
        9.8800029000         3.1000000000         1.5318161696         2.1000469552         5.1304943740
        9.8850039000         3.1000000000         1.5445778039         2.1281176072         5.4629309951
        9.8900043000         3.1000000000         1.5318161696         2.1408769945         5.1304943740
        9.8950070000         3.1000000000         1.5062929011         2.1536363818         4.4656211317
        9.9000027000         3.1000000000         1.5343684965         2.1817070338         5.1969816982
        9.9050098000         3.1000000000         1.5113975548         2.1995701761         4.5985957801
        9.9100025000         3.1000000000         1.5343684965         2.2199851957         5.1969816982
        9.9150037000         3.1000000000         1.5267115159         2.2378483379         4.9975197255
        9.9200078000         3.1000000000         1.5292638428         2.2608152351         5.0640070497
        9.9251038000         3.1000000000         1.5343684965         2.2863340097         5.1969816982
        9.9300034000         3.1000000000         1.5369208233         2.2990933970         5.2634690224
        9.9350036000         3.1000000000         1.5292638428         2.3169565392         5.0640070497
        9.9400039000         3.1000000000         1.5420254771         2.3450271912         5.3964436709
        9.9450060000         3.1000000000         1.5369208233         2.3628903334         5.2634690224
        9.9500025000         3.1000000000         1.5343684965         2.3782015982         5.1969816982
        9.9550035000         3.1000000000         1.5318161696         2.3884091080         5.1304943740
        9.9600039000         3.1000000000         1.5369208233         2.4190316375         5.2634690224
        9.9650085000         3.1000000000         1.5369208233         2.4419985347         5.2634690224
        9.9700023000         3.1000000000         1.5522347845         2.4573097994         5.6623929678
        9.9750080000         3.1000000000         1.5420254771         2.4853804515         5.3964436709
        9.9800070000         3.1000000000         1.5292638428         2.4930360838         5.0640070497
        9.9850039000         3.1000000000         1.5420254771         2.5160029810         5.3964436709
        9.9900027000         3.1000000000         1.5267115159         2.5313142457         4.9975197255
        9.9950038000         3.1000000000         1.5292638428         2.5542811429         5.0640070497
