% Motor Sweep Step 37/50
% Vcmd       = 4.4000 [V]
% Direction  = CW
% Vg_offset  = 1.334866 [V]
% K_gimbal   = 26.049690 [(rad/s)/V]

Time[s]              Vcmd[V]              Vg_raw[V]            Pot[V]               Omega[rad/s]
        0.0000119000         4.4000000000         1.3276300211         3.7026259994        -0.1884915642
        0.0050128000         4.4000000000         1.3454963091         3.7077297543         0.2769197054
        0.0100076000         4.4000000000         1.3327346748         3.7128335092        -0.0555169157
        0.0150077000         4.4000000000         1.3914381925         3.7153853867         1.4736915415
        0.0200074000         4.4000000000         1.6390138976         3.7358004064         7.9229619915
        0.0250090000         4.4000000000         1.5675487456         3.7613191810         6.0613169131
        0.0300073000         4.4000000000         1.6058336485         3.7868379556         7.0586267765
        0.0350077000         4.4000000000         1.7130313764         3.8123567301         9.8510943940
        0.0400083000         4.4000000000         1.6798511273         3.8582905244         8.9867591791
        0.0450079000         4.4000000000         1.7283453376         3.8889130539        10.2500183394
        0.0500453000         4.4000000000         1.8227814313         3.9373987256        12.7100493358
        0.0550243000         4.4000000000         1.7972581627         3.9909881523        12.0451760935
        0.0600322000         4.4000000000         1.8559616804         4.0420257015        13.5743845507
        0.0650473000         4.4000000000         1.8712756415         4.0777519859        13.9733084961
        0.0700049000         4.4000000000         1.8585140073         4.1287895351        13.6408718750
        0.0750063000         4.4000000000         1.9121128712         4.1951383490        15.0371056837
        0.0800059000         4.4000000000         1.9019035638         4.2461758982        14.7711563868
        0.0850069000         4.4000000000         1.9095605444         4.3125247121        14.9706183595
        0.0900046000         4.4000000000         1.9325314861         4.3635622613        15.5690042775
        0.0950073000         4.4000000000         1.9452931204         4.4401185851        15.9014408987
        0.1000066000         4.4000000000         1.9555024278         4.4962598892        16.1673901956
        0.1050066000         4.4000000000         1.9580547547         4.5677124580        16.2338775198
        0.1100055000         4.4000000000         1.9631594084         4.6187500072        16.3668521683
        0.1150059000         4.4000000000         1.9631594084         4.6902025760        16.3668521683
        0.1200054000         4.4000000000         1.9682640621         4.7463438801        16.4998268167
        0.1250045000         4.4000000000         1.9784733695         4.8126926941        16.7657761136
        0.1300046000         4.4000000000         1.9861303501         4.8943527728        16.9652380863
        0.1350102000         4.4000000000         1.9708163889         4.9555978318        16.5663141409
        0.1400062000         4.4000000000         1.9963396575         5.0091872584        17.2311873832
        0.1450033000         4.4000000000         1.9937873306         5.0117391359        17.1647000590
        0.1500033000         4.4000000000         1.9988919844         1.1099185011        17.2976747074
        0.1550045000         4.4000000000         1.9963396575        -0.0052519485        17.2311873832
        0.1600047000         4.4000000000         2.0014443112         0.0024036839        17.3641620317
        0.1650056000         4.4000000000         2.0065489649         0.0508893556        17.4971366801
        0.1700030000         4.4000000000         2.0116536186         0.1223419244        17.6301113286
        0.1750030000         4.4000000000         2.0014443112         0.1886907384        17.3641620317
        0.1800050000         4.4000000000         2.0218629261         0.2677989396        17.8960606255
        0.1850043000         4.4000000000         2.0269675798         0.3341477535        18.0290352739
        0.1900046000         4.4000000000         2.0193105992         0.4056003224        17.8295733012
        0.1950028000         4.4000000000         2.0065489649         0.4745010138        17.4971366801
        0.2000048000         4.4000000000         2.0218629261         0.5459535826        17.8960606255
        0.2050034000         4.4000000000         2.0193105992         0.6097505191        17.8295733012
        0.2100048000         4.4000000000         2.0320722335         0.6812030879        18.1620099224
        0.2150044000         4.4000000000         2.0397292141         0.7603112892        18.3614718951
        0.2200047000         4.4000000000         2.0167582724         0.8190044707        17.7630859770
        0.2250037000         4.4000000000         2.0397292141         0.9032164269        18.3614718951
        0.2300051000         4.4000000000         2.0295199066         0.9670133634        18.0955225982
        0.2350057000         4.4000000000         2.0346245604         1.0435696871        18.2284972466
        0.2400055000         4.4000000000         2.0422815409         1.1124703785        18.4279592193
        0.2450051000         4.4000000000         2.0346245604         1.1660598052        18.2284972466
        0.2500052000         4.4000000000         2.0422815409         1.2502717613        18.4279592193
        0.2550037000         4.4000000000         2.0371768872         1.3140686978        18.2949845708
        0.2600054000         4.4000000000         2.0397292141         1.3829693892        18.3614718951
        0.2650068000         4.4000000000         2.0550431752         1.4620775904        18.7603958404
        0.2700070000         4.4000000000         2.0448338678         1.5182188945        18.4944465435
        0.2750064000         4.4000000000         2.0575955021         1.6024308506        18.8268831647
        0.2800136000         4.4000000000         2.0422815409         1.6560202773        18.4279592193
        0.2850039000         4.4000000000         2.0422815409         1.7300247236        18.4279592193
        0.2900061000         4.4000000000         2.0601478289         1.8116848023        18.8933704889
        0.2950059000         4.4000000000         2.0550431752         1.8780336162        18.7603958404
        0.3000051000         4.4000000000         2.0524908483         1.9469343076        18.6939085162
        0.3050041000         4.4000000000         2.0550431752         2.0183868765        18.7603958404
        0.3100047000         4.4000000000         2.0703571363         2.0974950777        19.1593197858
        0.3150039000         4.4000000000         2.0550431752         2.1638438916        18.7603958404
        0.3200019000         4.4000000000         2.0652524826         2.2404002154        19.0263451373
        0.3250060000         4.4000000000         2.0601478289         2.3041971519        18.8933704889
        0.3300048000         4.4000000000         2.0524908483         2.3833053531        18.6939085162
        0.3350032000         4.4000000000         2.0627001558         2.4573097994        18.9598578131
        0.3400016000         4.4000000000         2.0601478289         2.5236586133        18.8933704889
        0.3450030000         4.4000000000         2.0627001558         2.6027668146        18.9598578131
        0.3500019000         4.4000000000         2.0678048095         2.6716675060        19.0928324616
        0.3550056000         4.4000000000         2.0652524826         2.7482238297        19.0263451373
        0.3600059000         4.4000000000         2.0678048095         2.8196763986        19.0928324616
        0.3650037000         4.4000000000         2.0627001558         2.8936808449        18.9598578131
        0.3700027000         4.4000000000         2.0678048095         2.9702371687        19.0928324616
        0.3750029000         4.4000000000         2.0754617901         3.0442416150        19.2922944342
        0.3800027000         4.4000000000         2.0652524826         3.1131423064        19.0263451373
        0.3850027000         4.4000000000         2.0601478289         3.1794911203        18.8933704889
        0.3900052000         4.4000000000         2.0729094632         3.2585993215        19.2258071100
        0.3950071000         4.4000000000         2.0703571363         3.3377075228        19.1593197858
        0.4000061000         4.4000000000         2.0805664438         3.4117119691        19.4252690827
        0.4050085000         4.4000000000         2.0652524826         3.4755089056        19.0263451373
        0.4100058000         4.4000000000         2.0550431752         3.5444095970        18.7603958404
        0.4150196000         4.4000000000         2.0754617901         3.6286215531        19.2922944342
        0.4200029000         4.4000000000         2.0652524826         3.6975222445        19.0263451373
        0.4250046000         4.4000000000         2.0678048095         3.7715266908        19.0928324616
        0.4300054000         4.4000000000         2.0729094632         3.8429792597        19.2258071100
        0.4350036000         4.4000000000         2.0754617901         3.9169837060        19.2922944342
        0.4400040000         4.4000000000         2.0652524826         3.9935400297        19.0263451373
        0.4450048000         4.4000000000         2.0754617901         4.0700963535        19.2922944342
        0.4500042000         4.4000000000         2.0678048095         4.1287895351        19.0928324616
        0.4550089000         4.4000000000         2.0652524826         4.2053458588        19.0263451373
        0.4600474000         4.4000000000         2.0729094632         4.2870059375        19.2258071100
        0.4650021000         4.4000000000         2.0473861946         4.3533547515        18.5609338677
        0.4700040000         4.4000000000         2.0627001558         4.4350148301        18.9598578131
        0.4750046000         4.4000000000         2.0601478289         4.5090192765        18.8933704889
        0.4800032000         4.4000000000         2.0703571363         4.5855756002        19.1593197858
        0.4850045000         4.4000000000         2.0499385215         4.6519244142        18.6274211920
        0.4900037000         4.4000000000         2.0627001558         4.7361363703        18.9598578131
        0.4950058000         4.4000000000         2.0550431752         4.7999333068        18.7603958404
        0.5000029000         4.4000000000         2.0524908483         4.8815933855        18.6939085162
        0.5050024000         4.4000000000         2.0729094632         4.9683572191        19.2258071100
        0.5100054000         4.4000000000         2.0703571363         5.0117391359        19.1593197858
        0.5150038000         4.4000000000         2.0627001558         5.0091872584        18.9598578131
        0.5200036000         4.4000000000         2.0678048095         1.1073666236        19.0928324616
        0.5250016000         4.4000000000         2.0499385215        -0.0027000711        18.6274211920
        0.5300031000         4.4000000000         2.0729094632         0.0279224584        19.2258071100
        0.5350043000         4.4000000000         2.0831187706         0.1070306597        19.4917564069
        0.5400053000         4.4000000000         2.0550431752         0.1733794736        18.7603958404
        0.5450058000         4.4000000000         2.0422815409         0.2473839199        18.4279592193
        0.5500030000         4.4000000000         2.0780141169         0.3315958761        19.3587817585
        0.5550048000         4.4000000000         2.0627001558         0.4030484449        18.9598578131
        0.5600038000         4.4000000000         2.0575955021         0.4745010138        18.8268831647
        0.5650041000         4.4000000000         2.0601478289         0.5459535826        18.8933704889
        0.5700033000         4.4000000000         2.0729094632         0.6301655388        19.2258071100
        0.5750017000         4.4000000000         2.0627001558         0.7041699851        18.9598578131
        0.5800021000         4.4000000000         2.0601478289         0.7654150441        18.8933704889
        0.5850034000         4.4000000000         2.0805664438         0.8496270002        19.4252690827
        0.5900032000         4.4000000000         2.0678048095         0.9185276916        19.0928324616
        0.5950015000         4.4000000000         2.0627001558         0.9976358929        18.9598578131
        0.6000050000         4.4000000000         2.0678048095         1.0690884617        19.0928324616
        0.6050034000         4.4000000000         2.0729094632         1.1481966629        19.2258071100
        0.6100052000         4.4000000000         2.0703571363         1.2170973543        19.1593197858
        0.6150043000         4.4000000000         2.0448338678         1.2936536781        18.4944465435
        0.6200033000         4.4000000000         2.0678048095         1.3625543695        19.0928324616
        0.6250030000         4.4000000000         2.0703571363         1.4314550609        19.1593197858
        0.6300032000         4.4000000000         2.0729094632         1.5054595072        19.2258071100
        0.6350055000         4.4000000000         2.0754617901         1.5743601986        19.2922944342
        0.6400029000         4.4000000000         2.0780141169         1.6611240322        19.3587817585
        0.6450035000         4.4000000000         2.0601478289         1.7249209687        18.8933704889
        0.6500054000         4.4000000000         2.0703571363         1.7963735375        19.1593197858
        0.6550038000         4.4000000000         2.0678048095         1.8729298613        19.0928324616
        0.6600041000         4.4000000000         2.0805664438         1.9469343076        19.4252690827
        0.6650049000         4.4000000000         2.0703571363         2.0081793666        19.1593197858
        0.6704755000         4.4000000000         2.0754617901         2.0974950777        19.2922944342
        0.6750025000         4.4000000000         2.0601478289         2.1536363818        18.8933704889
        0.6800055000         4.4000000000         2.0856710975         2.2404002154        19.5582437311
        0.6850035000         4.4000000000         2.0601478289         2.3093009068        18.8933704889
        0.6900030000         4.4000000000         2.0729094632         2.3833053531        19.2258071100
        0.6950040000         4.4000000000         2.0652524826         2.4496541670        19.0263451373
        0.7000020000         4.4000000000         2.0678048095         2.5287623683        19.0928324616
        0.7050024000         4.4000000000         2.0678048095         2.6027668146        19.0928324616
        0.7100033000         4.4000000000         2.0703571363         2.6716675060        19.1593197858
        0.7150048000         4.4000000000         2.0805664438         2.7609832170        19.4252690827
        0.7200029000         4.4000000000         2.0703571363         2.8196763986        19.1593197858
        0.7250097000         4.4000000000         2.0729094632         2.9013364773        19.2258071100
        0.7300089000         4.4000000000         2.0703571363         2.9727890461        19.1593197858
        0.7350059000         4.4000000000         2.0678048095         3.0416897375        19.0928324616
        0.7400107000         4.4000000000         2.0780141169         3.1284535711        19.3587817585
        0.7450049000         4.4000000000         2.0729094632         3.1948023851        19.2258071100
        0.7500033000         4.4000000000         2.0805664438         3.2688068314        19.4252690827
        0.7550041000         4.4000000000         2.0627001558         3.3326037679        18.9598578131
        0.7600036000         4.4000000000         2.0831187706         3.4142638465        19.4917564069
        0.7650026000         4.4000000000         2.0805664438         3.4882682929        19.4252690827
        0.7700518000         4.4000000000         2.0703571363         3.5597208617        19.1593197858
        0.7750049000         4.4000000000         2.0933280780         3.6464846953        19.7577057038
        0.7800028000         4.4000000000         2.0729094632         3.7179372642        19.2258071100
        0.7850033000         4.4000000000         2.0780141169         3.7868379556        19.3587817585
        0.7900022000         4.4000000000         2.0882234243         3.8684980342        19.6247310554
        0.7950040000         4.4000000000         2.0754617901         3.9348468482        19.2922944342
        0.8000029000         4.4000000000         2.0703571363         4.0062994170        19.1593197858
        0.8050031000         4.4000000000         2.0652524826         4.0828557408        19.0263451373
        0.8100041000         4.4000000000         2.0652524826         4.1543083097        19.0263451373
        0.8150046000         4.4000000000         2.0831187706         4.2334165109        19.4917564069
        0.8200026000         4.4000000000         2.0780141169         4.3023172023        19.3587817585
        0.8250034000         4.4000000000         2.0729094632         4.3788735260        19.2258071100
        0.8300019000         4.4000000000         2.0831187706         4.4605336047        19.4917564069
        0.8350042000         4.4000000000         2.0678048095         4.5294342961        19.0928324616
        0.8400040000         4.4000000000         2.0805664438         4.6008868650        19.4252690827
        0.8450034000         4.4000000000         2.0805664438         4.6850988211        19.4252690827
        0.8500032000         4.4000000000         2.0627001558         4.7539995125        18.9598578131
        0.8550037000         4.4000000000         2.0652524826         4.8382114687        19.0263451373
        0.8600035000         4.4000000000         2.0729094632         4.9173196699        19.2258071100
        0.8650045000         4.4000000000         2.0703571363         4.9811166064        19.1593197858
        0.8700034000         4.4000000000         2.0780141169         5.0091872584        19.3587817585
        0.8750039000         4.4000000000         2.0601478289         1.1073666236        18.8933704889
        0.8800038000         4.4000000000         2.0652524826        -0.0052519485        19.0263451373
        0.8850028000         4.4000000000         2.0550431752        -0.0052519485        18.7603958404
        0.8900032000         4.4000000000         2.0678048095         0.0534412330        19.0928324616
        0.8950024000         4.4000000000         2.0729094632         0.1299975568        19.2258071100
        0.9000063000         4.4000000000         2.0627001558         0.2040020031        18.9598578131
        0.9050047000         4.4000000000         2.0729094632         0.2907658367        19.2258071100
        0.9100069000         4.4000000000         2.0678048095         0.3596665281        19.0928324616
        0.9150038000         4.4000000000         2.0601478289         0.4362228519        18.8933704889
        0.9200043000         4.4000000000         2.0754617901         0.5127791757        19.2922944342
        0.9250041000         4.4000000000         2.0780141169         0.5893354994        19.3587817585
        0.9300062000         4.4000000000         2.0550431752         0.6505805584        18.7603958404
        0.9350048000         4.4000000000         2.0550431752         0.7245850047        18.7603958404
        0.9400036000         4.4000000000         2.0831187706         0.8113488384        19.4917564069
        0.9450029000         4.4000000000         2.0652524826         0.8776976523        19.0263451373
        0.9500021000         4.4000000000         2.0652524826         0.9465983437        19.0263451373
        0.9550023000         4.4000000000         2.0729094632         1.0257065449        19.2258071100
        0.9600032000         4.4000000000         2.0754617901         1.1073666236        19.2922944342
        0.9650022000         4.4000000000         2.0678048095         1.1762673150        19.0928324616
        0.9700026000         4.4000000000         2.0703571363         1.2477198838        19.1593197858
        0.9750040000         4.4000000000         2.0729094632         1.3217243302        19.2258071100
        0.9800041000         4.4000000000         2.0780141169         1.3982806539        19.3587817585
        0.9850039000         4.4000000000         2.0703571363         1.4722851002        19.1593197858
        0.9900038000         4.4000000000         2.0780141169         1.5386339142        19.3587817585
        0.9950019000         4.4000000000         2.0729094632         1.6126383605        19.2258071100
        1.0000023000         4.4000000000         2.0729094632         1.6789871744        19.2258071100
        1.0050056000         4.4000000000         2.0780141169         1.7606472531        19.3587817585
        1.0100038000         4.4000000000         2.0780141169         1.8372035769        19.3587817585
        1.0150041000         4.4000000000         2.0780141169         1.9086561457        19.3587817585
        1.0200025000         4.4000000000         2.0754617901         1.9750049597        19.2922944342
        1.0250023000         4.4000000000         2.0780141169         2.0490094060        19.3587817585
        1.0300021000         4.4000000000         2.0678048095         2.1179100974        19.0928324616
        1.0350021000         4.4000000000         2.0754617901         2.2046739310        19.2922944342
        1.0400053000         4.4000000000         2.0703571363         2.2710227449        19.1593197858
        1.0450052000         4.4000000000         2.0754617901         2.3501309461        19.2922944342
        1.0500214000         4.4000000000         2.0805664438         2.4164797601        19.4252690827
        1.0550055000         4.4000000000         2.0729094632         2.4904842064        19.2258071100
        1.0600027000         4.4000000000         2.0678048095         2.5593848978        19.0928324616
        1.0650047000         4.4000000000         2.0754617901         2.6435968539        19.2922944342
        1.0700647000         4.4000000000         2.0882234243         2.7150494228        19.6247310554
        1.0750021000         4.4000000000         2.0831187706         2.7890538691        19.4917564069
        1.0800106000         4.4000000000         2.0754617901         2.8579545605        19.2922944342
        1.0850041000         4.4000000000         2.0805664438         2.9345108842        19.4252690827
        1.0900025000         4.4000000000         2.0831187706         3.0136190855        19.4917564069
        1.0950041000         4.4000000000         2.0729094632         3.0876235318        19.2258071100
        1.1000018000         4.4000000000         2.0882234243         3.1641798556        19.6247310554
        1.1050082000         4.4000000000         2.0831187706         3.2356324244        19.4917564069
        1.1100048000         4.4000000000         2.0831187706         3.3147406256        19.4917564069
        1.1150150000         4.4000000000         2.0856710975         3.3836413170        19.5582437311
        1.1200057000         4.4000000000         2.0780141169         3.4550938859        19.3587817585
        1.1250043000         4.4000000000         2.0780141169         3.5367539646        19.3587817585
        1.1300048000         4.4000000000         2.0907757512         3.6005509010        19.6912183796
        1.1350022000         4.4000000000         2.0729094632         3.6822109797        19.2258071100
        1.1400014000         4.4000000000         2.0805664438         3.7613191810        19.4252690827
        1.1450023000         4.4000000000         2.0703571363         3.8251161174        19.1593197858
        1.1500062000         4.4000000000         2.0780141169         3.9016724412        19.3587817585
        1.1550033000         4.4000000000         2.0780141169         3.9731250101        19.3587817585
        1.1600054000         4.4000000000         2.0678048095         4.0420257015        19.0928324616
        1.1650031000         4.4000000000         2.0729094632         4.1134782703        19.2258071100
        1.1700068000         4.4000000000         2.0499385215         4.2027939814        18.6274211920
        1.1750051000         4.4000000000         2.0831187706         4.2819021826        19.4917564069
        1.1800059000         4.4000000000         2.0780141169         4.3482509965        19.3587817585
        1.1850049000         4.4000000000         2.0754617901         4.4171516879        19.2922944342
        1.1900042000         4.4000000000         2.0729094632         4.4962598892        19.2258071100
        1.1950073000         4.4000000000         2.0652524826         4.5779199678        19.0263451373
        1.2000062000         4.4000000000         2.0627001558         4.6391650269        18.9598578131
        1.2050048000         4.4000000000         2.0780141169         4.7259288605        19.3587817585
        1.2100067000         4.4000000000         2.0805664438         4.8075889392        19.4252690827
        1.2150041000         4.4000000000         2.0729094632         4.8815933855        19.2258071100
        1.2200021000         4.4000000000         2.0805664438         4.9658053416        19.4252690827
        1.2250045000         4.4000000000         2.0524908483         5.0040835035        18.6939085162
        1.2300047000         4.4000000000         2.0678048095         4.9964278711        19.0928324616
        1.2350030000         4.4000000000         2.0780141169         1.1099185011        19.3587817585
        1.2400051000         4.4000000000         2.0627001558        -0.0001481936        18.9598578131
        1.2450032000         4.4000000000         2.0678048095         0.0228187035        19.0928324616
        1.2500051000         4.4000000000         2.0805664438         0.1044787822        19.4252690827
        1.2550550000         4.4000000000         2.0678048095         0.1759313511        19.0928324616
        1.2600066000         4.4000000000         2.0754617901         0.2575914298        19.2922944342
        1.2650040000         4.4000000000         2.0754617901         0.3315958761        19.2922944342
        1.2700064000         4.4000000000         2.0627001558         0.4056003224        18.9598578131
        1.2750046000         4.4000000000         2.0627001558         0.4821566461        18.9598578131
        1.2800035000         4.4000000000         2.0703571363         0.5459535826        19.1593197858
        1.2850027000         4.4000000000         2.0652524826         0.6250617838        19.0263451373
        1.2900038000         4.4000000000         2.0703571363         0.6939624752        19.1593197858
        1.2950041000         4.4000000000         2.0780141169         0.7730706765        19.3587817585
        1.3000027000         4.4000000000         2.0754617901         0.8521788777        19.2922944342
        1.3050036000         4.4000000000         2.0729094632         0.9185276916        19.2258071100
        1.3100060000         4.4000000000         2.0754617901         1.0052915252        19.2922944342
        1.3150031000         4.4000000000         2.0754617901         1.0767440941        19.2922944342
        1.3200053000         4.4000000000         2.0729094632         1.1456447855        19.2258071100
        1.3250019000         4.4000000000         2.0627001558         1.2170973543        18.9598578131
        1.3300053000         4.4000000000         2.0831187706         1.3038611879        19.4917564069
        1.3350054000         4.4000000000         2.0907757512         1.3753137568        19.6912183796
        1.3400049000         4.4000000000         2.0805664438         1.4518700806        19.4252690827
        1.3450021000         4.4000000000         2.0780141169         1.5156670170        19.3587817585
        1.3500051000         4.4000000000         2.0831187706         1.5973270957        19.4917564069
        1.3550046000         4.4000000000         2.0805664438         1.6713315420        19.4252690827
        1.3600032000         4.4000000000         2.0958804049         1.7402322334        19.8241930281
        1.3650024000         4.4000000000         2.0805664438         1.8116848023        19.4252690827
        1.3700063000         4.4000000000         2.0703571363         1.8780336162        19.1593197858
        1.3750026000         4.4000000000         2.0780141169         1.9571418174        19.3587817585
        1.3800032000         4.4000000000         2.0652524826         2.0234906314        19.0263451373
        1.3850040000         4.4000000000         2.0754617901         2.0974950777        19.2922944342
        1.3900032000         4.4000000000         2.0703571363         2.1740514015        19.1593197858
        1.3950025000         4.4000000000         2.0805664438         2.2557114802        19.4252690827
        1.4000051000         4.4000000000         2.0780141169         2.3297159265        19.3587817585
        1.4050039000         4.4000000000         2.0703571363         2.3960647404        19.1593197858
        1.4100041000         4.4000000000         2.0780141169         2.4700691867        19.3587817585
        1.4150030000         4.4000000000         2.0856710975         2.5542811429        19.5582437311
        1.4200035000         4.4000000000         2.0805664438         2.6257337117        19.4252690827
        1.4250027000         4.4000000000         2.0882234243         2.7073937904        19.6247310554
        1.4300050000         4.4000000000         2.0907757512         2.7788463592        19.6912183796
        1.4350043000         4.4000000000         2.0754617901         2.8528508056        19.2922944342
        1.4400029000         4.4000000000         2.0933280780         2.9294071293        19.7577057038
        1.4450052000         4.4000000000         2.0958804049         3.0034115756        19.8241930281
        1.4500059000         4.4000000000         2.0856710975         3.0774160220        19.5582437311
        1.4550054000         4.4000000000         2.0856710975         3.1565242232        19.5582437311
        1.4600035000         4.4000000000         2.0984327318         3.2356324244        19.8906803523
        1.4650049000         4.4000000000         2.0882234243         3.3019812383        19.6247310554
        1.4700038000         4.4000000000         2.0754617901         3.3708819297        19.2922944342
        1.4750028000         4.4000000000         2.0907757512         3.4525420084        19.6912183796
        1.4800030000         4.4000000000         2.0805664438         3.5188908224        19.4252690827
        1.4850027000         4.4000000000         2.0856710975         3.5979990236        19.5582437311
        1.4900020000         4.4000000000         2.0907757512         3.6771072248        19.6912183796
        1.4950028000         4.4000000000         2.0831187706         3.7536635486        19.4917564069
        1.5000032000         4.4000000000         2.0831187706         3.8276679949        19.4917564069
        1.5050048000         4.4000000000         2.0984327318         3.9093280736        19.8906803523
        1.5100040000         4.4000000000         2.0780141169         3.9833325199        19.3587817585
        1.5150040000         4.4000000000         2.0907757512         4.0522332113        19.6912183796
        1.5200045000         4.4000000000         2.0958804049         4.1287895351        19.8241930281
        1.5250046000         4.4000000000         2.0678048095         4.1976902265        19.0928324616
        1.5300039000         4.4000000000         2.0856710975         4.2819021826        19.5582437311
        1.5350023000         4.4000000000         2.0805664438         4.3482509965        19.4252690827
        1.5400052000         4.4000000000         2.0729094632         4.4248073203        19.2258071100
        1.5450057000         4.4000000000         2.0805664438         4.5039155215        19.4252690827
        1.5500046000         4.4000000000         2.0754617901         4.5881274777        19.2922944342
        1.5550034000         4.4000000000         2.0754617901         4.6595800465        19.2922944342
        1.5600042000         4.4000000000         2.0805664438         4.7335844928        19.4252690827
        1.5650051000         4.4000000000         2.0678048095         4.8024851842        19.0928324616
        1.5700025000         4.4000000000         2.0831187706         4.8841452629        19.4917564069
        1.5750039000         4.4000000000         2.0780141169         4.9683572191        19.3587817585
        1.5800023000         4.4000000000         2.0754617901         5.0142910133        19.2922944342
        1.5850052000         4.4000000000         2.0805664438         5.0040835035        19.4252690827
        1.5900042000         4.4000000000         2.0856710975         0.0151630711        19.5582437311
        1.5950033000         4.4000000000         2.0678048095        -0.0052519485        19.0928324616
        1.6000028000         4.4000000000         2.0678048095         0.0304743359        19.0928324616
        1.6050051000         4.4000000000         2.0652524826         0.0993750273        19.0263451373
        1.6100040000         4.4000000000         2.0678048095         0.1835869834        19.0928324616
        1.6150029000         4.4000000000         2.0703571363         0.2626951847        19.1593197858
        1.6200017000         4.4000000000         2.0729094632         0.3341477535        19.2258071100
        1.6250056000         4.4000000000         2.0729094632         0.4209115871        19.2258071100
        1.6300057000         4.4000000000         2.0575955021         0.4821566461        18.8268831647
        1.6350044000         4.4000000000         2.0780141169         0.5689204797        19.3587817585
        1.6400050000         4.4000000000         2.0703571363         0.6378211711        19.1593197858
        1.6450043000         4.4000000000         2.0780141169         0.7143774949        19.3587817585
        1.6500043000         4.4000000000         2.0678048095         0.7883819412        19.0928324616
        1.6550050000         4.4000000000         2.0754617901         0.8674901425        19.2922944342
        1.6600043000         4.4000000000         2.0780141169         0.9414945888        19.3587817585
        1.6650027000         4.4000000000         2.0678048095         1.0103952802        19.0928324616
        1.6700043000         4.4000000000         2.0856710975         1.0895034814        19.5582437311
        1.6750033000         4.4000000000         2.0754617901         1.1660598052        19.2922944342
        1.6800015000         4.4000000000         2.0703571363         1.2324086191        19.1593197858
        1.6850059000         4.4000000000         2.0678048095         1.3013093105        19.0928324616
        1.6900035000         4.4000000000         2.0754617901         1.3778656343        19.2922944342
        1.6950053000         4.4000000000         2.0780141169         1.4569738355        19.3587817585
        1.7000027000         4.4000000000         2.0907757512         1.5335301593        19.6912183796
        1.7050052000         4.4000000000         2.0729094632         1.5947752183        19.2258071100
        1.7100027000         4.4000000000         2.0729094632         1.6789871744        19.2258071100
        1.7150035000         4.4000000000         2.0780141169         1.7478878658        19.3587817585
        1.7200031000         4.4000000000         2.0805664438         1.8116848023        19.4252690827
        1.7250148000         4.4000000000         2.0780141169         1.8907930035        19.3587817585
        1.7300067000         4.4000000000         2.0805664438         1.9647974498        19.4252690827
        1.7350042000         4.4000000000         2.0882234243         2.0464575285        19.6247310554
        1.7400082000         4.4000000000         2.0882234243         2.1153582199        19.6247310554
        1.7451011000         4.4000000000         2.0754617901         2.1868107888        19.2922944342
        1.7500047000         4.4000000000         2.0933280780         2.2684708674        19.7577057038
        1.7550038000         4.4000000000         2.0805664438         2.3373715588        19.4252690827
        1.7600057000         4.4000000000         2.0805664438         2.4190316375        19.4252690827
        1.7650030000         4.4000000000         2.0856710975         2.4904842064        19.5582437311
        1.7700027000         4.4000000000         2.0933280780         2.5670405302        19.7577057038
        1.7750060000         4.4000000000         2.0856710975         2.6410449765        19.5582437311
        1.7800035000         4.4000000000         2.0933280780         2.7150494228        19.7577057038
        1.7850044000         4.4000000000         2.0805664438         2.7890538691        19.4252690827
        1.7900022000         4.4000000000         2.0805664438         2.8605064379        19.4252690827
        1.7950022000         4.4000000000         2.0907757512         2.9345108842        19.6912183796
        1.8000034000         4.4000000000         2.1009850586         3.0263784728        19.9571676765
        1.8050036000         4.4000000000         2.0882234243         3.0927272867        19.6247310554
        1.8100025000         4.4000000000         2.0907757512         3.1692836105        19.6912183796
        1.8150042000         4.4000000000         2.1035373855         3.2509436892        20.0236550007
        1.8200036000         4.4000000000         2.0907757512         3.3300518904        19.6912183796
        1.8250017000         4.4000000000         2.1009850586         3.3938488269        19.9571676765
        1.8300017000         4.4000000000         2.0958804049         3.4780607830        19.8241930281
        1.8350255000         4.4000000000         2.0754617901         3.5469614744        19.2922944342
        1.8400043000         4.4000000000         2.0882234243         3.6158621658        19.6247310554
        1.8450043000         4.4000000000         2.0729094632         3.6898666121        19.2258071100
        1.8500058000         4.4000000000         2.0958804049         3.7740785683        19.8241930281
        1.8550042000         4.4000000000         2.0958804049         3.8506348920        19.8241930281
        1.8600058000         4.4000000000         2.0805664438         3.9195355834        19.4252690827
        1.8650048000         4.4000000000         2.0831187706         3.9935400297        19.4917564069
        1.8700036000         4.4000000000         2.0678048095         4.0649925986        19.0928324616
        1.8750047000         4.4000000000         2.0831187706         4.1338932900        19.4917564069
        1.8800038000         4.4000000000         2.0856710975         4.2206571236        19.5582437311
        1.8850048000         4.4000000000         2.0856710975         4.3023172023        19.5582437311
        1.8900036000         4.4000000000         2.0831187706         4.3737697711        19.4917564069
        1.8950058000         4.4000000000         2.0856710975         4.4452223400        19.5582437311
        1.9000036000         4.4000000000         2.0754617901         4.5141230314        19.2922944342
        1.9050047000         4.4000000000         2.0831187706         4.5957831101        19.4917564069
        1.9100050000         4.4000000000         2.0754617901         4.6774431887        19.2922944342
        1.9150052000         4.4000000000         2.0831187706         4.7514476351        19.4917564069
        1.9200037000         4.4000000000         2.0856710975         4.8407633461        19.5582437311
        1.9250048000         4.4000000000         2.0831187706         4.9122159150        19.4917564069
        1.9300038000         4.4000000000         2.0831187706         4.9887722387        19.4917564069
        1.9350035000         4.4000000000         2.0729094632         5.0066353810        19.2258071100
        1.9400043000         4.4000000000         2.0729094632         1.1099185011        19.2258071100
        1.9450043000         4.4000000000         2.0729094632         0.0024036839        19.2258071100
        1.9500048000         4.4000000000         2.0831187706         0.0075074388        19.4917564069
        1.9550029000         4.4000000000         2.0805664438         0.0534412330        19.4252690827
        1.9600045000         4.4000000000         2.0703571363         0.1351013117        19.1593197858
        1.9650036000         4.4000000000         2.0703571363         0.2091057580        19.1593197858
        1.9700038000         4.4000000000         2.0729094632         0.2780064494        19.2258071100
        1.9750061000         4.4000000000         2.0754617901         0.3571146507        19.2922944342
        1.9800028000         4.4000000000         2.0678048095         0.4311190970        19.0928324616
        1.9850014000         4.4000000000         2.0729094632         0.5102272982        19.2258071100
        1.9900027000         4.4000000000         2.0805664438         0.5944392543        19.4252690827
        1.9950029000         4.4000000000         2.0754617901         0.6709955781        19.2922944342
        2.0000028000         4.4000000000         2.0754617901         0.7373443920        19.2922944342
        2.0050021000         4.4000000000         2.0780141169         0.8139007158        19.3587817585
        2.0100053000         4.4000000000         2.0703571363         0.8904570396        19.1593197858
        2.0150050000         4.4000000000         2.0780141169         0.9721171183        19.3587817585
        2.0200035000         4.4000000000         2.0856710975         1.0461215646        19.5582437311
        2.0250047000         4.4000000000         2.0703571363         1.1150222560        19.1593197858
        2.0300029000         4.4000000000         2.0780141169         1.1864748248        19.3587817585
        2.0350019000         4.4000000000         2.0703571363         1.2579273937        19.1593197858
        2.0400023000         4.4000000000         2.0652524826         1.3268280851        19.0263451373
        2.0450015000         4.4000000000         2.0754617901         1.4008325314        19.2922944342
        2.0500019000         4.4000000000         2.0678048095         1.4748369777        19.0928324616
        2.0550036000         4.4000000000         2.0805664438         1.5513933015        19.4252690827
        2.0600066000         4.4000000000         2.0831187706         1.6330533802        19.4917564069
        2.0650052000         4.4000000000         2.0703571363         1.6994021941        19.1593197858
        2.0700052000         4.4000000000         2.0882234243         1.7759585179        19.6247310554
        2.0750050000         4.4000000000         2.0856710975         1.8499629642        19.5582437311
        2.0800052000         4.4000000000         2.0754617901         1.9137599006        19.2922944342
        2.0850055000         4.4000000000         2.0958804049         2.0005237343        19.8241930281
        2.0900030000         4.4000000000         2.0831187706         2.0668725482        19.4917564069
        2.0950030000         4.4000000000         2.0805664438         2.1357732396        19.4252690827
        2.1000046000         4.4000000000         2.0856710975         2.2174333183        19.5582437311
        2.1050051000         4.4000000000         2.0805664438         2.2888858871        19.4252690827
        2.1100034000         4.4000000000         2.0907757512         2.3756497207        19.6912183796
        2.1150067000         4.4000000000         2.0780141169         2.4394466572        19.3587817585
        2.1200036000         4.4000000000         2.0984327318         2.5185548584        19.8906803523
        2.1250067000         4.4000000000         2.0831187706         2.5925593047        19.4917564069
        2.1300041000         4.4000000000         2.1009850586         2.6716675060        19.9571676765
        2.1350065000         4.4000000000         2.1009850586         2.7482238297        19.9571676765
        2.1400042000         4.4000000000         2.1009850586         2.8298839084        19.9571676765
        2.1450067000         4.4000000000         2.0882234243         2.8936808449        19.6247310554
        2.1500049000         4.4000000000         2.0907757512         2.9651334138        19.6912183796
        2.1550049000         4.4000000000         2.0958804049         3.0493453699        19.8241930281
        2.1600070000         4.4000000000         2.0933280780         3.1207979388        19.7577057038
        2.1650061000         4.4000000000         2.0882234243         3.2024580174        19.6247310554
        2.1701362000         4.4000000000         2.0831187706         3.2790143412        19.4917564069
        2.1750070000         4.4000000000         2.0831187706         3.3504669101        19.4917564069
        2.1800061000         4.4000000000         2.1060897123         3.4321269888        20.0901423250
        2.1850070000         4.4000000000         2.0856710975         3.4984758027        19.5582437311
        2.1900086000         4.4000000000         2.0805664438         3.5673764941        19.4252690827
        2.1950029000         4.4000000000         2.0856710975         3.6515884502        19.5582437311
        2.2000092000         4.4000000000         2.0805664438         3.7255928965        19.4252690827
        2.2050029000         4.4000000000         2.0856710975         3.8021492203        19.5582437311
        2.2100126000         4.4000000000         2.0933280780         3.8761536666        19.7577057038
        2.2150075000         4.4000000000         2.0397292141         3.9425024806        18.3614718951
        2.2200087000         4.4000000000         2.0805664438         4.0165069269        19.4252690827
        2.2250074000         4.4000000000         2.0805664438         4.0981670056        19.4252690827
        2.2300051000         4.4000000000         2.0575955021         4.1670676969        18.8268831647
        2.2350053000         4.4000000000         2.0907757512         4.2487277756        19.6912183796
        2.2400055000         4.4000000000         2.0907757512         4.3329397318        19.6912183796
        2.2450045000         4.4000000000         2.0856710975         4.3992885457        19.5582437311
        2.2500065000         4.4000000000         2.0805664438         4.4732929920        19.4252690827
        2.2550044000         4.4000000000         2.0780141169         4.5498493158        19.3587817585
        2.2600329000         4.4000000000         2.0984327318         4.6391650269        19.8906803523
        2.2650090000         4.4000000000         2.0907757512         4.7131694732        19.6912183796
        2.2700078000         4.4000000000         2.0754617901         4.7897257969        19.2922944342
        2.2750044000         4.4000000000         2.0805664438         4.8713858756        19.4252690827
        2.2800072000         4.4000000000         2.0754617901         4.9504940769        19.2922944342
        2.2850060000         4.4000000000         2.0805664438         5.0040835035        19.4252690827
        2.2900062000         4.4000000000         2.0831187706         5.0117391359        19.4917564069
        2.2950072000         4.4000000000         2.0678048095         1.1022628687        19.0928324616
        2.3000064000         4.4000000000         2.0754617901        -0.0052519485        19.2922944342
        2.3050048000         4.4000000000         2.0831187706         0.0202668261        19.4917564069
        2.3100063000         4.4000000000         2.0831187706         0.0891675175        19.4917564069
        2.3150038000         4.4000000000         2.0652524826         0.1580682088        19.0263451373
        2.3200060000         4.4000000000         2.0678048095         0.2397282875        19.0928324616
        2.3250042000         4.4000000000         2.0729094632         0.3188364888        19.2258071100
        2.3300068000         4.4000000000         2.0805664438         0.4030484449        19.4252690827
        2.3350058000         4.4000000000         2.0805664438         0.4770528912        19.4252690827
        2.3400063000         4.4000000000         2.0703571363         0.5434017052        19.1593197858
        2.3450350000         4.4000000000         2.0729094632         0.6250617838        19.2258071100
        2.3500069000         4.4000000000         2.0652524826         0.6939624752        19.0263451373
        2.3550034000         4.4000000000         2.0703571363         0.7654150441        19.1593197858
        2.3600143000         4.4000000000         2.0780141169         0.8496270002        19.3587817585
        2.3650032000         4.4000000000         2.0831187706         0.9236314466        19.4917564069
        2.3700050000         4.4000000000         2.0678048095         0.9950840154        19.0928324616
        2.3750272000         4.4000000000         2.0780141169         1.0767440941        19.3587817585
        2.3800024000         4.4000000000         2.0780141169         1.1456447855        19.3587817585
        2.3850047000         4.4000000000         2.0703571363         1.2196492318        19.1593197858
        2.3900066000         4.4000000000         2.0831187706         1.2936536781        19.4917564069
        2.3950050000         4.4000000000         2.0780141169         1.3727618793        19.3587817585
        2.4000048000         4.4000000000         2.0754617901         1.4467663256        19.2922944342
        2.4050105000         4.4000000000         2.0882234243         1.5131151396        19.6247310554
        2.4100055000         4.4000000000         2.0729094632         1.5871195859        19.2258071100
        2.4150083000         4.4000000000         2.0856710975         1.6636759097        19.5582437311
        2.4200051000         4.4000000000         2.1009850586         1.7402322334        19.9571676765
        2.4250056000         4.4000000000         2.0805664438         1.8091329248        19.4252690827
        2.4300063000         4.4000000000         2.0754617901         1.8754817388        19.2922944342
        2.4350068000         4.4000000000         2.0882234243         1.9647974498        19.6247310554
        2.4400062000         4.4000000000         2.0907757512         2.0362500187        19.6912183796
        2.4450088000         4.4000000000         2.0882234243         2.1051507101        19.6247310554
        2.4500104000         4.4000000000         2.0780141169         2.1766032789        19.3587817585
        2.4550073000         4.4000000000         2.0882234243         2.2506077252        19.6247310554
        2.4600093000         4.4000000000         2.0856710975         2.3297159265        19.5582437311
        2.4650105000         4.4000000000         2.0831187706         2.4011684953        19.4917564069
        2.4700081000         4.4000000000         2.1035373855         2.4853804515        20.0236550007
        2.4750047000         4.4000000000         2.0933280780         2.5670405302        19.7577057038
        2.4800058000         4.4000000000         2.0754617901         2.6282855892        19.2922944342
        2.4850118000         4.4000000000         2.1009850586         2.7099456679        19.9571676765
        2.4900033000         4.4000000000         2.0933280780         2.7890538691        19.7577057038
        2.4950074000         4.4000000000         2.0856710975         2.8554026830        19.5582437311
        2.5000047000         4.4000000000         2.0907757512         2.9396146392        19.6912183796
        2.5050056000         4.4000000000         2.0907757512         3.0136190855        19.6912183796
        2.5101644000         4.4000000000         2.0882234243         3.0927272867        19.6247310554
        2.5150057000         4.4000000000         2.0703571363         3.1718354879        19.1593197858
        2.5200054000         4.4000000000         2.0882234243         3.2381843019        19.6247310554
        2.5250039000         4.4000000000         2.0856710975         3.3147406256        19.5582437311
        2.5300099000         4.4000000000         2.0856710975         3.3887450720        19.5582437311
        2.5350039000         4.4000000000         2.1009850586         3.4729570281        19.9571676765
        2.5400046000         4.4000000000         2.0958804049         3.5469614744        19.8241930281
        2.5450110000         4.4000000000         2.1009850586         3.6209659207        19.9571676765
        2.5500091000         4.4000000000         2.0805664438         3.6898666121        19.4252690827
        2.5550047000         4.4000000000         2.0958804049         3.7740785683        19.8241930281
        2.5600098000         4.4000000000         2.0856710975         3.8404273822        19.5582437311
        2.5650127000         4.4000000000         2.1009850586         3.9271912158        19.9571676765
        2.5700050000         4.4000000000         2.0856710975         3.9858843974        19.5582437311
        2.5750058000         4.4000000000         2.0907757512         4.0777519859        19.6912183796
        2.5800192000         4.4000000000         2.0907757512         4.1517564322        19.6912183796
        2.5850086000         4.4000000000         2.0933280780         4.2283127560        19.7577057038
        2.5900048000         4.4000000000         2.0933280780         4.2997653248        19.7577057038
        2.5950075000         4.4000000000         2.0805664438         4.3661141388        19.4252690827
        2.6000157000         4.4000000000         2.0907757512         4.4503260949        19.6912183796
        2.6050069000         4.4000000000         2.0907757512         4.5319861736        19.6912183796
        2.6100167000         4.4000000000         2.0831187706         4.6085424974        19.4917564069
        2.6150642000         4.4000000000         2.0933280780         4.6825469437        19.7577057038
        2.6200179000         4.4000000000         2.0805664438         4.7514476351        19.4252690827
        2.6250085000         4.4000000000         2.0805664438         4.8356595912        19.4252690827
        2.6300154000         4.4000000000         2.0805664438         4.9147677924        19.4252690827
        2.6350067000         4.4000000000         2.0958804049         5.0015316260        19.8241930281
        2.6400124000         4.4000000000         2.0780141169         4.9989797486        19.3587817585
        2.6450076000         4.4000000000         2.0958804049         1.1073666236        19.8241930281
        2.6500037000         4.4000000000         2.0805664438         0.0024036839        19.4252690827
        2.6550073000         4.4000000000         2.0805664438         0.0049555613        19.4252690827
        2.6600048000         4.4000000000         2.0831187706         0.0662006203        19.4917564069
        2.6650100000         4.4000000000         2.0805664438         0.1453088216        19.4252690827
        2.6700056000         4.4000000000         2.0754617901         0.2167613904        19.2922944342
        2.6750041000         4.4000000000         2.0856710975         0.3060771015        19.5582437311
        2.6800052000         4.4000000000         2.0831187706         0.3749777929        19.4917564069
        2.6850032000         4.4000000000         2.0754617901         0.4489822392        19.2922944342
        2.6900051000         4.4000000000         2.0805664438         0.5255385629        19.4252690827
        2.6950050000         4.4000000000         2.0754617901         0.6071986416        19.2922944342
        2.7000047000         4.4000000000         2.0754617901         0.6760993330        19.2922944342
        2.7050031000         4.4000000000         2.0907757512         0.7603112892        19.6912183796
        2.7100046000         4.4000000000         2.0805664438         0.8317638580        19.4252690827
        2.7150061000         4.4000000000         2.0805664438         0.8955607945        19.4252690827
        2.7200065000         4.4000000000         2.0805664438         0.9848765056        19.4252690827
        2.7250058000         4.4000000000         2.0754617901         1.0486734420        19.2922944342
        2.7300066000         4.4000000000         2.0703571363         1.1226778884        19.1593197858
        2.7350067000         4.4000000000         2.0805664438         1.2094417220        19.4252690827
        2.7400068000         4.4000000000         2.0805664438         1.2808942908        19.4252690827
        2.7450086000         4.4000000000         2.0729094632         1.3497949822        19.2258071100
        2.7500073000         4.4000000000         2.0907757512         1.4314550609        19.6912183796
        2.7550075000         4.4000000000         2.0754617901         1.5003557523        19.2922944342
        2.7600064000         4.4000000000         2.0805664438         1.5692564437        19.4252690827
        2.7650047000         4.4000000000         2.0856710975         1.6458127674        19.5582437311
        2.7700088000         4.4000000000         2.0882234243         1.7198172138        19.6247310554
        2.7750063000         4.4000000000         2.0882234243         1.7938216601        19.6247310554
        2.7800178000         4.4000000000         2.0907757512         1.8652742289        19.6912183796
        2.7850116000         4.4000000000         2.0780141169         1.9341749203        19.3587817585
        2.7900047000         4.4000000000         2.0805664438         2.0081793666        19.4252690827
        2.7950038000         4.4000000000         2.0958804049         2.0923913228        19.8241930281
        2.8000058000         4.4000000000         2.0907757512         2.1612920142        19.6912183796
        2.8050068000         4.4000000000         2.0907757512         2.2506077252        19.6912183796
        2.8100078000         4.4000000000         2.0856710975         2.3144046617        19.5582437311
        2.8150044000         4.4000000000         2.0882234243         2.3909609855        19.6247310554
        2.8200068000         4.4000000000         2.1060897123         2.4751729416        20.0901423250
        2.8251034000         4.4000000000         2.0933280780         2.5440736330        19.7577057038
        2.8300067000         4.4000000000         2.0754617901         2.6129743244        19.2922944342
        2.8350111000         4.4000000000         2.0958804049         2.6997381580        19.8241930281
        2.8400075000         4.4000000000         2.0907757512         2.7686388494        19.6912183796
        2.8450070000         4.4000000000         2.0856710975         2.8400914183        19.5582437311
        2.8500047000         4.4000000000         2.1086420392         2.9268552519        20.1566296492
        2.8550229000         4.4000000000         2.0933280780         2.9932040658        19.7577057038
        2.8600069000         4.4000000000         2.0958804049         3.0774160220        19.8241930281
        2.8650064000         4.4000000000         2.0958804049         3.1488685908        19.8241930281
        2.8700157000         4.4000000000         2.1035373855         3.2228730371        20.0236550007
        2.8750066000         4.4000000000         2.0958804049         3.3019812383        19.8241930281
        2.8800257000         4.4000000000         2.0831187706         3.3759856847        19.4917564069
        2.8850067000         4.4000000000         2.0907757512         3.4525420084        19.6912183796
        2.8900046000         4.4000000000         2.0805664438         3.5214426998        19.4252690827
        2.8950064000         4.4000000000         2.0958804049         3.6005509010        19.8241930281
        2.9000085000         4.4000000000         2.0907757512         3.6771072248        19.6912183796
        2.9050070000         4.4000000000         2.0831187706         3.7536635486        19.4917564069
        2.9100049000         4.4000000000         2.0805664438         3.8276679949        19.4252690827
        2.9150058000         4.4000000000         2.0831187706         3.8940168088        19.4917564069
        2.9200079000         4.4000000000         2.0933280780         3.9858843974        19.7577057038
        2.9250065000         4.4000000000         2.0856710975         4.0445775789        19.5582437311
        2.9300079000         4.4000000000         2.0984327318         4.1287895351        19.8906803523
        2.9350061000         4.4000000000         2.0907757512         4.2002421039        19.6912183796
        2.9400037000         4.4000000000         2.0805664438         4.2716946728        19.4252690827
        2.9450064000         4.4000000000         2.0754617901         4.3482509965        19.2922944342
        2.9500073000         4.4000000000         2.0907757512         4.4324629527        19.6912183796
        2.9550062000         4.4000000000         2.0678048095         4.5090192765        19.0928324616
        2.9600074000         4.4000000000         2.0805664438         4.5779199678        19.4252690827
        2.9650069000         4.4000000000         2.0831187706         4.6595800465        19.4917564069
        2.9700072000         4.4000000000         2.0805664438         4.7361363703        19.4252690827
        2.9750057000         4.4000000000         2.0984327318         4.8229002039        19.8906803523
        2.9800053000         4.4000000000         2.0754617901         4.9020084051        19.2922944342
        2.9850048000         4.4000000000         2.0856710975         4.9734609740        19.5582437311
        2.9934714000         4.4000000000         2.0703571363         4.9964278711        19.1593197858
        2.9950120000         4.4000000000         2.0780141169         4.9913241162        19.3587817585
        3.0000088000         4.4000000000         2.0984327318         0.0049555613        19.8906803523
        3.0050069000         4.4000000000         2.0780141169         0.0024036839        19.3587817585
        3.0100041000         4.4000000000         2.0754617901         0.0457856007        19.2922944342
        3.0150250000         4.4000000000         2.0856710975         0.1274456793        19.5582437311
        3.0200069000         4.4000000000         2.0754617901         0.2091057580        19.2922944342
        3.0250063000         4.4000000000         2.0754617901         0.2780064494        19.2922944342
        3.0300049000         4.4000000000         2.0831187706         0.3520108957        19.4917564069
        3.0350059000         4.4000000000         2.0627001558         0.4234634646        18.9598578131
        3.0400029000         4.4000000000         2.0805664438         0.5051235433        19.4252690827
        3.0450775000         4.4000000000         2.0805664438         0.5893354994        19.4252690827
        3.0500129000         4.4000000000         2.0780141169         0.6531324359        19.3587817585
        3.0550079000         4.4000000000         2.0805664438         0.7322406371        19.4252690827
        3.0600069000         4.4000000000         2.0601478289         0.8113488384        18.8933704889
        3.0650082000         4.4000000000         2.0703571363         0.8725938974        19.1593197858
        3.0700096000         4.4000000000         2.0754617901         0.9568058535        19.2922944342
        3.0750073000         4.4000000000         2.0856710975         1.0333621773        19.5582437311
        3.0800610000         4.4000000000         2.0652524826         1.1048147461        19.0263451373
        3.0850070000         4.4000000000         2.0754617901         1.1788191925        19.2922944342
        3.0900591000         4.4000000000         2.0831187706         1.2553755162        19.4917564069
        3.0950388000         4.4000000000         2.0754617901         1.3268280851        19.2922944342
        3.1000078000         4.4000000000         2.0958804049         1.4059362863        19.8241930281
        3.1050045000         4.4000000000         2.0805664438         1.4748369777        19.4252690827
        3.1100068000         4.4000000000         2.0882234243         1.5564970564        19.6247310554
        3.1150041000         4.4000000000         2.0831187706         1.6228458703        19.4917564069
        3.1200061000         4.4000000000         2.0754617901         1.6968503166        19.2922944342
        3.1250067000         4.4000000000         2.0984327318         1.7708547629        19.8906803523
        3.1300060000         4.4000000000         2.0754617901         1.8397554543        19.2922944342
        3.1350130000         4.4000000000         2.0907757512         1.9239674105        19.6912183796
        3.1400051000         4.4000000000         2.0933280780         1.9954199793        19.7577057038
        3.1450059000         4.4000000000         2.0856710975         2.0668725482        19.5582437311
        3.1500056000         4.4000000000         2.0831187706         2.1357732396        19.4917564069
        3.1550062000         4.4000000000         2.0907757512         2.2174333183        19.6912183796
        3.1600059000         4.4000000000         2.0958804049         2.2990933970        19.8241930281
        3.1650060000         4.4000000000         2.0856710975         2.3679940883        19.5582437311
        3.1700033000         4.4000000000         2.0856710975         2.4471022896        19.5582437311
        3.1750041000         4.4000000000         2.0882234243         2.5211067359        19.6247310554
        3.1800047000         4.4000000000         2.0958804049         2.5976630597        19.8241930281
        3.1850039000         4.4000000000         2.0805664438         2.6640118736        19.4252690827
        3.1900048000         4.4000000000         2.0882234243         2.7431200748        19.6247310554
        3.1950036000         4.4000000000         2.0907757512         2.8171245211        19.6912183796
        3.2000048000         4.4000000000         2.0703571363         2.8911289674        19.1593197858
        3.2050071000         4.4000000000         2.0958804049         2.9702371687        19.8241930281
        3.2100067000         4.4000000000         2.0882234243         3.0442416150        19.6247310554
        3.2150047000         4.4000000000         2.0882234243         3.1182460613        19.6247310554
        3.2200045000         4.4000000000         2.0882234243         3.1948023851        19.6247310554
        3.2250049000         4.4000000000         2.0984327318         3.2713587088        19.8906803523
        3.2300046000         4.4000000000         2.0831187706         3.3453631551        19.4917564069
        3.2350045000         4.4000000000         2.0984327318         3.4219194789        19.8906803523
        3.2400050000         4.4000000000         2.0907757512         3.5035795576        19.6912183796
        3.2450042000         4.4000000000         2.0831187706         3.5648246166        19.4917564069
        3.2500062000         4.4000000000         2.1009850586         3.6490365728        19.9571676765
        3.2550074000         4.4000000000         2.0958804049         3.7332485289        19.8241930281
        3.2600052000         4.4000000000         2.1060897123         3.8072529752        20.0901423250
        3.2650047000         4.4000000000         2.0958804049         3.8761536666        19.8241930281
        3.2700070000         4.4000000000         2.0882234243         3.9501581129        19.6247310554
        3.2750046000         4.4000000000         2.0933280780         4.0165069269        19.7577057038
        3.2800072000         4.4000000000         2.0958804049         4.1058226379        19.8241930281
        3.2850097000         4.4000000000         2.0958804049         4.1772752068        19.8241930281
        3.2900055000         4.4000000000         2.0907757512         4.2589352855        19.6912183796
        3.2950049000         4.4000000000         2.0831187706         4.3227322219        19.4917564069
        3.3000033000         4.4000000000         2.0933280780         4.4120479330        19.7577057038
        3.3050032000         4.4000000000         2.1035373855         4.4886042568        20.0236550007
        3.3100071000         4.4000000000         2.0780141169         4.5524011933        19.3587817585
        3.3150059000         4.4000000000         2.0856710975         4.6366131494        19.5582437311
        3.3200060000         4.4000000000         2.0831187706         4.7080657183        19.4917564069
        3.3250059000         4.4000000000         2.0907757512         4.8024851842        19.6912183796
        3.3300040000         4.4000000000         2.0831187706         4.8739377531        19.4917564069
        3.3350056000         4.4000000000         2.0831187706         4.9479421994        19.4917564069
        3.3400046000         4.4000000000         2.0754617901         5.0066353810        19.2922944342
        3.3450057000         4.4000000000         2.0907757512         5.0142910133        19.6912183796
        3.3500040000         4.4000000000         2.0958804049         1.1175741334        19.8241930281
        3.3550040000         4.4000000000         2.0703571363        -0.0052519485        19.1593197858
        3.3600029000         4.4000000000         2.0907757512         0.0279224584        19.6912183796
        3.3650047000         4.4000000000         2.0754617901         0.0968231498        19.2922944342
        3.3700075000         4.4000000000         2.0729094632         0.1759313511        19.2258071100
        3.3750053000         4.4000000000         2.0882234243         0.2601433072        19.6247310554
        3.3800037000         4.4000000000         2.0831187706         0.3290439986        19.4917564069
        3.3850044000         4.4000000000         2.0729094632         0.4030484449        19.2258071100
        3.3900034000         4.4000000000         2.0780141169         0.4847085236        19.3587817585
        3.3950047000         4.4000000000         2.0703571363         0.5612648474        19.1593197858
        3.4000033000         4.4000000000         2.0703571363         0.6352692937        19.1593197858
        3.4050046000         4.4000000000         2.0882234243         0.7143774949        19.6247310554
        3.4100029000         4.4000000000         2.0831187706         0.7756225539        19.4917564069
        3.4150031000         4.4000000000         2.0703571363         0.8598345101        19.1593197858
        3.4200029000         4.4000000000         2.0780141169         0.9338389564        19.3587817585
        3.4250049000         4.4000000000         2.0831187706         1.0078434027        19.4917564069
        3.4300056000         4.4000000000         2.0831187706         1.0869516039        19.4917564069
        3.4350051000         4.4000000000         2.0805664438         1.1533004179        19.4252690827
        3.4400030000         4.4000000000         2.0831187706         1.2324086191        19.4917564069
        3.4450144000         4.4000000000         2.0805664438         1.3140686978        19.4252690827
        3.4500031000         4.4000000000         2.0882234243         1.3880731441        19.6247310554
        3.4550046000         4.4000000000         2.0729094632         1.4518700806        19.2258071100
        3.4600028000         4.4000000000         2.0907757512         1.5233226494        19.6912183796
        3.4650044000         4.4000000000         2.0856710975         1.6049827281        19.5582437311
        3.4700204000         4.4000000000         2.0754617901         1.6789871744        19.2922944342
        3.4750047000         4.4000000000         2.0933280780         1.7606472531        19.7577057038
        3.4800538000         4.4000000000         2.0856710975         1.8193404347        19.5582437311
        3.4850044000         4.4000000000         2.0882234243         1.9010005134        19.6247310554
        3.4900049000         4.4000000000         2.0907757512         1.9750049597        19.6912183796
        3.4950062000         4.4000000000         2.0907757512         2.0515612834        19.6912183796
        3.5000048000         4.4000000000         2.0856710975         2.1230138523        19.5582437311
        3.5050035000         4.4000000000         2.0856710975         2.2072258084        19.5582437311
        3.5100052000         4.4000000000         2.1035373855         2.2812302547        20.0236550007
        3.5150040000         4.4000000000         2.0601478289         2.3501309461        18.8933704889
        3.5200047000         4.4000000000         2.0805664438         2.4190316375        19.4252690827
        3.5250066000         4.4000000000         2.0933280780         2.5057954711        19.7577057038
        3.5300044000         4.4000000000         2.0958804049         2.5823517949        19.8241930281
        3.5350058000         4.4000000000         2.0907757512         2.6512524863        19.6912183796
        3.5400030000         4.4000000000         2.0958804049         2.7278088101        19.8241930281
        3.5450043000         4.4000000000         2.0882234243         2.7941576240        19.6247310554
        3.5500016000         4.4000000000         2.0754617901         2.8707139478        19.2922944342
        3.5550032000         4.4000000000         2.0856710975         2.9498221490        19.5582437311
        3.5600043000         4.4000000000         2.0933280780         3.0238265953        19.7577057038
        3.5650017000         4.4000000000         2.0805664438         3.0927272867        19.4252690827
        3.5700013000         4.4000000000         2.0831187706         3.1743873654        19.4917564069
        3.5750041000         4.4000000000         2.0933280780         3.2560474441        19.7577057038
        3.5800045000         4.4000000000         2.0780141169         3.3198443806        19.3587817585
        3.5850062000         4.4000000000         2.1035373855         3.4015044592        20.0236550007
        3.5900041000         4.4000000000         2.0856710975         3.4729570281        19.5582437311
        3.5950038000         4.4000000000         2.0882234243         3.5597208617        19.6247310554
        3.6000047000         4.4000000000         2.0907757512         3.6235177982        19.6912183796
        3.6050057000         4.4000000000         2.0780141169         3.7077297543        19.3587817585
        3.6100043000         4.4000000000         2.0907757512         3.7740785683        19.6912183796
        3.6150031000         4.4000000000         2.0933280780         3.8582905244        19.7577057038
        3.6200024000         4.4000000000         2.0907757512         3.9373987256        19.6912183796
        3.6250034000         4.4000000000         2.0754617901         4.0011956621        19.2922944342
        3.6300024000         4.4000000000         2.0882234243         4.0803038633        19.6247310554
        3.6350048000         4.4000000000         2.0831187706         4.1517564322        19.4917564069
        3.6400041000         4.4000000000         2.0882234243         4.2283127560        19.6247310554
        3.6450056000         4.4000000000         2.0831187706         4.2997653248        19.4917564069
        3.6500036000         4.4000000000         2.0729094632         4.3788735260        19.2258071100
        3.6550035000         4.4000000000         2.0984327318         4.4681892371        19.8906803523
        3.6600067000         4.4000000000         2.0856710975         4.5370899285        19.5582437311
        3.6650039000         4.4000000000         2.0780141169         4.6136462523        19.3587817585
        3.6700051000         4.4000000000         2.0882234243         4.6927544535        19.6247310554
        3.6750034000         4.4000000000         2.0754617901         4.7642070224        19.2922944342
        3.6800016000         4.4000000000         2.0703571363         4.8407633461        19.1593197858
        3.6850029000         4.4000000000         2.0984327318         4.9249753023        19.8906803523
        3.6900049000         4.4000000000         2.0831187706         5.0091872584        19.4917564069
        3.6950042000         4.4000000000         2.0780141169         5.0066353810        19.3587817585
        3.7000049000         4.4000000000         2.0882234243         1.1073666236        19.6247310554
        3.7050044000         4.4000000000         2.0780141169        -0.0001481936        19.3587817585
        3.7100059000         4.4000000000         2.0856710975         0.0024036839        19.5582437311
        3.7150065000         4.4000000000         2.0933280780         0.0815118851        19.7577057038
        3.7200070000         4.4000000000         2.0754617901         0.1504125765        19.2922944342
        3.7250053000         4.4000000000         2.0754617901         0.2295207777        19.2922944342
        3.7300064000         4.4000000000         2.0805664438         0.3086289789        19.4252690827
        3.7350055000         4.4000000000         2.0754617901         0.3851853027        19.2922944342
        3.7400054000         4.4000000000         2.0729094632         0.4591897490        19.2258071100
        3.7450109000         4.4000000000         2.0805664438         0.5434017052        19.4252690827
        3.7500142000         4.4000000000         2.0627001558         0.6046467642        18.9598578131
        3.7550054000         4.4000000000         2.0729094632         0.6786512105        19.2258071100
        3.7600089000         4.4000000000         2.0856710975         0.7679669216        19.5582437311
        3.7650038000         4.4000000000         2.0703571363         0.8317638580        19.1593197858
        3.7700060000         4.4000000000         2.0882234243         0.9108720593        19.6247310554
        3.7750062000         4.4000000000         2.0780141169         0.9925321379        19.3587817585
        3.7800050000         4.4000000000         2.0678048095         1.0537771970        19.0928324616
        3.7850088000         4.4000000000         2.0907757512         1.1430929080        19.6912183796
        3.7900067000         4.4000000000         2.0754617901         1.2043379670        19.2922944342
        3.7950072000         4.4000000000         2.0780141169         1.2911018006        19.3587817585
        3.8000088000         4.4000000000         2.0754617901         1.3497949822        19.2922944342
        3.8050140000         4.4000000000         2.0780141169         1.4237994285        19.3587817585
        3.8100059000         4.4000000000         2.0703571363         1.5003557523        19.1593197858
        3.8150136000         4.4000000000         2.0958804049         1.5845677084        19.8241930281
        3.8200072000         4.4000000000         2.0984327318         1.6611240322        19.8906803523
        3.8250074000         4.4000000000         2.0856710975         1.7223690912        19.5582437311
        3.8300077000         4.4000000000         2.0907757512         1.8065810474        19.6912183796
        3.8350062000         4.4000000000         2.0933280780         1.8780336162        19.7577057038
        3.8400054000         4.4000000000         2.0856710975         1.9520380625        19.5582437311
        3.8450068000         4.4000000000         2.0958804049         2.0285943863        19.8241930281
        3.8500041000         4.4000000000         2.0831187706         2.0974950777        19.4917564069
        3.8550051000         4.4000000000         2.0754617901         2.1689476465        19.2922944342
        3.8600042000         4.4000000000         2.0882234243         2.2404002154        19.6247310554
        3.8650107000         4.4000000000         2.0856710975         2.3297159265        19.5582437311
        3.8700060000         4.4000000000         2.0882234243         2.4037203728        19.6247310554
        3.8750117000         4.4000000000         2.0933280780         2.4751729416        19.7577057038
        3.8800362000         4.4000000000         2.0703571363         2.5568330203        19.1593197858
        3.8850130000         4.4000000000         2.0805664438         2.6180780793        19.4252690827
        3.8900047000         4.4000000000         2.0933280780         2.6920825256        19.7577057038
        3.8950045000         4.4000000000         2.1009850586         2.7737426043        19.9571676765
        3.9000038000         4.4000000000         2.0882234243         2.8528508056        19.6247310554
        3.9050029000         4.4000000000         2.0958804049         2.9319590068        19.8241930281
        3.9100058000         4.4000000000         2.0958804049         2.9983078207        19.8241930281
        3.9150050000         4.4000000000         2.0958804049         3.0774160220        19.8241930281
        3.9200040000         4.4000000000         2.1009850586         3.1565242232        19.9571676765
        3.9250050000         4.4000000000         2.0958804049         3.2305286695        19.8241930281
        3.9300053000         4.4000000000         2.0882234243         3.3045331158        19.6247310554
        3.9350047000         4.4000000000         2.0907757512         3.3734338072        19.6912183796
        3.9400259000         4.4000000000         2.0907757512         3.4525420084        19.6912183796
        3.9450053000         4.4000000000         2.0984327318         3.5367539646        19.8906803523
        3.9500043000         4.4000000000         2.0933280780         3.6082065334        19.7577057038
        3.9550049000         4.4000000000         2.0856710975         3.6822109797        19.5582437311
        3.9600033000         4.4000000000         2.0805664438         3.7536635486        19.4252690827
        3.9650068000         4.4000000000         2.0805664438         3.8276679949        19.4252690827
        3.9700033000         4.4000000000         2.0907757512         3.8991205638        19.6912183796
        3.9750062000         4.4000000000         2.0754617901         3.9833325199        19.2922944342
        3.9800060000         4.4000000000         2.0805664438         4.0522332113        19.4252690827
        3.9850077000         4.4000000000         2.0907757512         4.1338932900        19.6912183796
        3.9900064000         4.4000000000         2.0856710975         4.2104496138        19.5582437311
        3.9950050000         4.4000000000         2.0984327318         4.2895578150        19.8906803523
        4.0000090000         4.4000000000         2.0805664438         4.3635622613        19.4252690827
        4.0050070000         4.4000000000         2.0907757512         4.4426704625        19.6912183796
        4.0100067000         4.4000000000         2.0856710975         4.5141230314        19.5582437311
        4.0150061000         4.4000000000         2.0780141169         4.5881274777        19.3587817585
        4.0200053000         4.4000000000         2.0882234243         4.6595800465        19.6247310554
        4.0250060000         4.4000000000         2.0780141169         4.7437920027        19.3587817585
        4.0300076000         4.4000000000         2.0882234243         4.8254520814        19.6247310554
        4.0350067000         4.4000000000         2.0907757512         4.9045602826        19.6912183796
        4.0400067000         4.4000000000         2.0729094632         4.9760128515        19.2258071100
        4.0450066000         4.4000000000         2.0831187706         5.0066353810        19.4917564069
        4.0500062000         4.4000000000         2.0805664438         4.9836684838        19.4252690827
        4.0550085000         4.4000000000         2.0780141169         0.0024036839        19.3587817585
        4.0600055000         4.4000000000         2.0729094632         0.0024036839        19.2258071100
        4.0650073000         4.4000000000         2.0499385215         0.0457856007        18.6274211920
        4.0700070000         4.4000000000         2.0703571363         0.1197900470        19.1593197858
        4.0750073000         4.4000000000         2.0703571363         0.1988982482        19.1593197858
        4.0800059000         4.4000000000         2.0780141169         0.2754545720        19.3587817585
        4.0850055000         4.4000000000         2.0627001558         0.3443552634        18.9598578131
        4.0900085000         4.4000000000         2.0652524826         0.4209115871        19.0263451373
        4.0950049000         4.4000000000         2.0780141169         0.5051235433        19.3587817585
        4.1000070000         4.4000000000         2.0856710975         0.5867836220        19.5582437311
        4.1050076000         4.4000000000         2.0754617901         0.6531324359        19.2922944342
        4.1100064000         4.4000000000         2.0780141169         0.7271368822        19.3587817585
        4.1150066000         4.4000000000         2.0805664438         0.8036932060        19.4252690827
        4.1200065000         4.4000000000         2.0754617901         0.8802495297        19.2922944342
        4.1250055000         4.4000000000         2.0780141169         0.9568058535        19.3587817585
        4.1300058000         4.4000000000         2.0856710975         1.0359140547        19.5582437311
        4.1350076000         4.4000000000         2.0754617901         1.0997109912        19.2922944342
        4.1400067000         4.4000000000         2.0856710975         1.1813710699        19.5582437311
        4.1450056000         4.4000000000         2.0907757512         1.2579273937        19.6912183796
        4.1500062000         4.4000000000         2.0882234243         1.3319318400        19.6247310554
        4.1550037000         4.4000000000         2.0907757512         1.4008325314        19.6912183796
        4.1600065000         4.4000000000         2.0805664438         1.4824926101        19.4252690827
        4.1650050000         4.4000000000         2.0780141169         1.5462895465        19.3587817585
        4.1700058000         4.4000000000         2.0882234243         1.6202939929        19.6247310554
        4.1750055000         4.4000000000         2.0754617901         1.6917465617        19.2922944342
        4.1800062000         4.4000000000         2.0958804049         1.7734066404        19.8241930281
        4.1850043000         4.4000000000         2.0780141169         1.8397554543        19.3587817585
        4.1900064000         4.4000000000         2.0652524826         1.9086561457        19.0263451373
        4.1950043000         4.4000000000         2.0831187706         1.9877643470        19.4917564069
        4.2000076000         4.4000000000         2.0933280780         2.0668725482        19.7577057038
        4.2050072000         4.4000000000         2.0882234243         2.1408769945        19.6247310554
        4.2100065000         4.4000000000         2.0831187706         2.2097776859        19.4917564069
        4.2150050000         4.4000000000         2.0678048095         2.2812302547        19.0928324616
        4.2200110000         4.4000000000         2.0805664438         2.3603384560        19.4252690827
        4.2250050000         4.4000000000         2.0958804049         2.4368947797        19.8241930281
        4.2300139000         4.4000000000         2.0856710975         2.5134511035        19.5582437311
        4.2350063000         4.4000000000         2.0882234243         2.5900074273        19.6247310554
        4.2400045000         4.4000000000         2.0958804049         2.6691156285        19.8241930281
        4.2451187000         4.4000000000         2.0958804049         2.7456719523        19.8241930281
        4.2500062000         4.4000000000         2.1009850586         2.8196763986        19.9571676765
        4.2552831000         4.4000000000         2.0882234243         2.8936808449        19.6247310554
        4.2600122000         4.4000000000         2.0984327318         2.9702371687        19.8906803523
        4.2650581000         4.4000000000         2.0984327318         3.0442416150        19.8906803523
        4.2700144000         4.4000000000         2.0907757512         3.1131423064        19.6912183796
        4.2750062000         4.4000000000         2.0958804049         3.1896986301        19.8241930281
        4.2800072000         4.4000000000         2.0958804049         3.2688068314        19.8241930281
        4.2850144000         4.4000000000         2.0831187706         3.3402594002        19.4917564069
        4.2900078000         4.4000000000         2.0907757512         3.4142638465        19.6912183796
        4.2950107000         4.4000000000         2.0856710975         3.4882682929        19.5582437311
        4.3000074000         4.4000000000         2.0907757512         3.5571689842        19.6912183796
        4.3050103000         4.4000000000         2.0958804049         3.6439328179        19.8241930281
        4.3100070000         4.4000000000         2.0933280780         3.7230410191        19.7577057038
        4.3150038000         4.4000000000         2.0856710975         3.7868379556        19.5582437311
        4.3200081000         4.4000000000         2.1009850586         3.8710499117        19.9571676765
        4.3250058000         4.4000000000         2.0882234243         3.9450543580        19.6247310554
        4.3300040000         4.4000000000         2.0907757512         4.0190588043        19.6912183796
        4.3350130000         4.4000000000         2.0831187706         4.0905113732        19.4917564069
        4.3400063000         4.4000000000         2.0882234243         4.1696195744        19.6247310554
        4.3450105000         4.4000000000         2.0882234243         4.2410721433        19.6247310554
        4.3500065000         4.4000000000         2.0907757512         4.3227322219        19.6912183796
        4.3550103000         4.4000000000         2.0907757512         4.3992885457        19.6912183796
        4.3600085000         4.4000000000         2.0754617901         4.4732929920        19.2922944342
        4.3650121000         4.4000000000         2.0805664438         4.5524011933        19.4252690827
        4.3700080000         4.4000000000         2.0984327318         4.6340612719        19.8906803523
        4.3750050000         4.4000000000         2.1009850586         4.7131694732        19.9571676765
        4.3800054000         4.4000000000         2.0933280780         4.7871739195        19.7577057038
        4.3850054000         4.4000000000         2.0907757512         4.8688339982        19.6912183796
        4.3900060000         4.4000000000         2.0984327318         4.9555978318        19.8906803523
        4.3950047000         4.4000000000         2.0805664438         5.0091872584        19.4252690827
        4.4000060000         4.4000000000         2.0882234243         5.0040835035        19.6247310554
        4.4050125000         4.4000000000         2.0805664438         1.1022628687        19.4252690827
        4.4100038000         4.4000000000         2.0805664438         0.0024036839        19.4252690827
        4.4150128000         4.4000000000         2.0882234243         0.0228187035        19.6247310554
        4.4200069000         4.4000000000         2.0933280780         0.0993750273        19.7577057038
        4.4250061000         4.4000000000         2.0780141169         0.1657238412        19.3587817585
        4.4300072000         4.4000000000         2.0627001558         0.2550395523        18.9598578131
        4.4350046000         4.4000000000         2.0780141169         0.3239402437        19.3587817585
        4.4400065000         4.4000000000         2.0805664438         0.4056003224        19.4252690827
        4.4450128000         4.4000000000         2.0805664438         0.4770528912        19.4252690827
        4.4500034000         4.4000000000         2.0831187706         0.5612648474        19.4917564069
        4.4550051000         4.4000000000         2.0882234243         0.6276136613        19.6247310554
        4.4600041000         4.4000000000         2.0729094632         0.7016181076        19.2258071100
        4.4650048000         4.4000000000         2.0729094632         0.7730706765        19.2258071100
        4.4700028000         4.4000000000         2.0805664438         0.8598345101        19.4252690827
        4.4750050000         4.4000000000         2.0729094632         0.9236314466        19.2258071100
        4.4800037000         4.4000000000         2.0882234243         1.0052915252        19.6247310554
        4.4850050000         4.4000000000         2.0831187706         1.0843997265        19.4917564069
        4.4900051000         4.4000000000         2.0780141169         1.1660598052        19.3587817585
        4.4950049000         4.4000000000         2.0831187706         1.2273048642        19.4917564069
        4.5000032000         4.4000000000         2.0805664438         1.3064130654        19.4252690827
        4.5050043000         4.4000000000         2.0856710975         1.3778656343        19.5582437311
        4.5100028000         4.4000000000         2.0780141169         1.4518700806        19.3587817585
        4.5150030000         4.4000000000         2.0805664438         1.5258745269        19.4252690827
        4.5200038000         4.4000000000         2.0754617901         1.6024308506        19.2922944342
        4.5250029000         4.4000000000         2.0805664438         1.6789871744        19.4252690827
        4.5300043000         4.4000000000         2.0907757512         1.7427841109        19.6912183796
        4.5350041000         4.4000000000         2.0831187706         1.8193404347        19.4917564069
        4.5400019000         4.4000000000         2.0754617901         1.8907930035        19.2922944342
        4.5450025000         4.4000000000         2.0856710975         1.9724530822        19.5582437311
        4.5500029000         4.4000000000         2.0831187706         2.0439056511        19.4917564069
        4.5550059000         4.4000000000         2.0933280780         2.1179100974        19.7577057038
        4.5600040000         4.4000000000         2.0856710975         2.1995701761        19.5582437311
        4.5650027000         4.4000000000         2.0856710975         2.2684708674        19.5582437311
        4.5700038000         4.4000000000         2.0780141169         2.3424753138        19.3587817585
        4.5750070000         4.4000000000         2.0907757512         2.4113760052        19.6912183796
        4.5800043000         4.4000000000         2.0933280780         2.4955879613        19.7577057038
        4.5850045000         4.4000000000         2.0907757512         2.5670405302        19.6912183796
        4.5900051000         4.4000000000         2.0882234243         2.6461487314        19.6247310554
        4.5950029000         4.4000000000         2.1009850586         2.7252569326        19.9571676765
        4.6000043000         4.4000000000         2.0907757512         2.7941576240        19.6912183796
        4.6050028000         4.4000000000         2.0907757512         2.8681620703        19.6912183796
        4.6100047000         4.4000000000         2.1035373855         2.9447183941        20.0236550007
        4.6150058000         4.4000000000         2.0856710975         3.0136190855        19.5582437311
        4.6200048000         4.4000000000         2.0805664438         3.0952791642        19.4252690827
        4.6250027000         4.4000000000         2.0856710975         3.1667317330        19.5582437311
        4.6300050000         4.4000000000         2.0958804049         3.2458399342        19.8241930281
        4.6350059000         4.4000000000         2.0805664438         3.3249481355        19.4252690827
        4.6400055000         4.4000000000         2.1086420392         3.4040563367        20.1566296492
        4.6450042000         4.4000000000         2.0856710975         3.4831645379        19.5582437311
        4.6500058000         4.4000000000         2.0907757512         3.5495133519        19.6912183796
        4.6550032000         4.4000000000         2.1035373855         3.6286215531        20.0236550007
        4.6600021000         4.4000000000         2.0831187706         3.7026259994        19.4917564069
        4.6650067000         4.4000000000         2.0856710975         3.7689748133        19.5582437311
        4.6700029000         4.4000000000         2.0882234243         3.8531867695        19.6247310554
        4.6750022000         4.4000000000         2.0805664438         3.9271912158        19.4252690827
        4.6800046000         4.4000000000         2.0907757512         4.0088512945        19.6912183796
        4.6850042000         4.4000000000         2.0907757512         4.0854076183        19.6912183796
        4.6900019000         4.4000000000         2.0882234243         4.1492045547        19.6247310554
        4.6950044000         4.4000000000         2.0856710975         4.2257608785        19.5582437311
        4.7000019000         4.4000000000         2.0907757512         4.3023172023        19.6912183796
        4.7050021000         4.4000000000         2.0907757512         4.3763216486        19.6912183796
        4.7100046000         4.4000000000         2.1035373855         4.4630854822        20.0236550007
        4.7150040000         4.4000000000         2.0907757512         4.5294342961        19.6912183796
        4.7200058000         4.4000000000         2.0805664438         4.6059906199        19.4252690827
        4.7250041000         4.4000000000         2.0907757512         4.6876506986        19.6912183796
        4.7300045000         4.4000000000         2.0882234243         4.7718626547        19.6247310554
        4.7350025000         4.4000000000         2.0856710975         4.8407633461        19.5582437311
        4.7400042000         4.4000000000         2.1009850586         4.9300790572        19.9571676765
        4.7450066000         4.4000000000         2.0754617901         4.9964278711        19.2922944342
        4.7500074000         4.4000000000         2.0780141169         5.0066353810        19.3587817585
        4.7550042000         4.4000000000         2.0882234243         1.1099185011        19.6247310554
        4.7600052000         4.4000000000         2.0907757512         0.0075074388        19.6912183796
        4.7650043000         4.4000000000         2.0754617901        -0.0052519485        19.2922944342
        4.7700067000         4.4000000000         2.0907757512         0.0764081302        19.6912183796
        4.7750066000         4.4000000000         2.0754617901         0.1427569441        19.2922944342
        4.7800054000         4.4000000000         2.0780141169         0.2269689002        19.3587817585
        4.7850045000         4.4000000000         2.0703571363         0.3009733466        19.1593197858
        4.7900056000         4.4000000000         2.0780141169         0.3749777929        19.3587817585
        4.7950056000         4.4000000000         2.0729094632         0.4617416265        19.2258071100
        4.8000054000         4.4000000000         2.0780141169         0.5306423179        19.3587817585
        4.8050052000         4.4000000000         2.0831187706         0.6123023966        19.4917564069
        4.8100042000         4.4000000000         2.0831187706         0.6812030879        19.4917564069
        4.8150025000         4.4000000000         2.0907757512         0.7603112892        19.6912183796
        4.8200058000         4.4000000000         2.0678048095         0.8317638580        19.0928324616
        4.8250084000         4.4000000000         2.0754617901         0.9108720593        19.2922944342
        4.8300062000         4.4000000000         2.0805664438         0.9848765056        19.4252690827
        4.8350064000         4.4000000000         2.0805664438         1.0563290744        19.4252690827
        4.8400041000         4.4000000000         2.0729094632         1.1252297658        19.2258071100
        4.8450051000         4.4000000000         2.0678048095         1.1992342121        19.0928324616
        4.8500066000         4.4000000000         2.0780141169         1.2757905359        19.3587817585
        4.8550058000         4.4000000000         2.0729094632         1.3497949822        19.2258071100
        4.8600068000         4.4000000000         2.0729094632         1.4212475511        19.2258071100
        4.8650063000         4.4000000000         2.0882234243         1.4927001199        19.6247310554
        4.8700060000         4.4000000000         2.0754617901         1.5718083211        19.2922944342
        4.8750065000         4.4000000000         2.0780141169         1.6458127674        19.3587817585
        4.8800050000         4.4000000000         2.0907757512         1.7198172138        19.6912183796
        4.8850063000         4.4000000000         2.0958804049         1.7912697826        19.8241930281
        4.8900064000         4.4000000000         2.0550431752         1.8652742289        18.7603958404
        4.8950067000         4.4000000000         2.0805664438         1.9418305527        19.4252690827
        4.9000055000         4.4000000000         2.0831187706         2.0158349990        19.4917564069
        4.9050064000         4.4000000000         2.0882234243         2.0898394453        19.6247310554
        4.9100074000         4.4000000000         2.0805664438         2.1561882593        19.4252690827
        4.9150075000         4.4000000000         2.0856710975         2.2352964605        19.5582437311
        4.9200069000         4.4000000000         2.0958804049         2.3220602941        19.8241930281
        4.9250080000         4.4000000000         2.0882234243         2.3935128629        19.6247310554
        4.9300076000         4.4000000000         2.1009850586         2.4777248191        19.9571676765
        4.9350136000         4.4000000000         2.0958804049         2.5491773879        19.8241930281
        4.9400044000         4.4000000000         2.0907757512         2.6180780793        19.6912183796
        4.9450062000         4.4000000000         2.0958804049         2.6895306482        19.8241930281
        4.9500057000         4.4000000000         2.0933280780         2.7788463592        19.7577057038
        4.9550028000         4.4000000000         2.0907757512         2.8451951732        19.6912183796
        4.9600046000         4.4000000000         2.0882234243         2.9217514970        19.6247310554
        4.9650051000         4.4000000000         2.0958804049         2.9983078207        19.8241930281
        4.9700156000         4.4000000000         2.0907757512         3.0723122670        19.6912183796
        4.9750110000         4.4000000000         2.0933280780         3.1488685908        19.7577057038
        4.9800095000         4.4000000000         2.0856710975         3.2203211597        19.5582437311
        4.9850131000         4.4000000000         2.0882234243         3.3019812383        19.6247310554
        4.9900069000         4.4000000000         2.0984327318         3.3734338072        19.8906803523
        4.9950062000         4.4000000000         2.0907757512         3.4474382535        19.6912183796
        5.0000117000         4.4000000000         2.0882234243         3.5316502097        19.6247310554
        5.0050036000         4.4000000000         2.0907757512         3.5979990236        19.6912183796
        5.0100061000         4.4000000000         2.0856710975         3.6745553474        19.5582437311
        5.0150103000         4.4000000000         2.0984327318         3.7511116711        19.8906803523
        5.0200064000         4.4000000000         2.0805664438         3.8225642400        19.4252690827
        5.0250089000         4.4000000000         2.0907757512         3.9016724412        19.6912183796
        5.0300072000         4.4000000000         2.0907757512         3.9756768875        19.6912183796
        5.0350038000         4.4000000000         2.0805664438         4.0471294564        19.4252690827
        5.0400062000         4.4000000000         2.1060897123         4.1262376576        20.0901423250
        5.0450074000         4.4000000000         2.0831187706         4.1925864715        19.4917564069
        5.0500061000         4.4000000000         2.0831187706         4.2742465502        19.4917564069
        5.0550064000         4.4000000000         2.0780141169         4.3533547515        19.3587817585
        5.0600099000         4.4000000000         2.0882234243         4.4350148301        19.6247310554
        5.0650056000         4.4000000000         2.0882234243         4.5090192765        19.6247310554
        5.0700050000         4.4000000000         2.0958804049         4.5881274777        19.8241930281
        5.0750075000         4.4000000000         2.0703571363         4.6544762916        19.1593197858
        5.0800094000         4.4000000000         2.0729094632         4.7437920027        19.2258071100
        5.0850060000         4.4000000000         2.0907757512         4.8229002039        19.6912183796
        5.0900072000         4.4000000000         2.0856710975         4.8892490178        19.5582437311
        5.0950062000         4.4000000000         2.0805664438         4.9683572191        19.4252690827
        5.1000073000         4.4000000000         2.0780141169         5.0066353810        19.3587817585
        5.1050071000         4.4000000000         2.0780141169         5.0015316260        19.3587817585
        5.1100068000         4.4000000000         2.0780141169        -0.0027000711        19.3587817585
        5.1150078000         4.4000000000         2.0780141169         0.0024036839        19.3587817585
        5.1200062000         4.4000000000         2.0805664438         0.0406818457        19.4252690827
        5.1250047000         4.4000000000         2.0805664438         0.1172381695        19.4252690827
        5.1300067000         4.4000000000         2.0601478289         0.1912426158        18.8933704889
        5.1350067000         4.4000000000         2.0780141169         0.2754545720        19.3587817585
        5.1400060000         4.4000000000         2.0780141169         0.3443552634        19.3587817585
        5.1450039000         4.4000000000         2.0780141169         0.4311190970        19.3587817585
        5.1500060000         4.4000000000         2.0780141169         0.5025716658        19.3587817585
        5.1550051000         4.4000000000         2.0780141169         0.5765761121        19.3587817585
        5.1600089000         4.4000000000         2.0703571363         0.6531324359        19.1593197858
        5.1650071000         4.4000000000         2.0729094632         0.7220331273        19.2258071100
        5.1700069000         4.4000000000         2.0882234243         0.8062450834        19.6247310554
        5.1750067000         4.4000000000         2.0652524826         0.8725938974        19.0263451373
        5.1800057000         4.4000000000         2.0703571363         0.9465983437        19.1593197858
        5.1850037000         4.4000000000         2.0729094632         1.0257065449        19.2258071100
        5.1900068000         4.4000000000         2.0729094632         1.1022628687        19.2258071100
        5.1950066000         4.4000000000         2.0907757512         1.1788191925        19.6912183796
        5.2000066000         4.4000000000         2.0729094632         1.2553755162        19.2258071100
        5.2050068000         4.4000000000         2.0703571363         1.3242762076        19.1593197858
        5.2100055000         4.4000000000         2.0856710975         1.4033844088        19.5582437311
        5.2150047000         4.4000000000         2.0780141169         1.4620775904        19.3587817585
        5.2200064000         4.4000000000         2.0831187706         1.5437376691        19.4917564069
        5.2250083000         4.4000000000         2.0831187706         1.6100864830        19.4917564069
        5.2300065000         4.4000000000         2.0831187706         1.6891946843        19.4917564069
        5.2350062000         4.4000000000         2.0882234243         1.7734066404        19.6247310554
        5.2400075000         4.4000000000         2.0856710975         1.8346516994        19.5582437311
        5.2450072000         4.4000000000         2.0754617901         1.9086561457        19.2922944342
        5.2500044000         4.4000000000         2.0856710975         1.9852124695        19.5582437311
        5.2550070000         4.4000000000         2.0907757512         2.0617687933        19.6912183796
        5.2600057000         4.4000000000         2.0831187706         2.1357732396        19.4917564069
        5.2650063000         4.4000000000         2.0882234243         2.2174333183        19.6247310554
        5.2700064000         4.4000000000         2.0933280780         2.2888858871        19.7577057038
        5.2750075000         4.4000000000         2.0856710975         2.3628903334        19.5582437311
        5.2800044000         4.4000000000         2.0831187706         2.4317910248        19.4917564069
        5.2850068000         4.4000000000         2.0856710975         2.5108992261        19.5582437311
        5.2900052000         4.4000000000         2.0933280780         2.5849036724        19.7577057038
        5.2951345000         4.4000000000         2.0856710975         2.6640118736        19.5582437311
        5.3000043000         4.4000000000         2.0856710975         2.7303606875        19.5582437311
        5.3050104000         4.4000000000         2.0780141169         2.8094688888        19.3587817585
        5.3100038000         4.4000000000         2.0831187706         2.8885770900        19.4917564069
        5.3150060000         4.4000000000         2.0831187706         2.9549259039        19.4917564069
        5.3200060000         4.4000000000         2.0882234243         3.0442416150        19.6247310554
        5.3250062000         4.4000000000         2.0882234243         3.1131423064        19.6247310554
        5.3300039000         4.4000000000         2.0831187706         3.1820429978        19.4917564069
        5.3350094000         4.4000000000         2.0882234243         3.2611511990        19.6247310554
        5.3400059000         4.4000000000         2.0856710975         3.3402594002        19.5582437311
        5.3450115000         4.4000000000         2.0882234243         3.4066082142        19.6247310554
        5.3500095000         4.4000000000         2.0882234243         3.4882682929        19.6247310554
        5.3550036000         4.4000000000         2.0780141169         3.5546171068        19.3587817585
        5.3600057000         4.4000000000         2.1009850586         3.6439328179        19.9571676765
        5.3650048000         4.4000000000         2.0805664438         3.7230410191        19.4252690827
        5.3700030000         4.4000000000         2.0933280780         3.7944935879        19.7577057038
        5.3750046000         4.4000000000         2.1009850586         3.8684980342        19.9571676765
        5.3800036000         4.4000000000         2.0780141169         3.9373987256        19.3587817585
        5.3850052000         4.4000000000         2.0831187706         4.0062994170        19.4917564069
        5.3900056000         4.4000000000         2.0780141169         4.0879594957        19.3587817585
        5.3950053000         4.4000000000         2.0907757512         4.1670676969        19.6912183796
        5.4000043000         4.4000000000         2.0984327318         4.2385202658        19.8906803523
        5.4050046000         4.4000000000         2.0856710975         4.3099728347        19.5582437311
        5.4100033000         4.4000000000         2.0703571363         4.3839772810        19.1593197858
        5.4150049000         4.4000000000         2.0907757512         4.4630854822        19.6912183796
        5.4200031000         4.4000000000         2.0780141169         4.5396418060        19.3587817585
        5.4250047000         4.4000000000         2.0831187706         4.6110943748        19.4917564069
        5.4300037000         4.4000000000         2.0831187706         4.6953063310        19.4917564069
        5.4350068000         4.4000000000         2.0729094632         4.7718626547        19.2258071100
        5.4400068000         4.4000000000         2.0754617901         4.8484189785        19.2922944342
        5.4450064000         4.4000000000         2.0856710975         4.9351828121        19.5582437311
        5.4500057000         4.4000000000         2.0933280780         5.0091872584        19.7577057038
        5.4550043000         4.4000000000         2.0805664438         5.0142910133        19.4252690827
        5.4600055000         4.4000000000         2.0754617901         1.1073666236        19.2922944342
        5.4650052000         4.4000000000         2.0780141169        -0.0052519485        19.3587817585
        5.4700027000         4.4000000000         2.0652524826        -0.0001481936        19.0263451373
        5.4750054000         4.4000000000         2.0754617901         0.0738562527        19.2922944342
        5.4800033000         4.4000000000         2.0754617901         0.1529644539        19.2922944342
        5.4850048000         4.4000000000         2.0627001558         0.2295207777        18.9598578131
        5.4900228000         4.4000000000         2.0780141169         0.3111808564        19.3587817585
        5.4950054000         4.4000000000         2.0754617901         0.3749777929        19.2922944342
        5.5000055000         4.4000000000         2.0678048095         0.4540859941        19.0928324616
        5.5050057000         4.4000000000         2.0907757512         0.5382979502        19.6912183796
        5.5100075000         4.4000000000         2.0678048095         0.6123023966        19.0928324616
        5.5150046000         4.4000000000         2.0652524826         0.6786512105        19.0263451373
        5.5200069000         4.4000000000         2.0831187706         0.7603112892        19.4917564069
        5.5250064000         4.4000000000         2.0703571363         0.8266601031        19.1593197858
        5.5300063000         4.4000000000         2.0754617901         0.9032164269        19.2922944342
        5.5350047000         4.4000000000         2.0601478289         0.9695652408        18.8933704889
        5.5400089000         4.4000000000         2.0703571363         1.0537771970        19.1593197858
        5.5450048000         4.4000000000         2.0703571363         1.1277816433        19.1593197858
        5.5500063000         4.4000000000         2.0856710975         1.2068898445        19.5582437311
        5.5550056000         4.4000000000         2.0780141169         1.2757905359        19.3587817585
        5.5600065000         4.4000000000         2.0805664438         1.3446912273        19.4252690827
        5.5650053000         4.4000000000         2.0448338678         1.4263513060        18.4944465435
        5.5700058000         4.4000000000         2.0805664438         1.4952519974        19.4252690827
        5.5750056000         4.4000000000         2.0780141169         1.5692564437        19.3587817585
        5.5800057000         4.4000000000         2.0831187706         1.6381571351        19.4917564069
        5.5850062000         4.4000000000         2.0831187706         1.7198172138        19.4917564069
        5.5900065000         4.4000000000         2.0882234243         1.7836141502        19.6247310554
        5.5950035000         4.4000000000         2.0678048095         1.8550667191        19.0928324616
        5.6000048000         4.4000000000         2.0805664438         1.9341749203        19.4252690827
        5.6050062000         4.4000000000         2.0882234243         2.0005237343        19.6247310554
        5.6100058000         4.4000000000         2.0754617901         2.0796319355        19.2922944342
        5.6150081000         4.4000000000         2.0729094632         2.1561882593        19.2258071100
        5.6200061000         4.4000000000         2.0831187706         2.2225370732        19.4917564069
        5.6250070000         4.4000000000         2.0933280780         2.3118527843        19.7577057038
        5.6300048000         4.4000000000         2.0805664438         2.3807534756        19.4252690827
        5.6350042000         4.4000000000         2.0627001558         2.4547579220        18.9598578131
        5.6400070000         4.4000000000         2.0754617901         2.5313142457        19.2922944342
        5.6450048000         4.4000000000         2.0729094632         2.6002149371        19.2258071100
        5.6500047000         4.4000000000         2.0882234243         2.6742193834        19.6247310554
        5.6550035000         4.4000000000         2.0882234243         2.7584313396        19.6247310554
        5.6600050000         4.4000000000         2.0805664438         2.8222282761        19.4252690827
        5.6650060000         4.4000000000         2.0805664438         2.9013364773        19.4252690827
        5.6700051000         4.4000000000         2.0831187706         2.9753409236        19.4917564069
        5.6750054000         4.4000000000         2.0907757512         3.0570010023        19.6912183796
        5.6800047000         4.4000000000         2.0882234243         3.1233498162        19.6247310554
        5.6850049000         4.4000000000         2.0907757512         3.2075617724        19.6912183796
        5.6900056000         4.4000000000         2.0984327318         3.2866699736        19.8906803523
        5.6950034000         4.4000000000         2.0907757512         3.3632262974        19.6912183796
        5.7000048000         4.4000000000         2.0933280780         3.4346788662        19.7577057038
        5.7050033000         4.4000000000         2.0882234243         3.5061314351        19.6247310554
        5.7100047000         4.4000000000         2.0933280780         3.5775840039        19.7577057038
        5.7150069000         4.4000000000         2.0678048095         3.6668997150        19.0928324616
        5.7200069000         4.4000000000         2.0831187706         3.7409041613        19.4917564069
        5.7250064000         4.4000000000         2.0780141169         3.8047010978        19.3587817585
        5.7300046000         4.4000000000         2.0958804049         3.8761536666        19.8241930281
        5.7350077000         4.4000000000         2.0780141169         3.9578137453        19.3587817585
        5.7400054000         4.4000000000         2.0805664438         4.0318181916        19.4252690827
        5.7450049000         4.4000000000         2.0882234243         4.1058226379        19.6247310554
        5.7500060000         4.4000000000         2.0856710975         4.1849308392        19.5582437311
        5.7550062000         4.4000000000         2.0805664438         4.2512796531        19.4252690827
        5.7600038000         4.4000000000         2.0907757512         4.3329397318        19.6912183796
        5.7650058000         4.4000000000         2.0805664438         4.4069441781        19.4252690827
        5.7700053000         4.4000000000         2.0805664438         4.4860523793        19.4252690827
        5.7750063000         4.4000000000         2.0856710975         4.5651605806        19.5582437311
        5.7800040000         4.4000000000         2.0882234243         4.6468206592        19.6247310554
        5.7850056000         4.4000000000         2.0882234243         4.7157213506        19.6247310554
        5.7900072000         4.4000000000         2.0780141169         4.7922776744        19.3587817585
        5.7950083000         4.4000000000         2.0627001558         4.8662821207        18.9598578131
        5.8000040000         4.4000000000         2.0805664438         4.9428384445        19.4252690827
        5.8050050000         4.4000000000         2.0703571363         5.0015316260        19.1593197858
        5.8100036000         4.4000000000         2.0754617901         4.9989797486        19.2922944342
        5.8150054000         4.4000000000         2.0805664438         1.1022628687        19.4252690827
        5.8200031000         4.4000000000         2.0627001558        -0.0052519485        18.9598578131
        5.8250104000         4.4000000000         2.0805664438         0.0253705810        19.4252690827
        5.8300055000         4.4000000000         2.0882234243         0.0993750273        19.6247310554
        5.8350031000         4.4000000000         2.0831187706         0.1759313511        19.4917564069
        5.8400077000         4.4000000000         2.0780141169         0.2473839199        19.3587817585
        5.8450099000         4.4000000000         2.0729094632         0.3213883662        19.2258071100
        5.8500040000         4.4000000000         2.0754617901         0.4004965675        19.2922944342
        5.8550069000         4.4000000000         2.0703571363         0.4821566461        19.1593197858
        5.8600051000         4.4000000000         2.0780141169         0.5536092150        19.3587817585
        5.8650056000         4.4000000000         2.0678048095         0.6250617838        19.0928324616
        5.8700038000         4.4000000000         2.0652524826         0.6914105978        19.0263451373
        5.8750065000         4.4000000000         2.0831187706         0.7705187990        19.4917564069
        5.8800052000         4.4000000000         2.0729094632         0.8547307552        19.2258071100
        5.8850058000         4.4000000000         2.0856710975         0.9338389564        19.5582437311
        5.8900061000         4.4000000000         2.0780141169         0.9976358929        19.3587817585
        5.8950109000         4.4000000000         2.0754617901         1.0741922166        19.2922944342
        5.9000062000         4.4000000000         2.0703571363         1.1507485404        19.1593197858
        5.9050059000         4.4000000000         2.0703571363         1.2145454769        19.1593197858
        5.9100064000         4.4000000000         2.0831187706         1.3013093105        19.4917564069
        5.9150106000         4.4000000000         2.0831187706         1.3702100019        19.4917564069
        5.9200057000         4.4000000000         2.0780141169         1.4442144482        19.3587817585
        5.9250304000         4.4000000000         2.0575955021         1.5105632621        18.8268831647
        5.9300035000         4.4000000000         2.0754617901         1.5820158310        19.2922944342
        5.9350110000         4.4000000000         2.0805664438         1.6687796646        19.4252690827
        5.9400042000         4.4000000000         2.0933280780         1.7351284785        19.7577057038
        5.9450051000         4.4000000000         2.0831187706         1.8142366797        19.4917564069
        5.9500051000         4.4000000000         2.0780141169         1.8805854937        19.3587817585
        5.9550118000         4.4000000000         2.0780141169         1.9494861851        19.3587817585
        5.9600090000         4.4000000000         2.0856710975         2.0285943863        19.5582437311
        5.9650059000         4.4000000000         2.0882234243         2.1025988326        19.6247310554
        5.9700056000         4.4000000000         2.0729094632         2.1766032789        19.2258071100
        5.9750075000         4.4000000000         2.0831187706         2.2557114802        19.4917564069
        5.9800064000         4.4000000000         2.0780141169         2.3271640490        19.3587817585
        5.9850048000         4.4000000000         2.0831187706         2.4037203728        19.4917564069
        5.9900064000         4.4000000000         2.0933280780         2.4802766965        19.7577057038
        5.9950054000         4.4000000000         2.0754617901         2.5466255105        19.2922944342
        6.0000065000         4.4000000000         2.0780141169         2.6282855892        19.3587817585
        6.0050052000         4.4000000000         2.0907757512         2.6971862806        19.6912183796
        6.0100047000         4.4000000000         2.0907757512         2.7813982367        19.6912183796
        6.0150066000         4.4000000000         2.0805664438         2.8502989281        19.4252690827
        6.0201110000         4.4000000000         2.0831187706         2.9268552519        19.4917564069
        6.0250068000         4.4000000000         2.0805664438         3.0034115756        19.4252690827
        6.0301159000         4.4000000000         2.0856710975         3.0825197769        19.5582437311
        6.0350046000         4.4000000000         2.0907757512         3.1539723457        19.6912183796
        6.0400128000         4.4000000000         2.1009850586         3.2356324244        19.9571676765
        6.0450086000         4.4000000000         2.0958804049         3.3070849933        19.8241930281
        6.0500137000         4.4000000000         2.0856710975         3.3785375621        19.5582437311
        6.0550155000         4.4000000000         2.0958804049         3.4627495183        19.8241930281
        6.0600052000         4.4000000000         2.0907757512         3.5367539646        19.6912183796
        6.0650057000         4.4000000000         2.1009850586         3.6031027785        19.9571676765
        6.0700076000         4.4000000000         2.0882234243         3.6796591023        19.6247310554
        6.0750048000         4.4000000000         2.0882234243         3.7613191810        19.6247310554
        6.0800116000         4.4000000000         2.0831187706         3.8251161174        19.4917564069
        6.0850065000         4.4000000000         2.0882234243         3.9042243187        19.6247310554
        6.0900034000         4.4000000000         2.0729094632         3.9731250101        19.2258071100
        6.0950049000         4.4000000000         2.0831187706         4.0522332113        19.4917564069
        6.1000053000         4.4000000000         2.0933280780         4.1262376576        19.7577057038
        6.1050061000         4.4000000000         2.0754617901         4.2027939814        19.2922944342
        6.1100050000         4.4000000000         2.0882234243         4.2844540601        19.6247310554
        6.1150027000         4.4000000000         2.0856710975         4.3482509965        19.5582437311
        6.1200049000         4.4000000000         2.0831187706         4.4299110752        19.4917564069
        6.1250123000         4.4000000000         2.0856710975         4.5039155215        19.5582437311
        6.1300235000         4.4000000000         2.0882234243         4.5906793551        19.6247310554
        6.1350085000         4.4000000000         2.0703571363         4.6544762916        19.1593197858
        6.1400060000         4.4000000000         2.0907757512         4.7361363703        19.6912183796
        6.1450057000         4.4000000000         2.0754617901         4.8075889392        19.2922944342
        6.1500067000         4.4000000000         2.0856710975         4.8918008953        19.5582437311
        6.1550076000         4.4000000000         2.0831187706         4.9836684838        19.4917564069
        6.1600065000         4.4000000000         2.0831187706         5.0142910133        19.4917564069
        6.1650070000         4.4000000000         2.0805664438         5.0040835035        19.4252690827
        6.1700041000         4.4000000000         2.0805664438        -0.0027000711        19.4252690827
        6.1750050000         4.4000000000         2.0627001558        -0.0052519485        18.9598578131
        6.1800066000         4.4000000000         2.0678048095         0.0330262134        19.0928324616
        6.1850050000         4.4000000000         2.0831187706         0.1146862920        19.4917564069
        6.1900074000         4.4000000000         2.0678048095         0.1963463707        19.0928324616
        6.1950072000         4.4000000000         2.0729094632         0.2626951847        19.2258071100
        6.2000072000         4.4000000000         2.0754617901         0.3418033859        19.2922944342
        6.2050306000         4.4000000000         2.0652524826         0.4234634646        19.0263451373
        6.2100063000         4.4000000000         2.0678048095         0.4923641560        19.0928324616
        6.2150073000         4.4000000000         2.0805664438         0.5765761121        19.4252690827
        6.2200067000         4.4000000000         2.0780141169         0.6556843134        19.3587817585
        6.2250425000         4.4000000000         2.0882234243         0.7296887597        19.6247310554
        6.2300039000         4.4000000000         2.0805664438         0.8011413285        19.4252690827
        6.2350070000         4.4000000000         2.0652524826         0.8700420199        19.0263451373
        6.2400064000         4.4000000000         2.0780141169         0.9414945888        19.3587817585
        6.2450067000         4.4000000000         2.0831187706         1.0231546675        19.4917564069
        6.2500071000         4.4000000000         2.0907757512         1.1073666236        19.6912183796
        6.2550060000         4.4000000000         2.0754617901         1.1737154375        19.2922944342
        6.2600072000         4.4000000000         2.0831187706         1.2528236388        19.4917564069
        6.2650073000         4.4000000000         2.0831187706         1.3242762076        19.4917564069
        6.2700062000         4.4000000000         2.0882234243         1.3931768990        19.6247310554
        6.2750058000         4.4000000000         2.0831187706         1.4646294679        19.4917564069
        6.2800069000         4.4000000000         2.0780141169         1.5437376691        19.3587817585
        6.2850066000         4.4000000000         2.0754617901         1.6100864830        19.2922944342
        6.2900052000         4.4000000000         2.0805664438         1.6815390519        19.4252690827
        6.2950058000         4.4000000000         2.0831187706         1.7555434982        19.4917564069
        6.3000038000         4.4000000000         2.0907757512         1.8346516994        19.6912183796
        6.3050100000         4.4000000000         2.0805664438         1.9086561457        19.4252690827
        6.3100041000         4.4000000000         2.0780141169         1.9852124695        19.3587817585
        6.3150040000         4.4000000000         2.0933280780         2.0617687933        19.7577057038
        6.3200075000         4.4000000000         2.0805664438         2.1255657297        19.4252690827
        6.3250118000         4.4000000000         2.0831187706         2.2072258084        19.4917564069
        6.3300031000         4.4000000000         2.0754617901         2.2761264998        19.2922944342
        6.3350124000         4.4000000000         2.0882234243         2.3628903334        19.6247310554
        6.3400091000         4.4000000000         2.0907757512         2.4317910248        19.6912183796
        6.3450048000         4.4000000000         2.0958804049         2.5134511035        19.8241930281
        6.3500032000         4.4000000000         2.0907757512         2.5797999174        19.6912183796
        6.3550046000         4.4000000000         2.0907757512         2.6589081187        19.6912183796
        6.3600044000         4.4000000000         2.0780141169         2.7278088101        19.3587817585
        6.3650054000         4.4000000000         2.0831187706         2.8094688888        19.4917564069
        6.3700041000         4.4000000000         2.0984327318         2.8911289674        19.8906803523
        6.3750048000         4.4000000000         2.1035373855         2.9676852912        20.0236550007
        6.3800042000         4.4000000000         2.0882234243         3.0340341051        19.6247310554
        6.3850047000         4.4000000000         2.0780141169         3.1054866740        19.3587817585
        6.3900038000         4.4000000000         2.0856710975         3.1769392429        19.5582437311
        6.3950053000         4.4000000000         2.0958804049         3.2585993215        19.8241930281
        6.4000065000         4.4000000000         2.0882234243         3.3377075228        19.6247310554
        6.4050039000         4.4000000000         2.1111943660         3.4168157240        20.2231169734
        6.4100044000         4.4000000000         2.0805664438         3.4857164154        19.4252690827
        6.4150019000         4.4000000000         2.0933280780         3.5673764941        19.7577057038
        6.4200021000         4.4000000000         2.0882234243         3.6362771855        19.6247310554
        6.4250037000         4.4000000000         2.0831187706         3.7077297543        19.4917564069
        6.4300061000         4.4000000000         2.0933280780         3.7970454654        19.7577057038
        6.4350040000         4.4000000000         2.0907757512         3.8633942793        19.6912183796
        6.4400029000         4.4000000000         2.0805664438         3.9322949707        19.4252690827
        6.4450026000         4.4000000000         2.0780141169         4.0062994170        19.3587817585
        6.4500047000         4.4000000000         2.0984327318         4.0956151281        19.8906803523
        6.4550039000         4.4000000000         2.0831187706         4.1619639420        19.4917564069
        6.4600031000         4.4000000000         2.0907757512         4.2410721433        19.6912183796
        6.4650036000         4.4000000000         2.0882234243         4.3099728347        19.6247310554
        6.4700028000         4.4000000000         2.0805664438         4.3941847908        19.4252690827
        6.4750040000         4.4000000000         2.0984327318         4.4630854822        19.8906803523
        6.4800032000         4.4000000000         2.0703571363         4.5319861736        19.1593197858
        6.4850038000         4.4000000000         2.0831187706         4.6187500072        19.4917564069
        6.4900036000         4.4000000000         2.0907757512         4.7004100859        19.6912183796
        6.4950026000         4.4000000000         2.0729094632         4.7718626547        19.2258071100
        6.5000052000         4.4000000000         2.0856710975         4.8484189785        19.5582437311
        6.5050048000         4.4000000000         2.0831187706         4.9300790572        19.4917564069
        6.5100026000         4.4000000000         2.0499385215         5.0015316260        18.6274211920
        6.5150023000         4.4000000000         2.0729094632         4.9989797486        19.2258071100
        6.5200038000         4.4000000000         2.0780141169         1.1099185011        19.3587817585
        6.5250034000         4.4000000000         2.0882234243         0.0049555613        19.6247310554
        6.5300038000         4.4000000000         2.0831187706         0.0075074388        19.4917564069
        6.5350061000         4.4000000000         2.0652524826         0.0687524978        19.0263451373
        6.5400042000         4.4000000000         2.0678048095         0.1453088216        19.0928324616
        6.5450040000         4.4000000000         2.0703571363         0.2218651453        19.1593197858
        6.5500048000         4.4000000000         2.0805664438         0.3060771015        19.4252690827
        6.5550033000         4.4000000000         2.0729094632         0.3800815478        19.2258071100
        6.5600047000         4.4000000000         2.0627001558         0.4515341166        18.9598578131
        6.5650041000         4.4000000000         2.0831187706         0.5331941953        19.4917564069
        6.5700045000         4.4000000000         2.0729094632         0.6071986416        19.2258071100
        6.5750046000         4.4000000000         2.0831187706         0.6888587203        19.4917564069
        6.5800048000         4.4000000000         2.0831187706         0.7552075343        19.4917564069
        6.5850045000         4.4000000000         2.0550431752         0.8317638580        18.7603958404
        6.5900048000         4.4000000000         2.0678048095         0.8981126720        19.0928324616
        6.5950041000         4.4000000000         2.0780141169         0.9848765056        19.3587817585
        6.6000050000         4.4000000000         2.0856710975         1.0588809519        19.5582437311
        6.6050032000         4.4000000000         2.0907757512         1.1354372756        19.6912183796
        6.6100029000         4.4000000000         2.0856710975         1.2119935994        19.5582437311
        6.6150045000         4.4000000000         2.0831187706         1.2859980457        19.4917564069
        6.6200020000         4.4000000000         2.0780141169         1.3548987371        19.3587817585
        6.6250022000         4.4000000000         2.0933280780         1.4340069384        19.7577057038
        6.6300028000         4.4000000000         2.0882234243         1.5029076297        19.6247310554
        6.6350054000         4.4000000000         2.0882234243         1.5743601986        19.6247310554
        6.6400047000         4.4000000000         2.0780141169         1.6483646449        19.3587817585
        6.6450026000         4.4000000000         2.0729094632         1.7172653363        19.2258071100
        6.6500036000         4.4000000000         2.0882234243         1.7963735375        19.6247310554
        6.6550034000         4.4000000000         2.0907757512         1.8754817388        19.6912183796
        6.6600053000         4.4000000000         2.0856710975         1.9418305527        19.5582437311
        6.6650028000         4.4000000000         2.0831187706         2.0132831215        19.4917564069
        6.6700025000         4.4000000000         2.0831187706         2.0847356904        19.4917564069
        6.6750021000         4.4000000000         2.0780141169         2.1663957691        19.3587817585
        6.6800039000         4.4000000000         2.0984327318         2.2404002154        19.8906803523
        6.6850042000         4.4000000000         2.0907757512         2.3169565392        19.6912183796
        6.6900023000         4.4000000000         2.0780141169         2.3935128629        19.3587817585
        6.6950054000         4.4000000000         2.0907757512         2.4751729416        19.6912183796
        6.7000040000         4.4000000000         2.0933280780         2.5466255105        19.7577057038
        6.7050024000         4.4000000000         2.0805664438         2.6129743244        19.4252690827
        6.7100020000         4.4000000000         2.1009850586         2.6997381580        19.9571676765
        6.7150046000         4.4000000000         2.0984327318         2.7711907269        19.8906803523
        6.7200036000         4.4000000000         2.0958804049         2.8528508056        19.8241930281
        6.7250053000         4.4000000000         2.0933280780         2.9140958646        19.7577057038
        6.7300044000         4.4000000000         2.1009850586         2.9983078207        19.9571676765
        6.7350040000         4.4000000000         2.0703571363         3.0723122670        19.1593197858
        6.7400054000         4.4000000000         2.1035373855         3.1539723457        20.0236550007
        6.7450049000         4.4000000000         2.0933280780         3.2254249146        19.7577057038
        6.7500050000         4.4000000000         2.0933280780         3.2994293609        19.7577057038
        6.7550051000         4.4000000000         2.1035373855         3.3836413170        20.0236550007
        6.7600054000         4.4000000000         2.0958804049         3.4525420084        19.8241930281
        6.7650027000         4.4000000000         2.0805664438         3.5265464547        19.4252690827
        6.7700024000         4.4000000000         2.0831187706         3.5954471461        19.4917564069
        6.7750038000         4.4000000000         2.0882234243         3.6745553474        19.6247310554
        6.7800031000         4.4000000000         2.0805664438         3.7511116711        19.4252690827
        6.7850065000         4.4000000000         2.0907757512         3.8251161174        19.6912183796
        6.7900042000         4.4000000000         2.0984327318         3.9016724412        19.8906803523
        6.7950039000         4.4000000000         2.0780141169         3.9807806424        19.3587817585
        6.8000024000         4.4000000000         2.0780141169         4.0471294564        19.3587817585
        6.8050048000         4.4000000000         2.0907757512         4.1262376576        19.6912183796
        6.8100077000         4.4000000000         2.0907757512         4.1976902265        19.6912183796
        6.8150055000         4.4000000000         2.0780141169         4.2742465502        19.3587817585
        6.8200042000         4.4000000000         2.0831187706         4.3533547515        19.4917564069
        6.8250031000         4.4000000000         2.0856710975         4.4299110752        19.5582437311
        6.8300040000         4.4000000000         2.0958804049         4.5141230314        19.8241930281
        6.8350017000         4.4000000000         2.1035373855         4.5881274777        20.0236550007
        6.8400024000         4.4000000000         2.0831187706         4.6646838015        19.4917564069
        6.8450013000         4.4000000000         2.0780141169         4.7361363703        19.3587817585
        6.8500076000         4.4000000000         2.0805664438         4.8152445715        19.4252690827
        6.8550054000         4.4000000000         2.0831187706         4.8969046502        19.4917564069
        6.8600048000         4.4000000000         2.0907757512         4.9760128515        19.6912183796
        6.8650050000         4.4000000000         2.0729094632         5.0015316260        19.2258071100
        6.8700038000         4.4000000000         2.0805664438         4.9938759937        19.4252690827
        6.8750116000         4.4000000000         2.0780141169         0.0024036839        19.3587817585
        6.8800042000         4.4000000000         2.0754617901        -0.0001481936        19.2922944342
        6.8850033000         4.4000000000         2.0958804049         0.0534412330        19.8241930281
        6.8900069000         4.4000000000         2.0448338678         0.1223419244        18.4944465435
        6.8950049000         4.4000000000         2.0601478289         0.1937944933        18.8933704889
        6.9000041000         4.4000000000         2.0882234243         0.2831102043        19.6247310554
        6.9050040000         4.4000000000         2.0831187706         0.3520108957        19.4917564069
        6.9100081000         4.4000000000         2.0805664438         0.4311190970        19.4252690827
        6.9150055000         4.4000000000         2.0780141169         0.5051235433        19.3587817585
        6.9200059000         4.4000000000         2.0729094632         0.5791279896        19.2258071100
        6.9250043000         4.4000000000         2.0754617901         0.6633399457        19.2922944342
        6.9300042000         4.4000000000         2.0678048095         0.7220331273        19.0928324616
        6.9350035000         4.4000000000         2.0831187706         0.8036932060        19.4917564069
        6.9400090000         4.4000000000         2.0780141169         0.8751457748        19.3587817585
        6.9450057000         4.4000000000         2.0754617901         0.9542539761        19.2922944342
        6.9500037000         4.4000000000         2.0780141169         1.0308102998        19.3587817585
        6.9550039000         4.4000000000         2.0754617901         1.1022628687        19.2922944342
        6.9600062000         4.4000000000         2.0882234243         1.1839229474        19.6247310554
        6.9650050000         4.4000000000         2.0831187706         1.2477198838        19.4917564069
        6.9700032000         4.4000000000         2.0780141169         1.3293799625        19.3587817585
        6.9750056000         4.4000000000         2.0754617901         1.3982806539        19.2922944342
        6.9800037000         4.4000000000         2.0780141169         1.4671813453        19.3587817585
        6.9850039000         4.4000000000         2.0933280780         1.5564970564        19.7577057038
        6.9900023000         4.4000000000         2.0831187706         1.6228458703        19.4917564069
        6.9950022000         4.4000000000         2.0729094632         1.6917465617        19.2258071100
        7.0000473000         4.4000000000         2.0907757512         1.7708547629        19.6912183796
        7.0050019000         4.4000000000         2.0805664438         1.8423073318        19.4252690827
        7.0100044000         4.4000000000         2.0831187706         1.9239674105        19.4917564069
        7.0150029000         4.4000000000         2.0933280780         1.9928681019        19.7577057038
        7.0200028000         4.4000000000         2.0856710975         2.0668725482        19.5582437311
        7.0250051000         4.4000000000         2.0856710975         2.1408769945        19.5582437311
        7.0300023000         4.4000000000         2.0958804049         2.2225370732        19.8241930281
        7.0350024000         4.4000000000         2.0856710975         2.2888858871        19.5582437311
        7.0401716000         4.4000000000         2.0907757512         2.3730978433        19.6912183796
        7.0450038000         4.4000000000         2.0907757512         2.4445504121        19.6912183796
        7.0500037000         4.4000000000         2.1035373855         2.5236586133        20.0236550007
        7.0550035000         4.4000000000         2.0831187706         2.5951111822        19.4917564069
        7.0600039000         4.4000000000         2.0958804049         2.6665637511        19.8241930281
        7.0650048000         4.4000000000         2.0958804049         2.7431200748        19.8241930281
        7.0700501000         4.4000000000         2.0882234243         2.8222282761        19.6247310554
        7.0750061000         4.4000000000         2.0907757512         2.8936808449        19.6912183796
        7.0800223000         4.4000000000         2.0907757512         2.9702371687        19.6912183796
        7.0850053000         4.4000000000         2.0958804049         3.0467934924        19.8241930281
        7.0900066000         4.4000000000         2.0958804049         3.1284535711        19.8241930281
        7.0950035000         4.4000000000         2.0958804049         3.2024580174        19.8241930281
        7.1000040000         4.4000000000         2.0856710975         3.2713587088        19.5582437311
        7.1050056000         4.4000000000         2.0831187706         3.3504669101        19.4917564069
        7.1100036000         4.4000000000         2.0984327318         3.4244713564        19.8906803523
        7.1150040000         4.4000000000         2.0907757512         3.5061314351        19.6912183796
        7.1200032000         4.4000000000         2.0984327318         3.5775840039        19.8906803523
        7.1250046000         4.4000000000         2.0856710975         3.6490365728        19.5582437311
        7.1300054000         4.4000000000         2.0856710975         3.7255928965        19.5582437311
        7.1350043000         4.4000000000         2.0958804049         3.8047010978        19.8241930281
        7.1400048000         4.4000000000         2.0958804049         3.8710499117        19.8241930281
        7.1450046000         4.4000000000         2.0780141169         3.9501581129        19.3587817585
        7.1500048000         4.4000000000         2.0780141169         4.0190588043        19.3587817585
        7.1550038000         4.4000000000         2.0958804049         4.1007188830        19.8241930281
        7.1600049000         4.4000000000         2.0933280780         4.1747233293        19.7577057038
        7.1650032000         4.4000000000         2.0805664438         4.2589352855        19.4252690827
        7.1700049000         4.4000000000         2.0882234243         4.3227322219        19.6247310554
        7.1750035000         4.4000000000         2.0856710975         4.4094960556        19.5582437311
        7.1800046000         4.4000000000         2.0907757512         4.4835005019        19.6912183796
        7.1850050000         4.4000000000         2.0882234243         4.5600568256        19.6247310554
        7.1900050000         4.4000000000         2.0933280780         4.6391650269        19.7577057038
        7.1950063000         4.4000000000         2.0958804049         4.7182732281        19.8241930281
        7.2000049000         4.4000000000         2.0856710975         4.7922776744        19.5582437311
        7.2050046000         4.4000000000         2.0831187706         4.8688339982        19.4917564069
        7.2100063000         4.4000000000         2.0805664438         4.9428384445        19.4252690827
        7.2150036000         4.4000000000         2.0805664438         5.0066353810        19.4252690827
        7.2200058000         4.4000000000         2.0882234243         5.0040835035        19.6247310554
        7.2250041000         4.4000000000         2.0856710975         1.1124703785        19.5582437311
        7.2300046000         4.4000000000         2.0780141169         0.0024036839        19.3587817585
        7.2350031000         4.4000000000         2.0831187706         0.0151630711        19.4917564069
        7.2400054000         4.4000000000         2.0831187706         0.1044787822        19.4917564069
        7.2450035000         4.4000000000         2.0729094632         0.1733794736        19.2258071100
        7.2500047000         4.4000000000         2.0805664438         0.2499357974        19.4252690827
        7.2550039000         4.4000000000         2.0703571363         0.3213883662        19.1593197858
        7.2600048000         4.4000000000         2.0831187706         0.4132559548        19.4917564069
        7.2650054000         4.4000000000         2.0678048095         0.4745010138        19.0928324616
        7.2700062000         4.4000000000         2.0882234243         0.5561610925        19.6247310554
        7.2751230000         4.4000000000         2.0729094632         0.6378211711        19.2258071100
        7.2800061000         4.4000000000         2.0831187706         0.7143774949        19.4917564069
        7.2850054000         4.4000000000         2.0805664438         0.7858300638        19.4252690827
        7.2900056000         4.4000000000         2.0780141169         0.8598345101        19.3587817585
        7.2950071000         4.4000000000         2.0831187706         0.9312870789        19.4917564069
        7.3000058000         4.4000000000         2.0780141169         1.0103952802        19.3587817585
        7.3050062000         4.4000000000         2.0754617901         1.0818478490        19.2922944342
        7.3100045000         4.4000000000         2.0729094632         1.1533004179        19.2258071100
        7.3150063000         4.4000000000         2.0780141169         1.2324086191        19.3587817585
        7.3200041000         4.4000000000         2.0524908483         1.3064130654        18.6939085162
        7.3250063000         4.4000000000         2.0729094632         1.3804175117        19.2258071100
        7.3300062000         4.4000000000         2.0729094632         1.4544219580        19.2258071100
        7.3350062000         4.4000000000         2.0831187706         1.5335301593        19.4917564069
        7.3400068000         4.4000000000         2.0780141169         1.5947752183        19.3587817585
        7.3450060000         4.4000000000         2.0907757512         1.6764352970        19.6912183796
        7.3500070000         4.4000000000         2.0907757512         1.7478878658        19.6912183796
        7.3550065000         4.4000000000         2.0805664438         1.8142366797        19.4252690827
        7.3600047000         4.4000000000         2.0831187706         1.9035523908        19.4917564069
        7.3650062000         4.4000000000         2.0958804049         1.9699012047        19.8241930281
        7.3700075000         4.4000000000         2.0984327318         2.0464575285        19.8906803523
        7.3750067000         4.4000000000         2.0933280780         2.1230138523        19.7577057038
        7.3800065000         4.4000000000         2.0856710975         2.1944664211        19.5582437311
        7.3850107000         4.4000000000         2.0984327318         2.2735746224        19.8906803523
        7.3900072000         4.4000000000         2.0958804049         2.3577865785        19.8241930281
        7.3950128000         4.4000000000         2.0984327318         2.4215835150        19.8906803523
        7.4000075000         4.4000000000         2.0984327318         2.4981398388        19.8906803523
        7.4050117000         4.4000000000         2.0958804049         2.5772480400        19.8241930281
        7.4100094000         4.4000000000         2.0907757512         2.6538043638        19.6912183796
        7.4150105000         4.4000000000         2.1009850586         2.7329125650        19.9571676765
        7.4200071000         4.4000000000         2.1137466929         2.8145726437        20.2896042976
        7.4250124000         4.4000000000         2.0958804049         2.8834733351        19.8241930281
        7.4300076000         4.4000000000         2.0907757512         2.9549259039        19.6912183796
        7.4350056000         4.4000000000         2.0933280780         3.0314822277        19.7577057038
        7.4400046000         4.4000000000         2.0907757512         3.1105904289        19.6912183796
        7.4450048000         4.4000000000         2.1035373855         3.1845948752        20.0236550007
        7.4500052000         4.4000000000         2.1111943660         3.2662549539        20.2231169734
        7.4550044000         4.4000000000         2.0805664438         3.3326037679        19.4252690827
        7.4600039000         4.4000000000         2.0958804049         3.4117119691        19.8241930281
        7.4650050000         4.4000000000         2.0933280780         3.4831645379        19.7577057038
        7.4700033000         4.4000000000         2.0958804049         3.5699283715        19.8241930281
        7.4750048000         4.4000000000         2.0984327318         3.6439328179        19.8906803523
        7.4800044000         4.4000000000         2.0831187706         3.7204891416        19.4917564069
        7.4850050000         4.4000000000         2.0907757512         3.7970454654        19.6912183796
        7.4900045000         4.4000000000         2.0882234243         3.8633942793        19.6247310554
        7.4950070000         4.4000000000         2.0831187706         3.9399506031        19.4917564069
        7.5000056000         4.4000000000         2.0958804049         4.0241625592        19.8241930281
        7.5050062000         4.4000000000         2.0933280780         4.0981670056        19.7577057038
        7.5100050000         4.4000000000         2.0805664438         4.1619639420        19.4252690827
        7.5150041000         4.4000000000         2.0882234243         4.2410721433        19.6247310554
        7.5200043000         4.4000000000         2.0984327318         4.3252840994        19.8906803523
        7.5250058000         4.4000000000         2.0933280780         4.3941847908        19.7577057038
        7.5300034000         4.4000000000         2.0882234243         4.4707411146        19.6247310554
        7.5350053000         4.4000000000         2.0754617901         4.5421936834        19.2922944342
        7.5400038000         4.4000000000         2.0831187706         4.6264056396        19.4917564069
        7.5450053000         4.4000000000         2.0882234243         4.7055138408        19.6247310554
        7.5500052000         4.4000000000         2.0831187706         4.7846220420        19.4917564069
        7.5550063000         4.4000000000         2.0856710975         4.8637302433        19.5582437311
        7.5600064000         4.4000000000         2.0805664438         4.9377346896        19.4252690827
        7.5650049000         4.4000000000         2.0805664438         5.0117391359        19.4252690827
        7.5700057000         4.4000000000         2.0805664438         4.9964278711        19.4252690827
        7.5750040000         4.4000000000         2.0907757512         1.1099185011        19.6912183796
        7.5800047000         4.4000000000         2.0805664438         0.0024036839        19.4252690827
        7.5850045000         4.4000000000         2.0805664438         0.0126111937        19.4252690827
        7.5900048000         4.4000000000         2.0856710975         0.0917193949        19.5582437311
        7.5950036000         4.4000000000         2.0780141169         0.1606200863        19.3587817585
        7.6000047000         4.4000000000         2.0780141169         0.2422801650        19.3587817585
        7.6050059000         4.4000000000         2.0882234243         0.3162846113        19.6247310554
        7.6100052000         4.4000000000         2.0703571363         0.3928409351        19.1593197858
        7.6150043000         4.4000000000         2.0780141169         0.4668453814        19.3587817585
        7.6200053000         4.4000000000         2.0856710975         0.5485054601        19.5582437311
        7.6250043000         4.4000000000         2.0780141169         0.6225099064        19.3587817585
        7.6300048000         4.4000000000         2.0856710975         0.7016181076        19.5582437311
        7.6350055000         4.4000000000         2.0805664438         0.7705187990        19.4252690827
        7.6400050000         4.4000000000         2.0805664438         0.8496270002        19.4252690827
        7.6450030000         4.4000000000         2.0780141169         0.9210795691        19.3587817585
        7.6500016000         4.4000000000         2.0805664438         0.9976358929        19.4252690827
        7.6550040000         4.4000000000         2.0805664438         1.0741922166        19.4252690827
        7.6600030000         4.4000000000         2.0754617901         1.1456447855        19.2922944342
        7.6650028000         4.4000000000         2.0729094632         1.2170973543        19.2258071100
        7.6700057000         4.4000000000         2.0907757512         1.3013093105        19.6912183796
        7.6750062000         4.4000000000         2.0754617901         1.3625543695        19.2922944342
        7.6800037000         4.4000000000         2.0678048095         1.4365588158        19.0928324616
        7.6850033000         4.4000000000         2.0780141169         1.5054595072        19.3587817585
        7.6900053000         4.4000000000         2.0805664438         1.5871195859        19.4252690827
        7.6950036000         4.4000000000         2.0882234243         1.6713315420        19.6247310554
        7.7000017000         4.4000000000         2.0856710975         1.7351284785        19.5582437311
        7.7050022000         4.4000000000         2.0933280780         1.8142366797        19.7577057038
        7.7100060000         4.4000000000         2.0805664438         1.8805854937        19.4252690827
        7.7150026000         4.4000000000         2.0754617901         1.9520380625        19.2922944342
        7.7200034000         4.4000000000         2.0882234243         2.0336981412        19.6247310554
        7.7251302000         4.4000000000         2.0882234243         2.1025988326        19.6247310554
        7.7300037000         4.4000000000         2.0856710975         2.1842589113        19.5582437311
        7.7350039000         4.4000000000         2.0805664438         2.2531596027        19.4252690827
        7.7400043000         4.4000000000         2.0856710975         2.3373715588        19.5582437311
        7.7450018000         4.4000000000         2.0856710975         2.4062722502        19.5582437311
        7.7500052000         4.4000000000         2.0907757512         2.4828285740        19.6912183796
        7.7550041000         4.4000000000         2.0958804049         2.5644886527        19.8241930281
        7.7600036000         4.4000000000         2.0831187706         2.6384930990        19.4917564069
        7.7650017000         4.4000000000         2.0958804049         2.7150494228        19.8241930281
        7.7700041000         4.4000000000         2.0805664438         2.7813982367        19.4252690827
        7.7750022000         4.4000000000         2.0780141169         2.8630583154        19.3587817585
        7.7800034000         4.4000000000         2.1035373855         2.9345108842        20.0236550007
        7.7850044000         4.4000000000         2.0805664438         3.0136190855        19.4252690827
        7.7900022000         4.4000000000         2.0831187706         3.0952791642        19.4917564069
        7.7950014000         4.4000000000         2.0984327318         3.1539723457        19.8906803523
        7.8000036000         4.4000000000         2.0984327318         3.2432880568        19.8906803523
        7.8050018000         4.4000000000         2.0907757512         3.3121887482        19.6912183796
        7.8100034000         4.4000000000         2.0882234243         3.3887450720        19.6247310554
        7.8150052000         4.4000000000         2.0882234243         3.4653013957        19.6247310554
        7.8200046000         4.4000000000         2.0780141169         3.5393058420        19.3587817585
        7.8250103000         4.4000000000         2.0907757512         3.6082065334        19.6912183796
        7.8300040000         4.4000000000         2.0907757512         3.6873147347        19.6912183796
        7.8350018000         4.4000000000         2.0907757512         3.7664229359        19.6912183796
        7.8400054000         4.4000000000         2.0933280780         3.8378755047        19.7577057038
        7.8450022000         4.4000000000         2.0831187706         3.9093280736        19.4917564069
        7.8500042000         4.4000000000         2.0907757512         3.9935400297        19.6912183796
        7.8550032000         4.4000000000         2.0907757512         4.0573369662        19.6912183796
        7.8600022000         4.4000000000         2.0907757512         4.1389970449        19.6912183796
        7.8650020000         4.4000000000         2.0882234243         4.2130014912        19.6247310554
        7.8700071000         4.4000000000         2.0856710975         4.2895578150        19.5582437311
        7.8750050000         4.4000000000         2.0831187706         4.3661141388        19.4917564069
        7.8800045000         4.4000000000         2.1035373855         4.4477742174        20.0236550007
        7.8850038000         4.4000000000         2.0780141169         4.5217786637        19.3587817585
        7.8900045000         4.4000000000         2.0831187706         4.5983349875        19.4917564069
        7.8950046000         4.4000000000         2.0831187706         4.6723394338        19.4917564069
        7.9000027000         4.4000000000         2.0780141169         4.7412401252        19.3587817585
        7.9050016000         4.4000000000         2.0933280780         4.8305558363        19.7577057038
        7.9100021000         4.4000000000         2.0831187706         4.9045602826        19.4917564069
        7.9150053000         4.4000000000         2.0805664438         4.9862203613        19.4252690827
        7.9200291000         4.4000000000         2.0780141169         5.0091872584        19.3587817585
        7.9250027000         4.4000000000         2.0805664438         1.1124703785        19.4252690827
        7.9300034000         4.4000000000         2.0882234243         0.0049555613        19.6247310554
        7.9350029000         4.4000000000         2.0831187706         0.0049555613        19.4917564069
        7.9400024000         4.4000000000         2.0780141169         0.0457856007        19.3587817585
        7.9450065000         4.4000000000         2.0780141169         0.1351013117        19.3587817585
        7.9500052000         4.4000000000         2.0703571363         0.2065538806        19.1593197858
        7.9550050000         4.4000000000         2.0856710975         0.2856620818        19.5582437311
        7.9600062000         4.4000000000         2.0882234243         0.3673221605        19.6247310554
        7.9650034000         4.4000000000         2.0703571363         0.4438784843        19.1593197858
        7.9700037000         4.4000000000         2.0882234243         0.5229866855        19.6247310554
        7.9750054000         4.4000000000         2.0729094632         0.5867836220        19.2258071100
        7.9800058000         4.4000000000         2.0831187706         0.6684437007        19.4917564069
        7.9850328000         4.4000000000         2.0882234243         0.7450000244        19.6247310554
        7.9900069000         4.4000000000         2.0856710975         0.8266601031        19.5582437311
        7.9950044000         4.4000000000         2.0780141169         0.8981126720        19.3587817585
        8.0000064000         4.4000000000         2.0907757512         0.9746689957        19.6912183796
        8.0050046000         4.4000000000         2.0856710975         1.0461215646        19.5582437311
        8.0100062000         4.4000000000         2.0856710975         1.1277816433        19.5582437311
        8.0150066000         4.4000000000         2.0805664438         1.1941304572        19.4252690827
        8.0200059000         4.4000000000         2.0805664438         1.2655830261        19.4252690827
        8.0250094000         4.4000000000         2.0805664438         1.3421393498        19.4252690827
        8.0300099000         4.4000000000         2.0831187706         1.4110400412        19.4917564069
        8.0350065000         4.4000000000         2.0907757512         1.4952519974        19.6912183796
        8.0400062000         4.4000000000         2.0907757512         1.5667045662        19.6912183796
        8.0450038000         4.4000000000         2.0780141169         1.6356052576        19.3587817585
        8.0500062000         4.4000000000         2.0882234243         1.7198172138        19.6247310554
        8.0550042000         4.4000000000         2.1060897123         1.7938216601        20.0901423250
        8.0600066000         4.4000000000         2.0958804049         1.8652742289        19.8241930281
        8.0650057000         4.4000000000         2.0882234243         1.9367267978        19.6247310554
        8.0700065000         4.4000000000         2.0933280780         2.0132831215        19.7577057038
        8.0750051000         4.4000000000         2.0907757512         2.0821838129        19.6912183796
        8.0800055000         4.4000000000         2.0882234243         2.1663957691        19.6247310554
        8.0850065000         4.4000000000         2.1060897123         2.2455039703        20.0901423250
        8.0900077000         4.4000000000         2.1035373855         2.3169565392        20.0236550007
        8.0950041000         4.4000000000         2.0831187706         2.3909609855        19.4917564069
        8.1000064000         4.4000000000         2.0907757512         2.4675173092        19.6912183796
        8.1050063000         4.4000000000         2.0907757512         2.5491773879        19.6912183796
        8.1100066000         4.4000000000         2.0831187706         2.6104224470        19.4917564069
        8.1150050000         4.4000000000         2.1086420392         2.6997381580        20.1566296492
        8.1200033000         4.4000000000         2.0958804049         2.7737426043        19.8241930281
        8.1250054000         4.4000000000         2.0907757512         2.8451951732        19.6912183796
        8.1300062000         4.4000000000         2.1086420392         2.9268552519        20.1566296492
        8.1350101000         4.4000000000         2.0958804049         2.9932040658        19.8241930281
        8.1400065000         4.4000000000         2.0958804049         3.0825197769        19.8241930281
        8.1450102000         4.4000000000         2.0933280780         3.1488685908        19.7577057038
        8.1500062000         4.4000000000         2.0933280780         3.2228730371        19.7577057038
        8.1550058000         4.4000000000         2.0958804049         3.2994293609        19.8241930281
        8.1600045000         4.4000000000         2.1009850586         3.3708819297        19.9571676765
        8.1650060000         4.4000000000         2.0958804049         3.4525420084        19.8241930281
        8.1700043000         4.4000000000         2.0958804049         3.5367539646        19.8241930281
        8.1750046000         4.4000000000         2.0958804049         3.6005509010        19.8241930281
        8.1800039000         4.4000000000         2.0907757512         3.6822109797        19.6912183796
        8.1850049000         4.4000000000         2.0933280780         3.7511116711        19.7577057038
        8.1900047000         4.4000000000         2.0856710975         3.8251161174        19.5582437311
        8.1950054000         4.4000000000         2.0882234243         3.9067761961        19.6247310554
        8.2000041000         4.4000000000         2.0933280780         3.9833325199        19.7577057038
        8.2050047000         4.4000000000         2.0933280780         4.0624407211        19.7577057038
        8.2100060000         4.4000000000         2.0958804049         4.1287895351        19.8241930281
        8.2150052000         4.4000000000         2.0907757512         4.2053458588        19.6912183796
        8.2200056000         4.4000000000         2.0805664438         4.2844540601        19.4252690827
        8.2250052000         4.4000000000         2.0907757512         4.3584585064        19.6912183796
        8.2300041000         4.4000000000         2.0882234243         4.4350148301        19.6247310554
        8.2350049000         4.4000000000         2.0984327318         4.5166749088        19.8906803523
        8.2400055000         4.4000000000         2.0882234243         4.5855756002        19.6247310554
        8.2450056000         4.4000000000         2.0601478289         4.6672356789        18.8933704889
        8.2500062000         4.4000000000         2.0831187706         4.7412401252        19.4917564069
        8.2550053000         4.4000000000         2.0780141169         4.8177964490        19.3587817585
        8.2600040000         4.4000000000         2.0933280780         4.9020084051        19.7577057038
        8.2650068000         4.4000000000         2.0831187706         4.9836684838        19.4917564069
        8.2700054000         4.4000000000         2.0805664438         5.0142910133        19.4252690827
        8.2750067000         4.4000000000         2.0882234243         1.1124703785        19.6247310554
        8.2800067000         4.4000000000         2.0780141169        -0.0052519485        19.3587817585
        8.2850086000         4.4000000000         2.0754617901        -0.0027000711        19.2922944342
        8.2900070000         4.4000000000         2.0856710975         0.0457856007        19.5582437311
        8.2950101000         4.4000000000         2.0780141169         0.1325494343        19.3587817585
        8.3000056000         4.4000000000         2.0601478289         0.2014501257        18.8933704889
        8.3050103000         4.4000000000         2.0933280780         0.2933177142        19.7577057038
        8.3100062000         4.4000000000         2.0831187706         0.3647702830        19.4917564069
        8.3150035000         4.4000000000         2.0703571363         0.4336709744        19.1593197858
        8.3200074000         4.4000000000         2.0831187706         0.5204348080        19.4917564069
        8.3250056000         4.4000000000         2.0780141169         0.5944392543        19.3587817585
        8.3300030000         4.4000000000         2.0780141169         0.6633399457        19.3587817585
        8.3350092000         4.4000000000         2.0729094632         0.7347925146        19.2258071100
        8.3400052000         4.4000000000         2.0907757512         0.8215563482        19.6912183796
        8.3450095000         4.4000000000         2.0703571363         0.8828014072        19.1593197858
        8.3500077000         4.4000000000         2.0805664438         0.9721171183        19.4252690827
        8.3550048000         4.4000000000         2.0856710975         1.0410178097        19.5582437311
        8.3600031000         4.4000000000         2.0856710975         1.1150222560        19.5582437311
        8.3650046000         4.4000000000         2.0933280780         1.1966823347        19.7577057038
        8.3700031000         4.4000000000         2.0805664438         1.2655830261        19.4252690827
        8.3750047000         4.4000000000         2.0780141169         1.3370355949        19.3587817585
        8.3800043000         4.4000000000         2.0805664438         1.4059362863        19.4252690827
        8.3850045000         4.4000000000         2.0831187706         1.4850444875        19.4917564069
        8.3900050000         4.4000000000         2.0984327318         1.5590489338        19.8906803523
        8.3950033000         4.4000000000         2.0907757512         1.6381571351        19.6912183796
        8.4000055000         4.4000000000         2.0907757512         1.7070578265        19.6912183796
        8.4050066000         4.4000000000         2.0933280780         1.7836141502        19.7577057038
        8.4100042000         4.4000000000         2.0958804049         1.8627223515        19.8241930281
        8.4150031000         4.4000000000         2.0882234243         1.9290711654        19.6247310554
        8.4200042000         4.4000000000         2.0984327318         2.0107312441        19.8906803523
        8.4250043000         4.4000000000         2.0933280780         2.0847356904        19.7577057038
        8.4300062000         4.4000000000         2.0780141169         2.1536363818        19.3587817585
        8.4350029000         4.4000000000         2.0907757512         2.2301927056        19.6912183796
        8.4400037000         4.4000000000         2.0856710975         2.3016452744        19.5582437311
        8.4450032000         4.4000000000         2.0780141169         2.3730978433        19.3587817585
        8.4500017000         4.4000000000         2.0882234243         2.4573097994        19.6247310554
        8.4550035000         4.4000000000         2.0882234243         2.5287623683        19.6247310554
        8.4600019000         4.4000000000         2.0856710975         2.6078705695        19.5582437311
        8.4650027000         4.4000000000         2.0984327318         2.6818750158        19.8906803523
        8.4700021000         4.4000000000         2.0882234243         2.7558794621        19.6247310554
        8.4750054000         4.4000000000         2.0907757512         2.8324357859        19.6912183796
        8.4800042000         4.4000000000         2.0984327318         2.9064402322        19.8906803523
        8.4850028000         4.4000000000         2.0933280780         2.9855484334        19.7577057038
        8.4900037000         4.4000000000         2.0652524826         3.0595528797        19.0263451373
        8.4950037000         4.4000000000         2.0933280780         3.1335573261        19.7577057038
        8.5000048000         4.4000000000         2.0933280780         3.2101136498        19.7577057038
        8.5050034000         4.4000000000         2.1035373855         3.2943256060        20.0236550007
        8.5100028000         4.4000000000         2.0933280780         3.3708819297        19.7577057038
        8.5150024000         4.4000000000         2.1137466929         3.4397826211        20.2896042976
        8.5201009000         4.4000000000         2.0882234243         3.5188908224        19.6247310554
        8.5250034000         4.4000000000         2.1009850586         3.6005509010        19.9571676765
        8.5300024000         4.4000000000         2.0933280780         3.6668997150        19.7577057038
        8.5350045000         4.4000000000         2.0907757512         3.7511116711        19.6912183796
        8.5400015000         4.4000000000         2.1009850586         3.8302198724        19.9571676765
        8.5450024000         4.4000000000         2.1009850586         3.8940168088        19.9571676765
        8.5500037000         4.4000000000         2.0780141169         3.9629175002        19.3587817585
        8.5550030000         4.4000000000         2.0907757512         4.0496813338        19.6912183796
        8.5600053000         4.4000000000         2.0958804049         4.1109263928        19.8241930281
        8.5650034000         4.4000000000         2.0831187706         4.1874827166        19.4917564069
        8.5700035000         4.4000000000         2.0907757512         4.2640390404        19.6912183796
        8.5750018000         4.4000000000         2.0805664438         4.3456991191        19.4252690827
        8.5800053000         4.4000000000         2.0754617901         4.4248073203        19.2922944342
        8.5850037000         4.4000000000         2.0933280780         4.4962598892        19.7577057038
        8.5900029000         4.4000000000         2.0882234243         4.5881274777        19.6247310554
        8.5950028000         4.4000000000         2.0958804049         4.6646838015        19.8241930281
        8.6000052000         4.4000000000         2.0754617901         4.7310326154        19.2922944342
        8.6050038000         4.4000000000         2.0729094632         4.8050370617        19.2258071100
        8.6100033000         4.4000000000         2.0933280780         4.8892490178        19.7577057038
        8.6150040000         4.4000000000         2.0882234243         4.9683572191        19.6247310554
        8.6200037000         4.4000000000         2.0882234243         5.0091872584        19.6247310554
        8.6250016000         4.4000000000         2.0882234243         5.0091872584        19.6247310554
        8.6300040000         4.4000000000         2.0831187706         0.0049555613        19.4917564069
        8.6350036000         4.4000000000         2.0805664438        -0.0001481936        19.4252690827
        8.6400044000         4.4000000000         2.0882234243         0.0381299683        19.6247310554
        8.6450030000         4.4000000000         2.0882234243         0.1146862920        19.6247310554
        8.6500049000         4.4000000000         2.0729094632         0.1937944933        19.2258071100
        8.6550026000         4.4000000000         2.0780141169         0.2754545720        19.3587817585
        8.6600076000         4.4000000000         2.0627001558         0.3418033859        18.9598578131
        8.6650055000         4.4000000000         2.0703571363         0.4234634646        19.1593197858
        8.6700037000         4.4000000000         2.0754617901         0.4949160334        19.2922944342
        8.6750023000         4.4000000000         2.0729094632         0.5689204797        19.2258071100
        8.6800043000         4.4000000000         2.0627001558         0.6505805584        18.9598578131
        8.6850045000         4.4000000000         2.0780141169         0.7296887597        19.3587817585
        8.6902676000         4.4000000000         2.0882234243         0.8036932060        19.6247310554
        8.6950041000         4.4000000000         2.0703571363         0.8776976523        19.1593197858
        8.7000019000         4.4000000000         2.0780141169         0.9440464662        19.3587817585
        8.7050023000         4.4000000000         2.0652524826         1.0231546675        19.0263451373
        8.7100019000         4.4000000000         2.0805664438         1.0997109912        19.4252690827
        8.7150044000         4.4000000000         2.0754617901         1.1737154375        19.2922944342
        8.7200020000         4.4000000000         2.0780141169         1.2400642515        19.3587817585
        8.7250036000         4.4000000000         2.0882234243         1.3293799625        19.6247310554
        8.7300038000         4.4000000000         2.0703571363         1.3906250215        19.1593197858
        8.7350034000         4.4000000000         2.0805664438         1.4646294679        19.4252690827
        8.7400017000         4.4000000000         2.0780141169         1.5462895465        19.3587817585
        8.7450071000         4.4000000000         2.0907757512         1.6177421154        19.6912183796
        8.7500040000         4.4000000000         2.0678048095         1.6815390519        19.0928324616
        8.7550064000         4.4000000000         2.0524908483         1.7606472531        18.6939085162
        8.7600053000         4.4000000000         2.0907757512         1.8372035769        19.6912183796
        8.7650062000         4.4000000000         2.0780141169         1.9061042683        19.3587817585
        8.7700044000         4.4000000000         2.0831187706         1.9826605920        19.4917564069
        8.7750038000         4.4000000000         2.0780141169         2.0566650383        19.3587817585
        8.7800061000         4.4000000000         2.0754617901         2.1255657297        19.2922944342
        8.7850035000         4.4000000000         2.0831187706         2.2072258084        19.4917564069
        8.7900035000         4.4000000000         2.0907757512         2.2837821322        19.6912183796
        8.7950054000         4.4000000000         2.0831187706         2.3501309461        19.4917564069
        8.8000076000         4.4000000000         2.0984327318         2.4292391474        19.8906803523
        8.8050035000         4.4000000000         2.0882234243         2.5057954711        19.6247310554
        8.8100035000         4.4000000000         2.0805664438         2.5772480400        19.4252690827
        8.8150040000         4.4000000000         2.0933280780         2.6589081187        19.7577057038
        8.8200046000         4.4000000000         2.0882234243         2.7252569326        19.6247310554
        8.8250606000         4.4000000000         2.0984327318         2.8171245211        19.8906803523
        8.8300056000         4.4000000000         2.0856710975         2.8885770900        19.5582437311
        8.8350042000         4.4000000000         2.0831187706         2.9523740265        19.4917564069
        8.8400079000         4.4000000000         2.0958804049         3.0340341051        19.8241930281
        8.8450042000         4.4000000000         2.0933280780         3.1080385515        19.7577057038
        8.8500036000         4.4000000000         2.0831187706         3.1820429978        19.4917564069
        8.8550051000         4.4000000000         2.0958804049         3.2637030765        19.8241930281
        8.8600033000         4.4000000000         2.0882234243         3.3428112777        19.6247310554
        8.8650017000         4.4000000000         2.1035373855         3.4066082142        20.0236550007
        8.8700043000         4.4000000000         2.0831187706         3.4882682929        19.4917564069
        8.8750037000         4.4000000000         2.1009850586         3.5673764941        19.9571676765
        8.8800038000         4.4000000000         2.0958804049         3.6464846953        19.8241930281
        8.8850086000         4.4000000000         2.0882234243         3.7179372642        19.6247310554
        8.8900049000         4.4000000000         2.0907757512         3.7893898330        19.6912183796
        8.8950039000         4.4000000000         2.0984327318         3.8608424019        19.8906803523
        8.9000055000         4.4000000000         2.0805664438         3.9348468482        19.4252690827
        8.9050046000         4.4000000000         2.0907757512         4.0139550494        19.6912183796
        8.9100053000         4.4000000000         2.0805664438         4.0854076183        19.4252690827
        8.9150028000         4.4000000000         2.0882234243         4.1594120646        19.6247310554
        8.9200053000         4.4000000000         2.0907757512         4.2308646334        19.6912183796
        8.9250065000         4.4000000000         2.0805664438         4.3048690797        19.4252690827
        8.9300043000         4.4000000000         2.0703571363         4.3788735260        19.1593197858
        8.9350052000         4.4000000000         2.0856710975         4.4707411146        19.5582437311
        8.9400071000         4.4000000000         2.0754617901         4.5370899285        19.2922944342
        8.9450031000         4.4000000000         2.0856710975         4.6136462523        19.5582437311
        8.9500072000         4.4000000000         2.0933280780         4.7055138408        19.7577057038
        8.9550064000         4.4000000000         2.0780141169         4.7693107773        19.3587817585
        8.9600045000         4.4000000000         2.0805664438         4.8484189785        19.4252690827
        8.9650071000         4.4000000000         2.0958804049         4.9351828121        19.8241930281
        8.9700067000         4.4000000000         2.0780141169         5.0040835035        19.3587817585
        8.9750065000         4.4000000000         2.0805664438         4.9989797486        19.4252690827
        8.9800053000         4.4000000000         2.0729094632         1.1022628687        19.2258071100
        8.9850068000         4.4000000000         2.0729094632         0.0024036839        19.2258071100
        8.9900056000         4.4000000000         2.0831187706         0.0049555613        19.4917564069
        8.9950064000         4.4000000000         2.0882234243         0.0815118851        19.6247310554
        9.0000038000         4.4000000000         2.0882234243         0.1580682088        19.6247310554
        9.0050047000         4.4000000000         2.0703571363         0.2295207777        19.1593197858
        9.0100037000         4.4000000000         2.0703571363         0.2984214691        19.1593197858
        9.0150033000         4.4000000000         2.0703571363         0.3749777929        19.1593197858
        9.0200027000         4.4000000000         2.0780141169         0.4617416265        19.3587817585
        9.0250017000         4.4000000000         2.0856710975         0.5306423179        19.5582437311
        9.0300045000         4.4000000000         2.0729094632         0.6046467642        19.2258071100
        9.0350026000         4.4000000000         2.0780141169         0.6786512105        19.3587817585
        9.0400088000         4.4000000000         2.0780141169         0.7577594117        19.3587817585
        9.0450044000         4.4000000000         2.0754617901         0.8317638580        19.2922944342
        9.0500937000         4.4000000000         2.0882234243         0.9134239367        19.6247310554
        9.0550034000         4.4000000000         2.0754617901         0.9746689957        19.2922944342
        9.0600037000         4.4000000000         2.0831187706         1.0537771970        19.4917564069
        9.0650032000         4.4000000000         2.0678048095         1.1252297658        19.0928324616
        9.0700035000         4.4000000000         2.0805664438         1.2145454769        19.4252690827
        9.0750070000         4.4000000000         2.0831187706         1.2757905359        19.4917564069
        9.0802271000         4.4000000000         2.0907757512         1.3600024920        19.6912183796
        9.0850035000         4.4000000000         2.0754617901         1.4212475511        19.2922944342
        9.0900092000         4.4000000000         2.0805664438         1.5003557523        19.4252690827
        9.0950072000         4.4000000000         2.0754617901         1.5718083211        19.2922944342
        9.1000070000         4.4000000000         2.0856710975         1.6560202773        19.5582437311
        9.1050037000         4.4000000000         2.0882234243         1.7198172138        19.6247310554
        9.1100069000         4.4000000000         2.0678048095         1.7912697826        19.0928324616
        9.1150064000         4.4000000000         2.0831187706         1.8754817388        19.4917564069
        9.1200048000         4.4000000000         2.0780141169         1.9418305527        19.3587817585
        9.1250078000         4.4000000000         2.0933280780         2.0183868765        19.7577057038
        9.1300077000         4.4000000000         2.0882234243         2.0923913228        19.6247310554
        9.1350045000         4.4000000000         2.0831187706         2.1638438916        19.4917564069
        9.1400038000         4.4000000000         2.0780141169         2.2404002154        19.3587817585
        9.1450044000         4.4000000000         2.0882234243         2.3195084166        19.6247310554
        9.1500019000         4.4000000000         2.0958804049         2.3986166179        19.8241930281
        9.1550041000         4.4000000000         2.0831187706         2.4624135543        19.4917564069
        9.1600066000         4.4000000000         2.0907757512         2.5415217556        19.6912183796
        9.1650054000         4.4000000000         2.0805664438         2.6155262019        19.4252690827
        9.1700046000         4.4000000000         2.0882234243         2.6920825256        19.6247310554
        9.1750067000         4.4000000000         2.0805664438         2.7609832170        19.4252690827
        9.1800070000         4.4000000000         2.0907757512         2.8451951732        19.6912183796
        9.1850072000         4.4000000000         2.0907757512         2.9191996195        19.6912183796
        9.1900053000         4.4000000000         2.0831187706         2.9855484334        19.4917564069
        9.1950062000         4.4000000000         2.0933280780         3.0723122670        19.7577057038
        9.2000060000         4.4000000000         2.0805664438         3.1361092035        19.4252690827
        9.2050065000         4.4000000000         2.1086420392         3.2228730371        20.1566296492
        9.2100047000         4.4000000000         2.0984327318         3.3019812383        19.8906803523
        9.2150046000         4.4000000000         2.0703571363         3.3657781748        19.1593197858
        9.2200055000         4.4000000000         2.0856710975         3.4397826211        19.5582437311
        9.2250064000         4.4000000000         2.0805664438         3.5239945773        19.4252690827
        9.2300065000         4.4000000000         2.0907757512         3.5903433912        19.6912183796
        9.2353261000         4.4000000000         2.0805664438         3.6694515924        19.4252690827
        9.2400061000         4.4000000000         2.0882234243         3.7536635486        19.6247310554
        9.2450040000         4.4000000000         2.0984327318         3.8251161174        19.8906803523
        9.2500045000         4.4000000000         2.0805664438         3.8889130539        19.4252690827
        9.2550053000         4.4000000000         2.0958804049         3.9756768875        19.8241930281
        9.2600046000         4.4000000000         2.0958804049         4.0496813338        19.8241930281
        9.2650053000         4.4000000000         2.0907757512         4.1185820252        19.6912183796
        9.2700051000         4.4000000000         2.0780141169         4.1874827166        19.3587817585
        9.2750052000         4.4000000000         2.0754617901         4.2665909178        19.2922944342
        9.2800061000         4.4000000000         2.0882234243         4.3508028740        19.6247310554
        9.2850055000         4.4000000000         2.0907757512         4.4248073203        19.6912183796
        9.2900067000         4.4000000000         2.0958804049         4.5039155215        19.8241930281
        9.2950068000         4.4000000000         2.0882234243         4.5804718453        19.6247310554
        9.3000056000         4.4000000000         2.0907757512         4.6570281691        19.6912183796
        9.3050563000         4.4000000000         2.0780141169         4.7284807379        19.3587817585
        9.3100052000         4.4000000000         2.0780141169         4.8024851842        19.3587817585
        9.3150045000         4.4000000000         2.0780141169         4.8892490178        19.3587817585
        9.3200047000         4.4000000000         2.0907757512         4.9683572191        19.6912183796
        9.3250048000         4.4000000000         2.0856710975         5.0117391359        19.5582437311
        9.3300032000         4.4000000000         2.0780141169         5.0040835035        19.3587817585
        9.3350047000         4.4000000000         2.0882234243         0.0049555613        19.6247310554
        9.3400035000         4.4000000000         2.0805664438         0.0049555613        19.4252690827
        9.3450048000         4.4000000000         2.0831187706         0.0381299683        19.4917564069
        9.3500054000         4.4000000000         2.0780141169         0.1121344146        19.3587817585
        9.3550038000         4.4000000000         2.0627001558         0.1886907384        18.9598578131
        9.3600030000         4.4000000000         2.0856710975         0.2729026945        19.5582437311
        9.3650047000         4.4000000000         2.0831187706         0.3520108957        19.4917564069
        9.3700027000         4.4000000000         2.0831187706         0.4336709744        19.4917564069
        9.3750048000         4.4000000000         2.0780141169         0.4974679109        19.3587817585
        9.3800039000         4.4000000000         2.0729094632         0.5689204797        19.2258071100
        9.3850062000         4.4000000000         2.0831187706         0.6480286810        19.4917564069
        9.3900033000         4.4000000000         2.0601478289         0.7169293724        18.8933704889
        9.3950046000         4.4000000000         2.0780141169         0.8011413285        19.3587817585
        9.4000060000         4.4000000000         2.0805664438         0.8828014072        19.4252690827
        9.4050048000         4.4000000000         2.0805664438         0.9517020986        19.4252690827
        9.4100030000         4.4000000000         2.0907757512         1.0359140547        19.6912183796
        9.4150047000         4.4000000000         2.0831187706         1.1022628687        19.4917564069
        9.4200051000         4.4000000000         2.0703571363         1.1762673150        19.1593197858
        9.4250046000         4.4000000000         2.0856710975         1.2477198838        19.5582437311
        9.4300033000         4.4000000000         2.0882234243         1.3268280851        19.6247310554
        9.4350046000         4.4000000000         2.0831187706         1.3931768990        19.4917564069
        9.4400046000         4.4000000000         2.0856710975         1.4748369777        19.5582437311
        9.4450048000         4.4000000000         2.0856710975         1.5437376691        19.5582437311
        9.4500038000         4.4000000000         2.0729094632         1.6177421154        19.2258071100
        9.4550047000         4.4000000000         2.0805664438         1.6891946843        19.4252690827
        9.4600029000         4.4000000000         2.0933280780         1.7606472531        19.7577057038
        9.4650049000         4.4000000000         2.0805664438         1.8397554543        19.4252690827
        9.4700035000         4.4000000000         2.0754617901         1.9112080232        19.2922944342
        9.4750047000         4.4000000000         2.0958804049         1.9903162244        19.8241930281
        9.4801729000         4.4000000000         2.0958804049         2.0668725482        19.8241930281
        9.4850048000         4.4000000000         2.1009850586         2.1434288720        19.9571676765
        9.4900046000         4.4000000000         2.0831187706         2.2072258084        19.4917564069
        9.4950041000         4.4000000000         2.0856710975         2.2863340097        19.5582437311
        9.5000047000         4.4000000000         2.0831187706         2.3628903334        19.4917564069
        9.5050032000         4.4000000000         2.0933280780         2.4394466572        19.7577057038
        9.5100031000         4.4000000000         2.0907757512         2.5083473486        19.6912183796
        9.5150044000         4.4000000000         2.1009850586         2.5925593047        19.9571676765
        9.5200043000         4.4000000000         2.0907757512         2.6614599961        19.6912183796
        9.5250051000         4.4000000000         2.0958804049         2.7431200748        19.8241930281
        9.5300047000         4.4000000000         2.0933280780         2.8171245211        19.7577057038
        9.5350027000         4.4000000000         2.1009850586         2.8809214576        19.9571676765
        9.5400025000         4.4000000000         2.1086420392         2.9778928011        20.1566296492
        9.5450041000         4.4000000000         2.0907757512         3.0365859826        19.6912183796
        9.5500017000         4.4000000000         2.0729094632         3.1156941838        19.2258071100
        9.5550062000         4.4000000000         2.0882234243         3.1896986301        19.6247310554
        9.5600043000         4.4000000000         2.0958804049         3.2662549539        19.8241930281
        9.5650034000         4.4000000000         2.0805664438         3.3428112777        19.4252690827
        9.5700045000         4.4000000000         2.1009850586         3.4244713564        19.9571676765
        9.5750040000         4.4000000000         2.0805664438         3.5035795576        19.4252690827
        9.5800019000         4.4000000000         2.0907757512         3.5724802490        19.6912183796
        9.5850058000         4.4000000000         2.0933280780         3.6515884502        19.7577057038
        9.5900038000         4.4000000000         2.0958804049         3.7281447740        19.8241930281
        9.5950052000         4.4000000000         2.0882234243         3.8021492203        19.6247310554
        9.6000324000         4.4000000000         2.0933280780         3.8787055441        19.7577057038
        9.6050041000         4.4000000000         2.0831187706         3.9527099904        19.4917564069
        9.6100048000         4.4000000000         2.0933280780         4.0267144367        19.7577057038
        9.6150052000         4.4000000000         2.0703571363         4.1083745154        19.1593197858
        9.6200039000         4.4000000000         2.0882234243         4.1772752068        19.6247310554
        9.6250052000         4.4000000000         2.0958804049         4.2563834080        19.8241930281
        9.6300049000         4.4000000000         2.0958804049         4.3354916092        19.8241930281
        9.6350064000         4.4000000000         2.0524908483         4.3992885457        18.6939085162
        9.6400053000         4.4000000000         2.0984327318         4.4835005019        19.8906803523
        9.6450031000         4.4000000000         2.0805664438         4.5626087031        19.4252690827
        9.6500019000         4.4000000000         2.0831187706         4.6391650269        19.4917564069
        9.6550120000         4.4000000000         2.0831187706         4.7131694732        19.4917564069
        9.6600054000         4.4000000000         2.0882234243         4.7973814293        19.6247310554
        9.6650117000         4.4000000000         2.0805664438         4.8637302433        19.4252690827
        9.6700045000         4.4000000000         2.0780141169         4.9453903219        19.3587817585
        9.6750030000         4.4000000000         2.0678048095         5.0066353810        19.0928324616
        9.6800081000         4.4000000000         2.1009850586         5.0117391359        19.9571676765
        9.6850035000         4.4000000000         2.0882234243         1.1124703785        19.6247310554
        9.6900039000         4.4000000000         2.0831187706         0.0024036839        19.4917564069
        9.6950074000         4.4000000000         2.0831187706         0.0228187035        19.4917564069
        9.7000077000         4.4000000000         2.0754617901         0.0917193949        19.2922944342
        9.7050072000         4.4000000000         2.0601478289         0.1759313511        18.8933704889
        9.7100065000         4.4000000000         2.0703571363         0.2448320425        19.1593197858
        9.7150067000         4.4000000000         2.0882234243         0.3315958761        19.6247310554
        9.7200061000         4.4000000000         2.0780141169         0.4056003224        19.3587817585
        9.7250070000         4.4000000000         2.0780141169         0.4872604011        19.3587817585
        9.7300080000         4.4000000000         2.0780141169         0.5561610925        19.3587817585
        9.7350070000         4.4000000000         2.0907757512         0.6378211711        19.6912183796
        9.7400063000         4.4000000000         2.0703571363         0.7092737400        19.1593197858
        9.7450071000         4.4000000000         2.0907757512         0.7858300638        19.6912183796
        9.7500042000         4.4000000000         2.0678048095         0.8547307552        19.0928324616
        9.7550026000         4.4000000000         2.0729094632         0.9287352015        19.2258071100
        9.7600056000         4.4000000000         2.0831187706         1.0103952802        19.4917564069
        9.7650060000         4.4000000000         2.0907757512         1.0946072363        19.6912183796
        9.7700069000         4.4000000000         2.0805664438         1.1584041728        19.4252690827
        9.7750057000         4.4000000000         2.0422815409         1.2298567416        18.4279592193
        9.7800040000         4.4000000000         2.0678048095         1.3013093105        19.0928324616
        9.7850055000         4.4000000000         2.0805664438         1.3778656343        19.4252690827
        9.7900040000         4.4000000000         2.0729094632         1.4493182031        19.2258071100
        9.7950048000         4.4000000000         2.0856710975         1.5258745269        19.5582437311
        9.8000068000         4.4000000000         2.0831187706         1.6100864830        19.4917564069
        9.8050081000         4.4000000000         2.0729094632         1.6687796646        19.2258071100
        9.8100082000         4.4000000000         2.0882234243         1.7504397433        19.6247310554
        9.8150089000         4.4000000000         2.0856710975         1.8244441896        19.5582437311
        9.8200072000         4.4000000000         2.0882234243         1.9035523908        19.6247310554
        9.8250044000         4.4000000000         2.0933280780         1.9750049597        19.7577057038
        9.8300041000         4.4000000000         2.0805664438         2.0388018961        19.4252690827
        9.8350095000         4.4000000000         2.0856710975         2.1179100974        19.5582437311
        9.8400037000         4.4000000000         2.0856710975         2.1893626662        19.5582437311
        9.8450052000         4.4000000000         2.0805664438         2.2735746224        19.4252690827
        9.8500053000         4.4000000000         2.0907757512         2.3552347011        19.6912183796
        9.8550066000         4.4000000000         2.0907757512         2.4241353924        19.6912183796
        9.8600999000         4.4000000000         2.0907757512         2.4930360838        19.6912183796
        9.8650053000         4.4000000000         2.0856710975         2.5721442851        19.5582437311
        9.8700033000         4.4000000000         2.0984327318         2.6487006088        19.8906803523
        9.8750038000         4.4000000000         2.0907757512         2.7252569326        19.6912183796
        9.8800063000         4.4000000000         2.0882234243         2.7992613789        19.6247310554
        9.8850036000         4.4000000000         2.0882234243         2.8732658252        19.6247310554
        9.8900053000         4.4000000000         2.0984327318         2.9523740265        19.8906803523
        9.8950042000         4.4000000000         2.0933280780         3.0289303502        19.7577057038
        9.9000027000         4.4000000000         2.0907757512         3.1080385515        19.6912183796
        9.9050058000         4.4000000000         2.0882234243         3.1718354879        19.6247310554
        9.9100038000         4.4000000000         2.0754617901         3.2483918117        19.2922944342
        9.9150030000         4.4000000000         2.0831187706         3.3223962580        19.4917564069
        9.9200051000         4.4000000000         2.1035373855         3.3989525818        20.0236550007
        9.9250033000         4.4000000000         2.0780141169         3.4755089056        19.3587817585
        9.9300058000         4.4000000000         2.0831187706         3.5520652293        19.4917564069
        9.9350062000         4.4000000000         2.1086420392         3.6311734306        20.1566296492
        9.9400061000         4.4000000000         2.0805664438         3.7051778769        19.4252690827
        9.9450065000         4.4000000000         2.0933280780         3.7766304457        19.7577057038
        9.9500049000         4.4000000000         2.0780141169         3.8480830146        19.3587817585
        9.9550056000         4.4000000000         2.0703571363         3.9246393383        19.1593197858
        9.9600045000         4.4000000000         2.0958804049         4.0011956621        19.8241930281
        9.9650026000         4.4000000000         2.0780141169         4.0752001084        19.3587817585
        9.9700014000         4.4000000000         2.0958804049         4.1466526773        19.8241930281
        9.9750054000         4.4000000000         2.0958804049         4.2283127560        19.8241930281
        9.9800054000         4.4000000000         2.0831187706         4.3099728347        19.4917564069
        9.9850042000         4.4000000000         2.0907757512         4.3865291584        19.6912183796
        9.9900016000         4.4000000000         2.0984327318         4.4579817273        19.8906803523
        9.9950020000         4.4000000000         2.0856710975         4.5370899285        19.5582437311
