% Motor Sweep Step 24/50
% Vcmd       = 1.3000 [V]
% Direction  = CCW
% Vg_offset  = 1.334866 [V]
% K_gimbal   = 26.049690 [(rad/s)/V]

Time[s]              Vcmd[V]              Vg_raw[V]            Pot[V]               Omega[rad/s]
        0.0000138000         1.3000000000         1.3429439823         3.6005509010         0.2104323812
        0.0050109000         1.3000000000         1.3352870017         3.5954471461         0.0109704085
        0.0100058000         1.3000000000         1.3301823480         3.5877915138        -0.1220042400
        0.0150074000         1.3000000000         1.3225253674         3.5928952687        -0.3214662126
        0.0200085000         1.3000000000         1.0290077789         3.5673764941        -7.9675084987
        0.0250068000         1.3000000000         1.1106822383         3.5444095970        -5.8399141235
        0.0300065000         1.3000000000         1.1413101606         3.5367539646        -5.0420662327
        0.0350069000         1.3000000000         1.0443217401         3.5010276801        -7.5685845533
        0.0400054000         1.3000000000         1.0723973355         3.4831645379        -6.8372239869
        0.0450079000         1.3000000000         1.0596357012         3.4499901310        -7.1696606080
        0.0500078000         1.3000000000         1.0034845104         3.4193676015        -8.6323817410
        0.0550066000         1.3000000000         1.0290077789         3.3836413170        -7.9675084987
        0.0600074000         1.3000000000         1.0085891641         3.3530187875        -8.4994070925
        0.0650057000         1.3000000000         0.9983798566         3.3198443806        -8.7653563894
        0.0700061000         1.3000000000         0.9830658955         3.2892218510        -9.1642803348
        0.0750056000         1.3000000000         0.9805135686         3.2458399342        -9.2307676590
        0.0800065000         1.3000000000         0.9754089149         3.2126655273        -9.3637423075
        0.0850068000         1.3000000000         0.9626472806         3.1794911203        -9.6961789286
        0.0900070000         1.3000000000         0.9626472806         3.1386610810        -9.6961789286
        0.0950063000         1.3000000000         0.9473333195         3.1029347965       -10.0951028740
        0.1000067000         1.3000000000         0.9600949538         3.0672085121        -9.7626662528
        0.1050068000         1.3000000000         0.9371240121         3.0365859826       -10.3610521709
        0.1100068000         1.3000000000         0.9473333195         2.9855484334       -10.0951028740
        0.1150037000         1.3000000000         0.9269147047         2.9447183941       -10.6270014678
        0.1200071000         1.3000000000         0.9243623778         2.8987845998       -10.6934887920
        0.1250068000         1.3000000000         0.9269147047         2.8732658252       -10.6270014678
        0.1300064000         1.3000000000         0.9243623778         2.8222282761       -10.6934887920
        0.1350050000         1.3000000000         0.9064960898         2.7839501142       -11.1589000616
        0.1400076000         1.3000000000         0.9320193584         2.7456719523       -10.4940268193
        0.1450041000         1.3000000000         0.9064960898         2.6920825256       -11.1589000616
        0.1500065000         1.3000000000         0.8937344555         2.6563562412       -11.4913366827
        0.1550066000         1.3000000000         0.9141530704         2.6129743244       -10.9594380889
        0.1600067000         1.3000000000         0.8988391092         2.5721442851       -11.3583620343
        0.1650042000         1.3000000000         0.8988391092         2.5262104908       -11.3583620343
        0.1700084000         1.3000000000         0.8988391092         2.4802766965       -11.3583620343
        0.1750065000         1.3000000000         0.8860774750         2.4368947797       -11.6907986554
        0.1800064000         1.3000000000         0.8911821287         2.3935128629       -11.5578240069
        0.1850045000         1.3000000000         0.8835251481         2.3424753138       -11.7572859796
        0.1900045000         1.3000000000         0.8835251481         2.3118527843       -11.7572859796
        0.1950049000         1.3000000000         0.8835251481         2.2557114802       -11.7572859796
        0.2000053000         1.3000000000         0.8860774750         2.2148814408       -11.6907986554
        0.2050026000         1.3000000000         0.8784204944         2.1663957691       -11.8902606281
        0.2100046000         1.3000000000         0.8733158407         2.1128063424       -12.0232352765
        0.2150054000         1.3000000000         0.8631065332         2.0745281806       -12.2891845734
        0.2200128000         1.3000000000         0.8758681675         2.0260425088       -11.9567479523
        0.2250036000         1.3000000000         0.8682111870         1.9852124695       -12.1562099250
        0.2300047000         1.3000000000         0.8605542064         1.9265192879       -12.3556718977
        0.2350032000         1.3000000000         0.8682111870         1.8856892486       -12.1562099250
        0.2400047000         1.3000000000         0.8554495527         1.8397554543       -12.4886465461
        0.2450039000         1.3000000000         0.8580018795         1.7938216601       -12.4221592219
        0.2500047000         1.3000000000         0.8631065332         1.7529916207       -12.2891845734
        0.2550052000         1.3000000000         0.8503448990         1.7019540715       -12.6216211946
        0.2600047000         1.3000000000         0.8605542064         1.6585721547       -12.3556718977
        0.2650035000         1.3000000000         0.8426879184         1.6024308506       -12.8210831673
        0.2700598000         1.3000000000         0.8528972258         1.5539451789       -12.5551338703
        0.2750074000         1.3000000000         0.8528972258         1.5054595072       -12.5551338703
        0.2800057000         1.3000000000         0.8503448990         1.4620775904       -12.6216211946
        0.2850043000         1.3000000000         0.8375832647         1.4033844088       -12.9540578157
        0.2900060000         1.3000000000         0.8375832647         1.3625543695       -12.9540578157
        0.2950050000         1.3000000000         0.8477925721         1.3166205752       -12.6881085188
        0.3000080000         1.3000000000         0.8426879184         1.2655830261       -12.8210831673
        0.3050248000         1.3000000000         0.8401355915         1.2145454769       -12.8875704915
        0.3100078000         1.3000000000         0.8426879184         1.1686116826       -12.8210831673
        0.3150073000         1.3000000000         0.8452402453         1.1252297658       -12.7545958430
        0.3200067000         1.3000000000         0.8375832647         1.0690884617       -12.9540578157
        0.3250065000         1.3000000000         0.8248216304         1.0180509125       -13.2864944368
        0.3300054000         1.3000000000         0.8350309378         0.9721171183       -13.0205451399
        0.3350065000         1.3000000000         0.8299262841         0.9134239367       -13.1535197884
        0.3400054000         1.3000000000         0.8273739573         0.8623863875       -13.2200071126
        0.3450073000         1.3000000000         0.8350309378         0.8113488384       -13.0205451399
        0.3500066000         1.3000000000         0.8324786110         0.7654150441       -13.0870324642
        0.3550072000         1.3000000000         0.8146123230         0.7016181076       -13.5524437337
        0.3600053000         1.3000000000         0.8197169767         0.6480286810       -13.4194690853
        0.3650069000         1.3000000000         0.8222693035         0.5969911318       -13.3529817611
        0.3700065000         1.3000000000         0.8299262841         0.5485054601       -13.1535197884
        0.3750061000         1.3000000000         0.8120599961         0.4923641560       -13.6189310580
        0.3800046000         1.3000000000         0.8324786110         0.4515341166       -13.0870324642
        0.3850063000         1.3000000000         0.8197169767         0.3826334252       -13.4194690853
        0.3900034000         1.3000000000         0.8171646498         0.3366996310       -13.4859564095
        0.3950066000         1.3000000000         0.8324786110         0.2958695916       -13.0870324642
        0.4000056000         1.3000000000         0.8324786110         0.2371764101       -13.0870324642
        0.4050066000         1.3000000000         0.8197169767         0.1835869834       -13.4194690853
        0.4100055000         1.3000000000         0.8248216304         0.1197900470       -13.2864944368
        0.4150064000         1.3000000000         0.8273739573         0.0764081302       -13.2200071126
        0.4200031000         1.3000000000         0.8299262841         0.0253705810       -13.1535197884
        0.4250059000         1.3000000000         0.8401355915         0.0075074388       -12.8875704915
        0.4300066000         1.3000000000         0.8197169767         0.0049555613       -13.4194690853
        0.4350065000         1.3000000000         0.8375832647         1.0997109912       -12.9540578157
        0.4400066000         1.3000000000         0.8171646498         4.9964278711       -13.4859564095
        0.4450050000         1.3000000000         0.8222693035         4.9989797486       -13.3529817611
        0.4500071000         1.3000000000         0.8324786110         5.0142910133       -13.0870324642
        0.4550068000         1.3000000000         0.8350309378         4.9811166064       -13.0205451399
        0.4600065000         1.3000000000         0.8299262841         4.9173196699       -13.1535197884
        0.4650062000         1.3000000000         0.8171646498         4.8713858756       -13.4859564095
        0.4700042000         1.3000000000         0.8375832647         4.8075889392       -12.9540578157
        0.4750080000         1.3000000000         0.8197169767         4.7591032674       -13.4194690853
        0.4800049000         1.3000000000         0.8248216304         4.7004100859       -13.2864944368
        0.4850066000         1.3000000000         0.8299262841         4.6493725367       -13.1535197884
        0.4900078000         1.3000000000         0.8222693035         4.6034387424       -13.3529817611
        0.4950072000         1.3000000000         0.8324786110         4.5472974383       -13.0870324642
        0.5002041000         1.3000000000         0.8248216304         4.4835005019       -13.2864944368
        0.5050071000         1.3000000000         0.8248216304         4.4375667076       -13.2864944368
        0.5100056000         1.3000000000         0.8248216304         4.3865291584       -13.2864944368
        0.5150089000         1.3000000000         0.8273739573         4.3431472416       -13.2200071126
        0.5200054000         1.3000000000         0.8324786110         4.2895578150       -13.0870324642
        0.5250061000         1.3000000000         0.8401355915         4.2410721433       -12.8875704915
        0.5301296000         1.3000000000         0.8248216304         4.1798270842       -13.2864944368
        0.5350055000         1.3000000000         0.8324786110         4.1287895351       -13.0870324642
        0.5400217000         1.3000000000         0.8375832647         4.0879594957       -12.9540578157
        0.5450058000         1.3000000000         0.8248216304         4.0420257015       -13.2864944368
        0.5500057000         1.3000000000         0.8222693035         3.9782287650       -13.3529817611
        0.5550082000         1.3000000000         0.8477925721         3.9399506031       -12.6881085188
        0.5600070000         1.3000000000         0.8248216304         3.8787055441       -13.2864944368
        0.5650041000         1.3000000000         0.8401355915         3.8353236273       -12.8875704915
        0.5700068000         1.3000000000         0.8324786110         3.7842860781       -13.0870324642
        0.5750043000         1.3000000000         0.8324786110         3.7383522838       -13.0870324642
        0.5800080000         1.3000000000         0.8324786110         3.6898666121       -13.0870324642
        0.5850047000         1.3000000000         0.8426879184         3.6362771855       -12.8210831673
        0.5900062000         1.3000000000         0.8248216304         3.5852396363       -13.2864944368
        0.5950051000         1.3000000000         0.8324786110         3.5290983322       -13.0870324642
        0.6000050000         1.3000000000         0.8299262841         3.4857164154       -13.1535197884
        0.6050043000         1.3000000000         0.8299262841         3.4295751113       -13.1535197884
        0.6100053000         1.3000000000         0.8426879184         3.3836413170       -12.8210831673
        0.6150033000         1.3000000000         0.8401355915         3.3377075228       -12.8875704915
        0.6200050000         1.3000000000         0.8324786110         3.2866699736       -13.0870324642
        0.6250030000         1.3000000000         0.8273739573         3.2330805470       -13.2200071126
        0.6300049000         1.3000000000         0.8401355915         3.1973542625       -12.8875704915
        0.6350049000         1.3000000000         0.8248216304         3.1361092035       -13.2864944368
        0.6400048000         1.3000000000         0.8350309378         3.0876235318       -13.0205451399
        0.6450032000         1.3000000000         0.8401355915         3.0365859826       -12.8875704915
        0.6500049000         1.3000000000         0.8273739573         2.9855484334       -13.2200071126
        0.6550050000         1.3000000000         0.8350309378         2.9370627617       -13.0205451399
        0.6600093000         1.3000000000         0.8248216304         2.8834733351       -13.2864944368
        0.6650053000         1.3000000000         0.8324786110         2.8426432957       -13.0870324642
        0.6700042000         1.3000000000         0.8299262841         2.7865019916       -13.1535197884
        0.6750033000         1.3000000000         0.8222693035         2.7278088101       -13.3529817611
        0.6800051000         1.3000000000         0.8324786110         2.6895306482       -13.0870324642
        0.6850034000         1.3000000000         0.8222693035         2.6308374666       -13.3529817611
        0.6900048000         1.3000000000         0.8350309378         2.5823517949       -13.0205451399
        0.6950033000         1.3000000000         0.8401355915         2.5415217556       -12.8875704915
        0.7000044000         1.3000000000         0.8273739573         2.4828285740       -13.2200071126
        0.7050035000         1.3000000000         0.8171646498         2.4317910248       -13.4859564095
        0.7100048000         1.3000000000         0.8350309378         2.3858572306       -13.0205451399
        0.7150029000         1.3000000000         0.8095076693         2.3246121715       -13.6854183822
        0.7200047000         1.3000000000         0.8299262841         2.2837821322       -13.1535197884
        0.7250034000         1.3000000000         0.8248216304         2.2250889506       -13.2864944368
        0.7300048000         1.3000000000         0.8197169767         2.1740514015       -13.4194690853
        0.7350528000         1.3000000000         0.8222693035         2.1204619748       -13.3529817611
        0.7400046000         1.3000000000         0.8171646498         2.0719763031       -13.4859564095
        0.7450066000         1.3000000000         0.8273739573         2.0183868765       -13.2200071126
        0.7500047000         1.3000000000         0.8248216304         1.9750049597       -13.2864944368
        0.7550048000         1.3000000000         0.8069553424         1.9112080232       -13.7519057064
        0.7600037000         1.3000000000         0.8273739573         1.8652742289       -13.2200071126
        0.7650049000         1.3000000000         0.8273739573         1.8244441896       -13.2200071126
        0.7700046000         1.3000000000         0.8273739573         1.7683028855       -13.2200071126
        0.7750050000         1.3000000000         0.8222693035         1.7172653363       -13.3529817611
        0.7800050000         1.3000000000         0.8171646498         1.6662277871       -13.4859564095
        0.7850049000         1.3000000000         0.8095076693         1.6151902379       -13.6854183822
        0.7900034000         1.3000000000         0.8197169767         1.5616008113       -13.4194690853
        0.7950063000         1.3000000000         0.8120599961         1.5105632621       -13.6189310580
        0.8000039000         1.3000000000         0.8146123230         1.4595257129       -13.5524437337
        0.8050062000         1.3000000000         0.8197169767         1.4008325314       -13.4194690853
        0.8100529000         1.3000000000         0.8120599961         1.3574506146       -13.6189310580
        0.8150061000         1.3000000000         0.8273739573         1.3140686978       -13.2200071126
        0.8200165000         1.3000000000         0.7992983618         1.2553755162       -13.9513676791
        0.8250113000         1.3000000000         0.8171646498         1.2017860896       -13.4859564095
        0.8300060000         1.3000000000         0.8197169767         1.1481966629       -13.4194690853
        0.8350067000         1.3000000000         0.8044030155         1.0920553588       -13.8183930307
        0.8400067000         1.3000000000         0.8222693035         1.0537771970       -13.3529817611
        0.8450067000         1.3000000000         0.8197169767         0.9950840154       -13.4194690853
        0.8500064000         1.3000000000         0.8018506887         0.9389427113       -13.8848803549
        0.8550067000         1.3000000000         0.8018506887         0.8802495297       -13.8848803549
        0.8600417000         1.3000000000         0.8171646498         0.8292119806       -13.4859564095
        0.8650087000         1.3000000000         0.7992983618         0.7730706765       -13.9513676791
        0.8700044000         1.3000000000         0.8222693035         0.7245850047       -13.3529817611
        0.8750122000         1.3000000000         0.8222693035         0.6709955781       -13.3529817611
        0.8800039000         1.3000000000         0.8146123230         0.6148542740       -13.5524437337
        0.8850063000         1.3000000000         0.8222693035         0.5765761121       -13.3529817611
        0.8900056000         1.3000000000         0.8095076693         0.5127791757       -13.6854183822
        0.8950047000         1.3000000000         0.8222693035         0.4668453814       -13.3529817611
        0.9000033000         1.3000000000         0.8018506887         0.4030484449       -13.8848803549
        0.9050055000         1.3000000000         0.8222693035         0.3596665281       -13.3529817611
        0.9102099000         1.3000000000         0.8197169767         0.3060771015       -13.4194690853
        0.9150056000         1.3000000000         0.8146123230         0.2448320425       -13.5524437337
        0.9200195000         1.3000000000         0.8044030155         0.1937944933       -13.8183930307
        0.9250074000         1.3000000000         0.8095076693         0.1351013117       -13.6854183822
        0.9300045000         1.3000000000         0.8248216304         0.0815118851       -13.2864944368
        0.9350061000         1.3000000000         0.8095076693         0.0279224584       -13.6854183822
        0.9400068000         1.3000000000         0.8197169767         0.0024036839       -13.4194690853
        0.9450064000         1.3000000000         0.8222693035         0.0075074388       -13.3529817611
        0.9500065000         1.3000000000         0.8197169767         1.1175741334       -13.4194690853
        0.9550081000         1.3000000000         0.8146123230         4.9811166064       -13.5524437337
        0.9600053000         1.3000000000         0.8248216304         5.0142910133       -13.2864944368
        0.9650057000         1.3000000000         0.8095076693         4.9989797486       -13.6854183822
        0.9700049000         1.3000000000         0.8197169767         4.9760128515       -13.4194690853
        0.9750059000         1.3000000000         0.8069553424         4.9147677924       -13.7519057064
        0.9800084000         1.3000000000         0.8171646498         4.8637302433       -13.4859564095
        0.9850085000         1.3000000000         0.8146123230         4.7973814293       -13.5524437337
        0.9900074000         1.3000000000         0.8120599961         4.7488957576       -13.6189310580
        0.9950089000         1.3000000000         0.8248216304         4.7080657183       -13.2864944368
        1.0000086000         1.3000000000         0.8273739573         4.6493725367       -13.2200071126
        1.0050052000         1.3000000000         0.8197169767         4.5932312326       -13.4194690853
        1.0100071000         1.3000000000         0.8095076693         4.5294342961       -13.6854183822
        1.0150056000         1.3000000000         0.8299262841         4.4860523793       -13.1535197884
        1.0200068000         1.3000000000         0.8197169767         4.4350148301       -13.4194690853
        1.0250043000         1.3000000000         0.8222693035         4.3865291584       -13.3529817611
        1.0300110000         1.3000000000         0.8171646498         4.3227322219       -13.4859564095
        1.0350056000         1.3000000000         0.8248216304         4.2793503051       -13.2864944368
        1.0400072000         1.3000000000         0.8120599961         4.2206571236       -13.6189310580
        1.0450056000         1.3000000000         0.8299262841         4.1798270842       -13.1535197884
        1.0500083000         1.3000000000         0.8069553424         4.1185820252       -13.7519057064
        1.0550089000         1.3000000000         0.8273739573         4.0777519859       -13.2200071126
        1.0600055000         1.3000000000         0.8171646498         4.0165069269       -13.4859564095
        1.0650042000         1.3000000000         0.8120599961         3.9705731326       -13.6189310580
        1.0700065000         1.3000000000         0.8248216304         3.9093280736       -13.2864944368
        1.0750454000         1.3000000000         0.8120599961         3.8684980342       -13.6189310580
        1.0800072000         1.3000000000         0.8222693035         3.8123567301       -13.3529817611
        1.0850544000         1.3000000000         0.8171646498         3.7536635486       -13.4859564095
        1.0900066000         1.3000000000         0.8120599961         3.7077297543       -13.6189310580
        1.0950053000         1.3000000000         0.8248216304         3.6617959601       -13.2864944368
        1.1000047000         1.3000000000         0.8273739573         3.6082065334       -13.2200071126
        1.1050055000         1.3000000000         0.8171646498         3.5597208617       -13.4859564095
        1.1100037000         1.3000000000         0.8248216304         3.5035795576       -13.2864944368
        1.1150047000         1.3000000000         0.8120599961         3.4550938859       -13.6189310580
        1.1200032000         1.3000000000         0.8197169767         3.4040563367       -13.4194690853
        1.1250065000         1.3000000000         0.8222693035         3.3606744199       -13.3529817611
        1.1300072000         1.3000000000         0.8197169767         3.2943256060       -13.4194690853
        1.1350064000         1.3000000000         0.8171646498         3.2509436892       -13.4859564095
        1.1400064000         1.3000000000         0.8375832647         3.2075617724       -12.9540578157
        1.1450061000         1.3000000000         0.8095076693         3.1437648359       -13.6854183822
        1.1500292000         1.3000000000         0.8248216304         3.0978310416       -13.2864944368
        1.1550090000         1.3000000000         0.8222693035         3.0442416150       -13.3529817611
        1.1600098000         1.3000000000         0.8146123230         3.0008596982       -13.5524437337
        1.1650058000         1.3000000000         0.8248216304         2.9370627617       -13.2864944368
        1.1700043000         1.3000000000         0.8222693035         2.8834733351       -13.3529817611
        1.1750055000         1.3000000000         0.8248216304         2.8477470506       -13.2864944368
        1.1800073000         1.3000000000         0.8222693035         2.7813982367       -13.3529817611
        1.1850067000         1.3000000000         0.8273739573         2.7380163199       -13.2200071126
        1.1900042000         1.3000000000         0.8146123230         2.6844268933       -13.5524437337
        1.1950073000         1.3000000000         0.8095076693         2.6435968539       -13.6854183822
        1.2000161000         1.3000000000         0.8273739573         2.5849036724       -13.2200071126
        1.2050061000         1.3000000000         0.8222693035         2.5338661232       -13.3529817611
        1.2100049000         1.3000000000         0.8248216304         2.4777248191       -13.2864944368
        1.2150130000         1.3000000000         0.8171646498         2.4317910248       -13.4859564095
        1.2200089000         1.3000000000         0.8299262841         2.3807534756       -13.1535197884
        1.2250088000         1.3000000000         0.8171646498         2.3297159265       -13.4859564095
        1.2300043000         1.3000000000         0.8171646498         2.2761264998       -13.4859564095
        1.2350053000         1.3000000000         0.8171646498         2.2276408281       -13.4859564095
        1.2400136000         1.3000000000         0.8171646498         2.1689476465       -13.4859564095
        1.2450051000         1.3000000000         0.8018506887         2.1128063424       -13.8848803549
        1.2500035000         1.3000000000         0.8197169767         2.0719763031       -13.4194690853
        1.2550048000         1.3000000000         0.8324786110         2.0183868765       -13.0870324642
        1.2600032000         1.3000000000         0.8069553424         1.9699012047       -13.7519057064
        1.2650047000         1.3000000000         0.8146123230         1.9086561457       -13.5524437337
        1.2700043000         1.3000000000         0.8248216304         1.8678261064       -13.2864944368
        1.2750075000         1.3000000000         0.8197169767         1.8218923121       -13.4194690853
        1.2800054000         1.3000000000         0.8273739573         1.7657510080       -13.2200071126
        1.2850070000         1.3000000000         0.8171646498         1.7147134588       -13.4859564095
        1.2900072000         1.3000000000         0.8273739573         1.6713315420       -13.2200071126
        1.2950100000         1.3000000000         0.8069553424         1.6075346056       -13.7519057064
        1.3000065000         1.3000000000         0.8197169767         1.5590489338       -13.4194690853
        1.3050123000         1.3000000000         0.8095076693         1.5029076297       -13.6854183822
        1.3100112000         1.3000000000         0.8095076693         1.4544219580       -13.6854183822
        1.3150058000         1.3000000000         0.8120599961         1.4033844088       -13.6189310580
        1.3200114000         1.3000000000         0.8171646498         1.3523468597       -13.4859564095
        1.3250053000         1.3000000000         0.8222693035         1.2987574330       -13.3529817611
        1.3300042000         1.3000000000         0.8248216304         1.2553755162       -13.2864944368
        1.3350059000         1.3000000000         0.8197169767         1.1992342121       -13.4194690853
        1.3401695000         1.3000000000         0.8146123230         1.1430929080       -13.5524437337
        1.3450039000         1.3000000000         0.8146123230         1.0946072363       -13.5524437337
        1.3508205000         1.3000000000         0.8222693035         1.0461215646       -13.3529817611
        1.3550057000         1.3000000000         0.8248216304         0.9976358929       -13.2864944368
        1.3601614000         1.3000000000         0.8095076693         0.9363908338       -13.6854183822
        1.3650048000         1.3000000000         0.8018506887         0.8853532847       -13.8848803549
        1.3700036000         1.3000000000         0.8299262841         0.8419713679       -13.1535197884
        1.3750049000         1.3000000000         0.8018506887         0.7807263088       -13.8848803549
        1.3800110000         1.3000000000         0.8248216304         0.7373443920       -13.2864944368
        1.3850038000         1.3000000000         0.8146123230         0.6735474556       -13.5524437337
        1.3900039000         1.3000000000         0.8120599961         0.6199580289       -13.6189310580
        1.3950047000         1.3000000000         0.8171646498         0.5740242347       -13.4859564095
        1.4000056000         1.3000000000         0.8120599961         0.5178829306       -13.6189310580
        1.4050101000         1.3000000000         0.8248216304         0.4642935039       -13.2864944368
        1.4100051000         1.3000000000         0.8069553424         0.4081521998       -13.7519057064
        1.4150050000         1.3000000000         0.8222693035         0.3571146507       -13.3529817611
        1.4200045000         1.3000000000         0.8120599961         0.2958695916       -13.6189310580
        1.4250048000         1.3000000000         0.8095076693         0.2499357974       -13.6854183822
        1.4300050000         1.3000000000         0.8222693035         0.1963463707       -13.3529817611
        1.4350066000         1.3000000000         0.8146123230         0.1427569441       -13.5524437337
        1.4400048000         1.3000000000         0.8069553424         0.0815118851       -13.7519057064
        1.4450036000         1.3000000000         0.8171646498         0.0381299683       -13.4859564095
        1.4500048000         1.3000000000         0.8197169767         0.0024036839       -13.4194690853
        1.4550035000         1.3000000000         0.8069553424         0.0024036839       -13.7519057064
        1.4600063000         1.3000000000         0.8197169767         1.1099185011       -13.4194690853
        1.4650047000         1.3000000000         0.8350309378         4.9913241162       -13.0205451399
        1.4700059000         1.3000000000         0.8069553424         4.9989797486       -13.7519057064
        1.4750037000         1.3000000000         0.8146123230         5.0040835035       -13.5524437337
        1.4800053000         1.3000000000         0.8197169767         4.9734609740       -13.4194690853
        1.4850056000         1.3000000000         0.7992983618         4.9122159150       -13.9513676791
        1.4900054000         1.3000000000         0.8120599961         4.8637302433       -13.6189310580
        1.4950062000         1.3000000000         0.8095076693         4.7999333068       -13.6854183822
        1.5000074000         1.3000000000         0.8171646498         4.7565513900       -13.4859564095
        1.5050078000         1.3000000000         0.8350309378         4.7080657183       -13.0205451399
        1.5100069000         1.3000000000         0.8146123230         4.6366131494       -13.5524437337
        1.5150083000         1.3000000000         0.8146123230         4.5906793551       -13.5524437337
        1.5200037000         1.3000000000         0.8095076693         4.5319861736       -13.6854183822
        1.5250065000         1.3000000000         0.8171646498         4.4886042568       -13.4859564095
        1.5300057000         1.3000000000         0.8146123230         4.4222554428       -13.5524437337
        1.5350058000         1.3000000000         0.8146123230         4.3839772810       -13.5524437337
        1.5400307000         1.3000000000         0.8222693035         4.3227322219       -13.3529817611
        1.5450050000         1.3000000000         0.8222693035         4.2742465502       -13.3529817611
        1.5500057000         1.3000000000         0.7865367276         4.2257608785       -14.2838043002
        1.5550043000         1.3000000000         0.8120599961         4.1645158195       -13.6189310580
        1.5600038000         1.3000000000         0.8248216304         4.1211339027       -13.2864944368
        1.5650056000         1.3000000000         0.8146123230         4.0598888437       -13.5524437337
        1.5700057000         1.3000000000         0.8197169767         4.0190588043       -13.4194690853
        1.5750035000         1.3000000000         0.8171646498         3.9552618679       -13.4859564095
        1.5800039000         1.3000000000         0.8299262841         3.9144318285       -13.1535197884
        1.5850045000         1.3000000000         0.8146123230         3.8608424019       -13.5524437337
        1.5900052000         1.3000000000         0.8222693035         3.8072529752       -13.3529817611
        1.5950057000         1.3000000000         0.8273739573         3.7613191810       -13.2200071126
        1.6000071000         1.3000000000         0.8146123230         3.7128335092       -13.5524437337
        1.6050039000         1.3000000000         0.8171646498         3.6490365728       -13.4859564095
        1.6100066000         1.3000000000         0.8222693035         3.6031027785       -13.3529817611
        1.6150049000         1.3000000000         0.8171646498         3.5495133519       -13.4859564095
        1.6200066000         1.3000000000         0.8324786110         3.5061314351       -13.0870324642
        1.6250050000         1.3000000000         0.8171646498         3.4525420084       -13.4859564095
        1.6300068000         1.3000000000         0.8248216304         3.3989525818       -13.2864944368
        1.6350049000         1.3000000000         0.8120599961         3.3504669101       -13.6189310580
        1.6400066000         1.3000000000         0.8222693035         3.2892218510       -13.3529817611
        1.6450070000         1.3000000000         0.8375832647         3.2509436892       -12.9540578157
        1.6500064000         1.3000000000         0.8299262841         3.1948023851       -13.1535197884
        1.6550042000         1.3000000000         0.8095076693         3.1463167133       -13.6854183822
        1.6600075000         1.3000000000         0.8299262841         3.1003829191       -13.1535197884
        1.6650055000         1.3000000000         0.8350309378         3.0493453699       -13.0205451399
        1.6700074000         1.3000000000         0.8120599961         2.9855484334       -13.6189310580
        1.6750077000         1.3000000000         0.8350309378         2.9421665166       -13.0205451399
        1.6800070000         1.3000000000         0.8222693035         2.8885770900       -13.3529817611
        1.6850957000         1.3000000000         0.8146123230         2.8324357859       -13.5524437337
        1.6900074000         1.3000000000         0.8120599961         2.7839501142       -13.6189310580
        1.6950183000         1.3000000000         0.8222693035         2.7329125650       -13.3529817611
        1.7000061000         1.3000000000         0.8248216304         2.6920825256       -13.2864944368
        1.7050064000         1.3000000000         0.8120599961         2.6333893441       -13.6189310580
        1.7100047000         1.3000000000         0.8248216304         2.5823517949       -13.2864944368
        1.7150055000         1.3000000000         0.8171646498         2.5313142457       -13.4859564095
        1.7200034000         1.3000000000         0.8146123230         2.4777248191       -13.5524437337
        1.7250066000         1.3000000000         0.8222693035         2.4292391474       -13.3529817611
        1.7300072000         1.3000000000         0.8222693035         2.3705459658       -13.3529817611
        1.7350065000         1.3000000000         0.8095076693         2.3195084166       -13.6854183822
        1.7400066000         1.3000000000         0.8197169767         2.2710227449       -13.4194690853
        1.7450069000         1.3000000000         0.8248216304         2.2276408281       -13.2864944368
        1.7500065000         1.3000000000         0.8146123230         2.1638438916       -13.5524437337
        1.7550071000         1.3000000000         0.8120599961         2.1102544650       -13.6189310580
        1.7600060000         1.3000000000         0.8273739573         2.0745281806       -13.2200071126
        1.7650063000         1.3000000000         0.8248216304         2.0132831215       -13.2864944368
        1.7700247000         1.3000000000         0.8044030155         1.9622455724       -13.8183930307
        1.7750066000         1.3000000000         0.8248216304         1.9163117781       -13.2864944368
        1.7800054000         1.3000000000         0.8171646498         1.8601704740       -13.4859564095
        1.7850065000         1.3000000000         0.8095076693         1.8091329248       -13.6854183822
        1.7900074000         1.3000000000         0.8171646498         1.7555434982       -13.4859564095
        1.7950064000         1.3000000000         0.8197169767         1.7096097039       -13.4194690853
        1.8000054000         1.3000000000         0.8273739573         1.6560202773       -13.2200071126
        1.8050071000         1.3000000000         0.8069553424         1.6075346056       -13.7519057064
        1.8100051000         1.3000000000         0.8222693035         1.5539451789       -13.3529817611
        1.8150067000         1.3000000000         0.8171646498         1.5029076297       -13.4859564095
        1.8200060000         1.3000000000         0.8120599961         1.4569738355       -13.6189310580
        1.8250065000         1.3000000000         0.8324786110         1.4008325314       -13.0870324642
        1.8300037000         1.3000000000         0.8095076693         1.3446912273       -13.6854183822
        1.8350071000         1.3000000000         0.8299262841         1.2987574330       -13.1535197884
        1.8400084000         1.3000000000         0.8222693035         1.2502717613       -13.3529817611
        1.8450109000         1.3000000000         0.8095076693         1.1864748248       -13.6854183822
        1.8500085000         1.3000000000         0.7967460350         1.1328853982       -14.0178550033
        1.8550088000         1.3000000000         0.8146123230         1.0843997265       -13.5524437337
        1.8600049000         1.3000000000         0.8095076693         1.0359140547       -13.6854183822
        1.8652675000         1.3000000000         0.8120599961         0.9823246281       -13.6189310580
        1.8700064000         1.3000000000         0.8171646498         0.9287352015       -13.4859564095
        1.8750050000         1.3000000000         0.8018506887         0.8776976523       -13.8848803549
        1.8800064000         1.3000000000         0.8171646498         0.8241082257       -13.4859564095
        1.8850042000         1.3000000000         0.8069553424         0.7705187990       -13.7519057064
        1.8900033000         1.3000000000         0.8095076693         0.7118256175       -13.6854183822
        1.8950055000         1.3000000000         0.7992983618         0.6633399457       -13.9513676791
        1.9000541000         1.3000000000         0.8171646498         0.6071986416       -13.4859564095
        1.9050500000         1.3000000000         0.8171646498         0.5561610925       -13.4859564095
        1.9100060000         1.3000000000         0.8069553424         0.5025716658       -13.7519057064
        1.9150069000         1.3000000000         0.8171646498         0.4515341166       -13.4859564095
        1.9200636000         1.3000000000         0.8171646498         0.3877371802       -13.4859564095
        1.9250052000         1.3000000000         0.8044030155         0.3392515084       -13.8183930307
        1.9300069000         1.3000000000         0.8222693035         0.2958695916       -13.3529817611
        1.9350045000         1.3000000000         0.7992983618         0.2422801650       -13.9513676791
        1.9400059000         1.3000000000         0.8120599961         0.1810351060       -13.6189310580
        1.9450051000         1.3000000000         0.8197169767         0.1274456793       -13.4194690853
        1.9500173000         1.3000000000         0.8197169767         0.0662006203       -13.4194690853
        1.9550062000         1.3000000000         0.8120599961         0.0228187035       -13.6189310580
        1.9600067000         1.3000000000         0.8146123230        -0.0027000711       -13.5524437337
        1.9650359000         1.3000000000         0.8044030155        -0.0001481936       -13.8183930307
        1.9700164000         1.3000000000         0.8146123230         1.1048147461       -13.5524437337
        1.9750053000         1.3000000000         0.8171646498         5.0015316260       -13.4859564095
        1.9800186000         1.3000000000         0.7967460350         5.0091872584       -14.0178550033
        1.9850125000         1.3000000000         0.8171646498         5.0040835035       -13.4859564095
        1.9900071000         1.3000000000         0.8299262841         4.9555978318       -13.1535197884
        1.9950081000         1.3000000000         0.8069553424         4.9071121601       -13.7519057064
        2.0000220000         1.3000000000         0.8146123230         4.8509708560       -13.5524437337
        2.0050162000         1.3000000000         0.8146123230         4.7948295519       -13.5524437337
        2.0100080000         1.3000000000         0.8044030155         4.7437920027       -13.8183930307
        2.0150062000         1.3000000000         0.8197169767         4.6850988211       -13.4194690853
        2.0200128000         1.3000000000         0.8146123230         4.6340612719       -13.5524437337
        2.0250107000         1.3000000000         0.8146123230         4.5728162129       -13.5524437337
        2.0300067000         1.3000000000         0.8273739573         4.5268824187       -13.2200071126
        2.0350121000         1.3000000000         0.8095076693         4.4656373597       -13.6854183822
        2.0400070000         1.3000000000         0.8171646498         4.4069441781       -13.4859564095
        2.0450052000         1.3000000000         0.8273739573         4.3635622613       -13.2200071126
        2.0500181000         1.3000000000         0.8171646498         4.3099728347       -13.4859564095
        2.0550069000         1.3000000000         0.8273739573         4.2614871629       -13.2200071126
        2.0600524000         1.3000000000         0.8197169767         4.2078977363       -13.4194690853
        2.0650107000         1.3000000000         0.8222693035         4.1594120646       -13.3529817611
        2.0700061000         1.3000000000         0.8299262841         4.1083745154       -13.1535197884
        2.0750068000         1.3000000000         0.8120599961         4.0471294564       -13.6189310580
        2.0800162000         1.3000000000         0.8146123230         4.0011956621       -13.5524437337
        2.0850101000         1.3000000000         0.8299262841         3.9476062355       -13.1535197884
        2.0900080000         1.3000000000         0.8248216304         3.8965686863       -13.2864944368
        2.0950044000         1.3000000000         0.8171646498         3.8480830146       -13.4859564095
        2.1000176000         1.3000000000         0.8299262841         3.7970454654       -13.1535197884
        2.1050104000         1.3000000000         0.8146123230         3.7511116711       -13.5524437337
        2.1100066000         1.3000000000         0.8248216304         3.7000741219       -13.2864944368
        2.1150785000         1.3000000000         0.8146123230         3.6362771855       -13.5524437337
        2.1200064000         1.3000000000         0.8171646498         3.5928952687       -13.4859564095
        2.1250050000         1.3000000000         0.8171646498         3.5342020871       -13.4859564095
        2.1300079000         1.3000000000         0.8273739573         3.4933720478       -13.2200071126
        2.1350090000         1.3000000000         0.8146123230         3.4270232338       -13.5524437337
        2.1400052000         1.3000000000         0.8324786110         3.3938488269       -13.0870324642
        2.1450077000         1.3000000000         0.8146123230         3.3326037679       -13.5524437337
        2.1500058000         1.3000000000         0.8248216304         3.2815662187       -13.2864944368
        2.1550037000         1.3000000000         0.8299262841         3.2407361793       -13.1535197884
        2.1600066000         1.3000000000         0.8120599961         3.1769392429       -13.6189310580
        2.1650048000         1.3000000000         0.8146123230         3.1284535711       -13.5524437337
        2.1700070000         1.3000000000         0.8350309378         3.0850716543       -13.0205451399
        2.1750074000         1.3000000000         0.8222693035         3.0263784728       -13.3529817611
        2.1800062000         1.3000000000         0.8248216304         2.9753409236       -13.2864944368
        2.1850076000         1.3000000000         0.8095076693         2.9243033744       -13.6854183822
        2.1900521000         1.3000000000         0.8171646498         2.8707139478       -13.4859564095
        2.1950051000         1.3000000000         0.8171646498         2.8171245211       -13.4859564095
        2.2000073000         1.3000000000         0.8171646498         2.7762944818       -13.4859564095
        2.2050062000         1.3000000000         0.8248216304         2.7201531777       -13.2864944368
        2.2100066000         1.3000000000         0.8095076693         2.6614599961       -13.6854183822
        2.2150062000         1.3000000000         0.8171646498         2.6129743244       -13.4859564095
        2.2200052000         1.3000000000         0.8120599961         2.5593848978       -13.6189310580
        2.2250054000         1.3000000000         0.8120599961         2.5108992261       -13.6189310580
        2.2300068000         1.3000000000         0.8197169767         2.4598616769       -13.4194690853
        2.2350075000         1.3000000000         0.8248216304         2.4139278826       -13.2864944368
        2.2400052000         1.3000000000         0.8146123230         2.3526828236       -13.5524437337
        2.2450086000         1.3000000000         0.8197169767         2.3067490293       -13.4194690853
        2.2500048000         1.3000000000         0.8171646498         2.2531596027       -13.4859564095
        2.2550066000         1.3000000000         0.8248216304         2.1995701761       -13.2864944368
        2.2600055000         1.3000000000         0.8248216304         2.1485326269       -13.2864944368
        2.2650064000         1.3000000000         0.8095076693         2.0923913228       -13.6854183822
        2.2700045000         1.3000000000         0.8222693035         2.0515612834       -13.3529817611
        2.2750063000         1.3000000000         0.8248216304         1.9954199793       -13.2864944368
        2.2800161000         1.3000000000         0.8146123230         1.9418305527       -13.5524437337
        2.2850155000         1.3000000000         0.8299262841         1.8958967584       -13.1535197884
        2.2900171000         1.3000000000         0.8146123230         1.8423073318       -13.5524437337
        2.2950134000         1.3000000000         0.8146123230         1.7887179052       -13.5524437337
        2.3000105000         1.3000000000         0.8146123230         1.7402322334       -13.5524437337
        2.3050070000         1.3000000000         0.8095076693         1.6891946843       -13.6854183822
        2.3100050000         1.3000000000         0.8120599961         1.6356052576       -13.6189310580
        2.3150098000         1.3000000000         0.8120599961         1.5820158310       -13.6189310580
        2.3200073000         1.3000000000         0.8375832647         1.5411857916       -12.9540578157
        2.3250068000         1.3000000000         0.8095076693         1.4824926101       -13.6854183822
        2.3300057000         1.3000000000         0.8120599961         1.4289031834       -13.6189310580
        2.3350070000         1.3000000000         0.8044030155         1.3778656343       -13.8183930307
        2.3400059000         1.3000000000         0.8171646498         1.3293799625       -13.4859564095
        2.3450066000         1.3000000000         0.8146123230         1.2757905359       -13.5524437337
        2.3500067000         1.3000000000         0.8069553424         1.2247529867       -13.7519057064
        2.3550062000         1.3000000000         0.8197169767         1.1660598052       -13.4194690853
        2.3600066000         1.3000000000         0.8120599961         1.1201260109       -13.6189310580
        2.3650046000         1.3000000000         0.8146123230         1.0665365843       -13.5524437337
        2.3700053000         1.3000000000         0.8044030155         1.0154990351       -13.8183930307
        2.3750051000         1.3000000000         0.8095076693         0.9568058535       -13.6854183822
        2.3800056000         1.3000000000         0.8120599961         0.9057683043       -13.6189310580
        2.3850052000         1.3000000000         0.8120599961         0.8598345101       -13.6189310580
        2.3900558000         1.3000000000         0.8146123230         0.7985894511       -13.5524437337
        2.3950049000         1.3000000000         0.8299262841         0.7552075343       -13.1535197884
        2.4000031000         1.3000000000         0.8197169767         0.6990662302       -13.4194690853
        2.4050047000         1.3000000000         0.8069553424         0.6505805584       -13.7519057064
        2.4100515000         1.3000000000         0.8324786110         0.5969911318       -13.0870324642
        2.4150053000         1.3000000000         0.8146123230         0.5408498277       -13.5524437337
        2.4200323000         1.3000000000         0.8120599961         0.4796047687       -13.6189310580
        2.4250061000         1.3000000000         0.8222693035         0.4336709744       -13.3529817611
        2.4300043000         1.3000000000         0.8171646498         0.3826334252       -13.4859564095
        2.4350054000         1.3000000000         0.8146123230         0.3264921211       -13.5524437337
        2.4400065000         1.3000000000         0.8248216304         0.2729026945       -13.2864944368
        2.4450062000         1.3000000000         0.8120599961         0.2269689002       -13.6189310580
        2.4500063000         1.3000000000         0.8120599961         0.1606200863       -13.6189310580
        2.4550066000         1.3000000000         0.8299262841         0.1095825371       -13.1535197884
        2.4600090000         1.3000000000         0.8018506887         0.0559931105       -13.8848803549
        2.4650052000         1.3000000000         0.8248216304         0.0126111937       -13.2864944368
        2.4700059000         1.3000000000         0.8350309378         0.0075074388       -13.0205451399
        2.4750090000         1.3000000000         0.8018506887         0.0024036839       -13.8848803549
        2.4800062000         1.3000000000         0.8248216304         1.1175741334       -13.2864944368
        2.4850038000         1.3000000000         0.8069553424         5.0015316260       -13.7519057064
        2.4900408000         1.3000000000         0.8146123230         5.0040835035       -13.5524437337
        2.4950038000         1.3000000000         0.8197169767         4.9989797486       -13.4194690853
        2.5000120000         1.3000000000         0.8299262841         4.9453903219       -13.1535197884
        2.5050059000         1.3000000000         0.8171646498         4.8892490178       -13.4859564095
        2.5100058000         1.3000000000         0.8069553424         4.8280039588       -13.7519057064
        2.5150108000         1.3000000000         0.8171646498         4.7769664097       -13.4859564095
        2.5200173000         1.3000000000         0.8197169767         4.7259288605       -13.4194690853
        2.5250092000         1.3000000000         0.8171646498         4.6621319240       -13.4859564095
        2.5300065000         1.3000000000         0.8146123230         4.6136462523       -13.5524437337
        2.5350156000         1.3000000000         0.8222693035         4.5626087031       -13.3529817611
        2.5400074000         1.3000000000         0.8171646498         4.5064673990       -13.4859564095
        2.5450049000         1.3000000000         0.8248216304         4.4605336047       -13.2864944368
        2.5500070000         1.3000000000         0.8171646498         4.3967366683       -13.4859564095
        2.5550080000         1.3000000000         0.8044030155         4.3456991191       -13.8183930307
        2.5600146000         1.3000000000         0.8248216304         4.3023172023       -13.2864944368
        2.5650086000         1.3000000000         0.8095076693         4.2385202658       -13.6854183822
        2.5700078000         1.3000000000         0.8171646498         4.1925864715       -13.4859564095
        2.5750062000         1.3000000000         0.8146123230         4.1415489224       -13.5524437337
        2.5800077000         1.3000000000         0.8095076693         4.0854076183       -13.6854183822
        2.5850043000         1.3000000000         0.8248216304         4.0394738240       -13.2864944368
        2.5900063000         1.3000000000         0.8018506887         3.9858843974       -13.8848803549
        2.5950056000         1.3000000000         0.8197169767         3.9246393383       -13.4194690853
        2.6000074000         1.3000000000         0.8146123230         3.8761536666       -13.5524437337
        2.6050067000         1.3000000000         0.8171646498         3.8353236273       -13.4859564095
        2.6100068000         1.3000000000         0.8299262841         3.7817342006       -13.1535197884
        2.6150066000         1.3000000000         0.8146123230         3.7281447740       -13.5524437337
        2.6200447000         1.3000000000         0.8146123230         3.6796591023       -13.5524437337
        2.6250040000         1.3000000000         0.8273739573         3.6260696756       -13.2200071126
        2.6300064000         1.3000000000         0.8171646498         3.5826877588       -13.4859564095
        2.6350176000         1.3000000000         0.8350309378         3.5290983322       -13.0205451399
        2.6400071000         1.3000000000         0.8171646498         3.4729570281       -13.4859564095
        2.6450075000         1.3000000000         0.8273739573         3.4244713564       -13.2200071126
        2.6500158000         1.3000000000         0.8197169767         3.3708819297       -13.4194690853
        2.6550068000         1.3000000000         0.8299262841         3.3198443806       -13.1535197884
        2.6600075000         1.3000000000         0.8248216304         3.2739105863       -13.2864944368
        2.6650074000         1.3000000000         0.8324786110         3.2228730371       -13.0870324642
        2.6700109000         1.3000000000         0.8222693035         3.1718354879       -13.3529817611
        2.6750416000         1.3000000000         0.8095076693         3.1105904289       -13.6854183822
        2.6800092000         1.3000000000         0.8273739573         3.0646566347       -13.2200071126
        2.6850075000         1.3000000000         0.8171646498         3.0034115756       -13.4859564095
        2.6900053000         1.3000000000         0.8299262841         2.9702371687       -13.1535197884
        2.6950077000         1.3000000000         0.7890890544         2.9089921097       -14.2173169760
        2.7000055000         1.3000000000         0.8146123230         2.8605064379       -13.5524437337
        2.7050075000         1.3000000000         0.8146123230         2.8018132564       -13.5524437337
        2.7100071000         1.3000000000         0.8299262841         2.7635350945       -13.1535197884
        2.7150180000         1.3000000000         0.8273739573         2.7099456679       -13.2200071126
        2.7200047000         1.3000000000         0.8197169767         2.6589081187       -13.4194690853
        2.7250075000         1.3000000000         0.8248216304         2.6027668146       -13.2864944368
        2.7300121000         1.3000000000         0.8248216304         2.5568330203       -13.2864944368
        2.7350511000         1.3000000000         0.8146123230         2.4930360838       -13.5524437337
        2.7400351000         1.3000000000         0.8171646498         2.4471022896       -13.4859564095
        2.7450073000         1.3000000000         0.8171646498         2.3935128629       -13.4859564095
        2.7500059000         1.3000000000         0.8222693035         2.3450271912       -13.3529817611
        2.7550078000         1.3000000000         0.8120599961         2.2914377646       -13.6189310580
        2.7600109000         1.3000000000         0.8299262841         2.2404002154       -13.1535197884
        2.7650070000         1.3000000000         0.8324786110         2.1944664211       -13.0870324642
        2.7700047000         1.3000000000         0.8197169767         2.1383251170       -13.4194690853
        2.7750070000         1.3000000000         0.8171646498         2.0872875679       -13.4859564095
        2.7800082000         1.3000000000         0.8171646498         2.0336981412       -13.4859564095
        2.7850197000         1.3000000000         0.8120599961         1.9852124695       -13.6189310580
        2.7900111000         1.3000000000         0.8069553424         1.9316230429       -13.7519057064
        2.7950083000         1.3000000000         0.8197169767         1.8729298613       -13.4194690853
        2.8000054000         1.3000000000         0.8197169767         1.8269960670       -13.4194690853
        2.8050089000         1.3000000000         0.8222693035         1.7785103953       -13.3529817611
        2.8100083000         1.3000000000         0.8044030155         1.7274728461       -13.8183930307
        2.8150066000         1.3000000000         0.8197169767         1.6738834195       -13.4194690853
        2.8200049000         1.3000000000         0.8120599961         1.6330533802       -13.6189310580
        2.8250058000         1.3000000000         0.8120599961         1.5743601986       -13.6189310580
        2.8300041000         1.3000000000         0.8171646498         1.5207707720       -13.4859564095
        2.8350094000         1.3000000000         0.8095076693         1.4620775904       -13.6854183822
        2.8400091000         1.3000000000         0.8146123230         1.4161437961       -13.5524437337
        2.8450058000         1.3000000000         0.8018506887         1.3625543695       -13.8848803549
        2.8500049000         1.3000000000         0.8222693035         1.3140686978       -13.3529817611
        2.8550072000         1.3000000000         0.8044030155         1.2604792711       -13.8183930307
        2.8600123000         1.3000000000         0.8146123230         1.2068898445       -13.5524437337
        2.8650163000         1.3000000000         0.8197169767         1.1584041728       -13.4194690853
        2.8701126000         1.3000000000         0.8095076693         1.1073666236       -13.6854183822
        2.8750046000         1.3000000000         0.8222693035         1.0563290744       -13.3529817611
        2.8800653000         1.3000000000         0.8146123230         1.0103952802       -13.5524437337
        2.8850063000         1.3000000000         0.8171646498         0.9593577310       -13.4859564095
        2.8900093000         1.3000000000         0.8095076693         0.9032164269       -13.6854183822
        2.8950068000         1.3000000000         0.8197169767         0.8470751228       -13.4194690853
        2.9000060000         1.3000000000         0.8069553424         0.7985894511       -13.7519057064
        2.9050075000         1.3000000000         0.8120599961         0.7322406371       -13.6189310580
        2.9100074000         1.3000000000         0.8222693035         0.6914105978       -13.3529817611
        2.9150159000         1.3000000000         0.8018506887         0.6276136613       -13.8848803549
        2.9200298000         1.3000000000         0.8248216304         0.5842317445       -13.2864944368
        2.9250072000         1.3000000000         0.8069553424         0.5255385629       -13.7519057064
        2.9300057000         1.3000000000         0.8069553424         0.4719491363       -13.7519057064
        2.9350048000         1.3000000000         0.8018506887         0.4081521998       -13.8848803549
        2.9400072000         1.3000000000         0.8248216304         0.3673221605       -13.2864944368
        2.9450039000         1.3000000000         0.8095076693         0.3035252240       -13.6854183822
        2.9500063000         1.3000000000         0.8146123230         0.2626951847       -13.5524437337
        2.9550074000         1.3000000000         0.8018506887         0.1988982482       -13.8848803549
        2.9600066000         1.3000000000         0.8095076693         0.1402050666       -13.6854183822
        2.9650096000         1.3000000000         0.8197169767         0.0942712724       -13.4194690853
        2.9700115000         1.3000000000         0.8044030155         0.0355780908       -13.8183930307
        2.9750077000         1.3000000000         0.8146123230        -0.0001481936       -13.5524437337
        2.9800183000         1.3000000000         0.8095076693        -0.0001481936       -13.6854183822
        2.9850084000         1.3000000000         0.8197169767         1.1175741334       -13.4194690853
        2.9900037000         1.3000000000         0.8069553424         1.1022628687       -13.7519057064
        2.9950062000         1.3000000000         0.8044030155         5.0117391359       -13.8183930307
        3.0000075000         1.3000000000         0.8171646498         5.0066353810       -13.4859564095
        3.0050066000         1.3000000000         0.8146123230         4.9734609740       -13.5524437337
        3.0100062000         1.3000000000         0.8146123230         4.9249753023       -13.5524437337
        3.0150077000         1.3000000000         0.8120599961         4.8637302433       -13.6189310580
        3.0200189000         1.3000000000         0.8171646498         4.7999333068       -13.4859564095
        3.0250110000         1.3000000000         0.7992983618         4.7539995125       -13.9513676791
        3.0300202000         1.3000000000         0.8248216304         4.6978582084       -13.2864944368
        3.0350062000         1.3000000000         0.8171646498         4.6493725367       -13.4859564095
        3.0400069000         1.3000000000         0.8044030155         4.5932312326       -13.8183930307
        3.0450053000         1.3000000000         0.8197169767         4.5370899285       -13.4194690853
        3.0500080000         1.3000000000         0.8146123230         4.4809486244       -13.5524437337
        3.0550044000         1.3000000000         0.8120599961         4.4248073203       -13.6189310580
        3.0600061000         1.3000000000         0.8197169767         4.3763216486       -13.4194690853
        3.0650042000         1.3000000000         0.8146123230         4.3252840994       -13.5524437337
        3.0700064000         1.3000000000         0.8273739573         4.2793503051       -13.2200071126
        3.0750044000         1.3000000000         0.8120599961         4.2206571236       -13.6189310580
        3.0800162000         1.3000000000         0.8197169767         4.1670676969       -13.4194690853
        3.0850060000         1.3000000000         0.8171646498         4.1109263928       -13.4859564095
        3.0900070000         1.3000000000         0.8299262841         4.0675444760       -13.1535197884
        3.0950062000         1.3000000000         0.8171646498         4.0139550494       -13.4859564095
        3.1000189000         1.3000000000         0.8248216304         3.9654693777       -13.2864944368
        3.1050096000         1.3000000000         0.8273739573         3.9144318285       -13.2200071126
        3.1100069000         1.3000000000         0.8120599961         3.8608424019       -13.6189310580
        3.1156272000         1.3000000000         0.8324786110         3.8123567301       -13.0870324642
        3.1200069000         1.3000000000         0.8350309378         3.7664229359       -13.0205451399
        3.1250067000         1.3000000000         0.8146123230         3.7102816318       -13.5524437337
        3.1300061000         1.3000000000         0.8324786110         3.6566922051       -13.0870324642
        3.1351112000         1.3000000000         0.8324786110         3.6056546560       -13.0870324642
        3.1400066000         1.3000000000         0.8146123230         3.5495133519       -13.5524437337
        3.1450062000         1.3000000000         0.8171646498         3.5061314351       -13.4859564095
        3.1500063000         1.3000000000         0.8350309378         3.4601976408       -13.0205451399
        3.1550062000         1.3000000000         0.8248216304         3.4040563367       -13.2864944368
        3.1600060000         1.3000000000         0.8324786110         3.3606744199       -13.0870324642
        3.1650069000         1.3000000000         0.8350309378         3.3070849933       -13.0205451399
        3.1700079000         1.3000000000         0.8248216304         3.2509436892       -13.2864944368
        3.1750188000         1.3000000000         0.8273739573         3.1948023851       -13.2200071126
        3.1800160000         1.3000000000         0.8222693035         3.1590761006       -13.3529817611
        3.1850066000         1.3000000000         0.8248216304         3.1003829191       -13.2864944368
        3.1900059000         1.3000000000         0.8299262841         3.0493453699       -13.1535197884
        3.1950080000         1.3000000000         0.8197169767         2.9957559433       -13.4194690853
        3.2000062000         1.3000000000         0.8222693035         2.9396146392       -13.3529817611
        3.2050124000         1.3000000000         0.8248216304         2.8962327224       -13.2864944368
        3.2100134000         1.3000000000         0.8299262841         2.8451951732       -13.1535197884
        3.2150497000         1.3000000000         0.8095076693         2.7865019916       -13.6854183822
        3.2200067000         1.3000000000         0.8273739573         2.7482238297       -13.2200071126
        3.2250129000         1.3000000000         0.8222693035         2.6895306482       -13.3529817611
        3.2300045000         1.3000000000         0.8197169767         2.6487006088       -13.4194690853
        3.2350133000         1.3000000000         0.8273739573         2.5874555498       -13.2200071126
        3.2400080000         1.3000000000         0.8248216304         2.5389698781       -13.2864944368
        3.2450049000         1.3000000000         0.8146123230         2.4802766965       -13.5524437337
        3.2500076000         1.3000000000         0.8146123230         2.4343429023       -13.5524437337
        3.2550046000         1.3000000000         0.8146123230         2.3756497207       -13.5524437337
        3.2600054000         1.3000000000         0.8248216304         2.3399234363       -13.2864944368
        3.2650056000         1.3000000000         0.8095076693         2.2710227449       -13.6854183822
        3.2700083000         1.3000000000         0.8197169767         2.2301927056       -13.4194690853
        3.2750273000         1.3000000000         0.8171646498         2.1766032789       -13.4859564095
        3.2800074000         1.3000000000         0.8120599961         2.1230138523       -13.6189310580
        3.2850111000         1.3000000000         0.8197169767         2.0694244256       -13.4194690853
        3.2900082000         1.3000000000         0.8248216304         2.0234906314       -13.2864944368
        3.2950122000         1.3000000000         0.8069553424         1.9596936949       -13.7519057064
        3.3000088000         1.3000000000         0.8171646498         1.9163117781       -13.4859564095
        3.3050110000         1.3000000000         0.8197169767         1.8678261064       -13.4194690853
        3.3100033000         1.3000000000         0.8095076693         1.8167885572       -13.6854183822
        3.3150124000         1.3000000000         0.8299262841         1.7683028855       -13.1535197884
        3.3200039000         1.3000000000         0.8146123230         1.7147134588       -13.5524437337
        3.3250050000         1.3000000000         0.8222693035         1.6636759097       -13.3529817611
        3.3300231000         1.3000000000         0.8095076693         1.6177421154       -13.6854183822
        3.3350114000         1.3000000000         0.8248216304         1.5667045662       -13.2864944368
        3.3400112000         1.3000000000         0.8069553424         1.5003557523       -13.7519057064
        3.3450047000         1.3000000000         0.8044030155         1.4518700806       -13.8183930307
        3.3500050000         1.3000000000         0.8018506887         1.3957287765       -13.8848803549
        3.3550065000         1.3000000000         0.8197169767         1.3574506146       -13.4194690853
        3.3600087000         1.3000000000         0.8146123230         1.2987574330       -13.5524437337
        3.3650089000         1.3000000000         0.8095076693         1.2553755162       -13.6854183822
        3.3700110000         1.3000000000         0.8171646498         1.1966823347       -13.4859564095
        3.3750063000         1.3000000000         0.8095076693         1.1405410306       -13.6854183822
        3.3800058000         1.3000000000         0.8018506887         1.0997109912       -13.8848803549
        3.3850054000         1.3000000000         0.8197169767         1.0435696871       -13.4194690853
        3.3900042000         1.3000000000         0.8146123230         0.9925321379       -13.5524437337
        3.3950041000         1.3000000000         0.7992983618         0.9312870789       -13.9513676791
        3.4000033000         1.3000000000         0.8069553424         0.8751457748       -13.7519057064
        3.4050038000         1.3000000000         0.8044030155         0.8164525933       -13.8183930307
        3.4100108000         1.3000000000         0.7967460350         0.7756225539       -14.0178550033
        3.4150055000         1.3000000000         0.8069553424         0.7067218625       -13.7519057064
        3.4200069000         1.3000000000         0.8044030155         0.6556843134       -13.8183930307
        3.4250077000         1.3000000000         0.8120599961         0.6071986416       -13.6189310580
        3.4300115000         1.3000000000         0.7992983618         0.5485054601       -13.9513676791
        3.4350173000         1.3000000000         0.8018506887         0.5000197884       -13.8848803549
        3.4400058000         1.3000000000         0.8120599961         0.4515341166       -13.6189310580
        3.4450030000         1.3000000000         0.8069553424         0.3877371802       -13.7519057064
        3.4500041000         1.3000000000         0.8171646498         0.3418033859       -13.4859564095
        3.4550048000         1.3000000000         0.8069553424         0.2831102043       -13.7519057064
        3.4600083000         1.3000000000         0.8146123230         0.2295207777       -13.5524437337
        3.4650088000         1.3000000000         0.8146123230         0.1759313511       -13.5524437337
        3.4700049000         1.3000000000         0.8197169767         0.1197900470       -13.4194690853
        3.4750073000         1.3000000000         0.7916413813         0.0585449879       -14.1508296518
        3.4800075000         1.3000000000         0.8146123230         0.0202668261       -13.5524437337
        3.4850069000         1.3000000000         0.8171646498         0.0075074388       -13.4859564095
        3.4900103000         1.3000000000         0.8018506887        -0.0001481936       -13.8848803549
        3.4950062000         1.3000000000         0.8120599961         1.1099185011       -13.6189310580
        3.5000059000         1.3000000000         0.8120599961         5.0040835035       -13.6189310580
        3.5050063000         1.3000000000         0.8171646498         5.0117391359       -13.4859564095
        3.5100066000         1.3000000000         0.8018506887         4.9913241162       -13.8848803549
        3.5150103000         1.3000000000         0.8197169767         4.9428384445       -13.4194690853
        3.5200058000         1.3000000000         0.8018506887         4.8815933855       -13.8848803549
        3.5250114000         1.3000000000         0.8095076693         4.8280039588       -13.6854183822
        3.5300069000         1.3000000000         0.8146123230         4.7820701646       -13.5524437337
        3.5350132000         1.3000000000         0.8146123230         4.7259288605       -13.5524437337
        3.5400076000         1.3000000000         0.8171646498         4.6697875564       -13.4859564095
        3.5450126000         1.3000000000         0.7967460350         4.6059906199       -14.0178550033
        3.5500062000         1.3000000000         0.8146123230         4.5549530707       -13.5524437337
        3.5550060000         1.3000000000         0.8171646498         4.5090192765       -13.4859564095
        3.5600069000         1.3000000000         0.8146123230         4.4554298498       -13.5524437337
        3.5650067000         1.3000000000         0.8222693035         4.4043923006       -13.3529817611
        3.5700102000         1.3000000000         0.8197169767         4.3508028740       -13.4194690853
        3.5750064000         1.3000000000         0.8299262841         4.3074209572       -13.1535197884
        3.5800052000         1.3000000000         0.8222693035         4.2410721433       -13.3529817611
        3.5850120000         1.3000000000         0.8146123230         4.1951383490       -13.5524437337
        3.5900134000         1.3000000000         0.8171646498         4.1415489224       -13.4859564095
        3.5950077000         1.3000000000         0.8197169767         4.0981670056       -13.4194690853
        3.6000151000         1.3000000000         0.8273739573         4.0394738240       -13.2200071126
        3.6050076000         1.3000000000         0.8095076693         3.9833325199       -13.6854183822
        3.6100107000         1.3000000000         0.8248216304         3.9373987256       -13.2864944368
        3.6150074000         1.3000000000         0.8299262841         3.8940168088       -13.1535197884
        3.6200071000         1.3000000000         0.8171646498         3.8353236273       -13.4859564095
        3.6250201000         1.3000000000         0.8197169767         3.7868379556       -13.4194690853
        3.6300076000         1.3000000000         0.8146123230         3.7306966515       -13.5524437337
        3.6350063000         1.3000000000         0.8171646498         3.6796591023       -13.4859564095
        3.6400055000         1.3000000000         0.8197169767         3.6311734306       -13.4194690853
        3.6450071000         1.3000000000         0.8171646498         3.5801358814       -13.4859564095
        3.6500067000         1.3000000000         0.8197169767         3.5239945773       -13.4194690853
        3.6550103000         1.3000000000         0.8146123230         3.4831645379       -13.5524437337
        3.6600058000         1.3000000000         0.8171646498         3.4244713564       -13.4859564095
        3.6650151000         1.3000000000         0.8197169767         3.3734338072       -13.4194690853
        3.6700069000         1.3000000000         0.8146123230         3.3223962580       -13.5524437337
        3.6750092000         1.3000000000         0.8044030155         3.2637030765       -13.8183930307
        3.6800061000         1.3000000000         0.8324786110         3.2228730371       -13.0870324642
        3.6850097000         1.3000000000         0.8324786110         3.1667317330       -13.0870324642
        3.6900122000         1.3000000000         0.8095076693         3.1182460613       -13.6854183822
        3.6950109000         1.3000000000         0.8146123230         3.0621047572       -13.5524437337
        3.7000078000         1.3000000000         0.8197169767         3.0110672080       -13.4194690853
        3.7050078000         1.3000000000         0.8197169767         2.9600296588       -13.4194690853
        3.7100053000         1.3000000000         0.8069553424         2.9013364773       -13.7519057064
        3.7150152000         1.3000000000         0.8146123230         2.8528508056       -13.5524437337
        3.7200063000         1.3000000000         0.8146123230         2.8069170113       -13.5524437337
        3.7250063000         1.3000000000         0.8120599961         2.7456719523       -13.6189310580
        3.7300069000         1.3000000000         0.8171646498         2.7048419129       -13.4859564095
        3.7350132000         1.3000000000         0.8018506887         2.6435968539       -13.8848803549
        3.7400059000         1.3000000000         0.8197169767         2.5976630597       -13.4194690853
        3.7450158000         1.3000000000         0.8120599961         2.5389698781       -13.6189310580
        3.7500120000         1.3000000000         0.8146123230         2.4955879613       -13.5524437337
        3.7550130000         1.3000000000         0.8069553424         2.4343429023       -13.7519057064
        3.7600058000         1.3000000000         0.8222693035         2.3909609855       -13.3529817611
        3.7650117000         1.3000000000         0.8222693035         2.3348196814       -13.3529817611
        3.7700045000         1.3000000000         0.7992983618         2.2812302547       -13.9513676791
        3.7750052000         1.3000000000         0.8273739573         2.2455039703       -13.2200071126
        3.7803224000         1.3000000000         0.8069553424         2.1740514015       -13.7519057064
        3.7850058000         1.3000000000         0.8095076693         2.1255657297       -13.6854183822
        3.7900040000         1.3000000000         0.8120599961         2.0770800580       -13.6189310580
        3.7950036000         1.3000000000         0.8222693035         2.0285943863       -13.3529817611
        3.8000049000         1.3000000000         0.7941937081         1.9647974498       -14.0843423276
        3.8050040000         1.3000000000         0.8095076693         1.9188636556       -13.6854183822
        3.8100048000         1.3000000000         0.7992983618         1.8652742289       -13.9513676791
        3.8150054000         1.3000000000         0.8171646498         1.8218923121       -13.4859564095
        3.8200050000         1.3000000000         0.8120599961         1.7606472531       -13.6189310580
        3.8250030000         1.3000000000         0.8018506887         1.7070578265       -13.8848803549
        3.8300051000         1.3000000000         0.8197169767         1.6636759097       -13.4194690853
        3.8350045000         1.3000000000         0.7992983618         1.6100864830       -13.9513676791
        3.8400053000         1.3000000000         0.8197169767         1.5590489338       -13.4194690853
        3.8450036000         1.3000000000         0.8171646498         1.5054595072       -13.4859564095
        3.8500125000         1.3000000000         0.8069553424         1.4595257129       -13.7519057064
        3.8550046000         1.3000000000         0.8018506887         1.4033844088       -13.8848803549
        3.8600050000         1.3000000000         0.8044030155         1.3446912273       -13.8183930307
        3.8650050000         1.3000000000         0.8171646498         1.3013093105       -13.4859564095
        3.8700048000         1.3000000000         0.7941937081         1.2477198838       -14.0843423276
        3.8750048000         1.3000000000         0.8171646498         1.1941304572       -13.4859564095
        3.8800044000         1.3000000000         0.8095076693         1.1507485404       -13.6854183822
        3.8850048000         1.3000000000         0.8120599961         1.0920553588       -13.6189310580
        3.8900050000         1.3000000000         0.8095076693         1.0359140547       -13.6854183822
        3.8950056000         1.3000000000         0.8171646498         0.9797727506       -13.4859564095
        3.9000045000         1.3000000000         0.8120599961         0.9338389564       -13.6189310580
        3.9050049000         1.3000000000         0.8044030155         0.8776976523       -13.8183930307
        3.9100089000         1.3000000000         0.8273739573         0.8292119806       -13.2200071126
        3.9150088000         1.3000000000         0.7941937081         0.7654150441       -14.0843423276
        3.9200074000         1.3000000000         0.8018506887         0.7143774949       -13.8848803549
        3.9250104000         1.3000000000         0.8146123230         0.6709955781       -13.5524437337
        3.9300071000         1.3000000000         0.8095076693         0.6046467642       -13.6854183822
        3.9350328000         1.3000000000         0.8222693035         0.5663686023       -13.3529817611
        3.9400072000         1.3000000000         0.8171646498         0.5127791757       -13.4859564095
        3.9450067000         1.3000000000         0.8044030155         0.4464303617       -13.8183930307
        3.9500069000         1.3000000000         0.8222693035         0.4056003224       -13.3529817611
        3.9550152000         1.3000000000         0.8197169767         0.3469071408       -13.4194690853
        3.9600073000         1.3000000000         0.7992983618         0.2958695916       -13.9513676791
        3.9650070000         1.3000000000         0.8197169767         0.2371764101       -13.4194690853
        3.9700104000         1.3000000000         0.8120599961         0.1733794736       -13.6189310580
        3.9750197000         1.3000000000         0.8069553424         0.1248938019       -13.7519057064
        3.9800078000         1.3000000000         0.8171646498         0.0713043752       -13.4859564095
        3.9850057000         1.3000000000         0.8120599961         0.0177149486       -13.6189310580
        3.9900123000         1.3000000000         0.8044030155        -0.0001481936       -13.8183930307
        3.9950140000         1.3000000000         0.8146123230         0.0049555613       -13.5524437337
        4.0000069000         1.3000000000         0.8197169767         1.1099185011       -13.4194690853
        4.0050066000         1.3000000000         0.8095076693         4.9989797486       -13.6854183822
        4.0100085000         1.3000000000         0.8197169767         5.0091872584       -13.4194690853
        4.0150065000         1.3000000000         0.8171646498         5.0066353810       -13.4859564095
        4.0200054000         1.3000000000         0.8222693035         4.9555978318       -13.3529817611
        4.0250065000         1.3000000000         0.8120599961         4.8969046502       -13.6189310580
        4.0300066000         1.3000000000         0.8248216304         4.8509708560       -13.2864944368
        4.0350067000         1.3000000000         0.8171646498         4.7922776744       -13.4859564095
        4.0400067000         1.3000000000         0.8146123230         4.7335844928       -13.5524437337
        4.0450046000         1.3000000000         0.8248216304         4.6825469437       -13.2864944368
        4.0500058000         1.3000000000         0.8146123230         4.6289575170       -13.5524437337
        4.0550110000         1.3000000000         0.8120599961         4.5779199678       -13.6189310580
        4.0600079000         1.3000000000         0.8222693035         4.5192267863       -13.3529817611
        4.0650115000         1.3000000000         0.8095076693         4.4656373597       -13.6854183822
        4.0700070000         1.3000000000         0.8120599961         4.4094960556       -13.6189310580
        4.0750060000         1.3000000000         0.8120599961         4.3610103838       -13.6189310580
        4.0800035000         1.3000000000         0.8146123230         4.3125247121       -13.5524437337
        4.0850097000         1.3000000000         0.8222693035         4.2563834080       -13.3529817611
        4.0900067000         1.3000000000         0.8197169767         4.2104496138       -13.4194690853
        4.0950123000         1.3000000000         0.8146123230         4.1543083097       -13.5524437337
        4.1000059000         1.3000000000         0.8146123230         4.0981670056       -13.5524437337
        4.1050064000         1.3000000000         0.8248216304         4.0496813338       -13.2864944368
        4.1100044000         1.3000000000         0.8044030155         4.0011956621       -13.8183930307
        4.1150120000         1.3000000000         0.8248216304         3.9450543580       -13.2864944368
        4.1200073000         1.3000000000         0.8299262841         3.8940168088       -13.1535197884
        4.1250056000         1.3000000000         0.8171646498         3.8404273822       -13.4859564095
        4.1300110000         1.3000000000         0.8171646498         3.7868379556       -13.4859564095
        4.1350064000         1.3000000000         0.8069553424         3.7358004064       -13.7519057064
        4.1400068000         1.3000000000         0.8248216304         3.6924184896       -13.2864944368
        4.1450045000         1.3000000000         0.8171646498         3.6286215531       -13.4859564095
        4.1500060000         1.3000000000         0.8248216304         3.5928952687       -13.2864944368
        4.1550067000         1.3000000000         0.8299262841         3.5418577195       -13.1535197884
        4.1600062000         1.3000000000         0.8120599961         3.4755089056       -13.6189310580
        4.1650049000         1.3000000000         0.8299262841         3.4346788662       -13.1535197884
        4.1700071000         1.3000000000         0.8171646498         3.3734338072       -13.4859564095
        4.1750069000         1.3000000000         0.8120599961         3.3275000129       -13.6189310580
        4.1800062000         1.3000000000         0.8222693035         3.2790143412       -13.3529817611
        4.1850081000         1.3000000000         0.8222693035         3.2254249146       -13.3529817611
        4.1900066000         1.3000000000         0.8171646498         3.1743873654       -13.4859564095
        4.1950043000         1.3000000000         0.8146123230         3.1233498162       -13.5524437337
        4.2000061000         1.3000000000         0.8171646498         3.0621047572       -13.4859564095
        4.2050044000         1.3000000000         0.8171646498         3.0212747179       -13.4859564095
        4.2100058000         1.3000000000         0.8222693035         2.9702371687       -13.3529817611
        4.2150042000         1.3000000000         0.8120599961         2.9115439871       -13.6189310580
        4.2200062000         1.3000000000         0.8146123230         2.8630583154       -13.5524437337
        4.2250037000         1.3000000000         0.8146123230         2.8120207662       -13.5524437337
        4.2300060000         1.3000000000         0.8120599961         2.7558794621       -13.6189310580
        4.2350058000         1.3000000000         0.8222693035         2.7073937904       -13.3529817611
        4.2400064000         1.3000000000         0.8069553424         2.6538043638       -13.7519057064
        4.2450056000         1.3000000000         0.8197169767         2.6129743244       -13.4194690853
        4.2500098000         1.3000000000         0.8299262841         2.5568330203       -13.1535197884
        4.2550073000         1.3000000000         0.8146123230         2.5134511035       -13.5524437337
        4.2600063000         1.3000000000         0.8146123230         2.4522060445       -13.5524437337
        4.2650044000         1.3000000000         0.8299262841         2.4088241277       -13.1535197884
        4.2700098000         1.3000000000         0.8273739573         2.3526828236       -13.2200071126
        4.2750064000         1.3000000000         0.7992983618         2.2914377646       -13.9513676791
        4.2800074000         1.3000000000         0.8324786110         2.2506077252       -13.0870324642
        4.2850053000         1.3000000000         0.8146123230         2.1944664211       -13.5524437337
        4.2900090000         1.3000000000         0.8120599961         2.1383251170       -13.6189310580
        4.2950079000         1.3000000000         0.8095076693         2.0898394453       -13.6854183822
        4.3000055000         1.3000000000         0.8171646498         2.0388018961       -13.4859564095
        4.3050084000         1.3000000000         0.8095076693         1.9852124695       -13.6854183822
        4.3100105000         1.3000000000         0.8146123230         1.9392786752       -13.5524437337
        4.3150118000         1.3000000000         0.8146123230         1.8780336162       -13.5524437337
        4.3200096000         1.3000000000         0.8018506887         1.8295479445       -13.8848803549
        4.3250111000         1.3000000000         0.8197169767         1.7785103953       -13.4194690853
        4.3300065000         1.3000000000         0.7967460350         1.7198172138       -14.0178550033
        4.3350136000         1.3000000000         0.8120599961         1.6764352970       -13.6189310580
        4.3400050000         1.3000000000         0.8120599961         1.6228458703       -13.6189310580
        4.3450060000         1.3000000000         0.8222693035         1.5743601986       -13.3529817611
        4.3500073000         1.3000000000         0.8248216304         1.5207707720       -13.2864944368
        4.3550064000         1.3000000000         0.8095076693         1.4773888552       -13.6854183822
        4.3600054000         1.3000000000         0.8171646498         1.4186956736       -13.4859564095
        4.3650064000         1.3000000000         0.8044030155         1.3727618793       -13.8183930307
        4.3700075000         1.3000000000         0.8273739573         1.3166205752       -13.2200071126
        4.3750093000         1.3000000000         0.8146123230         1.2630311486       -13.5524437337
        4.3800078000         1.3000000000         0.8171646498         1.2119935994       -13.4859564095
        4.3850061000         1.3000000000         0.8120599961         1.1609560502       -13.6189310580
        4.3900072000         1.3000000000         0.8171646498         1.1175741334       -13.4859564095
        4.3950092000         1.3000000000         0.8120599961         1.0537771970       -13.6189310580
        4.4000051000         1.3000000000         0.8044030155         1.0001877703       -13.8183930307
        4.4050071000         1.3000000000         0.8120599961         0.9517020986       -13.6189310580
        4.4100078000         1.3000000000         0.8095076693         0.8955607945       -13.6854183822
        4.4150133000         1.3000000000         0.8146123230         0.8368676129       -13.5524437337
        4.4200075000         1.3000000000         0.8095076693         0.7883819412       -13.6854183822
        4.4250066000         1.3000000000         0.8018506887         0.7322406371       -13.8848803549
        4.4300038000         1.3000000000         0.8171646498         0.6888587203       -13.4859564095
        4.4350068000         1.3000000000         0.7941937081         0.6250617838       -14.0843423276
        4.4400080000         1.3000000000         0.8146123230         0.5765761121       -13.5524437337
        4.4450068000         1.3000000000         0.8069553424         0.5204348080       -13.7519057064
        4.4500074000         1.3000000000         0.8222693035         0.4719491363       -13.3529817611
        4.4550118000         1.3000000000         0.8069553424         0.4107040773       -13.7519057064
        4.4600042000         1.3000000000         0.8146123230         0.3571146507       -13.5524437337
        4.4650060000         1.3000000000         0.8069553424         0.3060771015       -13.7519057064
        4.4700095000         1.3000000000         0.8171646498         0.2473839199       -13.4859564095
        4.4750109000         1.3000000000         0.8222693035         0.2040020031       -13.3529817611
        4.4800043000         1.3000000000         0.8248216304         0.1504125765       -13.2864944368
        4.4850134000         1.3000000000         0.8248216304         0.0917193949       -13.2864944368
        4.4900098000         1.3000000000         0.8044030155         0.0304743359       -13.8183930307
        4.4950069000         1.3000000000         0.8248216304        -0.0001481936       -13.2864944368
        4.5000071000         1.3000000000         0.8120599961         0.0024036839       -13.6189310580
        4.5050119000         1.3000000000         0.8146123230         1.1048147461       -13.5524437337
        4.5101294000         1.3000000000         0.8197169767         1.1201260109       -13.4194690853
        4.5150049000         1.3000000000         0.8044030155         5.0040835035       -13.8183930307
        4.5200861000         1.3000000000         0.8273739573         5.0066353810       -13.2200071126
        4.5250050000         1.3000000000         0.8146123230         4.9734609740       -13.5524437337
        4.5300161000         1.3000000000         0.8197169767         4.9326309346       -13.4194690853
        4.5350863000         1.3000000000         0.8146123230         4.8688339982       -13.5524437337
        4.5400056000         1.3000000000         0.8197169767         4.8177964490       -13.4194690853
        4.5450047000         1.3000000000         0.8146123230         4.7616551449       -13.5524437337
        4.5500333000         1.3000000000         0.8248216304         4.7055138408       -13.2864944368
        4.5550028000         1.3000000000         0.8171646498         4.6468206592       -13.4859564095
        4.5600353000         1.3000000000         0.8222693035         4.5957831101       -13.3529817611
        4.5650047000         1.3000000000         0.8120599961         4.5345380510       -13.6189310580
        4.5700057000         1.3000000000         0.8197169767         4.4886042568       -13.4194690853
        4.5750046000         1.3000000000         0.8146123230         4.4350148301       -13.5524437337
        4.5800050000         1.3000000000         0.8018506887         4.3763216486       -13.8848803549
        4.5850058000         1.3000000000         0.8146123230         4.3329397318       -13.5524437337
        4.5900044000         1.3000000000         0.8222693035         4.2793503051       -13.3529817611
        4.5950054000         1.3000000000         0.8171646498         4.2206571236       -13.4859564095
        4.6000030000         1.3000000000         0.8120599961         4.1696195744       -13.6189310580
        4.6050044000         1.3000000000         0.8171646498         4.1262376576       -13.4859564095
        4.6100078000         1.3000000000         0.8171646498         4.0726482310       -13.4859564095
        4.6150043000         1.3000000000         0.8018506887         4.0165069269       -13.8848803549
        4.6200052000         1.3000000000         0.8222693035         3.9705731326       -13.3529817611
        4.6250036000         1.3000000000         0.8350309378         3.9195355834       -13.0205451399
        4.6300070000         1.3000000000         0.8146123230         3.8633942793       -13.5524437337
        4.6350029000         1.3000000000         0.8324786110         3.8200123625       -13.0870324642
        4.6400016000         1.3000000000         0.8120599961         3.7613191810       -13.6189310580
        4.6450039000         1.3000000000         0.8171646498         3.7051778769       -13.4859564095
        4.6500034000         1.3000000000         0.8222693035         3.6617959601       -13.3529817611
        4.6550015000         1.3000000000         0.8146123230         3.6056546560       -13.5524437337
        4.6600049000         1.3000000000         0.8248216304         3.5622727392       -13.2864944368
        4.6650045000         1.3000000000         0.8197169767         3.5035795576       -13.4194690853
        4.6700048000         1.3000000000         0.8248216304         3.4576457633       -13.2864944368
        4.6750037000         1.3000000000         0.8171646498         3.4040563367       -13.4859564095
        4.6800064000         1.3000000000         0.8248216304         3.3555706650       -13.2864944368
        4.6850037000         1.3000000000         0.8222693035         3.3019812383       -13.3529817611
        4.6900050000         1.3000000000         0.8095076693         3.2458399342       -13.6854183822
        4.6950041000         1.3000000000         0.8350309378         3.2050098949       -13.0205451399
        4.7000046000         1.3000000000         0.8146123230         3.1514204683       -13.5524437337
        4.7050956000         1.3000000000         0.8171646498         3.0978310416       -13.4859564095
        4.7100065000         1.3000000000         0.8248216304         3.0416897375       -13.2864944368
        4.7150054000         1.3000000000         0.8273739573         3.0034115756       -13.2200071126
        4.7200061000         1.3000000000         0.8197169767         2.9447183941       -13.4194690853
        4.7250059000         1.3000000000         0.7839844007         2.8936808449       -14.3502916245
        4.7300052000         1.3000000000         0.8171646498         2.8426432957       -13.4859564095
        4.7350056000         1.3000000000         0.8146123230         2.7865019916       -13.5524437337
        4.7400031000         1.3000000000         0.8273739573         2.7405681974       -13.2200071126
        4.7450072000         1.3000000000         0.8248216304         2.6946344031       -13.2864944368
        4.7500034000         1.3000000000         0.8120599961         2.6359412215       -13.6189310580
        4.7550049000         1.3000000000         0.8299262841         2.5900074273       -13.1535197884
        4.7600075000         1.3000000000         0.8120599961         2.5262104908       -13.6189310580
        4.7650054000         1.3000000000         0.8248216304         2.4853804515       -13.2864944368
        4.7700062000         1.3000000000         0.8044030155         2.4241353924       -13.8183930307
        4.7750124000         1.3000000000         0.8018506887         2.3730978433       -13.8848803549
        4.7800059000         1.3000000000         0.8171646498         2.3220602941       -13.4859564095
        4.7850055000         1.3000000000         0.8146123230         2.2761264998       -13.5524437337
        4.7900073000         1.3000000000         0.8248216304         2.2250889506       -13.2864944368
        4.7950090000         1.3000000000         0.8324786110         2.1817070338       -13.0870324642
        4.8000038000         1.3000000000         0.8197169767         2.1204619748       -13.4194690853
        4.8050100000         1.3000000000         0.8222693035         2.0745281806       -13.3529817611
        4.8100073000         1.3000000000         0.8197169767         2.0158349990       -13.4194690853
        4.8150106000         1.3000000000         0.8197169767         1.9673493273       -13.4194690853
        4.8200059000         1.3000000000         0.8248216304         1.9188636556       -13.2864944368
        4.8250114000         1.3000000000         0.8273739573         1.8652742289       -13.2200071126
        4.8300035000         1.3000000000         0.8095076693         1.8193404347       -13.6854183822
        4.8350092000         1.3000000000         0.8248216304         1.7631991306       -13.2864944368
        4.8400158000         1.3000000000         0.8197169767         1.7172653363       -13.4194690853
        4.8450055000         1.3000000000         0.8222693035         1.6687796646       -13.3529817611
        4.8500215000         1.3000000000         0.8044030155         1.6126383605       -13.8183930307
        4.8550031000         1.3000000000         0.8248216304         1.5590489338       -13.2864944368
        4.8600050000         1.3000000000         0.8222693035         1.5080113847       -13.3529817611
        4.8650048000         1.3000000000         0.8197169767         1.4646294679       -13.4194690853
        4.8700090000         1.3000000000         0.8146123230         1.4059362863       -13.5524437337
        4.8750040000         1.3000000000         0.8146123230         1.3574506146       -13.5524437337
        4.8800050000         1.3000000000         0.8197169767         1.3013093105       -13.4194690853
        4.8850064000         1.3000000000         0.7992983618         1.2579273937       -13.9513676791
        4.8900054000         1.3000000000         0.8197169767         1.2017860896       -13.4194690853
        4.8950048000         1.3000000000         0.8044030155         1.1379891531       -13.8183930307
        4.9000055000         1.3000000000         0.8146123230         1.0997109912       -13.5524437337
        4.9050049000         1.3000000000         0.8146123230         1.0435696871       -13.5524437337
        4.9100067000         1.3000000000         0.8120599961         0.9874283830       -13.6189310580
        4.9150036000         1.3000000000         0.8095076693         0.9389427113       -13.6854183822
        4.9200061000         1.3000000000         0.8095076693         0.8904570396       -13.6854183822
        4.9250107000         1.3000000000         0.8299262841         0.8343157355       -13.1535197884
        4.9300068000         1.3000000000         0.8069553424         0.7705187990       -13.7519057064
        4.9350038000         1.3000000000         0.8222693035         0.7322406371       -13.3529817611
        4.9400084000         1.3000000000         0.8171646498         0.6812030879       -13.4859564095
        4.9450085000         1.3000000000         0.7737750933         0.6148542740       -14.6162409214
        4.9500074000         1.3000000000         0.8222693035         0.5740242347       -13.3529817611
        4.9550063000         1.3000000000         0.8018506887         0.5102272982       -13.8848803549
        4.9600140000         1.3000000000         0.8197169767         0.4566378716       -13.4194690853
        4.9650086000         1.3000000000         0.8044030155         0.4056003224       -13.8183930307
        4.9700089000         1.3000000000         0.8248216304         0.3494590183       -13.2864944368
        4.9750049000         1.3000000000         0.8044030155         0.3009733466       -13.8183930307
        4.9800122000         1.3000000000         0.8171646498         0.2448320425       -13.4859564095
        4.9850103000         1.3000000000         0.8146123230         0.1988982482       -13.5524437337
        4.9900057000         1.3000000000         0.8146123230         0.1376531892       -13.5524437337
        4.9950045000         1.3000000000         0.8171646498         0.0866156400       -13.4859564095
        5.0000063000         1.3000000000         0.8146123230         0.0279224584       -13.5524437337
        5.0050049000         1.3000000000         0.8197169767         0.0024036839       -13.4194690853
        5.0100069000         1.3000000000         0.8069553424         0.0049555613       -13.7519057064
        5.0150061000         1.3000000000         0.8095076693         1.1022628687       -13.6854183822
        5.0200074000         1.3000000000         0.8095076693         4.9989797486       -13.6854183822
        5.0250314000         1.3000000000         0.7967460350         5.0066353810       -14.0178550033
        5.0300061000         1.3000000000         0.8146123230         5.0040835035       -13.5524437337
        5.0350052000         1.3000000000         0.7941937081         4.9607015867       -14.0843423276
        5.0400049000         1.3000000000         0.8069553424         4.9096640375       -13.7519057064
        5.0450053000         1.3000000000         0.8044030155         4.8433152236       -13.8183930307
        5.0500059000         1.3000000000         0.8018506887         4.7999333068       -13.8848803549
        5.0550047000         1.3000000000         0.8095076693         4.7386882478       -13.6854183822
        5.0600045000         1.3000000000         0.8197169767         4.6978582084       -13.4194690853
        5.0650052000         1.3000000000         0.8095076693         4.6289575170       -13.6854183822
        5.0700051000         1.3000000000         0.8146123230         4.5804718453       -13.5524437337
        5.0750056000         1.3000000000         0.8248216304         4.5243305412       -13.2864944368
        5.0800063000         1.3000000000         0.8044030155         4.4681892371       -13.8183930307
        5.0850057000         1.3000000000         0.8222693035         4.4222554428       -13.3529817611
        5.0900039000         1.3000000000         0.8095076693         4.3737697711       -13.6854183822
        5.0950055000         1.3000000000         0.8197169767         4.3201803445       -13.4194690853
        5.1000042000         1.3000000000         0.8146123230         4.2614871629       -13.5524437337
        5.1050064000         1.3000000000         0.8171646498         4.2181052461       -13.4859564095
        5.1100057000         1.3000000000         0.8146123230         4.1568601871       -13.5524437337
        5.1150072000         1.3000000000         0.8146123230         4.0956151281       -13.5524437337
        5.1200043000         1.3000000000         0.8248216304         4.0573369662       -13.2864944368
        5.1250060000         1.3000000000         0.7737750933         4.0011956621       -14.6162409214
        5.1300063000         1.3000000000         0.8248216304         3.9476062355       -13.2864944368
        5.1350065000         1.3000000000         0.8197169767         3.8940168088       -13.4194690853
        5.1400039000         1.3000000000         0.8146123230         3.8480830146       -13.5524437337
        5.1450060000         1.3000000000         0.8222693035         3.7995973429       -13.3529817611
        5.1500069000         1.3000000000         0.8299262841         3.7536635486       -13.1535197884
        5.1550169000         1.3000000000         0.8197169767         3.6898666121       -13.4194690853
        5.1600059000         1.3000000000         0.8171646498         3.6439328179       -13.4859564095
        5.1650063000         1.3000000000         0.8120599961         3.5852396363       -13.6189310580
        5.1700096000         1.3000000000         0.8299262841         3.5469614744       -13.1535197884
        5.1750133000         1.3000000000         0.8171646498         3.4908201703       -13.4859564095
        5.1800194000         1.3000000000         0.8222693035         3.4346788662       -13.3529817611
        5.1850133000         1.3000000000         0.8248216304         3.3836413170       -13.2864944368
        5.1900056000         1.3000000000         0.8197169767         3.3326037679       -13.4194690853
        5.1952941000         1.3000000000         0.8095076693         3.2713587088       -13.6854183822
        5.2000040000         1.3000000000         0.8197169767         3.2305286695       -13.4194690853
        5.2050064000         1.3000000000         0.8171646498         3.1743873654       -13.4859564095
        5.2100063000         1.3000000000         0.8120599961         3.1361092035       -13.6189310580
        5.2150065000         1.3000000000         0.8197169767         3.0774160220       -13.4194690853
        5.2200064000         1.3000000000         0.8222693035         3.0212747179       -13.3529817611
        5.2250039000         1.3000000000         0.8018506887         2.9727890461       -13.8848803549
        5.2300060000         1.3000000000         0.8171646498         2.9243033744       -13.4859564095
        5.2350041000         1.3000000000         0.8248216304         2.8758177027       -13.2864944368
        5.2400068000         1.3000000000         0.8171646498         2.8145726437       -13.4859564095
        5.2450053000         1.3000000000         0.8044030155         2.7609832170       -13.8183930307
        5.2500056000         1.3000000000         0.8273739573         2.7176013002       -13.2200071126
        5.2550031000         1.3000000000         0.8171646498         2.6691156285       -13.4859564095
        5.2600110000         1.3000000000         0.8324786110         2.6180780793       -13.0870324642
        5.2650051000         1.3000000000         0.8324786110         2.5695924076       -13.0870324642
        5.2700052000         1.3000000000         0.8222693035         2.5185548584       -13.3529817611
        5.2750094000         1.3000000000         0.8120599961         2.4573097994       -13.6189310580
        5.2800091000         1.3000000000         0.8095076693         2.4011684953       -13.6854183822
        5.2850092000         1.3000000000         0.8299262841         2.3654422109       -13.1535197884
        5.2900050000         1.3000000000         0.8146123230         2.3093009068       -13.5524437337
        5.2950086000         1.3000000000         0.8120599961         2.2506077252       -13.6189310580
        5.3000043000         1.3000000000         0.7941937081         2.2021220535       -14.0843423276
        5.3050093000         1.3000000000         0.8299262841         2.1587401367       -13.1535197884
        5.3100047000         1.3000000000         0.8120599961         2.1000469552       -13.6189310580
        5.3150042000         1.3000000000         0.8171646498         2.0464575285       -13.4859564095
        5.3200044000         1.3000000000         0.8324786110         2.0005237343       -13.0870324642
        5.3250038000         1.3000000000         0.8095076693         1.9443824302       -13.6854183822
        5.3300051000         1.3000000000         0.8171646498         1.8882411261       -13.4859564095
        5.3350097000         1.3000000000         0.8171646498         1.8423073318       -13.4859564095
        5.3400144000         1.3000000000         0.8171646498         1.7861660277       -13.4859564095
        5.3450096000         1.3000000000         0.8222693035         1.7402322334       -13.3529817611
        5.3500063000         1.3000000000         0.8120599961         1.6866428068       -13.6189310580
        5.3550097000         1.3000000000         0.8044030155         1.6330533802       -13.8183930307
        5.3600065000         1.3000000000         0.8069553424         1.5871195859       -13.7519057064
        5.3650055000         1.3000000000         0.8299262841         1.5411857916       -13.1535197884
        5.3700070000         1.3000000000         0.8095076693         1.4850444875       -13.6854183822
        5.3750043000         1.3000000000         0.8146123230         1.4391106933       -13.5524437337
        5.3800128000         1.3000000000         0.8197169767         1.3829693892       -13.4194690853
        5.3850107000         1.3000000000         0.8171646498         1.3319318400       -13.4859564095
        5.3900116000         1.3000000000         0.8095076693         1.2706867810       -13.6854183822
        5.3950071000         1.3000000000         0.8171646498         1.2298567416       -13.4859564095
        5.4000079000         1.3000000000         0.8248216304         1.1737154375       -13.2864944368
        5.4050060000         1.3000000000         0.8044030155         1.1175741334       -13.8183930307
        5.4100103000         1.3000000000         0.8171646498         1.0665365843       -13.4859564095
        5.4150044000         1.3000000000         0.8069553424         1.0180509125       -13.7519057064
        5.4200130000         1.3000000000         0.8248216304         0.9746689957       -13.2864944368
        5.4250077000         1.3000000000         0.7992983618         0.9032164269       -13.9513676791
        5.4300056000         1.3000000000         0.8044030155         0.8521788777       -13.8183930307
        5.4350145000         1.3000000000         0.8095076693         0.8062450834       -13.6854183822
        5.4400037000         1.3000000000         0.8120599961         0.7526556568       -13.6189310580
        5.4450068000         1.3000000000         0.8146123230         0.7016181076       -13.5524437337
        5.4500083000         1.3000000000         0.8044030155         0.6480286810       -13.8183930307
        5.4550079000         1.3000000000         0.8248216304         0.5918873769       -13.2864944368
        5.4600087000         1.3000000000         0.8095076693         0.5408498277       -13.6854183822
        5.4650164000         1.3000000000         0.8197169767         0.4923641560       -13.4194690853
        5.4700043000         1.3000000000         0.8222693035         0.4413266068       -13.3529817611
        5.4750116000         1.3000000000         0.8069553424         0.3775296703       -13.7519057064
        5.4800068000         1.3000000000         0.8171646498         0.3239402437       -13.4859564095
        5.4850049000         1.3000000000         0.8222693035         0.2805583269       -13.3529817611
        5.4900070000         1.3000000000         0.8095076693         0.2065538806       -13.6854183822
        5.4950046000         1.3000000000         0.8044030155         0.1555163314       -13.8183930307
        5.5000082000         1.3000000000         0.8248216304         0.1146862920       -13.2864944368
        5.5050185000         1.3000000000         0.8044030155         0.0457856007       -13.8183930307
        5.5100048000         1.3000000000         0.8120599961        -0.0001481936       -13.6189310580
        5.5150133000         1.3000000000         0.8146123230        -0.0052519485       -13.5524437337
        5.5200060000         1.3000000000         0.8222693035         0.0075074388       -13.3529817611
        5.5250112000         1.3000000000         0.8273739573         1.1150222560       -13.2200071126
        5.5300046000         1.3000000000         0.8197169767         5.0040835035       -13.4194690853
        5.5350057000         1.3000000000         0.8018506887         5.0040835035       -13.8848803549
        5.5400063000         1.3000000000         0.8222693035         4.9913241162       -13.3529817611
        5.5450071000         1.3000000000         0.8248216304         4.9479421994       -13.2864944368
        5.5500060000         1.3000000000         0.8069553424         4.8892490178       -13.7519057064
        5.5550089000         1.3000000000         0.8273739573         4.8356595912       -13.2200071126
        5.5600065000         1.3000000000         0.8120599961         4.7744145322       -13.6189310580
        5.5650063000         1.3000000000         0.8171646498         4.7259288605       -13.4859564095
        5.5700083000         1.3000000000         0.8171646498         4.6672356789       -13.4859564095
        5.5750135000         1.3000000000         0.7890890544         4.6059906199       -14.2173169760
        5.5800051000         1.3000000000         0.8248216304         4.5600568256       -13.2864944368
        5.5850136000         1.3000000000         0.8146123230         4.5064673990       -13.5524437337
        5.5900764000         1.3000000000         0.8095076693         4.4477742174       -13.6854183822
        5.5950049000         1.3000000000         0.8171646498         4.4018404232       -13.4859564095
        5.6000066000         1.3000000000         0.8248216304         4.3533547515       -13.2864944368
        5.6050129000         1.3000000000         0.8197169767         4.2972134474       -13.4194690853
        5.6100033000         1.3000000000         0.8146123230         4.2436240207       -13.5524437337
        5.6150048000         1.3000000000         0.8222693035         4.1900345941       -13.3529817611
        5.6200050000         1.3000000000         0.8222693035         4.1364451674       -13.3529817611
        5.6250046000         1.3000000000         0.8197169767         4.0879594957       -13.4194690853
        5.6300045000         1.3000000000         0.8350309378         4.0369219465       -13.0205451399
        5.6350031000         1.3000000000         0.8146123230         3.9807806424       -13.5524437337
        5.6400040000         1.3000000000         0.8350309378         3.9348468482       -13.0205451399
        5.6450052000         1.3000000000         0.8197169767         3.8863611765       -13.4194690853
        5.6500062000         1.3000000000         0.8273739573         3.8378755047       -13.2200071126
        5.6550048000         1.3000000000         0.8375832647         3.7868379556       -12.9540578157
        5.6600036000         1.3000000000         0.8171646498         3.7332485289       -13.4859564095
        5.6650057000         1.3000000000         0.8324786110         3.6796591023       -13.0870324642
        5.6700055000         1.3000000000         0.8299262841         3.6311734306       -13.1535197884
        5.6750072000         1.3000000000         0.8222693035         3.5801358814       -13.3529817611
        5.6800049000         1.3000000000         0.8375832647         3.5367539646       -12.9540578157
        5.6850047000         1.3000000000         0.8248216304         3.4806126605       -13.2864944368
        5.6900041000         1.3000000000         0.8248216304         3.4295751113       -13.2864944368
        5.6950051000         1.3000000000         0.8273739573         3.3785375621       -13.2200071126
        5.7000050000         1.3000000000         0.8350309378         3.3351556453       -13.0205451399
        5.7050086000         1.3000000000         0.8350309378         3.2866699736       -13.0205451399
        5.7100047000         1.3000000000         0.8248216304         3.2254249146       -13.2864944368
        5.7150213000         1.3000000000         0.8401355915         3.1845948752       -12.8875704915
        5.7200110000         1.3000000000         0.8120599961         3.1182460613       -13.6189310580
        5.7250050000         1.3000000000         0.8197169767         3.0748641445       -13.4194690853
        5.7300110000         1.3000000000         0.8222693035         3.0263784728       -13.3529817611
        5.7350066000         1.3000000000         0.8273739573         2.9753409236       -13.2200071126
        5.7400084000         1.3000000000         0.8248216304         2.9243033744       -13.2864944368
        5.7450099000         1.3000000000         0.8222693035         2.8732658252       -13.3529817611
        5.7500102000         1.3000000000         0.8324786110         2.8273320310       -13.0870324642
        5.7550053000         1.3000000000         0.8222693035         2.7686388494       -13.3529817611
        5.7600114000         1.3000000000         0.8248216304         2.7278088101       -13.2864944368
        5.7650058000         1.3000000000         0.8146123230         2.6665637511       -13.5524437337
        5.7700112000         1.3000000000         0.8273739573         2.6180780793       -13.2200071126
        5.7750057000         1.3000000000         0.8222693035         2.5644886527       -13.3529817611
        5.7800090000         1.3000000000         0.8248216304         2.5134511035       -13.2864944368
        5.7850049000         1.3000000000         0.8324786110         2.4624135543       -13.0870324642
        5.7900055000         1.3000000000         0.8120599961         2.4062722502       -13.6189310580
        5.7950076000         1.3000000000         0.8248216304         2.3552347011       -13.2864944368
        5.8000085000         1.3000000000         0.8120599961         2.3041971519       -13.6189310580
        5.8050047000         1.3000000000         0.8222693035         2.2659189900       -13.3529817611
        5.8100049000         1.3000000000         0.8146123230         2.1995701761       -13.5524437337
        5.8150566000         1.3000000000         0.8171646498         2.1485326269       -13.4859564095
        5.8200047000         1.3000000000         0.8197169767         2.1077025875       -13.4194690853
        5.8250629000         1.3000000000         0.8197169767         2.0515612834       -13.4194690853
        5.8300049000         1.3000000000         0.8171646498         1.9928681019       -13.4859564095
        5.8350050000         1.3000000000         0.8120599961         1.9545899400       -13.6189310580
        5.8400047000         1.3000000000         0.8171646498         1.8958967584       -13.4859564095
        5.8450048000         1.3000000000         0.8171646498         1.8474110867       -13.4859564095
        5.8500080000         1.3000000000         0.8350309378         1.8014772924       -13.0205451399
        5.8550049000         1.3000000000         0.8350309378         1.7529916207       -13.0205451399
        5.8600058000         1.3000000000         0.8069553424         1.6917465617       -13.7519057064
        5.8650066000         1.3000000000         0.8273739573         1.6534683998       -13.2200071126
        5.8700064000         1.3000000000         0.8095076693         1.5871195859       -13.6854183822
        5.8750063000         1.3000000000         0.8350309378         1.5488414240       -13.0205451399
        5.8800064000         1.3000000000         0.8069553424         1.4901482425       -13.7519057064
        5.8850064000         1.3000000000         0.8222693035         1.4391106933       -13.3529817611
        5.8900137000         1.3000000000         0.8095076693         1.3880731441       -13.6854183822
        5.8950064000         1.3000000000         0.8248216304         1.3395874724       -13.2864944368
        5.9000084000         1.3000000000         0.8146123230         1.2859980457       -13.5524437337
        5.9050131000         1.3000000000         0.8120599961         1.2324086191       -13.6189310580
        5.9100057000         1.3000000000         0.8273739573         1.1813710699       -13.2200071126
        5.9150078000         1.3000000000         0.8095076693         1.1303335207       -13.6854183822
        5.9200103000         1.3000000000         0.8171646498         1.0792959716       -13.4859564095
        5.9250070000         1.3000000000         0.8069553424         1.0231546675       -13.7519057064
        5.9300045000         1.3000000000         0.8171646498         0.9746689957       -13.4859564095
        5.9350118000         1.3000000000         0.8171646498         0.9287352015       -13.4859564095
        5.9400060000         1.3000000000         0.8171646498         0.8751457748       -13.4859564095
        5.9450118000         1.3000000000         0.8018506887         0.8087969609       -13.8848803549
        5.9500051000         1.3000000000         0.8018506887         0.7628631666       -13.8848803549
        5.9550145000         1.3000000000         0.8171646498         0.7118256175       -13.4859564095
        5.9600089000         1.3000000000         0.8146123230         0.6582361908       -13.5524437337
        5.9650063000         1.3000000000         0.8171646498         0.6046467642       -13.4859564095
        5.9700101000         1.3000000000         0.8222693035         0.5485054601       -13.3529817611
        5.9750131000         1.3000000000         0.8197169767         0.5025716658       -13.4194690853
        5.9800065000         1.3000000000         0.8120599961         0.4464303617       -13.6189310580
        5.9850137000         1.3000000000         0.8248216304         0.3953928125       -13.2864944368
        5.9900042000         1.3000000000         0.8171646498         0.3392515084       -13.4859564095
        5.9950150000         1.3000000000         0.7992983618         0.2780064494       -13.9513676791
        6.0000092000         1.3000000000         0.8222693035         0.2218651453       -13.3529817611
        6.0050138000         1.3000000000         0.8146123230         0.1733794736       -13.5524437337
        6.0100099000         1.3000000000         0.8120599961         0.1197900470       -13.6189310580
        6.0150076000         1.3000000000         0.8095076693         0.0662006203       -13.6854183822
        6.0200067000         1.3000000000         0.8120599961         0.0202668261       -13.6189310580
        6.0250156000         1.3000000000         0.8044030155        -0.0052519485       -13.8183930307
        6.0300060000         1.3000000000         0.8120599961         0.0024036839       -13.6189310580
        6.0350142000         1.3000000000         0.8299262841         1.1124703785       -13.1535197884
        6.0400056000         1.3000000000         0.8197169767         5.0142910133       -13.4194690853
        6.0450046000         1.3000000000         0.8171646498         5.0117391359       -13.4859564095
        6.0500057000         1.3000000000         0.7992983618         4.9989797486       -13.9513676791
        6.0550025000         1.3000000000         0.8171646498         4.9479421994       -13.4859564095
        6.0600049000         1.3000000000         0.8044030155         4.8943527728       -13.8183930307
        6.0650048000         1.3000000000         0.8095076693         4.8433152236       -13.6854183822
        6.0700093000         1.3000000000         0.8120599961         4.7795182871       -13.6189310580
        6.0750054000         1.3000000000         0.8146123230         4.7310326154       -13.5524437337
        6.0800128000         1.3000000000         0.8248216304         4.6799950662       -13.2864944368
        6.0850040000         1.3000000000         0.8120599961         4.6213018847       -13.6189310580
        6.0900106000         1.3000000000         0.8222693035         4.5677124580       -13.3529817611
        6.0950048000         1.3000000000         0.8120599961         4.5141230314       -13.6189310580
        6.1000056000         1.3000000000         0.8197169767         4.4579817273       -13.4194690853
        6.1050042000         1.3000000000         0.8299262841         4.4120479330       -13.1535197884
        6.1100054000         1.3000000000         0.8120599961         4.3533547515       -13.6189310580
        6.1150067000         1.3000000000         0.8222693035         4.2997653248       -13.3529817611
        6.1200140000         1.3000000000         0.8171646498         4.2512796531       -13.4859564095
        6.1250044000         1.3000000000         0.8299262841         4.2053458588       -13.1535197884
        6.1300138000         1.3000000000         0.8197169767         4.1543083097       -13.4194690853
        6.1350068000         1.3000000000         0.8273739573         4.1083745154       -13.2200071126
        6.1400135000         1.3000000000         0.8324786110         4.0496813338       -13.0870324642
        6.1450122000         1.3000000000         0.8120599961         4.0011956621       -13.6189310580
        6.1500116000         1.3000000000         0.8324786110         3.9501581129       -13.0870324642
        6.1550089000         1.3000000000         0.8375832647         3.9067761961       -12.9540578157
        6.1600150000         1.3000000000         0.8248216304         3.8557386469       -13.2864944368
        6.1650064000         1.3000000000         0.8350309378         3.8021492203       -13.0205451399
        6.1700142000         1.3000000000         0.8248216304         3.7511116711       -13.2864944368
        6.1750061000         1.3000000000         0.8324786110         3.7026259994       -13.0870324642
        6.1800146000         1.3000000000         0.8324786110         3.6515884502       -13.0870324642
        6.1850089000         1.3000000000         0.8248216304         3.6005509010       -13.2864944368
        6.1900066000         1.3000000000         0.8401355915         3.5520652293       -12.8875704915
        6.1950060000         1.3000000000         0.8248216304         3.4959239252       -13.2864944368
        6.2000062000         1.3000000000         0.8248216304         3.4397826211       -13.2864944368
        6.2050044000         1.3000000000         0.8350309378         3.3938488269       -13.0205451399
        6.2100064000         1.3000000000         0.8222693035         3.3428112777       -13.3529817611
        6.2150067000         1.3000000000         0.8171646498         3.2866699736       -13.4859564095
        6.2200069000         1.3000000000         0.8324786110         3.2483918117       -13.0870324642
        6.2250066000         1.3000000000         0.8401355915         3.1922505076       -12.8875704915
        6.2300064000         1.3000000000         0.8197169767         3.1488685908       -13.4194690853
        6.2350076000         1.3000000000         0.8375832647         3.0978310416       -12.9540578157
        6.2400071000         1.3000000000         0.8324786110         3.0391378601       -13.0870324642
        6.2450052000         1.3000000000         0.8120599961         2.9829965560       -13.6189310580
        6.2500140000         1.3000000000         0.8350309378         2.9370627617       -13.0205451399
        6.2550059000         1.3000000000         0.8324786110         2.8885770900       -13.0870324642
        6.2600149000         1.3000000000         0.8222693035         2.8324357859       -13.3529817611
        6.2650107000         1.3000000000         0.8350309378         2.7916057465       -13.0205451399
        6.2700065000         1.3000000000         0.8273739573         2.7354644424       -13.2200071126
        6.2750077000         1.3000000000         0.8197169767         2.6767712609       -13.4194690853
        6.2800140000         1.3000000000         0.8324786110         2.6435968539       -13.0870324642
        6.2850051000         1.3000000000         0.8222693035         2.5849036724       -13.3529817611
        6.2900148000         1.3000000000         0.8248216304         2.5338661232       -13.2864944368
        6.2950088000         1.3000000000         0.8273739573         2.4853804515       -13.2200071126
        6.3000117000         1.3000000000         0.8299262841         2.4292391474       -13.1535197884
        6.3050057000         1.3000000000         0.8350309378         2.3833053531       -13.0205451399
        6.3100066000         1.3000000000         0.8197169767         2.3271640490       -13.4194690853
        6.3150069000         1.3000000000         0.8171646498         2.2837821322       -13.4859564095
        6.3200154000         1.3000000000         0.8324786110         2.2352964605       -13.0870324642
        6.3250071000         1.3000000000         0.8273739573         2.1766032789       -13.2200071126
        6.3300084000         1.3000000000         0.8222693035         2.1179100974       -13.3529817611
        6.3350111000         1.3000000000         0.8120599961         2.0668725482       -13.6189310580
        6.3400050000         1.3000000000         0.8273739573         2.0209387539       -13.2200071126
        6.3450106000         1.3000000000         0.8197169767         1.9750049597       -13.4194690853
        6.3500064000         1.3000000000         0.8120599961         1.9214155330       -13.6189310580
        6.3550137000         1.3000000000         0.8248216304         1.8652742289       -13.2864944368
        6.3600068000         1.3000000000         0.8222693035         1.8193404347       -13.3529817611
        6.3650063000         1.3000000000         0.8222693035         1.7631991306       -13.3529817611
        6.3700072000         1.3000000000         0.8146123230         1.7223690912       -13.5524437337
        6.3750139000         1.3000000000         0.8248216304         1.6662277871       -13.2864944368
        6.3800078000         1.3000000000         0.8069553424         1.6075346056       -13.7519057064
        6.3850147000         1.3000000000         0.8299262841         1.5718083211       -13.1535197884
        6.3900125000         1.3000000000         0.8222693035         1.5156670170       -13.3529817611
        6.3950129000         1.3000000000         0.8120599961         1.4671813453       -13.6189310580
        6.4000077000         1.3000000000         0.8146123230         1.4008325314       -13.5524437337
        6.4050149000         1.3000000000         0.8146123230         1.3600024920       -13.5524437337
        6.4100098000         1.3000000000         0.8171646498         1.2962055556       -13.4859564095
        6.4150119000         1.3000000000         0.8044030155         1.2502717613       -13.8183930307
        6.4200072000         1.3000000000         0.8222693035         1.2017860896       -13.3529817611
        6.4250103000         1.3000000000         0.8044030155         1.1507485404       -13.8183930307
        6.4300035000         1.3000000000         0.8120599961         1.0971591138       -13.6189310580
        6.4350299000         1.3000000000         0.8222693035         1.0512253195       -13.3529817611
        6.4400064000         1.3000000000         0.8248216304         1.0001877703       -13.2864944368
        6.4450062000         1.3000000000         0.8146123230         0.9389427113       -13.5524437337
        6.4500056000         1.3000000000         0.8146123230         0.8879051621       -13.5524437337
        6.4550047000         1.3000000000         0.8197169767         0.8292119806       -13.4194690853
        6.4600064000         1.3000000000         0.8018506887         0.7730706765       -13.8848803549
        6.4650182000         1.3000000000         0.8120599961         0.7220331273       -13.6189310580
        6.4700056000         1.3000000000         0.8095076693         0.6684437007       -13.6854183822
        6.4750144000         1.3000000000         0.8095076693         0.6276136613       -13.6854183822
        6.4800100000         1.3000000000         0.8197169767         0.5663686023       -13.4194690853
        6.4850067000         1.3000000000         0.8018506887         0.5127791757       -13.8848803549
        6.4900077000         1.3000000000         0.8197169767         0.4617416265       -13.4194690853
        6.4950078000         1.3000000000         0.8120599961         0.4030484449       -13.6189310580
        6.5000091000         1.3000000000         0.8120599961         0.3596665281       -13.6189310580
        6.5050064000         1.3000000000         0.8120599961         0.3009733466       -13.6189310580
        6.5100064000         1.3000000000         0.8146123230         0.2499357974       -13.5524437337
        6.5150135000         1.3000000000         0.7992983618         0.1861388609       -13.9513676791
        6.5200072000         1.3000000000         0.8197169767         0.1402050666       -13.4194690853
        6.5250050000         1.3000000000         0.8197169767         0.0840637625       -13.4194690853
        6.5300063000         1.3000000000         0.7967460350         0.0228187035       -14.0178550033
        6.5350152000         1.3000000000         0.8197169767         0.0049555613       -13.4194690853
        6.5400075000         1.3000000000         0.8044030155         0.0100593162       -13.8183930307
        6.5450057000         1.3000000000         0.8171646498         1.1073666236       -13.4859564095
        6.5500067000         1.3000000000         0.8248216304         5.0015316260       -13.2864944368
        6.5550071000         1.3000000000         0.8197169767         5.0091872584       -13.4194690853
        6.5602148000         1.3000000000         0.8120599961         5.0066353810       -13.6189310580
        6.5650139000         1.3000000000         0.8171646498         4.9607015867       -13.4859564095
        6.5700123000         1.3000000000         0.8197169767         4.9147677924       -13.4194690853
        6.5750049000         1.3000000000         0.8146123230         4.8560746109       -13.5524437337
        6.5800097000         1.3000000000         0.8299262841         4.8024851842       -13.1535197884
        6.5850076000         1.3000000000         0.8120599961         4.7463438801       -13.6189310580
        6.5900074000         1.3000000000         0.8222693035         4.6902025760       -13.3529817611
        6.5950059000         1.3000000000         0.8324786110         4.6519244142       -13.0870324642
        6.6000075000         1.3000000000         0.8095076693         4.5855756002       -13.6854183822
        6.6050063000         1.3000000000         0.8197169767         4.5294342961       -13.4194690853
        6.6100069000         1.3000000000         0.8171646498         4.4860523793       -13.4859564095
        6.6150109000         1.3000000000         0.8248216304         4.4299110752       -13.2864944368
        6.6200131000         1.3000000000         0.8171646498         4.3814254035       -13.4859564095
        6.6250066000         1.3000000000         0.8248216304         4.3303878543       -13.2864944368
        6.6300149000         1.3000000000         0.8375832647         4.2819021826       -12.9540578157
        6.6350084000         1.3000000000         0.8197169767         4.2232090010       -13.4194690853
        6.6400161000         1.3000000000         0.8222693035         4.1747233293       -13.3529817611
        6.6450098000         1.3000000000         0.8222693035         4.1211339027       -13.3529817611
        6.6500130000         1.3000000000         0.8222693035         4.0649925986       -13.3529817611
        6.6550101000         1.3000000000         0.8222693035         4.0190588043       -13.3529817611
        6.6600048000         1.3000000000         0.8197169767         3.9629175002       -13.4194690853
        6.6650108000         1.3000000000         0.8299262841         3.9169837060       -13.1535197884
        6.6700056000         1.3000000000         0.8222693035         3.8684980342       -13.3529817611
        6.6750090000         1.3000000000         0.8324786110         3.8225642400       -13.0870324642
        6.6800061000         1.3000000000         0.8324786110         3.7689748133       -13.0870324642
        6.6850049000         1.3000000000         0.8146123230         3.7179372642       -13.5524437337
        6.6900096000         1.3000000000         0.8350309378         3.6668997150       -13.0205451399
        6.6950075000         1.3000000000         0.8273739573         3.6133102883       -13.2200071126
        6.7000066000         1.3000000000         0.8171646498         3.5546171068       -13.4859564095
        6.7050074000         1.3000000000         0.8273739573         3.5137870674       -13.2200071126
        6.7100131000         1.3000000000         0.8324786110         3.4601976408       -13.0870324642
        6.7150098000         1.3000000000         0.8273739573         3.4091600916       -13.2200071126
        6.7200063000         1.3000000000         0.8324786110         3.3683300523       -13.0870324642
        6.7250074000         1.3000000000         0.8273739573         3.3045331158       -13.2200071126
        6.7300131000         1.3000000000         0.8248216304         3.2585993215       -13.2864944368
        6.7350106000         1.3000000000         0.8222693035         3.2024580174       -13.3529817611
        6.7400129000         1.3000000000         0.8222693035         3.1590761006       -13.3529817611
        6.7450048000         1.3000000000         0.8222693035         3.1029347965       -13.3529817611
        6.7500053000         1.3000000000         0.8248216304         3.0518972474       -13.2864944368
        6.7550120000         1.3000000000         0.8171646498         3.0059634531       -13.4859564095
        6.7600195000         1.3000000000         0.8324786110         2.9549259039       -13.0870324642
        6.7650077000         1.3000000000         0.8171646498         2.9013364773       -13.4859564095
        6.7700140000         1.3000000000         0.8197169767         2.8528508056       -13.4194690853
        6.7750089000         1.3000000000         0.8324786110         2.7967095015       -13.0870324642
        6.7800124000         1.3000000000         0.8350309378         2.7507757072       -13.0205451399
        6.7850063000         1.3000000000         0.8299262841         2.7048419129       -13.1535197884
        6.7900107000         1.3000000000         0.8095076693         2.6461487314       -13.6854183822
        6.7950090000         1.3000000000         0.8401355915         2.6078705695       -12.8875704915
        6.8000048000         1.3000000000         0.8222693035         2.5491773879       -13.3529817611
        6.8050068000         1.3000000000         0.8095076693         2.4930360838       -13.6854183822
        6.8100103000         1.3000000000         0.8197169767         2.4471022896       -13.4194690853
        6.8150069000         1.3000000000         0.8248216304         2.3960647404       -13.2864944368
        6.8200106000         1.3000000000         0.8197169767         2.3450271912       -13.4194690853
        6.8250040000         1.3000000000         0.8171646498         2.2888858871       -13.4859564095
        6.8300057000         1.3000000000         0.8375832647         2.2506077252       -12.9540578157
        6.8350033000         1.3000000000         0.8248216304         2.1970182986       -13.2864944368
        6.8400049000         1.3000000000         0.8120599961         2.1383251170       -13.6189310580
        6.8450045000         1.3000000000         0.8273739573         2.0898394453       -13.2200071126
        6.8500051000         1.3000000000         0.8171646498         2.0388018961       -13.4859564095
        6.8550056000         1.3000000000         0.8146123230         1.9852124695       -13.5524437337
        6.8600045000         1.3000000000         0.8146123230         1.9290711654       -13.5524437337
        6.8650073000         1.3000000000         0.8248216304         1.8856892486       -13.2864944368
        6.8700090000         1.3000000000         0.8069553424         1.8244441896       -13.7519057064
        6.8750075000         1.3000000000         0.8171646498         1.7734066404       -13.4859564095
        6.8800068000         1.3000000000         0.8171646498         1.7402322334       -13.4859564095
        6.8850049000         1.3000000000         0.8222693035         1.6815390519       -13.3529817611
        6.8900045000         1.3000000000         0.8248216304         1.6407090125       -13.2864944368
        6.8950053000         1.3000000000         0.8222693035         1.5820158310       -13.3529817611
        6.9000056000         1.3000000000         0.8197169767         1.5335301593       -13.4194690853
        6.9050046000         1.3000000000         0.8222693035         1.4824926101       -13.3529817611
        6.9100060000         1.3000000000         0.8273739573         1.4340069384       -13.2200071126
        6.9150056000         1.3000000000         0.8018506887         1.3651062470       -13.8848803549
        6.9200074000         1.3000000000         0.8299262841         1.3217243302       -13.1535197884
        6.9250062000         1.3000000000         0.8222693035         1.2706867810       -13.3529817611
        6.9300073000         1.3000000000         0.8248216304         1.2273048642       -13.2864944368
        6.9350083000         1.3000000000         0.8324786110         1.1737154375       -13.0870324642
        6.9400056000         1.3000000000         0.8146123230         1.1303335207       -13.5524437337
        6.9450070000         1.3000000000         0.8248216304         1.0665365843       -13.2864944368
        6.9500042000         1.3000000000         0.8044030155         1.0129471576       -13.8183930307
        6.9550052000         1.3000000000         0.8120599961         0.9644614859       -13.6189310580
        6.9600066000         1.3000000000         0.8069553424         0.9032164269       -13.7519057064
        6.9650059000         1.3000000000         0.8146123230         0.8547307552       -13.5524437337
        6.9700042000         1.3000000000         0.8299262841         0.8113488384       -13.1535197884
        6.9750321000         1.3000000000         0.8146123230         0.7552075343       -13.5524437337
        6.9800090000         1.3000000000         0.8375832647         0.7092737400       -12.9540578157
        6.9850134000         1.3000000000         0.8044030155         0.6505805584       -13.8183930307
        6.9900046000         1.3000000000         0.8197169767         0.5893354994       -13.4194690853
        6.9950137000         1.3000000000         0.8222693035         0.5382979502       -13.3529817611
        7.0000101000         1.3000000000         0.8146123230         0.4949160334       -13.5524437337
        7.0050069000         1.3000000000         0.8350309378         0.4438784843       -13.0205451399
        7.0100065000         1.3000000000         0.8197169767         0.3826334252       -13.4194690853
        7.0150133000         1.3000000000         0.8299262841         0.3418033859       -13.1535197884
        7.0200082000         1.3000000000         0.8171646498         0.2780064494       -13.4859564095
        7.0250049000         1.3000000000         0.8248216304         0.2269689002       -13.2864944368
        7.0300028000         1.3000000000         0.8146123230         0.1682757187       -13.5524437337
        7.0350102000         1.3000000000         0.8299262841         0.1248938019       -13.1535197884
        7.0400083000         1.3000000000         0.8146123230         0.0610968654       -13.5524437337
        7.0450061000         1.3000000000         0.8248216304         0.0177149486       -13.2864944368
        7.0500080000         1.3000000000         0.8273739573        -0.0001481936       -13.2200071126
        7.0550070000         1.3000000000         0.8146123230        -0.0001481936       -13.5524437337
        7.0600114000         1.3000000000         0.8197169767         1.0971591138       -13.4194690853
        7.0650129000         1.3000000000         0.8171646498         5.0040835035       -13.4859564095
        7.0700072000         1.3000000000         0.8146123230         5.0091872584       -13.5524437337
        7.0750125000         1.3000000000         0.8095076693         5.0066353810       -13.6854183822
        7.0800077000         1.3000000000         0.8299262841         4.9555978318       -13.1535197884
        7.0850027000         1.3000000000         0.8299262841         4.9122159150       -13.1535197884
        7.0900268000         1.3000000000         0.7967460350         4.8407633461       -14.0178550033
        7.0950129000         1.3000000000         0.8299262841         4.7999333068       -13.1535197884
        7.1000042000         1.3000000000         0.8095076693         4.7335844928       -13.6854183822
        7.1050100000         1.3000000000         0.8197169767         4.6850988211       -13.4194690853
        7.1100047000         1.3000000000         0.8197169767         4.6315093945       -13.4194690853
        7.1150057000         1.3000000000         0.8350309378         4.5881274777       -13.0205451399
        7.1200068000         1.3000000000         0.8273739573         4.5319861736       -13.2200071126
        7.1250096000         1.3000000000         0.8197169767         4.4732929920       -13.4194690853
        7.1300110000         1.3000000000         0.8324786110         4.4222554428       -13.0870324642
        7.1350042000         1.3000000000         0.8171646498         4.3686660162       -13.4859564095
        7.1400049000         1.3000000000         0.8146123230         4.3099728347       -13.5524437337
        7.1450031000         1.3000000000         0.8299262841         4.2614871629       -13.1535197884
        7.1500299000         1.3000000000         0.8197169767         4.2155533687       -13.4194690853
        7.1550041000         1.3000000000         0.8299262841         4.1594120646       -13.1535197884
        7.1600055000         1.3000000000         0.8324786110         4.1134782703       -13.0870324642
        7.1650051000         1.3000000000         0.8197169767         4.0624407211       -13.4194690853
        7.1700052000         1.3000000000         0.8350309378         4.0165069269       -13.0205451399
        7.1750028000         1.3000000000         0.8375832647         3.9654693777       -12.9540578157
        7.1800043000         1.3000000000         0.8324786110         3.9144318285       -13.0870324642
        7.1850028000         1.3000000000         0.8197169767         3.8608424019       -13.4194690853
        7.1900047000         1.3000000000         0.8426879184         3.8123567301       -12.8210831673
        7.1950048000         1.3000000000         0.7890890544         3.7613191810       -14.2173169760
        7.2000058000         1.3000000000         0.8324786110         3.7102816318       -13.0870324642
        7.2050030000         1.3000000000         0.8273739573         3.6566922051       -13.2200071126
        7.2100045000         1.3000000000         0.8299262841         3.6158621658       -13.1535197884
        7.2150043000         1.3000000000         0.8324786110         3.5546171068       -13.0870324642
        7.2200040000         1.3000000000         0.8248216304         3.5112351900       -13.2864944368
        7.2250057000         1.3000000000         0.8299262841         3.4576457633       -13.1535197884
        7.2300039000         1.3000000000         0.8375832647         3.4091600916       -12.9540578157
        7.2350047000         1.3000000000         0.8299262841         3.3530187875       -13.1535197884
        7.2400053000         1.3000000000         0.8350309378         3.3121887482       -13.0205451399
        7.2450047000         1.3000000000         0.8324786110         3.2637030765       -13.0870324642
        7.2500048000         1.3000000000         0.8503448990         3.2177692822       -12.6216211946
        7.2550063000         1.3000000000         0.8222693035         3.1590761006       -13.3529817611
        7.2600048000         1.3000000000         0.8299262841         3.1080385515       -13.1535197884
        7.2650036000         1.3000000000         0.8350309378         3.0544491248       -13.0205451399
        7.2700052000         1.3000000000         0.8146123230         3.0161709629       -13.5524437337
        7.2750075000         1.3000000000         0.8350309378         2.9676852912       -13.0205451399
        7.2800236000         1.3000000000         0.8197169767         2.9038883547       -13.4194690853
        7.2850038000         1.3000000000         0.8120599961         2.8554026830       -13.6189310580
        7.2900037000         1.3000000000         0.8299262841         2.8094688888       -13.1535197884
        7.2950055000         1.3000000000         0.8350309378         2.7609832170       -13.0205451399
        7.3000031000         1.3000000000         0.8350309378         2.7124975453       -13.0205451399
        7.3050909000         1.3000000000         0.8171646498         2.6563562412       -13.4859564095
        7.3100122000         1.3000000000         0.8350309378         2.6104224470       -13.0205451399
        7.3150464000         1.3000000000         0.8095076693         2.5517292654       -13.6854183822
        7.3200093000         1.3000000000         0.8120599961         2.4981398388       -13.6189310580
        7.3250066000         1.3000000000         0.8222693035         2.4445504121       -13.3529817611
        7.3300034000         1.3000000000         0.8095076693         2.3935128629       -13.6854183822
        7.3350038000         1.3000000000         0.8248216304         2.3501309461       -13.2864944368
        7.3400046000         1.3000000000         0.8248216304         2.3041971519       -13.2864944368
        7.3450054000         1.3000000000         0.8248216304         2.2404002154       -13.2864944368
        7.3500033000         1.3000000000         0.8222693035         2.2021220535       -13.3529817611
        7.3550038000         1.3000000000         0.8324786110         2.1536363818       -13.0870324642
        7.3600022000         1.3000000000         0.8248216304         2.0974950777       -13.2864944368
        7.3650018000         1.3000000000         0.8146123230         2.0362500187       -13.5524437337
        7.3700034000         1.3000000000         0.8248216304         1.9903162244       -13.2864944368
        7.3750016000         1.3000000000         0.8248216304         1.9418305527       -13.2864944368
        7.3800345000         1.3000000000         0.8401355915         1.8933448810       -12.8875704915
        7.3850044000         1.3000000000         0.8273739573         1.8474110867       -13.2200071126
        7.3900034000         1.3000000000         0.8197169767         1.7836141502       -13.4194690853
        7.3950036000         1.3000000000         0.8069553424         1.7325766011       -13.7519057064
        7.4000024000         1.3000000000         0.8171646498         1.6789871744       -13.4859564095
        7.4050044000         1.3000000000         0.8146123230         1.6381571351       -13.5524437337
        7.4100029000         1.3000000000         0.8120599961         1.5794639535       -13.6189310580
        7.4150044000         1.3000000000         0.8248216304         1.5335301593       -13.2864944368
        7.4200043000         1.3000000000         0.8120599961         1.4850444875       -13.6189310580
        7.4250051000         1.3000000000         0.8248216304         1.4289031834       -13.2864944368
        7.4300046000         1.3000000000         0.8171646498         1.3829693892       -13.4859564095
        7.4350047000         1.3000000000         0.8197169767         1.3217243302       -13.4194690853
        7.4400045000         1.3000000000         0.8095076693         1.2681349035       -13.6854183822
        7.4450052000         1.3000000000         0.7890890544         1.2247529867       -14.2173169760
        7.4500176000         1.3000000000         0.8273739573         1.1788191925       -13.2200071126
        7.4550144000         1.3000000000         0.8171646498         1.1303335207       -13.4859564095
        7.4600121000         1.3000000000         0.8197169767         1.0716403392       -13.4194690853
        7.4650180000         1.3000000000         0.8146123230         1.0257065449       -13.5524437337
        7.4700044000         1.3000000000         0.8069553424         0.9644614859       -13.7519057064
        7.4750084000         1.3000000000         0.7941937081         0.9032164269       -14.0843423276
        7.4800144000         1.3000000000         0.8120599961         0.8496270002       -13.6189310580
        7.4850068000         1.3000000000         0.8069553424         0.8036932060       -13.7519057064
        7.4900048000         1.3000000000         0.8044030155         0.7450000244       -13.8183930307
        7.4950041000         1.3000000000         0.8171646498         0.6914105978       -13.4859564095
        7.5000040000         1.3000000000         0.8197169767         0.6505805584       -13.4194690853
        7.5050019000         1.3000000000         0.8197169767         0.5918873769       -13.4194690853
        7.5100022000         1.3000000000         0.8171646498         0.5382979502       -13.4859564095
        7.5150017000         1.3000000000         0.8120599961         0.4847085236       -13.6189310580
        7.5200015000         1.3000000000         0.8146123230         0.4413266068       -13.5524437337
        7.5250010000         1.3000000000         0.8171646498         0.3800815478       -13.4859564095
        7.5300014000         1.3000000000         0.8146123230         0.3264921211       -13.5524437337
        7.5350041000         1.3000000000         0.8171646498         0.2754545720       -13.4859564095
        7.5400021000         1.3000000000         0.8018506887         0.2116576355       -13.8848803549
        7.5450047000         1.3000000000         0.8095076693         0.1682757187       -13.6854183822
        7.5500016000         1.3000000000         0.8146123230         0.1019269048       -13.5524437337
        7.5550081000         1.3000000000         0.8044030155         0.0508893556       -13.8183930307
        7.5600086000         1.3000000000         0.8095076693        -0.0052519485       -13.6854183822
        7.5650019000         1.3000000000         0.8095076693         0.0024036839       -13.6854183822
        7.5700017000         1.3000000000         0.8146123230        -0.0001481936       -13.5524437337
        7.5750010000         1.3000000000         0.8248216304         1.1150222560       -13.2864944368
        7.5800013000         1.3000000000         0.8095076693         5.0066353810       -13.6854183822
        7.5850009000         1.3000000000         0.8120599961         5.0091872584       -13.6189310580
        7.5900011000         1.3000000000         0.8146123230         4.9887722387       -13.5524437337
        7.5950010000         1.3000000000         0.8171646498         4.9377346896       -13.4859564095
        7.6000044000         1.3000000000         0.8146123230         4.8815933855       -13.5524437337
        7.6050016000         1.3000000000         0.8095076693         4.8203483265       -13.6854183822
        7.6100014000         1.3000000000         0.8146123230         4.7693107773       -13.5524437337
        7.6150017000         1.3000000000         0.7941937081         4.7182732281       -14.0843423276
        7.6200016000         1.3000000000         0.8222693035         4.6621319240       -13.3529817611
        7.6250009000         1.3000000000         0.8222693035         4.6110943748       -13.3529817611
        7.6300011000         1.3000000000         0.8197169767         4.5600568256       -13.4194690853
        7.6350009000         1.3000000000         0.8146123230         4.5064673990       -13.5524437337
        7.6400027000         1.3000000000         0.8222693035         4.4477742174       -13.3529817611
        7.6450043000         1.3000000000         0.8095076693         4.4018404232       -13.6854183822
        7.6500033000         1.3000000000         0.8146123230         4.3380434867       -13.5524437337
        7.6550022000         1.3000000000         0.8171646498         4.3023172023       -13.4859564095
        7.6600029000         1.3000000000         0.8273739573         4.2436240207       -13.2200071126
        7.6650047000         1.3000000000         0.8222693035         4.1925864715       -13.3529817611
        7.6700030000         1.3000000000         0.8299262841         4.1415489224       -13.1535197884
        7.6750034000         1.3000000000         0.8197169767         4.0854076183       -13.4194690853
        7.6800066000         1.3000000000         0.8146123230         4.0343700691       -13.5524437337
        7.6850028000         1.3000000000         0.8120599961         3.9807806424       -13.6189310580
        7.6900031000         1.3000000000         0.8222693035         3.9297430933       -13.3529817611
        7.6950021000         1.3000000000         0.8222693035         3.8965686863       -13.3529817611
        7.7000030000         1.3000000000         0.8095076693         3.8327717498       -13.6854183822
        7.7050034000         1.3000000000         0.8375832647         3.7893898330       -12.9540578157
        7.7100048000         1.3000000000         0.8197169767         3.7281447740       -13.4194690853
        7.7152018000         1.3000000000         0.8146123230         3.6745553474       -13.5524437337
        7.7200040000         1.3000000000         0.8426879184         3.6388290629       -12.8210831673
        7.7250051000         1.3000000000         0.8171646498         3.5801358814       -13.4859564095
        7.7300033000         1.3000000000         0.8222693035         3.5290983322       -13.3529817611
        7.7350033000         1.3000000000         0.8222693035         3.4806126605       -13.3529817611
        7.7400047000         1.3000000000         0.8299262841         3.4295751113       -13.1535197884
        7.7450027000         1.3000000000         0.8273739573         3.3861931945       -13.2200071126
        7.7500015000         1.3000000000         0.8273739573         3.3249481355       -13.2200071126
        7.7550037000         1.3000000000         0.8222693035         3.2713587088       -13.3529817611
        7.7600032000         1.3000000000         0.8248216304         3.2254249146       -13.2864944368
        7.7650050000         1.3000000000         0.8197169767         3.1692836105       -13.4194690853
        7.7700038000         1.3000000000         0.8222693035         3.1207979388       -13.3529817611
        7.7750040000         1.3000000000         0.8299262841         3.0697603896       -13.1535197884
        7.7800038000         1.3000000000         0.8197169767         3.0212747179       -13.4194690853
        7.7850039000         1.3000000000         0.8324786110         2.9804446785       -13.0870324642
        7.7900030000         1.3000000000         0.8324786110         2.9217514970       -13.0870324642
        7.7950032000         1.3000000000         0.8222693035         2.8758177027       -13.3529817611
        7.8000034000         1.3000000000         0.8299262841         2.8196763986       -13.1535197884
        7.8050026000         1.3000000000         0.8222693035         2.7660869720       -13.3529817611
        7.8100021000         1.3000000000         0.8248216304         2.7227050552       -13.2864944368
        7.8150033000         1.3000000000         0.8120599961         2.6589081187       -13.6189310580
        7.8200039000         1.3000000000         0.8248216304         2.6155262019       -13.2864944368
        7.8250046000         1.3000000000         0.8324786110         2.5568330203       -13.0870324642
        7.8300033000         1.3000000000         0.8248216304         2.5160029810       -13.2864944368
        7.8350030000         1.3000000000         0.8248216304         2.4700691867       -13.2864944368
        7.8400017000         1.3000000000         0.8248216304         2.4190316375       -13.2864944368
        7.8450013000         1.3000000000         0.8273739573         2.3577865785       -13.2200071126
        7.8500088000         1.3000000000         0.8120599961         2.3067490293       -13.6189310580
        7.8550022000         1.3000000000         0.8273739573         2.2582633576       -13.2200071126
        7.8600024000         1.3000000000         0.8146123230         2.2046739310       -13.5524437337
        7.8650055000         1.3000000000         0.8222693035         2.1536363818       -13.3529817611
        7.8700040000         1.3000000000         0.8171646498         2.1051507101       -13.4859564095
        7.8750020000         1.3000000000         0.8171646498         2.0490094060       -13.4859564095
        7.8800048000         1.3000000000         0.8171646498         2.0030756117       -13.4859564095
        7.8850038000         1.3000000000         0.8044030155         1.9392786752       -13.8183930307
        7.8900018000         1.3000000000         0.8273739573         1.8933448810       -13.2200071126
        7.8950024000         1.3000000000         0.8146123230         1.8372035769       -13.5524437337
        7.9000025000         1.3000000000         0.8018506887         1.7938216601       -13.8848803549
        7.9050041000         1.3000000000         0.8146123230         1.7402322334       -13.5524437337
        7.9100021000         1.3000000000         0.8146123230         1.6942984392       -13.5524437337
        7.9150035000         1.3000000000         0.8146123230         1.6432608900       -13.5524437337
        7.9200036000         1.3000000000         0.8120599961         1.5922233408       -13.6189310580
        7.9254574000         1.3000000000         0.8120599961         1.5258745269       -13.6189310580
        7.9300068000         1.3000000000         0.8146123230         1.4850444875       -13.5524437337
        7.9350056000         1.3000000000         0.8197169767         1.4365588158       -13.4194690853
        7.9400056000         1.3000000000         0.8069553424         1.3880731441       -13.7519057064
        7.9454697000         1.3000000000         0.8146123230         1.3217243302       -13.5524437337
        7.9500048000         1.3000000000         0.8146123230         1.2834461683       -13.5524437337
        7.9550043000         1.3000000000         0.8197169767         1.2324086191       -13.4194690853
        7.9600053000         1.3000000000         0.8197169767         1.1788191925       -13.4194690853
        7.9650028000         1.3000000000         0.8146123230         1.1252297658       -13.5524437337
        7.9700038000         1.3000000000         0.8248216304         1.0767440941       -13.2864944368
        7.9750061000         1.3000000000         0.8197169767         1.0206027900       -13.4194690853
        7.9800066000         1.3000000000         0.8146123230         0.9721171183       -13.5524437337
        7.9850138000         1.3000000000         0.8120599961         0.9134239367       -13.6189310580
        7.9900045000         1.3000000000         0.8120599961         0.8649382650       -13.6189310580
        7.9950043000         1.3000000000         0.8222693035         0.8113488384       -13.3529817611
        8.0000044000         1.3000000000         0.8146123230         0.7654150441       -13.5524437337
        8.0050040000         1.3000000000         0.8248216304         0.7118256175       -13.2864944368
        8.0100045000         1.3000000000         0.8044030155         0.6480286810       -13.8183930307
        8.0150040000         1.3000000000         0.8248216304         0.5995430093       -13.2864944368
        8.0200027000         1.3000000000         0.8095076693         0.5485054601       -13.6854183822
        8.0250039000         1.3000000000         0.8146123230         0.4898122785       -13.5524437337
        8.0300024000         1.3000000000         0.8171646498         0.4489822392       -13.4859564095
        8.0350037000         1.3000000000         0.8120599961         0.3826334252       -13.6189310580
        8.0400067000         1.3000000000         0.8197169767         0.3341477535       -13.4194690853
        8.0450032000         1.3000000000         0.8146123230         0.2856620818       -13.5524437337
        8.0500020000         1.3000000000         0.8222693035         0.2269689002       -13.3529817611
        8.0550040000         1.3000000000         0.8146123230         0.1733794736       -13.5524437337
        8.0600042000         1.3000000000         0.8248216304         0.1146862920       -13.2864944368
        8.0650043000         1.3000000000         0.8095076693         0.0636487429       -13.6854183822
        8.0700049000         1.3000000000         0.8197169767         0.0100593162       -13.4194690853
        8.0750055000         1.3000000000         0.8248216304         0.0024036839       -13.2864944368
        8.0800030000         1.3000000000         0.8146123230         0.0024036839       -13.5524437337
        8.0850023000         1.3000000000         0.8222693035         1.1073666236       -13.3529817611
        8.0900029000         1.3000000000         0.8248216304         5.0015316260       -13.2864944368
        8.0950012000         1.3000000000         0.8248216304         5.0142910133       -13.2864944368
        8.1000055000         1.3000000000         0.8120599961         4.9964278711       -13.6189310580
        8.1050032000         1.3000000000         0.8222693035         4.9479421994       -13.3529817611
        8.1100036000         1.3000000000         0.8222693035         4.9045602826       -13.3529817611
        8.1150019000         1.3000000000         0.8069553424         4.8356595912       -13.7519057064
        8.1200030000         1.3000000000         0.8197169767         4.7897257969       -13.4194690853
        8.1250033000         1.3000000000         0.8197169767         4.7412401252       -13.4194690853
        8.1300037000         1.3000000000         0.8146123230         4.6799950662       -13.5524437337
        8.1350040000         1.3000000000         0.8222693035         4.6315093945       -13.3529817611
        8.1400033000         1.3000000000         0.8120599961         4.5779199678       -13.6189310580
        8.1450049000         1.3000000000         0.8146123230         4.5166749088       -13.5524437337
        8.1500033000         1.3000000000         0.8248216304         4.4732929920       -13.2864944368
        8.1550046000         1.3000000000         0.8248216304         4.4145998105       -13.2864944368
        8.1600026000         1.3000000000         0.8095076693         4.3584585064       -13.6854183822
        8.1650098000         1.3000000000         0.8324786110         4.3176284670       -13.0870324642
        8.1700042000         1.3000000000         0.8146123230         4.2563834080       -13.5524437337
        8.1750038000         1.3000000000         0.8248216304         4.2130014912       -13.2864944368
        8.1800024000         1.3000000000         0.8222693035         4.1543083097       -13.3529817611
        8.1850039000         1.3000000000         0.8146123230         4.1007188830       -13.5524437337
        8.1900025000         1.3000000000         0.8273739573         4.0445775789       -13.2200071126
        8.1950038000         1.3000000000         0.8171646498         4.0011956621       -13.4859564095
        8.2000033000         1.3000000000         0.8222693035         3.9501581129       -13.3529817611
        8.2050031000         1.3000000000         0.8401355915         3.9042243187       -12.8875704915
        8.2100036000         1.3000000000         0.8171646498         3.8531867695       -13.4859564095
        8.2150039000         1.3000000000         0.8350309378         3.8021492203       -13.0205451399
        8.2200533000         1.3000000000         0.8273739573         3.7511116711       -13.2200071126
        8.2250039000         1.3000000000         0.8222693035         3.6924184896       -13.3529817611
        8.2300038000         1.3000000000         0.8197169767         3.6388290629       -13.4194690853
        8.2350043000         1.3000000000         0.8171646498         3.5928952687       -13.4859564095
        8.2400037000         1.3000000000         0.8248216304         3.5444095970       -13.2864944368
        8.2450043000         1.3000000000         0.8375832647         3.4933720478       -12.9540578157
        8.2500039000         1.3000000000         0.8273739573         3.4474382535       -13.2200071126
        8.2550026000         1.3000000000         0.8197169767         3.3836413170       -13.4194690853
        8.2600028000         1.3000000000         0.8171646498         3.3351556453       -13.4859564095
        8.2650042000         1.3000000000         0.8197169767         3.2943256060       -13.4194690853
        8.2700029000         1.3000000000         0.8299262841         3.2407361793       -13.1535197884
        8.2750030000         1.3000000000         0.8350309378         3.1845948752       -13.0205451399
        8.2800043000         1.3000000000         0.8146123230         3.1361092035       -13.5524437337
        8.2850025000         1.3000000000         0.8222693035         3.0876235318       -13.3529817611
        8.2900038000         1.3000000000         0.8197169767         3.0263784728       -13.4194690853
        8.2950028000         1.3000000000         0.8197169767         2.9753409236       -13.4194690853
        8.3000038000         1.3000000000         0.8248216304         2.9396146392       -13.2864944368
        8.3050066000         1.3000000000         0.8197169767         2.8809214576       -13.4194690853
        8.3100039000         1.3000000000         0.8350309378         2.8349876633       -13.0205451399
        8.3150048000         1.3000000000         0.8222693035         2.7711907269       -13.3529817611
        8.3200096000         1.3000000000         0.8146123230         2.7278088101       -13.5524437337
        8.3250061000         1.3000000000         0.8120599961         2.6716675060       -13.6189310580
        8.3300040000         1.3000000000         0.8273739573         2.6231818342       -13.2200071126
        8.3350033000         1.3000000000         0.8146123230         2.5746961625       -13.5524437337
        8.3400039000         1.3000000000         0.8095076693         2.5160029810       -13.6854183822
        8.3450034000         1.3000000000         0.8375832647         2.4751729416       -12.9540578157
        8.3500041000         1.3000000000         0.8197169767         2.4241353924       -13.4194690853
        8.3550039000         1.3000000000         0.8222693035         2.3654422109       -13.3529817611
        8.3600070000         1.3000000000         0.8095076693         2.3169565392       -13.6854183822
        8.3650028000         1.3000000000         0.8171646498         2.2659189900       -13.4859564095
        8.3700039000         1.3000000000         0.7814320738         2.2046739310       -14.4167789487
        8.3750034000         1.3000000000         0.8248216304         2.1689476465       -13.2864944368
        8.3800041000         1.3000000000         0.8069553424         2.1051507101       -13.7519057064
        8.3850032000         1.3000000000         0.8171646498         2.0592169158       -13.4859564095
        8.3900115000         1.3000000000         0.8273739573         2.0056274892       -13.2200071126
        8.3951894000         1.3000000000         0.8018506887         1.9443824302       -13.8848803549
        8.4000070000         1.3000000000         0.8273739573         1.9112080232       -13.2200071126
        8.4050030000         1.3000000000         0.8222693035         1.8576185965       -13.3529817611
        8.4100099000         1.3000000000         0.8171646498         1.7989254150       -13.4859564095
        8.4150030000         1.3000000000         0.8146123230         1.7427841109       -13.5524437337
        8.4200028000         1.3000000000         0.8146123230         1.7019540715       -13.5524437337
        8.4250055000         1.3000000000         0.8248216304         1.6534683998       -13.2864944368
        8.4300030000         1.3000000000         0.8095076693         1.6024308506       -13.6854183822
        8.4350040000         1.3000000000         0.8171646498         1.5411857916       -13.4859564095
        8.4400045000         1.3000000000         0.8171646498         1.4927001199       -13.4859564095
        8.4450043000         1.3000000000         0.8120599961         1.4442144482       -13.6189310580
        8.4500026000         1.3000000000         0.8095076693         1.3906250215       -13.6854183822
        8.4550052000         1.3000000000         0.8171646498         1.3370355949       -13.4859564095
        8.4600041000         1.3000000000         0.8120599961         1.2808942908       -13.6189310580
        8.4650081000         1.3000000000         0.8146123230         1.2375123740       -13.5524437337
        8.4700033000         1.3000000000         0.8018506887         1.1788191925       -13.8848803549
        8.4750049000         1.3000000000         0.8018506887         1.1252297658       -13.8848803549
        8.4800045000         1.3000000000         0.8222693035         1.0843997265       -13.3529817611
        8.4850666000         1.3000000000         0.8018506887         1.0206027900       -13.8848803549
        8.4900046000         1.3000000000         0.8197169767         0.9772208732       -13.4194690853
        8.4950108000         1.3000000000         0.8018506887         0.9134239367       -13.8848803549
        8.5000070000         1.3000000000         0.8044030155         0.8649382650       -13.8183930307
        8.5050109000         1.3000000000         0.8018506887         0.8062450834       -13.8848803549
        8.5100060000         1.3000000000         0.7890890544         0.7526556568       -14.2173169760
        8.5150148000         1.3000000000         0.8146123230         0.6990662302       -13.5524437337
        8.5200060000         1.3000000000         0.7967460350         0.6429249261       -14.0178550033
        8.5250034000         1.3000000000         0.8095076693         0.5969911318       -13.6854183822
        8.5300047000         1.3000000000         0.8146123230         0.5485054601       -13.5524437337
        8.5350106000         1.3000000000         0.8044030155         0.4796047687       -13.8183930307
        8.5400086000         1.3000000000         0.8095076693         0.4413266068       -13.6854183822
        8.5450098000         1.3000000000         0.8197169767         0.3800815478       -13.4194690853
        8.5500095000         1.3000000000         0.8171646498         0.3264921211       -13.4859564095
        8.5550064000         1.3000000000         0.8044030155         0.2677989396       -13.8183930307
        8.5600072000         1.3000000000         0.8222693035         0.2218651453       -13.3529817611
        8.5650043000         1.3000000000         0.8120599961         0.1657238412       -13.6189310580
        8.5700052000         1.3000000000         0.8171646498         0.1121344146       -13.4859564095
        8.5750051000         1.3000000000         0.8044030155         0.0585449879       -13.8183930307
        8.5800051000         1.3000000000         0.8146123230         0.0049555613       -13.5524437337
        8.5850070000         1.3000000000         0.8146123230         0.0024036839       -13.5524437337
        8.5901530000         1.3000000000         0.7967460350        -0.0027000711       -14.0178550033
        8.5950118000         1.3000000000         0.8248216304         1.1073666236       -13.2864944368
        8.6000108000         1.3000000000         0.8095076693         4.9989797486       -13.6854183822
        8.6050065000         1.3000000000         0.7992983618         5.0040835035       -13.9513676791
        8.6100430000         1.3000000000         0.8095076693         4.9862203613       -13.6854183822
        8.6150079000         1.3000000000         0.8171646498         4.9453903219       -13.4859564095
        8.6200071000         1.3000000000         0.8095076693         4.8841452629       -13.6854183822
        8.6250040000         1.3000000000         0.8120599961         4.8229002039       -13.6189310580
        8.6300095000         1.3000000000         0.8069553424         4.7744145322       -13.7519057064
        8.6350069000         1.3000000000         0.8146123230         4.7131694732       -13.5524437337
        8.6400099000         1.3000000000         0.8197169767         4.6621319240       -13.4194690853
        8.6450038000         1.3000000000         0.8095076693         4.6110943748       -13.6854183822
        8.6500068000         1.3000000000         0.8146123230         4.5549530707       -13.5524437337
        8.6550039000         1.3000000000         0.8146123230         4.4962598892       -13.5524437337
        8.6600058000         1.3000000000         0.8171646498         4.4477742174       -13.4859564095
        8.6650041000         1.3000000000         0.7839844007         4.3916329133       -14.3502916245
        8.6700078000         1.3000000000         0.8248216304         4.3482509965       -13.2864944368
        8.6750062000         1.3000000000         0.8222693035         4.2819021826       -13.3529817611
        8.6800156000         1.3000000000         0.8197169767         4.2385202658       -13.4194690853
        8.6850049000         1.3000000000         0.8171646498         4.1849308392       -13.4859564095
        8.6900046000         1.3000000000         0.8146123230         4.1313414125       -13.5524437337
        8.6950041000         1.3000000000         0.8299262841         4.0930632506       -13.1535197884
        8.7000098000         1.3000000000         0.8171646498         4.0343700691       -13.4859564095
        8.7050046000         1.3000000000         0.8171646498         3.9756768875       -13.4859564095
        8.7100101000         1.3000000000         0.8350309378         3.9297430933       -13.0205451399
        8.7150040000         1.3000000000         0.8273739573         3.8812574215       -13.2200071126
        8.7200098000         1.3000000000         0.8299262841         3.8404273822       -13.1535197884
        8.7250051000         1.3000000000         0.8248216304         3.7817342006       -13.2864944368
        8.7300062000         1.3000000000         0.8197169767         3.7306966515       -13.4194690853
        8.7350065000         1.3000000000         0.8222693035         3.6720034699       -13.3529817611
        8.7400081000         1.3000000000         0.8222693035         3.6286215531       -13.3529817611
        8.7450110000         1.3000000000         0.8273739573         3.5775840039       -13.2200071126
        8.7500042000         1.3000000000         0.8375832647         3.5316502097       -12.9540578157
        8.7550054000         1.3000000000         0.8171646498         3.4704051506       -13.4859564095
        8.7600042000         1.3000000000         0.8299262841         3.4244713564       -13.1535197884
        8.7650026000         1.3000000000         0.8273739573         3.3810894396       -13.2200071126
        8.7700037000         1.3000000000         0.8146123230         3.3172925031       -13.5524437337
        8.7750057000         1.3000000000         0.8324786110         3.2790143412       -13.0870324642
        8.7800056000         1.3000000000         0.8171646498         3.2152174047       -13.4859564095
        8.7850066000         1.3000000000         0.8273739573         3.1794911203       -13.2200071126
        8.7900066000         1.3000000000         0.8171646498         3.1182460613       -13.4859564095
        8.7950054000         1.3000000000         0.8273739573         3.0672085121       -13.2200071126
        8.8000059000         1.3000000000         0.8350309378         3.0212747179       -13.0205451399
        8.8050028000         1.3000000000         0.7941937081         2.9574777814       -14.0843423276
        8.8100270000         1.3000000000         0.8146123230         2.9140958646       -13.5524437337
        8.8150047000         1.3000000000         0.8146123230         2.8630583154       -13.5524437337
        8.8200097000         1.3000000000         0.8197169767         2.8043651338       -13.4194690853
        8.8250038000         1.3000000000         0.8120599961         2.7533275847       -13.6189310580
        8.8300049000         1.3000000000         0.8222693035         2.7073937904       -13.3529817611
        8.8350074000         1.3000000000         0.8146123230         2.6589081187       -13.5524437337
        8.8400055000         1.3000000000         0.8197169767         2.6078705695       -13.4194690853
        8.8450028000         1.3000000000         0.8146123230         2.5517292654       -13.5524437337
        8.8500101000         1.3000000000         0.8222693035         2.5134511035       -13.3529817611
        8.8550057000         1.3000000000         0.8248216304         2.4598616769       -13.2864944368
        8.8600038000         1.3000000000         0.8350309378         2.4088241277       -13.0205451399
        8.8650041000         1.3000000000         0.8222693035         2.3577865785       -13.3529817611
        8.8700106000         1.3000000000         0.8248216304         2.3016452744       -13.2864944368
        8.8750088000         1.3000000000         0.8299262841         2.2506077252       -13.1535197884
        8.8800118000         1.3000000000         0.8197169767         2.1995701761       -13.4194690853
        8.8850066000         1.3000000000         0.7941937081         2.1459807494       -14.0843423276
        8.8900106000         1.3000000000         0.8350309378         2.1025988326       -13.0205451399
        8.8950026000         1.3000000000         0.8324786110         2.0515612834       -13.0870324642
        8.9000111000         1.3000000000         0.8222693035         1.9903162244       -13.3529817611
        8.9050050000         1.3000000000         0.8171646498         1.9494861851       -13.4859564095
        8.9100036000         1.3000000000         0.8350309378         1.9010005134       -13.0205451399
        8.9150044000         1.3000000000         0.8095076693         1.8372035769       -13.6854183822
        8.9200126000         1.3000000000         0.8248216304         1.7938216601       -13.2864944368
        8.9250035000         1.3000000000         0.8171646498         1.7504397433       -13.4859564095
        8.9300034000         1.3000000000         0.8146123230         1.6942984392       -13.5524437337
        8.9350056000         1.3000000000         0.8146123230         1.6356052576       -13.5524437337
        8.9400105000         1.3000000000         0.8171646498         1.5871195859       -13.4859564095
        8.9452495000         1.3000000000         0.8248216304         1.5360820367       -13.2864944368
        8.9500034000         1.3000000000         0.8018506887         1.4799407326       -13.8848803549
        8.9550039000         1.3000000000         0.8095076693         1.4314550609       -13.6854183822
        8.9600038000         1.3000000000         0.8197169767         1.3880731441       -13.4194690853
        8.9650039000         1.3000000000         0.8171646498         1.3268280851       -13.4859564095
        8.9700037000         1.3000000000         0.8299262841         1.2885499232       -13.1535197884
        8.9750041000         1.3000000000         0.8095076693         1.2222011093       -13.6854183822
        8.9800043000         1.3000000000         0.8146123230         1.1737154375       -13.5524437337
        8.9850040000         1.3000000000         0.8171646498         1.1328853982       -13.4859564095
        8.9900032000         1.3000000000         0.8222693035         1.0767440941       -13.3529817611
        8.9950039000         1.3000000000         0.8095076693         1.0206027900       -13.6854183822
        9.0000028000         1.3000000000         0.8248216304         0.9746689957       -13.2864944368
        9.0050042000         1.3000000000         0.8171646498         0.9134239367       -13.4859564095
        9.0100039000         1.3000000000         0.8222693035         0.8725938974       -13.3529817611
        9.0150039000         1.3000000000         0.8171646498         0.8113488384       -13.4859564095
        9.0200039000         1.3000000000         0.8171646498         0.7577594117       -13.4859564095
        9.0250040000         1.3000000000         0.8299262841         0.7118256175       -13.1535197884
        9.0300031000         1.3000000000         0.7992983618         0.6505805584       -13.9513676791
        9.0350040000         1.3000000000         0.8171646498         0.5969911318       -13.4859564095
        9.0400040000         1.3000000000         0.8018506887         0.5485054601       -13.8848803549
        9.0450040000         1.3000000000         0.8120599961         0.4898122785       -13.6189310580
        9.0500219000         1.3000000000         0.8095076693         0.4413266068       -13.6854183822
        9.0550056000         1.3000000000         0.8171646498         0.3877371802       -13.4859564095
        9.0600019000         1.3000000000         0.8044030155         0.3290439986       -13.8183930307
        9.0650010000         1.3000000000         0.8146123230         0.2805583269       -13.5524437337
        9.0700031000         1.3000000000         0.8095076693         0.2244170228       -13.6854183822
        9.0750028000         1.3000000000         0.8044030155         0.1631719638       -13.8183930307
        9.0800027000         1.3000000000         0.8299262841         0.1197900470       -13.1535197884
        9.0850056000         1.3000000000         0.8069553424         0.0585449879       -13.7519057064
        9.0900038000         1.3000000000         0.8095076693         0.0177149486       -13.6854183822
        9.0950057000         1.3000000000         0.8197169767        -0.0001481936       -13.4194690853
        9.1000077000         1.3000000000         0.7992983618        -0.0001481936       -13.9513676791
        9.1050071000         1.3000000000         0.8248216304         1.1175741334       -13.2864944368
        9.1100058000         1.3000000000         0.8197169767         5.0040835035       -13.4194690853
        9.1150045000         1.3000000000         0.8069553424         5.0117391359       -13.7519057064
        9.1200039000         1.3000000000         0.8146123230         4.9887722387       -13.5524437337
        9.1250037000         1.3000000000         0.8324786110         4.9530459543       -13.0870324642
        9.1300038000         1.3000000000         0.8069553424         4.8866971404       -13.7519057064
        9.1350037000         1.3000000000         0.8095076693         4.8305558363       -13.6854183822
        9.1400044000         1.3000000000         0.8273739573         4.7871739195       -13.2200071126
        9.1450037000         1.3000000000         0.8273739573         4.7335844928       -13.2200071126
        9.1500037000         1.3000000000         0.8248216304         4.6774431887       -13.2864944368
        9.1550038000         1.3000000000         0.8044030155         4.6187500072       -13.8183930307
        9.1600039000         1.3000000000         0.8197169767         4.5651605806       -13.4194690853
        9.1650037000         1.3000000000         0.8222693035         4.5141230314       -13.3529817611
        9.1700046000         1.3000000000         0.8222693035         4.4681892371       -13.3529817611
        9.1750085000         1.3000000000         0.8120599961         4.4043923006       -13.6189310580
        9.1800063000         1.3000000000         0.8120599961         4.3533547515       -13.6189310580
        9.1850061000         1.3000000000         0.8171646498         4.2997653248       -13.4859564095
        9.1900089000         1.3000000000         0.8222693035         4.2614871629       -13.3529817611
        9.1950078000         1.3000000000         0.8350309378         4.2078977363       -13.0205451399
        9.2000064000         1.3000000000         0.8299262841         4.1568601871       -13.1535197884
        9.2050058000         1.3000000000         0.8120599961         4.0930632506       -13.6189310580
        9.2100043000         1.3000000000         0.8222693035         4.0420257015       -13.3529817611
        9.2150039000         1.3000000000         0.8171646498         4.0011956621       -13.4859564095
        9.2200041000         1.3000000000         0.8222693035         3.9425024806       -13.3529817611
        9.2250040000         1.3000000000         0.8273739573         3.8991205638       -13.2200071126
        9.2300039000         1.3000000000         0.8299262841         3.8480830146       -13.1535197884
        9.2350039000         1.3000000000         0.8324786110         3.7919417105       -13.0870324642
        9.2400039000         1.3000000000         0.8222693035         3.7511116711       -13.3529817611
        9.2450041000         1.3000000000         0.8197169767         3.6924184896       -13.4194690853
        9.2500033000         1.3000000000         0.8273739573         3.6413809404       -13.2200071126
        9.2550041000         1.3000000000         0.8197169767         3.5903433912       -13.4194690853
        9.2600322000         1.3000000000         0.8248216304         3.5393058420       -13.2864944368
        9.2650040000         1.3000000000         0.8222693035         3.4933720478       -13.3529817611
        9.2700038000         1.3000000000         0.8273739573         3.4397826211       -13.2200071126
        9.2750025000         1.3000000000         0.8248216304         3.3887450720       -13.2864944368
        9.2800037000         1.3000000000         0.8171646498         3.3300518904       -13.4859564095
        9.2850040000         1.3000000000         0.8350309378         3.2917737285       -13.0205451399
        9.2900038000         1.3000000000         0.8248216304         3.2356324244       -13.2864944368
        9.2950036000         1.3000000000         0.8324786110         3.1845948752       -13.0870324642
        9.3000011000         1.3000000000         0.8120599961         3.1284535711       -13.6189310580
        9.3050039000         1.3000000000         0.8222693035         3.0825197769       -13.3529817611
        9.3100030000         1.3000000000         0.8324786110         3.0314822277       -13.0870324642
        9.3150022000         1.3000000000         0.8273739573         2.9778928011       -13.2200071126
        9.3200013000         1.3000000000         0.8120599961         2.9243033744       -13.6189310580
        9.3250024000         1.3000000000         0.8299262841         2.8860252125       -13.1535197884
        9.3300013000         1.3000000000         0.8248216304         2.8222282761       -13.2864944368
        9.3350028000         1.3000000000         0.8146123230         2.7839501142       -13.5524437337
        9.3400036000         1.3000000000         0.8273739573         2.7252569326       -13.2200071126
        9.3450021000         1.3000000000         0.8197169767         2.6691156285       -13.4194690853
        9.3500012000         1.3000000000         0.8248216304         2.6231818342       -13.2864944368
        9.3550036000         1.3000000000         0.8273739573         2.5823517949       -13.2200071126
        9.3600034000         1.3000000000         0.8222693035         2.5160029810       -13.3529817611
        9.3650034000         1.3000000000         0.8222693035         2.4751729416       -13.3529817611
        9.3700031000         1.3000000000         0.8171646498         2.4241353924       -13.4859564095
        9.3750041000         1.3000000000         0.8146123230         2.3603384560       -13.5524437337
        9.3800031000         1.3000000000         0.8171646498         2.3169565392       -13.4859564095
        9.3850020000         1.3000000000         0.8171646498         2.2659189900       -13.4859564095
        9.3900017000         1.3000000000         0.8248216304         2.2148814408       -13.2864944368
        9.3950032000         1.3000000000         0.8146123230         2.1561882593       -13.5524437337
        9.4000023000         1.3000000000         0.8171646498         2.1128063424       -13.4859564095
        9.4050060000         1.3000000000         0.8044030155         2.0566650383       -13.8183930307
        9.4100033000         1.3000000000         0.8069553424         2.0081793666       -13.7519057064
        9.4150033000         1.3000000000         0.8171646498         1.9545899400       -13.4859564095
        9.4200024000         1.3000000000         0.8120599961         1.9010005134       -13.6189310580
        9.4250013000         1.3000000000         0.8146123230         1.8525148416       -13.5524437337
        9.4300009000         1.3000000000         0.8095076693         1.8014772924       -13.6854183822
        9.4350048000         1.3000000000         0.8146123230         1.7529916207       -13.5524437337
        9.4400032000         1.3000000000         0.8069553424         1.6968503166       -13.7519057064
        9.4450031000         1.3000000000         0.8248216304         1.6560202773       -13.2864944368
        9.4500018000         1.3000000000         0.8146123230         1.6024308506       -13.5524437337
        9.4550041000         1.3000000000         0.8248216304         1.5462895465       -13.2864944368
        9.4600031000         1.3000000000         0.8299262841         1.5029076297       -13.1535197884
        9.4650018000         1.3000000000         0.8197169767         1.4518700806       -13.4194690853
        9.4700010000         1.3000000000         0.8095076693         1.3906250215       -13.6854183822
        9.4750035000         1.3000000000         0.8146123230         1.3370355949       -13.5524437337
        9.4800018000         1.3000000000         0.8197169767         1.2885499232       -13.4194690853
        9.4850025000         1.3000000000         0.8044030155         1.2349604965       -13.8183930307
        9.4900016000         1.3000000000         0.8324786110         1.1966823347       -13.0870324642
        9.4950012000         1.3000000000         0.8171646498         1.1379891531       -13.4859564095
        9.5000049000         1.3000000000         0.8222693035         1.0895034814       -13.3529817611
        9.5050028000         1.3000000000         0.8171646498         1.0384659322       -13.4859564095
        9.5100022000         1.3000000000         0.8095076693         0.9772208732       -13.6854183822
        9.5150021000         1.3000000000         0.8018506887         0.9261833240       -13.8848803549
        9.5200016000         1.3000000000         0.8044030155         0.8751457748       -13.8183930307
        9.5250040000         1.3000000000         0.8120599961         0.8139007158       -13.6189310580
        9.5300038000         1.3000000000         0.8146123230         0.7654150441       -13.5524437337
        9.5350030000         1.3000000000         0.8171646498         0.7118256175       -13.4859564095
        9.5400035000         1.3000000000         0.7992983618         0.6582361908       -13.9513676791
        9.5450028000         1.3000000000         0.8146123230         0.6046467642       -13.5524437337
        9.5500036000         1.3000000000         0.8069553424         0.5510573375       -13.7519057064
        9.5550027000         1.3000000000         0.7941937081         0.4923641560       -14.0843423276
        9.5600018000         1.3000000000         0.8069553424         0.4387747293       -13.7519057064
        9.5650013000         1.3000000000         0.8146123230         0.3902890576       -13.5524437337
        9.5700010000         1.3000000000         0.7967460350         0.3290439986       -14.0178550033
        9.5750026000         1.3000000000         0.8146123230         0.2805583269       -13.5524437337
        9.5800014000         1.3000000000         0.8018506887         0.2193132679       -13.8848803549
        9.5850017000         1.3000000000         0.8095076693         0.1759313511       -13.6854183822
        9.5900011000         1.3000000000         0.8248216304         0.1146862920       -13.2864944368
        9.5950018000         1.3000000000         0.8069553424         0.0636487429       -13.7519057064
        9.6000019000         1.3000000000         0.8171646498         0.0126111937       -13.4859564095
        9.6050012000         1.3000000000         0.8146123230         0.0100593162       -13.5524437337
        9.6100012000         1.3000000000         0.8044030155         0.0024036839       -13.8183930307
        9.6150025000         1.3000000000         0.8146123230         1.1099185011       -13.5524437337
        9.6200014000         1.3000000000         0.8222693035         5.0066353810       -13.3529817611
        9.6250031000         1.3000000000         0.8018506887         4.9989797486       -13.8848803549
        9.6300076000         1.3000000000         0.8018506887         4.9938759937       -13.8848803549
        9.6350027000         1.3000000000         0.8120599961         4.9479421994       -13.6189310580
        9.6400033000         1.3000000000         0.7992983618         4.8841452629       -13.9513676791
        9.6450022000         1.3000000000         0.8120599961         4.8382114687       -13.6189310580
        9.6500047000         1.3000000000         0.8120599961         4.7820701646       -13.6189310580
        9.6550141000         1.3000000000         0.7992983618         4.7157213506       -13.9513676791
        9.6600015000         1.3000000000         0.8222693035         4.6697875564       -13.3529817611
        9.6650012000         1.3000000000         0.8018506887         4.6161981297       -13.8848803549
        9.6700014000         1.3000000000         0.8171646498         4.5600568256       -13.4859564095
        9.6750038000         1.3000000000         0.8044030155         4.5013636441       -13.8183930307
        9.6800045000         1.3000000000         0.8197169767         4.4554298498       -13.4194690853
        9.6850037000         1.3000000000         0.8222693035         4.4043923006       -13.3529817611
        9.6900062000         1.3000000000         0.8095076693         4.3482509965       -13.6854183822
        9.6950033000         1.3000000000         0.8248216304         4.2946615699       -13.2864944368
        9.7000090000         1.3000000000         0.8146123230         4.2359683883       -13.5524437337
        9.7050031000         1.3000000000         0.8120599961         4.1874827166       -13.6189310580
        9.7100038000         1.3000000000         0.8299262841         4.1415489224       -13.1535197884
        9.7150065000         1.3000000000         0.8197169767         4.0879594957       -13.4194690853
        9.7200044000         1.3000000000         0.8426879184         4.0471294564       -12.8210831673
        9.7250036000         1.3000000000         0.8197169767         3.9858843974       -13.4194690853
        9.7300028000         1.3000000000         0.8299262841         3.9373987256       -13.1535197884
        9.7350287000         1.3000000000         0.8324786110         3.8940168088       -13.0870324642
        9.7400034000         1.3000000000         0.8222693035         3.8353236273       -13.3529817611
        9.7450020000         1.3000000000         0.8401355915         3.7893898330       -12.8875704915
        9.7500043000         1.3000000000         0.8248216304         3.7383522838       -13.2864944368
        9.7550053000         1.3000000000         0.8222693035         3.6898666121       -13.3529817611
        9.7600063000         1.3000000000         0.8375832647         3.6362771855       -12.9540578157
        9.7650068000         1.3000000000         0.8248216304         3.5928952687       -13.2864944368
        9.7700074000         1.3000000000         0.8375832647         3.5342020871       -12.9540578157
        9.7750054000         1.3000000000         0.8324786110         3.4857164154       -13.0870324642
        9.7800053000         1.3000000000         0.8324786110         3.4346788662       -13.0870324642
        9.7850059000         1.3000000000         0.8324786110         3.3810894396       -13.0870324642
        9.7900068000         1.3000000000         0.8273739573         3.3351556453       -13.2200071126
        9.7950075000         1.3000000000         0.8324786110         3.2892218510       -13.0870324642
        9.8000032000         1.3000000000         0.8222693035         3.2279767920       -13.3529817611
        9.8050053000         1.3000000000         0.8426879184         3.1871467527       -12.8210831673
        9.8100081000         1.3000000000         0.8171646498         3.1335573261       -13.4859564095
        9.8150058000         1.3000000000         0.8350309378         3.0850716543       -13.0205451399
        9.8200094000         1.3000000000         0.8350309378         3.0314822277       -13.0205451399
        9.8250440000         1.3000000000         0.8222693035         2.9753409236       -13.3529817611
        9.8300025000         1.3000000000         0.8171646498         2.9268552519       -13.4859564095
        9.8350034000         1.3000000000         0.8197169767         2.8707139478       -13.4194690853
        9.8400036000         1.3000000000         0.8171646498         2.8273320310       -13.4859564095
        9.8450032000         1.3000000000         0.8095076693         2.7686388494       -13.6854183822
        9.8500046000         1.3000000000         0.8248216304         2.7176013002       -13.2864944368
        9.8550025000         1.3000000000         0.8222693035         2.6742193834       -13.3529817611
        9.8600048000         1.3000000000         0.8120599961         2.6155262019       -13.6189310580
        9.8650047000         1.3000000000         0.8350309378         2.5695924076       -13.0205451399
        9.8700060000         1.3000000000         0.8299262841         2.5160029810       -13.1535197884
        9.8750035000         1.3000000000         0.8146123230         2.4649654318       -13.5524437337
        9.8800043000         1.3000000000         0.8248216304         2.4266872699       -13.2864944368
        9.8850030000         1.3000000000         0.8273739573         2.3654422109       -13.2200071126
        9.8900029000         1.3000000000         0.8146123230         2.3144046617       -13.5524437337
        9.8950015000         1.3000000000         0.8248216304         2.2633671125       -13.2864944368
        9.9000043000         1.3000000000         0.8248216304         2.2148814408       -13.2864944368
        9.9050047000         1.3000000000         0.8146123230         2.1561882593       -13.5524437337
        9.9100050000         1.3000000000         0.8120599961         2.1128063424       -13.6189310580
        9.9150052000         1.3000000000         0.8171646498         2.0566650383       -13.4859564095
        9.9200026000         1.3000000000         0.8248216304         2.0056274892       -13.2864944368
        9.9250053000         1.3000000000         0.8044030155         1.9520380625       -13.8183930307
        9.9300041000         1.3000000000         0.8095076693         1.9010005134       -13.6854183822
        9.9350056000         1.3000000000         0.8222693035         1.8550667191       -13.3529817611
        9.9400035000         1.3000000000         0.8299262841         1.8091329248       -13.1535197884
        9.9450061000         1.3000000000         0.8197169767         1.7529916207       -13.4194690853
        9.9500041000         1.3000000000         0.8069553424         1.6942984392       -13.7519057064
        9.9550038000         1.3000000000         0.8248216304         1.6509165224       -13.2864944368
        9.9600031000         1.3000000000         0.8018506887         1.5998789732       -13.8848803549
        9.9650041000         1.3000000000         0.8248216304         1.5488414240       -13.2864944368
        9.9700035000         1.3000000000         0.8095076693         1.5003557523       -13.6854183822
        9.9750038000         1.3000000000         0.8222693035         1.4442144482       -13.3529817611
        9.9800036000         1.3000000000         0.7763274201         1.3931768990       -14.5497535971
        9.9850023000         1.3000000000         0.8095076693         1.3370355949       -13.6854183822
        9.9900035000         1.3000000000         0.8299262841         1.2987574330       -13.1535197884
        9.9950030000         1.3000000000         0.7941937081         1.2349604965       -14.0843423276
