% Motor Sweep Step 35/50
% Vcmd       = 4.3000 [V]
% Direction  = CW
% Vg_offset  = 1.334866 [V]
% K_gimbal   = 26.049690 [(rad/s)/V]

Time[s]              Vcmd[V]              Vg_raw[V]            Pot[V]               Omega[rad/s]
        0.0000124000         4.3000000000         1.3276300211         0.2754545720        -0.1884915642
        0.0050130000         4.3000000000         1.3352870017         0.2729026945         0.0109704085
        0.0100070000         4.3000000000         1.3327346748         0.2780064494        -0.0555169157
        0.0150064000         4.3000000000         1.4246184417         0.2907658367         2.3380267564
        0.0200594000         4.3000000000         1.6466708782         0.3137327338         8.1224239642
        0.0250355000         4.3000000000         1.5905196873         0.3392515084         6.6597028312
        0.0300075000         4.3000000000         1.6109383022         0.3647702830         7.1916014250
        0.0350084000         4.3000000000         1.7360023181         0.3979446900        10.4494803121
        0.0400044000         4.3000000000         1.7079267227         0.4362228519         9.7181197456
        0.0450066000         4.3000000000         1.7360023181         0.4745010138        10.4494803121
        0.0500051000         4.3000000000         1.8253337581         0.5280904404        12.7765366600
        0.0550077000         4.3000000000         1.7921535090         0.5740242347        11.9122014451
        0.0600078000         4.3000000000         1.8278860850         0.6123023966        12.8430239842
        0.0650064000         4.3000000000         1.8457523730         0.6633399457        13.3084352538
        0.0700257000         4.3000000000         1.8406477193         0.7169293724        13.1754606054
        0.0750144000         4.3000000000         1.8789326221         0.7705187990        14.1727704688
        0.0800050000         4.3000000000         1.8738279684         0.8241082257        14.0397958203
        0.0850058000         4.3000000000         1.8891419295         0.8930089170        14.4387197657
        0.0900069000         4.3000000000         1.8967989101         0.9389427113        14.6381817384
        0.0950057000         4.3000000000         1.9070082175         1.0052915252        14.9041310353
        0.1000061000         4.3000000000         1.9248745055         1.0690884617        15.3695423049
        0.1050106000         4.3000000000         1.9197698518         1.1175741334        15.2365676564
        0.1100072000         4.3000000000         1.9299791592         1.1788191925        15.5025169533
        0.1150096000         4.3000000000         1.9325314861         1.2298567416        15.5690042775
        0.1200068000         4.3000000000         1.9325314861         1.2962055556        15.5690042775
        0.1250033000         4.3000000000         1.9427407935         1.3497949822        15.8349535744
        0.1300049000         4.3000000000         1.9478454472         1.4161437961        15.9679282229
        0.1350045000         4.3000000000         1.9708163889         1.4850444875        16.5663141409
        0.1400048000         4.3000000000         1.9580547547         1.5462895465        16.2338775198
        0.1450029000         4.3000000000         1.9657117352         1.5973270957        16.4333394925
        0.1500046000         4.3000000000         1.9606070815         1.6636759097        16.3003648440
        0.1550036000         4.3000000000         1.9682640621         1.7172653363        16.4998268167
        0.1600270000         4.3000000000         1.9861303501         1.7912697826        16.9652380863
        0.1650060000         4.3000000000         1.9861303501         1.8576185965        16.9652380863
        0.1700045000         4.3000000000         1.9784733695         1.9214155330        16.7657761136
        0.1750035000         4.3000000000         1.9784733695         1.9724530822        16.7657761136
        0.1800051000         4.3000000000         1.9784733695         2.0439056511        16.7657761136
        0.1850054000         4.3000000000         1.9912350038         2.1077025875        17.0982127348
        0.1900049000         4.3000000000         1.9682640621         2.1689476465        16.4998268167
        0.1950040000         4.3000000000         2.0065489649         2.2429520929        17.4971366801
        0.2000042000         4.3000000000         1.9963396575         2.3093009068        17.2311873832
        0.2050027000         4.3000000000         1.9937873306         2.3756497207        17.1647000590
        0.2100053000         4.3000000000         2.0116536186         2.4419985347        17.6301113286
        0.2150033000         4.3000000000         2.0039966381         2.5032435937        17.4306493559
        0.2200045000         4.3000000000         2.0142059455         2.5823517949        17.6965986528
        0.2250054000         4.3000000000         2.0116536186         2.6410449765        17.6301113286
        0.2300062000         4.3000000000         2.0244152529         2.7099456679        17.9625479497
        0.2350044000         4.3000000000         2.0091012918         2.7762944818        17.5636240043
        0.2400032000         4.3000000000         2.0142059455         2.8477470506        17.6965986528
        0.2450044000         4.3000000000         2.0295199066         2.9166477420        18.0955225982
        0.2500024000         4.3000000000         2.0193105992         2.9906521883        17.8295733012
        0.2550023000         4.3000000000         2.0142059455         3.0442416150        17.6965986528
        0.2600033000         4.3000000000         2.0371768872         3.1259016937        18.2949845708
        0.2650047000         4.3000000000         2.0167582724         3.1820429978        17.7630859770
        0.2700076000         4.3000000000         2.0371768872         3.2560474441        18.2949845708
        0.2750044000         4.3000000000         2.0269675798         3.3249481355        18.0290352739
        0.2800043000         4.3000000000         2.0346245604         3.3964007043        18.2284972466
        0.2850050000         4.3000000000         2.0397292141         3.4780607830        18.3614718951
        0.2900031000         4.3000000000         2.0244152529         3.5342020871        17.9625479497
        0.2950428000         4.3000000000         2.0269675798         3.6056546560        18.0290352739
        0.3000015000         4.3000000000         2.0295199066         3.6745553474        18.0955225982
        0.3050022000         4.3000000000         2.0371768872         3.7511116711        18.2949845708
        0.3100040000         4.3000000000         2.0422815409         3.8149086076        18.4279592193
        0.3150033000         4.3000000000         2.0397292141         3.8787055441        18.3614718951
        0.3200024000         4.3000000000         2.0422815409         3.9629175002        18.4279592193
        0.3250042000         4.3000000000         2.0295199066         4.0216106818        18.0955225982
        0.3300039000         4.3000000000         2.0422815409         4.0981670056        18.4279592193
        0.3350032000         4.3000000000         2.0448338678         4.1670676969        18.4944465435
        0.3728619000         4.3000000000         2.0397292141         4.7182732281        18.3614718951
        0.3734702000         4.3000000000         2.0269675798         4.7182732281        18.0290352739
        0.3739919000         4.3000000000         2.0371768872         4.7284807379        18.2949845708
        0.3744192000         4.3000000000         2.0295199066         4.7361363703        18.0955225982
        0.3748359000         4.3000000000         2.0320722335         4.7335844928        18.1620099224
        0.3754914000         4.3000000000         2.0320722335         4.7463438801        18.1620099224
        0.3761173000         4.3000000000         2.0039966381         4.7591032674        17.4306493559
        0.3767241000         4.3000000000         2.0371768872         4.7718626547        18.2949845708
        0.3800094000         4.3000000000         2.0346245604         4.8177964490        18.2284972466
        0.3850066000         4.3000000000         2.0371768872         4.8918008953        18.2949845708
        0.3900080000         4.3000000000         2.0473861946         4.9658053416        18.5609338677
        0.3950076000         4.3000000000         2.0346245604         5.0015316260        18.2284972466
        0.4000041000         4.3000000000         2.0269675798         5.0040835035        18.0290352739
        0.4050073000         4.3000000000         2.0422815409         1.1073666236        18.4279592193
        0.4100047000         4.3000000000         2.0346245604        -0.0001481936        18.2284972466
        0.4150062000         4.3000000000         2.0371768872         0.0100593162        18.2949845708
        0.4200056000         4.3000000000         2.0499385215         0.0968231498        18.6274211920
        0.4250050000         4.3000000000         2.0346245604         0.1682757187        18.2284972466
        0.4300058000         4.3000000000         2.0269675798         0.2295207777        18.0290352739
        0.4350071000         4.3000000000         2.0550431752         0.3086289789        18.7603958404
        0.4400030000         4.3000000000         2.0473861946         0.3826334252        18.5609338677
        0.4450046000         4.3000000000         2.0371768872         0.4464303617        18.2949845708
        0.4500038000         4.3000000000         2.0320722335         0.5153310531        18.1620099224
        0.4550036000         4.3000000000         2.0320722335         0.5867836220        18.1620099224
        0.4600052000         4.3000000000         2.0320722335         0.6658918232        18.1620099224
        0.4650046000         4.3000000000         2.0320722335         0.7373443920        18.1620099224
        0.4700032000         4.3000000000         2.0473861946         0.8113488384        18.5609338677
        0.4750048000         4.3000000000         2.0346245604         0.8725938974        18.2284972466
        0.4800196000         4.3000000000         2.0422815409         0.9542539761        18.4279592193
        0.4850050000         4.3000000000         2.0371768872         1.0206027900        18.2949845708
        0.4900029000         4.3000000000         2.0397292141         1.0920553588        18.3614718951
        0.4950046000         4.3000000000         2.0448338678         1.1660598052        18.4944465435
        0.5000043000         4.3000000000         2.0397292141         1.2247529867        18.3614718951
        0.5050048000         4.3000000000         2.0499385215         1.3089649429        18.6274211920
        0.5100045000         4.3000000000         2.0422815409         1.3676581244        18.4279592193
        0.5150052000         4.3000000000         2.0371768872         1.4442144482        18.2949845708
        0.5200058000         4.3000000000         2.0397292141         1.5105632621        18.3614718951
        0.5250046000         4.3000000000         2.0346245604         1.5743601986        18.2284972466
        0.5300038000         4.3000000000         2.0448338678         1.6509165224        18.4944465435
        0.5350041000         4.3000000000         2.0320722335         1.7172653363        18.1620099224
        0.5400652000         4.3000000000         2.0346245604         1.7887179052        18.2284972466
        0.5450047000         4.3000000000         2.0499385215         1.8627223515        18.6274211920
        0.5500049000         4.3000000000         2.0422815409         1.9265192879        18.4279592193
        0.5550055000         4.3000000000         2.0397292141         1.9928681019        18.3614718951
        0.5600072000         4.3000000000         2.0499385215         2.0770800580        18.6274211920
        0.5650046000         4.3000000000         2.0397292141         2.1408769945        18.3614718951
        0.5700049000         4.3000000000         2.0550431752         2.2123295633        18.7603958404
        0.5750050000         4.3000000000         2.0524908483         2.2888858871        18.6939085162
        0.5800050000         4.3000000000         2.0473861946         2.3603384560        18.5609338677
        0.5850042000         4.3000000000         2.0550431752         2.4343429023        18.7603958404
        0.5900045000         4.3000000000         2.0448338678         2.4981398388        18.4944465435
        0.5950045000         4.3000000000         2.0524908483         2.5746961625        18.6939085162
        0.6000050000         4.3000000000         2.0371768872         2.6333893441        18.2949845708
        0.6050049000         4.3000000000         2.0601478289         2.7201531777        18.8933704889
        0.6100031000         4.3000000000         2.0575955021         2.7813982367        18.8268831647
        0.6150056000         4.3000000000         2.0448338678         2.8528508056        18.4944465435
        0.6200047000         4.3000000000         2.0550431752         2.9345108842        18.7603958404
        0.6250069000         4.3000000000         2.0524908483         2.9957559433        18.6939085162
        0.6300043000         4.3000000000         2.0499385215         3.0672085121        18.6274211920
        0.6350026000         4.3000000000         2.0499385215         3.1386610810        18.6274211920
        0.6400054000         4.3000000000         2.0448338678         3.2050098949        18.4944465435
        0.6450056000         4.3000000000         2.0627001558         3.2892218510        18.9598578131
        0.6500021000         4.3000000000         2.0550431752         3.3606744199        18.7603958404
        0.6550046000         4.3000000000         2.0550431752         3.4168157240        18.7603958404
        0.6600042000         4.3000000000         2.0627001558         3.5035795576        18.9598578131
        0.6650031000         4.3000000000         2.0575955021         3.5750321265        18.8268831647
        0.6700026000         4.3000000000         2.0729094632         3.6464846953        19.2258071100
        0.6750044000         4.3000000000         2.0397292141         3.7102816318        18.3614718951
        0.6800043000         4.3000000000         2.0601478289         3.7919417105        18.8933704889
        0.6850046000         4.3000000000         2.0269675798         3.8531867695        18.0290352739
        0.6900053000         4.3000000000         2.0524908483         3.9220874609        18.6939085162
        0.6950033000         4.3000000000         2.0575955021         3.9960919072        18.8268831647
        0.7000039000         4.3000000000         2.0499385215         4.0752001084        18.6274211920
        0.7050031000         4.3000000000         2.0499385215         4.1338932900        18.6274211920
        0.7100044000         4.3000000000         2.0473861946         4.2155533687        18.5609338677
        0.7150054000         4.3000000000         2.0601478289         4.2895578150        18.8933704889
        0.7200027000         4.3000000000         2.0550431752         4.3610103838        18.7603958404
        0.7250031000         4.3000000000         2.0473861946         4.4324629527        18.5609338677
        0.7300024000         4.3000000000         2.0499385215         4.5013636441        18.6274211920
        0.7350029000         4.3000000000         2.0499385215         4.5779199678        18.6274211920
        0.7400046000         4.3000000000         2.0550431752         4.6493725367        18.7603958404
        0.7450059000         4.3000000000         2.0627001558         4.7335844928        18.9598578131
        0.7500018000         4.3000000000         2.0473861946         4.7999333068        18.5609338677
        0.7550029000         4.3000000000         2.0422815409         4.8815933855        18.4279592193
        0.7600029000         4.3000000000         2.0473861946         4.9428384445        18.5609338677
        0.7650029000         4.3000000000         2.0550431752         5.0117391359        18.7603958404
        0.7700036000         4.3000000000         2.0473861946         5.0040835035        18.5609338677
        0.7750031000         4.3000000000         2.0473861946         1.1073666236        18.5609338677
        0.7800015000         4.3000000000         2.0422815409         0.0024036839        18.4279592193
        0.7850041000         4.3000000000         2.0448338678         0.0049555613        18.4944465435
        0.7900033000         4.3000000000         2.0601478289         0.0789600076        18.8933704889
        0.7950026000         4.3000000000         2.0422815409         0.1453088216        18.4279592193
        0.8000037000         4.3000000000         2.0499385215         0.2320726552        18.6274211920
        0.8050076000         4.3000000000         2.0397292141         0.3035252240        18.3614718951
        0.8100045000         4.3000000000         2.0397292141         0.3647702830        18.3614718951
        0.8150017000         4.3000000000         2.0422815409         0.4438784843        18.4279592193
        0.8200038000         4.3000000000         2.0448338678         0.5102272982        18.4944465435
        0.8250021000         4.3000000000         2.0448338678         0.5816798670        18.4944465435
        0.8300051000         4.3000000000         2.0065489649         0.6633399457        17.4971366801
        0.8350028000         4.3000000000         2.0397292141         0.7322406371        18.3614718951
        0.8400034000         4.3000000000         2.0575955021         0.8011413285        18.8268831647
        0.8450018000         4.3000000000         2.0397292141         0.8776976523        18.3614718951
        0.8500059000         4.3000000000         2.0550431752         0.9517020986        18.7603958404
        0.8550054000         4.3000000000         2.0499385215         1.0206027900        18.6274211920
        0.8600053000         4.3000000000         2.0499385215         1.0920553588        18.6274211920
        0.8650051000         4.3000000000         2.0575955021         1.1711635601        18.8268831647
        0.8700048000         4.3000000000         2.0473861946         1.2324086191        18.5609338677
        0.8750038000         4.3000000000         2.0575955021         1.3140686978        18.8268831647
        0.8800069000         4.3000000000         2.0473861946         1.3651062470        18.5609338677
        0.8850046000         4.3000000000         2.0422815409         1.4442144482        18.4279592193
        0.8900031000         4.3000000000         2.0422815409         1.5105632621        18.4279592193
        0.8950105000         4.3000000000         2.0499385215         1.5820158310        18.6274211920
        0.9000476000         4.3000000000         2.0524908483         1.6585721547        18.6939085162
        0.9050067000         4.3000000000         2.0499385215         1.7300247236        18.6274211920
        0.9100035000         4.3000000000         2.0550431752         1.8014772924        18.7603958404
        0.9150047000         4.3000000000         2.0422815409         1.8652742289        18.4279592193
        0.9200053000         4.3000000000         2.0499385215         1.9367267978        18.6274211920
        0.9250046000         4.3000000000         2.0473861946         2.0081793666        18.5609338677
        0.9300042000         4.3000000000         2.0499385215         2.0821838129        18.6274211920
        0.9350054000         4.3000000000         2.0524908483         2.1612920142        18.6939085162
        0.9400034000         4.3000000000         2.0397292141         2.2250889506        18.3614718951
        0.9450046000         4.3000000000         2.0473861946         2.2990933970        18.5609338677
        0.9500057000         4.3000000000         2.0422815409         2.3679940883        18.4279592193
        0.9550048000         4.3000000000         2.0652524826         2.4471022896        19.0263451373
        0.9600053000         4.3000000000         2.0473861946         2.5057954711        18.5609338677
        0.9650066000         4.3000000000         2.0473861946         2.5823517949        18.5609338677
        0.9700054000         4.3000000000         2.0448338678         2.6538043638        18.4944465435
        0.9750060000         4.3000000000         2.0575955021         2.7303606875        18.8268831647
        0.9800057000         4.3000000000         2.0601478289         2.8069170113        18.8933704889
        0.9850071000         4.3000000000         2.0499385215         2.8630583154        18.6274211920
        0.9900068000         4.3000000000         2.0244152529         2.9421665166        17.9625479497
        0.9950066000         4.3000000000         2.0627001558         3.0161709629        18.9598578131
        1.0000054000         4.3000000000         2.0499385215         3.0876235318        18.6274211920
        1.0050103000         4.3000000000         2.0678048095         3.1565242232        19.0928324616
        1.0100099000         4.3000000000         2.0652524826         3.2330805470        19.0263451373
        1.0150075000         4.3000000000         2.0524908483         3.3045331158        18.6939085162
        1.0200036000         4.3000000000         2.0601478289         3.3759856847        18.8933704889
        1.0250050000         4.3000000000         2.0601478289         3.4525420084        18.8933704889
        1.0300055000         4.3000000000         2.0550431752         3.5188908224        18.7603958404
        1.0350052000         4.3000000000         2.0678048095         3.5903433912        19.0928324616
        1.0400052000         4.3000000000         2.0550431752         3.6643478375        18.7603958404
        1.0450064000         4.3000000000         2.0397292141         3.7306966515        18.3614718951
        1.0500044000         4.3000000000         2.0524908483         3.8072529752        18.6939085162
        1.0550049000         4.3000000000         2.0575955021         3.8787055441        18.8268831647
        1.0600043000         4.3000000000         2.0524908483         3.9552618679        18.6939085162
        1.0650226000         4.3000000000         2.0550431752         4.0190588043        18.7603958404
        1.0700044000         4.3000000000         2.0575955021         4.0956151281        18.8268831647
        1.0750050000         4.3000000000         2.0524908483         4.1619639420        18.6939085162
        1.0800046000         4.3000000000         2.0575955021         4.2410721433        18.8268831647
        1.0850048000         4.3000000000         2.0575955021         4.3099728347        18.8268831647
        1.0900058000         4.3000000000         2.0550431752         4.3890810359        18.7603958404
        1.0950054000         4.3000000000         2.0601478289         4.4503260949        18.8933704889
        1.1000034000         4.3000000000         2.0346245604         4.5217786637        18.2284972466
        1.1050014000         4.3000000000         2.0499385215         4.6085424974        18.6274211920
        1.1100030000         4.3000000000         2.0575955021         4.6799950662        18.8268831647
        1.1150046000         4.3000000000         2.0499385215         4.7488957576        18.6274211920
        1.1200062000         4.3000000000         2.0448338678         4.8203483265        18.4944465435
        1.1250051000         4.3000000000         2.0397292141         4.8892490178        18.3614718951
        1.1300035000         4.3000000000         2.0473861946         4.9683572191        18.5609338677
        1.1350045000         4.3000000000         2.0397292141         4.9989797486        18.3614718951
        1.1400049000         4.3000000000         2.0473861946         5.0040835035        18.5609338677
        1.1450046000         4.3000000000         2.0499385215         1.0997109912        18.6274211920
        1.1500031000         4.3000000000         2.0295199066        -0.0027000711        18.0955225982
        1.1550046000         4.3000000000         2.0499385215         0.0304743359        18.6274211920
        1.1602520000         4.3000000000         2.0397292141         0.0968231498        18.3614718951
        1.1650054000         4.3000000000         2.0422815409         0.1708275961        18.4279592193
        1.1700051000         4.3000000000         2.0524908483         0.2499357974        18.6939085162
        1.1750057000         4.3000000000         2.0397292141         0.3162846113        18.3614718951
        1.1801571000         4.3000000000         2.0346245604         0.3902890576        18.2284972466
        1.1850047000         4.3000000000         2.0295199066         0.4566378716        18.0955225982
        1.1900496000         4.3000000000         2.0448338678         0.5280904404        18.4944465435
        1.1950053000         4.3000000000         2.0473861946         0.6071986416        18.5609338677
        1.2000046000         4.3000000000         2.0524908483         0.6735474556        18.6939085162
        1.2050051000         4.3000000000         2.0499385215         0.7475519019        18.6274211920
        1.2100048000         4.3000000000         2.0371768872         0.8190044707        18.2949845708
        1.2150039000         4.3000000000         2.0448338678         0.8930089170        18.4944465435
        1.2200054000         4.3000000000         2.0524908483         0.9593577310        18.6939085162
        1.2250038000         4.3000000000         2.0193105992         1.0384659322        17.8295733012
        1.2300045000         4.3000000000         2.0575955021         1.1099185011        18.8268831647
        1.2350039000         4.3000000000         2.0499385215         1.1864748248        18.6274211920
        1.2400606000         4.3000000000         2.0448338678         1.2553755162        18.4944465435
        1.2450050000         4.3000000000         2.0601478289         1.3242762076        18.8933704889
        1.2500032000         4.3000000000         2.0575955021         1.3931768990        18.8268831647
        1.2550046000         4.3000000000         2.0448338678         1.4620775904        18.4944465435
        1.2600133000         4.3000000000         2.0575955021         1.5411857916        18.8268831647
        1.2650032000         4.3000000000         2.0550431752         1.6126383605        18.7603958404
        1.2700040000         4.3000000000         2.0550431752         1.6840909293        18.7603958404
        1.2750027000         4.3000000000         2.0652524826         1.7478878658        19.0263451373
        1.2800018000         4.3000000000         2.0575955021         1.8193404347        18.8268831647
        1.2850050000         4.3000000000         2.0499385215         1.8907930035        18.6274211920
        1.2900056000         4.3000000000         2.0499385215         1.9622455724        18.6274211920
        1.2950036000         4.3000000000         2.0473861946         2.0311462638        18.5609338677
        1.3000046000         4.3000000000         2.0524908483         2.1000469552        18.6939085162
        1.3050038000         4.3000000000         2.0524908483         2.1817070338        18.6939085162
        1.3100026000         4.3000000000         2.0550431752         2.2480558478        18.7603958404
        1.3150035000         4.3000000000         2.0473861946         2.3118527843        18.5609338677
        1.3200047000         4.3000000000         2.0473861946         2.3909609855        18.5609338677
        1.3250032000         4.3000000000         2.0601478289         2.4649654318        18.8933704889
        1.3300017000         4.3000000000         2.0703571363         2.5389698781        19.1593197858
        1.3350045000         4.3000000000         2.0524908483         2.6078705695        18.6939085162
        1.3400024000         4.3000000000         2.0524908483         2.6818750158        18.6939085162
        1.3450023000         4.3000000000         2.0575955021         2.7482238297        18.8268831647
        1.3500040000         4.3000000000         2.0575955021         2.8273320310        18.8268831647
        1.3550027000         4.3000000000         2.0652524826         2.9038883547        19.0263451373
        1.3600046000         4.3000000000         2.0601478289         2.9676852912        18.8933704889
        1.3650059000         4.3000000000         2.0550431752         3.0442416150        18.7603958404
        1.3700040000         4.3000000000         2.0550431752         3.1207979388        18.7603958404
        1.3750042000         4.3000000000         2.0601478289         3.1820429978        18.8933704889
        1.3800042000         4.3000000000         2.0601478289         3.2611511990        18.8933704889
        1.3850027000         4.3000000000         2.0550431752         3.3300518904        18.7603958404
        1.3900020000         4.3000000000         2.0601478289         3.4015044592        18.8933704889
        1.3950042000         4.3000000000         2.0499385215         3.4704051506        18.6274211920
        1.4000052000         4.3000000000         2.0575955021         3.5418577195        18.8268831647
        1.4050033000         4.3000000000         2.0703571363         3.6209659207        19.1593197858
        1.4100040000         4.3000000000         2.0678048095         3.6949703670        19.0928324616
        1.4150049000         4.3000000000         2.0524908483         3.7536635486        18.6939085162
        1.4200034000         4.3000000000         2.0524908483         3.8302198724        18.6939085162
        1.4250042000         4.3000000000         2.0703571363         3.9144318285        19.1593197858
        1.4300046000         4.3000000000         2.0524908483         3.9782287650        18.6939085162
        1.4350030000         4.3000000000         2.0627001558         4.0522332113        18.9598578131
        1.4400031000         4.3000000000         2.0652524826         4.1185820252        19.0263451373
        1.4450795000         4.3000000000         2.0524908483         4.1976902265        18.6939085162
        1.4500021000         4.3000000000         2.0627001558         4.2716946728        18.9598578131
        1.4550328000         4.3000000000         2.0601478289         4.3508028740        18.8933704889
        1.4600050000         4.3000000000         2.0499385215         4.4145998105        18.6274211920
        1.4650035000         4.3000000000         2.0627001558         4.4911561342        18.9598578131
        1.4700032000         4.3000000000         2.0473861946         4.5651605806        18.5609338677
        1.4750073000         4.3000000000         2.0524908483         4.6468206592        18.6939085162
        1.4800031000         4.3000000000         2.0550431752         4.7080657183        18.7603958404
        1.4850099000         4.3000000000         2.0473861946         4.7871739195        18.5609338677
        1.4900033000         4.3000000000         2.0601478289         4.8611783658        18.8933704889
        1.4950040000         4.3000000000         2.0550431752         4.9377346896        18.7603958404
        1.5000063000         4.3000000000         2.0473861946         5.0040835035        18.5609338677
        1.5050044000         4.3000000000         2.0422815409         5.0091872584        18.4279592193
        1.5100046000         4.3000000000         2.0550431752         1.1073666236        18.7603958404
        1.5150044000         4.3000000000         2.0499385215        -0.0052519485        18.6274211920
        1.5200040000         4.3000000000         2.0499385215        -0.0001481936        18.6274211920
        1.5250047000         4.3000000000         2.0448338678         0.0636487429        18.4944465435
        1.5300028000         4.3000000000         2.0499385215         0.1427569441        18.6274211920
        1.5350020000         4.3000000000         2.0473861946         0.2167613904        18.5609338677
        1.5400043000         4.3000000000         2.0550431752         0.2856620818        18.7603958404
        1.5450018000         4.3000000000         2.0448338678         0.3596665281        18.4944465435
        1.5500033000         4.3000000000         2.0346245604         0.4285672195        18.2284972466
        1.5550026000         4.3000000000         2.0422815409         0.5051235433        18.4279592193
        1.5600063000         4.3000000000         2.0448338678         0.5765761121        18.4944465435
        1.5650039000         4.3000000000         2.0601478289         0.6556843134        18.8933704889
        1.5700051000         4.3000000000         2.0524908483         0.7220331273        18.6939085162
        1.5750129000         4.3000000000         2.0473861946         0.7909338187        18.5609338677
        1.5800038000         4.3000000000         2.0422815409         0.8623863875        18.4279592193
        1.5850053000         4.3000000000         2.0448338678         0.9312870789        18.4944465435
        1.5900044000         4.3000000000         2.0499385215         1.0180509125        18.6274211920
        1.5950037000         4.3000000000         2.0601478289         1.0869516039        18.8933704889
        1.6000037000         4.3000000000         2.0422815409         1.1507485404        18.4279592193
        1.6050026000         4.3000000000         2.0397292141         1.2170973543        18.3614718951
        1.6100030000         4.3000000000         2.0473861946         1.2962055556        18.5609338677
        1.6150063000         4.3000000000         2.0627001558         1.3727618793        18.9598578131
        1.6200041000         4.3000000000         2.0473861946         1.4391106933        18.5609338677
        1.6250028000         4.3000000000         2.0550431752         1.5105632621        18.7603958404
        1.6300042000         4.3000000000         2.0473861946         1.5769120761        18.5609338677
        1.6350079000         4.3000000000         2.0499385215         1.6509165224        18.6274211920
        1.6400042000         4.3000000000         2.0499385215         1.7249209687        18.6274211920
        1.6450061000         4.3000000000         2.0550431752         1.7963735375        18.7603958404
        1.6500043000         4.3000000000         2.0575955021         1.8601704740        18.8268831647
        1.6550040000         4.3000000000         2.0499385215         1.9316230429        18.6274211920
        1.6600555000         4.3000000000         2.0473861946         1.9979718568        18.5609338677
        1.6650070000         4.3000000000         2.0627001558         2.0770800580        18.9598578131
        1.6700049000         4.3000000000         2.0550431752         2.1459807494        18.7603958404
        1.6750074000         4.3000000000         2.0601478289         2.2123295633        18.8933704889
        1.6800044000         4.3000000000         2.0678048095         2.2990933970        19.0928324616
        1.6850060000         4.3000000000         2.0627001558         2.3730978433        18.9598578131
        1.6900026000         4.3000000000         2.0575955021         2.4368947797        18.8268831647
        1.6950054000         4.3000000000         2.0550431752         2.5032435937        18.7603958404
        1.7000045000         4.3000000000         2.0678048095         2.5874555498        19.0928324616
        1.7050046000         4.3000000000         2.0652524826         2.6538043638        19.0263451373
        1.7100032000         4.3000000000         2.0703571363         2.7354644424        19.1593197858
        1.7150065000         4.3000000000         2.0550431752         2.7916057465        18.7603958404
        1.7200033000         4.3000000000         2.0473861946         2.8732658252        18.5609338677
        1.7250456000         4.3000000000         2.0780141169         2.9498221490        19.3587817585
        1.7300063000         4.3000000000         2.0780141169         3.0212747179        19.3587817585
        1.7350041000         4.3000000000         2.0550431752         3.0850716543        18.7603958404
        1.7400034000         4.3000000000         2.0703571363         3.1641798556        19.1593197858
        1.7450047000         4.3000000000         2.0780141169         3.2407361793        19.3587817585
        1.7500039000         4.3000000000         2.0601478289         3.3096368707        18.8933704889
        1.7550046000         4.3000000000         2.0703571363         3.3836413170        19.1593197858
        1.7600045000         4.3000000000         2.0652524826         3.4576457633        19.0263451373
        1.7650050000         4.3000000000         2.0499385215         3.5265464547        18.6274211920
        1.7700250000         4.3000000000         2.0703571363         3.6056546560        19.1593197858
        1.7750050000         4.3000000000         2.0550431752         3.6720034699        18.7603958404
        1.7800037000         4.3000000000         2.0652524826         3.7460079162        19.0263451373
        1.7850051000         4.3000000000         2.0627001558         3.8174604851        18.9598578131
        1.7900033000         4.3000000000         2.0499385215         3.8838092990        18.6274211920
        1.7950061000         4.3000000000         2.0575955021         3.9629175002        18.8268831647
        1.8000035000         4.3000000000         2.0575955021         4.0369219465        18.8268831647
        1.8050050000         4.3000000000         2.0524908483         4.0981670056        18.6939085162
        1.8100057000         4.3000000000         2.0678048095         4.1798270842        19.0928324616
        1.8150037000         4.3000000000         2.0448338678         4.2436240207        18.4944465435
        1.8200030000         4.3000000000         2.0499385215         4.3150765896        18.6274211920
        1.8250057000         4.3000000000         2.0346245604         4.3967366683        18.2284972466
        1.8300044000         4.3000000000         2.0678048095         4.4732929920        19.0928324616
        1.8350026000         4.3000000000         2.0575955021         4.5472974383        18.8268831647
        1.8400014000         4.3000000000         2.0678048095         4.6187500072        19.0928324616
        1.8450037000         4.3000000000         2.0422815409         4.6902025760        18.4279592193
        1.8500020000         4.3000000000         2.0601478289         4.7616551449        18.8933704889
        1.8550036000         4.3000000000         2.0550431752         4.8433152236        18.7603958404
        1.8600034000         4.3000000000         2.0627001558         4.9224234248        18.9598578131
        1.8650024000         4.3000000000         2.0524908483         4.9887722387        18.6939085162
        1.8700015000         4.3000000000         2.0448338678         5.0066353810        18.4944465435
        1.8750021000         4.3000000000         2.0499385215         1.1099185011        18.6274211920
        1.8800032000         4.3000000000         2.0524908483         0.0024036839        18.6939085162
        1.8850067000         4.3000000000         2.0499385215         0.0151630711        18.6274211920
        1.8900045000         4.3000000000         2.0524908483         0.0406818457        18.6939085162
        1.8950040000         4.3000000000         2.0346245604         0.1095825371        18.2284972466
        1.9000018000         4.3000000000         2.0346245604         0.1861388609        18.2284972466
        1.9050047000         4.3000000000         2.0499385215         0.2677989396        18.6274211920
        1.9100036000         4.3000000000         2.0601478289         0.3443552634        18.8933704889
        1.9150038000         4.3000000000         2.0448338678         0.4081521998        18.4944465435
        1.9200048000         4.3000000000         2.0397292141         0.4796047687        18.3614718951
        1.9250059000         4.3000000000         2.0499385215         0.5638167248        18.6274211920
        1.9300038000         4.3000000000         2.0524908483         0.6250617838        18.6939085162
        1.9350031000         4.3000000000         2.0422815409         0.7016181076        18.4279592193
        1.9400030000         4.3000000000         2.0652524826         0.7781744314        19.0263451373
        1.9450092000         4.3000000000         2.0550431752         0.8547307552        18.7603958404
        1.9500080000         4.3000000000         2.0422815409         0.9159758142        18.4279592193
        1.9550038000         4.3000000000         2.0601478289         1.0001877703        18.8933704889
        1.9600070000         4.3000000000         2.0550431752         1.0614328293        18.7603958404
        1.9650035000         4.3000000000         2.0550431752         1.1379891531        18.7603958404
        1.9700023000         4.3000000000         2.0499385215         1.2145454769        18.6274211920
        1.9750062000         4.3000000000         2.0601478289         1.2808942908        18.8933704889
        1.9800063000         4.3000000000         2.0524908483         1.3523468597        18.6939085162
        1.9850037000         4.3000000000         2.0524908483         1.4212475511        18.6939085162
        1.9900058000         4.3000000000         2.0524908483         1.4952519974        18.6939085162
        1.9950078000         4.3000000000         2.0729094632         1.5692564437        19.2258071100
        2.0000050000         4.3000000000         2.0575955021         1.6432608900        18.8268831647
        2.0050038000         4.3000000000         2.0473861946         1.7070578265        18.5609338677
        2.0100070000         4.3000000000         2.0703571363         1.7836141502        19.1593197858
        2.0151150000         4.3000000000         2.0473861946         1.8423073318        18.5609338677
        2.0200058000         4.3000000000         2.0499385215         1.9112080232        18.6274211920
        2.0250041000         4.3000000000         2.0652524826         1.9903162244        19.0263451373
        2.0300061000         4.3000000000         2.0524908483         2.0643206707        18.6939085162
        2.0350057000         4.3000000000         2.0473861946         2.1306694847        18.5609338677
        2.0400056000         4.3000000000         2.0627001558         2.2046739310        18.9598578131
        2.0450035000         4.3000000000         2.0627001558         2.2786783773        18.9598578131
        2.0500058000         4.3000000000         2.0627001558         2.3526828236        18.9598578131
        2.0550048000         4.3000000000         2.0627001558         2.4343429023        18.9598578131
        2.0600519000         4.3000000000         2.0678048095         2.4981398388        19.0928324616
        2.0650040000         4.3000000000         2.0627001558         2.5695924076        18.9598578131
        2.0700081000         4.3000000000         2.0678048095         2.6435968539        19.0928324616
        2.0750396000         4.3000000000         2.0729094632         2.7201531777        19.2258071100
        2.0800247000         4.3000000000         2.0575955021         2.7865019916        18.8268831647
        2.0850232000         4.3000000000         2.0627001558         2.8681620703        18.9598578131
        2.0900053000         4.3000000000         2.0729094632         2.9294071293        19.2258071100
        2.0950046000         4.3000000000         2.0601478289         3.0059634531        18.8933704889
        2.1000570000         4.3000000000         2.0601478289         3.0748641445        18.8933704889
        2.1050070000         4.3000000000         2.0678048095         3.1616279781        19.0928324616
        2.1101277000         4.3000000000         2.0601478289         3.2254249146        18.8933704889
        2.1150058000         4.3000000000         2.0678048095         3.3045331158        19.0928324616
        2.1200205000         4.3000000000         2.0575955021         3.3657781748        18.8268831647
        2.1250060000         4.3000000000         2.0601478289         3.4346788662        18.8933704889
        2.1300043000         4.3000000000         2.0575955021         3.5188908224        18.8268831647
        2.1350070000         4.3000000000         2.0575955021         3.5801358814        18.8268831647
        2.1400043000         4.3000000000         2.0550431752         3.6566922051        18.7603958404
        2.1450098000         4.3000000000         2.0601478289         3.7332485289        18.8933704889
        2.1500065000         4.3000000000         2.0652524826         3.8072529752        19.0263451373
        2.1550065000         4.3000000000         2.0627001558         3.8761536666        18.9598578131
        2.1600057000         4.3000000000         2.0575955021         3.9476062355        18.8268831647
        2.1650067000         4.3000000000         2.0703571363         4.0267144367        19.1593197858
        2.1700036000         4.3000000000         2.0473861946         4.0879594957        18.5609338677
        2.1750058000         4.3000000000         2.0780141169         4.1721714519        19.3587817585
        2.1800067000         4.3000000000         2.0703571363         4.2461758982        19.1593197858
        2.1850113000         4.3000000000         2.0601478289         4.3125247121        18.8933704889
        2.1900051000         4.3000000000         2.0601478289         4.3865291584        18.8933704889
        2.1950047000         4.3000000000         2.0601478289         4.4605336047        18.8933704889
        2.2000032000         4.3000000000         2.0524908483         4.5268824187        18.6939085162
        2.2050047000         4.3000000000         2.0601478289         4.6110943748        18.8933704889
        2.2100094000         4.3000000000         2.0524908483         4.6850988211        18.6939085162
        2.2150051000         4.3000000000         2.0499385215         4.7591032674        18.6274211920
        2.2200195000         4.3000000000         2.0371768872         4.8305558363        18.2949845708
        2.2250047000         4.3000000000         2.0499385215         4.9045602826        18.6274211920
        2.2300071000         4.3000000000         2.0627001558         4.9913241162        18.9598578131
        2.2350048000         4.3000000000         2.0524908483         5.0066353810        18.6939085162
        2.2400436000         4.3000000000         2.0397292141         4.9658053416        18.3614718951
        2.2450082000         4.3000000000         2.0448338678        -0.0052519485        18.4944465435
        2.2500039000         4.3000000000         2.0397292141        -0.0052519485        18.3614718951
        2.2550056000         4.3000000000         2.0524908483         0.0381299683        18.6939085162
        2.2600245000         4.3000000000         2.0575955021         0.1121344146        18.8268831647
        2.2650139000         4.3000000000         2.0371768872         0.1861388609        18.2949845708
        2.2700069000         4.3000000000         2.0346245604         0.2550395523        18.2284972466
        2.2750063000         4.3000000000         2.0422815409         0.3290439986        18.4279592193
        2.2800068000         4.3000000000         2.0524908483         0.4132559548        18.6939085162
        2.2850413000         4.3000000000         2.0524908483         0.4796047687        18.6939085162
        2.2900057000         4.3000000000         2.0473861946         0.5536092150        18.5609338677
        2.2950074000         4.3000000000         2.0193105992         0.6250617838        17.8295733012
        2.3000222000         4.3000000000         2.0499385215         0.6965143527        18.6274211920
        2.3050067000         4.3000000000         2.0601478289         0.7756225539        18.8933704889
        2.3100047000         4.3000000000         2.0473861946         0.8368676129        18.5609338677
        2.3150067000         4.3000000000         2.0524908483         0.9108720593        18.6939085162
        2.3200116000         4.3000000000         2.0473861946         0.9823246281        18.5609338677
        2.3250067000         4.3000000000         2.0550431752         1.0588809519        18.7603958404
        2.3300095000         4.3000000000         2.0550431752         1.1277816433        18.7603958404
        2.3350102000         4.3000000000         2.0448338678         1.1992342121        18.4944465435
        2.3400245000         4.3000000000         2.0575955021         1.2732386584        18.8268831647
        2.3450090000         4.3000000000         2.0524908483         1.3497949822        18.6939085162
        2.3500062000         4.3000000000         2.0499385215         1.4186956736        18.6274211920
        2.3550061000         4.3000000000         2.0601478289         1.4875963650        18.8933704889
        2.3600065000         4.3000000000         2.0473861946         1.5539451789        18.5609338677
        2.3650065000         4.3000000000         2.0729094632         1.6381571351        19.2258071100
        2.3700048000         4.3000000000         2.0448338678         1.7045059490        18.4944465435
        2.3750069000         4.3000000000         2.0601478289         1.7708547629        18.8933704889
        2.3800066000         4.3000000000         2.0627001558         1.8525148416        18.9598578131
        2.3850064000         4.3000000000         2.0550431752         1.9163117781        18.7603958404
        2.3900085000         4.3000000000         2.0627001558         1.9826605920        18.9598578131
        2.3950045000         4.3000000000         2.0601478289         2.0566650383        18.8933704889
        2.4000057000         4.3000000000         2.0627001558         2.1408769945        18.9598578131
        2.4050075000         4.3000000000         2.0550431752         2.2021220535        18.7603958404
        2.4100046000         4.3000000000         2.0703571363         2.2786783773        19.1593197858
        2.4150040000         4.3000000000         2.0652524826         2.3577865785        19.0263451373
        2.4200054000         4.3000000000         2.0652524826         2.4215835150        19.0263451373
        2.4250044000         4.3000000000         2.0729094632         2.5006917162        19.2258071100
        2.4300107000         4.3000000000         2.0524908483         2.5695924076        18.6939085162
        2.4350080000         4.3000000000         2.0601478289         2.6435968539        18.8933704889
        2.4400066000         4.3000000000         2.0780141169         2.7176013002        19.3587817585
        2.4450058000         4.3000000000         2.0780141169         2.7992613789        19.3587817585
        2.4500058000         4.3000000000         2.0218629261         2.8681620703        17.8960606255
        2.4550048000         4.3000000000         2.0601478289         2.9421665166        18.8933704889
        2.4600052000         4.3000000000         2.0678048095         3.0034115756        19.0928324616
        2.4650053000         4.3000000000         2.0601478289         3.0774160220        18.8933704889
        2.4700057000         4.3000000000         2.0780141169         3.1616279781        19.3587817585
        2.4750037000         4.3000000000         2.0652524826         3.2356324244        19.0263451373
        2.4800047000         4.3000000000         2.0627001558         3.2994293609        18.9598578131
        2.4850040000         4.3000000000         2.0601478289         3.3708819297        18.8933704889
        2.4900055000         4.3000000000         2.0678048095         3.4474382535        19.0928324616
        2.4950117000         4.3000000000         2.0627001558         3.5163389449        18.9598578131
        2.5000062000         4.3000000000         2.0652524826         3.5877915138        19.0263451373
        2.5050045000         4.3000000000         2.0524908483         3.6617959601        18.6939085162
        2.5100064000         4.3000000000         2.0627001558         3.7358004064        18.9598578131
        2.5150079000         4.3000000000         2.0550431752         3.8098048527        18.7603958404
        2.5200072000         4.3000000000         2.0805664438         3.8863611765        19.4252690827
        2.5250048000         4.3000000000         2.0499385215         3.9527099904        18.6274211920
        2.5300041000         4.3000000000         2.0575955021         4.0267144367        18.8268831647
        2.5350060000         4.3000000000         2.0652524826         4.0930632506        19.0263451373
        2.5400058000         4.3000000000         2.0550431752         4.1645158195        18.7603958404
        2.5450070000         4.3000000000         2.0601478289         4.2487277756        18.8933704889
        2.5500081000         4.3000000000         2.0703571363         4.3176284670        19.1593197858
        2.5550043000         4.3000000000         2.0550431752         4.3839772810        18.7603958404
        2.5600059000         4.3000000000         2.0601478289         4.4579817273        18.8933704889
        2.5650052000         4.3000000000         2.0601478289         4.5447455609        18.8933704889
        2.5700068000         4.3000000000         2.0524908483         4.6059906199        18.6939085162
        2.5750059000         4.3000000000         2.0627001558         4.6876506986        18.9598578131
        2.5800115000         4.3000000000         2.0550431752         4.7616551449        18.7603958404
        2.5850034000         4.3000000000         2.0601478289         4.8331077137        18.8933704889
        2.5900074000         4.3000000000         2.0397292141         4.9122159150        18.3614718951
        2.5950070000         4.3000000000         2.0703571363         4.9938759937        19.1593197858
        2.6000054000         4.3000000000         2.0550431752         5.0066353810        18.7603958404
        2.6050051000         4.3000000000         2.0652524826         1.1048147461        19.0263451373
        2.6100066000         4.3000000000         2.0601478289         0.0075074388        18.8933704889
        2.6150051000         4.3000000000         2.0499385215        -0.0001481936        18.6274211920
        2.6200074000         4.3000000000         2.0473861946         0.0457856007        18.5609338677
        2.6250064000         4.3000000000         2.0575955021         0.1223419244        18.8268831647
        2.6300068000         4.3000000000         2.0499385215         0.1963463707        18.6274211920
        2.6350078000         4.3000000000         2.0499385215         0.2703508170        18.6274211920
        2.6400049000         4.3000000000         2.0550431752         0.3418033859        18.7603958404
        2.6450045000         4.3000000000         2.0422815409         0.4158078322        18.4279592193
        2.6500045000         4.3000000000         2.0550431752         0.4949160334        18.7603958404
        2.6550039000         4.3000000000         2.0499385215         0.5638167248        18.6274211920
        2.6600063000         4.3000000000         2.0550431752         0.6352692937        18.7603958404
        2.6650075000         4.3000000000         2.0473861946         0.6990662302        18.5609338677
        2.6700129000         4.3000000000         2.0575955021         0.7807263088        18.8268831647
        2.6750046000         4.3000000000         2.0397292141         0.8496270002        18.3614718951
        2.6800040000         4.3000000000         2.0601478289         0.9338389564        18.8933704889
        2.6858415000         4.3000000000         2.0499385215         1.0129471576        18.6274211920
        2.6900131000         4.3000000000         2.0524908483         1.0639847068        18.6939085162
        2.6950792000         4.3000000000         2.0473861946         1.1456447855        18.5609338677
        2.7000042000         4.3000000000         2.0473861946         1.2119935994        18.5609338677
        2.7050049000         4.3000000000         2.0703571363         1.2911018006        19.1593197858
        2.7100039000         4.3000000000         2.0575955021         1.3625543695        18.8268831647
        2.7150049000         4.3000000000         2.0575955021         1.4237994285        18.8268831647
        2.7200035000         4.3000000000         2.0473861946         1.4927001199        18.5609338677
        2.7250199000         4.3000000000         2.0473861946         1.5641526888        18.5609338677
        2.7300061000         4.3000000000         2.0601478289         1.6407090125        18.8933704889
        2.7350056000         4.3000000000         2.0524908483         1.7070578265        18.6939085162
        2.7400060000         4.3000000000         2.0550431752         1.7785103953        18.7603958404
        2.7450099000         4.3000000000         2.0627001558         1.8525148416        18.9598578131
        2.7500042000         4.3000000000         2.0524908483         1.9214155330        18.6939085162
        2.7550034000         4.3000000000         2.0499385215         1.9928681019        18.6274211920
        2.7600036000         4.3000000000         2.0601478289         2.0668725482        18.8933704889
        2.7650114000         4.3000000000         2.0601478289         2.1383251170        18.8933704889
        2.7700074000         4.3000000000         2.0550431752         2.2072258084        18.7603958404
        2.7750047000         4.3000000000         2.0601478289         2.2863340097        18.8933704889
        2.7800082000         4.3000000000         2.0346245604         2.3603384560        18.2284972466
        2.7850166000         4.3000000000         2.0703571363         2.4343429023        19.1593197858
        2.7900049000         4.3000000000         2.0703571363         2.5108992261        19.1593197858
        2.7950045000         4.3000000000         2.0473861946         2.5849036724        18.5609338677
        2.8000026000         4.3000000000         2.0550431752         2.6461487314        18.7603958404
        2.8050053000         4.3000000000         2.0550431752         2.7150494228        18.7603958404
        2.8100036000         4.3000000000         2.0524908483         2.7890538691        18.6939085162
        2.8150053000         4.3000000000         2.0499385215         2.8579545605        18.6274211920
        2.8200034000         4.3000000000         2.0703571363         2.9370627617        19.1593197858
        2.8250048000         4.3000000000         2.0473861946         3.0008596982        18.5609338677
        2.8300040000         4.3000000000         2.0652524826         3.0876235318        19.0263451373
        2.8350047000         4.3000000000         2.0627001558         3.1565242232        18.9598578131
        2.8400035000         4.3000000000         2.0627001558         3.2228730371        18.9598578131
        2.8450046000         4.3000000000         2.0601478289         3.2943256060        18.8933704889
        2.8500031000         4.3000000000         2.0550431752         3.3708819297        18.7603958404
        2.8550038000         4.3000000000         2.0575955021         3.4423344986        18.8268831647
        2.8600048000         4.3000000000         2.0601478289         3.5137870674        18.8933704889
        2.8650026000         4.3000000000         2.0499385215         3.5826877588        18.6274211920
        2.8700042000         4.3000000000         2.0652524826         3.6617959601        19.0263451373
        2.8750024000         4.3000000000         2.0550431752         3.7332485289        18.7603958404
        2.8800048000         4.3000000000         2.0499385215         3.8021492203        18.6274211920
        2.8850047000         4.3000000000         2.0627001558         3.8736017892        18.9598578131
        2.8900032000         4.3000000000         2.0550431752         3.9450543580        18.7603958404
        2.8950061000         4.3000000000         2.0652524826         4.0190588043        19.0263451373
        2.9000758000         4.3000000000         2.0473861946         4.0879594957        18.5609338677
        2.9050022000         4.3000000000         2.0524908483         4.1619639420        18.6939085162
        2.9100021000         4.3000000000         2.0652524826         4.2461758982        19.0263451373
        2.9150045000         4.3000000000         2.0499385215         4.3099728347        18.6274211920
        2.9200037000         4.3000000000         2.0601478289         4.3788735260        18.8933704889
        2.9250033000         4.3000000000         2.0601478289         4.4554298498        18.8933704889
        2.9300022000         4.3000000000         2.0422815409         4.5243305412        18.4279592193
        2.9350040000         4.3000000000         2.0601478289         4.6034387424        18.8933704889
        2.9400041000         4.3000000000         2.0575955021         4.6825469437        18.8268831647
        2.9450058000         4.3000000000         2.0575955021         4.7514476351        18.8268831647
        2.9500047000         4.3000000000         2.0601478289         4.8254520814        18.8933704889
        2.9550030000         4.3000000000         2.0524908483         4.9020084051        18.6939085162
        2.9600060000         4.3000000000         2.0575955021         4.9785647289        18.8268831647
        2.9650025000         4.3000000000         2.0524908483         5.0066353810        18.6939085162
        2.9700048000         4.3000000000         2.0499385215         5.0040835035        18.6274211920
        2.9750050000         4.3000000000         2.0524908483        -0.0027000711        18.6939085162
        2.9800044000         4.3000000000         2.0371768872        -0.0052519485        18.2949845708
        2.9850057000         4.3000000000         2.0397292141         0.0330262134        18.3614718951
        2.9900064000         4.3000000000         2.0601478289         0.1121344146        18.8933704889
        2.9950087000         4.3000000000         2.0320722335         0.1733794736        18.1620099224
        3.0000069000         4.3000000000         2.0575955021         0.2575914298        18.8268831647
        3.0050039000         4.3000000000         2.0524908483         0.3264921211        18.6939085162
        3.0100062000         4.3000000000         2.0448338678         0.3979446900        18.4944465435
        3.0150036000         4.3000000000         2.0499385215         0.4642935039        18.6274211920
        3.0200060000         4.3000000000         2.0218629261         0.5485054601        17.8960606255
        3.0250045000         4.3000000000         2.0499385215         0.6174061515        18.6274211920
        3.0300063000         4.3000000000         2.0524908483         0.6888587203        18.6939085162
        3.0350064000         4.3000000000         2.0473861946         0.7603112892        18.5609338677
        3.0400062000         4.3000000000         2.0550431752         0.8419713679        18.7603958404
        3.0450070000         4.3000000000         2.0397292141         0.8981126720        18.3614718951
        3.0500063000         4.3000000000         2.0499385215         0.9797727506        18.6274211920
        3.0550049000         4.3000000000         2.0575955021         1.0588809519        18.8268831647
        3.0600063000         4.3000000000         2.0448338678         1.1226778884        18.4944465435
        3.0650057000         4.3000000000         2.0499385215         1.1941304572        18.6274211920
        3.0700059000         4.3000000000         2.0473861946         1.2604792711        18.5609338677
        3.0750043000         4.3000000000         2.0524908483         1.3421393498        18.6939085162
        3.0800058000         4.3000000000         2.0550431752         1.4008325314        18.7603958404
        3.0850049000         4.3000000000         2.0524908483         1.4799407326        18.6939085162
        3.0900058000         4.3000000000         2.0601478289         1.5488414240        18.8933704889
        3.0950037000         4.3000000000         2.0448338678         1.6253977478        18.4944465435
        3.1000045000         4.3000000000         2.0448338678         1.6840909293        18.4944465435
        3.1050062000         4.3000000000         2.0703571363         1.7657510080        19.1593197858
        3.1100054000         4.3000000000         2.0652524826         1.8295479445        19.0263451373
        3.1150030000         4.3000000000         2.0499385215         1.9010005134        18.6274211920
        3.1200050000         4.3000000000         2.0601478289         1.9750049597        18.8933704889
        3.1250472000         4.3000000000         2.0550431752         2.0413537736        18.7603958404
        3.1300062000         4.3000000000         2.0601478289         2.1179100974        18.8933704889
        3.1350037000         4.3000000000         2.0575955021         2.1817070338        18.8268831647
        3.1400063000         4.3000000000         2.0601478289         2.2633671125        18.8933704889
        3.1450323000         4.3000000000         2.0601478289         2.3373715588        18.8933704889
        3.1500043000         4.3000000000         2.0601478289         2.4139278826        18.8933704889
        3.1550047000         4.3000000000         2.0601478289         2.4802766965        18.8933704889
        3.1600047000         4.3000000000         2.0627001558         2.5517292654        18.9598578131
        3.1650054000         4.3000000000         2.0499385215         2.6180780793        18.6274211920
        3.1700035000         4.3000000000         2.0652524826         2.6971862806        19.0263451373
        3.1750041000         4.3000000000         2.0601478289         2.7762944818        18.8933704889
        3.1800357000         4.3000000000         2.0499385215         2.8375395408        18.6274211920
        3.1850120000         4.3000000000         2.0678048095         2.9140958646        19.0928324616
        3.1900057000         4.3000000000         2.0550431752         2.9778928011        18.7603958404
        3.1950052000         4.3000000000         2.0473861946         3.0518972474        18.5609338677
        3.2000052000         4.3000000000         2.0575955021         3.1259016937        18.8268831647
        3.2050072000         4.3000000000         2.0627001558         3.2024580174        18.9598578131
        3.2100058000         4.3000000000         2.0678048095         3.2764624638        19.0928324616
        3.2150048000         4.3000000000         2.0601478289         3.3581225424        18.8933704889
        3.2200034000         4.3000000000         2.0652524826         3.4244713564        19.0263451373
        3.2250050000         4.3000000000         2.0448338678         3.4882682929        18.4944465435
        3.2300043000         4.3000000000         2.0601478289         3.5673764941        18.8933704889
        3.2350062000         4.3000000000         2.0703571363         3.6464846953        19.1593197858
        3.2400043000         4.3000000000         2.0652524826         3.7179372642        19.0263451373
        3.2450045000         4.3000000000         2.0729094632         3.7893898330        19.2258071100
        3.2500033000         4.3000000000         2.0550431752         3.8582905244        18.7603958404
        3.2550039000         4.3000000000         2.0499385215         3.9220874609        18.6274211920
        3.2600143000         4.3000000000         2.0678048095         4.0011956621        19.0928324616
        3.2650050000         4.3000000000         2.0601478289         4.0777519859        18.8933704889
        3.2700051000         4.3000000000         2.0652524826         4.1364451674        19.0263451373
        3.2750040000         4.3000000000         2.0575955021         4.2232090010        18.8268831647
        3.2800052000         4.3000000000         2.0422815409         4.2844540601        18.4279592193
        3.2850049000         4.3000000000         2.0678048095         4.3635622613        19.0928324616
        3.2900034000         4.3000000000         2.0601478289         4.4350148301        18.8933704889
        3.2950053000         4.3000000000         2.0575955021         4.5090192765        18.8268831647
        3.3000065000         4.3000000000         2.0499385215         4.5804718453        18.6274211920
        3.3050068000         4.3000000000         2.0448338678         4.6544762916        18.4944465435
        3.3100054000         4.3000000000         2.0601478289         4.7310326154        18.8933704889
        3.3150126000         4.3000000000         2.0499385215         4.7973814293        18.6274211920
        3.3200304000         4.3000000000         2.0575955021         4.8841452629        18.8268831647
        3.3250070000         4.3000000000         2.0601478289         4.9581497092        18.8933704889
        3.3300044000         4.3000000000         2.0448338678         5.0091872584        18.4944465435
        3.3350040000         4.3000000000         2.0499385215         5.0015316260        18.6274211920
        3.3400065000         4.3000000000         2.0550431752         1.1022628687        18.7603958404
        3.3450049000         4.3000000000         2.0371768872        -0.0027000711        18.2949845708
        3.3500036000         4.3000000000         2.0524908483         0.0151630711        18.6939085162
        3.3550050000         4.3000000000         2.0550431752         0.0917193949        18.7603958404
        3.3600305000         4.3000000000         2.0397292141         0.1580682088        18.3614718951
        3.3650049000         4.3000000000         2.0524908483         0.2346245326        18.6939085162
        3.3700176000         4.3000000000         2.0448338678         0.3035252240        18.4944465435
        3.3750046000         4.3000000000         2.0448338678         0.3724259154        18.4944465435
        3.3800051000         4.3000000000         2.0473861946         0.4515341166        18.5609338677
        3.3850048000         4.3000000000         2.0422815409         0.5255385629        18.4279592193
        3.3900090000         4.3000000000         2.0448338678         0.6020948867        18.4944465435
        3.3950036000         4.3000000000         2.0473861946         0.6684437007        18.5609338677
        3.4000035000         4.3000000000         2.0499385215         0.7450000244        18.6274211920
        3.4050049000         4.3000000000         2.0499385215         0.8164525933        18.6274211920
        3.4100053000         4.3000000000         2.0422815409         0.8879051621        18.4279592193
        3.4150046000         4.3000000000         2.0575955021         0.9670133634        18.8268831647
        3.4200047000         4.3000000000         2.0448338678         1.0308102998        18.4944465435
        3.4250032000         4.3000000000         2.0473861946         1.1022628687        18.5609338677
        3.4300049000         4.3000000000         2.0601478289         1.1788191925        18.8933704889
        3.4350040000         4.3000000000         2.0499385215         1.2477198838        18.6274211920
        3.4400049000         4.3000000000         2.0448338678         1.3064130654        18.4944465435
        3.4450045000         4.3000000000         2.0524908483         1.3804175117        18.6939085162
        3.4500051000         4.3000000000         2.0473861946         1.4544219580        18.5609338677
        3.4550031000         4.3000000000         2.0703571363         1.5386339142        19.1593197858
        3.4600060000         4.3000000000         2.0627001558         1.6075346056        18.9598578131
        3.4650049000         4.3000000000         2.0524908483         1.6713315420        18.6939085162
        3.4700025000         4.3000000000         2.0601478289         1.7402322334        18.8933704889
        3.4750056000         4.3000000000         2.0499385215         1.8091329248        18.6274211920
        3.4800038000         4.3000000000         2.0550431752         1.8856892486        18.7603958404
        3.4850029000         4.3000000000         2.0550431752         1.9469343076        18.7603958404
        3.4900027000         4.3000000000         2.0499385215         2.0285943863        18.6274211920
        3.4950032000         4.3000000000         2.0678048095         2.1077025875        19.0928324616
        3.5000021000         4.3000000000         2.0550431752         2.1791551564        18.7603958404
        3.5050058000         4.3000000000         2.0575955021         2.2506077252        18.8268831647
        3.5100034000         4.3000000000         2.0678048095         2.3195084166        19.0928324616
        3.5150031000         4.3000000000         2.0473861946         2.3833053531        18.5609338677
        3.5200031000         4.3000000000         2.0473861946         2.4573097994        18.5609338677
        3.5250042000         4.3000000000         2.0499385215         2.5287623683        18.6274211920
        3.5300045000         4.3000000000         2.0473861946         2.6002149371        18.5609338677
        3.5350063000         4.3000000000         2.0729094632         2.6767712609        19.2258071100
        3.5400048000         4.3000000000         2.0627001558         2.7584313396        18.9598578131
        3.5450031000         4.3000000000         2.0652524826         2.8298839084        19.0263451373
        3.5500015000         4.3000000000         2.0601478289         2.8987845998        18.8933704889
        3.5550060000         4.3000000000         2.0575955021         2.9676852912        18.8268831647
        3.5600046000         4.3000000000         2.0601478289         3.0340341051        18.8933704889
        3.5650051000         4.3000000000         2.0550431752         3.1105904289        18.7603958404
        3.5700055000         4.3000000000         2.0575955021         3.1896986301        18.8268831647
        3.5750050000         4.3000000000         2.0627001558         3.2534955666        18.9598578131
        3.5800054000         4.3000000000         2.0422815409         3.3223962580        18.4279592193
        3.5850042000         4.3000000000         2.0678048095         3.3964007043        19.0928324616
        3.5900084000         4.3000000000         2.0678048095         3.4806126605        19.0928324616
        3.5950068000         4.3000000000         2.0601478289         3.5444095970        18.8933704889
        3.6000052000         4.3000000000         2.0703571363         3.6184140433        19.1593197858
        3.6050046000         4.3000000000         2.0499385215         3.6898666121        18.6274211920
        3.6100039000         4.3000000000         2.0678048095         3.7638710584        19.0928324616
        3.6150052000         4.3000000000         2.0473861946         3.8327717498        18.5609338677
        3.6200084000         4.3000000000         2.0601478289         3.9067761961        18.8933704889
        3.6250054000         4.3000000000         2.0524908483         3.9782287650        18.6939085162
        3.6300041000         4.3000000000         2.0524908483         4.0547850888        18.6939085162
        3.6350044000         4.3000000000         2.0678048095         4.1185820252        19.0928324616
        3.6400039000         4.3000000000         2.0575955021         4.1951383490        18.8268831647
        3.6450047000         4.3000000000         2.0601478289         4.2665909178        18.8933704889
        3.6500058000         4.3000000000         2.0601478289         4.3431472416        18.8933704889
        3.6550047000         4.3000000000         2.0499385215         4.4145998105        18.6274211920
        3.6600024000         4.3000000000         2.0652524826         4.4886042568        19.0263451373
        3.6650032000         4.3000000000         2.0550431752         4.5575049482        18.7603958404
        3.6700045000         4.3000000000         2.0524908483         4.6340612719        18.6939085162
        3.6750015000         4.3000000000         2.0703571363         4.7208251056        19.1593197858
        3.6800036000         4.3000000000         2.0473861946         4.7871739195        18.5609338677
        3.6850040000         4.3000000000         2.0550431752         4.8586264883        18.7603958404
        3.6900028000         4.3000000000         2.0652524826         4.9428384445        19.0263451373
        3.6950021000         4.3000000000         2.0346245604         4.9989797486        18.2284972466
        3.7000052000         4.3000000000         2.0524908483         4.9989797486        18.6939085162
        3.7050044000         4.3000000000         2.0550431752         1.1022628687        18.7603958404
        3.7100043000         4.3000000000         2.0397292141        -0.0052519485        18.3614718951
        3.7150052000         4.3000000000         2.0601478289        -0.0001481936        18.8933704889
        3.7200056000         4.3000000000         2.0627001558         0.0738562527        18.9598578131
        3.7250051000         4.3000000000         2.0550431752         0.1478606990        18.7603958404
        3.7300036000         4.3000000000         2.0473861946         0.2142095129        18.5609338677
        3.7350047000         4.3000000000         2.0499385215         0.2882139593        18.6274211920
        3.7400039000         4.3000000000         2.0422815409         0.3571146507        18.4279592193
        3.7450059000         4.3000000000         2.0524908483         0.4387747293        18.6939085162
        3.7500040000         4.3000000000         2.0524908483         0.5102272982        18.6939085162
        3.7550052000         4.3000000000         2.0499385215         0.5893354994        18.6274211920
        3.7600053000         4.3000000000         2.0422815409         0.6531324359        18.4279592193
        3.7650053000         4.3000000000         2.0422815409         0.7220331273        18.4279592193
        3.7700035000         4.3000000000         2.0524908483         0.8011413285        18.6939085162
        3.7750048000         4.3000000000         2.0652524826         0.8776976523        19.0263451373
        3.7800045000         4.3000000000         2.0524908483         0.9542539761        18.6939085162
        3.7850045000         4.3000000000         2.0346245604         1.0129471576        18.2284972466
        3.7900031000         4.3000000000         2.0524908483         1.0920553588        18.6939085162
        3.7950055000         4.3000000000         2.0550431752         1.1635079277        18.7603958404
        3.8000037000         4.3000000000         2.0397292141         1.2324086191        18.3614718951
        3.8050049000         4.3000000000         2.0499385215         1.3038611879        18.6274211920
        3.8100032000         4.3000000000         2.0601478289         1.3753137568        18.8933704889
        3.8150041000         4.3000000000         2.0524908483         1.4442144482        18.6939085162
        3.8200023000         4.3000000000         2.0627001558         1.5207707720        18.9598578131
        3.8250013000         4.3000000000         2.0703571363         1.5922233408        19.1593197858
        3.8300040000         4.3000000000         2.0627001558         1.6585721547        18.9598578131
        3.8350021000         4.3000000000         2.0550431752         1.7249209687        18.7603958404
        3.8400047000         4.3000000000         2.0524908483         1.7912697826        18.6939085162
        3.8450044000         4.3000000000         2.0499385215         1.8703779838        18.6274211920
        3.8500024000         4.3000000000         2.0550431752         1.9443824302        18.7603958404
        3.8550013000         4.3000000000         2.0729094632         2.0158349990        19.2258071100
        3.8600047000         4.3000000000         2.0575955021         2.0872875679        18.8268831647
        3.8650034000         4.3000000000         2.0473861946         2.1638438916        18.5609338677
        3.8700237000         4.3000000000         2.0652524826         2.2352964605        19.0263451373
        3.8750034000         4.3000000000         2.0601478289         2.3016452744        18.8933704889
        3.8800026000         4.3000000000         2.0575955021         2.3833053531        18.8268831647
        3.8850020000         4.3000000000         2.0729094632         2.4547579220        19.2258071100
        3.8900025000         4.3000000000         2.0524908483         2.5160029810        18.6939085162
        3.8950042000         4.3000000000         2.0627001558         2.6027668146        18.9598578131
        3.9000016000         4.3000000000         2.0729094632         2.6742193834        19.2258071100
        3.9050023000         4.3000000000         2.0678048095         2.7456719523        19.0928324616
        3.9100037000         4.3000000000         2.0678048095         2.8171245211        19.0928324616
        3.9150043000         4.3000000000         2.0652524826         2.8885770900        19.0263451373
        3.9200028000         4.3000000000         2.0601478289         2.9549259039        18.8933704889
        3.9250044000         4.3000000000         2.0805664438         3.0314822277        19.4252690827
        3.9300018000         4.3000000000         2.0703571363         3.1029347965        19.1593197858
        3.9350044000         4.3000000000         2.0678048095         3.1794911203        19.0928324616
        3.9400051000         4.3000000000         2.0678048095         3.2534955666        19.0928324616
        3.9450040000         4.3000000000         2.0575955021         3.3249481355        18.8268831647
        3.9500022000         4.3000000000         2.0831187706         3.4040563367        19.4917564069
        3.9550038000         4.3000000000         2.0703571363         3.4780607830        19.1593197858
        3.9600054000         4.3000000000         2.0601478289         3.5418577195        18.8933704889
        3.9650036000         4.3000000000         2.0627001558         3.6184140433        18.9598578131
        3.9700054000         4.3000000000         2.0550431752         3.6898666121        18.7603958404
        3.9750053000         4.3000000000         2.0627001558         3.7587673035        18.9598578131
        3.9800063000         4.3000000000         2.0627001558         3.8353236273        18.9598578131
        3.9850045000         4.3000000000         2.0601478289         3.9016724412        18.8933704889
        3.9900040000         4.3000000000         2.0575955021         3.9807806424        18.8268831647
        3.9950042000         4.3000000000         2.0499385215         4.0471294564        18.6274211920
        4.0000039000         4.3000000000         2.0550431752         4.1134782703        18.7603958404
        4.0050040000         4.3000000000         2.0652524826         4.2027939814        19.0263451373
        4.0100016000         4.3000000000         2.0601478289         4.2665909178        18.8933704889
        4.0150046000         4.3000000000         2.0601478289         4.3482509965        18.8933704889
        4.0200078000         4.3000000000         2.0397292141         4.4043923006        18.3614718951
        4.0250026000         4.3000000000         2.0652524826         4.4886042568        19.0263451373
        4.0300061000         4.3000000000         2.0448338678         4.5626087031        18.4944465435
        4.0350033000         4.3000000000         2.0601478289         4.6289575170        18.8933704889
        4.0400027000         4.3000000000         2.0575955021         4.7080657183        18.8268831647
        4.0450048000         4.3000000000         2.0397292141         4.7795182871        18.3614718951
        4.0500040000         4.3000000000         2.0601478289         4.8611783658        18.8933704889
        4.0550031000         4.3000000000         2.0550431752         4.9351828121        18.7603958404
        4.0600020000         4.3000000000         2.0473861946         4.9989797486        18.5609338677
        4.0650031000         4.3000000000         2.0627001558         5.0142910133        18.9598578131
        4.0700029000         4.3000000000         2.0422815409         1.1048147461        18.4279592193
        4.0750705000         4.3000000000         2.0499385215        -0.0001481936        18.6274211920
        4.0800030000         4.3000000000         2.0524908483         0.0100593162        18.6939085162
        4.0850044000         4.3000000000         2.0524908483         0.0662006203        18.6939085162
        4.0900049000         4.3000000000         2.0422815409         0.1325494343        18.4279592193
        4.0950017000         4.3000000000         2.0473861946         0.2116576355        18.5609338677
        4.1000060000         4.3000000000         2.0550431752         0.2933177142        18.7603958404
        4.1050043000         4.3000000000         2.0448338678         0.3596665281        18.4944465435
        4.1100056000         4.3000000000         2.0499385215         0.4413266068        18.6274211920
        4.1150035000         4.3000000000         2.0601478289         0.5102272982        18.8933704889
        4.1200074000         4.3000000000         2.0499385215         0.5765761121        18.6274211920
        4.1250045000         4.3000000000         2.0499385215         0.6480286810        18.6274211920
        4.1300034000         4.3000000000         2.0422815409         0.7169293724        18.4279592193
        4.1350037000         4.3000000000         2.0473861946         0.7909338187        18.5609338677
        4.1400026000         4.3000000000         2.0499385215         0.8674901425        18.6274211920
        4.1450067000         4.3000000000         2.0524908483         0.9440464662        18.6939085162
        4.1500072000         4.3000000000         2.0499385215         1.0129471576        18.6274211920
        4.1550032000         4.3000000000         2.0575955021         1.0843997265        18.8268831647
        4.1600058000         4.3000000000         2.0575955021         1.1635079277        18.8268831647
        4.1650065000         4.3000000000         2.0575955021         1.2247529867        18.8268831647
        4.1700053000         4.3000000000         2.0652524826         1.3064130654        19.0263451373
        4.1750058000         4.3000000000         2.0601478289         1.3753137568        18.8933704889
        4.1800148000         4.3000000000         2.0499385215         1.4416625707        18.6274211920
        4.1850066000         4.3000000000         2.0550431752         1.5105632621        18.7603958404
        4.1900038000         4.3000000000         2.0499385215         1.5794639535        18.6274211920
        4.1950046000         4.3000000000         2.0550431752         1.6534683998        18.7603958404
        4.2000056000         4.3000000000         2.0601478289         1.7249209687        18.8933704889
        4.2050058000         4.3000000000         2.0499385215         1.7912697826        18.6274211920
        4.2100052000         4.3000000000         2.0601478289         1.8729298613        18.8933704889
        4.2150073000         4.3000000000         2.0473861946         1.9316230429        18.5609338677
        4.2200041000         4.3000000000         2.0575955021         2.0081793666        18.8268831647
        4.2250047000         4.3000000000         2.0601478289         2.0796319355        18.8933704889
        4.2300073000         4.3000000000         2.0550431752         2.1536363818        18.7603958404
        4.2350049000         4.3000000000         2.0193105992         2.2276408281        17.8295733012
        4.2400042000         4.3000000000         2.0652524826         2.3041971519        19.0263451373
        4.2450050000         4.3000000000         2.0601478289         2.3679940883        18.8933704889
        4.2500030000         4.3000000000         2.0627001558         2.4368947797        18.9598578131
        4.2550054000         4.3000000000         2.0627001558         2.5236586133        18.9598578131
        4.2600041000         4.3000000000         2.0499385215         2.5823517949        18.6274211920
        4.2650046000         4.3000000000         2.0703571363         2.6640118736        19.1593197858
        4.2700049000         4.3000000000         2.0550431752         2.7278088101        18.7603958404
        4.2750063000         4.3000000000         2.0780141169         2.8094688888        19.3587817585
        4.2800029000         4.3000000000         2.0550431752         2.8707139478        18.7603958404
        4.2850040000         4.3000000000         2.0678048095         2.9498221490        19.0928324616
        4.2900028000         4.3000000000         2.0627001558         3.0263784728        18.9598578131
        4.2950054000         4.3000000000         2.0627001558         3.0978310416        18.9598578131
        4.3000052000         4.3000000000         2.0678048095         3.1718354879        19.0928324616
        4.3050054000         4.3000000000         2.0601478289         3.2356324244        18.8933704889
        4.3100313000         4.3000000000         2.0627001558         3.3172925031        18.9598578131
        4.3150023000         4.3000000000         2.0601478289         3.3861931945        18.8933704889
        4.3200023000         4.3000000000         2.0601478289         3.4627495183        18.8933704889
        4.3250023000         4.3000000000         2.0601478289         3.5367539646        18.8933704889
        4.3300902000         4.3000000000         2.0729094632         3.6056546560        19.2258071100
        4.3350034000         4.3000000000         2.0601478289         3.6796591023        18.8933704889
        4.3400026000         4.3000000000         2.0652524826         3.7562154260        19.0263451373
        4.3450058000         4.3000000000         2.0601478289         3.8174604851        18.8933704889
        4.3500040000         4.3000000000         2.0550431752         3.8914649314        18.7603958404
        4.3550047000         4.3000000000         2.0652524826         3.9680212551        19.0263451373
        4.3600040000         4.3000000000         2.0575955021         4.0369219465        18.8268831647
        4.3650029000         4.3000000000         2.0499385215         4.1083745154        18.6274211920
        4.3700038000         4.3000000000         2.0601478289         4.1849308392        18.8933704889
        4.3750064000         4.3000000000         2.0575955021         4.2563834080        18.8268831647
        4.3800023000         4.3000000000         2.0652524826         4.3354916092        19.0263451373
        4.3850021000         4.3000000000         2.0652524826         4.4094960556        19.0263451373
        4.3900709000         4.3000000000         2.0550431752         4.4809486244        18.7603958404
        4.3950029000         4.3000000000         2.0448338678         4.5472974383        18.4944465435
        4.4000013000         4.3000000000         2.0627001558         4.6187500072        18.9598578131
        4.4050073000         4.3000000000         2.0473861946         4.6953063310        18.5609338677
        4.4100067000         4.3000000000         2.0627001558         4.7769664097        18.9598578131
        4.4150055000         4.3000000000         2.0524908483         4.8458671010        18.6939085162
        4.4200116000         4.3000000000         2.0703571363         4.9351828121        19.1593197858
        4.4250042000         4.3000000000         2.0627001558         5.0066353810        18.9598578131
        4.4300016000         4.3000000000         2.0524908483         5.0066353810        18.6939085162
        4.4350058000         4.3000000000         2.0575955021         1.1099185011        18.8268831647
        4.4400044000         4.3000000000         2.0524908483         0.0024036839        18.6939085162
        4.4450059000         4.3000000000         2.0422815409        -0.0052519485        18.4279592193
        4.4500038000         4.3000000000         2.0550431752         0.0585449879        18.7603958404
        4.4550058000         4.3000000000         2.0473861946         0.1325494343        18.5609338677
        4.4600058000         4.3000000000         2.0499385215         0.2091057580        18.6274211920
        4.4650045000         4.3000000000         2.0499385215         0.2754545720        18.6274211920
        4.4700048000         4.3000000000         2.0473861946         0.3494590183        18.5609338677
        4.4750037000         4.3000000000         2.0575955021         0.4336709744        18.8268831647
        4.4800074000         4.3000000000         2.0499385215         0.5051235433        18.6274211920
        4.4850052000         4.3000000000         2.0550431752         0.5816798670        18.7603958404
        4.4900046000         4.3000000000         2.0601478289         0.6556843134        18.8933704889
        4.4950053000         4.3000000000         2.0397292141         0.7143774949        18.3614718951
        4.5000042000         4.3000000000         2.0473861946         0.7883819412        18.5609338677
        4.5050038000         4.3000000000         2.0601478289         0.8751457748        18.8933704889
        4.5100033000         4.3000000000         2.0575955021         0.9414945888        18.8268831647
        4.5150048000         4.3000000000         2.0678048095         1.0154990351        19.0928324616
        4.5200052000         4.3000000000         2.0575955021         1.0869516039        18.8268831647
        4.5250052000         4.3000000000         2.0422815409         1.1481966629        18.4279592193
        4.5300063000         4.3000000000         2.0524908483         1.2247529867        18.6939085162
        4.5350052000         4.3000000000         2.0550431752         1.3013093105        18.7603958404
        4.5400050000         4.3000000000         2.0652524826         1.3753137568        19.0263451373
        4.5450031000         4.3000000000         2.0422815409         1.4365588158        18.4279592193
        4.5500042000         4.3000000000         2.0627001558         1.5182188945        18.9598578131
        4.5550024000         4.3000000000         2.0371768872         1.5896714634        18.2949845708
        4.5600021000         4.3000000000         2.0448338678         1.6585721547        18.4944465435
        4.5650038000         4.3000000000         2.0627001558         1.7274728461        18.9598578131
        4.5700049000         4.3000000000         2.0601478289         1.7938216601        18.8933704889
        4.5750056000         4.3000000000         2.0499385215         1.8678261064        18.6274211920
        4.5800041000         4.3000000000         2.0627001558         1.9418305527        18.9598578131
        4.5850037000         4.3000000000         2.0575955021         2.0056274892        18.8268831647
        4.5900016000         4.3000000000         2.0550431752         2.0745281806        18.7603958404
        4.5950039000         4.3000000000         2.0678048095         2.1510845043        19.0928324616
        4.6000036000         4.3000000000         2.0575955021         2.2199851957        18.8268831647
        4.6050029000         4.3000000000         2.0550431752         2.2990933970        18.7603958404
        4.6100071000         4.3000000000         2.0601478289         2.3730978433        18.8933704889
        4.6150043000         4.3000000000         2.0703571363         2.4496541670        19.1593197858
        4.6200015000         4.3000000000         2.0678048095         2.5160029810        19.0928324616
        4.6250064000         4.3000000000         2.0601478289         2.5874555498        18.8933704889
        4.6300063000         4.3000000000         2.0550431752         2.6538043638        18.7603958404
        4.6350056000         4.3000000000         2.0627001558         2.7329125650        18.9598578131
        4.6400050000         4.3000000000         2.0703571363         2.8120207662        19.1593197858
        4.6450075000         4.3000000000         2.0652524826         2.8783695801        19.0263451373
        4.6500061000         4.3000000000         2.0678048095         2.9472702715        19.0928324616
        4.6550063000         4.3000000000         2.0575955021         3.0212747179        18.8268831647
        4.6600064000         4.3000000000         2.0601478289         3.1003829191        18.8933704889
        4.6650028000         4.3000000000         2.0601478289         3.1641798556        18.8933704889
        4.6700033000         4.3000000000         2.0652524826         3.2458399342        19.0263451373
        4.6750025000         4.3000000000         2.0652524826         3.3147406256        19.0263451373
        4.6800021000         4.3000000000         2.0652524826         3.3810894396        19.0263451373
        4.6850034000         4.3000000000         2.0499385215         3.4678532732        18.6274211920
        4.6900049000         4.3000000000         2.0703571363         3.5393058420        19.1593197858
        4.6950046000         4.3000000000         2.0627001558         3.6031027785        18.9598578131
        4.7000180000         4.3000000000         2.0575955021         3.6796591023        18.8268831647
        4.7050031000         4.3000000000         2.0754617901         3.7587673035        19.2922944342
        4.7100058000         4.3000000000         2.0193105992         3.8276679949        17.8295733012
        4.7150057000         4.3000000000         2.0550431752         3.8991205638        18.7603958404
        4.7200056000         4.3000000000         2.0601478289         3.9756768875        18.8933704889
        4.7250066000         4.3000000000         2.0524908483         4.0343700691        18.6939085162
        4.7300065000         4.3000000000         2.0601478289         4.1109263928        18.8933704889
        4.7350051000         4.3000000000         2.0575955021         4.1849308392        18.8268831647
        4.7400047000         4.3000000000         2.0473861946         4.2512796531        18.5609338677
        4.7450021000         4.3000000000         2.0575955021         4.3278359769        18.8268831647
        4.7500046000         4.3000000000         2.0575955021         4.3992885457        18.8268831647
        4.7550068000         4.3000000000         2.0729094632         4.4835005019        19.2258071100
        4.7600053000         4.3000000000         2.0499385215         4.5524011933        18.6274211920
        4.7650050000         4.3000000000         2.0627001558         4.6238537621        18.9598578131
        4.7700038000         4.3000000000         2.0575955021         4.7055138408        18.8268831647
        4.7750050000         4.3000000000         2.0473861946         4.7667588998        18.5609338677
        4.7800048000         4.3000000000         2.0346245604         4.8560746109        18.2284972466
        4.7850047000         4.3000000000         2.0550431752         4.9249753023        18.7603958404
        4.7900051000         4.3000000000         2.0448338678         4.9913241162        18.4944465435
        4.7950048000         4.3000000000         2.0448338678         4.9989797486        18.4944465435
        4.8000044000         4.3000000000         2.0499385215         1.1073666236        18.6274211920
        4.8050057000         4.3000000000         2.0601478289         0.0075074388        18.8933704889
        4.8100039000         4.3000000000         2.0473861946        -0.0001481936        18.5609338677
        4.8150055000         4.3000000000         2.0473861946         0.0457856007        18.5609338677
        4.8200044000         4.3000000000         2.0473861946         0.1274456793        18.5609338677
        4.8250046000         4.3000000000         2.0448338678         0.2040020031        18.4944465435
        4.8300035000         4.3000000000         2.0524908483         0.2831102043        18.6939085162
        4.8350054000         4.3000000000         2.0550431752         0.3469071408        18.7603958404
        4.8400070000         4.3000000000         2.0371768872         0.4183597097        18.2949845708
        4.8450047000         4.3000000000         2.0371768872         0.4847085236        18.2949845708
        4.8500040000         4.3000000000         2.0473861946         0.5663686023        18.5609338677
        4.8550034000         4.3000000000         2.0499385215         0.6403730486        18.6274211920
        4.8600053000         4.3000000000         2.0524908483         0.7194812498        18.6939085162
        4.8650049000         4.3000000000         2.0550431752         0.7807263088        18.7603958404
        4.8700032000         4.3000000000         2.0397292141         0.8547307552        18.3614718951
        4.8750048000         4.3000000000         2.0550431752         0.9185276916        18.7603958404
        4.8800032000         4.3000000000         2.0422815409         0.9976358929        18.4279592193
        4.8850062000         4.3000000000         2.0524908483         1.0741922166        18.6939085162
        4.8900052000         4.3000000000         2.0601478289         1.1507485404        18.8933704889
        4.8950038000         4.3000000000         2.0422815409         1.2170973543        18.4279592193
        4.9000047000         4.3000000000         2.0499385215         1.2859980457        18.6274211920
        4.9050036000         4.3000000000         2.0473861946         1.3497949822        18.5609338677
        4.9100047000         4.3000000000         2.0473861946         1.4263513060        18.5609338677
        4.9150039000         4.3000000000         2.0652524826         1.5003557523        19.0263451373
        4.9200034000         4.3000000000         2.0473861946         1.5718083211        18.5609338677
        4.9250041000         4.3000000000         2.0346245604         1.6330533802        18.2284972466
        4.9300048000         4.3000000000         2.0575955021         1.7096097039        18.8268831647
        4.9350047000         4.3000000000         2.0575955021         1.7785103953        18.8268831647
        4.9400046000         4.3000000000         2.0575955021         1.8525148416        18.8268831647
        4.9450053000         4.3000000000         2.0601478289         1.9290711654        18.8933704889
        4.9500051000         4.3000000000         2.0652524826         1.9979718568        19.0263451373
        4.9550048000         4.3000000000         2.0627001558         2.0694244256        18.9598578131
        4.9600050000         4.3000000000         2.0218629261         2.1332213621        17.8960606255
        4.9650051000         4.3000000000         2.0652524826         2.2199851957        19.0263451373
        4.9700069000         4.3000000000         2.0601478289         2.2888858871        18.8933704889
        4.9750079000         4.3000000000         2.0499385215         2.3526828236        18.6274211920
        4.9800100000         4.3000000000         2.0601478289         2.4241353924        18.8933704889
        4.9850068000         4.3000000000         2.0678048095         2.5032435937        19.0928324616
        4.9900056000         4.3000000000         2.0601478289         2.5772480400        18.8933704889
        4.9950056000         4.3000000000         2.0780141169         2.6563562412        19.3587817585
        5.0000034000         4.3000000000         2.0729094632         2.7303606875        19.2258071100
        5.0050050000         4.3000000000         2.0652524826         2.7967095015        19.0263451373
        5.0100074000         4.3000000000         2.0575955021         2.8605064379        18.8268831647
        5.0150029000         4.3000000000         2.0601478289         2.9345108842        18.8933704889
        5.0200046000         4.3000000000         2.0575955021         3.0110672080        18.8268831647
        5.0250052000         4.3000000000         2.0575955021         3.0876235318        18.8268831647
        5.0300052000         4.3000000000         2.0729094632         3.1667317330        19.2258071100
        5.0350030000         4.3000000000         2.0703571363         3.2381843019        19.1593197858
        5.0400046000         4.3000000000         2.0601478289         3.3019812383        18.8933704889
        5.0450028000         4.3000000000         2.0703571363         3.3708819297        19.1593197858
        5.0500045000         4.3000000000         2.0524908483         3.4423344986        18.6939085162
        5.0550047000         4.3000000000         2.0550431752         3.5214426998        18.7603958404
        5.0600051000         4.3000000000         2.0627001558         3.5979990236        18.9598578131
        5.0650030000         4.3000000000         2.0601478289         3.6694515924        18.8933704889
        5.0700045000         4.3000000000         2.0601478289         3.7358004064        18.8933704889
        5.0750053000         4.3000000000         2.0652524826         3.8174604851        19.0263451373
        5.0800048000         4.3000000000         2.0652524826         3.8787055441        19.0263451373
        5.0850029000         4.3000000000         2.0550431752         3.9527099904        18.7603958404
        5.0900049000         4.3000000000         2.0550431752         4.0216106818        18.7603958404
        5.0950025000         4.3000000000         2.0550431752         4.0905113732        18.7603958404
        5.1000047000         4.3000000000         2.0678048095         4.1696195744        19.0928324616
        5.1050049000         4.3000000000         2.0524908483         4.2385202658        18.6939085162
        5.1100042000         4.3000000000         2.0448338678         4.3125247121        18.4944465435
        5.1150033000         4.3000000000         2.0499385215         4.3814254035        18.6274211920
        5.1200054000         4.3000000000         2.0678048095         4.4707411146        19.0928324616
        5.1250047000         4.3000000000         2.0627001558         4.5447455609        18.9598578131
        5.1300104000         4.3000000000         2.0627001558         4.6110943748        18.9598578131
        5.1350090000         4.3000000000         2.0397292141         4.6799950662        18.3614718951
        5.1400083000         4.3000000000         2.0550431752         4.7693107773        18.7603958404
        5.1450045000         4.3000000000         2.0575955021         4.8382114687        18.8268831647
        5.1500031000         4.3000000000         2.0575955021         4.9071121601        18.8268831647
        5.1550056000         4.3000000000         2.0575955021         4.9836684838        18.8268831647
        5.1600044000         4.3000000000         2.0550431752         5.0117391359        18.7603958404
        5.1650017000         4.3000000000         2.0575955021         4.9836684838        18.8268831647
        5.1700024000         4.3000000000         2.0575955021         0.0024036839        18.8268831647
        5.1750050000         4.3000000000         2.0422815409        -0.0052519485        18.4279592193
        5.1800049000         4.3000000000         2.0473861946         0.0381299683        18.5609338677
        5.1850045000         4.3000000000         2.0473861946         0.1146862920        18.5609338677
        5.1900073000         4.3000000000         2.0371768872         0.1861388609        18.2949845708
        5.1950065000         4.3000000000         2.0473861946         0.2601433072        18.5609338677
        5.2000036000         4.3000000000         2.0499385215         0.3366996310        18.6274211920
        5.2050066000         4.3000000000         2.0473861946         0.4081521998        18.5609338677
        5.2100051000         4.3000000000         2.0499385215         0.4796047687        18.6274211920
        5.2150032000         4.3000000000         2.0371768872         0.5485054601        18.2949845708
        5.2200053000         4.3000000000         2.0397292141         0.6174061515        18.3614718951
        5.2250056000         4.3000000000         2.0550431752         0.7067218625        18.7603958404
        5.2300047000         4.3000000000         2.0524908483         0.7603112892        18.6939085162
        5.2350048000         4.3000000000         2.0397292141         0.8343157355        18.3614718951
        5.2400031000         4.3000000000         2.0524908483         0.9108720593        18.6939085162
        5.2450020000         4.3000000000         2.0371768872         0.9797727506        18.2949845708
        5.2500026000         4.3000000000         2.0422815409         1.0512253195        18.4279592193
        5.2550036000         4.3000000000         2.0499385215         1.1277816433        18.6274211920
        5.2600052000         4.3000000000         2.0524908483         1.1992342121        18.6939085162
        5.2650037000         4.3000000000         2.0397292141         1.2630311486        18.3614718951
        5.2700058000         4.3000000000         2.0397292141         1.3395874724        18.3614718951
        5.2750036000         4.3000000000         2.0575955021         1.4084881638        18.8268831647
        5.2800036000         4.3000000000         2.0550431752         1.4875963650        18.7603958404
        5.2850043000         4.3000000000         2.0601478289         1.5590489338        18.8933704889
        5.2900045000         4.3000000000         2.0550431752         1.6253977478        18.7603958404
        5.2950049000         4.3000000000         2.0473861946         1.6891946843        18.5609338677
        5.3000050000         4.3000000000         2.0575955021         1.7708547629        18.8268831647
        5.3050019000         4.3000000000         2.0627001558         1.8346516994        18.9598578131
        5.3100024000         4.3000000000         2.0575955021         1.9035523908        18.8268831647
        5.3150055000         4.3000000000         2.0550431752         1.9775568371        18.7603958404
        5.3200054000         4.3000000000         2.0575955021         2.0439056511        18.8268831647
        5.3250062000         4.3000000000         2.0524908483         2.1153582199        18.6939085162
        5.3300065000         4.3000000000         2.0473861946         2.1919145437        18.5609338677
        5.3350062000         4.3000000000         2.0678048095         2.2710227449        19.0928324616
        5.3400177000         4.3000000000         2.0601478289         2.3399234363        18.8933704889
        5.3476133000         4.3000000000         2.0652524826         2.4496541670        19.0263451373
        5.3500055000         4.3000000000         2.0601478289         2.4853804515        18.8933704889
        5.3550060000         4.3000000000         2.0601478289         2.5568330203        18.8933704889
        5.3602094000         4.3000000000         2.0524908483         2.6282855892        18.6939085162
        5.3650058000         4.3000000000         2.0703571363         2.7022900355        19.1593197858
        5.3700045000         4.3000000000         2.0575955021         2.7737426043        18.8268831647
        5.3750046000         4.3000000000         2.0627001558         2.8528508056        18.9598578131
        5.3800046000         4.3000000000         2.0780141169         2.9268552519        19.3587817585
        5.3850074000         4.3000000000         2.0550431752         2.9932040658        18.7603958404
        5.3900066000         4.3000000000         2.0575955021         3.0595528797        18.8268831647
        5.3950070000         4.3000000000         2.0652524826         3.1310054486        19.0263451373
        5.4000057000         4.3000000000         2.0601478289         3.2101136498        18.8933704889
        5.4050050000         4.3000000000         2.0524908483         3.2866699736        18.6939085162
        5.4100040000         4.3000000000         2.0627001558         3.3555706650        18.9598578131
        5.4150051000         4.3000000000         2.0601478289         3.4244713564        18.8933704889
        5.4200066000         4.3000000000         2.0575955021         3.4933720478        18.8268831647
        5.4250044000         4.3000000000         2.0499385215         3.5673764941        18.6274211920
        5.4300062000         4.3000000000         2.0244152529         3.6464846953        17.9625479497
        5.4350060000         4.3000000000         2.0473861946         3.7102816318        18.5609338677
        5.4400059000         4.3000000000         2.0601478289         3.7842860781        18.8933704889
        5.4450047000         4.3000000000         2.0601478289         3.8582905244        18.8933704889
        5.4500046000         4.3000000000         2.0550431752         3.9348468482        18.7603958404
        5.4550029000         4.3000000000         2.0652524826         4.0139550494        19.0263451373
        5.4600045000         4.3000000000         2.0499385215         4.0803038633        18.6274211920
        5.4650043000         4.3000000000         2.0703571363         4.1568601871        19.1593197858
        5.4700052000         4.3000000000         2.0601478289         4.2181052461        18.8933704889
        5.4750043000         4.3000000000         2.0652524826         4.3023172023        19.0263451373
        5.4800040000         4.3000000000         2.0499385215         4.3712178937        18.6274211920
        5.4850027000         4.3000000000         2.0601478289         4.4503260949        18.8933704889
        5.4900048000         4.3000000000         2.0524908483         4.5141230314        18.6939085162
        5.4950039000         4.3000000000         2.0652524826         4.5906793551        19.0263451373
        5.5000053000         4.3000000000         2.0422815409         4.6723394338        18.4279592193
        5.5050036000         4.3000000000         2.0575955021         4.7463438801        18.8268831647
        5.5100046000         4.3000000000         2.0448338678         4.8075889392        18.4944465435
        5.5150026000         4.3000000000         2.0524908483         4.8918008953        18.6939085162
        5.5200023000         4.3000000000         2.0550431752         4.9658053416        18.7603958404
        5.5250028000         4.3000000000         2.0575955021         5.0066353810        18.8268831647
        5.5300017000         4.3000000000         2.0499385215         5.0066353810        18.6274211920
        5.5350054000         4.3000000000         2.0499385215         1.1099185011        18.6274211920
        5.5400041000         4.3000000000         2.0550431752        -0.0001481936        18.7603958404
        5.5450033000         4.3000000000         2.0397292141         0.0202668261        18.3614718951
        5.5500034000         4.3000000000         2.0550431752         0.0866156400        18.7603958404
        5.5550033000         4.3000000000         2.0371768872         0.1580682088        18.2949845708
        5.5600044000         4.3000000000         2.0422815409         0.2422801650        18.4279592193
        5.5650034000         4.3000000000         2.0601478289         0.3213883662        18.8933704889
        5.5700740000         4.3000000000         2.0397292141         0.3902890576        18.3614718951
        5.5750039000         4.3000000000         2.0499385215         0.4642935039        18.6274211920
        5.5800017000         4.3000000000         2.0652524826         0.5382979502        19.0263451373
        5.5850027000         4.3000000000         2.0346245604         0.5995430093        18.2284972466
        5.5900040000         4.3000000000         2.0371768872         0.6709955781        18.2949845708
        5.5950024000         4.3000000000         2.0448338678         0.7450000244        18.4944465435
        5.6000033000         4.3000000000         2.0422815409         0.8215563482        18.4279592193
        5.6050456000         4.3000000000         2.0473861946         0.8853532847        18.5609338677
        5.6100052000         4.3000000000         2.0448338678         0.9619096084        18.4944465435
        5.6150030000         4.3000000000         2.0422815409         1.0359140547        18.4279592193
        5.6200089000         4.3000000000         2.0524908483         1.1150222560        18.6939085162
        5.6250034000         4.3000000000         2.0473861946         1.1737154375        18.5609338677
        5.6300041000         4.3000000000         2.0601478289         1.2579273937        18.8933704889
        5.6350048000         4.3000000000         2.0575955021         1.3293799625        18.8268831647
        5.6400036000         4.3000000000         2.0550431752         1.3931768990        18.7603958404
        5.6450050000         4.3000000000         2.0499385215         1.4646294679        18.6274211920
        5.6500063000         4.3000000000         2.0575955021         1.5335301593        18.8268831647
        5.6550081000         4.3000000000         2.0499385215         1.5973270957        18.6274211920
        5.6600035000         4.3000000000         2.0550431752         1.6789871744        18.7603958404
        5.6650047000         4.3000000000         2.0499385215         1.7453359884        18.6274211920
        5.6700043000         4.3000000000         2.0601478289         1.8193404347        18.8933704889
        5.6750052000         4.3000000000         2.0499385215         1.8856892486        18.6274211920
        5.6800058000         4.3000000000         2.0575955021         1.9520380625        18.8268831647
        5.6850048000         4.3000000000         2.0550431752         2.0260425088        18.7603958404
        5.6900031000         4.3000000000         2.0575955021         2.1051507101        18.8268831647
        5.6950060000         4.3000000000         2.0601478289         2.1817070338        18.8933704889
        5.7000048000         4.3000000000         2.0601478289         2.2506077252        18.8933704889
        5.7050046000         4.3000000000         2.0678048095         2.3297159265        19.0928324616
        5.7100046000         4.3000000000         2.0550431752         2.3935128629        18.7603958404
        5.7150066000         4.3000000000         2.0550431752         2.4598616769        18.7603958404
        5.7200041000         4.3000000000         2.0499385215         2.5287623683        18.6274211920
        5.7250046000         4.3000000000         2.0422815409         2.6027668146        18.4279592193
        5.7300053000         4.3000000000         2.0678048095         2.6844268933        19.0928324616
        5.7350051000         4.3000000000         2.0550431752         2.7431200748        18.7603958404
        5.7400030000         4.3000000000         2.0703571363         2.8273320310        19.1593197858
        5.7450053000         4.3000000000         2.0499385215         2.8987845998        18.6274211920
        5.7500051000         4.3000000000         2.0652524826         2.9753409236        19.0263451373
        5.7550049000         4.3000000000         2.0627001558         3.0467934924        18.9598578131
        5.7600048000         4.3000000000         2.0729094632         3.1259016937        19.2258071100
        5.7650051000         4.3000000000         2.0601478289         3.1794911203        18.8933704889
        5.7700030000         4.3000000000         2.0627001558         3.2637030765        18.9598578131
        5.7750056000         4.3000000000         2.0575955021         3.3351556453        18.8268831647
        5.7800060000         4.3000000000         2.0678048095         3.4015044592        19.0928324616
        5.7850077000         4.3000000000         2.0652524826         3.4908201703        19.0263451373
        5.7900054000         4.3000000000         2.0729094632         3.5520652293        19.2258071100
        5.7950055000         4.3000000000         2.0729094632         3.6260696756        19.2258071100
        5.8000053000         4.3000000000         2.0575955021         3.7000741219        18.8268831647
        5.8050053000         4.3000000000         2.0550431752         3.7715266908        18.7603958404
        5.8100039000         4.3000000000         2.0627001558         3.8404273822        18.9598578131
        5.8150044000         4.3000000000         2.0601478289         3.9169837060        18.8933704889
        5.8200196000         4.3000000000         2.0601478289         3.9909881523        18.8933704889
        5.8250047000         4.3000000000         2.0524908483         4.0598888437        18.6939085162
        5.8300049000         4.3000000000         2.0499385215         4.1262376576        18.6274211920
        5.8350053000         4.3000000000         2.0601478289         4.2104496138        18.8933704889
        5.8400048000         4.3000000000         2.0575955021         4.2767984277        18.8268831647
        5.8450044000         4.3000000000         2.0575955021         4.3482509965        18.8268831647
        5.8500046000         4.3000000000         2.0550431752         4.4248073203        18.7603958404
        5.8550029000         4.3000000000         2.0346245604         4.4911561342        18.2284972466
        5.8600042000         4.3000000000         2.0601478289         4.5804718453        18.8933704889
        5.8650031000         4.3000000000         2.0524908483         4.6468206592        18.6939085162
        5.8700050000         4.3000000000         2.0601478289         4.7208251056        18.8933704889
        5.8750050000         4.3000000000         2.0499385215         4.7897257969        18.6274211920
        5.8800039000         4.3000000000         2.0218629261         4.8713858756        17.8960606255
        5.8850032000         4.3000000000         2.0550431752         4.9377346896        18.7603958404
        5.8900049000         4.3000000000         2.0550431752         5.0117391359        18.7603958404
        5.8950033000         4.3000000000         2.0422815409         5.0066353810        18.4279592193
        5.9000073000         4.3000000000         2.0678048095         1.1124703785        19.0928324616
        5.9050061000         4.3000000000         2.0371768872        -0.0052519485        18.2949845708
        5.9100049000         4.3000000000         2.0448338678         0.0024036839        18.4944465435
        5.9150066000         4.3000000000         2.0499385215         0.0738562527        18.6274211920
        5.9200103000         4.3000000000         2.0473861946         0.1453088216        18.5609338677
        5.9250064000         4.3000000000         2.0601478289         0.2244170228        18.8933704889
        5.9300084000         4.3000000000         2.0499385215         0.3009733466        18.6274211920
        5.9350059000         4.3000000000         2.0448338678         0.3698740379        18.4944465435
        5.9400044000         4.3000000000         2.0295199066         0.4311190970        18.0955225982
        5.9450050000         4.3000000000         2.0499385215         0.5178829306        18.6274211920
        5.9500041000         4.3000000000         2.0346245604         0.5791279896        18.2284972466
        5.9550033000         4.3000000000         2.0346245604         0.6480286810        18.2284972466
        5.9600046000         4.3000000000         2.0524908483         0.7347925146        18.6939085162
        5.9650052000         4.3000000000         2.0346245604         0.7934856961        18.2284972466
        5.9700050000         4.3000000000         2.0371768872         0.8674901425        18.2949845708
        5.9750039000         4.3000000000         2.0575955021         0.9389427113        18.8268831647
        5.9800051000         4.3000000000         2.0473861946         1.0154990351        18.5609338677
        5.9850030000         4.3000000000         2.0473861946         1.0946072363        18.5609338677
        5.9900050000         4.3000000000         2.0422815409         1.1533004179        18.4279592193
        5.9950054000         4.3000000000         2.0550431752         1.2324086191        18.7603958404
        6.0000052000         4.3000000000         2.0499385215         1.2987574330        18.6274211920
        6.0050108000         4.3000000000         2.0575955021         1.3727618793        18.8268831647
        6.0100058000         4.3000000000         2.0550431752         1.4442144482        18.7603958404
        6.0150675000         4.3000000000         2.0448338678         1.5080113847        18.4944465435
        6.0200046000         4.3000000000         2.0524908483         1.5743601986        18.6939085162
        6.0250058000         4.3000000000         2.0524908483         1.6585721547        18.6939085162
        6.0300039000         4.3000000000         2.0601478289         1.7223690912        18.8933704889
        6.0350053000         4.3000000000         2.0575955021         1.7912697826        18.8268831647
        6.0400038000         4.3000000000         2.0575955021         1.8678261064        18.8268831647
        6.0450046000         4.3000000000         2.0473861946         1.9265192879        18.5609338677
        6.0500031000         4.3000000000         2.0678048095         2.0107312441        19.0928324616
        6.0550043000         4.3000000000         2.0575955021         2.0770800580        18.8268831647
        6.0600046000         4.3000000000         2.0473861946         2.1434288720        18.5609338677
        6.0650048000         4.3000000000         2.0524908483         2.2225370732        18.6939085162
        6.0700057000         4.3000000000         2.0601478289         2.3016452744        18.8933704889
        6.0750046000         4.3000000000         2.0652524826         2.3730978433        19.0263451373
        6.0800033000         4.3000000000         2.0601478289         2.4394466572        18.8933704889
        6.0850050000         4.3000000000         2.0575955021         2.5108992261        18.8268831647
        6.0900038000         4.3000000000         2.0524908483         2.5772480400        18.6939085162
        6.0950047000         4.3000000000         2.0371768872         2.6563562412        18.2949845708
        6.1000041000         4.3000000000         2.0678048095         2.7354644424        19.0928324616
        6.1050046000         4.3000000000         2.0550431752         2.7967095015        18.7603958404
        6.1100028000         4.3000000000         2.0601478289         2.8732658252        18.8933704889
        6.1150048000         4.3000000000         2.0627001558         2.9447183941        18.9598578131
        6.1200053000         4.3000000000         2.0524908483         3.0161709629        18.6939085162
        6.1250050000         4.3000000000         2.0601478289         3.0901754092        18.8933704889
        6.1300037000         4.3000000000         2.0678048095         3.1590761006        19.0928324616
        6.1350040000         4.3000000000         2.0703571363         3.2432880568        19.1593197858
        6.1400036000         4.3000000000         2.0601478289         3.3070849933        18.8933704889
        6.1450047000         4.3000000000         2.0652524826         3.3785375621        19.0263451373
        6.1500048000         4.3000000000         2.0575955021         3.4576457633        18.8268831647
        6.1550047000         4.3000000000         2.0627001558         3.5265464547        18.9598578131
        6.1600042000         4.3000000000         2.0729094632         3.6005509010        19.2258071100
        6.1650047000         4.3000000000         2.0627001558         3.6694515924        18.9598578131
        6.1700026000         4.3000000000         2.0550431752         3.7434560388        18.7603958404
        6.1750046000         4.3000000000         2.0627001558         3.8174604851        18.9598578131
        6.1805199000         4.3000000000         2.0524908483         3.8965686863        18.6939085162
        6.1850046000         4.3000000000         2.0550431752         3.9578137453        18.7603958404
        6.1900035000         4.3000000000         2.0473861946         4.0267144367        18.5609338677
        6.1950058000         4.3000000000         2.0524908483         4.1032707605        18.6939085162
        6.2000034000         4.3000000000         2.0499385215         4.1721714519        18.6274211920
        6.2050051000         4.3000000000         2.0550431752         4.2512796531        18.7603958404
        6.2100049000         4.3000000000         2.0678048095         4.3227322219        19.0928324616
        6.2150051000         4.3000000000         2.0524908483         4.3916329133        18.6939085162
        6.2200508000         4.3000000000         2.0678048095         4.4732929920        19.0928324616
        6.2250045000         4.3000000000         2.0397292141         4.5294342961        18.3614718951
        6.2300047000         4.3000000000         2.0473861946         4.6085424974        18.5609338677
        6.2350051000         4.3000000000         2.0678048095         4.6927544535        19.0928324616
        6.2400058000         4.3000000000         2.0575955021         4.7667588998        18.8268831647
        6.2450069000         4.3000000000         2.0499385215         4.8382114687        18.6274211920
        6.2501148000         4.3000000000         2.0371768872         4.9096640375        18.2949845708
        6.2550057000         4.3000000000         2.0499385215         4.9938759937        18.6274211920
        6.2600069000         4.3000000000         2.0499385215         5.0091872584        18.6274211920
        6.2650144000         4.3000000000         2.0524908483         4.9760128515        18.6939085162
        6.2700053000         4.3000000000         2.0499385215        -0.0027000711        18.6274211920
        6.2750038000         4.3000000000         2.0473861946        -0.0001481936        18.5609338677
        6.2800033000         4.3000000000         2.0550431752         0.0432337232        18.7603958404
        6.2850050000         4.3000000000         2.0524908483         0.1121344146        18.6939085162
        6.2900052000         4.3000000000         2.0397292141         0.1861388609        18.3614718951
        6.2950055000         4.3000000000         2.0448338678         0.2550395523        18.4944465435
        6.3000080000         4.3000000000         2.0550431752         0.3392515084        18.7603958404
        6.3050052000         4.3000000000         2.0499385215         0.4132559548        18.6274211920
        6.3100111000         4.3000000000         2.0371768872         0.4745010138        18.2949845708
        6.3150071000         4.3000000000         2.0499385215         0.5510573375        18.6274211920
        6.3200049000         4.3000000000         2.0550431752         0.6250617838        18.7603958404
        6.3250052000         4.3000000000         2.0473861946         0.6990662302        18.5609338677
        6.3300045000         4.3000000000         2.0601478289         0.7756225539        18.8933704889
        6.3350055000         4.3000000000         2.0422815409         0.8419713679        18.4279592193
        6.3400062000         4.3000000000         2.0550431752         0.9134239367        18.7603958404
        6.3450086000         4.3000000000         2.0499385215         0.9823246281        18.6274211920
        6.3500067000         4.3000000000         2.0575955021         1.0588809519        18.8268831647
        6.3550051000         4.3000000000         2.0524908483         1.1277816433        18.6939085162
        6.3600059000         4.3000000000         2.0397292141         1.1966823347        18.3614718951
        6.3650040000         4.3000000000         2.0550431752         1.2783424134        18.7603958404
        6.3700068000         4.3000000000         2.0448338678         1.3395874724        18.4944465435
        6.3750058000         4.3000000000         2.0550431752         1.4135919187        18.7603958404
        6.3800082000         4.3000000000         2.0575955021         1.4927001199        18.8268831647
        6.3850088000         4.3000000000         2.0550431752         1.5616008113        18.7603958404
        6.3900120000         4.3000000000         2.0550431752         1.6305015027        18.7603958404
        6.3950062000         4.3000000000         2.0678048095         1.7070578265        19.0928324616
        6.4000130000         4.3000000000         2.0575955021         1.7657510080        18.8268831647
        6.4050029000         4.3000000000         2.0601478289         1.8372035769        18.8933704889
        6.4100125000         4.3000000000         2.0499385215         1.9137599006        18.6274211920
        6.4150029000         4.3000000000         2.0575955021         1.9852124695        18.8268831647
        6.4200106000         4.3000000000         2.0678048095         2.0643206707        19.0928324616
        6.4250053000         4.3000000000         2.0601478289         2.1281176072        18.8933704889
        6.4300124000         4.3000000000         2.0652524826         2.2021220535        19.0263451373
        6.4350082000         4.3000000000         2.0473861946         2.2659189900        18.5609338677
        6.4400033000         4.3000000000         2.0550431752         2.3450271912        18.7603958404
        6.4450044000         4.3000000000         2.0550431752         2.4113760052        18.7603958404
        6.4500052000         4.3000000000         2.0575955021         2.4879323289        18.8268831647
        6.4550034000         4.3000000000         2.0627001558         2.5644886527        18.9598578131
        6.4600049000         4.3000000000         2.0601478289         2.6359412215        18.8933704889
        6.4650048000         4.3000000000         2.0601478289         2.7073937904        18.8933704889
        6.4700049000         4.3000000000         2.0678048095         2.7839501142        19.0928324616
        6.4750033000         4.3000000000         2.0524908483         2.8528508056        18.6939085162
        6.4800048000         4.3000000000         2.0678048095         2.9268552519        19.0928324616
        6.4850038000         4.3000000000         2.0575955021         2.9855484334        18.8268831647
        6.4900038000         4.3000000000         2.0499385215         3.0646566347        18.6274211920
        6.4950041000         4.3000000000         2.0627001558         3.1361092035        18.9598578131
        6.5000053000         4.3000000000         2.0473861946         3.2152174047        18.5609338677
        6.5050068000         4.3000000000         2.0703571363         3.2943256060        19.1593197858
        6.5100046000         4.3000000000         2.0627001558         3.3606744199        18.9598578131
        6.5150046000         4.3000000000         2.0729094632         3.4295751113        19.2258071100
        6.5200051000         4.3000000000         2.0524908483         3.5061314351        18.6939085162
        6.5250049000         4.3000000000         2.0601478289         3.5775840039        18.8933704889
        6.5300067000         4.3000000000         2.0601478289         3.6490365728        18.8933704889
        6.5350055000         4.3000000000         2.0627001558         3.7230410191        18.9598578131
        6.5400039000         4.3000000000         2.0575955021         3.7919417105        18.8268831647
        6.5450062000         4.3000000000         2.0575955021         3.8633942793        18.8268831647
        6.5500047000         4.3000000000         2.0550431752         3.9399506031        18.7603958404
        6.5550047000         4.3000000000         2.0499385215         4.0037475396        18.6274211920
        6.5600048000         4.3000000000         2.0703571363         4.0854076183        19.1593197858
        6.5650045000         4.3000000000         2.0627001558         4.1517564322        18.9598578131
        6.5700031000         4.3000000000         2.0601478289         4.2257608785        18.8933704889
        6.5750047000         4.3000000000         2.0678048095         4.3048690797        19.0928324616
        6.5800045000         4.3000000000         2.0448338678         4.3661141388        18.4944465435
        6.5850048000         4.3000000000         2.0678048095         4.4477742174        19.0928324616
        6.5900033000         4.3000000000         2.0524908483         4.5192267863        18.6939085162
        6.5950044000         4.3000000000         2.0601478289         4.5983349875        18.8933704889
        6.6000041000         4.3000000000         2.0550431752         4.6697875564        18.7603958404
        6.6050076000         4.3000000000         2.0473861946         4.7412401252        18.5609338677
        6.6100080000         4.3000000000         2.0652524826         4.8229002039        19.0263451373
        6.6150043000         4.3000000000         2.0601478289         4.8994565277        18.8933704889
        6.6200077000         4.3000000000         2.0473861946         4.9632534642        18.5609338677
        6.6250050000         4.3000000000         2.0422815409         4.9989797486        18.4279592193
        6.6300074000         4.3000000000         2.0524908483         5.0066353810        18.6939085162
        6.6350093000         4.3000000000         2.0601478289         1.1099185011        18.8933704889
        6.6400036000         4.3000000000         2.0575955021         0.0049555613        18.8268831647
        6.6450106000         4.3000000000         2.0397292141         0.0151630711        18.3614718951
        6.6500052000         4.3000000000         2.0167582724         0.0891675175        17.7630859770
        6.6550048000         4.3000000000         2.0346245604         0.1606200863        18.2284972466
        6.6601193000         4.3000000000         2.0448338678         0.2422801650        18.4944465435
        6.6650049000         4.3000000000         2.0601478289         0.3213883662        18.8933704889
        6.6700054000         4.3000000000         2.0499385215         0.3877371802        18.6274211920
        6.6750053000         4.3000000000         2.0371768872         0.4617416265        18.2949845708
        6.6800042000         4.3000000000         2.0575955021         0.5382979502        18.8268831647
        6.6850053000         4.3000000000         2.0422815409         0.6071986416        18.4279592193
        6.6900038000         4.3000000000         2.0422815409         0.6684437007        18.4279592193
        6.6950054000         4.3000000000         2.0550431752         0.7501037793        18.7603958404
        6.7000035000         4.3000000000         2.0397292141         0.8241082257        18.3614718951
        6.7050051000         4.3000000000         2.0422815409         0.8879051621        18.4279592193
        6.7100192000         4.3000000000         2.0499385215         0.9670133634        18.6274211920
        6.7150048000         4.3000000000         2.0499385215         1.0384659322        18.6274211920
        6.7200135000         4.3000000000         2.0524908483         1.1073666236        18.6939085162
        6.7250042000         4.3000000000         2.0422815409         1.1737154375        18.4279592193
        6.7300046000         4.3000000000         2.0473861946         1.2528236388        18.5609338677
        6.7350048000         4.3000000000         2.0550431752         1.3293799625        18.7603958404
        6.7400046000         4.3000000000         2.0575955021         1.3931768990        18.8268831647
        6.7450048000         4.3000000000         2.0473861946         1.4620775904        18.5609338677
        6.7500047000         4.3000000000         2.0499385215         1.5309782818        18.6274211920
        6.7550067000         4.3000000000         2.0652524826         1.6151902379        19.0263451373
        6.7600088000         4.3000000000         2.0499385215         1.6866428068        18.6274211920
        6.7650039000         4.3000000000         2.0601478289         1.7478878658        18.8933704889
        6.7700096000         4.3000000000         2.0550431752         1.8218923121        18.7603958404
        6.7750054000         4.3000000000         2.0422815409         1.8831373711        18.4279592193
        6.7800062000         4.3000000000         2.0550431752         1.9520380625        18.7603958404
        6.7850045000         4.3000000000         2.0524908483         2.0311462638        18.6939085162
        6.7900055000         4.3000000000         2.0575955021         2.1077025875        18.8268831647
        6.7950037000         4.3000000000         2.0550431752         2.1766032789        18.7603958404
        6.8000024000         4.3000000000         2.0627001558         2.2429520929        18.9598578131
        6.8050067000         4.3000000000         2.0550431752         2.3220602941        18.7603958404
        6.8100063000         4.3000000000         2.0448338678         2.3884091080        18.4944465435
        6.8150028000         4.3000000000         2.0550431752         2.4598616769        18.7603958404
        6.8200043000         4.3000000000         2.0550431752         2.5313142457        18.7603958404
        6.8250038000         4.3000000000         2.0550431752         2.6078705695        18.7603958404
        6.8300046000         4.3000000000         2.0678048095         2.6818750158        19.0928324616
        6.8350037000         4.3000000000         2.0601478289         2.7533275847        18.8933704889
        6.8400028000         4.3000000000         2.0550431752         2.8273320310        18.7603958404
        6.8450056000         4.3000000000         2.0703571363         2.9064402322        19.1593197858
        6.8500053000         4.3000000000         2.0678048095         2.9727890461        19.0928324616
        6.8550053000         4.3000000000         2.0703571363         3.0442416150        19.1593197858
        6.8600039000         4.3000000000         2.0729094632         3.1259016937        19.2258071100
        6.8650030000         4.3000000000         2.0575955021         3.1820429978        18.8268831647
        6.8700031000         4.3000000000         2.0575955021         3.2560474441        18.8268831647
        6.8750056000         4.3000000000         2.0652524826         3.3453631551        19.0263451373
        6.8800048000         4.3000000000         2.0754617901         3.4091600916        19.2922944342
        6.8850052000         4.3000000000         2.0575955021         3.4857164154        18.8268831647
        6.8900068000         4.3000000000         2.0601478289         3.5571689842        18.8933704889
        6.8950045000         4.3000000000         2.0703571363         3.6235177982        19.1593197858
        6.9000030000         4.3000000000         2.0524908483         3.6949703670        18.6939085162
        6.9050706000         4.3000000000         2.0499385215         3.7664229359        18.6274211920
        6.9100065000         4.3000000000         2.0729094632         3.8480830146        19.2258071100
        6.9150488000         4.3000000000         2.0575955021         3.9144318285        18.8268831647
        6.9200065000         4.3000000000         2.0575955021         3.9884362748        18.8268831647
        6.9250061000         4.3000000000         2.0601478289         4.0573369662        18.8933704889
        6.9300059000         4.3000000000         2.0601478289         4.1287895351        18.8933704889
        6.9350063000         4.3000000000         2.0627001558         4.1976902265        18.9598578131
        6.9400041000         4.3000000000         2.0601478289         4.2819021826        18.8933704889
        6.9450040000         4.3000000000         2.0473861946         4.3431472416        18.5609338677
        6.9500079000         4.3000000000         2.0524908483         4.4145998105        18.6939085162
        6.9550079000         4.3000000000         2.0499385215         4.4886042568        18.6274211920
        6.9600055000         4.3000000000         2.0627001558         4.5728162129        18.9598578131
        6.9650077000         4.3000000000         2.0601478289         4.6493725367        18.8933704889
        6.9700071000         4.3000000000         2.0550431752         4.7284807379        18.7603958404
        6.9750063000         4.3000000000         2.0448338678         4.7897257969        18.4944465435
        6.9800064000         4.3000000000         2.0473861946         4.8688339982        18.5609338677
        6.9850068000         4.3000000000         2.0678048095         4.9530459543        19.0928324616
        6.9900042000         4.3000000000         2.0422815409         4.9989797486        18.4279592193
        6.9950062000         4.3000000000         2.0371768872         4.9989797486        18.2949845708
        7.0000045000         4.3000000000         2.0524908483         1.1073666236        18.6939085162
        7.0050067000         4.3000000000         2.0397292141         0.0024036839        18.3614718951
        7.0100045000         4.3000000000         2.0499385215        -0.0001481936        18.6274211920
        7.0150067000         4.3000000000         2.0524908483         0.0687524978        18.6939085162
        7.0200062000         4.3000000000         2.0422815409         0.1427569441        18.4279592193
        7.0250058000         4.3000000000         2.0448338678         0.2193132679        18.4944465435
        7.0300056000         4.3000000000         2.0550431752         0.2907658367        18.7603958404
        7.0350062000         4.3000000000         2.0448338678         0.3647702830        18.4944465435
        7.0400066000         4.3000000000         2.0422815409         0.4311190970        18.4279592193
        7.0450106000         4.3000000000         2.0499385215         0.5127791757        18.6274211920
        7.0500060000         4.3000000000         2.0473861946         0.5867836220        18.5609338677
        7.0550061000         4.3000000000         2.0448338678         0.6582361908        18.4944465435
        7.0600098000         4.3000000000         2.0244152529         0.7220331273        17.9625479497
        7.0650061000         4.3000000000         2.0524908483         0.7985894511        18.6939085162
        7.0700072000         4.3000000000         2.0524908483         0.8700420199        18.6939085162
        7.0750126000         4.3000000000         2.0524908483         0.9465983437        18.6939085162
        7.0800031000         4.3000000000         2.0550431752         1.0206027900        18.7603958404
        7.0850047000         4.3000000000         2.0524908483         1.0895034814        18.6939085162
        7.0900046000         4.3000000000         2.0575955021         1.1609560502        18.8268831647
        7.0950042000         4.3000000000         2.0550431752         1.2273048642        18.7603958404
        7.1000059000         4.3000000000         2.0601478289         1.3038611879        18.8933704889
        7.1050135000         4.3000000000         2.0448338678         1.3651062470        18.4944465435
        7.1100199000         4.3000000000         2.0524908483         1.4467663256        18.6939085162
        7.1150059000         4.3000000000         2.0627001558         1.5182188945        18.9598578131
        7.1200030000         4.3000000000         2.0575955021         1.5845677084        18.8268831647
        7.1250042000         4.3000000000         2.0499385215         1.6560202773        18.6274211920
        7.1300425000         4.3000000000         2.0652524826         1.7274728461        19.0263451373
        7.1350090000         4.3000000000         2.0575955021         1.7989254150        18.8268831647
        7.1400049000         4.3000000000         2.0524908483         1.8627223515        18.6939085162
        7.1450053000         4.3000000000         2.0524908483         1.9341749203        18.6939085162
        7.1500049000         4.3000000000         2.0601478289         2.0030756117        18.8933704889
        7.1550049000         4.3000000000         2.0550431752         2.0821838129        18.7603958404
        7.1600271000         4.3000000000         2.0524908483         2.1485326269        18.6939085162
        7.1650055000         4.3000000000         2.0601478289         2.2250889506        18.8933704889
        7.1700061000         4.3000000000         2.0601478289         2.2914377646        18.8933704889
        7.1750041000         4.3000000000         2.0601478289         2.3730978433        18.8933704889
        7.1800064000         4.3000000000         2.0193105992         2.4445504121        17.8295733012
        7.1850054000         4.3000000000         2.0703571363         2.5185548584        19.1593197858
        7.1900109000         4.3000000000         2.0627001558         2.5925593047        18.9598578131
        7.1950091000         4.3000000000         2.0627001558         2.6538043638        18.9598578131
        7.2000059000         4.3000000000         2.0729094632         2.7354644424        19.2258071100
        7.2050039000         4.3000000000         2.0550431752         2.7992613789        18.7603958404
        7.2100079000         4.3000000000         2.0678048095         2.8834733351        19.0928324616
        7.2150052000         4.3000000000         2.0754617901         2.9574777814        19.2922944342
        7.2200060000         4.3000000000         2.0703571363         3.0340341051        19.1593197858
        7.2250052000         4.3000000000         2.0550431752         3.1003829191        18.7603958404
        7.2300075000         4.3000000000         2.0550431752         3.1641798556        18.7603958404
        7.2350063000         4.3000000000         2.0601478289         3.2432880568        18.8933704889
        7.2400076000         4.3000000000         2.0678048095         3.3198443806        19.0928324616
        7.2450072000         4.3000000000         2.0703571363         3.3938488269        19.1593197858
        7.2500075000         4.3000000000         2.0575955021         3.4601976408        18.8268831647
        7.2550046000         4.3000000000         2.0601478289         3.5342020871        18.8933704889
        7.2600047000         4.3000000000         2.0652524826         3.5954471461        19.0263451373
        7.2650073000         4.3000000000         2.0575955021         3.6847628572        18.8268831647
        7.2700049000         4.3000000000         2.0627001558         3.7511116711        18.9598578131
        7.2750047000         4.3000000000         2.0550431752         3.8225642400        18.7603958404
        7.2800047000         4.3000000000         2.0652524826         3.8965686863        19.0263451373
        7.2850066000         4.3000000000         2.0524908483         3.9654693777        18.6939085162
        7.2900050000         4.3000000000         2.0448338678         4.0318181916        18.4944465435
        7.2950031000         4.3000000000         2.0729094632         4.1160301478        19.2258071100
        7.3000046000         4.3000000000         2.0575955021         4.1823789617        18.8268831647
        7.3050039000         4.3000000000         2.0601478289         4.2589352855        18.8933704889
        7.3100049000         4.3000000000         2.0550431752         4.3201803445        18.7603958404
        7.3150041000         4.3000000000         2.0550431752         4.4043923006        18.7603958404
        7.3200056000         4.3000000000         2.0678048095         4.4707411146        19.0928324616
        7.3250048000         4.3000000000         2.0575955021         4.5524011933        18.8268831647
        7.3300052000         4.3000000000         2.0729094632         4.6264056396        19.2258071100
        7.3350033000         4.3000000000         2.0499385215         4.6953063310        18.6274211920
        7.3400125000         4.3000000000         2.0422815409         4.7693107773        18.4279592193
        7.3450063000         4.3000000000         2.0499385215         4.8509708560        18.6274211920
        7.3500031000         4.3000000000         2.0601478289         4.9224234248        18.8933704889
        7.3550265000         4.3000000000         2.0652524826         5.0015316260        19.0263451373
        7.3600049000         4.3000000000         2.0499385215         5.0015316260        18.6274211920
        7.3650080000         4.3000000000         2.0473861946         1.1022628687        18.5609338677
        7.3700103000         4.3000000000         2.0499385215        -0.0001481936        18.6274211920
        7.3750042000         4.3000000000         2.0524908483        -0.0001481936        18.6939085162
        7.3800099000         4.3000000000         2.0499385215         0.0483374781        18.6274211920
        7.3850087000         4.3000000000         2.0601478289         0.1351013117        18.8933704889
        7.3900073000         4.3000000000         2.0550431752         0.2091057580        18.7603958404
        7.3950038000         4.3000000000         2.0524908483         0.2805583269        18.6939085162
        7.4000055000         4.3000000000         2.0524908483         0.3494590183        18.6939085162
        7.4050046000         4.3000000000         2.0448338678         0.4209115871        18.4944465435
        7.4100108000         4.3000000000         2.0473861946         0.4949160334        18.5609338677
        7.4150047000         4.3000000000         2.0473861946         0.5638167248        18.5609338677
        7.4200058000         4.3000000000         2.0448338678         0.6429249261        18.4944465435
        7.4250075000         4.3000000000         2.0422815409         0.7092737400        18.4279592193
        7.4300124000         4.3000000000         2.0550431752         0.7858300638        18.7603958404
        7.4350051000         4.3000000000         2.0550431752         0.8623863875        18.7603958404
        7.4400050000         4.3000000000         2.0678048095         0.9363908338        19.0928324616
        7.4450037000         4.3000000000         2.0473861946         1.0027396478        18.5609338677
        7.4500098000         4.3000000000         2.0448338678         1.0665365843        18.4944465435
        7.4550043000         4.3000000000         2.0448338678         1.1430929080        18.4944465435
        7.4600089000         4.3000000000         2.0499385215         1.2145454769        18.6274211920
        7.4650114000         4.3000000000         2.0550431752         1.2885499232        18.7603958404
        7.4700080000         4.3000000000         2.0550431752         1.3600024920        18.7603958404
        7.4750061000         4.3000000000         2.0448338678         1.4237994285        18.4944465435
        7.4800037000         4.3000000000         2.0524908483         1.4978038748        18.6939085162
        7.4850045000         4.3000000000         2.0499385215         1.5743601986        18.6274211920
        7.4900061000         4.3000000000         2.0627001558         1.6407090125        18.9598578131
        7.4950058000         4.3000000000         2.0601478289         1.7096097039        18.8933704889
        7.5000041000         4.3000000000         2.0499385215         1.7810622728        18.6274211920
        7.5050047000         4.3000000000         2.0601478289         1.8550667191        18.8933704889
        7.5100051000         4.3000000000         2.0524908483         1.9239674105        18.6939085162
        7.5150046000         4.3000000000         2.0652524826         2.0030756117        19.0263451373
        7.5200026000         4.3000000000         2.0652524826         2.0694244256        19.0263451373
        7.5250050000         4.3000000000         2.0550431752         2.1408769945        18.7603958404
        7.5300037000         4.3000000000         2.0550431752         2.2174333183        18.7603958404
        7.5350046000         4.3000000000         2.0780141169         2.2939896420        19.3587817585
        7.5400055000         4.3000000000         2.0550431752         2.3603384560        18.7603958404
        7.5450045000         4.3000000000         2.0754617901         2.4343429023        19.2922944342
        7.5500025000         4.3000000000         2.0627001558         2.5006917162        18.9598578131
        7.5550057000         4.3000000000         2.0601478289         2.5874555498        18.8933704889
        7.5600028000         4.3000000000         2.0524908483         2.6487006088        18.6939085162
        7.5650045000         4.3000000000         2.0678048095         2.7278088101        19.0928324616
        7.5700032000         4.3000000000         2.0703571363         2.7941576240        19.1593197858
        7.5750038000         4.3000000000         2.0575955021         2.8707139478        18.8268831647
        7.5800029000         4.3000000000         2.0729094632         2.9447183941        19.2258071100
        7.5850047000         4.3000000000         2.0575955021         3.0085153306        18.8268831647
        7.5900074000         4.3000000000         2.0627001558         3.0850716543        18.9598578131
        7.5950047000         4.3000000000         2.0805664438         3.1667317330        19.4252690827
        7.6000058000         4.3000000000         2.0550431752         3.2305286695        18.7603958404
        7.6050056000         4.3000000000         2.0601478289         3.3019812383        18.8933704889
        7.6100052000         4.3000000000         2.0601478289         3.3785375621        18.8933704889
        7.6150048000         4.3000000000         2.0652524826         3.4550938859        19.0263451373
        7.6200045000         4.3000000000         2.0678048095         3.5290983322        19.0928324616
        7.6250045000         4.3000000000         2.0703571363         3.5979990236        19.1593197858
        7.6300047000         4.3000000000         2.0627001558         3.6771072248        18.9598578131
        7.6350054000         4.3000000000         2.0601478289         3.7409041613        18.8933704889
        7.6400051000         4.3000000000         2.0524908483         3.8149086076        18.6939085162
        7.6450103000         4.3000000000         2.0652524826         3.8889130539        19.0263451373
        7.6500789000         4.3000000000         2.0652524826         3.9654693777        19.0263451373
        7.6550039000         4.3000000000         2.0627001558         4.0343700691        18.9598578131
        7.6600046000         4.3000000000         2.0575955021         4.1007188830        18.8268831647
        7.6650035000         4.3000000000         2.0550431752         4.1670676969        18.7603958404
        7.6700037000         4.3000000000         2.0652524826         4.2512796531        19.0263451373
        7.6750029000         4.3000000000         2.0627001558         4.3201803445        18.9598578131
        7.6800183000         4.3000000000         2.0601478289         4.3916329133        18.8933704889
        7.6850051000         4.3000000000         2.0575955021         4.4656373597        18.8268831647
        7.6900060000         4.3000000000         2.0550431752         4.5396418060        18.7603958404
        7.6950032000         4.3000000000         2.0550431752         4.6136462523        18.7603958404
        7.7000028000         4.3000000000         2.0550431752         4.6902025760        18.7603958404
        7.7050032000         4.3000000000         2.0499385215         4.7565513900        18.6274211920
        7.7100030000         4.3000000000         2.0473861946         4.8356595912        18.5609338677
        7.7150037000         4.3000000000         2.0601478289         4.9249753023        18.8933704889
        7.7200063000         4.3000000000         2.0218629261         4.9836684838        17.8960606255
        7.7250037000         4.3000000000         2.0524908483         5.0015316260        18.6939085162
        7.7300071000         4.3000000000         2.0601478289         1.1073666236        18.8933704889
        7.7350357000         4.3000000000         2.0627001558         0.0049555613        18.9598578131
        7.7400067000         4.3000000000         2.0473861946        -0.0001481936        18.5609338677
        7.7450051000         4.3000000000         2.0473861946         0.0457856007        18.5609338677
        7.7500076000         4.3000000000         2.0575955021         0.1172381695        18.8268831647
        7.7550051000         4.3000000000         2.0422815409         0.1963463707        18.4279592193
        7.7600059000         4.3000000000         2.0448338678         0.2626951847        18.4944465435
        7.7650062000         4.3000000000         2.0601478289         0.3494590183        18.8933704889
        7.7700064000         4.3000000000         2.0397292141         0.4183597097        18.3614718951
        7.7750039000         4.3000000000         2.0473861946         0.4796047687        18.5609338677
        7.7800070000         4.3000000000         2.0524908483         0.5638167248        18.6939085162
        7.7850121000         4.3000000000         2.0422815409         0.6250617838        18.4279592193
        7.7900064000         4.3000000000         2.0193105992         0.6990662302        17.8295733012
        7.7950055000         4.3000000000         2.0601478289         0.7807263088        18.8933704889
        7.8000046000         4.3000000000         2.0448338678         0.8445232453        18.4944465435
        7.8050042000         4.3000000000         2.0550431752         0.9287352015        18.7603958404
        7.8100057000         4.3000000000         2.0499385215         0.9899802605        18.6274211920
        7.8150041000         4.3000000000         2.0550431752         1.0665365843        18.7603958404
        7.8200052000         4.3000000000         2.0448338678         1.1303335207        18.4944465435
        7.8250046000         4.3000000000         2.0448338678         1.2094417220        18.4944465435
        7.8300052000         4.3000000000         2.0601478289         1.2757905359        18.8933704889
        7.8350050000         4.3000000000         2.0499385215         1.3523468597        18.6274211920
        7.8400048000         4.3000000000         2.0499385215         1.4161437961        18.6274211920
        7.8450049000         4.3000000000         2.0575955021         1.4927001199        18.8268831647
        7.8500055000         4.3000000000         2.0652524826         1.5718083211        19.0263451373
        7.8550036000         4.3000000000         2.0499385215         1.6330533802        18.6274211920
        7.8600072000         4.3000000000         2.0575955021         1.7045059490        18.8268831647
        7.8650063000         4.3000000000         2.0678048095         1.7836141502        19.0928324616
        7.8700061000         4.3000000000         2.0575955021         1.8474110867        18.8268831647
        7.8750052000         4.3000000000         2.0575955021         1.9163117781        18.8268831647
        7.8800058000         4.3000000000         2.0550431752         1.9903162244        18.7603958404
        7.8850038000         4.3000000000         2.0729094632         2.0719763031        19.2258071100
        7.8900064000         4.3000000000         2.0601478289         2.1357732396        18.8933704889
        7.8950046000         4.3000000000         2.0575955021         2.2021220535        18.8268831647
        7.9000054000         4.3000000000         2.0550431752         2.2786783773        18.7603958404
        7.9050034000         4.3000000000         2.0678048095         2.3603384560        19.0928324616
        7.9100047000         4.3000000000         2.0678048095         2.4266872699        19.0928324616
        7.9150228000         4.3000000000         2.0703571363         2.4981398388        19.1593197858
        7.9200048000         4.3000000000         2.0601478289         2.5670405302        18.8933704889
        7.9250679000         4.3000000000         2.0652524826         2.6512524863        19.0263451373
        7.9300046000         4.3000000000         2.0678048095         2.7176013002        19.0928324616
        7.9350048000         4.3000000000         2.0652524826         2.7992613789        19.0263451373
        7.9400058000         4.3000000000         2.0550431752         2.8579545605        18.7603958404
        7.9450037000         4.3000000000         2.0780141169         2.9345108842        19.3587817585
        7.9500039000         4.3000000000         2.0473861946         3.0008596982        18.5609338677
        7.9550040000         4.3000000000         2.0524908483         3.0774160220        18.6939085162
        7.9600029000         4.3000000000         2.0780141169         3.1590761006        19.3587817585
        7.9650661000         4.3000000000         2.0652524826         3.2228730371        19.0263451373
        7.9700040000         4.3000000000         2.0652524826         3.2892218510        19.0263451373
        7.9750063000         4.3000000000         2.0601478289         3.3708819297        18.8933704889
        7.9800042000         4.3000000000         2.0524908483         3.4372307437        18.6939085162
        7.9850040000         4.3000000000         2.0627001558         3.5112351900        18.9598578131
        7.9900033000         4.3000000000         2.0652524826         3.5877915138        19.0263451373
        7.9950016000         4.3000000000         2.0627001558         3.6592440826        18.9598578131
        8.0000185000         4.3000000000         2.0678048095         3.7383522838        19.0928324616
        8.0050039000         4.3000000000         2.0499385215         3.8047010978        18.6274211920
        8.0100033000         4.3000000000         2.0703571363         3.8761536666        19.1593197858
        8.0150040000         4.3000000000         2.0499385215         3.9425024806        18.6274211920
        8.0200078000         4.3000000000         2.0703571363         4.0216106818        19.1593197858
        8.0250015000         4.3000000000         2.0627001558         4.1007188830        18.9598578131
        8.0300045000         4.3000000000         2.0601478289         4.1645158195        18.8933704889
        8.0350030000         4.3000000000         2.0627001558         4.2410721433        18.9598578131
        8.0400065000         4.3000000000         2.0575955021         4.3125247121        18.8268831647
        8.0450029000         4.3000000000         2.0575955021         4.3763216486        18.8268831647
        8.0500026000         4.3000000000         2.0703571363         4.4656373597        19.1593197858
        8.0550051000         4.3000000000         2.0422815409         4.5268824187        18.4279592193
        8.0600032000         4.3000000000         2.0601478289         4.6034387424        18.8933704889
        8.0650031000         4.3000000000         2.0601478289         4.6902025760        18.8933704889
        8.0700046000         4.3000000000         2.0524908483         4.7539995125        18.6939085162
        8.0750035000         4.3000000000         2.0703571363         4.8382114687        19.1593197858
        8.0800030000         4.3000000000         2.0371768872         4.9020084051        18.2949845708
        8.0850041000         4.3000000000         2.0575955021         4.9811166064        18.8268831647
        8.0900055000         4.3000000000         2.0601478289         5.0142910133        18.8933704889
        8.0950036000         4.3000000000         2.0550431752         4.9913241162        18.7603958404
        8.1000056000         4.3000000000         2.0601478289        -0.0052519485        18.8933704889
        8.1050026000         4.3000000000         2.0448338678         0.0024036839        18.4944465435
        8.1100030000         4.3000000000         2.0473861946         0.0381299683        18.5609338677
        8.1150052000         4.3000000000         2.0575955021         0.1172381695        18.8268831647
        8.1200030000         4.3000000000         2.0397292141         0.1835869834        18.3614718951
        8.1250023000         4.3000000000         2.0473861946         0.2575914298        18.5609338677
        8.1300055000         4.3000000000         2.0524908483         0.3315958761        18.6939085162
        8.1350045000         4.3000000000         2.0499385215         0.4132559548        18.6274211920
        8.1400051000         4.3000000000         2.0473861946         0.4719491363        18.5609338677
        8.1450037000         4.3000000000         2.0524908483         0.5536092150        18.6939085162
        8.1500027000         4.3000000000         2.0473861946         0.6225099064        18.5609338677
        8.1550015000         4.3000000000         2.0550431752         0.7016181076        18.7603958404
        8.1600031000         4.3000000000         2.0550431752         0.7705187990        18.7603958404
        8.1650045000         4.3000000000         2.0473861946         0.8419713679        18.5609338677
        8.1700236000         4.3000000000         2.0524908483         0.9185276916        18.6939085162
        8.1750057000         4.3000000000         2.0499385215         0.9899802605        18.6274211920
        8.1801267000         4.3000000000         2.0601478289         1.0614328293        18.8933704889
        8.1850065000         4.3000000000         2.0550431752         1.1354372756        18.7603958404
        8.1900060000         4.3000000000         2.0575955021         1.2068898445        18.8268831647
        8.1950050000         4.3000000000         2.0627001558         1.2757905359        18.9598578131
        8.2000062000         4.3000000000         2.0550431752         1.3421393498        18.7603958404
        8.2050049000         4.3000000000         2.0678048095         1.4237994285        19.0928324616
        8.2100065000         4.3000000000         2.0601478289         1.4850444875        18.8933704889
        8.2150056000         4.3000000000         2.0678048095         1.5667045662        19.0928324616
        8.2200049000         4.3000000000         2.0575955021         1.6356052576        18.8268831647
        8.2250042000         4.3000000000         2.0473861946         1.6968503166        18.5609338677
        8.2300050000         4.3000000000         2.0703571363         1.7759585179        19.1593197858
        8.2350051000         4.3000000000         2.0703571363         1.8474110867        19.1593197858
        8.2400059000         4.3000000000         2.0601478289         1.9188636556        18.8933704889
        8.2450055000         4.3000000000         2.0601478289         1.9852124695        18.8933704889
        8.2500063000         4.3000000000         2.0652524826         2.0643206707        19.0263451373
        8.2550040000         4.3000000000         2.0652524826         2.1357732396        19.0263451373
        8.2600068000         4.3000000000         2.0678048095         2.2123295633        19.0928324616
        8.2650059000         4.3000000000         2.0754617901         2.2812302547        19.2922944342
        8.2700059000         4.3000000000         2.0550431752         2.3501309461        18.7603958404
        8.2750059000         4.3000000000         2.0678048095         2.4394466572        19.0928324616
        8.2800056000         4.3000000000         2.0729094632         2.5083473486        19.2258071100
        8.2850055000         4.3000000000         2.0550431752         2.5695924076        18.7603958404
        8.2900060000         4.3000000000         2.0627001558         2.6461487314        18.9598578131
        8.2950041000         4.3000000000         2.0678048095         2.7227050552        19.0928324616
        8.3000059000         4.3000000000         2.0601478289         2.7992613789        18.8933704889
        8.3050076000         4.3000000000         2.0652524826         2.8681620703        19.0263451373
        8.3100066000         4.3000000000         2.0780141169         2.9345108842        19.3587817585
        8.3150067000         4.3000000000         2.0601478289         3.0085153306        18.8933704889
        8.3200064000         4.3000000000         2.0601478289         3.0901754092        18.8933704889
        8.3250047000         4.3000000000         2.0703571363         3.1641798556        19.1593197858
        8.3300046000         4.3000000000         2.0729094632         3.2407361793        19.2258071100
        8.3350030000         4.3000000000         2.0601478289         3.3019812383        18.8933704889
        8.3400050000         4.3000000000         2.0703571363         3.3708819297        19.1593197858
        8.3450031000         4.3000000000         2.0575955021         3.4448863760        18.8268831647
        8.3500054000         4.3000000000         2.0627001558         3.5214426998        18.9598578131
        8.3550054000         4.3000000000         2.0678048095         3.5954471461        19.0928324616
        8.3600056000         4.3000000000         2.0729094632         3.6745553474        19.2258071100
        8.3650035000         4.3000000000         2.0703571363         3.7460079162        19.1593197858
        8.3700051000         4.3000000000         2.0652524826         3.8174604851        19.0263451373
        8.3750081000         4.3000000000         2.0627001558         3.8914649314        18.9598578131
        8.3800070000         4.3000000000         2.0575955021         3.9552618679        18.8268831647
        8.3850064000         4.3000000000         2.0754617901         4.0420257015        19.2922944342
        8.3900110000         4.3000000000         2.0601478289         4.0981670056        18.8933704889
        8.3950040000         4.3000000000         2.0269675798         4.1747233293        18.0290352739
        8.4000124000         4.3000000000         2.0601478289         4.2512796531        18.8933704889
        8.4050052000         4.3000000000         2.0601478289         4.3201803445        18.8933704889
        8.4100079000         4.3000000000         2.0627001558         4.4069441781        18.9598578131
        8.4150057000         4.3000000000         2.0652524826         4.4758448695        19.0263451373
        8.4200071000         4.3000000000         2.0703571363         4.5549530707        19.1593197858
        8.4250066000         4.3000000000         2.0601478289         4.6187500072        18.8933704889
        8.4300070000         4.3000000000         2.0652524826         4.6953063310        19.0263451373
        8.4350068000         4.3000000000         2.0575955021         4.7744145322        18.8268831647
        8.4400074000         4.3000000000         2.0601478289         4.8535227334        18.8933704889
        8.4450051000         4.3000000000         2.0678048095         4.9249753023        19.0928324616
        8.4500095000         4.3000000000         2.0499385215         4.9964278711        18.6274211920
        8.4550553000         4.3000000000         2.0448338678         5.0015316260        18.4944465435
        8.4600049000         4.3000000000         2.0703571363         1.1175741334        19.1593197858
        8.4650061000         4.3000000000         2.0550431752         0.0024036839        18.7603958404
        8.4700050000         4.3000000000         2.0218629261        -0.0052519485        17.8960606255
        8.4750083000         4.3000000000         2.0678048095         0.0610968654        19.0928324616
        8.4800079000         4.3000000000         2.0448338678         0.1351013117        18.4944465435
        8.4850082000         4.3000000000         2.0550431752         0.2091057580        18.7603958404
        8.4900059000         4.3000000000         2.0550431752         0.2754545720        18.7603958404
        8.4950063000         4.3000000000         2.0473861946         0.3469071408        18.5609338677
        8.5000042000         4.3000000000         2.0575955021         0.4336709744        18.8268831647
        8.5050077000         4.3000000000         2.0473861946         0.5025716658        18.5609338677
        8.5100073000         4.3000000000         2.0397292141         0.5663686023        18.3614718951
        8.5150065000         4.3000000000         2.0473861946         0.6378211711        18.5609338677
        8.5200033000         4.3000000000         2.0371768872         0.7118256175        18.2949845708
        8.5250040000         4.3000000000         2.0601478289         0.7909338187        18.8933704889
        8.5300035000         4.3000000000         2.0499385215         0.8700420199        18.6274211920
        8.5350028000         4.3000000000         2.0524908483         0.9338389564        18.6939085162
        8.5400044000         4.3000000000         2.0550431752         1.0052915252        18.7603958404
        8.5450049000         4.3000000000         2.0601478289         1.0895034814        18.8933704889
        8.5500054000         4.3000000000         2.0524908483         1.1456447855        18.6939085162
        8.5550045000         4.3000000000         2.0575955021         1.2222011093        18.8268831647
        8.5600051000         4.3000000000         2.0499385215         1.2962055556        18.6274211920
        8.5650050000         4.3000000000         2.0550431752         1.3625543695        18.7603958404
        8.5700044000         4.3000000000         2.0575955021         1.4442144482        18.8268831647
        8.5750049000         4.3000000000         2.0550431752         1.5080113847        18.7603958404
        8.5800048000         4.3000000000         2.0652524826         1.5769120761        19.0263451373
        8.5850047000         4.3000000000         2.0499385215         1.6432608900        18.6274211920
        8.5900051000         4.3000000000         2.0678048095         1.7300247236        19.0928324616
        8.5950066000         4.3000000000         2.0575955021         1.7861660277        18.8268831647
        8.6000030000         4.3000000000         2.0575955021         1.8652742289        18.8268831647
        8.6050105000         4.3000000000         2.0575955021         1.9290711654        18.8268831647
        8.6100123000         4.3000000000         2.0678048095         2.0158349990        19.0928324616
        8.6150039000         4.3000000000         2.0678048095         2.0847356904        19.0928324616
        8.6200054000         4.3000000000         2.0524908483         2.1510845043        18.6939085162
        8.6250128000         4.3000000000         2.0678048095         2.2250889506        19.0928324616
        8.6300052000         4.3000000000         2.0678048095         2.2965415195        19.0928324616
        8.6350120000         4.3000000000         2.0601478289         2.3705459658        18.8933704889
        8.6400083000         4.3000000000         2.0627001558         2.4445504121        18.9598578131
        8.6450087000         4.3000000000         2.0601478289         2.5083473486        18.8933704889
        8.6500075000         4.3000000000         2.0575955021         2.5849036724        18.8268831647
        8.6550080000         4.3000000000         2.0805664438         2.6665637511        19.4252690827
        8.6600054000         4.3000000000         2.0754617901         2.7303606875        19.2922944342
        8.6650053000         4.3000000000         2.0550431752         2.8043651338        18.7603958404
        8.6700048000         4.3000000000         2.0601478289         2.8732658252        18.8933704889
        8.6750058000         4.3000000000         2.0652524826         2.9523740265        19.0263451373
        8.6800059000         4.3000000000         2.0703571363         3.0263784728        19.1593197858
        8.6850054000         4.3000000000         2.0729094632         3.1029347965        19.2258071100
        8.6900028000         4.3000000000         2.0601478289         3.1641798556        18.8933704889
        8.6950188000         4.3000000000         2.0703571363         3.2483918117        19.1593197858
        8.7000054000         4.3000000000         2.0601478289         3.3121887482        18.8933704889
        8.7050048000         4.3000000000         2.0703571363         3.3836413170        19.1593197858
        8.7100038000         4.3000000000         2.0729094632         3.4627495183        19.2258071100
        8.7150031000         4.3000000000         2.0652524826         3.5444095970        19.0263451373
        8.7200029000         4.3000000000         2.0652524826         3.6082065334        19.0263451373
        8.7250057000         4.3000000000         2.0627001558         3.6898666121        18.9598578131
        8.7300052000         4.3000000000         2.0703571363         3.7613191810        19.1593197858
        8.7350052000         4.3000000000         2.0678048095         3.8302198724        19.0928324616
        8.7400060000         4.3000000000         2.0601478289         3.8965686863        18.8933704889
        8.7450051000         4.3000000000         2.0575955021         3.9756768875        18.8268831647
        8.7500060000         4.3000000000         2.0601478289         4.0471294564        18.8933704889
        8.7550064000         4.3000000000         2.0678048095         4.1185820252        19.0928324616
        8.7600236000         4.3000000000         2.0524908483         4.1849308392        18.6939085162
        8.7650049000         4.3000000000         2.0627001558         4.2665909178        18.9598578131
        8.7700045000         4.3000000000         2.0627001558         4.3431472416        18.9598578131
        8.7750044000         4.3000000000         2.0499385215         4.4094960556        18.6274211920
        8.7800030000         4.3000000000         2.0652524826         4.4783967469        19.0263451373
        8.7850046000         4.3000000000         2.0499385215         4.5524011933        18.6274211920
        8.7900643000         4.3000000000         2.0601478289         4.6366131494        18.8933704889
        8.7950050000         4.3000000000         2.0550431752         4.7029619633        18.7603958404
        8.8000046000         4.3000000000         2.0473861946         4.7846220420        18.5609338677
        8.8050045000         4.3000000000         2.0678048095         4.8662821207        19.0928324616
        8.8100046000         4.3000000000         2.0678048095         4.9453903219        19.0928324616
        8.8150029000         4.3000000000         2.0473861946         5.0091872584        18.5609338677
        8.8200048000         4.3000000000         2.0499385215         5.0015316260        18.6274211920
        8.8250036000         4.3000000000         2.0473861946         1.1048147461        18.5609338677
        8.8300046000         4.3000000000         2.0499385215         0.0024036839        18.6274211920
        8.8350061000         4.3000000000         2.0601478289         0.0100593162        18.8933704889
        8.8400053000         4.3000000000         2.0601478289         0.0662006203        18.8933704889
        8.8450037000         4.3000000000         2.0601478289         0.1504125765        18.8933704889
        8.8500053000         4.3000000000         2.0473861946         0.2142095129        18.5609338677
        8.8550035000         4.3000000000         2.0601478289         0.2933177142        18.8933704889
        8.8600047000         4.3000000000         2.0550431752         0.3622184056        18.7603958404
        8.8650035000         4.3000000000         2.0524908483         0.4413266068        18.6939085162
        8.8700050000         4.3000000000         2.0601478289         0.5076754207        18.8933704889
        8.8750041000         4.3000000000         2.0499385215         0.5842317445        18.6274211920
        8.8800045000         4.3000000000         2.0397292141         0.6582361908        18.3614718951
        8.8850032000         4.3000000000         2.0422815409         0.7220331273        18.4279592193
        8.8900047000         4.3000000000         2.0627001558         0.8011413285        18.9598578131
        8.8950035000         4.3000000000         2.0524908483         0.8751457748        18.6939085162
        8.9000059000         4.3000000000         2.0601478289         0.9517020986        18.8933704889
        8.9050066000         4.3000000000         2.0499385215         1.0180509125        18.6274211920
        8.9100053000         4.3000000000         2.0575955021         1.0895034814        18.8268831647
        8.9150041000         4.3000000000         2.0473861946         1.1558522953        18.5609338677
        8.9200047000         4.3000000000         2.0575955021         1.2324086191        18.8268831647
        8.9250033000         4.3000000000         2.0524908483         1.3013093105        18.6939085162
        8.9300052000         4.3000000000         2.0550431752         1.3753137568        18.7603958404
        8.9350035000         4.3000000000         2.0524908483         1.4518700806        18.6939085162
        8.9400047000         4.3000000000         2.0524908483         1.5131151396        18.6939085162
        8.9450050000         4.3000000000         2.0575955021         1.5973270957        18.8268831647
        8.9500053000         4.3000000000         2.0550431752         1.6560202773        18.7603958404
        8.9550045000         4.3000000000         2.0652524826         1.7376803560        19.0263451373
        8.9600035000         4.3000000000         2.0601478289         1.8065810474        18.8933704889
        8.9650051000         4.3000000000         2.0575955021         1.8678261064        18.8268831647
        8.9700047000         4.3000000000         2.0524908483         1.9443824302        18.6939085162
        8.9750032000         4.3000000000         2.0601478289         2.0158349990        18.8933704889
        8.9800062000         4.3000000000         2.0601478289         2.0898394453        18.8933704889
        8.9850048000         4.3000000000         2.0601478289         2.1638438916        18.8933704889
        8.9900050000         4.3000000000         2.0550431752         2.2276408281        18.7603958404
        8.9950038000         4.3000000000         2.0550431752         2.3041971519        18.7603958404
        9.0000071000         4.3000000000         2.0601478289         2.3782015982        18.8933704889
        9.0050052000         4.3000000000         2.0678048095         2.4547579220        19.0928324616
        9.0100031000         4.3000000000         2.0550431752         2.5211067359        18.7603958404
        9.0150051000         4.3000000000         2.0422815409         2.5874555498        18.4279592193
        9.0200071000         4.3000000000         2.0729094632         2.6767712609        19.2258071100
        9.0250031000         4.3000000000         2.0678048095         2.7456719523        19.0928324616
        9.0300074000         4.3000000000         2.0703571363         2.8120207662        19.1593197858
        9.0350061000         4.3000000000         2.0627001558         2.8936808449        18.9598578131
        9.0400063000         4.3000000000         2.0601478289         2.9574777814        18.8933704889
        9.0450041000         4.3000000000         2.0754617901         3.0340341051        19.2922944342
        9.0500067000         4.3000000000         2.0601478289         3.1029347965        18.8933704889
        9.0550479000         4.3000000000         2.0703571363         3.1769392429        19.1593197858
        9.0600072000         4.3000000000         2.0575955021         3.2509436892        18.8268831647
        9.0650066000         4.3000000000         2.0601478289         3.3249481355        18.8933704889
        9.0700075000         4.3000000000         2.0678048095         3.3836413170        19.0928324616
        9.0750075000         4.3000000000         2.0601478289         3.4653013957        18.8933704889
        9.0800063000         4.3000000000         2.0754617901         3.5444095970        19.2922944342
        9.0850060000         4.3000000000         2.0550431752         3.6056546560        18.7603958404
        9.0900050000         4.3000000000         2.0499385215         3.6822109797        18.6274211920
        9.0950061000         4.3000000000         2.0652524826         3.7664229359        19.0263451373
        9.1000056000         4.3000000000         2.0652524826         3.8276679949        19.0263451373
        9.1050057000         4.3000000000         2.0805664438         3.9067761961        19.4252690827
        9.1100050000         4.3000000000         2.0499385215         3.9756768875        18.6274211920
        9.1150047000         4.3000000000         2.0601478289         4.0522332113        18.8933704889
        9.1200067000         4.3000000000         2.0550431752         4.1134782703        18.7603958404
        9.1250059000         4.3000000000         2.0601478289         4.1900345941        18.8933704889
        9.1300036000         4.3000000000         2.0652524826         4.2614871629        19.0263451373
        9.1350047000         4.3000000000         2.0575955021         4.3380434867        18.8268831647
        9.1400060000         4.3000000000         2.0550431752         4.4171516879        18.7603958404
        9.1450050000         4.3000000000         2.0601478289         4.4835005019        18.8933704889
        9.1500122000         4.3000000000         2.0575955021         4.5498493158        18.8268831647
        9.1550051000         4.3000000000         2.0601478289         4.6289575170        18.8933704889
        9.1600050000         4.3000000000         2.0550431752         4.6978582084        18.7603958404
        9.1650046000         4.3000000000         2.0601478289         4.7871739195        18.8933704889
        9.1700050000         4.3000000000         2.0601478289         4.8637302433        18.8933704889
        9.1750046000         4.3000000000         2.0652524826         4.9402865670        19.0263451373
        9.1800056000         4.3000000000         2.0499385215         5.0040835035        18.6274211920
        9.1850055000         4.3000000000         2.0524908483         4.9989797486        18.6939085162
        9.1900038000         4.3000000000         2.0524908483         1.1099185011        18.6939085162
        9.1950057000         4.3000000000         2.0550431752         0.0100593162        18.7603958404
        9.2000053000         4.3000000000         2.0448338678         0.0049555613        18.4944465435
        9.2050065000         4.3000000000         2.0473861946         0.0534412330        18.5609338677
        9.2100066000         4.3000000000         2.0627001558         0.1376531892        18.9598578131
        9.2150066000         4.3000000000         2.0473861946         0.2065538806        18.5609338677
        9.2200049000         4.3000000000         2.0524908483         0.2805583269        18.6939085162
        9.2250060000         4.3000000000         2.0499385215         0.3596665281        18.6274211920
        9.2300076000         4.3000000000         2.0371768872         0.4234634646        18.2949845708
        9.2350068000         4.3000000000         2.0575955021         0.5025716658        18.8268831647
        9.2400066000         4.3000000000         2.0601478289         0.5816798670        18.8933704889
        9.2450061000         4.3000000000         2.0575955021         0.6531324359        18.8268831647
        9.2500042000         4.3000000000         2.0448338678         0.7169293724        18.4944465435
        9.2550064000         4.3000000000         2.0448338678         0.7883819412        18.4944465435
        9.2600056000         4.3000000000         2.0473861946         0.8649382650        18.5609338677
        9.2650058000         4.3000000000         2.0575955021         0.9363908338        18.8268831647
        9.2700053000         4.3000000000         2.0550431752         1.0129471576        18.7603958404
        9.2750066000         4.3000000000         2.0550431752         1.0869516039        18.7603958404
        9.2800049000         4.3000000000         2.0473861946         1.1533004179        18.5609338677
        9.2850100000         4.3000000000         2.0550431752         1.2247529867        18.7603958404
        9.2900049000         4.3000000000         2.0627001558         1.2962055556        18.9598578131
        9.2950050000         4.3000000000         2.0652524826         1.3727618793        19.0263451373
        9.3000057000         4.3000000000         2.0575955021         1.4467663256        18.8268831647
        9.3050088000         4.3000000000         2.0550431752         1.5105632621        18.7603958404
        9.3100124000         4.3000000000         2.0575955021         1.5820158310        18.8268831647
        9.3150121000         4.3000000000         2.0601478289         1.6636759097        18.8933704889
        9.3200030000         4.3000000000         2.0729094632         1.7274728461        19.2258071100
        9.3250070000         4.3000000000         2.0627001558         1.8014772924        18.9598578131
        9.3300059000         4.3000000000         2.0422815409         1.8576185965        18.4279592193
        9.3350056000         4.3000000000         2.0601478289         1.9418305527        18.8933704889
        9.3400049000         4.3000000000         2.0652524826         2.0056274892        19.0263451373
        9.3450046000         4.3000000000         2.0652524826         2.0796319355        19.0263451373
        9.3500049000         4.3000000000         2.0678048095         2.1587401367        19.0928324616
        9.3550030000         4.3000000000         2.0601478289         2.2276408281        18.8933704889
        9.3600046000         4.3000000000         2.0627001558         2.3041971519        18.9598578131
        9.3650038000         4.3000000000         2.0575955021         2.3628903334        18.8268831647
        9.3700047000         4.3000000000         2.0805664438         2.4471022896        19.4252690827
        9.3750048000         4.3000000000         2.0627001558         2.5185548584        18.9598578131
        9.3800044000         4.3000000000         2.0550431752         2.5772480400        18.7603958404
        9.3850042000         4.3000000000         2.0627001558         2.6614599961        18.9598578131
        9.3900049000         4.3000000000         2.0678048095         2.7303606875        19.0928324616
        9.3950047000         4.3000000000         2.0422815409         2.8094688888        18.4279592193
        9.4000040000         4.3000000000         2.0627001558         2.8809214576        18.9598578131
        9.4050030000         4.3000000000         2.0754617901         2.9600296588        19.2922944342
        9.4100049000         4.3000000000         2.0575955021         3.0212747179        18.8268831647
        9.4150058000         4.3000000000         2.0678048095         3.1080385515        19.0928324616
        9.4200046000         4.3000000000         2.0627001558         3.1641798556        18.9598578131
        9.4250031000         4.3000000000         2.0780141169         3.2432880568        19.3587817585
        9.4300055000         4.3000000000         2.0652524826         3.3249481355        19.0263451373
        9.4350038000         4.3000000000         2.0601478289         3.3887450720        18.8933704889
        9.4400046000         4.3000000000         2.0601478289         3.4653013957        18.8933704889
        9.4450051000         4.3000000000         2.0575955021         3.5367539646        18.8268831647
        9.4500050000         4.3000000000         2.0754617901         3.6107584109        19.2922944342
        9.4550036000         4.3000000000         2.0575955021         3.6847628572        18.8268831647
        9.4600049000         4.3000000000         2.0575955021         3.7587673035        18.8268831647
        9.4650041000         4.3000000000         2.0678048095         3.8327717498        19.0928324616
        9.4700053000         4.3000000000         2.0627001558         3.8991205638        18.9598578131
        9.4750053000         4.3000000000         2.0601478289         3.9654693777        18.8933704889
        9.4800050000         4.3000000000         2.0448338678         4.0369219465        18.4944465435
        9.4850046000         4.3000000000         2.0627001558         4.1211339027        18.9598578131
        9.4900052000         4.3000000000         2.0550431752         4.1798270842        18.7603958404
        9.4950034000         4.3000000000         2.0601478289         4.2589352855        18.8933704889
        9.5000052000         4.3000000000         2.0601478289         4.3354916092        18.8933704889
        9.5050058000         4.3000000000         2.0601478289         4.4094960556        18.8933704889
        9.5100065000         4.3000000000         2.0652524826         4.4835005019        19.0263451373
        9.5150047000         4.3000000000         2.0473861946         4.5575049482        18.5609338677
        9.5200048000         4.3000000000         2.0601478289         4.6213018847        18.8933704889
        9.5250055000         4.3000000000         2.0627001558         4.7106175957        18.9598578131
        9.5300061000         4.3000000000         2.0627001558         4.7795182871        18.9598578131
        9.5350059000         4.3000000000         2.0524908483         4.8535227334        18.6939085162
        9.5400060000         4.3000000000         2.0678048095         4.9377346896        19.0928324616
        9.5450056000         4.3000000000         2.0601478289         5.0066353810        18.8933704889
        9.5500066000         4.3000000000         2.0039966381         5.0015316260        17.4306493559
        9.5550060000         4.3000000000         2.0678048095         1.1150222560        19.0928324616
        9.5600063000         4.3000000000         2.0499385215        -0.0001481936        18.6274211920
        9.5650032000         4.3000000000         2.0397292141        -0.0052519485        18.3614718951
        9.5700061000         4.3000000000         2.0524908483         0.0559931105        18.6939085162
        9.5750058000         4.3000000000         2.0499385215         0.1351013117        18.6274211920
        9.5800063000         4.3000000000         2.0499385215         0.2091057580        18.6274211920
        9.5850045000         4.3000000000         2.0652524826         0.2907658367        19.0263451373
        9.5900070000         4.3000000000         2.0499385215         0.3596665281        18.6274211920
        9.5950042000         4.3000000000         2.0499385215         0.4311190970        18.6274211920
        9.6000126000         4.3000000000         2.0448338678         0.5051235433        18.4944465435
        9.6050072000         4.3000000000         2.0448338678         0.5842317445        18.4944465435
        9.6100053000         4.3000000000         2.0575955021         0.6480286810        18.8268831647
        9.6150096000         4.3000000000         2.0346245604         0.7169293724        18.2284972466
        9.6200091000         4.3000000000         2.0499385215         0.7934856961        18.6274211920
        9.6250049000         4.3000000000         2.0550431752         0.8751457748        18.7603958404
        9.6300283000         4.3000000000         2.0627001558         0.9440464662        18.9598578131
        9.6350044000         4.3000000000         2.0550431752         1.0129471576        18.7603958404
        9.6400034000         4.3000000000         2.0627001558         1.0843997265        18.9598578131
        9.6450108000         4.3000000000         2.0397292141         1.1507485404        18.3614718951
        9.6500127000         4.3000000000         2.0550431752         1.2273048642        18.7603958404
        9.6550029000         4.3000000000         2.0575955021         1.2962055556        18.8268831647
        9.6600102000         4.3000000000         2.0575955021         1.3702100019        18.8268831647
        9.6650049000         4.3000000000         2.0473861946         1.4365588158        18.5609338677
        9.6700053000         4.3000000000         2.0601478289         1.5080113847        18.8933704889
        9.6750047000         4.3000000000         2.0524908483         1.5845677084        18.6939085162
        9.6800035000         4.3000000000         2.0422815409         1.6483646449        18.4279592193
        9.6850048000         4.3000000000         2.0601478289         1.7172653363        18.8933704889
        9.6900058000         4.3000000000         2.0678048095         1.7938216601        19.0928324616
        9.6950072000         4.3000000000         2.0575955021         1.8678261064        18.8268831647
        9.7000068000         4.3000000000         2.0473861946         1.9367267978        18.5609338677
        9.7050071000         4.3000000000         2.0678048095         2.0107312441        19.0928324616
        9.7100041000         4.3000000000         2.0575955021         2.0770800580        18.8268831647
        9.7150053000         4.3000000000         2.0703571363         2.1561882593        19.1593197858
        9.7200060000         4.3000000000         2.0652524826         2.2276408281        19.0263451373
        9.7250048000         4.3000000000         2.0678048095         2.3041971519        19.0928324616
        9.7300045000         4.3000000000         2.0524908483         2.3654422109        18.6939085162
        9.7350056000         4.3000000000         2.0652524826         2.4496541670        19.0263451373
        9.7400058000         4.3000000000         2.0652524826         2.5108992261        19.0263451373
        9.7450049000         4.3000000000         2.0601478289         2.5849036724        18.8933704889
        9.7500036000         4.3000000000         2.0703571363         2.6691156285        19.1593197858
        9.7550046000         4.3000000000         2.0652524826         2.7405681974        19.0263451373
        9.7600052000         4.3000000000         2.0678048095         2.8120207662        19.0928324616
        9.7650049000         4.3000000000         2.0703571363         2.8885770900        19.1593197858
        9.7700039000         4.3000000000         2.0729094632         2.9600296588        19.2258071100
        9.7750015000         4.3000000000         2.0678048095         3.0340341051        19.0928324616
        9.7800041000         4.3000000000         2.0550431752         3.0978310416        18.7603958404
        9.7850023000         4.3000000000         2.0627001558         3.1743873654        18.9598578131
        9.7900018000         4.3000000000         2.0627001558         3.2458399342        18.9598578131
        9.7950049000         4.3000000000         2.0729094632         3.3275000129        19.2258071100
        9.8000033000         4.3000000000         2.0805664438         3.3989525818        19.4252690827
        9.8050024000         4.3000000000         2.0627001558         3.4755089056        18.9598578131
        9.8100028000         4.3000000000         2.0601478289         3.5418577195        18.8933704889
        9.8150047000         4.3000000000         2.0627001558         3.6056546560        18.9598578131
        9.8200028000         4.3000000000         2.0601478289         3.6873147347        18.8933704889
        9.8250030000         4.3000000000         2.0678048095         3.7613191810        19.0928324616
        9.8300029000         4.3000000000         2.0627001558         3.8378755047        18.9598578131
        9.8350040000         4.3000000000         2.0703571363         3.9093280736        19.1593197858
        9.8400034000         4.3000000000         2.0601478289         3.9731250101        18.8933704889
        9.8450035000         4.3000000000         2.0575955021         4.0445775789        18.8268831647
        9.8500022000         4.3000000000         2.0627001558         4.1134782703        18.9598578131
        9.8550025000         4.3000000000         2.0627001558         4.1951383490        18.9598578131
        9.8600047000         4.3000000000         2.0627001558         4.2665909178        18.9598578131
        9.8650020000         4.3000000000         2.0729094632         4.3482509965        19.2258071100
        9.8700078000         4.3000000000         2.0627001558         4.4145998105        18.9598578131
        9.8750051000         4.3000000000         2.0601478289         4.4911561342        18.8933704889
        9.8800052000         4.3000000000         2.0575955021         4.5702643355        18.8268831647
        9.8850028000         4.3000000000         2.0627001558         4.6468206592        18.9598578131
        9.8900029000         4.3000000000         2.0575955021         4.7131694732        18.8268831647
        9.8950046000         4.3000000000         2.0397292141         4.7897257969        18.3614718951
        9.9000031000         4.3000000000         2.0524908483         4.8611783658        18.6939085162
        9.9050057000         4.3000000000         2.0601478289         4.9402865670        18.8933704889
        9.9100046000         4.3000000000         2.0524908483         5.0066353810        18.6939085162
        9.9150028000         4.3000000000         2.0678048095         5.0117391359        19.0928324616
        9.9200021000         4.3000000000         2.0524908483         1.1099185011        18.6939085162
        9.9250038000         4.3000000000         2.0652524826         0.0100593162        19.0263451373
        9.9300015000         4.3000000000         2.0524908483        -0.0027000711        18.6939085162
        9.9350025000         4.3000000000         2.0550431752         0.0738562527        18.7603958404
        9.9400035000         4.3000000000         2.0550431752         0.1478606990        18.7603958404
        9.9450030000         4.3000000000         2.0524908483         0.2218651453        18.6939085162
        9.9500022000         4.3000000000         2.0550431752         0.3009733466        18.7603958404
        9.9550050000         4.3000000000         2.0575955021         0.3647702830        18.8268831647
        9.9600054000         4.3000000000         2.0499385215         0.4489822392        18.6274211920
        9.9650053000         4.3000000000         2.0422815409         0.5076754207        18.4279592193
        9.9700034000         4.3000000000         2.0601478289         0.5893354994        18.8933704889
        9.9750039000         4.3000000000         2.0091012918         0.6633399457        17.5636240043
        9.9800049000         4.3000000000         2.0473861946         0.7271368822        18.5609338677
        9.9850058000         4.3000000000         2.0499385215         0.8011413285        18.6274211920
        9.9900038000         4.3000000000         2.0422815409         0.8751457748        18.4279592193
        9.9950028000         4.3000000000         2.0601478289         0.9542539761        18.8933704889
