% Motor Sweep Step 48/50
% Vcmd       = 0.1000 [V]
% Direction  = CCW
% Vg_offset  = 1.334866 [V]
% K_gimbal   = 26.049690 [(rad/s)/V]

Time[s]              Vcmd[V]              Vg_raw[V]            Pot[V]               Omega[rad/s]
        0.0000114000         0.1000000000         1.3403916554         1.1252297658         0.1439450570
        0.0050073000         0.1000000000         1.3352870017         1.1252297658         0.0109704085
        0.0100137000         0.1000000000         1.3378393285         1.1303335207         0.0774577327
        0.0150183000         0.1000000000         1.2714788303         1.1201260109        -1.6512126972
        0.0200050000         0.1000000000         1.0545310475         1.1124703785        -7.3026352564
        0.0250043000         0.1000000000         1.1464148143         1.0869516039        -4.9090915843
        0.0300066000         0.1000000000         1.1081299115         1.0537771970        -5.9064014477
        0.0350037000         0.1000000000         0.9907228761         1.0282584224        -8.9648183621
        0.0402323000         0.1000000000         1.0519787206         0.9976358929        -7.3691225807
        0.0450058000         0.1000000000         0.9677519344         0.9619096084        -9.5632042801
        0.0500054000         0.1000000000         0.9064960898         0.9236314466       -11.1589000616
        0.0550046000         0.1000000000         0.9320193584         0.8776976523       -10.4940268193
        0.0601404000         0.1000000000         0.8580018795         0.8317638580       -12.4221592219
        0.0650051000         0.1000000000         0.8273739573         0.7883819412       -13.2200071126
        0.0702855000         0.1000000000         0.8171646498         0.7245850047       -13.4859564095
        0.0750038000         0.1000000000         0.7533564784         0.6786512105       -15.1481395152
        0.0800501000         0.1000000000         0.7610134590         0.6225099064       -14.9486775425
        0.0850038000         0.1000000000         0.7048622681         0.5459535826       -16.4113986755
        0.0900434000         0.1000000000         0.6512634042         0.4796047687       -17.8076324843
        0.0950048000         0.1000000000         0.6410540967         0.4158078322       -18.0735817812
        0.1000048000         0.1000000000         0.6385017699         0.3443552634       -18.1400691054
        0.1050050000         0.1000000000         0.5772459253         0.2652470621       -19.7357648868
        0.1100037000         0.1000000000         0.6053215207         0.1886907384       -19.0044043203
        0.1150054000         0.1000000000         0.5415133493         0.1044787822       -20.6665874260
        0.1200031000         0.1000000000         0.5466180030         0.0253705810       -20.5336127775
        0.1250215000         0.1000000000         0.5261993882        -0.0027000711       -21.0655113714
        0.1300040000         0.1000000000         0.5185424076         1.1073666236       -21.2649733440
        0.1350054000         0.1000000000         0.5236470613         5.0142910133       -21.1319986956
        0.1400039000         0.1000000000         0.5057807733         5.0091872584       -21.5974099652
        0.1450054000         0.1000000000         0.4981237928         4.9173196699       -21.7968719379
        0.1500250000         0.1000000000         0.4828098316         4.8152445715       -22.1957958832
        0.1550041000         0.1000000000         0.4751528511         4.7284807379       -22.3952578559
        0.1600029000         0.1000000000         0.4930191391         4.6468206592       -21.9298465863
        0.1650044000         0.1000000000         0.4777051779         4.5600568256       -22.3287705317
        0.1700041000         0.1000000000         0.4751528511         4.4758448695       -22.3952578559
        0.1750049000         0.1000000000         0.4777051779         4.3814254035       -22.3287705317
        0.1800050000         0.1000000000         0.4623912168         4.2895578150       -22.7276944770
        0.1850038000         0.1000000000         0.4777051779         4.2053458588       -22.3287705317
        0.1900154000         0.1000000000         0.4598388899         4.1211339027       -22.7941818013
        0.1950061000         0.1000000000         0.4649435436         4.0292663142       -22.6612071528
        0.2000050000         0.1000000000         0.4726005242         3.9450543580       -22.4617451801
        0.2050051000         0.1000000000         0.4623912168         3.8506348920       -22.7276944770
        0.2100036000         0.1000000000         0.4598388899         3.7664229359       -22.7941818013
        0.2150907000         0.1000000000         0.4572865631         3.6771072248       -22.8606691255
        0.2200033000         0.1000000000         0.4700481974         3.5928952687       -22.5282325043
        0.2250031000         0.1000000000         0.4572865631         3.5010276801       -22.8606691255
        0.2300054000         0.1000000000         0.4598388899         3.4244713564       -22.7941818013
        0.2350036000         0.1000000000         0.4598388899         3.3326037679       -22.7941818013
        0.2400063000         0.1000000000         0.4623912168         3.2509436892       -22.7276944770
        0.2450073000         0.1000000000         0.4649435436         3.1565242232       -22.6612071528
        0.2500063000         0.1000000000         0.4572865631         3.0723122670       -22.8606691255
        0.2550058000         0.1000000000         0.4674958705         2.9804446785       -22.5947198286
        0.2600046000         0.1000000000         0.4623912168         2.8962327224       -22.7276944770
        0.2650037000         0.1000000000         0.4598388899         2.8120207662       -22.7941818013
        0.2700054000         0.1000000000         0.4521819094         2.7073937904       -22.9936437739
        0.2751105000         0.1000000000         0.4496295825         2.6257337117       -23.0601310982
        0.2800037000         0.1000000000         0.4445249288         2.5389698781       -23.1931057466
        0.2850037000         0.1000000000         0.4470772556         2.4445504121       -23.1266184224
        0.2900052000         0.1000000000         0.4623912168         2.3654422109       -22.7276944770
        0.2950042000         0.1000000000         0.4572865631         2.2735746224       -22.8606691255
        0.3000041000         0.1000000000         0.4394202751         2.1868107888       -23.3260803951
        0.3050051000         0.1000000000         0.4419726019         2.0872875679       -23.2595930708
        0.3100035000         0.1000000000         0.4496295825         2.0005237343       -23.0601310982
        0.3150088000         0.1000000000         0.4470772556         1.9163117781       -23.1266184224
        0.3200070000         0.1000000000         0.4445249288         1.8346516994       -23.1931057466
        0.3250342000         0.1000000000         0.4547342362         1.7478878658       -22.9271564497
        0.3300041000         0.1000000000         0.4598388899         1.6585721547       -22.7941818013
        0.3350026000         0.1000000000         0.4394202751         1.5667045662       -23.3260803951
        0.3400021000         0.1000000000         0.4368679482         1.4824926101       -23.3925677193
        0.3450147000         0.1000000000         0.4394202751         1.3880731441       -23.3260803951
        0.3500260000         0.1000000000         0.4343156214         1.2987574330       -23.4590550435
        0.3550040000         0.1000000000         0.4547342362         1.2145454769       -22.9271564497
        0.3600027000         0.1000000000         0.4419726019         1.1252297658       -23.2595930708
        0.3650052000         0.1000000000         0.4394202751         1.0308102998       -23.3260803951
        0.3700040000         0.1000000000         0.4470772556         0.9338389564       -23.1266184224
        0.3751204000         0.1000000000         0.4521819094         0.8521788777       -22.9936437739
        0.3802247000         0.1000000000         0.4317632945         0.7450000244       -23.5255423678
        0.3850089000         0.1000000000         0.4394202751         0.6658918232       -23.3260803951
        0.3900369000         0.1000000000         0.4470772556         0.5765761121       -23.1266184224
        0.3950092000         0.1000000000         0.4496295825         0.4796047687       -23.0601310982
        0.4000060000         0.1000000000         0.4368679482         0.3902890576       -23.3925677193
        0.4050085000         0.1000000000         0.4445249288         0.2984214691       -23.1931057466
        0.4100031000         0.1000000000         0.4470772556         0.2065538806       -23.1266184224
        0.4150047000         0.1000000000         0.4343156214         0.1070306597       -23.4590550435
        0.4200044000         0.1000000000         0.4496295825         0.0228187035       -23.0601310982
        0.4250060000         0.1000000000         0.4521819094         0.0049555613       -22.9936437739
        0.4300057000         0.1000000000         0.4292109677         1.1150222560       -23.5920296920
        0.4350028000         0.1000000000         0.4572865631         5.0168428908       -22.8606691255
        0.4400062000         0.1000000000         0.4496295825         4.9734609740       -23.0601310982
        0.4456253000         0.1000000000         0.4445249288         4.8611783658       -23.1931057466
        0.4500717000         0.1000000000         0.4368679482         4.7718626547       -23.3925677193
        0.4551905000         0.1000000000         0.4445249288         4.6799950662       -23.1931057466
        0.4600063000         0.1000000000         0.4547342362         4.5932312326       -22.9271564497
        0.4650064000         0.1000000000         0.4368679482         4.4962598892       -23.3925677193
        0.4700068000         0.1000000000         0.4394202751         4.4018404232       -23.3260803951
        0.4750039000         0.1000000000         0.4470772556         4.3099728347       -23.1266184224
        0.4800036000         0.1000000000         0.4419726019         4.2283127560       -23.2595930708
        0.4850068000         0.1000000000         0.4598388899         4.1415489224       -22.7941818013
        0.4900028000         0.1000000000         0.4496295825         4.0573369662       -23.0601310982
        0.4950038000         0.1000000000         0.4445249288         3.9654693777       -23.1931057466
        0.5000047000         0.1000000000         0.4598388899         3.8710499117       -22.7941818013
        0.5050038000         0.1000000000         0.4547342362         3.7791823232       -22.9271564497
        0.5101195000         0.1000000000         0.4419726019         3.6949703670       -23.2595930708
        0.5150043000         0.1000000000         0.4674958705         3.6133102883       -22.5947198286
        0.5200039000         0.1000000000         0.4572865631         3.5188908224       -22.8606691255
        0.5250062000         0.1000000000         0.4470772556         3.4244713564       -23.1266184224
        0.5300035000         0.1000000000         0.4470772556         3.3530187875       -23.1266184224
        0.5350028000         0.1000000000         0.4547342362         3.2560474441       -22.9271564497
        0.5400048000         0.1000000000         0.4674958705         3.1667317330       -22.5947198286
        0.5450046000         0.1000000000         0.4496295825         3.0876235318       -23.0601310982
        0.5500051000         0.1000000000         0.4623912168         2.9983078207       -22.7276944770
        0.5550036000         0.1000000000         0.4623912168         2.9089921097       -22.7276944770
        0.5600038000         0.1000000000         0.4470772556         2.8145726437       -23.1266184224
        0.5650034000         0.1000000000         0.4521819094         2.7227050552       -22.9936437739
        0.5700037000         0.1000000000         0.4547342362         2.6333893441       -22.9271564497
        0.5750051000         0.1000000000         0.4470772556         2.5542811429       -23.1266184224
        0.5800033000         0.1000000000         0.4521819094         2.4573097994       -22.9936437739
        0.5850031000         0.1000000000         0.4674958705         2.3807534756       -22.5947198286
        0.5900043000         0.1000000000         0.4547342362         2.2837821322       -22.9271564497
        0.5950057000         0.1000000000         0.4496295825         2.1970182986       -23.0601310982
        0.6000037000         0.1000000000         0.4496295825         2.1077025875       -23.0601310982
        0.6050158000         0.1000000000         0.4445249288         2.0107312441       -23.1931057466
        0.6100069000         0.1000000000         0.4496295825         1.9290711654       -23.0601310982
        0.6150047000         0.1000000000         0.4521819094         1.8423073318       -22.9936437739
        0.6200044000         0.1000000000         0.4368679482         1.7504397433       -23.3925677193
        0.6250024000         0.1000000000         0.4445249288         1.6738834195       -23.1931057466
        0.6300037000         0.1000000000         0.4445249288         1.5718083211       -23.1931057466
        0.6350045000         0.1000000000         0.4598388899         1.4901482425       -22.7941818013
        0.6400037000         0.1000000000         0.4470772556         1.3931768990       -23.1266184224
        0.6450034000         0.1000000000         0.4292109677         1.3217243302       -23.5920296920
        0.6500026000         0.1000000000         0.4470772556         1.2145454769       -23.1266184224
        0.6550040000         0.1000000000         0.4572865631         1.1354372756       -22.8606691255
        0.6600044000         0.1000000000         0.4419726019         1.0461215646       -23.2595930708
        0.6650048000         0.1000000000         0.4419726019         0.9568058535       -23.2595930708
        0.6700131000         0.1000000000         0.4470772556         0.8649382650       -23.1266184224
        0.6750026000         0.1000000000         0.4394202751         0.7679669216       -23.3260803951
        0.6800032000         0.1000000000         0.4419726019         0.6812030879       -23.2595930708
        0.6850038000         0.1000000000         0.4470772556         0.5995430093       -23.1266184224
        0.6900024000         0.1000000000         0.4496295825         0.5076754207       -23.0601310982
        0.6951081000         0.1000000000         0.4521819094         0.4081521998       -22.9936437739
        0.7000023000         0.1000000000         0.4394202751         0.3137327338       -23.3260803951
        0.7050029000         0.1000000000         0.4470772556         0.2218651453       -23.1266184224
        0.7100033000         0.1000000000         0.4496295825         0.1351013117       -23.0601310982
        0.7150030000         0.1000000000         0.4470772556         0.0355780908       -23.1266184224
        0.7200023000         0.1000000000         0.4445249288        -0.0001481936       -23.1931057466
        0.7250042000         0.1000000000         0.4445249288         1.1022628687       -23.1931057466
        0.7300175000         0.1000000000         0.4521819094         5.0117391359       -22.9936437739
        0.7350036000         0.1000000000         0.4394202751         4.9836684838       -23.3260803951
        0.7400023000         0.1000000000         0.4598388899         4.8943527728       -22.7941818013
        0.7450045000         0.1000000000         0.4445249288         4.7999333068       -23.1931057466
        0.7500028000         0.1000000000         0.4445249288         4.7080657183       -23.1931057466
        0.7550029000         0.1000000000         0.4496295825         4.6034387424       -23.0601310982
        0.7600020000         0.1000000000         0.4445249288         4.5064673990       -23.1931057466
        0.7650039000         0.1000000000         0.4445249288         4.4248073203       -23.1931057466
        0.7700042000         0.1000000000         0.4547342362         4.3354916092       -22.9271564497
        0.7750024000         0.1000000000         0.4470772556         4.2512796531       -23.1266184224
        0.7800031000         0.1000000000         0.4598388899         4.1568601871       -22.7941818013
        0.7850039000         0.1000000000         0.4445249288         4.0624407211       -23.1931057466
        0.7900035000         0.1000000000         0.4241063139         3.9731250101       -23.7250043404
        0.7950056000         0.1000000000         0.4623912168         3.8914649314       -22.7276944770
        0.8000049000         0.1000000000         0.4572865631         3.8021492203       -22.8606691255
        0.8050022000         0.1000000000         0.4547342362         3.7204891416       -22.9271564497
        0.8100034000         0.1000000000         0.4496295825         3.6209659207       -23.0601310982
        0.8150028000         0.1000000000         0.4547342362         3.5367539646       -22.9271564497
        0.8200032000         0.1000000000         0.4521819094         3.4397826211       -22.9936437739
        0.8250033000         0.1000000000         0.4649435436         3.3606744199       -22.6612071528
        0.8300112000         0.1000000000         0.4266586408         3.2713587088       -23.6585170162
        0.8350025000         0.1000000000         0.4674958705         3.1871467527       -22.5947198286
        0.8400025000         0.1000000000         0.4419726019         3.0927272867       -23.2595930708
        0.8450053000         0.1000000000         0.4572865631         3.0008596982       -22.8606691255
        0.8500057000         0.1000000000         0.4521819094         2.9217514970       -22.9936437739
        0.8550026000         0.1000000000         0.4445249288         2.8298839084       -23.1931057466
        0.8600030000         0.1000000000         0.4521819094         2.7431200748       -22.9936437739
        0.8650026000         0.1000000000         0.4726005242         2.6614599961       -22.4617451801
        0.8700034000         0.1000000000         0.4445249288         2.5619367752       -23.1931057466
        0.8750025000         0.1000000000         0.4623912168         2.4751729416       -22.7276944770
        0.8800033000         0.1000000000         0.4419726019         2.3858572306       -23.2595930708
        0.8850029000         0.1000000000         0.4623912168         2.3041971519       -22.7276944770
        0.8900030000         0.1000000000         0.4598388899         2.2123295633       -22.7941818013
        0.8950030000         0.1000000000         0.4547342362         2.1204619748       -22.9271564497
        0.9000034000         0.1000000000         0.4394202751         2.0311462638       -23.3260803951
        0.9050054000         0.1000000000         0.4368679482         1.9520380625       -23.3925677193
        0.9100191000         0.1000000000         0.4521819094         1.8601704740       -22.9936437739
        0.9150046000         0.1000000000         0.4572865631         1.7683028855       -22.8606691255
        0.9200032000         0.1000000000         0.4470772556         1.6789871744       -23.1266184224
        0.9250046000         0.1000000000         0.4215539871         1.5845677084       -23.7914916647
        0.9300054000         0.1000000000         0.4572865631         1.5105632621       -22.8606691255
        0.9350053000         0.1000000000         0.4521819094         1.4110400412       -22.9936437739
        0.9400048000         0.1000000000         0.4368679482         1.3293799625       -23.3925677193
        0.9450052000         0.1000000000         0.4343156214         1.2375123740       -23.4590550435
        0.9501232000         0.1000000000         0.4470772556         1.1456447855       -23.1266184224
        0.9550043000         0.1000000000         0.4521819094         1.0614328293       -22.9936437739
        0.9600024000         0.1000000000         0.4521819094         0.9746689957       -22.9936437739
        0.9650050000         0.1000000000         0.4266586408         0.8776976523       -23.6585170162
        0.9700234000         0.1000000000         0.4547342362         0.7909338187       -22.9271564497
        0.9750987000         0.1000000000         0.4547342362         0.6965143527       -22.9271564497
        0.9800047000         0.1000000000         0.4368679482         0.6071986416       -23.3925677193
        0.9850040000         0.1000000000         0.4368679482         0.5127791757       -23.3925677193
        0.9900204000         0.1000000000         0.4445249288         0.4209115871       -23.1931057466
        0.9950053000         0.1000000000         0.4470772556         0.3264921211       -23.1266184224
        1.0000039000         0.1000000000         0.4470772556         0.2422801650       -23.1266184224
        1.0050096000         0.1000000000         0.4368679482         0.1376531892       -23.3925677193
        1.0100279000         0.1000000000         0.4470772556         0.0483374781       -23.1266184224
        1.0150122000         0.1000000000         0.4419726019        -0.0078038260       -23.2595930708
        1.0200040000         0.1000000000         0.4394202751         1.1048147461       -23.3260803951
        1.0250032000         0.1000000000         0.4317632945         4.9964278711       -23.5255423678
        1.0300299000         0.1000000000         0.4445249288         4.9862203613       -23.1931057466
        1.0350034000         0.1000000000         0.4547342362         4.8994565277       -22.9271564497
        1.0400042000         0.1000000000         0.4445249288         4.8024851842       -23.1931057466
        1.0450046000         0.1000000000         0.4266586408         4.7029619633       -23.6585170162
        1.0500037000         0.1000000000         0.4521819094         4.6161981297       -22.9936437739
        1.0550037000         0.1000000000         0.4470772556         4.5370899285       -23.1266184224
        1.0600039000         0.1000000000         0.4470772556         4.4299110752       -23.1266184224
        1.0650049000         0.1000000000         0.4496295825         4.3482509965       -23.0601310982
        1.0700061000         0.1000000000         0.4368679482         4.2436240207       -23.3925677193
        1.0750040000         0.1000000000         0.4496295825         4.1594120646       -23.0601310982
        1.0800044000         0.1000000000         0.4470772556         4.0675444760       -23.1266184224
        1.0850051000         0.1000000000         0.4419726019         3.9833325199       -23.2595930708
        1.0900138000         0.1000000000         0.4445249288         3.8940168088       -23.1931057466
        1.0950042000         0.1000000000         0.4343156214         3.8021492203       -23.4590550435
        1.1000045000         0.1000000000         0.4470772556         3.7153853867       -23.1266184224
        1.1050056000         0.1000000000         0.4496295825         3.6260696756       -23.0601310982
        1.1100048000         0.1000000000         0.4445249288         3.5469614744       -23.1931057466
        1.1150043000         0.1000000000         0.4470772556         3.4525420084       -23.1266184224
        1.1200048000         0.1000000000         0.4521819094         3.3632262974       -22.9936437739
        1.1250203000         0.1000000000         0.4470772556         3.2688068314       -23.1266184224
        1.1300375000         0.1000000000         0.4572865631         3.1896986301       -22.8606691255
        1.1350041000         0.1000000000         0.4547342362         3.1029347965       -22.9271564497
        1.1400043000         0.1000000000         0.4547342362         3.0085153306       -22.9271564497
        1.1450055000         0.1000000000         0.4547342362         2.9166477420       -22.9271564497
        1.1500048000         0.1000000000         0.4521819094         2.8273320310       -22.9936437739
        1.1550139000         0.1000000000         0.4266586408         2.7431200748       -23.6585170162
        1.1600041000         0.1000000000         0.4547342362         2.6589081187       -22.9271564497
        1.1650054000         0.1000000000         0.4598388899         2.5721442851       -22.7941818013
        1.1700152000         0.1000000000         0.4572865631         2.4802766965       -22.8606691255
        1.1750064000         0.1000000000         0.4496295825         2.3909609855       -23.0601310982
        1.1800061000         0.1000000000         0.4496295825         2.3016452744       -23.0601310982
        1.1850144000         0.1000000000         0.4470772556         2.2097776859       -23.1266184224
        1.1900195000         0.1000000000         0.4547342362         2.1230138523       -22.9271564497
        1.1950041000         0.1000000000         0.4496295825         2.0362500187       -23.0601310982
        1.2000037000         0.1000000000         0.4470772556         1.9494861851       -23.1266184224
        1.2050040000         0.1000000000         0.4496295825         1.8627223515       -23.0601310982
        1.2101455000         0.1000000000         0.4547342362         1.7759585179       -22.9271564497
        1.2150035000         0.1000000000         0.4470772556         1.6840909293       -23.1266184224
        1.2200091000         0.1000000000         0.4394202751         1.6024308506       -23.3260803951
        1.2250038000         0.1000000000         0.4496295825         1.5105632621       -23.0601310982
        1.2300325000         0.1000000000         0.4445249288         1.4161437961       -23.1931057466
        1.2350050000         0.1000000000         0.4419726019         1.3242762076       -23.2595930708
        1.2400030000         0.1000000000         0.4343156214         1.2349604965       -23.4590550435
        1.2450049000         0.1000000000         0.4419726019         1.1507485404       -23.2595930708
        1.2500172000         0.1000000000         0.4343156214         1.0563290744       -23.4590550435
        1.2550667000         0.1000000000         0.4470772556         0.9619096084       -23.1266184224
        1.2600054000         0.1000000000         0.4343156214         0.8776976523       -23.4590550435
        1.2650035000         0.1000000000         0.4368679482         0.7934856961       -23.3925677193
        1.2700042000         0.1000000000         0.4343156214         0.6914105978       -23.4590550435
        1.2750043000         0.1000000000         0.4496295825         0.6071986416       -23.0601310982
        1.2800034000         0.1000000000         0.4292109677         0.5127791757       -23.5920296920
        1.2850045000         0.1000000000         0.4292109677         0.4183597097       -23.5920296920
        1.2900325000         0.1000000000         0.4470772556         0.3290439986       -23.1266184224
        1.2950054000         0.1000000000         0.4445249288         0.2320726552       -23.1931057466
        1.3000044000         0.1000000000         0.4266586408         0.1427569441       -23.6585170162
        1.3050034000         0.1000000000         0.4419726019         0.0508893556       -23.2595930708
        1.3100043000         0.1000000000         0.4470772556        -0.0027000711       -23.1266184224
        1.3150037000         0.1000000000         0.4470772556         1.1073666236       -23.1266184224
        1.3200030000         0.1000000000         0.4445249288         5.0040835035       -23.1931057466
        1.3250048000         0.1000000000         0.4292109677         4.9887722387       -23.5920296920
        1.3300052000         0.1000000000         0.4343156214         4.8892490178       -23.4590550435
        1.3350043000         0.1000000000         0.4521819094         4.7973814293       -22.9936437739
        1.3400042000         0.1000000000         0.4470772556         4.7131694732       -23.1266184224
        1.3450042000         0.1000000000         0.4394202751         4.6161981297       -23.3260803951
        1.3500494000         0.1000000000         0.4419726019         4.5192267863       -23.2595930708
        1.3550036000         0.1000000000         0.4292109677         4.4222554428       -23.5920296920
        1.3600038000         0.1000000000         0.4547342362         4.3380434867       -22.9271564497
        1.3650049000         0.1000000000         0.4419726019         4.2563834080       -23.2595930708
        1.3700219000         0.1000000000         0.4419726019         4.1594120646       -23.2595930708
        1.3750047000         0.1000000000         0.4394202751         4.0598888437       -23.3260803951
        1.3800046000         0.1000000000         0.4445249288         3.9756768875       -23.1931057466
        1.3850037000         0.1000000000         0.4572865631         3.8940168088       -22.8606691255
        1.3900073000         0.1000000000         0.4419726019         3.8047010978       -23.2595930708
        1.3950053000         0.1000000000         0.4445249288         3.7179372642       -23.1931057466
        1.4000042000         0.1000000000         0.4521819094         3.6235177982       -22.9936437739
        1.4050065000         0.1000000000         0.4496295825         3.5367539646       -23.0601310982
        1.4100044000         0.1000000000         0.4343156214         3.4397826211       -23.4590550435
        1.4150046000         0.1000000000         0.4547342362         3.3530187875       -22.9271564497
        1.4200056000         0.1000000000         0.4470772556         3.2764624638       -23.1266184224
        1.4250053000         0.1000000000         0.4572865631         3.1769392429       -22.8606691255
        1.4300122000         0.1000000000         0.4445249288         3.1029347965       -23.1931057466
        1.4350038000         0.1000000000         0.4547342362         3.0034115756       -22.9271564497
        1.4400036000         0.1000000000         0.4445249288         2.9115439871       -23.1931057466
        1.4450038000         0.1000000000         0.4547342362         2.8273320310       -22.9271564497
        1.4500049000         0.1000000000         0.4394202751         2.7354644424       -23.3260803951
        1.4550050000         0.1000000000         0.4572865631         2.6563562412       -22.8606691255
        1.4600031000         0.1000000000         0.4445249288         2.5593848978       -23.1931057466
        1.4650052000         0.1000000000         0.4649435436         2.4802766965       -22.6612071528
        1.4700048000         0.1000000000         0.4496295825         2.3909609855       -23.0601310982
        1.4750035000         0.1000000000         0.4496295825         2.2914377646       -23.0601310982
        1.4800046000         0.1000000000         0.4496295825         2.2021220535       -23.0601310982
        1.4850051000         0.1000000000         0.4547342362         2.1179100974       -22.9271564497
        1.4900281000         0.1000000000         0.4394202751         2.0183868765       -23.3260803951
        1.4950072000         0.1000000000         0.4368679482         1.9316230429       -23.3925677193
        1.5000031000         0.1000000000         0.4394202751         1.8423073318       -23.3260803951
        1.5050033000         0.1000000000         0.4445249288         1.7580953756       -23.1931057466
        1.5100037000         0.1000000000         0.4521819094         1.6764352970       -22.9936437739
        1.5150036000         0.1000000000         0.4470772556         1.5973270957       -23.1266184224
        1.5200032000         0.1000000000         0.4470772556         1.5054595072       -23.1266184224
        1.5250052000         0.1000000000         0.4445249288         1.4110400412       -23.1931057466
        1.5300033000         0.1000000000         0.4419726019         1.3140686978       -23.2595930708
        1.5350035000         0.1000000000         0.4419726019         1.2247529867       -23.2595930708
        1.5400041000         0.1000000000         0.4470772556         1.1481966629       -23.1266184224
        1.5450066000         0.1000000000         0.4343156214         1.0512253195       -23.4590550435
        1.5500050000         0.1000000000         0.4470772556         0.9644614859       -23.1266184224
        1.5550039000         0.1000000000         0.4368679482         0.8700420199       -23.3925677193
        1.5600606000         0.1000000000         0.4317632945         0.7807263088       -23.5255423678
        1.5650066000         0.1000000000         0.4317632945         0.6888587203       -23.5255423678
        1.5700071000         0.1000000000         0.4521819094         0.6046467642       -22.9936437739
        1.5750081000         0.1000000000         0.4547342362         0.5000197884       -22.9271564497
        1.5800078000         0.1000000000         0.4368679482         0.4234634646       -23.3925677193
        1.5850077000         0.1000000000         0.4470772556         0.3290439986       -23.1266184224
        1.5900076000         0.1000000000         0.4394202751         0.2218651453       -23.3260803951
        1.5950086000         0.1000000000         0.4496295825         0.1427569441       -23.0601310982
        1.6000067000         0.1000000000         0.4368679482         0.0406818457       -23.3925677193
        1.6050060000         0.1000000000         0.4419726019         0.0024036839       -23.2595930708
        1.6100070000         0.1000000000         0.4470772556         1.1150222560       -23.1266184224
        1.6150060000         0.1000000000         0.4215539871         5.0040835035       -23.7914916647
        1.6200059000         0.1000000000         0.4368679482         4.9887722387       -23.3925677193
        1.6250072000         0.1000000000         0.4343156214         4.8841452629       -23.4590550435
        1.6300065000         0.1000000000         0.4445249288         4.8024851842       -23.1931057466
        1.6350053000         0.1000000000         0.4496295825         4.7106175957       -23.0601310982
        1.6400073000         0.1000000000         0.4496295825         4.6085424974       -23.0601310982
        1.6450100000         0.1000000000         0.4292109677         4.5090192765       -23.5920296920
        1.6500099000         0.1000000000         0.4394202751         4.4222554428       -23.3260803951
        1.6550073000         0.1000000000         0.4470772556         4.3252840994       -23.1266184224
        1.6600078000         0.1000000000         0.4419726019         4.2461758982       -23.2595930708
        1.6650070000         0.1000000000         0.4572865631         4.1594120646       -22.8606691255
        1.6700117000         0.1000000000         0.4394202751         4.0649925986       -23.3260803951
        1.6750049000         0.1000000000         0.4266586408         3.9731250101       -23.6585170162
        1.6800196000         0.1000000000         0.4623912168         3.8965686863       -22.7276944770
        1.6850119000         0.1000000000         0.4496295825         3.7970454654       -23.0601310982
        1.6900143000         0.1000000000         0.4215539871         3.7000741219       -23.7914916647
        1.6950050000         0.1000000000         0.4572865631         3.6260696756       -22.8606691255
        1.7000152000         0.1000000000         0.4445249288         3.5239945773       -23.1931057466
        1.7050092000         0.1000000000         0.4317632945         3.4423344986       -23.5255423678
        1.7100068000         0.1000000000         0.4521819094         3.3581225424       -22.9936437739
        1.7150046000         0.1000000000         0.4547342362         3.2713587088       -22.9271564497
        1.7200078000         0.1000000000         0.4572865631         3.1692836105       -22.8606691255
        1.7250075000         0.1000000000         0.4470772556         3.0927272867       -23.1266184224
        1.7300068000         0.1000000000         0.4496295825         3.0034115756       -23.0601310982
        1.7350050000         0.1000000000         0.4470772556         2.9038883547       -23.1266184224
        1.7400117000         0.1000000000         0.4419726019         2.8145726437       -23.2595930708
        1.7450049000         0.1000000000         0.4445249288         2.7252569326       -23.1931057466
        1.7500063000         0.1000000000         0.4343156214         2.6359412215       -23.4590550435
        1.7550077000         0.1000000000         0.4496295825         2.5568330203       -23.0601310982
        1.7600068000         0.1000000000         0.4649435436         2.4675173092       -22.6612071528
        1.7650073000         0.1000000000         0.4521819094         2.3782015982       -22.9936437739
        1.7700046000         0.1000000000         0.4343156214         2.2786783773       -23.4590550435
        1.7750067000         0.1000000000         0.4419726019         2.1919145437       -23.2595930708
        1.7800062000         0.1000000000         0.4470772556         2.1128063424       -23.1266184224
        1.7850077000         0.1000000000         0.4419726019         2.0107312441       -23.2595930708
        1.7900045000         0.1000000000         0.4445249288         1.9290711654       -23.1931057466
        1.7950062000         0.1000000000         0.4164493334         1.8474110867       -23.9244663131
        1.8000075000         0.1000000000         0.4496295825         1.7529916207       -23.0601310982
        1.8050063000         0.1000000000         0.4470772556         1.6687796646       -23.1266184224
        1.8100079000         0.1000000000         0.4470772556         1.5820158310       -23.1266184224
        1.8150061000         0.1000000000         0.4470772556         1.4850444875       -23.1266184224
        1.8200052000         0.1000000000         0.4445249288         1.4059362863       -23.1931057466
        1.8250047000         0.1000000000         0.4343156214         1.3140686978       -23.4590550435
        1.8300073000         0.1000000000         0.4572865631         1.2247529867       -22.8606691255
        1.8350067000         0.1000000000         0.4343156214         1.1277816433       -23.4590550435
        1.8400047000         0.1000000000         0.4419726019         1.0486734420       -23.2595930708
        1.8450066000         0.1000000000         0.4419726019         0.9465983437       -23.2595930708
        1.8500066000         0.1000000000         0.4445249288         0.8623863875       -23.1931057466
        1.8550050000         0.1000000000         0.4445249288         0.7679669216       -23.1931057466
        1.8600048000         0.1000000000         0.4394202751         0.6760993330       -23.3260803951
        1.8650061000         0.1000000000         0.4394202751         0.5944392543       -23.3260803951
        1.8700159000         0.1000000000         0.4572865631         0.4974679109       -22.8606691255
        1.8750046000         0.1000000000         0.4419726019         0.4081521998       -23.2595930708
        1.8800046000         0.1000000000         0.4343156214         0.3035252240       -23.4590550435
        1.8850057000         0.1000000000         0.4496295825         0.2193132679       -23.0601310982
        1.8900058000         0.1000000000         0.4343156214         0.1146862920       -23.4590550435
        1.8950035000         0.1000000000         0.4470772556         0.0253705810       -23.1266184224
        1.9000051000         0.1000000000         0.4445249288         0.0100593162       -23.1931057466
        1.9050049000         0.1000000000         0.4317632945         1.1048147461       -23.5255423678
        1.9100035000         0.1000000000         0.4521819094         5.0142910133       -22.9936437739
        1.9150203000         0.1000000000         0.4394202751         4.9658053416       -23.3260803951
        1.9200064000         0.1000000000         0.4419726019         4.8841452629       -23.2595930708
        1.9250038000         0.1000000000         0.4470772556         4.7897257969       -23.1266184224
        1.9300177000         0.1000000000         0.4445249288         4.7004100859       -23.1931057466
        1.9350036000         0.1000000000         0.4419726019         4.5957831101       -23.2595930708
        1.9400063000         0.1000000000         0.4419726019         4.5064673990       -23.2595930708
        1.9450056000         0.1000000000         0.4445249288         4.4120479330       -23.1931057466
        1.9500064000         0.1000000000         0.4292109677         4.3150765896       -23.5920296920
        1.9551516000         0.1000000000         0.4419726019         4.2206571236       -23.2595930708
        1.9600064000         0.1000000000         0.4394202751         4.1338932900       -23.3260803951
        1.9650080000         0.1000000000         0.4394202751         4.0471294564       -23.3260803951
        1.9700082000         0.1000000000         0.4317632945         3.9603656228       -23.5255423678
        1.9750071000         0.1000000000         0.4572865631         3.8761536666       -22.8606691255
        1.9800062000         0.1000000000         0.4445249288         3.7791823232       -23.1931057466
        1.9850068000         0.1000000000         0.4343156214         3.6949703670       -23.4590550435
        1.9900043000         0.1000000000         0.4572865631         3.6107584109       -22.8606691255
        1.9950073000         0.1000000000         0.4521819094         3.5214426998       -22.9936437739
        2.0000043000         0.1000000000         0.4547342362         3.4321269888       -22.9271564497
        2.0050114000         0.1000000000         0.4521819094         3.3326037679       -22.9936437739
        2.0100097000         0.1000000000         0.4419726019         3.2483918117       -23.2595930708
        2.0150067000         0.1000000000         0.4598388899         3.1616279781       -22.7941818013
        2.0200053000         0.1000000000         0.4470772556         3.0723122670       -23.1266184224
        2.0250067000         0.1000000000         0.4496295825         2.9829965560       -23.0601310982
        2.0300069000         0.1000000000         0.4419726019         2.8962327224       -23.2595930708
        2.0350139000         0.1000000000         0.4496295825         2.8069170113       -23.0601310982
        2.0400049000         0.1000000000         0.4623912168         2.7176013002       -22.7276944770
        2.0450066000         0.1000000000         0.4470772556         2.6282855892       -23.1266184224
        2.0500063000         0.1000000000         0.4394202751         2.5491773879       -23.3260803951
        2.0550031000         0.1000000000         0.4674958705         2.4598616769       -22.5947198286
        2.0600046000         0.1000000000         0.4470772556         2.3654422109       -23.1266184224
        2.0650042000         0.1000000000         0.4547342362         2.2735746224       -22.9271564497
        2.0700050000         0.1000000000         0.4572865631         2.1842589113       -22.8606691255
        2.0750032000         0.1000000000         0.4394202751         2.0949432002       -23.3260803951
        2.0800041000         0.1000000000         0.4521819094         2.0056274892       -22.9936437739
        2.0850028000         0.1000000000         0.4623912168         1.9239674105       -22.7276944770
        2.0900755000         0.1000000000         0.4496295825         1.8269960670       -23.0601310982
        2.0950027000         0.1000000000         0.4445249288         1.7478878658       -23.1931057466
        2.1000036000         0.1000000000         0.4368679482         1.6534683998       -23.3925677193
        2.1050030000         0.1000000000         0.4394202751         1.5641526888       -23.3260803951
        2.1100037000         0.1000000000         0.4496295825         1.4773888552       -23.0601310982
        2.1150031000         0.1000000000         0.4292109677         1.3880731441       -23.5920296920
        2.1200029000         0.1000000000         0.4394202751         1.3064130654       -23.3260803951
        2.1250039000         0.1000000000         0.4521819094         1.2222011093       -22.9936437739
        2.1300962000         0.1000000000         0.4394202751         1.1201260109       -23.3260803951
        2.1350051000         0.1000000000         0.4394202751         1.0308102998       -23.3260803951
        2.1400051000         0.1000000000         0.4419726019         0.9440464662       -23.2595930708
        2.1450053000         0.1000000000         0.4266586408         0.8470751228       -23.6585170162
        2.1500164000         0.1000000000         0.4470772556         0.7577594117       -23.1266184224
        2.1550225000         0.1000000000         0.4343156214         0.6658918232       -23.4590550435
        2.1600159000         0.1000000000         0.4266586408         0.5714723572       -23.6585170162
        2.1650063000         0.1000000000         0.4394202751         0.4821566461       -23.3260803951
        2.1700037000         0.1000000000         0.4343156214         0.3851853027       -23.4590550435
        2.1750052000         0.1000000000         0.4470772556         0.3009733466       -23.1266184224
        2.1800052000         0.1000000000         0.4470772556         0.2167613904       -23.1266184224
        2.1850065000         0.1000000000         0.4419726019         0.1095825371       -23.2595930708
        2.1900493000         0.1000000000         0.4445249288         0.0228187035       -23.1931057466
        2.1950049000         0.1000000000         0.4419726019        -0.0052519485       -23.2595930708
        2.2000036000         0.1000000000         0.4292109677         1.1022628687       -23.5920296920
        2.2050041000         0.1000000000         0.4317632945         4.9989797486       -23.5255423678
        2.2100031000         0.1000000000         0.4343156214         4.9607015867       -23.4590550435
        2.2150030000         0.1000000000         0.4547342362         4.8739377531       -22.9271564497
        2.2200040000         0.1000000000         0.4164493334         4.7667588998       -23.9244663131
        2.2250046000         0.1000000000         0.4445249288         4.6850988211       -23.1931057466
        2.2300072000         0.1000000000         0.4521819094         4.5957831101       -22.9936437739
        2.2350032000         0.1000000000         0.4317632945         4.4886042568       -23.5255423678
        2.2400025000         0.1000000000         0.4445249288         4.4043923006       -23.1931057466
        2.2450043000         0.1000000000         0.4343156214         4.3125247121       -23.4590550435
        2.2500027000         0.1000000000         0.4394202751         4.2155533687       -23.3260803951
        2.2550029000         0.1000000000         0.4547342362         4.1364451674       -22.9271564497
        2.2600034000         0.1000000000         0.4445249288         4.0420257015       -23.1931057466
        2.2650031000         0.1000000000         0.4317632945         3.9552618679       -23.5255423678
        2.2700158000         0.1000000000         0.4572865631         3.8633942793       -22.8606691255
        2.2750040000         0.1000000000         0.4368679482         3.7689748133       -23.3925677193
        2.2800029000         0.1000000000         0.4496295825         3.6847628572       -23.0601310982
        2.2850031000         0.1000000000         0.4496295825         3.6082065334       -23.0601310982
        2.2900031000         0.1000000000         0.4419726019         3.5035795576       -23.2595930708
        2.2950207000         0.1000000000         0.4521819094         3.4168157240       -22.9936437739
        2.3000034000         0.1000000000         0.4598388899         3.3351556453       -22.7941818013
        2.3050028000         0.1000000000         0.4470772556         3.2458399342       -23.1266184224
        2.3100030000         0.1000000000         0.4445249288         3.1565242232       -23.1931057466
        2.3150050000         0.1000000000         0.4292109677         3.0595528797       -23.5920296920
        2.3200037000         0.1000000000         0.4649435436         2.9753409236       -22.6612071528
        2.3250049000         0.1000000000         0.4674958705         2.8936808449       -22.5947198286
        2.3300795000         0.1000000000         0.4445249288         2.8069170113       -23.1931057466
        2.3350043000         0.1000000000         0.4623912168         2.7150494228       -22.7276944770
        2.3400046000         0.1000000000         0.4445249288         2.6231818342       -23.1931057466
        2.3450048000         0.1000000000         0.4521819094         2.5338661232       -22.9936437739
        2.3500081000         0.1000000000         0.4470772556         2.4394466572       -23.1266184224
        2.3550028000         0.1000000000         0.4394202751         2.3526828236       -23.3260803951
        2.3600061000         0.1000000000         0.4496295825         2.2710227449       -23.0601310982
        2.3650044000         0.1000000000         0.4598388899         2.1817070338       -22.7941818013
        2.3700037000         0.1000000000         0.4470772556         2.0923913228       -23.1266184224
        2.3750026000         0.1000000000         0.4419726019         1.9928681019       -23.2595930708
        2.3800060000         0.1000000000         0.4496295825         1.9086561457       -23.0601310982
        2.3850032000         0.1000000000         0.4598388899         1.8320998220       -22.7941818013
        2.3900027000         0.1000000000         0.4470772556         1.7325766011       -23.1266184224
        2.3950071000         0.1000000000         0.4419726019         1.6585721547       -23.2595930708
        2.4000035000         0.1000000000         0.4368679482         1.5641526888       -23.3925677193
        2.4050043000         0.1000000000         0.4496295825         1.4773888552       -23.0601310982
        2.4100050000         0.1000000000         0.4419726019         1.3855212666       -23.2595930708
        2.4150093000         0.1000000000         0.4445249288         1.2987574330       -23.1931057466
        2.4200029000         0.1000000000         0.4470772556         1.2170973543       -23.1266184224
        2.4250048000         0.1000000000         0.4317632945         1.1201260109       -23.5255423678
        2.4300236000         0.1000000000         0.4496295825         1.0333621773       -23.0601310982
        2.4350034000         0.1000000000         0.4445249288         0.9389427113       -23.1931057466
        2.4400046000         0.1000000000         0.4215539871         0.8368676129       -23.7914916647
        2.4450101000         0.1000000000         0.4419726019         0.7526556568       -23.2595930708
        2.4500078000         0.1000000000         0.4394202751         0.6556843134       -23.3260803951
        2.4550046000         0.1000000000         0.4445249288         0.5689204797       -23.1931057466
        2.4600052000         0.1000000000         0.4419726019         0.4745010138       -23.2595930708
        2.4650037000         0.1000000000         0.4394202751         0.3851853027       -23.3260803951
        2.4700077000         0.1000000000         0.4445249288         0.2907658367       -23.1931057466
        2.4750060000         0.1000000000         0.4496295825         0.2014501257       -23.0601310982
        2.4800036000         0.1000000000         0.4394202751         0.1146862920       -23.3260803951
        2.4850088000         0.1000000000         0.4266586408         0.0100593162       -23.6585170162
        2.4900769000         0.1000000000         0.4572865631         0.0100593162       -22.8606691255
        2.4950049000         0.1000000000         0.4445249288         1.1175741334       -23.1931057466
        2.5000058000         0.1000000000         0.4164493334         4.9989797486       -23.9244663131
        2.5050063000         0.1000000000         0.4368679482         4.9555978318       -23.3925677193
        2.5100049000         0.1000000000         0.4496295825         4.8509708560       -23.0601310982
        2.5150062000         0.1000000000         0.4266586408         4.7616551449       -23.6585170162
        2.5200038000         0.1000000000         0.4445249288         4.6697875564       -23.1931057466
        2.5250069000         0.1000000000         0.4394202751         4.5804718453       -23.3260803951
        2.5300085000         0.1000000000         0.4394202751         4.4860523793       -23.3260803951
        2.5350059000         0.1000000000         0.4470772556         4.3916329133       -23.1266184224
        2.5400068000         0.1000000000         0.4445249288         4.2997653248       -23.1931057466
        2.5450065000         0.1000000000         0.4215539871         4.2078977363       -23.7914916647
        2.5500062000         0.1000000000         0.4496295825         4.1236857801       -23.0601310982
        2.5550061000         0.1000000000         0.4572865631         4.0394738240       -22.8606691255
        2.5600036000         0.1000000000         0.4445249288         3.9552618679       -23.1931057466
        2.5650056000         0.1000000000         0.4470772556         3.8531867695       -23.1266184224
        2.5700064000         0.1000000000         0.4317632945         3.7613191810       -23.5255423678
        2.5750081000         0.1000000000         0.4445249288         3.6796591023       -23.1931057466
        2.5800047000         0.1000000000         0.4521819094         3.5852396363       -22.9936437739
        2.5850050000         0.1000000000         0.4368679482         3.4984758027       -23.3925677193
        2.5900071000         0.1000000000         0.4266586408         3.4066082142       -23.6585170162
        2.5950043000         0.1000000000         0.4547342362         3.3326037679       -22.9271564497
        2.6000087000         0.1000000000         0.4470772556         3.2356324244       -23.1266184224
        2.6050056000         0.1000000000         0.4547342362         3.1437648359       -22.9271564497
        2.6100054000         0.1000000000         0.4419726019         3.0518972474       -23.2595930708
        2.6150034000         0.1000000000         0.4496295825         2.9651334138       -23.0601310982
        2.6200051000         0.1000000000         0.4445249288         2.8783695801       -23.1931057466
        2.6250050000         0.1000000000         0.4445249288         2.7839501142       -23.1931057466
        2.6300093000         0.1000000000         0.4521819094         2.7099456679       -22.9936437739
        2.6350083000         0.1000000000         0.4445249288         2.6129743244       -23.1931057466
        2.6400073000         0.1000000000         0.4521819094         2.5211067359       -22.9936437739
        2.6450084000         0.1000000000         0.4598388899         2.4394466572       -22.7941818013
        2.6500110000         0.1000000000         0.4419726019         2.3450271912       -23.2595930708
        2.6550054000         0.1000000000         0.4496295825         2.2608152351       -23.0601310982
        2.6600069000         0.1000000000         0.4572865631         2.1663957691       -22.8606691255
        2.6650078000         0.1000000000         0.4521819094         2.0821838129       -22.9936437739
        2.6700119000         0.1000000000         0.4521819094         1.9903162244       -22.9936437739
        2.6750079000         0.1000000000         0.4445249288         1.9086561457       -23.1931057466
        2.6800073000         0.1000000000         0.4368679482         1.8167885572       -23.3925677193
        2.6850047000         0.1000000000         0.4598388899         1.7274728461       -22.7941818013
        2.6900082000         0.1000000000         0.4317632945         1.6356052576       -23.5255423678
        2.6950127000         0.1000000000         0.4445249288         1.5564970564       -23.1931057466
        2.7000065000         0.1000000000         0.4572865631         1.4697332228       -22.8606691255
        2.7050071000         0.1000000000         0.4419726019         1.3727618793       -23.2595930708
        2.7100046000         0.1000000000         0.4445249288         1.2834461683       -23.1931057466
        2.7150067000         0.1000000000         0.4470772556         1.2017860896       -23.1266184224
        2.7200052000         0.1000000000         0.4419726019         1.1073666236       -23.2595930708
        2.7250040000         0.1000000000         0.4419726019         1.0180509125       -23.2595930708
        2.7300069000         0.1000000000         0.4521819094         0.9338389564       -22.9936437739
        2.7350071000         0.1000000000         0.4317632945         0.8317638580       -23.5255423678
        2.7400050000         0.1000000000         0.4343156214         0.7450000244       -23.4590550435
        2.7450067000         0.1000000000         0.4343156214         0.6454768035       -23.4590550435
        2.7500077000         0.1000000000         0.4598388899         0.5638167248       -22.7941818013
        2.7550063000         0.1000000000         0.4113446797         0.4693972588       -24.0574409616
        2.7600070000         0.1000000000         0.4317632945         0.3749777929       -23.5255423678
        2.7650043000         0.1000000000         0.4521819094         0.2856620818       -22.9936437739
        2.7700038000         0.1000000000         0.4470772556         0.1937944933       -23.1266184224
        2.7750029000         0.1000000000         0.4292109677         0.0917193949       -23.5920296920
        2.7800047000         0.1000000000         0.4394202751         0.0049555613       -23.3260803951
        2.7850059000         0.1000000000         0.4419726019         0.0049555613       -23.2595930708
        2.7900049000         0.1000000000         0.4419726019         4.9836684838       -23.2595930708
        2.7950071000         0.1000000000         0.4368679482         4.9989797486       -23.3925677193
        2.8000048000         0.1000000000         0.4343156214         4.9479421994       -23.4590550435
        2.8050059000         0.1000000000         0.4343156214         4.8509708560       -23.4590550435
        2.8100043000         0.1000000000         0.4445249288         4.7642070224       -23.1931057466
        2.8150059000         0.1000000000         0.4470772556         4.6595800465       -23.1266184224
        2.8200038000         0.1000000000         0.4317632945         4.5600568256       -23.5255423678
        2.8250055000         0.1000000000         0.4215539871         4.4732929920       -23.7914916647
        2.8300389000         0.1000000000         0.4496295825         4.3839772810       -23.0601310982
        2.8350062000         0.1000000000         0.4547342362         4.2946615699       -22.9271564497
        2.8400048000         0.1000000000         0.4419726019         4.2027939814       -23.2595930708
        2.8450055000         0.1000000000         0.4496295825         4.1185820252       -23.0601310982
        2.8500120000         0.1000000000         0.4496295825         4.0241625592       -23.0601310982
        2.8550067000         0.1000000000         0.4470772556         3.9399506031       -23.1266184224
        2.8600073000         0.1000000000         0.4598388899         3.8480830146       -22.7941818013
        2.8650037000         0.1000000000         0.4419726019         3.7638710584       -23.2595930708
        2.8700217000         0.1000000000         0.4496295825         3.6745553474       -23.0601310982
        2.8750059000         0.1000000000         0.4419726019         3.5724802490       -23.2595930708
        2.8800056000         0.1000000000         0.4470772556         3.4831645379       -23.1266184224
        2.8850059000         0.1000000000         0.4470772556         3.3989525818       -23.1266184224
        2.8900070000         0.1000000000         0.4572865631         3.3172925031       -22.8606691255
        2.8950057000         0.1000000000         0.4445249288         3.2228730371       -23.1931057466
        2.9000070000         0.1000000000         0.4547342362         3.1361092035       -22.9271564497
        2.9050052000         0.1000000000         0.4547342362         3.0518972474       -22.9271564497
        2.9100038000         0.1000000000         0.4445249288         2.9549259039       -23.1931057466
        2.9150040000         0.1000000000         0.4521819094         2.8732658252       -22.9936437739
        2.9200038000         0.1000000000         0.4521819094         2.7865019916       -22.9936437739
        2.9250068000         0.1000000000         0.4547342362         2.6920825256       -22.9271564497
        2.9300048000         0.1000000000         0.4470772556         2.6053186920       -23.1266184224
        2.9350060000         0.1000000000         0.4470772556         2.5134511035       -23.1266184224
        2.9400036000         0.1000000000         0.4496295825         2.4241353924       -23.0601310982
        2.9450054000         0.1000000000         0.4547342362         2.3399234363       -22.9271564497
        2.9500043000         0.1000000000         0.4368679482         2.2506077252       -23.3925677193
        2.9550041000         0.1000000000         0.4572865631         2.1638438916       -22.8606691255
        2.9600101000         0.1000000000         0.4470772556         2.0668725482       -23.1266184224
        2.9650052000         0.1000000000         0.4445249288         1.9826605920       -23.1931057466
        2.9700047000         0.1000000000         0.4292109677         1.8831373711       -23.5920296920
        2.9750076000         0.1000000000         0.4266586408         1.8091329248       -23.6585170162
        2.9800047000         0.1000000000         0.4623912168         1.7223690912       -22.7276944770
        2.9850051000         0.1000000000         0.4470772556         1.6330533802       -23.1266184224
        2.9900062000         0.1000000000         0.4266586408         1.5335301593       -23.6585170162
        2.9950051000         0.1000000000         0.4343156214         1.4442144482       -23.4590550435
        3.0000062000         0.1000000000         0.4368679482         1.3548987371       -23.3925677193
        3.0050053000         0.1000000000         0.4470772556         1.2783424134       -23.1266184224
        3.0100061000         0.1000000000         0.4572865631         1.1864748248       -22.8606691255
        3.0150051000         0.1000000000         0.4343156214         1.0971591138       -23.4590550435
        3.0200065000         0.1000000000         0.4368679482         1.0027396478       -23.3925677193
        3.0250044000         0.1000000000         0.4445249288         0.9108720593       -23.1931057466
        3.0300062000         0.1000000000         0.4419726019         0.8215563482       -23.2595930708
        3.0350048000         0.1000000000         0.4266586408         0.7296887597       -23.6585170162
        3.0400067000         0.1000000000         0.4445249288         0.6454768035       -23.1931057466
        3.0450048000         0.1000000000         0.4445249288         0.5485054601       -23.1931057466
        3.0500058000         0.1000000000         0.4419726019         0.4489822392       -23.2595930708
        3.0550064000         0.1000000000         0.4419726019         0.3673221605       -23.2595930708
        3.0600062000         0.1000000000         0.4343156214         0.2703508170       -23.4590550435
        3.0650037000         0.1000000000         0.4343156214         0.1733794736       -23.4590550435
        3.0700075000         0.1000000000         0.4521819094         0.0789600076       -22.9936437739
        3.0750050000         0.1000000000         0.4394202751         0.0024036839       -23.3260803951
        3.0800061000         0.1000000000         0.4368679482         0.0049555613       -23.3925677193
        3.0850039000         0.1000000000         0.4419726019         5.0066353810       -23.2595930708
        3.0900047000         0.1000000000         0.4394202751         4.9989797486       -23.3260803951
        3.0950049000         0.1000000000         0.4445249288         4.9377346896       -23.1931057466
        3.1000048000         0.1000000000         0.4343156214         4.8331077137       -23.4590550435
        3.1051461000         0.1000000000         0.4317632945         4.7310326154       -23.5255423678
        3.1100038000         0.1000000000         0.4496295825         4.6468206592       -23.0601310982
        3.1150153000         0.1000000000         0.4394202751         4.5524011933       -23.3260803951
        3.1200074000         0.1000000000         0.4317632945         4.4554298498       -23.5255423678
        3.1250054000         0.1000000000         0.4419726019         4.3661141388       -23.2595930708
        3.1300064000         0.1000000000         0.4496295825         4.2895578150       -23.0601310982
        3.1350060000         0.1000000000         0.4394202751         4.1874827166       -23.3260803951
        3.1400038000         0.1000000000         0.4317632945         4.0956151281       -23.5255423678
        3.1450071000         0.1000000000         0.4394202751         4.0062994170       -23.3260803951
        3.1501175000         0.1000000000         0.4445249288         3.9195355834       -23.1931057466
        3.1550056000         0.1000000000         0.4445249288         3.8327717498       -23.1931057466
        3.1600038000         0.1000000000         0.4445249288         3.7460079162       -23.1931057466
        3.1650040000         0.1000000000         0.4394202751         3.6490365728       -23.3260803951
        3.1700847000         0.1000000000         0.4572865631         3.5699283715       -22.8606691255
        3.1750040000         0.1000000000         0.4419726019         3.4704051506       -23.2595930708
        3.1800043000         0.1000000000         0.4521819094         3.3836413170       -22.9936437739
        3.1850062000         0.1000000000         0.4368679482         3.2968774834       -23.3925677193
        3.1900045000         0.1000000000         0.4419726019         3.2101136498       -23.2595930708
        3.1950055000         0.1000000000         0.4445249288         3.1131423064       -23.1931057466
        3.2000033000         0.1000000000         0.4445249288         3.0263784728       -23.1931057466
        3.2050046000         0.1000000000         0.4598388899         2.9472702715       -22.7941818013
        3.2100048000         0.1000000000         0.4343156214         2.8528508056       -23.4590550435
        3.2150061000         0.1000000000         0.4470772556         2.7711907269       -23.1266184224
        3.2200067000         0.1000000000         0.4623912168         2.6844268933       -22.7276944770
        3.2250063000         0.1000000000         0.4292109677         2.5925593047       -23.5920296920
        3.2300075000         0.1000000000         0.4343156214         2.4904842064       -23.4590550435
        3.2350061000         0.1000000000         0.4521819094         2.4037203728       -22.9936437739
        3.2400054000         0.1000000000         0.4547342362         2.3220602941       -22.9271564497
        3.2450067000         0.1000000000         0.4419726019         2.2327445830       -23.2595930708
        3.2500066000         0.1000000000         0.4368679482         2.1383251170       -23.3925677193
        3.2550069000         0.1000000000         0.4394202751         2.0490094060       -23.3260803951
        3.2600045000         0.1000000000         0.4496295825         1.9673493273       -23.0601310982
        3.2650056000         0.1000000000         0.4470772556         1.8780336162       -23.1266184224
        3.2700044000         0.1000000000         0.4445249288         1.7861660277       -23.1931057466
        3.2750073000         0.1000000000         0.4419726019         1.7096097039       -23.2595930708
        3.2800062000         0.1000000000         0.4368679482         1.6100864830       -23.3925677193
        3.2850060000         0.1000000000         0.4547342362         1.5207707720       -22.9271564497
        3.2900051000         0.1000000000         0.4394202751         1.4416625707       -23.3260803951
        3.2950061000         0.1000000000         0.4292109677         1.3446912273       -23.5920296920
        3.3000043000         0.1000000000         0.4547342362         1.2553755162       -22.9271564497
        3.3050060000         0.1000000000         0.4623912168         1.1762673150       -22.7276944770
        3.3100061000         0.1000000000         0.4343156214         1.0792959716       -23.4590550435
        3.3150041000         0.1000000000         0.4368679482         0.9874283830       -23.3925677193
        3.3200038000         0.1000000000         0.4445249288         0.8955607945       -23.1931057466
        3.3250080000         0.1000000000         0.4394202751         0.7985894511       -23.3260803951
        3.3300066000         0.1000000000         0.4445249288         0.7194812498       -23.1931057466
        3.3351188000         0.1000000000         0.4215539871         0.6148542740       -23.7914916647
        3.3400250000         0.1000000000         0.4496295825         0.5382979502       -23.0601310982
        3.3450066000         0.1000000000         0.4368679482         0.4387747293       -23.3925677193
        3.3500073000         0.1000000000         0.4445249288         0.3392515084       -23.1931057466
        3.3550074000         0.1000000000         0.4292109677         0.2550395523       -23.5920296920
        3.3600063000         0.1000000000         0.4292109677         0.1555163314       -23.5920296920
        3.3650056000         0.1000000000         0.4419726019         0.0636487429       -23.2595930708
        3.3700200000         0.1000000000         0.4317632945        -0.0027000711       -23.5255423678
        3.3750066000         0.1000000000         0.4266586408         1.0486734420       -23.6585170162
        3.3800034000         0.1000000000         0.4419726019         5.0040835035       -23.2595930708
        3.3850068000         0.1000000000         0.4343156214         5.0040835035       -23.4590550435
        3.3900055000         0.1000000000         0.4572865631         4.9224234248       -22.8606691255
        3.3950071000         0.1000000000         0.4470772556         4.8177964490       -23.1266184224
        3.4000065000         0.1000000000         0.4266586408         4.7259288605       -23.6585170162
        3.4050043000         0.1000000000         0.4419726019         4.6289575170       -23.2595930708
        3.4100060000         0.1000000000         0.4547342362         4.5396418060       -22.9271564497
        3.4150065000         0.1000000000         0.4394202751         4.4528779724       -23.3260803951
        3.4200035000         0.1000000000         0.4470772556         4.3584585064       -23.1266184224
        3.4250071000         0.1000000000         0.4394202751         4.2640390404       -23.3260803951
        3.4300061000         0.1000000000         0.4470772556         4.1772752068       -23.1266184224
        3.4350082000         0.1000000000         0.4496295825         4.0930632506       -23.0601310982
        3.4400072000         0.1000000000         0.4343156214         3.9986437847       -23.4590550435
        3.4450050000         0.1000000000         0.4419726019         3.9042243187       -23.2595930708
        3.4500083000         0.1000000000         0.4521819094         3.8251161174       -22.9936437739
        3.4550057000         0.1000000000         0.4419726019         3.7306966515       -23.2595930708
        3.4600061000         0.1000000000         0.4445249288         3.6413809404       -23.1931057466
        3.4650062000         0.1000000000         0.4445249288         3.5495133519       -23.1931057466
        3.4700067000         0.1000000000         0.4419726019         3.4601976408       -23.2595930708
        3.4750038000         0.1000000000         0.4572865631         3.3734338072       -22.8606691255
        3.4800052000         0.1000000000         0.4394202751         3.2866699736       -23.3260803951
        3.4850034000         0.1000000000         0.4547342362         3.1999061400       -22.9271564497
        3.4900024000         0.1000000000         0.4445249288         3.1054866740       -23.1931057466
        3.4950043000         0.1000000000         0.4598388899         3.0263784728       -22.7941818013
        3.5000038000         0.1000000000         0.4470772556         2.9243033744       -23.1266184224
        3.5050056000         0.1000000000         0.4470772556         2.8528508056       -23.1266184224
        3.5100048000         0.1000000000         0.4521819094         2.7558794621       -22.9936437739
        3.5150037000         0.1000000000         0.4547342362         2.6614599961       -22.9271564497
        3.5200030000         0.1000000000         0.4317632945         2.5721442851       -23.5255423678
        3.5250036000         0.1000000000         0.4572865631         2.4904842064       -22.8606691255
        3.5300050000         0.1000000000         0.4343156214         2.3884091080       -23.4590550435
        3.5350048000         0.1000000000         0.4496295825         2.3041971519       -23.0601310982
        3.5400049000         0.1000000000         0.4572865631         2.2174333183       -22.8606691255
        3.5450548000         0.1000000000         0.4445249288         2.1230138523       -23.1931057466
        3.5500047000         0.1000000000         0.4266586408         2.0336981412       -23.6585170162
        3.5550048000         0.1000000000         0.4496295825         1.9520380625       -23.0601310982
        3.5600028000         0.1000000000         0.4496295825         1.8627223515       -23.0601310982
        3.5650044000         0.1000000000         0.4445249288         1.7708547629       -23.1931057466
        3.5700048000         0.1000000000         0.4266586408         1.6789871744       -23.6585170162
        3.5750048000         0.1000000000         0.4419726019         1.6075346056       -23.2595930708
        3.5800056000         0.1000000000         0.4445249288         1.5054595072       -23.1931057466
        3.5850047000         0.1000000000         0.4521819094         1.4237994285       -22.9936437739
        3.5900028000         0.1000000000         0.4317632945         1.3344837175       -23.5255423678
        3.5950052000         0.1000000000         0.4368679482         1.2375123740       -23.3925677193
        3.6000038000         0.1000000000         0.4521819094         1.1609560502       -22.9936437739
        3.6050052000         0.1000000000         0.4419726019         1.0614328293       -23.2595930708
        3.6100037000         0.1000000000         0.4419726019         0.9695652408       -23.2595930708
        3.6150052000         0.1000000000         0.4241063139         0.8828014072       -23.7250043404
        3.6200032000         0.1000000000         0.4445249288         0.7883819412       -23.1931057466
        3.6250050000         0.1000000000         0.4419726019         0.7016181076       -23.2595930708
        3.6300041000         0.1000000000         0.4241063139         0.6020948867       -23.7250043404
        3.6350050000         0.1000000000         0.4419726019         0.5153310531       -23.2595930708
        3.6400044000         0.1000000000         0.4445249288         0.4209115871       -23.1931057466
        3.6450047000         0.1000000000         0.4317632945         0.3264921211       -23.5255423678
        3.6500034000         0.1000000000         0.4470772556         0.2397282875       -23.1266184224
        3.6550064000         0.1000000000         0.4394202751         0.1529644539       -23.3260803951
        3.6600040000         0.1000000000         0.4470772556         0.0559931105       -23.1266184224
        3.6650068000         0.1000000000         0.4470772556        -0.0001481936       -23.1266184224
        3.6700054000         0.1000000000         0.4419726019         1.1022628687       -23.2595930708
        3.6750070000         0.1000000000         0.4445249288         5.0091872584       -23.1931057466
        3.6800038000         0.1000000000         0.4343156214         4.9938759937       -23.4590550435
        3.6850062000         0.1000000000         0.4572865631         4.8994565277       -22.8606691255
        3.6900052000         0.1000000000         0.4470772556         4.8075889392       -23.1266184224
        3.6950039000         0.1000000000         0.4368679482         4.7233769830       -23.3925677193
        3.7000055000         0.1000000000         0.4368679482         4.6161981297       -23.3925677193
        3.7050054000         0.1000000000         0.4496295825         4.5370899285       -23.0601310982
        3.7100061000         0.1000000000         0.4343156214         4.4299110752       -23.4590550435
        3.7150039000         0.1000000000         0.4547342362         4.3508028740       -22.9271564497
        3.7200068000         0.1000000000         0.4266586408         4.2461758982       -23.6585170162
        3.7250167000         0.1000000000         0.4598388899         4.1619639420       -22.7941818013
        3.7300149000         0.1000000000         0.4547342362         4.0803038633       -22.9271564497
        3.7350049000         0.1000000000         0.4317632945         3.9833325199       -23.5255423678
        3.7400062000         0.1000000000         0.4470772556         3.8889130539       -23.1266184224
        3.7450068000         0.1000000000         0.4419726019         3.8098048527       -23.2595930708
        3.7500056000         0.1000000000         0.4445249288         3.7204891416       -23.1931057466
        3.7550061000         0.1000000000         0.4547342362         3.6260696756       -22.9271564497
        3.7600055000         0.1000000000         0.4343156214         3.5367539646       -23.4590550435
        3.7650046000         0.1000000000         0.4445249288         3.4499901310       -23.1931057466
        3.7700032000         0.1000000000         0.4572865631         3.3657781748       -22.8606691255
        3.7750056000         0.1000000000         0.4445249288         3.2713587088       -23.1931057466
        3.7800075000         0.1000000000         0.4470772556         3.1845948752       -23.1266184224
        3.7850042000         0.1000000000         0.4419726019         3.0952791642       -23.2595930708
        3.7900070000         0.1000000000         0.4521819094         3.0085153306       -22.9936437739
        3.7950042000         0.1000000000         0.4598388899         2.9294071293       -22.7941818013
        3.8000066000         0.1000000000         0.4445249288         2.8324357859       -23.1931057466
        3.8050043000         0.1000000000         0.4470772556         2.7431200748       -23.1266184224
        3.8100053000         0.1000000000         0.4343156214         2.6487006088       -23.4590550435
        3.8150026000         0.1000000000         0.4343156214         2.5593848978       -23.4590550435
        3.8200031000         0.1000000000         0.4674958705         2.4828285740       -22.5947198286
        3.8250043000         0.1000000000         0.4470772556         2.3884091080       -23.1266184224
        3.8300058000         0.1000000000         0.4368679482         2.2965415195       -23.3925677193
        3.8350034000         0.1000000000         0.4623912168         2.2148814408       -22.7276944770
        3.8400040000         0.1000000000         0.4470772556         2.1128063424       -23.1266184224
        3.8450035000         0.1000000000         0.4445249288         2.0311462638       -23.1931057466
        3.8500027000         0.1000000000         0.4470772556         1.9469343076       -23.1266184224
        3.8550045000         0.1000000000         0.4470772556         1.8499629642       -23.1266184224
        3.8600040000         0.1000000000         0.4521819094         1.7657510080       -22.9936437739
        3.8650026000         0.1000000000         0.4470772556         1.6738834195       -23.1266184224
        3.8700040000         0.1000000000         0.4317632945         1.5922233408       -23.5255423678
        3.8750036000         0.1000000000         0.4445249288         1.5029076297       -23.1931057466
        3.8800025000         0.1000000000         0.4470772556         1.4135919187       -23.1266184224
        3.8850043000         0.1000000000         0.4572865631         1.3293799625       -22.8606691255
        3.8900037000         0.1000000000         0.4343156214         1.2324086191       -23.4590550435
        3.8950181000         0.1000000000         0.4394202751         1.1456447855       -23.3260803951
        3.9000046000         0.1000000000         0.4419726019         1.0639847068       -23.2595930708
        3.9050034000         0.1000000000         0.4445249288         0.9644614859       -23.1931057466
        3.9100042000         0.1000000000         0.4266586408         0.8725938974       -23.6585170162
        3.9150032000         0.1000000000         0.4445249288         0.7730706765       -23.1931057466
        3.9200026000         0.1000000000         0.4419726019         0.6863068429       -23.2595930708
        3.9250036000         0.1000000000         0.4445249288         0.6071986416       -23.1931057466
        3.9300050000         0.1000000000         0.4394202751         0.5102272982       -23.3260803951
        3.9350044000         0.1000000000         0.4368679482         0.4081521998       -23.3925677193
        3.9400063000         0.1000000000         0.4419726019         0.3290439986       -23.2595930708
        3.9450041000         0.1000000000         0.4598388899         0.2371764101       -22.7941818013
        3.9500062000         0.1000000000         0.4292109677         0.1325494343       -23.5920296920
        3.9550055000         0.1000000000         0.4317632945         0.0381299683       -23.5255423678
        3.9600085000         0.1000000000         0.4419726019         0.0024036839       -23.2595930708
        3.9650075000         0.1000000000         0.4547342362         1.1175741334       -22.9271564497
        3.9700259000         0.1000000000         0.4419726019         5.0142910133       -23.2595930708
        3.9750036000         0.1000000000         0.4419726019         4.9913241162       -23.2595930708
        3.9800062000         0.1000000000         0.4419726019         4.8892490178       -23.2595930708
        3.9850056000         0.1000000000         0.4445249288         4.8024851842       -23.1931057466
        3.9900055000         0.1000000000         0.4547342362         4.7080657183       -22.9271564497
        3.9950066000         0.1000000000         0.4343156214         4.6034387424       -23.4590550435
        4.0000039000         0.1000000000         0.4317632945         4.5166749088       -23.5255423678
        4.0050031000         0.1000000000         0.4547342362         4.4273591978       -22.9271564497
        4.0100030000         0.1000000000         0.4394202751         4.3303878543       -23.3260803951
        4.0150052000         0.1000000000         0.4368679482         4.2487277756       -23.3925677193
        4.0200059000         0.1000000000         0.4445249288         4.1619639420       -23.1931057466
        4.0250038000         0.1000000000         0.4419726019         4.0726482310       -23.2595930708
        4.0300061000         0.1000000000         0.4419726019         3.9782287650       -23.2595930708
        4.0350045000         0.1000000000         0.4445249288         3.8812574215       -23.1931057466
        4.0400052000         0.1000000000         0.4394202751         3.7944935879       -23.3260803951
        4.0450035000         0.1000000000         0.4343156214         3.7077297543       -23.4590550435
        4.0500046000         0.1000000000         0.4445249288         3.6107584109       -23.1931057466
        4.0550031000         0.1000000000         0.4470772556         3.5290983322       -23.1266184224
        4.0600040000         0.1000000000         0.4368679482         3.4346788662       -23.3925677193
        4.0650040000         0.1000000000         0.4470772556         3.3555706650       -23.1266184224
        4.0700033000         0.1000000000         0.4572865631         3.2688068314       -22.8606691255
        4.0750210000         0.1000000000         0.4547342362         3.1743873654       -22.9271564497
        4.0800031000         0.1000000000         0.4445249288         3.0901754092       -23.1931057466
        4.0850017000         0.1000000000         0.4496295825         2.9957559433       -23.0601310982
        4.0900024000         0.1000000000         0.4496295825         2.9089921097       -23.0601310982
        4.0950046000         0.1000000000         0.4470772556         2.8222282761       -23.1266184224
        4.1000023000         0.1000000000         0.4445249288         2.7278088101       -23.1931057466
        4.1050025000         0.1000000000         0.4470772556         2.6410449765       -23.1266184224
        4.1100045000         0.1000000000         0.4445249288         2.5542811429       -23.1931057466
        4.1150030000         0.1000000000         0.4674958705         2.4675173092       -22.5947198286
        4.1200038000         0.1000000000         0.4521819094         2.3730978433       -22.9936437739
        4.1250052000         0.1000000000         0.4470772556         2.2939896420       -23.1266184224
        4.1300033000         0.1000000000         0.4394202751         2.1919145437       -23.3260803951
        4.1350047000         0.1000000000         0.4572865631         2.1153582199       -22.8606691255
        4.1400044000         0.1000000000         0.4496295825         2.0158349990       -23.0601310982
        4.1450038000         0.1000000000         0.4368679482         1.9265192879       -23.3925677193
        4.1500072000         0.1000000000         0.4368679482         1.8423073318       -23.3925677193
        4.1550048000         0.1000000000         0.4470772556         1.7478878658       -23.1266184224
        4.1600057000         0.1000000000         0.4598388899         1.6738834195       -22.7941818013
        4.1650108000         0.1000000000         0.4266586408         1.5743601986       -23.6585170162
        4.1701306000         0.1000000000         0.4419726019         1.4901482425       -23.2595930708
        4.1750071000         0.1000000000         0.4496295825         1.3982806539       -23.0601310982
        4.1800068000         0.1000000000         0.4419726019         1.3140686978       -23.2595930708
        4.1850048000         0.1000000000         0.4470772556         1.2349604965       -23.1266184224
        4.1900239000         0.1000000000         0.4317632945         1.1277816433       -23.5255423678
        4.1950036000         0.1000000000         0.4419726019         1.0384659322       -23.2595930708
        4.2000023000         0.1000000000         0.4470772556         0.9517020986       -23.1266184224
        4.2050032000         0.1000000000         0.4394202751         0.8700420199       -23.3260803951
        4.2100053000         0.1000000000         0.4215539871         0.7679669216       -23.7914916647
        4.2150050000         0.1000000000         0.4368679482         0.6812030879       -23.3925677193
        4.2200067000         0.1000000000         0.4419726019         0.5842317445       -23.2595930708
        4.2250062000         0.1000000000         0.4317632945         0.4949160334       -23.5255423678
        4.2300050000         0.1000000000         0.4292109677         0.4081521998       -23.5920296920
        4.2350061000         0.1000000000         0.4547342362         0.3213883662       -22.9271564497
        4.2400061000         0.1000000000         0.4496295825         0.2269689002       -23.0601310982
        4.2450065000         0.1000000000         0.4368679482         0.1274456793       -23.3925677193
        4.2500042000         0.1000000000         0.4394202751         0.0279224584       -23.3260803951
        4.2550072000         0.1000000000         0.4368679482        -0.0027000711       -23.3925677193
        4.2601897000         0.1000000000         0.4368679482         1.1073666236       -23.3925677193
        4.2650062000         0.1000000000         0.4547342362         5.0066353810       -22.9271564497
        4.2700074000         0.1000000000         0.4368679482         4.9811166064       -23.3925677193
        4.2750058000         0.1000000000         0.4470772556         4.8892490178       -23.1266184224
        4.2800067000         0.1000000000         0.4292109677         4.7820701646       -23.5920296920
        4.2850060000         0.1000000000         0.4445249288         4.6902025760       -23.1931057466
        4.2900063000         0.1000000000         0.4445249288         4.5957831101       -23.1931057466
        4.2950050000         0.1000000000         0.4419726019         4.5141230314       -23.2595930708
        4.3000066000         0.1000000000         0.4470772556         4.4273591978       -23.1266184224
        4.3050038000         0.1000000000         0.4445249288         4.3303878543       -23.1931057466
        4.3100070000         0.1000000000         0.4470772556         4.2385202658       -23.1266184224
        4.3150062000         0.1000000000         0.4445249288         4.1466526773       -23.1931057466
        4.3200057000         0.1000000000         0.4368679482         4.0598888437       -23.3925677193
        4.3250036000         0.1000000000         0.4292109677         3.9654693777       -23.5920296920
        4.3300060000         0.1000000000         0.4496295825         3.8812574215       -23.0601310982
        4.3350067000         0.1000000000         0.4445249288         3.7970454654       -23.1931057466
        4.3400061000         0.1000000000         0.4470772556         3.7026259994       -23.1266184224
        4.3450060000         0.1000000000         0.4470772556         3.6107584109       -23.1266184224
        4.3500070000         0.1000000000         0.4496295825         3.5163389449       -23.0601310982
        4.3550070000         0.1000000000         0.4445249288         3.4346788662       -23.1931057466
        4.3600065000         0.1000000000         0.4470772556         3.3428112777       -23.1266184224
        4.3650075000         0.1000000000         0.4521819094         3.2637030765       -22.9936437739
        4.3700066000         0.1000000000         0.4623912168         3.1667317330       -22.7276944770
        4.3750062000         0.1000000000         0.4343156214         3.0799678994       -23.4590550435
        4.3800057000         0.1000000000         0.4572865631         2.9957559433       -22.8606691255
        4.3850047000         0.1000000000         0.4547342362         2.9013364773       -22.9271564497
        4.3900054000         0.1000000000         0.4445249288         2.8145726437       -23.1931057466
        4.3950060000         0.1000000000         0.4598388899         2.7303606875       -22.7941818013
        4.4000050000         0.1000000000         0.4547342362         2.6435968539       -22.9271564497
        4.4050064000         0.1000000000         0.4317632945         2.5440736330       -23.5255423678
        4.4100062000         0.1000000000         0.4496295825         2.4522060445       -23.0601310982
        4.4150043000         0.1000000000         0.4572865631         2.3705459658       -22.8606691255
        4.4200048000         0.1000000000         0.4394202751         2.2812302547       -23.3260803951
        4.4250080000         0.1000000000         0.4445249288         2.1842589113       -23.1931057466
        4.4300045000         0.1000000000         0.4470772556         2.1000469552       -23.1266184224
        4.4350032000         0.1000000000         0.4547342362         2.0132831215       -22.9271564497
        4.4400034000         0.1000000000         0.4394202751         1.9265192879       -23.3260803951
        4.4450432000         0.1000000000         0.4087923528         1.8320998220       -24.1239282858
        4.4500086000         0.1000000000         0.4394202751         1.7427841109       -23.3260803951
        4.4550042000         0.1000000000         0.4521819094         1.6636759097       -22.9936437739
        4.4600044000         0.1000000000         0.4445249288         1.5743601986       -23.1931057466
        4.4650046000         0.1000000000         0.4419726019         1.4875963650       -23.2595930708
        4.4700055000         0.1000000000         0.4343156214         1.3906250215       -23.4590550435
        4.4750079000         0.1000000000         0.4394202751         1.3089649429       -23.3260803951
        4.4800034000         0.1000000000         0.4623912168         1.2273048642       -22.7276944770
        4.4850047000         0.1000000000         0.4445249288         1.1379891531       -23.1931057466
        4.4900027000         0.1000000000         0.4266586408         1.0359140547       -23.6585170162
        4.4950045000         0.1000000000         0.4496295825         0.9568058535       -23.0601310982
        4.5000041000         0.1000000000         0.4445249288         0.8547307552       -23.1931057466
        4.5050063000         0.1000000000         0.4266586408         0.7603112892       -23.6585170162
        4.5100034000         0.1000000000         0.4394202751         0.6760993330       -23.3260803951
        4.5150047000         0.1000000000         0.4470772556         0.5842317445       -23.1266184224
        4.5200043000         0.1000000000         0.4496295825         0.4974679109       -23.0601310982
        4.5250048000         0.1000000000         0.4419726019         0.4004965675       -23.2595930708
        4.5300028000         0.1000000000         0.4470772556         0.3060771015       -23.1266184224
        4.5350047000         0.1000000000         0.4317632945         0.2091057580       -23.5255423678
        4.5400044000         0.1000000000         0.4445249288         0.1223419244       -23.1931057466
        4.5450030000         0.1000000000         0.4496295825         0.0304743359       -23.0601310982
        4.5500033000         0.1000000000         0.4419726019         0.0075074388       -23.2595930708
        4.5550051000         0.1000000000         0.4394202751         1.1073666236       -23.3260803951
        4.5600053000         0.1000000000         0.4470772556         5.0066353810       -23.1266184224
        4.5650047000         0.1000000000         0.4317632945         4.9683572191       -23.5255423678
        4.5700053000         0.1000000000         0.4496295825         4.8739377531       -23.0601310982
        4.5750049000         0.1000000000         0.4343156214         4.7871739195       -23.4590550435
        4.5800036000         0.1000000000         0.4445249288         4.6953063310       -23.1931057466
        4.5850049000         0.1000000000         0.4598388899         4.6008868650       -22.7941818013
        4.5900041000         0.1000000000         0.4343156214         4.5064673990       -23.4590550435
        4.5950048000         0.1000000000         0.4368679482         4.4043923006       -23.3925677193
        4.6000028000         0.1000000000         0.4445249288         4.3176284670       -23.1931057466
        4.6050046000         0.1000000000         0.4445249288         4.2359683883       -23.1931057466
        4.6100056000         0.1000000000         0.4572865631         4.1415489224       -22.8606691255
        4.6150054000         0.1000000000         0.4470772556         4.0598888437       -23.1266184224
        4.6200051000         0.1000000000         0.4266586408         3.9603656228       -23.6585170162
        4.6250048000         0.1000000000         0.4649435436         3.8736017892       -22.6612071528
        4.6300034000         0.1000000000         0.4572865631         3.7944935879       -22.8606691255
        4.6350046000         0.1000000000         0.4419726019         3.7000741219       -23.2595930708
        4.6400043000         0.1000000000         0.4547342362         3.6082065334       -22.9271564497
        4.6450026000         0.1000000000         0.4445249288         3.5137870674       -23.1931057466
        4.6504187000         0.1000000000         0.4496295825         3.4244713564       -23.0601310982
        4.6550033000         0.1000000000         0.4394202751         3.3428112777       -23.3260803951
        4.6600050000         0.1000000000         0.4496295825         3.2509436892       -23.0601310982
        4.6650034000         0.1000000000         0.4623912168         3.1692836105       -22.7276944770
        4.6700059000         0.1000000000         0.4394202751         3.0697603896       -23.3260803951
        4.6750049000         0.1000000000         0.4547342362         2.9855484334       -22.9271564497
        4.6800063000         0.1000000000         0.4496295825         2.9038883547       -23.0601310982
        4.6850054000         0.1000000000         0.4445249288         2.8094688888       -23.1931057466
        4.6900506000         0.1000000000         0.4623912168         2.7278088101       -22.7276944770
        4.6951354000         0.1000000000         0.4496295825         2.6359412215       -23.0601310982
        4.7000080000         0.1000000000         0.4266586408         2.5389698781       -23.6585170162
        4.7050076000         0.1000000000         0.4572865631         2.4547579220       -22.8606691255
        4.7100033000         0.1000000000         0.4470772556         2.3603384560       -23.1266184224
        4.7150069000         0.1000000000         0.4496295825         2.2786783773       -23.0601310982
        4.7200057000         0.1000000000         0.4445249288         2.1842589113       -23.1931057466
        4.7250055000         0.1000000000         0.4496295825         2.1025988326       -23.0601310982
        4.7300058000         0.1000000000         0.4445249288         2.0132831215       -23.1931057466
        4.7350033000         0.1000000000         0.4445249288         1.9163117781       -23.1931057466
        4.7400029000         0.1000000000         0.4496295825         1.8372035769       -23.0601310982
        4.7450080000         0.1000000000         0.4343156214         1.7427841109       -23.4590550435
        4.7500070000         0.1000000000         0.4419726019         1.6687796646       -23.2595930708
        4.7550056000         0.1000000000         0.4445249288         1.5692564437       -23.1931057466
        4.7600046000         0.1000000000         0.4547342362         1.4799407326       -22.9271564497
        4.7650048000         0.1000000000         0.4419726019         1.3982806539       -23.2595930708
        4.7700044000         0.1000000000         0.4164493334         1.3013093105       -23.9244663131
        4.7750054000         0.1000000000         0.4496295825         1.2170973543       -23.0601310982
        4.7800071000         0.1000000000         0.4445249288         1.1252297658       -23.1931057466
        4.7850061000         0.1000000000         0.4394202751         1.0410178097       -23.3260803951
        4.7900043000         0.1000000000         0.4470772556         0.9517020986       -23.1266184224
        4.7950057000         0.1000000000         0.4394202751         0.8598345101       -23.3260803951
        4.8000030000         0.1000000000         0.4521819094         0.7705187990       -22.9936437739
        4.8050065000         0.1000000000         0.4547342362         0.6837549654       -22.9271564497
        4.8100039000         0.1000000000         0.4343156214         0.5765761121       -23.4590550435
        4.8150032000         0.1000000000         0.4368679482         0.4949160334       -23.3925677193
        4.8200027000         0.1000000000         0.4547342362         0.4004965675       -22.9271564497
        4.8250033000         0.1000000000         0.4394202751         0.3060771015       -23.3260803951
        4.8300059000         0.1000000000         0.4368679482         0.2091057580       -23.3925677193
        4.8350212000         0.1000000000         0.4368679482         0.1223419244       -23.3925677193
        4.8400053000         0.1000000000         0.4521819094         0.0330262134       -22.9936437739
        4.8451697000         0.1000000000         0.4317632945        -0.0001481936       -23.5255423678
        4.8500030000         0.1000000000         0.4445249288         1.1022628687       -23.1931057466
        4.8550031000         0.1000000000         0.4419726019         5.0168428908       -23.2595930708
        4.8600039000         0.1000000000         0.4419726019         4.9734609740       -23.2595930708
        4.8650060000         0.1000000000         0.4547342362         4.8764896306       -22.9271564497
        4.8700038000         0.1000000000         0.4241063139         4.7922776744       -23.7250043404
        4.8750042000         0.1000000000         0.4445249288         4.6902025760       -23.1931057466
        4.8800041000         0.1000000000         0.4496295825         4.5957831101       -23.0601310982
        4.8850847000         0.1000000000         0.4445249288         4.5064673990       -23.1931057466
        4.8900036000         0.1000000000         0.4521819094         4.4171516879       -22.9936437739
        4.8951111000         0.1000000000         0.4368679482         4.3176284670       -23.3925677193
        4.9000067000         0.1000000000         0.4368679482         4.2359683883       -23.3925677193
        4.9050071000         0.1000000000         0.4572865631         4.1466526773       -22.8606691255
        4.9100074000         0.1000000000         0.4496295825         4.0547850888       -23.0601310982
        4.9150061000         0.1000000000         0.4394202751         3.9731250101       -23.3260803951
        4.9200052000         0.1000000000         0.4470772556         3.8736017892       -23.1266184224
        4.9250068000         0.1000000000         0.4470772556         3.7919417105       -23.1266184224
        4.9300253000         0.1000000000         0.4394202751         3.7000741219       -23.3260803951
        4.9350081000         0.1000000000         0.4394202751         3.6031027785       -23.3260803951
        4.9400065000         0.1000000000         0.4470772556         3.5214426998       -23.1266184224
        4.9450099000         0.1000000000         0.4547342362         3.4321269888       -22.9271564497
        4.9500042000         0.1000000000         0.4521819094         3.3428112777       -22.9936437739
        4.9550092000         0.1000000000         0.4343156214         3.2483918117       -23.4590550435
        4.9600049000         0.1000000000         0.4572865631         3.1769392429       -22.8606691255
        4.9650043000         0.1000000000         0.4419726019         3.0799678994       -23.2595930708
        4.9700048000         0.1000000000         0.4572865631         2.9932040658       -22.8606691255
        4.9750052000         0.1000000000         0.4572865631         2.9089921097       -22.8606691255
        4.9800024000         0.1000000000         0.4547342362         2.8222282761       -22.9271564497
        4.9850066000         0.1000000000         0.4445249288         2.7201531777       -23.1931057466
        4.9900039000         0.1000000000         0.4598388899         2.6359412215       -22.7941818013
        4.9950022000         0.1000000000         0.4419726019         2.5466255105       -23.2595930708
        5.0000060000         0.1000000000         0.4572865631         2.4675173092       -22.8606691255
        5.0050121000         0.1000000000         0.4419726019         2.3654422109       -23.2595930708
        5.0100055000         0.1000000000         0.4394202751         2.2786783773       -23.3260803951
        5.0150043000         0.1000000000         0.4521819094         2.1893626662       -22.9936437739
        5.0200027000         0.1000000000         0.4547342362         2.1051507101       -22.9271564497
        5.0250067000         0.1000000000         0.4343156214         2.0107312441       -23.4590550435
        5.0300043000         0.1000000000         0.4343156214         1.9163117781       -23.4590550435
        5.0350034000         0.1000000000         0.4496295825         1.8397554543       -23.0601310982
        5.0400042000         0.1000000000         0.4521819094         1.7453359884       -22.9936437739
        5.0450037000         0.1000000000         0.4292109677         1.6636759097       -23.5920296920
        5.0500049000         0.1000000000         0.4394202751         1.5794639535       -23.3260803951
        5.0550043000         0.1000000000         0.4496295825         1.4875963650       -23.0601310982
        5.0600037000         0.1000000000         0.4521819094         1.3982806539       -22.9936437739
        5.0650048000         0.1000000000         0.4394202751         1.3115168203       -23.3260803951
        5.0700042000         0.1000000000         0.4496295825         1.2247529867       -23.0601310982
        5.0750043000         0.1000000000         0.4445249288         1.1328853982       -23.1931057466
        5.0800055000         0.1000000000         0.4470772556         1.0384659322       -23.1266184224
        5.0850060000         0.1000000000         0.4521819094         0.9568058535       -22.9936437739
        5.0900031000         0.1000000000         0.4292109677         0.8623863875       -23.5920296920
        5.0950047000         0.1000000000         0.4368679482         0.7628631666       -23.3925677193
        5.1000069000         0.1000000000         0.4496295825         0.6735474556       -23.0601310982
        5.1050051000         0.1000000000         0.4419726019         0.5867836220       -23.2595930708
        5.1100046000         0.1000000000         0.4394202751         0.4974679109       -23.3260803951
        5.1150179000         0.1000000000         0.4368679482         0.3979446900       -23.3925677193
        5.1200047000         0.1000000000         0.4445249288         0.3111808564       -23.1931057466
        5.1250036000         0.1000000000         0.4445249288         0.2167613904       -23.1931057466
        5.1300047000         0.1000000000         0.4394202751         0.1248938019       -23.3260803951
        5.1350033000         0.1000000000         0.4496295825         0.0355780908       -23.0601310982
        5.1400047000         0.1000000000         0.4521819094         0.0100593162       -22.9936437739
        5.1450030000         0.1000000000         0.4419726019         1.1073666236       -23.2595930708
        5.1500039000         0.1000000000         0.4343156214         4.9989797486       -23.4590550435
        5.1550053000         0.1000000000         0.4445249288         4.9836684838       -23.1931057466
        5.1600048000         0.1000000000         0.4470772556         4.8892490178       -23.1266184224
        5.1650056000         0.1000000000         0.4496295825         4.7871739195       -23.0601310982
        5.1700059000         0.1000000000         0.4317632945         4.6876506986       -23.5255423678
        5.1750126000         0.1000000000         0.4445249288         4.6008868650       -23.1931057466
        5.1800050000         0.1000000000         0.4343156214         4.4988117666       -23.4590550435
        5.1850037000         0.1000000000         0.4445249288         4.4120479330       -23.1931057466
        5.1900062000         0.1000000000         0.4445249288         4.3278359769       -23.1931057466
        5.1950045000         0.1000000000         0.4445249288         4.2359683883       -23.1931057466
        5.2000064000         0.1000000000         0.4343156214         4.1389970449       -23.4590550435
        5.2050059000         0.1000000000         0.4572865631         4.0675444760       -22.8606691255
        5.2100037000         0.1000000000         0.4445249288         3.9705731326       -23.1931057466
        5.2150063000         0.1000000000         0.4445249288         3.8736017892       -23.1931057466
        5.2200046000         0.1000000000         0.4445249288         3.8021492203       -23.1931057466
        5.2250054000         0.1000000000         0.4623912168         3.7102816318       -22.7276944770
        5.2300044000         0.1000000000         0.4496295825         3.6133102883       -23.0601310982
        5.2350047000         0.1000000000         0.4445249288         3.5265464547       -23.1931057466
        5.2400035000         0.1000000000         0.4419726019         3.4295751113       -23.2595930708
        5.2450053000         0.1000000000         0.4496295825         3.3504669101       -23.0601310982
        5.2500033000         0.1000000000         0.4445249288         3.2534955666       -23.1931057466
        5.2550036000         0.1000000000         0.4547342362         3.1743873654       -22.9271564497
        5.2600047000         0.1000000000         0.4394202751         3.0825197769       -23.3260803951
        5.2650049000         0.1000000000         0.4470772556         2.9881003109       -23.1266184224
        5.2700057000         0.1000000000         0.4572865631         2.9064402322       -22.8606691255
        5.2750059000         0.1000000000         0.4547342362         2.8196763986       -22.9271564497
        5.2800072000         0.1000000000         0.4419726019         2.7303606875       -23.2595930708
        5.2850072000         0.1000000000         0.4445249288         2.6435968539       -23.1931057466
        5.2900269000         0.1000000000         0.4521819094         2.5491773879       -22.9936437739
        5.2950098000         0.1000000000         0.4700481974         2.4700691867       -22.5282325043
        5.3000085000         0.1000000000         0.4496295825         2.3833053531       -23.0601310982
        5.3050071000         0.1000000000         0.4547342362         2.2837821322       -22.9271564497
        5.3100051000         0.1000000000         0.4496295825         2.1995701761       -23.0601310982
        5.3175901000         0.1000000000         0.4419726019         2.0541131609       -23.2595930708
        5.3200052000         0.1000000000         0.4598388899         2.0260425088       -22.7941818013
        5.3250050000         0.1000000000         0.4445249288         1.9341749203       -23.1931057466
        5.3300216000         0.1000000000         0.4419726019         1.8346516994       -23.2595930708
        5.3350051000         0.1000000000         0.4496295825         1.7580953756       -23.0601310982
        5.3400058000         0.1000000000         0.4598388899         1.6789871744       -22.7941818013
        5.3450028000         0.1000000000         0.4394202751         1.5871195859       -23.3260803951
        5.3500045000         0.1000000000         0.4368679482         1.4901482425       -23.3925677193
        5.3550051000         0.1000000000         0.4470772556         1.4033844088       -23.1266184224
        5.3600059000         0.1000000000         0.4547342362         1.3115168203       -22.9271564497
        5.3650050000         0.1000000000         0.4343156214         1.2324086191       -23.4590550435
        5.3700050000         0.1000000000         0.4445249288         1.1379891531       -23.1931057466
        5.3750056000         0.1000000000         0.4445249288         1.0461215646       -23.1931057466
        5.3800113000         0.1000000000         0.4394202751         0.9491502211       -23.3260803951
        5.3850027000         0.1000000000         0.4394202751         0.8700420199       -23.3260803951
        5.3900050000         0.1000000000         0.4470772556         0.7756225539       -23.1266184224
        5.3950047000         0.1000000000         0.4343156214         0.6786512105       -23.4590550435
        5.4000055000         0.1000000000         0.4419726019         0.5842317445       -23.2595930708
        5.4050049000         0.1000000000         0.4343156214         0.4923641560       -23.4590550435
        5.4100047000         0.1000000000         0.4292109677         0.4056003224       -23.5920296920
        5.4150029000         0.1000000000         0.4496295825         0.3111808564       -23.0601310982
        5.4200082000         0.1000000000         0.4521819094         0.2193132679       -22.9936437739
        5.4250036000         0.1000000000         0.4343156214         0.1274456793       -23.4590550435
        5.4300048000         0.1000000000         0.4368679482         0.0330262134       -23.3925677193
        5.4350054000         0.1000000000         0.4419726019         0.0049555613       -23.2595930708
        5.4400048000         0.1000000000         0.4419726019         1.1073666236       -23.2595930708
        5.4450030000         0.1000000000         0.4496295825         5.0117391359       -23.0601310982
        5.4500048000         0.1000000000         0.4394202751         4.9811166064       -23.3260803951
        5.4550037000         0.1000000000         0.4445249288         4.8815933855       -23.1931057466
        5.4600054000         0.1000000000         0.4419726019         4.7897257969       -23.2595930708
        5.4650027000         0.1000000000         0.4419726019         4.6978582084       -23.2595930708
        5.4700052000         0.1000000000         0.4547342362         4.6059906199       -22.9271564497
        5.4750035000         0.1000000000         0.4445249288         4.5141230314       -23.1931057466
        5.4800047000         0.1000000000         0.4445249288         4.4145998105       -23.1931057466
        5.4850039000         0.1000000000         0.4521819094         4.3227322219       -22.9936437739
        5.4900048000         0.1000000000         0.4292109677         4.2334165109       -23.5920296920
        5.4950051000         0.1000000000         0.4521819094         4.1543083097       -22.9936437739
        5.5000054000         0.1000000000         0.4419726019         4.0624407211       -23.2595930708
        5.5050051000         0.1000000000         0.4419726019         3.9705731326       -23.2595930708
        5.5100048000         0.1000000000         0.4547342362         3.8838092990       -22.9271564497
        5.5150040000         0.1000000000         0.4394202751         3.7919417105       -23.3260803951
        5.5200041000         0.1000000000         0.4419726019         3.7102816318       -23.2595930708
        5.5250042000         0.1000000000         0.4470772556         3.6056546560       -23.1266184224
        5.5300027000         0.1000000000         0.4343156214         3.5214426998       -23.4590550435
        5.5350027000         0.1000000000         0.4368679482         3.4346788662       -23.3925677193
        5.5400055000         0.1000000000         0.4496295825         3.3453631551       -23.0601310982
        5.5450042000         0.1000000000         0.4394202751         3.2585993215       -23.3260803951
        5.5500120000         0.1000000000         0.4674958705         3.1718354879       -22.5947198286
        5.5550035000         0.1000000000         0.4496295825         3.0850716543       -23.0601310982
        5.5600064000         0.1000000000         0.4496295825         2.9906521883       -23.0601310982
        5.5650060000         0.1000000000         0.4521819094         2.9038883547       -22.9936437739
        5.5700132000         0.1000000000         0.4445249288         2.8120207662       -23.1931057466
        5.5750029000         0.1000000000         0.4496295825         2.7278088101       -23.0601310982
        5.5800063000         0.1000000000         0.4164493334         2.6333893441       -23.9244663131
        5.5850061000         0.1000000000         0.4419726019         2.5517292654       -23.2595930708
        5.5900045000         0.1000000000         0.4572865631         2.4598616769       -22.8606691255
        5.5950040000         0.1000000000         0.4419726019         2.3679940883       -23.2595930708
        5.6000061000         0.1000000000         0.4419726019         2.2786783773       -23.2595930708
        5.6050053000         0.1000000000         0.4496295825         2.1944664211       -23.0601310982
        5.6100038000         0.1000000000         0.4445249288         2.1051507101       -23.1931057466
        5.6150084000         0.1000000000         0.4496295825         2.0107312441       -23.0601310982
        5.6200060000         0.1000000000         0.4496295825         1.9316230429       -23.0601310982
        5.6250062000         0.1000000000         0.4368679482         1.8372035769       -23.3925677193
        5.6300042000         0.1000000000         0.4521819094         1.7504397433       -22.9936437739
        5.6350049000         0.1000000000         0.4470772556         1.6585721547       -23.1266184224
        5.6400036000         0.1000000000         0.4343156214         1.5820158310       -23.4590550435
        5.6450034000         0.1000000000         0.4572865631         1.4927001199       -22.8606691255
        5.6500041000         0.1000000000         0.4496295825         1.3957287765       -23.0601310982
        5.6550048000         0.1000000000         0.4394202751         1.3013093105       -23.3260803951
        5.6600063000         0.1000000000         0.4445249288         1.2170973543       -23.1931057466
        5.6650054000         0.1000000000         0.4343156214         1.1354372756       -23.4590550435
        5.6700028000         0.1000000000         0.4419726019         1.0512253195       -23.2595930708
        5.6750051000         0.1000000000         0.4521819094         0.9568058535       -22.9936437739
        5.6800029000         0.1000000000         0.4547342362         0.8674901425       -22.9271564497
        5.6850056000         0.1000000000         0.4368679482         0.7756225539       -23.3925677193
        5.6900058000         0.1000000000         0.4292109677         0.6709955781       -23.5920296920
        5.6950052000         0.1000000000         0.4445249288         0.5791279896       -23.1931057466
        5.7000041000         0.1000000000         0.4572865631         0.4974679109       -22.8606691255
        5.7050047000         0.1000000000         0.4317632945         0.4081521998       -23.5255423678
        5.7100041000         0.1000000000         0.4419726019         0.3035252240       -23.2595930708
        5.7150048000         0.1000000000         0.4521819094         0.2218651453       -22.9936437739
        5.7200049000         0.1000000000         0.4368679482         0.1274456793       -23.3925677193
        5.7250050000         0.1000000000         0.4445249288         0.0279224584       -23.1931057466
        5.7300082000         0.1000000000         0.4419726019         0.0049555613       -23.2595930708
        5.7350049000         0.1000000000         0.4419726019         1.1073666236       -23.2595930708
        5.7400033000         0.1000000000         0.4496295825         5.0015316260       -23.0601310982
        5.7450174000         0.1000000000         0.4445249288         4.9734609740       -23.1931057466
        5.7500031000         0.1000000000         0.4394202751         4.8790415080       -23.3260803951
        5.7550077000         0.1000000000         0.4419726019         4.7871739195       -23.2595930708
        5.7600063000         0.1000000000         0.4343156214         4.6876506986       -23.4590550435
        5.7650044000         0.1000000000         0.4445249288         4.5932312326       -23.1931057466
        5.7700035000         0.1000000000         0.4317632945         4.5013636441       -23.5255423678
        5.7750037000         0.1000000000         0.4496295825         4.4197035654       -23.0601310982
        5.7800066000         0.1000000000         0.4470772556         4.3329397318       -23.1266184224
        5.7850284000         0.1000000000         0.4419726019         4.2283127560       -23.2595930708
        5.7900041000         0.1000000000         0.4521819094         4.1415489224       -22.9936437739
        5.7950035000         0.1000000000         0.4317632945         4.0471294564       -23.5255423678
        5.8000069000         0.1000000000         0.4215539871         3.9603656228       -23.7914916647
        5.8050044000         0.1000000000         0.4496295825         3.8710499117       -23.0601310982
        5.8100037000         0.1000000000         0.4521819094         3.7919417105       -22.9936437739
        5.8150052000         0.1000000000         0.4343156214         3.7051778769       -23.4590550435
        5.8202074000         0.1000000000         0.4521819094         3.6031027785       -22.9936437739
        5.8250046000         0.1000000000         0.4521819094         3.5214426998       -22.9936437739
        5.8300612000         0.1000000000         0.4521819094         3.4372307437       -22.9936437739
        5.8350048000         0.1000000000         0.4470772556         3.3377075228       -23.1266184224
        5.8401778000         0.1000000000         0.4445249288         3.2509436892       -23.1931057466
        5.8450052000         0.1000000000         0.4674958705         3.1743873654       -22.5947198286
        5.8500055000         0.1000000000         0.4445249288         3.0799678994       -23.1931057466
        5.8550057000         0.1000000000         0.4241063139         2.9804446785       -23.7250043404
        5.8600046000         0.1000000000         0.4572865631         2.9089921097       -22.8606691255
        5.8650036000         0.1000000000         0.4470772556         2.8145726437       -23.1266184224
        5.8700271000         0.1000000000         0.4470772556         2.7252569326       -23.1266184224
        5.8750032000         0.1000000000         0.4470772556         2.6359412215       -23.1266184224
        5.8800054000         0.1000000000         0.4368679482         2.5415217556       -23.3925677193
        5.8850066000         0.1000000000         0.4547342362         2.4624135543       -22.9271564497
        5.8900160000         0.1000000000         0.4623912168         2.3782015982       -22.7276944770
        5.8950061000         0.1000000000         0.4445249288         2.2761264998       -23.1931057466
        5.9000048000         0.1000000000         0.4470772556         2.1919145437       -23.1266184224
        5.9050046000         0.1000000000         0.4547342362         2.1102544650       -22.9271564497
        5.9100045000         0.1000000000         0.4496295825         2.0132831215       -23.0601310982
        5.9150056000         0.1000000000         0.4445249288         1.9239674105       -23.1931057466
        5.9200056000         0.1000000000         0.4521819094         1.8423073318       -22.9936437739
        5.9250052000         0.1000000000         0.4419726019         1.7427841109       -23.2595930708
        5.9300032000         0.1000000000         0.4445249288         1.6636759097       -23.1931057466
        5.9350036000         0.1000000000         0.4470772556         1.5718083211       -23.1266184224
        5.9400032000         0.1000000000         0.4547342362         1.4850444875       -22.9271564497
        5.9450037000         0.1000000000         0.4292109677         1.3880731441       -23.5920296920
        5.9500066000         0.1000000000         0.4292109677         1.3013093105       -23.5920296920
        5.9550206000         0.1000000000         0.4674958705         1.2273048642       -22.5947198286
        5.9600047000         0.1000000000         0.4470772556         1.1277816433       -23.1266184224
        5.9650044000         0.1000000000         0.4292109677         1.0384659322       -23.5920296920
        5.9700041000         0.1000000000         0.4445249288         0.9491502211       -23.1931057466
        5.9750057000         0.1000000000         0.4419726019         0.8521788777       -23.2595930708
        5.9800049000         0.1000000000         0.4368679482         0.7603112892       -23.3925677193
        5.9850050000         0.1000000000         0.4394202751         0.6684437007       -23.3260803951
        5.9900054000         0.1000000000         0.4394202751         0.5816798670       -23.3260803951
        5.9951500000         0.1000000000         0.4419726019         0.4847085236       -23.2595930708
        6.0000029000         0.1000000000         0.4164493334         0.4030484449       -23.9244663131
        6.0050064000         0.1000000000         0.4419726019         0.3137327338       -23.2595930708
        6.0100116000         0.1000000000         0.4394202751         0.2116576355       -23.3260803951
        6.0150039000         0.1000000000         0.4419726019         0.1223419244       -23.2595930708
        6.0200056000         0.1000000000         0.4521819094         0.0304743359       -22.9936437739
        6.0250050000         0.1000000000         0.4343156214        -0.0052519485       -23.4590550435
        6.0300060000         0.1000000000         0.4470772556         1.1124703785       -23.1266184224
        6.0350059000         0.1000000000         0.4496295825         5.0091872584       -23.0601310982
        6.0400068000         0.1000000000         0.4521819094         4.9836684838       -22.9936437739
        6.0450037000         0.1000000000         0.4445249288         4.8790415080       -23.1931057466
        6.0500045000         0.1000000000         0.4368679482         4.7871739195       -23.3925677193
        6.0550055000         0.1000000000         0.4317632945         4.6927544535       -23.5255423678
        6.0600061000         0.1000000000         0.4496295825         4.5983349875       -23.0601310982
        6.0650807000         0.1000000000         0.4445249288         4.5064673990       -23.1931057466
        6.0700085000         0.1000000000         0.4470772556         4.4120479330       -23.1266184224
        6.0750040000         0.1000000000         0.4419726019         4.3303878543       -23.2595930708
        6.0800038000         0.1000000000         0.4470772556         4.2359683883       -23.1266184224
        6.0850039000         0.1000000000         0.4572865631         4.1492045547       -22.8606691255
        6.0900447000         0.1000000000         0.4419726019         4.0598888437       -23.2595930708
        6.0950036000         0.1000000000         0.4368679482         3.9705731326       -23.3925677193
        6.1000047000         0.1000000000         0.4521819094         3.8863611765       -22.9936437739
        6.1050057000         0.1000000000         0.4547342362         3.7919417105       -22.9271564497
        6.1100041000         0.1000000000         0.4343156214         3.6975222445       -23.4590550435
        6.1150040000         0.1000000000         0.4445249288         3.6031027785       -23.1931057466
        6.1200067000         0.1000000000         0.4445249288         3.5239945773       -23.1931057466
        6.1250080000         0.1000000000         0.4470772556         3.4295751113       -23.1266184224
        6.1300033000         0.1000000000         0.4419726019         3.3402594002       -23.2595930708
        6.1350078000         0.1000000000         0.4470772556         3.2534955666       -23.1266184224
        6.1400043000         0.1000000000         0.4521819094         3.1692836105       -22.9936437739
        6.1450053000         0.1000000000         0.4470772556         3.0799678994       -23.1266184224
        6.1500064000         0.1000000000         0.4445249288         2.9855484334       -23.1931057466
        6.1550054000         0.1000000000         0.4394202751         2.8962327224       -23.3260803951
        6.1600036000         0.1000000000         0.4394202751         2.8196763986       -23.3260803951
        6.1650060000         0.1000000000         0.4572865631         2.7278088101       -22.8606691255
        6.1700050000         0.1000000000         0.4470772556         2.6384930990       -23.1266184224
        6.1750067000         0.1000000000         0.4394202751         2.5491773879       -23.3260803951
        6.1800039000         0.1000000000         0.4598388899         2.4649654318       -22.7941818013
        6.1850060000         0.1000000000         0.4445249288         2.3730978433       -23.1931057466
        6.1900054000         0.1000000000         0.4419726019         2.2735746224       -23.2595930708
        6.1950035000         0.1000000000         0.4496295825         2.1893626662       -23.0601310982
        6.2000056000         0.1000000000         0.4496295825         2.1025988326       -23.0601310982
        6.2050045000         0.1000000000         0.4368679482         2.0081793666       -23.3925677193
        6.2100164000         0.1000000000         0.4419726019         1.9188636556       -23.2595930708
        6.2150038000         0.1000000000         0.4343156214         1.8372035769       -23.4590550435
        6.2200044000         0.1000000000         0.4572865631         1.7555434982       -22.8606691255
        6.2250039000         0.1000000000         0.4368679482         1.6687796646       -23.3925677193
        6.2300057000         0.1000000000         0.4445249288         1.5820158310       -23.1931057466
        6.2350055000         0.1000000000         0.4572865631         1.4850444875       -22.8606691255
        6.2400062000         0.1000000000         0.4419726019         1.3957287765       -23.2595930708
        6.2450043000         0.1000000000         0.4368679482         1.3166205752       -23.3925677193
        6.2500083000         0.1000000000         0.4419726019         1.2196492318       -23.2595930708
        6.2550057000         0.1000000000         0.4496295825         1.1277816433       -23.0601310982
        6.2600040000         0.1000000000         0.4496295825         1.0435696871       -23.0601310982
        6.2650060000         0.1000000000         0.4368679482         0.9465983437       -23.3925677193
        6.2700051000         0.1000000000         0.4190016602         0.8521788777       -23.8579789889
        6.2750066000         0.1000000000         0.4419726019         0.7577594117       -23.2595930708
        6.2800050000         0.1000000000         0.4445249288         0.6684437007       -23.1931057466
        6.2850074000         0.1000000000         0.4317632945         0.5867836220       -23.5255423678
        6.2900112000         0.1000000000         0.4113446797         0.4847085236       -24.0574409616
        6.2950077000         0.1000000000         0.4368679482         0.4004965675       -23.3925677193
        6.3000049000         0.1000000000         0.4547342362         0.3060771015       -22.9271564497
        6.3050084000         0.1000000000         0.4394202751         0.2142095129       -23.3260803951
        6.3100057000         0.1000000000         0.4394202751         0.1197900470       -23.3260803951
        6.3150056000         0.1000000000         0.4368679482         0.0253705810       -23.3925677193
        6.3200105000         0.1000000000         0.4445249288        -0.0027000711       -23.1931057466
        6.3250312000         0.1000000000         0.4317632945         1.1022628687       -23.5255423678
        6.3300081000         0.1000000000         0.4419726019         5.0040835035       -23.2595930708
        6.3350132000         0.1000000000         0.4470772556         4.9734609740       -23.1266184224
        6.3400069000         0.1000000000         0.4496295825         4.8790415080       -23.0601310982
        6.3450060000         0.1000000000         0.4368679482         4.7897257969       -23.3925677193
        6.3500081000         0.1000000000         0.4470772556         4.6953063310       -23.1266184224
        6.3550047000         0.1000000000         0.4572865631         4.6034387424       -22.8606691255
        6.3600069000         0.1000000000         0.4343156214         4.5064673990       -23.4590550435
        6.3650074000         0.1000000000         0.4368679482         4.4069441781       -23.3925677193
        6.3700066000         0.1000000000         0.4317632945         4.3176284670       -23.5255423678
        6.3750055000         0.1000000000         0.4343156214         4.2308646334       -23.4590550435
        6.3800072000         0.1000000000         0.4470772556         4.1389970449       -23.1266184224
        6.3850066000         0.1000000000         0.4394202751         4.0496813338       -23.3260803951
        6.3900069000         0.1000000000         0.4317632945         3.9629175002       -23.5255423678
        6.3950301000         0.1000000000         0.4496295825         3.8684980342       -23.0601310982
        6.4000055000         0.1000000000         0.4445249288         3.7919417105       -23.1931057466
        6.4050050000         0.1000000000         0.4521819094         3.6949703670       -22.9936437739
        6.4100359000         0.1000000000         0.4521819094         3.6133102883       -22.9936437739
        6.4150046000         0.1000000000         0.4419726019         3.5086833125       -23.2595930708
        6.4200041000         0.1000000000         0.4317632945         3.4193676015       -23.5255423678
        6.4250046000         0.1000000000         0.4598388899         3.3351556453       -22.7941818013
        6.4300065000         0.1000000000         0.4445249288         3.2560474441       -23.1931057466
        6.4350043000         0.1000000000         0.4547342362         3.1616279781       -22.9271564497
        6.4400053000         0.1000000000         0.4317632945         3.0723122670       -23.5255423678
        6.4450046000         0.1000000000         0.4726005242         2.9906521883       -22.4617451801
        6.4500067000         0.1000000000         0.4470772556         2.8962327224       -23.1266184224
        6.4550070000         0.1000000000         0.4470772556         2.8094688888       -23.1266184224
        6.4600044000         0.1000000000         0.4470772556         2.7201531777       -23.1266184224
        6.4650062000         0.1000000000         0.4470772556         2.6333893441       -23.1266184224
        6.4700033000         0.1000000000         0.4445249288         2.5440736330       -23.1931057466
        6.4750036000         0.1000000000         0.4598388899         2.4547579220       -22.7941818013
        6.4800052000         0.1000000000         0.4521819094         2.3705459658       -22.9936437739
        6.4850049000         0.1000000000         0.4445249288         2.2761264998       -23.1931057466
        6.4901226000         0.1000000000         0.4598388899         2.1868107888       -22.7941818013
        6.4950033000         0.1000000000         0.4547342362         2.0974950777       -22.9271564497
        6.5000034000         0.1000000000         0.4419726019         2.0081793666       -23.2595930708
        6.5050041000         0.1000000000         0.4496295825         1.9265192879       -23.0601310982
        6.5100072000         0.1000000000         0.4598388899         1.8346516994       -22.7941818013
        6.5150052000         0.1000000000         0.4496295825         1.7478878658       -23.0601310982
        6.5200046000         0.1000000000         0.4368679482         1.6509165224       -23.3925677193
        6.5250555000         0.1000000000         0.4292109677         1.5667045662       -23.5920296920
        6.5300147000         0.1000000000         0.4445249288         1.4850444875       -23.1931057466
        6.5350084000         0.1000000000         0.4445249288         1.3855212666       -23.1931057466
        6.5400073000         0.1000000000         0.4547342362         1.3089649429       -22.9271564497
        6.5450057000         0.1000000000         0.4419726019         1.2145454769       -23.2595930708
        6.5500225000         0.1000000000         0.4419726019         1.1328853982       -23.2595930708
        6.5550038000         0.1000000000         0.4419726019         1.0359140547       -23.2595930708
        6.5600052000         0.1000000000         0.4470772556         0.9389427113       -23.1266184224
        6.5650038000         0.1000000000         0.4266586408         0.8521788777       -23.6585170162
        6.5700028000         0.1000000000         0.4445249288         0.7654150441       -23.1931057466
        6.5750017000         0.1000000000         0.4470772556         0.6709955781       -23.1266184224
        6.5800027000         0.1000000000         0.4445249288         0.5791279896       -23.1931057466
        6.5850023000         0.1000000000         0.4496295825         0.4898122785       -23.0601310982
        6.5900028000         0.1000000000         0.4343156214         0.3979446900       -23.4590550435
        6.5950064000         0.1000000000         0.4394202751         0.2958695916       -23.3260803951
        6.6000025000         0.1000000000         0.4394202751         0.2167613904       -23.3260803951
        6.6050014000         0.1000000000         0.4317632945         0.1146862920       -23.5255423678
        6.6100028000         0.1000000000         0.4521819094         0.0279224584       -22.9936437739
        6.6150043000         0.1000000000         0.4470772556        -0.0052519485       -23.1266184224
        6.6200034000         0.1000000000         0.4394202751         1.1048147461       -23.3260803951
        6.6250067000         0.1000000000         0.4394202751         5.0040835035       -23.3260803951
        6.6300063000         0.1000000000         0.4394202751         4.9709090965       -23.3260803951
        6.6350049000         0.1000000000         0.4572865631         4.8841452629       -22.8606691255
        6.6400044000         0.1000000000         0.4445249288         4.7795182871       -23.1931057466
        6.6450050000         0.1000000000         0.4521819094         4.6953063310       -22.9936437739
        6.6500031000         0.1000000000         0.4445249288         4.6008868650       -23.1931057466
        6.6550042000         0.1000000000         0.4419726019         4.5013636441       -23.2595930708
        6.6607233000         0.1000000000         0.4496295825         4.3992885457       -23.0601310982
        6.6650049000         0.1000000000         0.4470772556         4.3201803445       -23.1266184224
        6.6700044000         0.1000000000         0.4292109677         4.2232090010       -23.5920296920
        6.6750044000         0.1000000000         0.4547342362         4.1466526773       -22.9271564497
        6.6800047000         0.1000000000         0.4470772556         4.0547850888       -23.1266184224
        6.6850045000         0.1000000000         0.4445249288         3.9654693777       -23.1931057466
        6.6900047000         0.1000000000         0.4496295825         3.8761536666       -23.0601310982
        6.6950040000         0.1000000000         0.4445249288         3.7791823232       -23.1931057466
        6.7000051000         0.1000000000         0.4419726019         3.7026259994       -23.2595930708
        6.7050028000         0.1000000000         0.4598388899         3.6082065334       -22.7941818013
        6.7100058000         0.1000000000         0.4445249288         3.5188908224       -23.1931057466
        6.7150060000         0.1000000000         0.4496295825         3.4321269888       -23.0601310982
        6.7200061000         0.1000000000         0.4521819094         3.3479150326       -22.9936437739
        6.7250063000         0.1000000000         0.4496295825         3.2458399342       -23.0601310982
        6.7300060000         0.1000000000         0.4572865631         3.1565242232       -22.8606691255
        6.7350061000         0.1000000000         0.4470772556         3.0850716543       -23.1266184224
        6.7400059000         0.1000000000         0.4445249288         2.9829965560       -23.1931057466
        6.7450095000         0.1000000000         0.4496295825         2.9013364773       -23.0601310982
        6.7500062000         0.1000000000         0.4572865631         2.8120207662       -22.8606691255
        6.7550054000         0.1000000000         0.4445249288         2.7176013002       -23.1931057466
        6.7600083000         0.1000000000         0.4368679482         2.6359412215       -23.3925677193
        6.7650052000         0.1000000000         0.4419726019         2.5389698781       -23.2595930708
        6.7700045000         0.1000000000         0.4623912168         2.4598616769       -22.7276944770
        6.7750041000         0.1000000000         0.4470772556         2.3654422109       -23.1266184224
        6.7800054000         0.1000000000         0.4445249288         2.2812302547       -23.1931057466
        6.7850060000         0.1000000000         0.4470772556         2.1893626662       -23.1266184224
        6.7900040000         0.1000000000         0.4623912168         2.1051507101       -22.7276944770
        6.7950069000         0.1000000000         0.4445249288         2.0030756117       -23.1931057466
        6.8000057000         0.1000000000         0.4266586408         1.9137599006       -23.6585170162
        6.8050047000         0.1000000000         0.4368679482         1.8346516994       -23.3925677193
        6.8100061000         0.1000000000         0.4598388899         1.7504397433       -22.7941818013
        6.8150061000         0.1000000000         0.4598388899         1.6662277871       -22.7941818013
        6.8200053000         0.1000000000         0.4062400259         1.5692564437       -24.1904156100
        6.8250050000         0.1000000000         0.4394202751         1.4799407326       -23.3260803951
        6.8300055000         0.1000000000         0.4419726019         1.3855212666       -23.2595930708
        6.8350044000         0.1000000000         0.4445249288         1.3064130654       -23.1931057466
        6.8400045000         0.1000000000         0.4368679482         1.2170973543       -23.3925677193
        6.8450037000         0.1000000000         0.4496295825         1.1328853982       -23.0601310982
        6.8500049000         0.1000000000         0.4445249288         1.0461215646       -23.1931057466
        6.8550045000         0.1000000000         0.4445249288         0.9389427113       -23.1931057466
        6.8600065000         0.1000000000         0.4317632945         0.8496270002       -23.5255423678
        6.8650036000         0.1000000000         0.4317632945         0.7654150441       -23.5255423678
        6.8700046000         0.1000000000         0.4419726019         0.6684437007       -23.2595930708
        6.8750394000         0.1000000000         0.4445249288         0.5740242347       -23.1931057466
        6.8800049000         0.1000000000         0.4496295825         0.4949160334       -23.0601310982
        6.8850072000         0.1000000000         0.4343156214         0.3979446900       -23.4590550435
        6.8900053000         0.1000000000         0.4445249288         0.3035252240       -23.1931057466
        6.8950055000         0.1000000000         0.4547342362         0.2091057580       -22.9271564497
        6.9000060000         0.1000000000         0.4343156214         0.1070306597       -23.4590550435
        6.9050365000         0.1000000000         0.4343156214         0.0279224584       -23.4590550435
        6.9100076000         0.1000000000         0.4470772556         0.0100593162       -23.1266184224
        6.9150066000         0.1000000000         0.4419726019         1.1022628687       -23.2595930708
        6.9200062000         0.1000000000         0.4547342362         5.0142910133       -22.9271564497
        6.9250063000         0.1000000000         0.4292109677         4.9683572191       -23.5920296920
        6.9300063000         0.1000000000         0.4343156214         4.8713858756       -23.4590550435
        6.9350066000         0.1000000000         0.4292109677         4.7744145322       -23.5920296920
        6.9400036000         0.1000000000         0.4572865631         4.6902025760       -22.8606691255
        6.9450059000         0.1000000000         0.4394202751         4.5957831101       -23.3260803951
        6.9500062000         0.1000000000         0.4368679482         4.4988117666       -23.3925677193
        6.9550058000         0.1000000000         0.4572865631         4.4145998105       -22.8606691255
        6.9600112000         0.1000000000         0.4547342362         4.3252840994       -22.9271564497
        6.9650076000         0.1000000000         0.4572865631         4.2334165109       -22.8606691255
        6.9700049000         0.1000000000         0.4419726019         4.1287895351       -23.2595930708
        6.9750056000         0.1000000000         0.4470772556         4.0522332113       -23.1266184224
        6.9800066000         0.1000000000         0.4419726019         3.9654693777       -23.2595930708
        6.9850045000         0.1000000000         0.4547342362         3.8684980342       -22.9271564497
        6.9900065000         0.1000000000         0.4419726019         3.7868379556       -23.2595930708
        6.9950053000         0.1000000000         0.4394202751         3.6873147347       -23.3260803951
        7.0000052000         0.1000000000         0.4470772556         3.6107584109       -23.1266184224
        7.0050059000         0.1000000000         0.4521819094         3.5112351900       -22.9936437739
        7.0100043000         0.1000000000         0.4547342362         3.4346788662       -22.9271564497
        7.0150078000         0.1000000000         0.4394202751         3.3351556453       -23.3260803951
        7.0200063000         0.1000000000         0.4343156214         3.2432880568       -23.4590550435
        7.0250071000         0.1000000000         0.4700481974         3.1590761006       -22.5282325043
        7.0300037000         0.1000000000         0.4445249288         3.0748641445       -23.1931057466
        7.0350037000         0.1000000000         0.4470772556         2.9855484334       -23.1266184224
        7.0400044000         0.1000000000         0.4521819094         2.8987845998       -22.9936437739
        7.0450015000         0.1000000000         0.4572865631         2.8094688888       -22.8606691255
        7.0500044000         0.1000000000         0.4521819094         2.7252569326       -22.9936437739
        7.0550047000         0.1000000000         0.4521819094         2.6359412215       -22.9936437739
        7.0600037000         0.1000000000         0.4445249288         2.5542811429       -23.1931057466
        7.0650030000         0.1000000000         0.4572865631         2.4649654318       -22.8606691255
        7.0700062000         0.1000000000         0.4572865631         2.3679940883       -22.8606691255
        7.0750021000         0.1000000000         0.4419726019         2.2837821322       -23.2595930708
        7.0800044000         0.1000000000         0.4521819094         2.1944664211       -22.9936437739
        7.0850062000         0.1000000000         0.4572865631         2.0974950777       -22.8606691255
        7.0900090000         0.1000000000         0.4470772556         2.0107312441       -23.1266184224
        7.0950059000         0.1000000000         0.4419726019         1.9214155330       -23.2595930708
        7.1000039000         0.1000000000         0.4419726019         1.8320998220       -23.2595930708
        7.1050053000         0.1000000000         0.4496295825         1.7402322334       -23.0601310982
        7.1100033000         0.1000000000         0.4470772556         1.6611240322       -23.1266184224
        7.1150162000         0.1000000000         0.4241063139         1.5667045662       -23.7250043404
        7.1200079000         0.1000000000         0.4445249288         1.4850444875       -23.1931057466
        7.1250040000         0.1000000000         0.4470772556         1.4008325314       -23.1266184224
        7.1300040000         0.1000000000         0.4343156214         1.2987574330       -23.4590550435
        7.1350047000         0.1000000000         0.4470772556         1.2119935994       -23.1266184224
        7.1400053000         0.1000000000         0.4317632945         1.1226778884       -23.5255423678
        7.1450040000         0.1000000000         0.4419726019         1.0435696871       -23.2595930708
        7.1501411000         0.1000000000         0.4470772556         0.9414945888       -23.1266184224
        7.1550066000         0.1000000000         0.4521819094         0.8521788777       -22.9936437739
        7.1600063000         0.1000000000         0.4292109677         0.7603112892       -23.5920296920
        7.1650055000         0.1000000000         0.4394202751         0.6735474556       -23.3260803951
        7.1700062000         0.1000000000         0.4394202751         0.5791279896       -23.3260803951
        7.1750050000         0.1000000000         0.4572865631         0.4949160334       -22.8606691255
        7.1800064000         0.1000000000         0.4394202751         0.3979446900       -23.3260803951
        7.1850071000         0.1000000000         0.4368679482         0.3009733466       -23.3925677193
        7.1900082000         0.1000000000         0.4419726019         0.2116576355       -23.2595930708
        7.1950080000         0.1000000000         0.4419726019         0.1070306597       -23.2595930708
        7.2000063000         0.1000000000         0.4521819094         0.0304743359       -22.9936437739
        7.2050060000         0.1000000000         0.4445249288         0.0075074388       -23.1931057466
        7.2100056000         0.1000000000         0.4343156214         1.1022628687       -23.4590550435
        7.2150060000         0.1000000000         0.4572865631         5.0142910133       -22.8606691255
        7.2200070000         0.1000000000         0.4368679482         4.9734609740       -23.3925677193
        7.2250077000         0.1000000000         0.4470772556         4.8815933855       -23.1266184224
        7.2300084000         0.1000000000         0.4343156214         4.7769664097       -23.4590550435
        7.2350094000         0.1000000000         0.4368679482         4.6825469437       -23.3925677193
        7.2400094000         0.1000000000         0.4598388899         4.5932312326       -22.7941818013
        7.2450086000         0.1000000000         0.4343156214         4.5013636441       -23.4590550435
        7.2500052000         0.1000000000         0.4445249288         4.4094960556       -23.1931057466
        7.2550089000         0.1000000000         0.4394202751         4.3125247121       -23.3260803951
        7.2600049000         0.1000000000         0.4470772556         4.2283127560       -23.1266184224
        7.2650047000         0.1000000000         0.4496295825         4.1389970449       -23.0601310982
        7.2700049000         0.1000000000         0.4470772556         4.0598888437       -23.1266184224
        7.2750045000         0.1000000000         0.4317632945         3.9654693777       -23.5255423678
        7.2800060000         0.1000000000         0.4623912168         3.8736017892       -22.7276944770
        7.2850048000         0.1000000000         0.4445249288         3.7842860781       -23.1931057466
        7.2900050000         0.1000000000         0.4292109677         3.6898666121       -23.5920296920
        7.2950118000         0.1000000000         0.4572865631         3.6133102883       -22.8606691255
        7.3000054000         0.1000000000         0.4496295825         3.5265464547       -23.0601310982
        7.3050036000         0.1000000000         0.4572865631         3.4295751113       -22.8606691255
        7.3100048000         0.1000000000         0.4419726019         3.3402594002       -23.2595930708
        7.3150038000         0.1000000000         0.4394202751         3.2432880568       -23.3260803951
        7.3200067000         0.1000000000         0.4445249288         3.1590761006       -23.1931057466
        7.3250057000         0.1000000000         0.4470772556         3.0748641445       -23.1266184224
        7.3300061000         0.1000000000         0.4572865631         2.9829965560       -22.8606691255
        7.3350076000         0.1000000000         0.4445249288         2.9013364773       -23.1931057466
        7.3400101000         0.1000000000         0.4419726019         2.8120207662       -23.2595930708
        7.3450129000         0.1000000000         0.4598388899         2.7176013002       -22.7941818013
        7.3500058000         0.1000000000         0.4521819094         2.6282855892       -22.9936437739
        7.3550072000         0.1000000000         0.4343156214         2.5440736330       -23.4590550435
        7.3600057000         0.1000000000         0.4470772556         2.4522060445       -23.1266184224
        7.3650034000         0.1000000000         0.4598388899         2.3654422109       -22.7941818013
        7.3700084000         0.1000000000         0.4470772556         2.2812302547       -23.1266184224
        7.3750043000         0.1000000000         0.4445249288         2.1842589113       -23.1931057466
        7.3800045000         0.1000000000         0.4521819094         2.1051507101       -22.9936437739
        7.3850034000         0.1000000000         0.4547342362         2.0158349990       -22.9271564497
        7.3900091000         0.1000000000         0.4445249288         1.9137599006       -23.1931057466
        7.3950029000         0.1000000000         0.4445249288         1.8346516994       -23.1931057466
        7.4000048000         0.1000000000         0.4419726019         1.7478878658       -23.2595930708
        7.4052586000         0.1000000000         0.4445249288         1.6534683998       -23.1931057466
        7.4100048000         0.1000000000         0.4445249288         1.5667045662       -23.1931057466
        7.4150088000         0.1000000000         0.4521819094         1.4824926101       -22.9936437739
        7.4200035000         0.1000000000         0.4470772556         1.4008325314       -23.1266184224
        7.4250038000         0.1000000000         0.4343156214         1.3013093105       -23.4590550435
        7.4300043000         0.1000000000         0.4521819094         1.2196492318       -22.9936437739
        7.4350053000         0.1000000000         0.4496295825         1.1277816433       -23.0601310982
        7.4400033000         0.1000000000         0.4368679482         1.0410178097       -23.3925677193
        7.4450053000         0.1000000000         0.4343156214         0.9440464662       -23.4590550435
        7.4500048000         0.1000000000         0.4292109677         0.8521788777       -23.5920296920
        7.4550054000         0.1000000000         0.4521819094         0.7679669216       -22.9936437739
        7.4600027000         0.1000000000         0.4445249288         0.6709955781       -23.1931057466
        7.4650046000         0.1000000000         0.4419726019         0.5893354994       -23.2595930708
        7.4700043000         0.1000000000         0.4419726019         0.4923641560       -23.2595930708
        7.4750047000         0.1000000000         0.4445249288         0.4004965675       -23.1931057466
        7.4800039000         0.1000000000         0.4419726019         0.3009733466       -23.2595930708
        7.4850047000         0.1000000000         0.4470772556         0.2116576355       -23.1266184224
        7.4900050000         0.1000000000         0.4343156214         0.1223419244       -23.4590550435
        7.4950051000         0.1000000000         0.4547342362         0.0330262134       -22.9271564497
        7.5000037000         0.1000000000         0.4496295825        -0.0001481936       -23.0601310982
        7.5050050000         0.1000000000         0.4343156214         1.1124703785       -23.4590550435
        7.5100053000         0.1000000000         0.4445249288         5.0091872584       -23.1931057466
        7.5150049000         0.1000000000         0.4368679482         4.9785647289       -23.3925677193
        7.5200038000         0.1000000000         0.4572865631         4.8790415080       -22.8606691255
        7.5250058000         0.1000000000         0.4394202751         4.7871739195       -23.3260803951
        7.5300046000         0.1000000000         0.4343156214         4.6902025760       -23.4590550435
        7.5350060000         0.1000000000         0.4572865631         4.6059906199       -22.8606691255
        7.5400036000         0.1000000000         0.4445249288         4.5013636441       -23.1931057466
        7.5450060000         0.1000000000         0.4445249288         4.4197035654       -23.1931057466
        7.5500044000         0.1000000000         0.4470772556         4.3227322219       -23.1266184224
        7.5550079000         0.1000000000         0.4317632945         4.2257608785       -23.5255423678
        7.5600043000         0.1000000000         0.4547342362         4.1441007998       -22.9271564497
        7.5650050000         0.1000000000         0.4419726019         4.0598888437       -23.2595930708
        7.5700048000         0.1000000000         0.4368679482         3.9629175002       -23.3925677193
        7.5750065000         0.1000000000         0.4623912168         3.8787055441       -22.7276944770
        7.5800047000         0.1000000000         0.4470772556         3.7868379556       -23.1266184224
        7.5850064000         0.1000000000         0.4445249288         3.6975222445       -23.1931057466
        7.5900063000         0.1000000000         0.4598388899         3.6184140433       -22.7941818013
        7.5950059000         0.1000000000         0.4496295825         3.5290983322       -23.0601310982
        7.6000065000         0.1000000000         0.4470772556         3.4321269888       -23.1266184224
        7.6050043000         0.1000000000         0.4700481974         3.3555706650       -22.5282325043
        7.6100061000         0.1000000000         0.4368679482         3.2560474441       -23.3925677193
        7.6150052000         0.1000000000         0.4674958705         3.1743873654       -22.5947198286
        7.6200055000         0.1000000000         0.4394202751         3.0850716543       -23.3260803951
        7.6250074000         0.1000000000         0.4623912168         2.9932040658       -22.7276944770
        7.6300084000         0.1000000000         0.4496295825         2.8936808449       -23.0601310982
        7.6350056000         0.1000000000         0.4496295825         2.8196763986       -23.0601310982
        7.6400052000         0.1000000000         0.4521819094         2.7278088101       -22.9936437739
        7.6450058000         0.1000000000         0.4572865631         2.6487006088       -22.8606691255
        7.6500058000         0.1000000000         0.4572865631         2.5568330203       -22.8606691255
        7.6550044000         0.1000000000         0.4572865631         2.4649654318       -22.8606691255
        7.6600085000         0.1000000000         0.4317632945         2.3705459658       -23.5255423678
        7.6650087000         0.1000000000         0.4470772556         2.2812302547       -23.1266184224
        7.6700060000         0.1000000000         0.4521819094         2.1893626662       -22.9936437739
        7.6750040000         0.1000000000         0.4445249288         2.1051507101       -23.1931057466
        7.6800172000         0.1000000000         0.4470772556         2.0260425088       -23.1266184224
        7.6850028000         0.1000000000         0.4547342362         1.9341749203       -22.9271564497
        7.6900050000         0.1000000000         0.4572865631         1.8499629642       -22.8606691255
        7.6950056000         0.1000000000         0.4470772556         1.7580953756       -23.1266184224
        7.7000047000         0.1000000000         0.4419726019         1.6662277871       -23.2595930708
        7.7050030000         0.1000000000         0.4266586408         1.5743601986       -23.6585170162
        7.7100055000         0.1000000000         0.4521819094         1.4901482425       -22.9936437739
        7.7150027000         0.1000000000         0.4572865631         1.4033844088       -22.8606691255
        7.7200055000         0.1000000000         0.4394202751         1.3064130654       -23.3260803951
        7.7250040000         0.1000000000         0.4368679482         1.2273048642       -23.3925677193
        7.7300063000         0.1000000000         0.4521819094         1.1405410306       -22.9936437739
        7.7350050000         0.1000000000         0.4572865631         1.0563290744       -22.8606691255
        7.7400044000         0.1000000000         0.4496295825         0.9670133634       -23.0601310982
        7.7450037000         0.1000000000         0.4062400259         0.8674901425       -24.1904156100
        7.7500059000         0.1000000000         0.4496295825         0.7705187990       -23.0601310982
        7.7550076000         0.1000000000         0.4368679482         0.6786512105       -23.3925677193
        7.7600063000         0.1000000000         0.4368679482         0.5944392543       -23.3925677193
        7.7650773000         0.1000000000         0.4496295825         0.5051235433       -23.0601310982
        7.7700044000         0.1000000000         0.4419726019         0.4158078322       -23.2595930708
        7.7750050000         0.1000000000         0.4445249288         0.3162846113       -23.1931057466
        7.7800065000         0.1000000000         0.4649435436         0.2269689002       -22.6612071528
        7.7850062000         0.1000000000         0.4292109677         0.1299975568       -23.5920296920
        7.7900063000         0.1000000000         0.4343156214         0.0304743359       -23.4590550435
        7.7950040000         0.1000000000         0.4470772556         0.0024036839       -23.1266184224
        7.8000069000         0.1000000000         0.4572865631         1.1150222560       -22.8606691255
        7.8051484000         0.1000000000         0.4445249288         5.0040835035       -23.1931057466
        7.8100099000         0.1000000000         0.4343156214         4.9836684838       -23.4590550435
        7.8150293000         0.1000000000         0.4623912168         4.8943527728       -22.7276944770
        7.8200116000         0.1000000000         0.4470772556         4.7999333068       -23.1266184224
        7.8250062000         0.1000000000         0.4368679482         4.6902025760       -23.3925677193
        7.8300035000         0.1000000000         0.4445249288         4.5957831101       -23.1931057466
        7.8350049000         0.1000000000         0.4394202751         4.5141230314       -23.3260803951
        7.8400055000         0.1000000000         0.4572865631         4.4324629527       -22.8606691255
        7.8450047000         0.1000000000         0.4470772556         4.3329397318       -23.1266184224
        7.8500056000         0.1000000000         0.4343156214         4.2410721433       -23.4590550435
        7.8550047000         0.1000000000         0.4521819094         4.1466526773       -22.9936437739
        7.8600069000         0.1000000000         0.4445249288         4.0624407211       -23.1931057466
        7.8650073000         0.1000000000         0.4368679482         3.9756768875       -23.3925677193
        7.8700053000         0.1000000000         0.4521819094         3.8965686863       -22.9936437739
        7.8750063000         0.1000000000         0.4445249288         3.7995973429       -23.1931057466
        7.8800040000         0.1000000000         0.4470772556         3.7102816318       -23.1266184224
        7.8850095000         0.1000000000         0.4572865631         3.6235177982       -22.8606691255
        7.8900044000         0.1000000000         0.4419726019         3.5290983322       -23.2595930708
        7.8950106000         0.1000000000         0.4496295825         3.4448863760       -23.0601310982
        7.9000063000         0.1000000000         0.4598388899         3.3606744199       -22.7941818013
        7.9050066000         0.1000000000         0.4496295825         3.2611511990       -23.0601310982
        7.9100046000         0.1000000000         0.4547342362         3.1692836105       -22.9271564497
        7.9150056000         0.1000000000         0.4343156214         3.0799678994       -23.4590550435
        7.9200059000         0.1000000000         0.4598388899         3.0034115756       -22.7941818013
        7.9250085000         0.1000000000         0.4572865631         2.9089921097       -22.8606691255
        7.9300041000         0.1000000000         0.4419726019         2.8196763986       -23.2595930708
        7.9350066000         0.1000000000         0.4445249288         2.7354644424       -23.1931057466
        7.9400032000         0.1000000000         0.4394202751         2.6461487314       -23.3260803951
        7.9450059000         0.1000000000         0.4470772556         2.5466255105       -23.1266184224
        7.9500062000         0.1000000000         0.4649435436         2.4675173092       -22.6612071528
        7.9550063000         0.1000000000         0.4470772556         2.3858572306       -23.1266184224
        7.9600045000         0.1000000000         0.4445249288         2.2965415195       -23.1931057466
        7.9650104000         0.1000000000         0.4470772556         2.1944664211       -23.1266184224
        7.9700039000         0.1000000000         0.4496295825         2.1051507101       -23.0601310982
        7.9750113000         0.1000000000         0.4470772556         2.0183868765       -23.1266184224
        7.9800086000         0.1000000000         0.4343156214         1.9341749203       -23.4590550435
        7.9850100000         0.1000000000         0.4470772556         1.8448592093       -23.1266184224
        7.9900045000         0.1000000000         0.4598388899         1.7580953756       -22.7941818013
        7.9950049000         0.1000000000         0.4572865631         1.6764352970       -22.8606691255
        8.0000048000         0.1000000000         0.4368679482         1.5896714634       -23.3925677193
        8.0050035000         0.1000000000         0.4470772556         1.4927001199       -23.1266184224
        8.0100055000         0.1000000000         0.4496295825         1.3982806539       -23.0601310982
        8.0150063000         0.1000000000         0.4445249288         1.3140686978       -23.1931057466
        8.0200045000         0.1000000000         0.4368679482         1.2247529867       -23.3925677193
        8.0250034000         0.1000000000         0.4470772556         1.1379891531       -23.1266184224
        8.0300066000         0.1000000000         0.4419726019         1.0512253195       -23.2595930708
        8.0350321000         0.1000000000         0.4521819094         0.9670133634       -22.9936437739
        8.0400052000         0.1000000000         0.4266586408         0.8623863875       -23.6585170162
        8.0450051000         0.1000000000         0.4368679482         0.7679669216       -23.3925677193
        8.0500062000         0.1000000000         0.4445249288         0.6863068429       -23.1931057466
        8.0550048000         0.1000000000         0.4547342362         0.5969911318       -22.9271564497
        8.0600059000         0.1000000000         0.4445249288         0.5051235433       -23.1931057466
        8.0650041000         0.1000000000         0.4317632945         0.4107040773       -23.5255423678
        8.0700104000         0.1000000000         0.4368679482         0.3086289789       -23.3925677193
        8.0750065000         0.1000000000         0.4547342362         0.2218651453       -22.9271564497
        8.0800062000         0.1000000000         0.4292109677         0.1299975568       -23.5920296920
        8.0850046000         0.1000000000         0.4496295825         0.0432337232       -23.0601310982
        8.0900105000         0.1000000000         0.4470772556        -0.0027000711       -23.1266184224
        8.0950045000         0.1000000000         0.4496295825         1.1175741334       -23.0601310982
        8.1000059000         0.1000000000         0.4343156214         5.0066353810       -23.4590550435
        8.1050054000         0.1000000000         0.4445249288         4.9887722387       -23.1931057466
        8.1100062000         0.1000000000         0.4394202751         4.8892490178       -23.3260803951
        8.1152303000         0.1000000000         0.4445249288         4.7846220420       -23.1931057466
        8.1200072000         0.1000000000         0.4470772556         4.6978582084       -23.1266184224
        8.1250051000         0.1000000000         0.4470772556         4.6110943748       -23.1266184224
        8.1300067000         0.1000000000         0.4292109677         4.5064673990       -23.5920296920
        8.1350100000         0.1000000000         0.4547342362         4.4222554428       -22.9271564497
        8.1400064000         0.1000000000         0.4419726019         4.3303878543       -23.2595930708
        8.1450041000         0.1000000000         0.4445249288         4.2512796531       -23.1931057466
        8.1500062000         0.1000000000         0.4521819094         4.1619639420       -22.9936437739
        8.1550070000         0.1000000000         0.4343156214         4.0573369662       -23.4590550435
        8.1600063000         0.1000000000         0.4419726019         3.9705731326       -23.2595930708
        8.1650081000         0.1000000000         0.4470772556         3.8838092990       -23.1266184224
        8.1700063000         0.1000000000         0.4445249288         3.7970454654       -23.1931057466
        8.1750062000         0.1000000000         0.4343156214         3.7051778769       -23.4590550435
        8.1800056000         0.1000000000         0.4547342362         3.6209659207       -22.9271564497
        8.1850062000         0.1000000000         0.4547342362         3.5367539646       -22.9271564497
        8.1900047000         0.1000000000         0.4419726019         3.4372307437       -23.2595930708
        8.1950055000         0.1000000000         0.4445249288         3.3632262974       -23.1931057466
        8.2000046000         0.1000000000         0.4521819094         3.2585993215       -22.9936437739
        8.2050061000         0.1000000000         0.4572865631         3.1794911203       -22.8606691255
        8.2100041000         0.1000000000         0.4368679482         3.0901754092       -23.3925677193
        8.2150059000         0.1000000000         0.4470772556         2.9957559433       -23.1266184224
        8.2200044000         0.1000000000         0.4572865631         2.9166477420       -22.8606691255
        8.2250055000         0.1000000000         0.4470772556         2.8145726437       -23.1266184224
        8.2300057000         0.1000000000         0.4649435436         2.7354644424       -22.6612071528
        8.2350064000         0.1000000000         0.4419726019         2.6487006088       -23.2595930708
        8.2400049000         0.1000000000         0.4394202751         2.5619367752       -23.3260803951
        8.2450063000         0.1000000000         0.4674958705         2.4751729416       -22.5947198286
        8.2500049000         0.1000000000         0.4547342362         2.3807534756       -22.9271564497
        8.2550059000         0.1000000000         0.4445249288         2.2914377646       -23.1931057466
        8.2600074000         0.1000000000         0.4547342362         2.2072258084       -22.9271564497
        8.2650060000         0.1000000000         0.4547342362         2.1153582199       -22.9271564497
        8.2700047000         0.1000000000         0.4521819094         2.0260425088       -22.9936437739
        8.2750058000         0.1000000000         0.4445249288         1.9341749203       -23.1931057466
        8.2800049000         0.1000000000         0.4496295825         1.8550667191       -23.0601310982
        8.2850061000         0.1000000000         0.4470772556         1.7580953756       -23.1266184224
        8.2900042000         0.1000000000         0.4572865631         1.6738834195       -22.8606691255
        8.2950059000         0.1000000000         0.4496295825         1.5973270957       -23.0601310982
        8.3000061000         0.1000000000         0.4419726019         1.4978038748       -23.2595930708
        8.3050055000         0.1000000000         0.4496295825         1.4186956736       -23.0601310982
        8.3100040000         0.1000000000         0.4394202751         1.3166205752       -23.3260803951
        8.3150064000         0.1000000000         0.4598388899         1.2349604965       -22.7941818013
        8.3200041000         0.1000000000         0.4394202751         1.1481966629       -23.3260803951
        8.3250568000         0.1000000000         0.4317632945         1.0486734420       -23.5255423678
        8.3300045000         0.1000000000         0.4598388899         0.9695652408       -22.7941818013
        8.3350065000         0.1000000000         0.4368679482         0.8700420199       -23.3925677193
        8.3400132000         0.1000000000         0.4343156214         0.7781744314       -23.4590550435
        8.3450064000         0.1000000000         0.4445249288         0.6939624752       -23.1931057466
        8.3500055000         0.1000000000         0.4445249288         0.5944392543       -23.1931057466
        8.3550085000         0.1000000000         0.4368679482         0.5076754207       -23.3925677193
        8.3600048000         0.1000000000         0.4419726019         0.4132559548       -23.2595930708
        8.3650070000         0.1000000000         0.4496295825         0.3213883662       -23.0601310982
        8.3700062000         0.1000000000         0.4496295825         0.2295207777       -23.0601310982
        8.3750052000         0.1000000000         0.4521819094         0.1478606990       -22.9936437739
        8.3800065000         0.1000000000         0.4445249288         0.0406818457       -23.1931057466
        8.3850060000         0.1000000000         0.4445249288         0.0049555613       -23.1931057466
        8.3900141000         0.1000000000         0.4317632945         1.1022628687       -23.5255423678
        8.3950144000         0.1000000000         0.4598388899         5.0040835035       -22.7941818013
        8.4000085000         0.1000000000         0.4394202751         4.9887722387       -23.3260803951
        8.4050072000         0.1000000000         0.4394202751         4.8892490178       -23.3260803951
        8.4100073000         0.1000000000         0.4317632945         4.8024851842       -23.5255423678
        8.4150080000         0.1000000000         0.4445249288         4.7106175957       -23.1931057466
        8.4200144000         0.1000000000         0.4547342362         4.6161981297       -22.9271564497
        8.4250072000         0.1000000000         0.4419726019         4.5217786637       -23.2595930708
        8.4300147000         0.1000000000         0.4445249288         4.4324629527       -23.1931057466
        8.4350067000         0.1000000000         0.4547342362         4.3456991191       -22.9271564497
        8.4400144000         0.1000000000         0.4547342362         4.2589352855       -22.9271564497
        8.4450050000         0.1000000000         0.4445249288         4.1568601871       -23.1931057466
        8.4500066000         0.1000000000         0.4419726019         4.0700963535       -23.2595930708
        8.4550068000         0.1000000000         0.4266586408         3.9782287650       -23.6585170162
        8.4600134000         0.1000000000         0.4649435436         3.8991205638       -22.6612071528
        8.4650052000         0.1000000000         0.4649435436         3.8174604851       -22.6612071528
        8.4700068000         0.1000000000         0.4368679482         3.7204891416       -23.3925677193
        8.4750062000         0.1000000000         0.4572865631         3.6286215531       -22.8606691255
        8.4800060000         0.1000000000         0.4547342362         3.5367539646       -22.9271564497
        8.4850124000         0.1000000000         0.4521819094         3.4601976408       -22.9936437739
        8.4900072000         0.1000000000         0.4521819094         3.3581225424       -22.9936437739
        8.4950071000         0.1000000000         0.4394202751         3.2790143412       -23.3260803951
        8.5000059000         0.1000000000         0.4623912168         3.1871467527       -22.7276944770
        8.5050043000         0.1000000000         0.4266586408         3.0952791642       -23.6585170162
        8.5100062000         0.1000000000         0.4623912168         3.0110672080       -22.7276944770
        8.5150033000         0.1000000000         0.4470772556         2.9191996195       -23.1266184224
        8.5200668000         0.1000000000         0.4343156214         2.8298839084       -23.4590550435
        8.5250038000         0.1000000000         0.4572865631         2.7558794621       -22.8606691255
        8.5300039000         0.1000000000         0.4623912168         2.6640118736       -22.7276944770
        8.5350033000         0.1000000000         0.4343156214         2.5721442851       -23.4590550435
        8.5400036000         0.1000000000         0.4623912168         2.4879323289       -22.7276944770
        8.5450034000         0.1000000000         0.4598388899         2.3986166179       -22.7941818013
        8.5500024000         0.1000000000         0.4521819094         2.3118527843       -22.9936437739
        8.5551770000         0.1000000000         0.4292109677         2.2072258084       -23.5920296920
        8.5600036000         0.1000000000         0.4547342362         2.1255657297       -22.9271564497
        8.5650030000         0.1000000000         0.4445249288         2.0362500187       -23.1931057466
        8.5700048000         0.1000000000         0.4572865631         1.9469343076       -22.8606691255
        8.5750036000         0.1000000000         0.4470772556         1.8678261064       -23.1266184224
        8.5800035000         0.1000000000         0.4470772556         1.7836141502       -23.1266184224
        8.5850035000         0.1000000000         0.4368679482         1.6815390519       -23.3925677193
        8.5900037000         0.1000000000         0.4394202751         1.5973270957       -23.3260803951
        8.5950039000         0.1000000000         0.4598388899         1.5080113847       -22.7941818013
        8.6000040000         0.1000000000         0.4292109677         1.4237994285       -23.5920296920
        8.6050767000         0.1000000000         0.4317632945         1.3242762076       -23.5255423678
        8.6100033000         0.1000000000         0.4572865631         1.2426161289       -22.8606691255
        8.6150060000         0.1000000000         0.4623912168         1.1558522953       -22.7276944770
        8.6200325000         0.1000000000         0.4292109677         1.0665365843       -23.5920296920
        8.6250033000         0.1000000000         0.4394202751         0.9721171183       -23.3260803951
        8.6300032000         0.1000000000         0.4470772556         0.8802495297       -23.1266184224
        8.6350046000         0.1000000000         0.4368679482         0.7883819412       -23.3925677193
        8.6400173000         0.1000000000         0.4496295825         0.7092737400       -23.0601310982
        8.6450034000         0.1000000000         0.4445249288         0.6174061515       -23.1931057466
        8.6500050000         0.1000000000         0.4445249288         0.5204348080       -23.1931057466
        8.6550057000         0.1000000000         0.4623912168         0.4362228519       -22.7276944770
        8.6600046000         0.1000000000         0.4445249288         0.3366996310       -23.1931057466
        8.6650054000         0.1000000000         0.4419726019         0.2448320425       -23.2595930708
        8.6700041000         0.1000000000         0.4445249288         0.1580682088       -23.1931057466
        8.6750051000         0.1000000000         0.4547342362         0.0559931105       -22.9271564497
        8.6800043000         0.1000000000         0.4445249288        -0.0001481936       -23.1931057466
        8.6850056000         0.1000000000         0.4419726019         1.1150222560       -23.2595930708
        8.6900066000         0.1000000000         0.4445249288         4.9964278711       -23.1931057466
        8.6950056000         0.1000000000         0.4266586408         4.9913241162       -23.6585170162
        8.7000068000         0.1000000000         0.4598388899         4.9045602826       -22.7941818013
        8.7050055000         0.1000000000         0.4445249288         4.8152445715       -23.1931057466
        8.7100032000         0.1000000000         0.4368679482         4.7233769830       -23.3925677193
        8.7150082000         0.1000000000         0.4470772556         4.6289575170       -23.1266184224
        8.7200058000         0.1000000000         0.4521819094         4.5421936834       -22.9936437739
        8.7250048000         0.1000000000         0.4470772556         4.4503260949       -23.1266184224
        8.7300031000         0.1000000000         0.4470772556         4.3533547515       -23.1266184224
        8.7350052000         0.1000000000         0.4419726019         4.2691427953       -23.2595930708
        8.7400305000         0.1000000000         0.4572865631         4.1721714519       -22.8606691255
        8.7450035000         0.1000000000         0.4470772556         4.0777519859       -23.1266184224
        8.7500041000         0.1000000000         0.4215539871         3.9935400297       -23.7914916647
        8.7550037000         0.1000000000         0.4547342362         3.9093280736       -22.9271564497
        8.7600036000         0.1000000000         0.4521819094         3.8225642400       -22.9936437739
        8.7650058000         0.1000000000         0.4368679482         3.7204891416       -23.3925677193
        8.7700068000         0.1000000000         0.4547342362         3.6388290629       -22.9271564497
        8.7750048000         0.1000000000         0.4343156214         3.5469614744       -23.4590550435
        8.7800080000         0.1000000000         0.4521819094         3.4653013957       -22.9936437739
        8.7850055000         0.1000000000         0.4496295825         3.3759856847       -23.0601310982
        8.7900070000         0.1000000000         0.4215539871         3.2764624638       -23.7914916647
        8.7950050000         0.1000000000         0.4445249288         3.1922505076       -23.1931057466
        8.8000148000         0.1000000000         0.4470772556         3.1156941838       -23.1266184224
        8.8050028000         0.1000000000         0.4521819094         3.0212747179       -22.9936437739
        8.8100034000         0.1000000000         0.4623912168         2.9370627617       -22.7276944770
        8.8150050000         0.1000000000         0.4470772556         2.8451951732       -23.1266184224
        8.8200042000         0.1000000000         0.4470772556         2.7558794621       -23.1266184224
        8.8250120000         0.1000000000         0.4623912168         2.6691156285       -22.7276944770
        8.8300050000         0.1000000000         0.4445249288         2.5746961625       -23.1931057466
        8.8350028000         0.1000000000         0.4521819094         2.4879323289       -22.9936437739
        8.8400035000         0.1000000000         0.4623912168         2.4062722502       -22.7276944770
        8.8450087000         0.1000000000         0.4445249288         2.3067490293       -23.1931057466
        8.8500056000         0.1000000000         0.4496295825         2.2199851957       -23.0601310982
        8.8550029000         0.1000000000         0.4419726019         2.1306694847       -23.2595930708
        8.8600095000         0.1000000000         0.4419726019         2.0439056511       -23.2595930708
        8.8650032000         0.1000000000         0.4496295825         1.9545899400       -23.0601310982
        8.8700087000         0.1000000000         0.4496295825         1.8627223515       -23.0601310982
        8.8750070000         0.1000000000         0.4496295825         1.7836141502       -23.0601310982
        8.8800053000         0.1000000000         0.4419726019         1.7045059490       -23.2595930708
        8.8850051000         0.1000000000         0.4368679482         1.6100864830       -23.3925677193
        8.8900048000         0.1000000000         0.4470772556         1.5182188945       -23.1266184224
        8.8950041000         0.1000000000         0.4598388899         1.4391106933       -22.7941818013
        8.9000055000         0.1000000000         0.4317632945         1.3472431047       -23.5255423678
        8.9050042000         0.1000000000         0.4445249288         1.2502717613       -23.1931057466
        8.9100053000         0.1000000000         0.4572865631         1.1711635601       -22.8606691255
        8.9150066000         0.1000000000         0.4496295825         1.0767440941       -23.0601310982
        8.9200080000         0.1000000000         0.4368679482         0.9848765056       -23.3925677193
        8.9250314000         0.1000000000         0.4343156214         0.8879051621       -23.4590550435
        8.9300064000         0.1000000000         0.4445249288         0.8011413285       -23.1931057466
        8.9350053000         0.1000000000         0.4547342362         0.7118256175       -22.9271564497
        8.9400049000         0.1000000000         0.4419726019         0.6250617838       -23.2595930708
        8.9450035000         0.1000000000         0.4419726019         0.5280904404       -23.2595930708
        8.9500104000         0.1000000000         0.4547342362         0.4387747293       -22.9271564497
        8.9550058000         0.1000000000         0.4343156214         0.3366996310       -23.4590550435
        8.9601236000         0.1000000000         0.4470772556         0.2499357974       -23.1266184224
        8.9650055000         0.1000000000         0.4419726019         0.1631719638       -23.2595930708
        8.9700064000         0.1000000000         0.4343156214         0.0559931105       -23.4590550435
        8.9750044000         0.1000000000         0.4445249288         0.0049555613       -23.1931057466
        8.9800046000         0.1000000000         0.4496295825         1.0997109912       -23.0601310982
        8.9850432000         0.1000000000         0.4317632945         5.0015316260       -23.5255423678
        8.9900050000         0.1000000000         0.4394202751         5.0015316260       -23.3260803951
        8.9950175000         0.1000000000         0.4470772556         4.9096640375       -23.1266184224
        9.0001208000         0.1000000000         0.4394202751         4.8203483265       -23.3260803951
        9.0050047000         0.1000000000         0.4343156214         4.7284807379       -23.4590550435
        9.0100054000         0.1000000000         0.4317632945         4.6264056396       -23.5255423678
        9.0150057000         0.1000000000         0.4419726019         4.5319861736       -23.2595930708
        9.0200079000         0.1000000000         0.4368679482         4.4401185851       -23.3925677193
        9.0250047000         0.1000000000         0.4496295825         4.3559066289       -23.0601310982
        9.0300051000         0.1000000000         0.4343156214         4.2665909178       -23.4590550435
        9.0350032000         0.1000000000         0.4470772556         4.1772752068       -23.1266184224
        9.0400698000         0.1000000000         0.4470772556         4.0828557408       -23.1266184224
        9.0450054000         0.1000000000         0.4419726019         3.9935400297       -23.2595930708
        9.0500165000         0.1000000000         0.4394202751         3.9042243187       -23.3260803951
        9.0550040000         0.1000000000         0.4496295825         3.8225642400       -23.0601310982
        9.0600023000         0.1000000000         0.4496295825         3.7306966515       -23.0601310982
        9.0650050000         0.1000000000         0.4521819094         3.6515884502       -22.9936437739
        9.0700060000         0.1000000000         0.4496295825         3.5597208617       -23.0601310982
        9.0750034000         0.1000000000         0.4572865631         3.4755089056       -22.8606691255
        9.0800050000         0.1000000000         0.4215539871         3.3683300523       -23.7914916647
        9.0850037000         0.1000000000         0.4521819094         3.2892218510       -22.9936437739
        9.0900041000         0.1000000000         0.4547342362         3.1999061400       -22.9271564497
        9.0950071000         0.1000000000         0.4419726019         3.1105904289       -23.2595930708
        9.1000072000         0.1000000000         0.4547342362         3.0263784728       -22.9271564497
        9.1050063000         0.1000000000         0.4598388899         2.9421665166       -22.7941818013
        9.1100046000         0.1000000000         0.4419726019         2.8451951732       -23.2595930708
        9.1150136000         0.1000000000         0.4368679482         2.7609832170       -23.3925677193
        9.1200050000         0.1000000000         0.4496295825         2.6640118736       -23.0601310982
        9.1250082000         0.1000000000         0.4598388899         2.5874555498       -22.7941818013
        9.1304203000         0.1000000000         0.4470772556         2.4828285740       -23.1266184224
        9.1350061000         0.1000000000         0.4419726019         2.4062722502       -23.2595930708
        9.1400057000         0.1000000000         0.4496295825         2.3169565392       -23.0601310982
        9.1450080000         0.1000000000         0.4496295825         2.2276408281       -23.0601310982
        9.1500095000         0.1000000000         0.4572865631         2.1408769945       -22.8606691255
        9.1550129000         0.1000000000         0.4343156214         2.0566650383       -23.4590550435
        9.1600062000         0.1000000000         0.4368679482         1.9520380625       -23.3925677193
        9.1650067000         0.1000000000         0.4470772556         1.8678261064       -23.1266184224
        9.1700103000         0.1000000000         0.4674958705         1.7912697826       -22.5947198286
        9.1750077000         0.1000000000         0.4445249288         1.6942984392       -23.1931057466
        9.1800622000         0.1000000000         0.4343156214         1.6126383605       -23.4590550435
        9.1850065000         0.1000000000         0.4419726019         1.5233226494       -23.2595930708
        9.1900052000         0.1000000000         0.4521819094         1.4391106933       -22.9936437739
        9.1950069000         0.1000000000         0.4419726019         1.3395874724       -23.2595930708
        9.2000049000         0.1000000000         0.4368679482         1.2579273937       -23.3925677193
        9.2050058000         0.1000000000         0.4419726019         1.1660598052       -23.2595930708
        9.2100039000         0.1000000000         0.4496295825         1.0792959716       -23.0601310982
        9.2150067000         0.1000000000         0.4496295825         0.9899802605       -23.0601310982
        9.2200062000         0.1000000000         0.4292109677         0.9006645494       -23.5920296920
        9.2250046000         0.1000000000         0.4496295825         0.8062450834       -23.0601310982
        9.2300035000         0.1000000000         0.4496295825         0.7143774949       -23.0601310982
        9.2350036000         0.1000000000         0.4394202751         0.6250617838       -23.3260803951
        9.2400038000         0.1000000000         0.4470772556         0.5331941953       -23.1266184224
        9.2450046000         0.1000000000         0.4190016602         0.4362228519       -23.8579789889
        9.2500045000         0.1000000000         0.4368679482         0.3443552634       -23.3925677193
        9.2550100000         0.1000000000         0.4547342362         0.2575914298       -22.9271564497
        9.2600063000         0.1000000000         0.4368679482         0.1631719638       -23.3925677193
        9.2650063000         0.1000000000         0.4445249288         0.0713043752       -23.1931057466
        9.2700070000         0.1000000000         0.4521819094         0.0049555613       -22.9936437739
        9.2750060000         0.1000000000         0.4496295825         0.0075074388       -23.0601310982
        9.2800052000         0.1000000000         0.4343156214         5.0015316260       -23.4590550435
        9.2850050000         0.1000000000         0.4470772556         5.0142910133       -23.1266184224
        9.2900034000         0.1000000000         0.4394202751         4.9147677924       -23.3260803951
        9.2950040000         0.1000000000         0.4445249288         4.8254520814       -23.1931057466
        9.3000051000         0.1000000000         0.4368679482         4.7310326154       -23.3925677193
        9.3050056000         0.1000000000         0.4521819094         4.6417169043       -22.9936437739
        9.3100049000         0.1000000000         0.4547342362         4.5575049482       -22.9271564497
        9.3150074000         0.1000000000         0.4445249288         4.4554298498       -23.1931057466
        9.3200310000         0.1000000000         0.4598388899         4.3712178937       -22.7941818013
        9.3250068000         0.1000000000         0.4445249288         4.2767984277       -23.1931057466
        9.3300236000         0.1000000000         0.4394202751         4.1823789617       -23.3260803951
        9.3350053000         0.1000000000         0.4470772556         4.0879594957       -23.1266184224
        9.3400037000         0.1000000000         0.4496295825         4.0088512945       -23.0601310982
        9.3450059000         0.1000000000         0.4445249288         3.9093280736       -23.1931057466
        9.3500057000         0.1000000000         0.4445249288         3.8353236273       -23.1931057466
        9.3550047000         0.1000000000         0.4470772556         3.7409041613       -23.1266184224
        9.3600149000         0.1000000000         0.4547342362         3.6515884502       -22.9271564497
        9.3650040000         0.1000000000         0.4572865631         3.5724802490       -22.8606691255
        9.3700041000         0.1000000000         0.4368679482         3.4755089056       -23.3925677193
        9.3750035000         0.1000000000         0.4547342362         3.3861931945       -22.9271564497
        9.3800018000         0.1000000000         0.4547342362         3.3045331158       -22.9271564497
        9.3850047000         0.1000000000         0.4572865631         3.2075617724       -22.8606691255
        9.3900046000         0.1000000000         0.4470772556         3.1207979388       -23.1266184224
        9.3950067000         0.1000000000         0.4445249288         3.0238265953       -23.1931057466
        9.4000063000         0.1000000000         0.4572865631         2.9421665166       -22.8606691255
        9.4050053000         0.1000000000         0.4547342362         2.8554026830       -22.9271564497
        9.4100051000         0.1000000000         0.4496295825         2.7660869720       -23.0601310982
        9.4150030000         0.1000000000         0.4496295825         2.6844268933       -23.0601310982
        9.4200045000         0.1000000000         0.4470772556         2.5900074273       -23.1266184224
        9.4250048000         0.1000000000         0.4572865631         2.5006917162       -22.8606691255
        9.4300048000         0.1000000000         0.4445249288         2.4088241277       -23.1931057466
        9.4350047000         0.1000000000         0.4419726019         2.3271640490       -23.2595930708
        9.4400063000         0.1000000000         0.4572865631         2.2404002154       -22.8606691255
        9.4450040000         0.1000000000         0.4521819094         2.1536363818       -22.9936437739
        9.4500048000         0.1000000000         0.4496295825         2.0566650383       -23.0601310982
        9.4550143000         0.1000000000         0.4445249288         1.9571418174       -23.1931057466
        9.4600067000         0.1000000000         0.4368679482         1.8729298613       -23.3925677193
        9.4650061000         0.1000000000         0.4445249288         1.7887179052       -23.1931057466
        9.4700054000         0.1000000000         0.4547342362         1.7045059490       -22.9271564497
        9.4750178000         0.1000000000         0.4394202751         1.6202939929       -23.3260803951
        9.4800037000         0.1000000000         0.4419726019         1.5335301593       -23.2595930708
        9.4850066000         0.1000000000         0.4445249288         1.4416625707       -23.1931057466
        9.4900062000         0.1000000000         0.4496295825         1.3497949822       -23.0601310982
        9.4950054000         0.1000000000         0.4521819094         1.2655830261       -22.9936437739
        9.5000088000         0.1000000000         0.4521819094         1.1788191925       -22.9936437739
        9.5050065000         0.1000000000         0.4419726019         1.0843997265       -23.2595930708
        9.5100061000         0.1000000000         0.4470772556         0.9899802605       -23.1266184224
        9.5150058000         0.1000000000         0.4445249288         0.8955607945       -23.1931057466
        9.5200056000         0.1000000000         0.4368679482         0.8113488384       -23.3925677193
        9.5250061000         0.1000000000         0.4317632945         0.7194812498       -23.5255423678
        9.5300062000         0.1000000000         0.4547342362         0.6378211711       -22.9271564497
        9.5350059000         0.1000000000         0.4572865631         0.5357460728       -22.8606691255
        9.5400057000         0.1000000000         0.4292109677         0.4464303617       -23.5920296920
        9.5450055000         0.1000000000         0.4547342362         0.3596665281       -22.9271564497
        9.5500133000         0.1000000000         0.4419726019         0.2575914298       -23.2595930708
        9.5550087000         0.1000000000         0.4496295825         0.1708275961       -23.0601310982
        9.5600086000         0.1000000000         0.4496295825         0.0738562527       -23.0601310982
        9.5650093000         0.1000000000         0.4394202751        -0.0078038260       -23.3260803951
        9.5700060000         0.1000000000         0.4292109677        -0.0027000711       -23.5920296920
        9.5750075000         0.1000000000         0.4547342362         5.0015316260       -22.9271564497
        9.5800055000         0.1000000000         0.4496295825         5.0066353810       -23.0601310982
        9.5850079000         0.1000000000         0.4394202751         4.9300790572       -23.3260803951
        9.5900066000         0.1000000000         0.4496295825         4.8356595912       -23.0601310982
        9.5950066000         0.1000000000         0.4317632945         4.7335844928       -23.5255423678
        9.6000061000         0.1000000000         0.4598388899         4.6468206592       -22.7941818013
        9.6050067000         0.1000000000         0.4445249288         4.5575049482       -23.1931057466
        9.6100045000         0.1000000000         0.4394202751         4.4681892371       -23.3260803951
        9.6150059000         0.1000000000         0.4598388899         4.3763216486       -22.7941818013
        9.6200041000         0.1000000000         0.4521819094         4.2870059375       -22.9936437739
        9.6250063000         0.1000000000         0.4521819094         4.1976902265       -22.9936437739
        9.6300064000         0.1000000000         0.4394202751         4.1032707605       -23.3260803951
        9.6350082000         0.1000000000         0.4343156214         4.0088512945       -23.4590550435
        9.6400073000         0.1000000000         0.4521819094         3.9297430933       -22.9936437739
        9.6450076000         0.1000000000         0.4572865631         3.8378755047       -22.8606691255
        9.6500039000         0.1000000000         0.4368679482         3.7562154260       -23.3925677193
        9.6550067000         0.1000000000         0.4419726019         3.6541403277       -23.2595930708
        9.6600057000         0.1000000000         0.4496295825         3.5724802490       -23.0601310982
        9.6650062000         0.1000000000         0.4470772556         3.4806126605       -23.1266184224
        9.6700048000         0.1000000000         0.4496295825         3.3912969494       -23.0601310982
        9.6750076000         0.1000000000         0.4496295825         3.3121887482       -23.0601310982
        9.6800064000         0.1000000000         0.4445249288         3.2177692822       -23.1931057466
        9.6850049000         0.1000000000         0.4649435436         3.1310054486       -22.6612071528
        9.6900038000         0.1000000000         0.4445249288         3.0365859826       -23.1931057466
        9.6950069000         0.1000000000         0.4496295825         2.9472702715       -23.0601310982
        9.7000133000         0.1000000000         0.4521819094         2.8579545605       -22.9936437739
        9.7050197000         0.1000000000         0.4496295825         2.7711907269       -23.0601310982
        9.7100047000         0.1000000000         0.4521819094         2.6869787707       -22.9936437739
        9.7150116000         0.1000000000         0.4496295825         2.6053186920       -23.0601310982
        9.7200064000         0.1000000000         0.4547342362         2.5160029810       -22.9271564497
        9.7250044000         0.1000000000         0.4521819094         2.4266872699       -22.9936437739
        9.7300145000         0.1000000000         0.4623912168         2.3271640490       -22.7276944770
        9.7350086000         0.1000000000         0.4368679482         2.2352964605       -23.3925677193
        9.7400138000         0.1000000000         0.4521819094         2.1587401367       -22.9936437739
        9.7450054000         0.1000000000         0.4445249288         2.0643206707       -23.1931057466
        9.7500051000         0.1000000000         0.4547342362         1.9826605920       -22.9271564497
        9.7550036000         0.1000000000         0.4445249288         1.8933448810       -23.1931057466
        9.7600047000         0.1000000000         0.4394202751         1.8014772924       -23.3260803951
        9.7650094000         0.1000000000         0.4445249288         1.7045059490       -23.1931057466
        9.7700064000         0.1000000000         0.4445249288         1.6279496252       -23.1931057466
        9.7750048000         0.1000000000         0.4496295825         1.5360820367       -23.0601310982
        9.7800065000         0.1000000000         0.4547342362         1.4569738355       -22.9271564497
        9.7850042000         0.1000000000         0.4394202751         1.3625543695       -23.3260803951
        9.7900060000         0.1000000000         0.4470772556         1.2604792711       -23.1266184224
        9.7950051000         0.1000000000         0.4598388899         1.1839229474       -22.7941818013
        9.8000064000         0.1000000000         0.4317632945         1.1022628687       -23.5255423678
        9.8050048000         0.1000000000         0.4419726019         1.0001877703       -23.2595930708
        9.8100059000         0.1000000000         0.4521819094         0.9057683043       -22.9936437739
        9.8150063000         0.1000000000         0.4521819094         0.8215563482       -22.9936437739
        9.8200060000         0.1000000000         0.4241063139         0.7271368822       -23.7250043404
        9.8250048000         0.1000000000         0.4547342362         0.6429249261       -22.9271564497
        9.8300063000         0.1000000000         0.4649435436         0.5510573375       -22.6612071528
        9.8350052000         0.1000000000         0.4496295825         0.4591897490       -23.0601310982
        9.8400063000         0.1000000000         0.4292109677         0.3571146507       -23.5920296920
        9.8450050000         0.1000000000         0.4419726019         0.2677989396       -23.2595930708
        9.8500071000         0.1000000000         0.4470772556         0.1759313511       -23.1266184224
        9.8550053000         0.1000000000         0.4572865631         0.0891675175       -22.8606691255
        9.8600059000         0.1000000000         0.4470772556        -0.0001481936       -23.1266184224
        9.8650076000         0.1000000000         0.4317632945         0.0024036839       -23.5255423678
        9.8700067000         0.1000000000         0.4572865631         5.0117391359       -22.8606691255
        9.8750045000         0.1000000000         0.4496295825         4.9964278711       -23.0601310982
        9.8800057000         0.1000000000         0.4572865631         4.9453903219       -22.8606691255
        9.8850038000         0.1000000000         0.4317632945         4.8382114687       -23.5255423678
        9.8900069000         0.1000000000         0.4470772556         4.7565513900       -23.1266184224
        9.8950809000         0.1000000000         0.4496295825         4.6595800465       -23.0601310982
        9.9000066000         0.1000000000         0.4445249288         4.5575049482       -23.1931057466
        9.9050067000         0.1000000000         0.4419726019         4.4809486244       -23.2595930708
        9.9100108000         0.1000000000         0.4419726019         4.3788735260       -23.2595930708
        9.9150066000         0.1000000000         0.4394202751         4.2946615699       -23.3260803951
        9.9200060000         0.1000000000         0.4598388899         4.2027939814       -22.7941818013
        9.9250065000         0.1000000000         0.4521819094         4.1211339027       -22.9936437739
        9.9300058000         0.1000000000         0.4343156214         4.0190588043       -23.4590550435
        9.9350066000         0.1000000000         0.4470772556         3.9373987256       -23.1266184224
        9.9400061000         0.1000000000         0.4598388899         3.8557386469       -22.7941818013
        9.9450073000         0.1000000000         0.4496295825         3.7587673035       -23.0601310982
        9.9500054000         0.1000000000         0.4445249288         3.6694515924       -23.1931057466
        9.9550064000         0.1000000000         0.4521819094         3.5826877588       -22.9936437739
        9.9600141000         0.1000000000         0.4496295825         3.4959239252       -23.0601310982
        9.9650134000         0.1000000000         0.4572865631         3.3964007043       -22.8606691255
        9.9700066000         0.1000000000         0.4521819094         3.3223962580       -22.9936437739
        9.9750071000         0.1000000000         0.4572865631         3.2356324244       -22.8606691255
        9.9800065000         0.1000000000         0.4521819094         3.1437648359       -22.9936437739
        9.9850062000         0.1000000000         0.4572865631         3.0518972474       -22.8606691255
        9.9900115000         0.1000000000         0.4598388899         2.9676852912       -22.7941818013
        9.9950082000         0.1000000000         0.4445249288         2.8732658252       -23.1931057466
