% Motor Sweep Step 6/50
% Vcmd       = 2.2000 [V]
% Direction  = CCW
% Vg_offset  = 1.334866 [V]
% K_gimbal   = 26.049690 [(rad/s)/V]

Time[s]              Vcmd[V]              Vg_raw[V]            Pot[V]               Omega[rad/s]
        0.0000084000         2.2000000000         1.3352870017         3.4193676015         0.0109704085
        0.0050046000         2.2000000000         1.3301823480         3.4168157240        -0.1220042400
        0.0100160000         2.2000000000         1.3429439823         3.4244713564         0.2104323812
        0.0150036000         2.2000000000         1.3352870017         3.4168157240         0.0109704085
        0.0200080000         2.2000000000         1.3378393285         3.4219194789         0.0774577327
        0.0250231000         2.2000000000         1.3378393285         3.4168157240         0.0774577327
        0.0300058000         2.2000000000         1.3378393285         3.4142638465         0.0774577327
        0.0350048000         2.2000000000         1.3352870017         3.4142638465         0.0109704085
        0.0400044000         2.2000000000         1.2587171960         3.4117119691        -1.9836493183
        0.0450054000         2.2000000000         1.2791358108         3.4091600916        -1.4517507245
        0.0500068000         2.2000000000         1.2918974451         3.3989525818        -1.1193141034
        0.0550046000         2.2000000000         1.2842404646         3.3989525818        -1.3187760760
        0.0600069000         2.2000000000         1.3021067526         3.4015044592        -0.8533648064
        0.0650046000         2.2000000000         1.2970020988         3.3912969494        -0.9863394549
        0.0700032000         2.2000000000         1.2689265034         3.3836413170        -1.7177000214
        0.0750038000         2.2000000000         1.2893451183         3.3734338072        -1.1858014276
        0.0800043000         2.2000000000         1.2842404646         3.3785375621        -1.3187760760
        0.0850037000         2.2000000000         1.2893451183         3.3734338072        -1.1858014276
        0.0900043000         2.2000000000         1.2765834840         3.3606744199        -1.5182380487
        0.0950039000         2.2000000000         1.2842404646         3.3581225424        -1.3187760760
        0.1001493000         2.2000000000         1.2816881377         3.3530187875        -1.3852634003
        0.1050044000         2.2000000000         1.2765834840         3.3453631551        -1.5182380487
        0.1100359000         2.2000000000         1.2791358108         3.3428112777        -1.4517507245
        0.1150040000         2.2000000000         1.2816881377         3.3428112777        -1.3852634003
        0.1200041000         2.2000000000         1.2893451183         3.3428112777        -1.1858014276
        0.1250033000         2.2000000000         1.2816881377         3.3249481355        -1.3852634003
        0.1300044000         2.2000000000         1.2918974451         3.3300518904        -1.1193141034
        0.1350036000         2.2000000000         1.2816881377         3.3198443806        -1.3852634003
        0.1400073000         2.2000000000         1.2842404646         3.3172925031        -1.3187760760
        0.1450034000         2.2000000000         1.2740311571         3.3045331158        -1.5847253729
        0.1500029000         2.2000000000         1.2791358108         3.2968774834        -1.4517507245
        0.1550034000         2.2000000000         1.2816881377         3.2994293609        -1.3852634003
        0.1600048000         2.2000000000         1.2867927914         3.3019812383        -1.2522887518
        0.1650042000         2.2000000000         1.2816881377         3.2866699736        -1.3852634003
        0.1700660000         2.2000000000         1.2689265034         3.2790143412        -1.7177000214
        0.1750064000         2.2000000000         1.2816881377         3.2764624638        -1.3852634003
        0.1800242000         2.2000000000         1.2791358108         3.2713587088        -1.4517507245
        0.1850043000         2.2000000000         1.2842404646         3.2713587088        -1.3187760760
        0.1900041000         2.2000000000         1.2740311571         3.2611511990        -1.5847253729
        0.1950042000         2.2000000000         1.2740311571         3.2483918117        -1.5847253729
        0.2000526000         2.2000000000         1.2791358108         3.2483918117        -1.4517507245
        0.2050086000         2.2000000000         1.2765834840         3.2381843019        -1.5182380487
        0.2100093000         2.2000000000         1.2791358108         3.2356324244        -1.4517507245
        0.2150052000         2.2000000000         1.2816881377         3.2381843019        -1.3852634003
        0.2200105000         2.2000000000         1.2689265034         3.2177692822        -1.7177000214
        0.2250042000         2.2000000000         1.2714788303         3.2101136498        -1.6512126972
        0.2300063000         2.2000000000         1.2765834840         3.2101136498        -1.5182380487
        0.2350089000         2.2000000000         1.2791358108         3.2024580174        -1.4517507245
        0.2400060000         2.2000000000         1.2663741766         3.1922505076        -1.7841873456
        0.2450041000         2.2000000000         1.2638218497         3.1922505076        -1.8506746698
        0.2500392000         2.2000000000         1.2765834840         3.1820429978        -1.5182380487
        0.2550043000         2.2000000000         1.2740311571         3.1820429978        -1.5847253729
        0.2600061000         2.2000000000         1.2765834840         3.1718354879        -1.5182380487
        0.2650052000         2.2000000000         1.2357462543         3.1667317330        -2.5820352363
        0.2700058000         2.2000000000         1.2663741766         3.1565242232        -1.7841873456
        0.2750072000         2.2000000000         1.2714788303         3.1565242232        -1.6512126972
        0.2800065000         2.2000000000         1.2714788303         3.1514204683        -1.6512126972
        0.2850048000         2.2000000000         1.2689265034         3.1412129584        -1.7177000214
        0.2900047000         2.2000000000         1.2765834840         3.1437648359        -1.5182380487
        0.2950085000         2.2000000000         1.2612695229         3.1284535711        -1.9171619941
        0.3000067000         2.2000000000         1.2714788303         3.1233498162        -1.6512126972
        0.3050046000         2.2000000000         1.2714788303         3.1156941838        -1.6512126972
        0.3100096000         2.2000000000         1.2714788303         3.1080385515        -1.6512126972
        0.3150087000         2.2000000000         1.2663741766         3.1054866740        -1.7841873456
        0.3200047000         2.2000000000         1.2663741766         3.0901754092        -1.7841873456
        0.3250075000         2.2000000000         1.2561648691         3.0901754092        -2.0501366425
        0.3300051000         2.2000000000         1.2638218497         3.0825197769        -1.8506746698
        0.3350043000         2.2000000000         1.2638218497         3.0646566347        -1.8506746698
        0.3400056000         2.2000000000         1.2689265034         3.0672085121        -1.7177000214
        0.3450075000         2.2000000000         1.2663741766         3.0570010023        -1.7841873456
        0.3500051000         2.2000000000         1.2689265034         3.0544491248        -1.7177000214
        0.3550049000         2.2000000000         1.2689265034         3.0570010023        -1.7177000214
        0.3600058000         2.2000000000         1.2638218497         3.0467934924        -1.8506746698
        0.3650072000         2.2000000000         1.2663741766         3.0365859826        -1.7841873456
        0.3700078000         2.2000000000         1.2740311571         3.0340341051        -1.5847253729
        0.3750040000         2.2000000000         1.2638218497         3.0212747179        -1.8506746698
        0.3800043000         2.2000000000         1.2638218497         3.0136190855        -1.8506746698
        0.3850028000         2.2000000000         1.2740311571         3.0136190855        -1.5847253729
        0.3900034000         2.2000000000         1.2663741766         2.9983078207        -1.7841873456
        0.3950046000         2.2000000000         1.2740311571         3.0008596982        -1.5847253729
        0.4000046000         2.2000000000         1.2689265034         2.9855484334        -1.7177000214
        0.4050049000         2.2000000000         1.2740311571         2.9804446785        -1.5847253729
        0.4100276000         2.2000000000         1.2612695229         2.9702371687        -1.9171619941
        0.4150044000         2.2000000000         1.2663741766         2.9676852912        -1.7841873456
        0.4200050000         2.2000000000         1.2638218497         2.9523740265        -1.8506746698
        0.4250060000         2.2000000000         1.2689265034         2.9549259039        -1.7177000214
        0.4300045000         2.2000000000         1.2740311571         2.9472702715        -1.5847253729
        0.4350047000         2.2000000000         1.2612695229         2.9396146392        -1.9171619941
        0.4400040000         2.2000000000         1.2663741766         2.9319590068        -1.7841873456
        0.4450464000         2.2000000000         1.2714788303         2.9243033744        -1.6512126972
        0.4500064000         2.2000000000         1.2689265034         2.9191996195        -1.7177000214
        0.4550044000         2.2000000000         1.2612695229         2.9038883547        -1.9171619941
        0.4600066000         2.2000000000         1.2791358108         2.9115439871        -1.4517507245
        0.4650034000         2.2000000000         1.2740311571         2.9115439871        -1.5847253729
        0.4700034000         2.2000000000         1.2714788303         2.8936808449        -1.6512126972
        0.4750047000         2.2000000000         1.2714788303         2.8860252125        -1.6512126972
        0.4800041000         2.2000000000         1.2765834840         2.8758177027        -1.5182380487
        0.4850050000         2.2000000000         1.2816881377         2.8809214576        -1.3852634003
        0.4900036000         2.2000000000         1.2689265034         2.8630583154        -1.7177000214
        0.4950048000         2.2000000000         1.2663741766         2.8630583154        -1.7841873456
        0.5000035000         2.2000000000         1.2714788303         2.8554026830        -1.6512126972
        0.5050048000         2.2000000000         1.2765834840         2.8528508056        -1.5182380487
        0.5100028000         2.2000000000         1.2714788303         2.8426432957        -1.6512126972
        0.5150048000         2.2000000000         1.2714788303         2.8324357859        -1.6512126972
        0.5200062000         2.2000000000         1.2714788303         2.8298839084        -1.6512126972
        0.5250050000         2.2000000000         1.2714788303         2.8222282761        -1.6512126972
        0.5300050000         2.2000000000         1.2791358108         2.8222282761        -1.4517507245
        0.5350175000         2.2000000000         1.2638218497         2.8043651338        -1.8506746698
        0.5400045000         2.2000000000         1.2714788303         2.8069170113        -1.6512126972
        0.5450130000         2.2000000000         1.2740311571         2.7967095015        -1.5847253729
        0.5500050000         2.2000000000         1.2638218497         2.7813982367        -1.8506746698
        0.5550101000         2.2000000000         1.2765834840         2.7916057465        -1.5182380487
        0.5600051000         2.2000000000         1.2638218497         2.7711907269        -1.8506746698
        0.5650049000         2.2000000000         1.2689265034         2.7711907269        -1.7177000214
        0.5700073000         2.2000000000         1.2638218497         2.7584313396        -1.8506746698
        0.5750051000         2.2000000000         1.2638218497         2.7507757072        -1.8506746698
        0.5800032000         2.2000000000         1.2714788303         2.7405681974        -1.6512126972
        0.5850036000         2.2000000000         1.2663741766         2.7456719523        -1.7841873456
        0.5900050000         2.2000000000         1.2638218497         2.7329125650        -1.8506746698
        0.5950035000         2.2000000000         1.2714788303         2.7303606875        -1.6512126972
        0.6000039000         2.2000000000         1.2663741766         2.7252569326        -1.7841873456
        0.6050040000         2.2000000000         1.2740311571         2.7201531777        -1.5847253729
        0.6100521000         2.2000000000         1.2740311571         2.7099456679        -1.5847253729
        0.6150086000         2.2000000000         1.2663741766         2.6997381580        -1.7841873456
        0.6200051000         2.2000000000         1.2663741766         2.6946344031        -1.7841873456
        0.6250050000         2.2000000000         1.2638218497         2.6869787707        -1.8506746698
        0.6300684000         2.2000000000         1.2765834840         2.6920825256        -1.5182380487
        0.6350041000         2.2000000000         1.2740311571         2.6793231383        -1.5847253729
        0.6400176000         2.2000000000         1.2663741766         2.6665637511        -1.7841873456
        0.6450031000         2.2000000000         1.2740311571         2.6691156285        -1.5847253729
        0.6500162000         2.2000000000         1.2765834840         2.6665637511        -1.5182380487
        0.6550040000         2.2000000000         1.2714788303         2.6538043638        -1.6512126972
        0.6600178000         2.2000000000         1.2740311571         2.6563562412        -1.5847253729
        0.6650113000         2.2000000000         1.2714788303         2.6410449765        -1.6512126972
        0.6700059000         2.2000000000         1.2740311571         2.6359412215        -1.5847253729
        0.6750063000         2.2000000000         1.2740311571         2.6308374666        -1.5847253729
        0.6800169000         2.2000000000         1.2714788303         2.6231818342        -1.6512126972
        0.6850037000         2.2000000000         1.2791358108         2.6231818342        -1.4517507245
        0.6900049000         2.2000000000         1.2714788303         2.6078705695        -1.6512126972
        0.6950029000         2.2000000000         1.2689265034         2.6053186920        -1.7177000214
        0.7000145000         2.2000000000         1.2765834840         2.6078705695        -1.5182380487
        0.7050272000         2.2000000000         1.2689265034         2.5874555498        -1.7177000214
        0.7100046000         2.2000000000         1.2740311571         2.5823517949        -1.5847253729
        0.7150050000         2.2000000000         1.2638218497         2.5721442851        -1.8506746698
        0.7200046000         2.2000000000         1.2638218497         2.5619367752        -1.8506746698
        0.7250080000         2.2000000000         1.2536125423         2.5619367752        -2.1166239668
        0.7300063000         2.2000000000         1.2663741766         2.5542811429        -1.7841873456
        0.7350031000         2.2000000000         1.2689265034         2.5517292654        -1.7177000214
        0.7400141000         2.2000000000         1.2714788303         2.5517292654        -1.6512126972
        0.7450062000         2.2000000000         1.2689265034         2.5389698781        -1.7177000214
        0.7500035000         2.2000000000         1.2587171960         2.5262104908        -1.9836493183
        0.7550061000         2.2000000000         1.2638218497         2.5236586133        -1.8506746698
        0.7600171000         2.2000000000         1.2714788303         2.5108992261        -1.6512126972
        0.7650039000         2.2000000000         1.2689265034         2.5108992261        -1.7177000214
        0.7700200000         2.2000000000         1.2638218497         2.4981398388        -1.8506746698
        0.7750061000         2.2000000000         1.2740311571         2.5006917162        -1.5847253729
        0.7800056000         2.2000000000         1.2663741766         2.4955879613        -1.7841873456
        0.7850089000         2.2000000000         1.2740311571         2.4904842064        -1.5847253729
        0.7900048000         2.2000000000         1.2638218497         2.4777248191        -1.8506746698
        0.7950077000         2.2000000000         1.2663741766         2.4700691867        -1.7841873456
        0.8000052000         2.2000000000         1.2689265034         2.4624135543        -1.7177000214
        0.8050038000         2.2000000000         1.2663741766         2.4573097994        -1.7841873456
        0.8100068000         2.2000000000         1.2714788303         2.4522060445        -1.6512126972
        0.8150048000         2.2000000000         1.2663741766         2.4445504121        -1.7841873456
        0.8200125000         2.2000000000         1.2638218497         2.4241353924        -1.8506746698
        0.8250077000         2.2000000000         1.2714788303         2.4292391474        -1.6512126972
        0.8300082000         2.2000000000         1.2587171960         2.4241353924        -1.9836493183
        0.8350053000         2.2000000000         1.2689265034         2.4164797601        -1.7177000214
        0.8400071000         2.2000000000         1.2663741766         2.4113760052        -1.7841873456
        0.8450065000         2.2000000000         1.2740311571         2.4062722502        -1.5847253729
        0.8500025000         2.2000000000         1.2816881377         2.4011684953        -1.3852634003
        0.8550025000         2.2000000000         1.2638218497         2.3909609855        -1.8506746698
        0.8600033000         2.2000000000         1.2663741766         2.3833053531        -1.7841873456
        0.8650036000         2.2000000000         1.2740311571         2.3833053531        -1.5847253729
        0.8700035000         2.2000000000         1.2689265034         2.3679940883        -1.7177000214
        0.8750034000         2.2000000000         1.2663741766         2.3577865785        -1.7841873456
        0.8800035000         2.2000000000         1.2638218497         2.3552347011        -1.8506746698
        0.8850025000         2.2000000000         1.2536125423         2.3501309461        -2.1166239668
        0.8900045000         2.2000000000         1.2714788303         2.3424753138        -1.6512126972
        0.8950030000         2.2000000000         1.2663741766         2.3373715588        -1.7841873456
        0.9000257000         2.2000000000         1.2689265034         2.3297159265        -1.7177000214
        0.9050028000         2.2000000000         1.2714788303         2.3220602941        -1.6512126972
        0.9100021000         2.2000000000         1.2740311571         2.3144046617        -1.5847253729
        0.9150044000         2.2000000000         1.2740311571         2.3118527843        -1.5847253729
        0.9200055000         2.2000000000         1.2587171960         2.3041971519        -1.9836493183
        0.9250036000         2.2000000000         1.2689265034         2.2914377646        -1.7177000214
        0.9300068000         2.2000000000         1.2663741766         2.2888858871        -1.7841873456
        0.9350038000         2.2000000000         1.2765834840         2.2812302547        -1.5182380487
        0.9400042000         2.2000000000         1.2816881377         2.2837821322        -1.3852634003
        0.9450065000         2.2000000000         1.2663741766         2.2761264998        -1.7841873456
        0.9500046000         2.2000000000         1.2638218497         2.2608152351        -1.8506746698
        0.9550034000         2.2000000000         1.2714788303         2.2608152351        -1.6512126972
        0.9600028000         2.2000000000         1.2689265034         2.2582633576        -1.7177000214
        0.9650040000         2.2000000000         1.2714788303         2.2480558478        -1.6512126972
        0.9700032000         2.2000000000         1.2663741766         2.2352964605        -1.7841873456
        0.9750027000         2.2000000000         1.2638218497         2.2276408281        -1.8506746698
        0.9800059000         2.2000000000         1.2791358108         2.2352964605        -1.4517507245
        0.9850046000         2.2000000000         1.2765834840         2.2301927056        -1.5182380487
        0.9900035000         2.2000000000         1.2740311571         2.2148814408        -1.5847253729
        0.9950051000         2.2000000000         1.2714788303         2.2097776859        -1.6512126972
        1.0000036000         2.2000000000         1.2714788303         2.2021220535        -1.6512126972
        1.0050033000         2.2000000000         1.2714788303         2.1868107888        -1.6512126972
        1.0100043000         2.2000000000         1.2689265034         2.1791551564        -1.7177000214
        1.0150026000         2.2000000000         1.2612695229         2.1766032789        -1.9171619941
        1.0200050000         2.2000000000         1.2791358108         2.1766032789        -1.4517507245
        1.0250028000         2.2000000000         1.2740311571         2.1714995240        -1.5847253729
        1.0300034000         2.2000000000         1.2842404646         2.1714995240        -1.3187760760
        1.0350036000         2.2000000000         1.2561648691         2.1612920142        -2.0501366425
        1.0400303000         2.2000000000         1.2663741766         2.1459807494        -1.7841873456
        1.0450060000         2.2000000000         1.2842404646         2.1561882593        -1.3187760760
        1.0500039000         2.2000000000         1.2765834840         2.1383251170        -1.5182380487
        1.0550027000         2.2000000000         1.2791358108         2.1357732396        -1.4517507245
        1.0600055000         2.2000000000         1.2791358108         2.1281176072        -1.4517507245
        1.0650067000         2.2000000000         1.2638218497         2.1179100974        -1.8506746698
        1.0700029000         2.2000000000         1.2816881377         2.1255657297        -1.3852634003
        1.0750043000         2.2000000000         1.2638218497         2.1128063424        -1.8506746698
        1.0800163000         2.2000000000         1.2816881377         2.1051507101        -1.3852634003
        1.0850031000         2.2000000000         1.2689265034         2.0949432002        -1.7177000214
        1.0900066000         2.2000000000         1.2714788303         2.0872875679        -1.6512126972
        1.0950046000         2.2000000000         1.2791358108         2.0872875679        -1.4517507245
        1.1000036000         2.2000000000         1.2714788303         2.0745281806        -1.6512126972
        1.1050047000         2.2000000000         1.2791358108         2.0770800580        -1.4517507245
        1.1100109000         2.2000000000         1.2765834840         2.0668725482        -1.5182380487
        1.1150043000         2.2000000000         1.2740311571         2.0668725482        -1.5847253729
        1.1200232000         2.2000000000         1.2740311571         2.0515612834        -1.5847253729
        1.1250027000         2.2000000000         1.2816881377         2.0541131609        -1.3852634003
        1.1300115000         2.2000000000         1.2765834840         2.0464575285        -1.5182380487
        1.1350032000         2.2000000000         1.2765834840         2.0388018961        -1.5182380487
        1.1400059000         2.2000000000         1.2842404646         2.0413537736        -1.3187760760
        1.1450064000         2.2000000000         1.2791358108         2.0362500187        -1.4517507245
        1.1500067000         2.2000000000         1.2842404646         2.0285943863        -1.3187760760
        1.1550052000         2.2000000000         1.2740311571         2.0107312441        -1.5847253729
        1.1600071000         2.2000000000         1.2791358108         2.0183868765        -1.4517507245
        1.1650159000         2.2000000000         1.2740311571         2.0056274892        -1.5847253729
        1.1700152000         2.2000000000         1.2714788303         1.9979718568        -1.6512126972
        1.1750032000         2.2000000000         1.2816881377         1.9928681019        -1.3852634003
        1.1800542000         2.2000000000         1.2740311571         1.9954199793        -1.5847253729
        1.1850072000         2.2000000000         1.2740311571         1.9775568371        -1.5847253729
        1.1900147000         2.2000000000         1.2791358108         1.9750049597        -1.4517507245
        1.1950039000         2.2000000000         1.2740311571         1.9673493273        -1.5847253729
        1.2000039000         2.2000000000         1.2791358108         1.9699012047        -1.4517507245
        1.2050056000         2.2000000000         1.2791358108         1.9622455724        -1.4517507245
        1.2100049000         2.2000000000         1.2842404646         1.9520380625        -1.3187760760
        1.2150059000         2.2000000000         1.2536125423         1.9443824302        -2.1166239668
        1.2200175000         2.2000000000         1.2791358108         1.9418305527        -1.4517507245
        1.2250039000         2.2000000000         1.2689265034         1.9265192879        -1.7177000214
        1.2300060000         2.2000000000         1.2740311571         1.9163117781        -1.5847253729
        1.2350063000         2.2000000000         1.2765834840         1.9188636556        -1.5182380487
        1.2400195000         2.2000000000         1.2561648691         1.9086561457        -2.0501366425
        1.2450042000         2.2000000000         1.2740311571         1.9061042683        -1.5847253729
        1.2500409000         2.2000000000         1.2816881377         1.9086561457        -1.3852634003
        1.2552583000         2.2000000000         1.2791358108         1.8933448810        -1.4517507245
        1.2600205000         2.2000000000         1.2663741766         1.8831373711        -1.7841873456
        1.2650032000         2.2000000000         1.2765834840         1.8805854937        -1.5182380487
        1.2700039000         2.2000000000         1.2714788303         1.8780336162        -1.6512126972
        1.2750077000         2.2000000000         1.2765834840         1.8729298613        -1.5182380487
        1.2800056000         2.2000000000         1.2740311571         1.8601704740        -1.5847253729
        1.2850054000         2.2000000000         1.2663741766         1.8550667191        -1.7841873456
        1.2900054000         2.2000000000         1.2740311571         1.8525148416        -1.5847253729
        1.2950025000         2.2000000000         1.2714788303         1.8448592093        -1.6512126972
        1.3000037000         2.2000000000         1.2740311571         1.8397554543        -1.5847253729
        1.3050031000         2.2000000000         1.2765834840         1.8320998220        -1.5182380487
        1.3100028000         2.2000000000         1.2791358108         1.8320998220        -1.4517507245
        1.3150026000         2.2000000000         1.2663741766         1.8218923121        -1.7841873456
        1.3200029000         2.2000000000         1.2714788303         1.8142366797        -1.6512126972
        1.3250053000         2.2000000000         1.2740311571         1.8142366797        -1.5847253729
        1.3300045000         2.2000000000         1.2714788303         1.8065810474        -1.6512126972
        1.3350044000         2.2000000000         1.2689265034         1.7989254150        -1.7177000214
        1.3400064000         2.2000000000         1.2638218497         1.7810622728        -1.8506746698
        1.3450047000         2.2000000000         1.2740311571         1.7836141502        -1.5847253729
        1.3500058000         2.2000000000         1.2638218497         1.7759585179        -1.8506746698
        1.3550055000         2.2000000000         1.2714788303         1.7708547629        -1.6512126972
        1.3600043000         2.2000000000         1.2638218497         1.7606472531        -1.8506746698
        1.3650035000         2.2000000000         1.2638218497         1.7504397433        -1.8506746698
        1.3700064000         2.2000000000         1.2638218497         1.7427841109        -1.8506746698
        1.3750051000         2.2000000000         1.2689265034         1.7453359884        -1.7177000214
        1.3800025000         2.2000000000         1.2791358108         1.7427841109        -1.4517507245
        1.3850044000         2.2000000000         1.2612695229         1.7325766011        -1.9171619941
        1.3900039000         2.2000000000         1.2714788303         1.7223690912        -1.6512126972
        1.3950025000         2.2000000000         1.2638218497         1.7121615814        -1.8506746698
        1.4000038000         2.2000000000         1.2663741766         1.7121615814        -1.7841873456
        1.4050035000         2.2000000000         1.2638218497         1.7045059490        -1.8506746698
        1.4100037000         2.2000000000         1.2638218497         1.6942984392        -1.8506746698
        1.4150028000         2.2000000000         1.2740311571         1.6917465617        -1.5847253729
        1.4200039000         2.2000000000         1.2791358108         1.6942984392        -1.4517507245
        1.4250038000         2.2000000000         1.2714788303         1.6789871744        -1.6512126972
        1.4300055000         2.2000000000         1.2612695229         1.6738834195        -1.9171619941
        1.4350039000         2.2000000000         1.2689265034         1.6687796646        -1.7177000214
        1.4400036000         2.2000000000         1.2714788303         1.6662277871        -1.6512126972
        1.4450040000         2.2000000000         1.2612695229         1.6509165224        -1.9171619941
        1.4500052000         2.2000000000         1.2765834840         1.6483646449        -1.5182380487
        1.4550037000         2.2000000000         1.2740311571         1.6432608900        -1.5847253729
        1.4600026000         2.2000000000         1.2714788303         1.6305015027        -1.6512126972
        1.4650040000         2.2000000000         1.2587171960         1.6202939929        -1.9836493183
        1.4700029000         2.2000000000         1.2765834840         1.6253977478        -1.5182380487
        1.4750037000         2.2000000000         1.2740311571         1.6126383605        -1.5847253729
        1.4800040000         2.2000000000         1.2689265034         1.6075346056        -1.7177000214
        1.4850041000         2.2000000000         1.2740311571         1.5998789732        -1.5847253729
        1.4900048000         2.2000000000         1.2587171960         1.5871195859        -1.9836493183
        1.4950139000         2.2000000000         1.2689265034         1.5845677084        -1.7177000214
        1.5000035000         2.2000000000         1.2689265034         1.5794639535        -1.7177000214
        1.5050164000         2.2000000000         1.2714788303         1.5743601986        -1.6512126972
        1.5100088000         2.2000000000         1.2663741766         1.5616008113        -1.7841873456
        1.5150037000         2.2000000000         1.2612695229         1.5513933015        -1.9171619941
        1.5200038000         2.2000000000         1.2765834840         1.5539451789        -1.5182380487
        1.5250184000         2.2000000000         1.2791358108         1.5564970564        -1.4517507245
        1.5300068000         2.2000000000         1.2740311571         1.5411857916        -1.5847253729
        1.5350044000         2.2000000000         1.2510602154         1.5411857916        -2.1831112910
        1.5400033000         2.2000000000         1.2765834840         1.5386339142        -1.5182380487
        1.5450066000         2.2000000000         1.2765834840         1.5233226494        -1.5182380487
        1.5500034000         2.2000000000         1.2791358108         1.5233226494        -1.4517507245
        1.5550132000         2.2000000000         1.2765834840         1.5080113847        -1.5182380487
        1.5600054000         2.2000000000         1.2740311571         1.5029076297        -1.5847253729
        1.5650074000         2.2000000000         1.2765834840         1.4978038748        -1.5182380487
        1.5700027000         2.2000000000         1.2714788303         1.4824926101        -1.6512126972
        1.5750174000         2.2000000000         1.2765834840         1.4850444875        -1.5182380487
        1.5800141000         2.2000000000         1.2740311571         1.4748369777        -1.5847253729
        1.5850039000         2.2000000000         1.2740311571         1.4773888552        -1.5847253729
        1.5900071000         2.2000000000         1.2714788303         1.4595257129        -1.6512126972
        1.5950044000         2.2000000000         1.2714788303         1.4595257129        -1.6512126972
        1.6000084000         2.2000000000         1.2663741766         1.4467663256        -1.7841873456
        1.6050043000         2.2000000000         1.2791358108         1.4544219580        -1.4517507245
        1.6100075000         2.2000000000         1.2612695229         1.4340069384        -1.9171619941
        1.6150039000         2.2000000000         1.2816881377         1.4416625707        -1.3852634003
        1.6200065000         2.2000000000         1.2638218497         1.4237994285        -1.8506746698
        1.6250176000         2.2000000000         1.2663741766         1.4212475511        -1.7841873456
        1.6300045000         2.2000000000         1.2663741766         1.4084881638        -1.7841873456
        1.6350193000         2.2000000000         1.2663741766         1.3982806539        -1.7841873456
        1.6400053000         2.2000000000         1.2714788303         1.4059362863        -1.6512126972
        1.6450040000         2.2000000000         1.2714788303         1.3957287765        -1.6512126972
        1.6500412000         2.2000000000         1.2740311571         1.3931768990        -1.5847253729
        1.6550040000         2.2000000000         1.2765834840         1.3880731441        -1.5182380487
        1.6600086000         2.2000000000         1.2714788303         1.3778656343        -1.6512126972
        1.6650040000         2.2000000000         1.2612695229         1.3702100019        -1.9171619941
        1.6700808000         2.2000000000         1.2740311571         1.3651062470        -1.5847253729
        1.6750035000         2.2000000000         1.2638218497         1.3574506146        -1.8506746698
        1.6800150000         2.2000000000         1.2791358108         1.3574506146        -1.4517507245
        1.6850021000         2.2000000000         1.2612695229         1.3395874724        -1.9171619941
        1.6900148000         2.2000000000         1.2638218497         1.3319318400        -1.8506746698
        1.6950061000         2.2000000000         1.2740311571         1.3395874724        -1.5847253729
        1.7006364000         2.2000000000         1.2791358108         1.3293799625        -1.4517507245
        1.7050037000         2.2000000000         1.2638218497         1.3191724527        -1.8506746698
        1.7100065000         2.2000000000         1.2689265034         1.3115168203        -1.7177000214
        1.7150030000         2.2000000000         1.2714788303         1.3038611879        -1.6512126972
        1.7200038000         2.2000000000         1.2612695229         1.2936536781        -1.9171619941
        1.7250038000         2.2000000000         1.2689265034         1.2936536781        -1.7177000214
        1.7300039000         2.2000000000         1.2638218497         1.2808942908        -1.8506746698
        1.7350029000         2.2000000000         1.2663741766         1.2808942908        -1.7841873456
        1.7400070000         2.2000000000         1.2689265034         1.2732386584        -1.7177000214
        1.7450037000         2.2000000000         1.2382985811         1.2655830261        -2.5155479121
        1.7500039000         2.2000000000         1.2689265034         1.2579273937        -1.7177000214
        1.7550704000         2.2000000000         1.2740311571         1.2604792711        -1.5847253729
        1.7600066000         2.2000000000         1.2689265034         1.2375123740        -1.7177000214
        1.7650185000         2.2000000000         1.2638218497         1.2375123740        -1.8506746698
        1.7700313000         2.2000000000         1.2663741766         1.2298567416        -1.7841873456
        1.7753893000         2.2000000000         1.2689265034         1.2247529867        -1.7177000214
        1.7801852000         2.2000000000         1.2638218497         1.2170973543        -1.8506746698
        1.7850280000         2.2000000000         1.2765834840         1.2119935994        -1.5182380487
        1.7900066000         2.2000000000         1.2612695229         1.2043379670        -1.9171619941
        1.7950034000         2.2000000000         1.2587171960         1.1890267023        -1.9836493183
        1.8000038000         2.2000000000         1.2612695229         1.1864748248        -1.9171619941
        1.8050033000         2.2000000000         1.2612695229         1.1711635601        -1.9171619941
        1.8101882000         2.2000000000         1.2663741766         1.1737154375        -1.7841873456
        1.8150050000         2.2000000000         1.2663741766         1.1686116826        -1.7841873456
        1.8200050000         2.2000000000         1.2740311571         1.1635079277        -1.5847253729
        1.8250034000         2.2000000000         1.2561648691         1.1507485404        -2.0501366425
        1.8300039000         2.2000000000         1.2689265034         1.1481966629        -1.7177000214
        1.8350040000         2.2000000000         1.2612695229         1.1328853982        -1.9171619941
        1.8400068000         2.2000000000         1.2689265034         1.1303335207        -1.7177000214
        1.8450046000         2.2000000000         1.2714788303         1.1252297658        -1.6512126972
        1.8500068000         2.2000000000         1.2663741766         1.1277816433        -1.7841873456
        1.8550055000         2.2000000000         1.2612695229         1.1048147461        -1.9171619941
        1.8600027000         2.2000000000         1.2689265034         1.1073666236        -1.7177000214
        1.8650032000         2.2000000000         1.2612695229         1.0946072363        -1.9171619941
        1.8700044000         2.2000000000         1.2638218497         1.0843997265        -1.8506746698
        1.8750066000         2.2000000000         1.2612695229         1.0818478490        -1.9171619941
        1.8800052000         2.2000000000         1.2638218497         1.0767440941        -1.8506746698
        1.8850057000         2.2000000000         1.2689265034         1.0665365843        -1.7177000214
        1.8900055000         2.2000000000         1.2638218497         1.0614328293        -1.8506746698
        1.8950145000         2.2000000000         1.2638218497         1.0563290744        -1.8506746698
        1.9000061000         2.2000000000         1.2663741766         1.0486734420        -1.7841873456
        1.9050051000         2.2000000000         1.2663741766         1.0435696871        -1.7841873456
        1.9100054000         2.2000000000         1.2638218497         1.0359140547        -1.8506746698
        1.9151949000         2.2000000000         1.2689265034         1.0282584224        -1.7177000214
        1.9200042000         2.2000000000         1.2740311571         1.0308102998        -1.5847253729
        1.9250050000         2.2000000000         1.2740311571         1.0231546675        -1.5847253729
        1.9300022000         2.2000000000         1.2740311571         1.0154990351        -1.5847253729
        1.9350020000         2.2000000000         1.2663741766         1.0052915252        -1.7841873456
        1.9400028000         2.2000000000         1.2638218497         0.9925321379        -1.8506746698
        1.9450037000         2.2000000000         1.2663741766         0.9823246281        -1.7841873456
        1.9500030000         2.2000000000         1.2714788303         0.9772208732        -1.6512126972
        1.9550039000         2.2000000000         1.2791358108         0.9772208732        -1.4517507245
        1.9600028000         2.2000000000         1.2714788303         0.9695652408        -1.6512126972
        1.9650080000         2.2000000000         1.2740311571         0.9644614859        -1.5847253729
        1.9700070000         2.2000000000         1.2842404646         0.9568058535        -1.3187760760
        1.9750051000         2.2000000000         1.2663741766         0.9491502211        -1.7841873456
        1.9800071000         2.2000000000         1.2714788303         0.9414945888        -1.6512126972
        1.9850055000         2.2000000000         1.2791358108         0.9414945888        -1.4517507245
        1.9901343000         2.2000000000         1.2714788303         0.9287352015        -1.6512126972
        1.9950056000         2.2000000000         1.2791358108         0.9287352015        -1.4517507245
        2.0000069000         2.2000000000         1.2740311571         0.9134239367        -1.5847253729
        2.0051243000         2.2000000000         1.2689265034         0.9083201818        -1.7177000214
        2.0103224000         2.2000000000         1.2714788303         0.9006645494        -1.6512126972
        2.0150079000         2.2000000000         1.2740311571         0.9006645494        -1.5847253729
        2.0200069000         2.2000000000         1.2816881377         0.8955607945        -1.3852634003
        2.0250078000         2.2000000000         1.2638218497         0.8776976523        -1.8506746698
        2.0300098000         2.2000000000         1.2663741766         0.8700420199        -1.7841873456
        2.0350110000         2.2000000000         1.2689265034         0.8700420199        -1.7177000214
        2.0400085000         2.2000000000         1.2714788303         0.8623863875        -1.6512126972
        2.0450092000         2.2000000000         1.2714788303         0.8572826326        -1.6512126972
        2.0500084000         2.2000000000         1.2714788303         0.8496270002        -1.6512126972
        2.0550067000         2.2000000000         1.2689265034         0.8419713679        -1.7177000214
        2.0600073000         2.2000000000         1.2791358108         0.8419713679        -1.4517507245
        2.0650078000         2.2000000000         1.2689265034         0.8317638580        -1.7177000214
        2.0700055000         2.2000000000         1.2714788303         0.8241082257        -1.6512126972
        2.0750055000         2.2000000000         1.2740311571         0.8164525933        -1.5847253729
        2.0800038000         2.2000000000         1.2791358108         0.8113488384        -1.4517507245
        2.0850058000         2.2000000000         1.2689265034         0.7985894511        -1.7177000214
        2.0900071000         2.2000000000         1.2765834840         0.8036932060        -1.5182380487
        2.0950058000         2.2000000000         1.2791358108         0.7985894511        -1.4517507245
        2.1000036000         2.2000000000         1.2740311571         0.7858300638        -1.5847253729
        2.1050059000         2.2000000000         1.2740311571         0.7781744314        -1.5847253729
        2.1100035000         2.2000000000         1.2765834840         0.7679669216        -1.5182380487
        2.1150067000         2.2000000000         1.2663741766         0.7628631666        -1.7841873456
        2.1200088000         2.2000000000         1.2638218497         0.7526556568        -1.8506746698
        2.1250036000         2.2000000000         1.2791358108         0.7526556568        -1.4517507245
        2.1300039000         2.2000000000         1.2765834840         0.7552075343        -1.5182380487
        2.1350026000         2.2000000000         1.2714788303         0.7398962695        -1.6512126972
        2.1400046000         2.2000000000         1.2816881377         0.7347925146        -1.3852634003
        2.1450048000         2.2000000000         1.2765834840         0.7322406371        -1.5182380487
        2.1500053000         2.2000000000         1.2714788303         0.7194812498        -1.6512126972
        2.1550085000         2.2000000000         1.2816881377         0.7245850047        -1.3852634003
        2.1600048000         2.2000000000         1.2791358108         0.7143774949        -1.4517507245
        2.1650052000         2.2000000000         1.2740311571         0.7016181076        -1.5847253729
        2.1700063000         2.2000000000         1.2740311571         0.6990662302        -1.5847253729
        2.1750049000         2.2000000000         1.2663741766         0.6837549654        -1.7841873456
        2.1800058000         2.2000000000         1.2765834840         0.6812030879        -1.5182380487
        2.1850037000         2.2000000000         1.2791358108         0.6812030879        -1.4517507245
        2.1901688000         2.2000000000         1.2791358108         0.6735474556        -1.4517507245
        2.1950061000         2.2000000000         1.2816881377         0.6709955781        -1.3852634003
        2.2000046000         2.2000000000         1.2638218497         0.6531324359        -1.8506746698
        2.2050064000         2.2000000000         1.2791358108         0.6556843134        -1.4517507245
        2.2100047000         2.2000000000         1.2791358108         0.6480286810        -1.4517507245
        2.2150187000         2.2000000000         1.2408509080         0.6352692937        -2.4490605879
        2.2200038000         2.2000000000         1.2663741766         0.6276136613        -1.7841873456
        2.2250059000         2.2000000000         1.2791358108         0.6276136613        -1.4517507245
        2.2301684000         2.2000000000         1.2612695229         0.6097505191        -1.9171619941
        2.2350065000         2.2000000000         1.2663741766         0.6071986416        -1.7841873456
        2.2400101000         2.2000000000         1.2740311571         0.6097505191        -1.5847253729
        2.2450515000         2.2000000000         1.2740311571         0.6020948867        -1.5847253729
        2.2500089000         2.2000000000         1.2689265034         0.5842317445        -1.7177000214
        2.2550106000         2.2000000000         1.2689265034         0.5791279896        -1.7177000214
        2.2616182000         2.2000000000         1.2638218497         0.5689204797        -1.8506746698
        2.2650105000         2.2000000000         1.2765834840         0.5765761121        -1.5182380487
        2.2700083000         2.2000000000         1.2740311571         0.5663686023        -1.5847253729
        2.2794449000         2.2000000000         1.2663741766         0.5485054601        -1.7841873456
        2.2827000000         2.2000000000         1.2765834840         0.5485054601        -1.5182380487
        2.2879717000         2.2000000000         1.2612695229         0.5331941953        -1.9171619941
        2.2902416000         2.2000000000         1.2791358108         0.5434017052        -1.4517507245
        2.2950079000         2.2000000000         1.2561648691         0.5357460728        -2.0501366425
        2.3000637000         2.2000000000         1.2663741766         0.5153310531        -1.7841873456
        2.3050112000         2.2000000000         1.2714788303         0.5204348080        -1.6512126972
        2.3100077000         2.2000000000         1.2714788303         0.5076754207        -1.6512126972
        2.3203236000         2.2000000000         1.2765834840         0.5025716658        -1.5182380487
        2.3209432000         2.2000000000         1.2765834840         0.4974679109        -1.5182380487
        2.3250086000         2.2000000000         1.2714788303         0.4872604011        -1.6512126972
        2.3433726000         2.2000000000         1.2740311571         0.4668453814        -1.5847253729
        2.3541980000         2.2000000000         1.2740311571         0.4540859941        -1.5847253729
        2.3722293000         2.2000000000         1.2663741766         0.4234634646        -1.7841873456
        2.3739351000         2.2000000000         1.2638218497         0.4158078322        -1.8506746698
        2.3808819000         2.2000000000         1.2689265034         0.4132559548        -1.7177000214
        2.3872640000         2.2000000000         1.2740311571         0.4030484449        -1.5847253729
        2.3903660000         2.2000000000         1.2714788303         0.3928409351        -1.6512126972
        2.3915344000         2.2000000000         1.2740311571         0.4004965675        -1.5847253729
        2.3959146000         2.2000000000         1.2587171960         0.3902890576        -1.9836493183
        2.4012717000         2.2000000000         1.2740311571         0.3851853027        -1.5847253729
        2.4045158000         2.2000000000         1.2765834840         0.3826334252        -1.5182380487
        2.4062352000         2.2000000000         1.2714788303         0.3749777929        -1.6512126972
        2.4067400000         2.2000000000         1.2740311571         0.3800815478        -1.5847253729
        2.4075774000         2.2000000000         1.2740311571         0.3800815478        -1.5847253729
        2.4080336000         2.2000000000         1.2714788303         0.3775296703        -1.6512126972
        2.4085592000         2.2000000000         1.2689265034         0.3673221605        -1.7177000214
        2.4106393000         2.2000000000         1.2740311571         0.3724259154        -1.5847253729
        2.4150056000         2.2000000000         1.2842404646         0.3724259154        -1.3187760760
        2.4200073000         2.2000000000         1.2740311571         0.3622184056        -1.5847253729
        2.4252063000         2.2000000000         1.2689265034         0.3545627732        -1.7177000214
        2.4300071000         2.2000000000         1.2714788303         0.3520108957        -1.6512126972
        2.4353232000         2.2000000000         1.2689265034         0.3392515084        -1.7177000214
        2.4400081000         2.2000000000         1.2714788303         0.3392515084        -1.6512126972
        2.4450077000         2.2000000000         1.2663741766         0.3290439986        -1.7841873456
        2.4500096000         2.2000000000         1.2765834840         0.3290439986        -1.5182380487
        2.4550080000         2.2000000000         1.2791358108         0.3213883662        -1.4517507245
        2.4600091000         2.2000000000         1.2663741766         0.3111808564        -1.7841873456
        2.4650067000         2.2000000000         1.2663741766         0.3009733466        -1.7841873456
        2.4700125000         2.2000000000         1.2689265034         0.2933177142        -1.7177000214
        2.4750074000         2.2000000000         1.2714788303         0.2856620818        -1.6512126972
        2.4800078000         2.2000000000         1.2689265034         0.2831102043        -1.7177000214
        2.4850393000         2.2000000000         1.2663741766         0.2677989396        -1.7841873456
        2.4900079000         2.2000000000         1.2561648691         0.2575914298        -2.0501366425
        2.4950053000         2.2000000000         1.2638218497         0.2524876748        -1.8506746698
        2.5000038000         2.2000000000         1.2638218497         0.2473839199        -1.8506746698
        2.5050055000         2.2000000000         1.2638218497         0.2473839199        -1.8506746698
        2.5100041000         2.2000000000         1.2638218497         0.2346245326        -1.8506746698
        2.5150071000         2.2000000000         1.2663741766         0.2371764101        -1.7841873456
        2.5200055000         2.2000000000         1.2663741766         0.2193132679        -1.7841873456
        2.5250063000         2.2000000000         1.2638218497         0.2167613904        -1.8506746698
        2.5300062000         2.2000000000         1.2689265034         0.2091057580        -1.7177000214
        2.5350053000         2.2000000000         1.2663741766         0.2014501257        -1.7841873456
        2.5403636000         2.2000000000         1.2612695229         0.1886907384        -1.9171619941
        2.5450059000         2.2000000000         1.2587171960         0.1784832285        -1.9836493183
        2.5500025000         2.2000000000         1.2663741766         0.1759313511        -1.7841873456
        2.5550097000         2.2000000000         1.2689265034         0.1708275961        -1.7177000214
        2.5600101000         2.2000000000         1.2612695229         0.1580682088        -1.9171619941
        2.5650078000         2.2000000000         1.2689265034         0.1580682088        -1.7177000214
        2.5700044000         2.2000000000         1.2740311571         0.1580682088        -1.5847253729
        2.5750098000         2.2000000000         1.2536125423         0.1376531892        -2.1166239668
        2.5800066000         2.2000000000         1.2714788303         0.1351013117        -1.6512126972
        2.5850055000         2.2000000000         1.2714788303         0.1351013117        -1.6512126972
        2.5900110000         2.2000000000         1.2689265034         0.1197900470        -1.7177000214
        2.5950027000         2.2000000000         1.2689265034         0.1121344146        -1.7177000214
        2.6000030000         2.2000000000         1.2714788303         0.1121344146        -1.6512126972
        2.6050098000         2.2000000000         1.2612695229         0.0942712724        -1.9171619941
        2.6100057000         2.2000000000         1.2663741766         0.0942712724        -1.7841873456
        2.6150054000         2.2000000000         1.2740311571         0.0917193949        -1.5847253729
        2.6200057000         2.2000000000         1.2638218497         0.0738562527        -1.8506746698
        2.6250082000         2.2000000000         1.2689265034         0.0738562527        -1.7177000214
        2.6300036000         2.2000000000         1.2663741766         0.0610968654        -1.7841873456
        2.6350053000         2.2000000000         1.2638218497         0.0508893556        -1.8506746698
        2.6400056000         2.2000000000         1.2663741766         0.0508893556        -1.7841873456
        2.6450047000         2.2000000000         1.2663741766         0.0381299683        -1.7841873456
        2.6500039000         2.2000000000         1.2689265034         0.0355780908        -1.7177000214
        2.6550049000         2.2000000000         1.2689265034         0.0330262134        -1.7177000214
        2.6600037000         2.2000000000         1.2689265034         0.0228187035        -1.7177000214
        2.6650043000         2.2000000000         1.2663741766         0.0177149486        -1.7841873456
        2.6700219000         2.2000000000         1.2612695229         0.0049555613        -1.9171619941
        2.6750047000         2.2000000000         1.2740311571         0.0100593162        -1.5847253729
        2.6800034000         2.2000000000         1.2714788303        -0.0001481936        -1.6512126972
        2.6850046000         2.2000000000         1.2740311571         0.0075074388        -1.5847253729
        2.6900037000         2.2000000000         1.2740311571         0.0049555613        -1.5847253729
        2.6950044000         2.2000000000         1.2638218497        -0.0001481936        -1.8506746698
        2.7000028000         2.2000000000         1.2612695229        -0.0027000711        -1.9171619941
        2.7050077000         2.2000000000         1.2612695229        -0.0052519485        -1.9171619941
        2.7100044000         2.2000000000         1.2638218497        -0.0027000711        -1.8506746698
        2.7150062000         2.2000000000         1.2663741766         0.0100593162        -1.7841873456
        2.7200094000         2.2000000000         1.2663741766         0.0049555613        -1.7841873456
        2.7250046000         2.2000000000         1.2689265034        -0.0001481936        -1.7177000214
        2.7300049000         2.2000000000         1.2714788303         0.0100593162        -1.6512126972
        2.7350046000         2.2000000000         1.2740311571         0.0024036839        -1.5847253729
        2.7400049000         2.2000000000         1.2740311571         0.0024036839        -1.5847253729
        2.7450026000         2.2000000000         1.2663741766        -0.0052519485        -1.7841873456
        2.7500324000         2.2000000000         1.2638218497         0.0024036839        -1.8506746698
        2.7550035000         2.2000000000         1.2714788303         0.0049555613        -1.6512126972
        2.7600035000         2.2000000000         1.2663741766         0.0049555613        -1.7841873456
        2.7650061000         2.2000000000         1.2689265034         1.1124703785        -1.7177000214
        2.7700114000         2.2000000000         1.2791358108         1.1175741334        -1.4517507245
        2.7750437000         2.2000000000         1.2714788303         1.1073666236        -1.6512126972
        2.7800047000         2.2000000000         1.2740311571         1.1099185011        -1.5847253729
        2.7850040000         2.2000000000         1.2689265034         1.1099185011        -1.7177000214
        2.7900039000         2.2000000000         1.2714788303         1.1022628687        -1.6512126972
        2.7950043000         2.2000000000         1.2765834840         1.1022628687        -1.5182380487
        2.8000047000         2.2000000000         1.2663741766         1.0946072363        -1.7841873456
        2.8050065000         2.2000000000         1.2740311571         1.1048147461        -1.5847253729
        2.8100046000         2.2000000000         1.2663741766         4.9811166064        -1.7841873456
        2.8150031000         2.2000000000         1.2740311571         5.0015316260        -1.5847253729
        2.8200036000         2.2000000000         1.2740311571         5.0040835035        -1.5847253729
        2.8250062000         2.2000000000         1.2714788303         4.9964278711        -1.6512126972
        2.8300044000         2.2000000000         1.2765834840         5.0040835035        -1.5182380487
        2.8350049000         2.2000000000         1.2842404646         5.0142910133        -1.3187760760
        2.8400039000         2.2000000000         1.2842404646         5.0117391359        -1.3187760760
        2.8450047000         2.2000000000         1.2791358108         5.0117391359        -1.4517507245
        2.8500048000         2.2000000000         1.2765834840         5.0117391359        -1.5182380487
        2.8550040000         2.2000000000         1.2740311571         5.0066353810        -1.5847253729
        2.8600039000         2.2000000000         1.2740311571         5.0066353810        -1.5847253729
        2.8650051000         2.2000000000         1.2689265034         5.0015316260        -1.7177000214
        2.8700065000         2.2000000000         1.2765834840         5.0066353810        -1.5182380487
        2.8750047000         2.2000000000         1.2740311571         5.0066353810        -1.5847253729
        2.8800055000         2.2000000000         1.2816881377         5.0091872584        -1.3852634003
        2.8850050000         2.2000000000         1.2842404646         5.0117391359        -1.3187760760
        2.8900039000         2.2000000000         1.2842404646         5.0117391359        -1.3187760760
        2.8950038000         2.2000000000         1.2867927914         5.0117391359        -1.2522887518
        2.9000048000         2.2000000000         1.2765834840         5.0066353810        -1.5182380487
        2.9050053000         2.2000000000         1.2765834840         4.9989797486        -1.5182380487
        2.9100033000         2.2000000000         1.2740311571         4.9964278711        -1.5847253729
        2.9150032000         2.2000000000         1.2791358108         4.9989797486        -1.4517507245
        2.9200059000         2.2000000000         1.2816881377         4.9964278711        -1.3852634003
        2.9250034000         2.2000000000         1.2816881377         4.9964278711        -1.3852634003
        2.9300056000         2.2000000000         1.2791358108         4.9836684838        -1.4517507245
        2.9350040000         2.2000000000         1.2765834840         4.9760128515        -1.5182380487
        2.9400037000         2.2000000000         1.2740311571         4.9734609740        -1.5847253729
        2.9450038000         2.2000000000         1.2816881377         4.9709090965        -1.3852634003
        2.9500040000         2.2000000000         1.2816881377         4.9632534642        -1.3852634003
        2.9550066000         2.2000000000         1.2587171960         4.9581497092        -1.9836493183
        2.9600047000         2.2000000000         1.2944497720         4.9581497092        -1.0528267791
        2.9650066000         2.2000000000         1.2893451183         4.9555978318        -1.1858014276
        2.9700040000         2.2000000000         1.2867927914         4.9428384445        -1.2522887518
        2.9750046000         2.2000000000         1.2816881377         4.9351828121        -1.3852634003
        2.9800036000         2.2000000000         1.2842404646         4.9326309346        -1.3187760760
        2.9850070000         2.2000000000         1.2791358108         4.9249753023        -1.4517507245
        2.9900041000         2.2000000000         1.2816881377         4.9198715474        -1.3852634003
        2.9950041000         2.2000000000         1.2816881377         4.9147677924        -1.3852634003
        3.0000035000         2.2000000000         1.2842404646         4.9147677924        -1.3187760760
        3.0050040000         2.2000000000         1.2867927914         4.9071121601        -1.2522887518
        3.0100030000         2.2000000000         1.2791358108         4.8943527728        -1.4517507245
        3.0150032000         2.2000000000         1.2816881377         4.8866971404        -1.3852634003
        3.0200058000         2.2000000000         1.2867927914         4.8918008953        -1.2522887518
        3.0250038000         2.2000000000         1.2740311571         4.8841452629        -1.5847253729
        3.0301506000         2.2000000000         1.2816881377         4.8713858756        -1.3852634003
        3.0350043000         2.2000000000         1.2740311571         4.8611783658        -1.5847253729
        3.0400036000         2.2000000000         1.2791358108         4.8611783658        -1.4517507245
        3.0450031000         2.2000000000         1.2791358108         4.8586264883        -1.4517507245
        3.0500063000         2.2000000000         1.2740311571         4.8407633461        -1.5847253729
        3.0550037000         2.2000000000         1.2740311571         4.8356595912        -1.5847253729
        3.0600035000         2.2000000000         1.2791358108         4.8305558363        -1.4517507245
        3.0650045000         2.2000000000         1.2561648691         4.8331077137        -2.0501366425
        3.0700046000         2.2000000000         1.2765834840         4.8203483265        -1.5182380487
        3.0750060000         2.2000000000         1.2842404646         4.8203483265        -1.3187760760
        3.0800044000         2.2000000000         1.2842404646         4.8126926941        -1.3187760760
        3.0850065000         2.2000000000         1.2842404646         4.8075889392        -1.3187760760
        3.0900034000         2.2000000000         1.2765834840         4.7973814293        -1.5182380487
        3.0950042000         2.2000000000         1.2740311571         4.7897257969        -1.5847253729
        3.1000043000         2.2000000000         1.2842404646         4.7948295519        -1.3187760760
        3.1050061000         2.2000000000         1.2867927914         4.7922776744        -1.2522887518
        3.1100039000         2.2000000000         1.2842404646         4.7871739195        -1.3187760760
        3.1152373000         2.2000000000         1.2740311571         4.7693107773        -1.5847253729
        3.1200046000         2.2000000000         1.2740311571         4.7616551449        -1.5847253729
        3.1250034000         2.2000000000         1.2765834840         4.7591032674        -1.5182380487
        3.1300040000         2.2000000000         1.2714788303         4.7514476351        -1.6512126972
        3.1350044000         2.2000000000         1.2893451183         4.7591032674        -1.1858014276
        3.1400026000         2.2000000000         1.2842404646         4.7514476351        -1.3187760760
        3.1450039000         2.2000000000         1.2867927914         4.7488957576        -1.2522887518
        3.1500033000         2.2000000000         1.2791358108         4.7284807379        -1.4517507245
        3.1550040000         2.2000000000         1.2842404646         4.7335844928        -1.3187760760
        3.1600039000         2.2000000000         1.2791358108         4.7157213506        -1.4517507245
        3.1650063000         2.2000000000         1.2689265034         4.7106175957        -1.7177000214
        3.1700051000         2.2000000000         1.2816881377         4.7106175957        -1.3852634003
        3.1750050000         2.2000000000         1.2867927914         4.7106175957        -1.2522887518
        3.1800047000         2.2000000000         1.2842404646         4.7055138408        -1.3187760760
        3.1850049000         2.2000000000         1.2816881377         4.6902025760        -1.3852634003
        3.1900128000         2.2000000000         1.2714788303         4.6825469437        -1.6512126972
        3.1950049000         2.2000000000         1.2765834840         4.6799950662        -1.5182380487
        3.2000041000         2.2000000000         1.2867927914         4.6748913113        -1.2522887518
        3.2050044000         2.2000000000         1.2842404646         4.6799950662        -1.3187760760
        3.2100033000         2.2000000000         1.2842404646         4.6595800465        -1.3187760760
        3.2150037000         2.2000000000         1.2765834840         4.6595800465        -1.5182380487
        3.2200046000         2.2000000000         1.2842404646         4.6544762916        -1.3187760760
        3.2250062000         2.2000000000         1.2842404646         4.6493725367        -1.3187760760
        3.2300053000         2.2000000000         1.2791358108         4.6468206592        -1.4517507245
        3.2350047000         2.2000000000         1.2867927914         4.6391650269        -1.2522887518
        3.2400062000         2.2000000000         1.2663741766         4.6264056396        -1.7841873456
        3.2450059000         2.2000000000         1.2842404646         4.6238537621        -1.3187760760
        3.2500052000         2.2000000000         1.2791358108         4.6187500072        -1.4517507245
        3.2550053000         2.2000000000         1.2663741766         4.6110943748        -1.7841873456
        3.2600056000         2.2000000000         1.2816881377         4.6059906199        -1.3852634003
        3.2650055000         2.2000000000         1.2714788303         4.5932312326        -1.6512126972
        3.2700055000         2.2000000000         1.2842404646         4.5957831101        -1.3187760760
        3.2750050000         2.2000000000         1.2740311571         4.5932312326        -1.5847253729
        3.2800071000         2.2000000000         1.2816881377         4.5881274777        -1.3852634003
        3.2850208000         2.2000000000         1.2740311571         4.5753680904        -1.5847253729
        3.2900070000         2.2000000000         1.2791358108         4.5753680904        -1.4517507245
        3.2950052000         2.2000000000         1.2816881377         4.5702643355        -1.3852634003
        3.3000034000         2.2000000000         1.2816881377         4.5626087031        -1.3852634003
        3.3050073000         2.2000000000         1.2842404646         4.5549530707        -1.3187760760
        3.3100559000         2.2000000000         1.2867927914         4.5575049482        -1.2522887518
        3.3150061000         2.2000000000         1.2714788303         4.5421936834        -1.6512126972
        3.3200055000         2.2000000000         1.2842404646         4.5421936834        -1.3187760760
        3.3250045000         2.2000000000         1.2765834840         4.5294342961        -1.5182380487
        3.3300045000         2.2000000000         1.2842404646         4.5345380510        -1.3187760760
        3.3350061000         2.2000000000         1.2740311571         4.5141230314        -1.5847253729
        3.3400071000         2.2000000000         1.2765834840         4.5141230314        -1.5182380487
        3.3450040000         2.2000000000         1.2816881377         4.5090192765        -1.3852634003
        3.3500044000         2.2000000000         1.2765834840         4.5039155215        -1.5182380487
        3.3550051000         2.2000000000         1.2842404646         4.5039155215        -1.3187760760
        3.3600061000         2.2000000000         1.2791358108         4.4937080117        -1.4517507245
        3.3650052000         2.2000000000         1.2791358108         4.4809486244        -1.4517507245
        3.3700065000         2.2000000000         1.2816881377         4.4886042568        -1.3852634003
        3.3750036000         2.2000000000         1.2740311571         4.4783967469        -1.5847253729
        3.3800063000         2.2000000000         1.2791358108         4.4681892371        -1.4517507245
        3.3850065000         2.2000000000         1.2842404646         4.4707411146        -1.3187760760
        3.3900054000         2.2000000000         1.2791358108         4.4579817273        -1.4517507245
        3.3950059000         2.2000000000         1.2714788303         4.4452223400        -1.6512126972
        3.4000047000         2.2000000000         1.2765834840         4.4477742174        -1.5182380487
        3.4050067000         2.2000000000         1.2740311571         4.4401185851        -1.5847253729
        3.4100371000         2.2000000000         1.2816881377         4.4324629527        -1.3852634003
        3.4150046000         2.2000000000         1.2842404646         4.4324629527        -1.3187760760
        3.4200061000         2.2000000000         1.2791358108         4.4222554428        -1.4517507245
        3.4250054000         2.2000000000         1.2689265034         4.4120479330        -1.7177000214
        3.4300039000         2.2000000000         1.2663741766         4.4094960556        -1.7841873456
        3.4350061000         2.2000000000         1.2816881377         4.4094960556        -1.3852634003
        3.4400041000         2.2000000000         1.2791358108         4.4018404232        -1.4517507245
        3.4450061000         2.2000000000         1.2714788303         4.3865291584        -1.6512126972
        3.4500069000         2.2000000000         1.2740311571         4.3916329133        -1.5847253729
        3.4550070000         2.2000000000         1.2663741766         4.3737697711        -1.7841873456
        3.4600055000         2.2000000000         1.2714788303         4.3661141388        -1.6512126972
        3.4650049000         2.2000000000         1.2740311571         4.3661141388        -1.5847253729
        3.4700541000         2.2000000000         1.2791358108         4.3584585064        -1.4517507245
        3.4750053000         2.2000000000         1.2689265034         4.3482509965        -1.7177000214
        3.4800025000         2.2000000000         1.2842404646         4.3533547515        -1.3187760760
        3.4850065000         2.2000000000         1.2765834840         4.3431472416        -1.5182380487
        3.4900060000         2.2000000000         1.2765834840         4.3329397318        -1.5182380487
        3.4950063000         2.2000000000         1.2740311571         4.3329397318        -1.5847253729
        3.5000039000         2.2000000000         1.2740311571         4.3252840994        -1.5847253729
        3.5050065000         2.2000000000         1.2791358108         4.3176284670        -1.4517507245
        3.5100039000         2.2000000000         1.2765834840         4.3125247121        -1.5182380487
        3.5150026000         2.2000000000         1.2740311571         4.3074209572        -1.5847253729
        3.5200062000         2.2000000000         1.2740311571         4.2946615699        -1.5847253729
        3.5250024000         2.2000000000         1.2740311571         4.2946615699        -1.5847253729
        3.5300078000         2.2000000000         1.2663741766         4.2819021826        -1.7841873456
        3.5350072000         2.2000000000         1.2663741766         4.2767984277        -1.7841873456
        3.5400051000         2.2000000000         1.2714788303         4.2665909178        -1.6512126972
        3.5450036000         2.2000000000         1.2765834840         4.2691427953        -1.5182380487
        3.5500058000         2.2000000000         1.2740311571         4.2614871629        -1.5847253729
        3.5550019000         2.2000000000         1.2842404646         4.2614871629        -1.3187760760
        3.5600052000         2.2000000000         1.2740311571         4.2512796531        -1.5847253729
        3.5650229000         2.2000000000         1.2791358108         4.2461758982        -1.4517507245
        3.5700171000         2.2000000000         1.2842404646         4.2436240207        -1.3187760760
        3.5750265000         2.2000000000         1.2765834840         4.2334165109        -1.5182380487
        3.5800081000         2.2000000000         1.2740311571         4.2206571236        -1.5847253729
        3.5850070000         2.2000000000         1.2765834840         4.2232090010        -1.5182380487
        3.5900076000         2.2000000000         1.2867927914         4.2206571236        -1.2522887518
        3.5950056000         2.2000000000         1.2791358108         4.2104496138        -1.4517507245
        3.6000057000         2.2000000000         1.2816881377         4.2027939814        -1.3852634003
        3.6050067000         2.2000000000         1.2765834840         4.1976902265        -1.5182380487
        3.6100047000         2.2000000000         1.2714788303         4.1849308392        -1.6512126972
        3.6150099000         2.2000000000         1.2816881377         4.1874827166        -1.3852634003
        3.6200125000         2.2000000000         1.2842404646         4.1874827166        -1.3187760760
        3.6250143000         2.2000000000         1.2714788303         4.1721714519        -1.6512126972
        3.6300099000         2.2000000000         1.2765834840         4.1696195744        -1.5182380487
        3.6350077000         2.2000000000         1.2842404646         4.1696195744        -1.3187760760
        3.6401311000         2.2000000000         1.2842404646         4.1619639420        -1.3187760760
        3.6450063000         2.2000000000         1.2816881377         4.1492045547        -1.3852634003
        3.6746781000         2.2000000000         1.2791358108         4.1134782703        -1.4517507245
        3.6779154000         2.2000000000         1.2791358108         4.1185820252        -1.4517507245
        3.6805719000         2.2000000000         1.2791358108         4.1109263928        -1.4517507245
        3.6811933000         2.2000000000         1.2765834840         4.1083745154        -1.5182380487
        3.6817522000         2.2000000000         1.2765834840         4.1083745154        -1.5182380487
        3.6821883000         2.2000000000         1.2842404646         4.1160301478        -1.3187760760
        3.6830881000         2.2000000000         1.2842404646         4.1160301478        -1.3187760760
        3.6866029000         2.2000000000         1.2689265034         4.0956151281        -1.7177000214
        3.6900083000         2.2000000000         1.2740311571         4.0981670056        -1.5847253729
        3.6953016000         2.2000000000         1.2791358108         4.0930632506        -1.4517507245
        3.7001723000         2.2000000000         1.2714788303         4.0854076183        -1.6512126972
        3.7050114000         2.2000000000         1.2714788303         4.0828557408        -1.6512126972
        3.7100077000         2.2000000000         1.2791358108         4.0726482310        -1.4517507245
        3.7152019000         2.2000000000         1.2791358108         4.0700963535        -1.4517507245
        3.7200392000         2.2000000000         1.2791358108         4.0624407211        -1.4517507245
        3.7253054000         2.2000000000         1.2842404646         4.0675444760        -1.3187760760
        3.7300074000         2.2000000000         1.2791358108         4.0547850888        -1.4517507245
        3.7350065000         2.2000000000         1.2740311571         4.0420257015        -1.5847253729
        3.7400066000         2.2000000000         1.2765834840         4.0369219465        -1.5182380487
        3.7450062000         2.2000000000         1.2714788303         4.0292663142        -1.6512126972
        3.7500062000         2.2000000000         1.2816881377         4.0292663142        -1.3852634003
        3.7550075000         2.2000000000         1.2816881377         4.0241625592        -1.3852634003
        3.7600082000         2.2000000000         1.2791358108         4.0216106818        -1.4517507245
        3.7650056000         2.2000000000         1.2791358108         4.0165069269        -1.4517507245
        3.7705156000         2.2000000000         1.2740311571         4.0037475396        -1.5847253729
        3.7751634000         2.2000000000         1.2842404646         4.0114031719        -1.3187760760
        3.7800248000         2.2000000000         1.2842404646         4.0011956621        -1.3187760760
        3.7877771000         2.2000000000         1.2816881377         3.9909881523        -1.3852634003
        3.7903044000         2.2000000000         1.2765834840         3.9807806424        -1.5182380487
        3.7951306000         2.2000000000         1.2740311571         3.9807806424        -1.5847253729
        3.8617462000         2.2000000000         1.2816881377         3.9118799510        -1.3852634003
        3.8779049000         2.2000000000         1.2791358108         3.8914649314        -1.4517507245
        3.8794533000         2.2000000000         1.2816881377         3.8863611765        -1.3852634003
        3.8805553000         2.2000000000         1.2740311571         3.8812574215        -1.5847253729
        3.8810920000         2.2000000000         1.2816881377         3.8812574215        -1.3852634003
        3.8821636000         2.2000000000         1.2893451183         3.8889130539        -1.1858014276
        3.8827223000         2.2000000000         1.2816881377         3.8812574215        -1.3852634003
        3.8836004000         2.2000000000         1.2842404646         3.8812574215        -1.3187760760
        3.8842526000         2.2000000000         1.2816881377         3.8838092990        -1.3852634003
        3.8852664000         2.2000000000         1.2791358108         3.8812574215        -1.4517507245
        3.8859926000         2.2000000000         1.2740311571         3.8736017892        -1.5847253729
        3.8865763000         2.2000000000         1.2842404646         3.8863611765        -1.3187760760
        3.8872560000         2.2000000000         1.2740311571         3.8736017892        -1.5847253729
        3.8877994000         2.2000000000         1.2765834840         3.8684980342        -1.5182380487
        3.8883117000         2.2000000000         1.2791358108         3.8710499117        -1.4517507245
        3.8888234000         2.2000000000         1.2714788303         3.8684980342        -1.6512126972
        3.8893372000         2.2000000000         1.2765834840         3.8684980342        -1.5182380487
        3.8900604000         2.2000000000         1.2816881377         3.8761536666        -1.3852634003
        3.8905925000         2.2000000000         1.2842404646         3.8736017892        -1.3187760760
        3.8950392000         2.2000000000         1.2740311571         3.8633942793        -1.5847253729
        3.9024327000         2.2000000000         1.2816881377         3.8608424019        -1.3852634003
        3.9053998000         2.2000000000         1.2740311571         3.8531867695        -1.5847253729
        3.9100262000         2.2000000000         1.2893451183         3.8633942793        -1.1858014276
        3.9150164000         2.2000000000         1.2842404646         3.8531867695        -1.3187760760
        3.9200156000         2.2000000000         1.2918974451         3.8480830146        -1.1193141034
        3.9250171000         2.2000000000         1.2791358108         3.8327717498        -1.4517507245
        3.9300160000         2.2000000000         1.2740311571         3.8276679949        -1.5847253729
        3.9350047000         2.2000000000         1.2918974451         3.8327717498        -1.1193141034
        3.9400102000         2.2000000000         1.2842404646         3.8276679949        -1.3187760760
        3.9450100000         2.2000000000         1.2816881377         3.8149086076        -1.3852634003
        3.9500811000         2.2000000000         1.2816881377         3.8123567301        -1.3852634003
        3.9550083000         2.2000000000         1.2714788303         3.7995973429        -1.6512126972
        3.9600070000         2.2000000000         1.2765834840         3.7919417105        -1.5182380487
        3.9650098000         2.2000000000         1.2714788303         3.7868379556        -1.6512126972
        3.9700137000         2.2000000000         1.2842404646         3.7919417105        -1.3187760760
        3.9750146000         2.2000000000         1.2765834840         3.7817342006        -1.5182380487
        3.9800184000         2.2000000000         1.2740311571         3.7740785683        -1.5847253729
        3.9850082000         2.2000000000         1.2714788303         3.7638710584        -1.6512126972
        3.9900093000         2.2000000000         1.2663741766         3.7587673035        -1.7841873456
        3.9950136000         2.2000000000         1.2765834840         3.7562154260        -1.5182380487
        4.0000233000         2.2000000000         1.2816881377         3.7511116711        -1.3852634003
        4.0050203000         2.2000000000         1.2714788303         3.7409041613        -1.6512126972
        4.0100106000         2.2000000000         1.2689265034         3.7383522838        -1.7177000214
        4.0150104000         2.2000000000         1.2842404646         3.7434560388        -1.3187760760
        4.0200107000         2.2000000000         1.2740311571         3.7306966515        -1.5847253729
        4.0250083000         2.2000000000         1.2765834840         3.7204891416        -1.5182380487
        4.0300105000         2.2000000000         1.2842404646         3.7179372642        -1.3187760760
        4.0350070000         2.2000000000         1.2765834840         3.7102816318        -1.5182380487
        4.0400085000         2.2000000000         1.2842404646         3.7128335092        -1.3187760760
        4.0450105000         2.2000000000         1.2791358108         3.6975222445        -1.4517507245
        4.0500110000         2.2000000000         1.2740311571         3.6924184896        -1.5847253729
        4.0550085000         2.2000000000         1.2740311571         3.6873147347        -1.5847253729
        4.0600118000         2.2000000000         1.2791358108         3.6898666121        -1.4517507245
        4.0650059000         2.2000000000         1.2765834840         3.6694515924        -1.5182380487
        4.0700151000         2.2000000000         1.2689265034         3.6643478375        -1.7177000214
        4.0750090000         2.2000000000         1.2765834840         3.6643478375        -1.5182380487
        4.0800147000         2.2000000000         1.2765834840         3.6566922051        -1.5182380487
        4.0850073000         2.2000000000         1.2740311571         3.6515884502        -1.5847253729
        4.0900094000         2.2000000000         1.2714788303         3.6388290629        -1.6512126972
        4.0950182000         2.2000000000         1.2816881377         3.6413809404        -1.3852634003
        4.1000110000         2.2000000000         1.2765834840         3.6337253080        -1.5182380487
        4.1050121000         2.2000000000         1.2740311571         3.6260696756        -1.5847253729
        4.1100110000         2.2000000000         1.2842404646         3.6286215531        -1.3187760760
        4.1150105000         2.2000000000         1.2816881377         3.6209659207        -1.3852634003
        4.1200123000         2.2000000000         1.2842404646         3.6133102883        -1.3187760760
        4.1250142000         2.2000000000         1.2842404646         3.6107584109        -1.3187760760
        4.1300197000         2.2000000000         1.2816881377         3.6056546560        -1.3852634003
        4.1350151000         2.2000000000         1.2842404646         3.6005509010        -1.3187760760
        4.1400138000         2.2000000000         1.2765834840         3.5852396363        -1.5182380487
        4.1450084000         2.2000000000         1.2740311571         3.5826877588        -1.5847253729
        4.1500018000         2.2000000000         1.2714788303         3.5699283715        -1.6512126972
        4.1550185000         2.2000000000         1.2791358108         3.5750321265        -1.4517507245
        4.1600170000         2.2000000000         1.2816881377         3.5673764941        -1.3852634003
        4.1650108000         2.2000000000         1.2816881377         3.5648246166        -1.3852634003
        4.1700250000         2.2000000000         1.2740311571         3.5546171068        -1.5847253729
        4.1750581000         2.2000000000         1.2791358108         3.5520652293        -1.4517507245
        4.1800230000         2.2000000000         1.2765834840         3.5367539646        -1.5182380487
        4.1850174000         2.2000000000         1.2842404646         3.5393058420        -1.3187760760
        4.1900171000         2.2000000000         1.2842404646         3.5316502097        -1.3187760760
        4.1950228000         2.2000000000         1.2765834840         3.5188908224        -1.5182380487
        4.2000184000         2.2000000000         1.2714788303         3.5061314351        -1.6512126972
        4.2051374000         2.2000000000         1.2842404646         3.5163389449        -1.3187760760
        4.2131317000         2.2000000000         1.2689265034         3.4959239252        -1.7177000214
        4.2150199000         2.2000000000         1.2740311571         3.4984758027        -1.5847253729
        4.2220496000         2.2000000000         1.2765834840         3.4857164154        -1.5182380487
        4.2250221000         2.2000000000         1.2765834840         3.4857164154        -1.5182380487
        4.2300191000         2.2000000000         1.2816881377         3.4882682929        -1.3852634003
        4.2350475000         2.2000000000         1.2714788303         3.4678532732        -1.6512126972
        4.2400182000         2.2000000000         1.2791358108         3.4653013957        -1.4517507245
        4.2450106000         2.2000000000         1.2689265034         3.4601976408        -1.7177000214
        4.2500053000         2.2000000000         1.2714788303         3.4499901310        -1.6512126972
        4.2550111000         2.2000000000         1.2714788303         3.4423344986        -1.6512126972
        4.2600052000         2.2000000000         1.2663741766         3.4397826211        -1.7841873456
        4.2650081000         2.2000000000         1.2740311571         3.4372307437        -1.5847253729
        4.2700115000         2.2000000000         1.2791358108         3.4397826211        -1.4517507245
        4.2750065000         2.2000000000         1.2689265034         3.4193676015        -1.7177000214
        4.2800071000         2.2000000000         1.2714788303         3.4117119691        -1.6512126972
        4.2850248000         2.2000000000         1.2765834840         3.4117119691        -1.5182380487
        4.2900175000         2.2000000000         1.2689265034         3.4015044592        -1.7177000214
        4.2950221000         2.2000000000         1.2714788303         3.4015044592        -1.6512126972
        4.3000158000         2.2000000000         1.2816881377         3.3989525818        -1.3852634003
        4.3050209000         2.2000000000         1.2842404646         3.3938488269        -1.3187760760
        4.3100222000         2.2000000000         1.2740311571         3.3810894396        -1.5847253729
        4.3150194000         2.2000000000         1.2791358108         3.3861931945        -1.4517507245
        4.3200253000         2.2000000000         1.2765834840         3.3708819297        -1.5182380487
        4.3250185000         2.2000000000         1.2791358108         3.3657781748        -1.4517507245
        4.3300256000         2.2000000000         1.2816881377         3.3632262974        -1.3852634003
        4.3350270000         2.2000000000         1.2689265034         3.3428112777        -1.7177000214
        4.3400221000         2.2000000000         1.2765834840         3.3453631551        -1.5182380487
        4.3450074000         2.2000000000         1.2740311571         3.3453631551        -1.5847253729
        4.3500045000         2.2000000000         1.2714788303         3.3275000129        -1.6512126972
        4.3550084000         2.2000000000         1.2740311571         3.3275000129        -1.5847253729
        4.3600209000         2.2000000000         1.2816881377         3.3275000129        -1.3852634003
        4.3650053000         2.2000000000         1.2791358108         3.3147406256        -1.4517507245
        4.3700165000         2.2000000000         1.2816881377         3.3198443806        -1.3852634003
        4.3750236000         2.2000000000         1.2765834840         3.2994293609        -1.5182380487
        4.3800130000         2.2000000000         1.2765834840         3.2994293609        -1.5182380487
        4.3850097000         2.2000000000         1.2740311571         3.2917737285        -1.5847253729
        4.3900171000         2.2000000000         1.2765834840         3.2892218510        -1.5182380487
        4.3950165000         2.2000000000         1.2714788303         3.2764624638        -1.6512126972
        4.4000195000         2.2000000000         1.2791358108         3.2739105863        -1.4517507245
        4.4050608000         2.2000000000         1.2918974451         3.2764624638        -1.1193141034
        4.4100244000         2.2000000000         1.2740311571         3.2611511990        -1.5847253729
        4.4150224000         2.2000000000         1.2791358108         3.2611511990        -1.4517507245
        4.4200215000         2.2000000000         1.2842404646         3.2560474441        -1.3187760760
        4.4250136000         2.2000000000         1.2689265034         3.2381843019        -1.7177000214
        4.4300139000         2.2000000000         1.2816881377         3.2432880568        -1.3852634003
        4.4350624000         2.2000000000         1.2765834840         3.2407361793        -1.5182380487
        4.4400243000         2.2000000000         1.2765834840         3.2305286695        -1.5182380487
        4.4450210000         2.2000000000         1.2740311571         3.2203211597        -1.5847253729
        4.4500091000         2.2000000000         1.2765834840         3.2152174047        -1.5182380487
        4.4550086000         2.2000000000         1.2459555617         3.2050098949        -2.3160859394
        4.4600108000         2.2000000000         1.2842404646         3.2075617724        -1.3187760760
        4.4650260000         2.2000000000         1.2842404646         3.1973542625        -1.3187760760
        4.4700078000         2.2000000000         1.2612695229         3.1820429978        -1.9171619941
        4.4750070000         2.2000000000         1.2740311571         3.1794911203        -1.5847253729
        4.4800083000         2.2000000000         1.2740311571         3.1794911203        -1.5847253729
        4.4851362000         2.2000000000         1.2842404646         3.1743873654        -1.3187760760
        4.4900177000         2.2000000000         1.2765834840         3.1641798556        -1.5182380487
        4.4950063000         2.2000000000         1.2714788303         3.1616279781        -1.6512126972
        4.5000128000         2.2000000000         1.2765834840         3.1565242232        -1.5182380487
        4.5050168000         2.2000000000         1.2638218497         3.1412129584        -1.8506746698
        4.5100065000         2.2000000000         1.2714788303         3.1361092035        -1.6512126972
        4.5150030000         2.2000000000         1.2714788303         3.1310054486        -1.6512126972
        4.5200192000         2.2000000000         1.2765834840         3.1310054486        -1.5182380487
        4.5250306000         2.2000000000         1.2740311571         3.1156941838        -1.5847253729
        4.5300100000         2.2000000000         1.2791358108         3.1182460613        -1.4517507245
        4.5350073000         2.2000000000         1.2867927914         3.1182460613        -1.2522887518
        4.5400059000         2.2000000000         1.2587171960         3.1131423064        -1.9836493183
        4.5450092000         2.2000000000         1.2740311571         3.1029347965        -1.5847253729
        4.5500594000         2.2000000000         1.2867927914         3.1054866740        -1.2522887518
        4.5550085000         2.2000000000         1.2740311571         3.0927272867        -1.5847253729
        4.5600079000         2.2000000000         1.2740311571         3.0850716543        -1.5847253729
        4.5650029000         2.2000000000         1.2791358108         3.0850716543        -1.4517507245
        4.5700021000         2.2000000000         1.2816881377         3.0774160220        -1.3852634003
        4.5750032000         2.2000000000         1.2740311571         3.0672085121        -1.5847253729
        4.5800197000         2.2000000000         1.2714788303         3.0570010023        -1.6512126972
        4.5850319000         2.2000000000         1.2816881377         3.0570010023        -1.3852634003
        4.5900044000         2.2000000000         1.2714788303         3.0467934924        -1.6512126972
        4.5950063000         2.2000000000         1.2765834840         3.0391378601        -1.5182380487
        4.6000034000         2.2000000000         1.2791358108         3.0416897375        -1.4517507245
        4.6050078000         2.2000000000         1.2740311571         3.0263784728        -1.5847253729
        4.6100074000         2.2000000000         1.2791358108         3.0212747179        -1.4517507245
        4.6150120000         2.2000000000         1.2740311571         3.0161709629        -1.5847253729
        4.6200070000         2.2000000000         1.2638218497         3.0034115756        -1.8506746698
        4.6250043000         2.2000000000         1.2740311571         3.0034115756        -1.5847253729
        4.6300057000         2.2000000000         1.2765834840         3.0034115756        -1.5182380487
        4.6350041000         2.2000000000         1.2765834840         2.9932040658        -1.5182380487
        4.6400511000         2.2000000000         1.2663741766         2.9855484334        -1.7841873456
        4.6450070000         2.2000000000         1.2791358108         2.9855484334        -1.4517507245
        4.6500191000         2.2000000000         1.2740311571         2.9727890461        -1.5847253729
        4.6550109000         2.2000000000         1.2714788303         2.9651334138        -1.6512126972
        4.6600083000         2.2000000000         1.2689265034         2.9549259039        -1.7177000214
        4.6650112000         2.2000000000         1.2714788303         2.9549259039        -1.6512126972
        4.6700086000         2.2000000000         1.2714788303         2.9421665166        -1.6512126972
        4.6750086000         2.2000000000         1.2791358108         2.9498221490        -1.4517507245
        4.6800062000         2.2000000000         1.2740311571         2.9345108842        -1.5847253729
        4.6850257000         2.2000000000         1.2689265034         2.9243033744        -1.7177000214
        4.6900086000         2.2000000000         1.2689265034         2.9191996195        -1.7177000214
        4.6950119000         2.2000000000         1.2689265034         2.9140958646        -1.7177000214
        4.7000083000         2.2000000000         1.2765834840         2.9140958646        -1.5182380487
        4.7050089000         2.2000000000         1.2740311571         2.9064402322        -1.5847253729
        4.7100058000         2.2000000000         1.2867927914         2.9089921097        -1.2522887518
        4.7150071000         2.2000000000         1.2740311571         2.8936808449        -1.5847253729
        4.7200092000         2.2000000000         1.2791358108         2.8885770900        -1.4517507245
        4.7250083000         2.2000000000         1.2791358108         2.8809214576        -1.4517507245
        4.7300060000         2.2000000000         1.2816881377         2.8758177027        -1.3852634003
        4.7350095000         2.2000000000         1.2765834840         2.8656101929        -1.5182380487
        4.7400057000         2.2000000000         1.2714788303         2.8681620703        -1.6512126972
        4.7450060000         2.2000000000         1.2816881377         2.8605064379        -1.3852634003
        4.7500057000         2.2000000000         1.2689265034         2.8477470506        -1.7177000214
        4.7550051000         2.2000000000         1.2765834840         2.8554026830        -1.5182380487
        4.7600048000         2.2000000000         1.2740311571         2.8400914183        -1.5847253729
        4.7650052000         2.2000000000         1.2663741766         2.8298839084        -1.7841873456
        4.7700064000         2.2000000000         1.2791358108         2.8324357859        -1.4517507245
        4.7750063000         2.2000000000         1.2765834840         2.8222282761        -1.5182380487
        4.7800050000         2.2000000000         1.2765834840         2.8171245211        -1.5182380487
        4.7850065000         2.2000000000         1.2638218497         2.8094688888        -1.8506746698
        4.7900067000         2.2000000000         1.2714788303         2.8018132564        -1.6512126972
        4.7950045000         2.2000000000         1.2791358108         2.7992613789        -1.4517507245
        4.8000056000         2.2000000000         1.2765834840         2.7916057465        -1.5182380487
        4.8050074000         2.2000000000         1.2791358108         2.7865019916        -1.4517507245
        4.8100056000         2.2000000000         1.2714788303         2.7737426043        -1.6512126972
        4.8150039000         2.2000000000         1.2816881377         2.7813982367        -1.3852634003
        4.8200075000         2.2000000000         1.2689265034         2.7635350945        -1.7177000214
        4.8250131000         2.2000000000         1.2714788303         2.7660869720        -1.6512126972
        4.8300066000         2.2000000000         1.2740311571         2.7533275847        -1.5847253729
        4.8350081000         2.2000000000         1.2867927914         2.7507757072        -1.2522887518
        4.8400055000         2.2000000000         1.2714788303         2.7380163199        -1.6512126972
        4.8450045000         2.2000000000         1.2816881377         2.7405681974        -1.3852634003
        4.8500064000         2.2000000000         1.2816881377         2.7431200748        -1.3852634003
        4.8550057000         2.2000000000         1.2740311571         2.7201531777        -1.5847253729
        4.8600049000         2.2000000000         1.2791358108         2.7278088101        -1.4517507245
        4.8650049000         2.2000000000         1.2816881377         2.7252569326        -1.3852634003
        4.8700073000         2.2000000000         1.2816881377         2.7124975453        -1.3852634003
        4.8750057000         2.2000000000         1.2791358108         2.7073937904        -1.4517507245
        4.8800052000         2.2000000000         1.2714788303         2.6920825256        -1.6512126972
        4.8850087000         2.2000000000         1.2765834840         2.6946344031        -1.5182380487
        4.8900069000         2.2000000000         1.2765834840         2.6895306482        -1.5182380487
        4.8950073000         2.2000000000         1.2765834840         2.6818750158        -1.5182380487
        4.9000042000         2.2000000000         1.2791358108         2.6793231383        -1.4517507245
        4.9050070000         2.2000000000         1.2765834840         2.6691156285        -1.5182380487
        4.9100080000         2.2000000000         1.2842404646         2.6691156285        -1.3187760760
        4.9150121000         2.2000000000         1.2740311571         2.6563562412        -1.5847253729
        4.9200063000         2.2000000000         1.2740311571         2.6563562412        -1.5847253729
        4.9250052000         2.2000000000         1.2765834840         2.6487006088        -1.5182380487
        4.9300083000         2.2000000000         1.2791358108         2.6487006088        -1.4517507245
        4.9350182000         2.2000000000         1.2842404646         2.6435968539        -1.3187760760
        4.9400060000         2.2000000000         1.2740311571         2.6257337117        -1.5847253729
        4.9450041000         2.2000000000         1.2714788303         2.6231818342        -1.6512126972
        4.9500027000         2.2000000000         1.2714788303         2.6129743244        -1.6512126972
        4.9550054000         2.2000000000         1.2791358108         2.6180780793        -1.4517507245
        4.9600038000         2.2000000000         1.2765834840         2.6078705695        -1.5182380487
        4.9650033000         2.2000000000         1.2765834840         2.5976630597        -1.5182380487
        4.9700056000         2.2000000000         1.2740311571         2.5951111822        -1.5847253729
        4.9750051000         2.2000000000         1.2791358108         2.5823517949        -1.4517507245
        4.9800033000         2.2000000000         1.2791358108         2.5874555498        -1.4517507245
        4.9850066000         2.2000000000         1.2740311571         2.5746961625        -1.5847253729
        4.9900038000         2.2000000000         1.2689265034         2.5619367752        -1.7177000214
        4.9950097000         2.2000000000         1.2765834840         2.5695924076        -1.5182380487
        5.0000088000         2.2000000000         1.2740311571         2.5491773879        -1.5847253729
        5.0050074000         2.2000000000         1.2714788303         2.5517292654        -1.6512126972
        5.0100038000         2.2000000000         1.2765834840         2.5466255105        -1.5182380487
        5.0150015000         2.2000000000         1.2816881377         2.5364180006        -1.3852634003
        5.0200045000         2.2000000000         1.2740311571         2.5338661232        -1.5847253729
        5.0250052000         2.2000000000         1.2842404646         2.5313142457        -1.3187760760
        5.0300080000         2.2000000000         1.2714788303         2.5134511035        -1.6512126972
        5.0350051000         2.2000000000         1.2765834840         2.5160029810        -1.5182380487
        5.0400032000         2.2000000000         1.2689265034         2.5083473486        -1.7177000214
        5.0450024000         2.2000000000         1.2765834840         2.5032435937        -1.5182380487
        5.0500133000         2.2000000000         1.2663741766         2.4879323289        -1.7841873456
        5.0550054000         2.2000000000         1.2638218497         2.4828285740        -1.8506746698
        5.0600065000         2.2000000000         1.2663741766         2.4802766965        -1.7841873456
        5.0650025000         2.2000000000         1.2689265034         2.4751729416        -1.7177000214
        5.0700051000         2.2000000000         1.2842404646         2.4777248191        -1.3187760760
        5.0750057000         2.2000000000         1.2689265034         2.4573097994        -1.7177000214
        5.0800024000         2.2000000000         1.2791358108         2.4649654318        -1.4517507245
        5.0850059000         2.2000000000         1.2714788303         2.4522060445        -1.6512126972
        5.0900039000         2.2000000000         1.2791358108         2.4522060445        -1.4517507245
        5.0950037000         2.2000000000         1.2816881377         2.4445504121        -1.3852634003
        5.1001051000         2.2000000000         1.2816881377         2.4419985347        -1.3852634003
        5.1050041000         2.2000000000         1.2765834840         2.4292391474        -1.5182380487
        5.1100035000         2.2000000000         1.2638218497         2.4139278826        -1.8506746698
        5.1151016000         2.2000000000         1.2740311571         2.4139278826        -1.5847253729
        5.1200163000         2.2000000000         1.2714788303         2.4088241277        -1.6512126972
        5.1250036000         2.2000000000         1.2740311571         2.4011684953        -1.5847253729
        5.1300034000         2.2000000000         1.2791358108         2.3960647404        -1.4517507245
        5.1350052000         2.2000000000         1.2740311571         2.3986166179        -1.5847253729
        5.1400055000         2.2000000000         1.2791358108         2.3884091080        -1.4517507245
        5.1450039000         2.2000000000         1.2663741766         2.3705459658        -1.7841873456
        5.1500087000         2.2000000000         1.2765834840         2.3756497207        -1.5182380487
        5.1550035000         2.2000000000         1.2740311571         2.3552347011        -1.5847253729
        5.1600026000         2.2000000000         1.2663741766         2.3577865785        -1.7841873456
        5.1650036000         2.2000000000         1.2740311571         2.3501309461        -1.5847253729
        5.1700072000         2.2000000000         1.2663741766         2.3424753138        -1.7841873456
        5.1750040000         2.2000000000         1.2689265034         2.3373715588        -1.7177000214
        5.1800049000         2.2000000000         1.2740311571         2.3373715588        -1.5847253729
        5.1850261000         2.2000000000         1.2765834840         2.3271640490        -1.5182380487
        5.1900042000         2.2000000000         1.2663741766         2.3093009068        -1.7841873456
        5.1950027000         2.2000000000         1.2714788303         2.3016452744        -1.6512126972
        5.2000039000         2.2000000000         1.2740311571         2.3093009068        -1.5847253729
        5.2050056000         2.2000000000         1.2638218497         2.2939896420        -1.8506746698
        5.2100042000         2.2000000000         1.2765834840         2.2888858871        -1.5182380487
        5.2150048000         2.2000000000         1.2689265034         2.2812302547        -1.7177000214
        5.2200055000         2.2000000000         1.2791358108         2.2837821322        -1.4517507245
        5.2250031000         2.2000000000         1.2740311571         2.2786783773        -1.5847253729
        5.2300029000         2.2000000000         1.2714788303         2.2684708674        -1.6512126972
        5.2350057000         2.2000000000         1.2689265034         2.2557114802        -1.7177000214
        5.2400044000         2.2000000000         1.2689265034         2.2506077252        -1.7177000214
        5.2450075000         2.2000000000         1.2689265034         2.2455039703        -1.7177000214
        5.2500115000         2.2000000000         1.2740311571         2.2404002154        -1.5847253729
        5.2550038000         2.2000000000         1.2740311571         2.2404002154        -1.5847253729
        5.2600037000         2.2000000000         1.2740311571         2.2276408281        -1.5847253729
        5.2650042000         2.2000000000         1.2765834840         2.2199851957        -1.5182380487
        5.2700051000         2.2000000000         1.2740311571         2.2097776859        -1.5847253729
        5.2750038000         2.2000000000         1.2740311571         2.2097776859        -1.5847253729
        5.2800015000         2.2000000000         1.2816881377         2.2072258084        -1.3852634003
        5.2850061000         2.2000000000         1.2765834840         2.1944664211        -1.5182380487
        5.2900030000         2.2000000000         1.2714788303         2.1842589113        -1.6512126972
        5.2950026000         2.2000000000         1.2689265034         2.1868107888        -1.7177000214
        5.3000236000         2.2000000000         1.2816881377         2.1817070338        -1.3852634003
        5.3050049000         2.2000000000         1.2689265034         2.1689476465        -1.7177000214
        5.3100060000         2.2000000000         1.2740311571         2.1638438916        -1.5847253729
        5.3150027000         2.2000000000         1.2714788303         2.1536363818        -1.6512126972
        5.3200053000         2.2000000000         1.2714788303         2.1536363818        -1.6512126972
        5.3250050000         2.2000000000         1.2663741766         2.1459807494        -1.7841873456
        5.3300016000         2.2000000000         1.2714788303         2.1332213621        -1.6512126972
        5.3350069000         2.2000000000         1.2740311571         2.1332213621        -1.5847253729
        5.3400033000         2.2000000000         1.2740311571         2.1281176072        -1.5847253729
        5.3450035000         2.2000000000         1.2689265034         2.1204619748        -1.7177000214
        5.3500040000         2.2000000000         1.2663741766         2.1077025875        -1.7841873456
        5.3550052000         2.2000000000         1.2740311571         2.1128063424        -1.5847253729
        5.3600058000         2.2000000000         1.2791358108         2.1025988326        -1.4517507245
        5.3650026000         2.2000000000         1.2689265034         2.0974950777        -1.7177000214
        5.3700049000         2.2000000000         1.2791358108         2.0923913228        -1.4517507245
        5.3750051000         2.2000000000         1.2791358108         2.0923913228        -1.4517507245
        5.3800038000         2.2000000000         1.2816881377         2.0847356904        -1.3852634003
        5.3850065000         2.2000000000         1.2689265034         2.0694244256        -1.7177000214
        5.3900033000         2.2000000000         1.2740311571         2.0668725482        -1.5847253729
        5.3950048000         2.2000000000         1.2714788303         2.0566650383        -1.6512126972
        5.4000035000         2.2000000000         1.2816881377         2.0592169158        -1.3852634003
        5.4050058000         2.2000000000         1.2816881377         2.0566650383        -1.3852634003
        5.4100035000         2.2000000000         1.2791358108         2.0464575285        -1.4517507245
        5.4150025000         2.2000000000         1.2816881377         2.0413537736        -1.3852634003
        5.4200053000         2.2000000000         1.2663741766         2.0209387539        -1.7841873456
        5.4250034000         2.2000000000         1.2791358108         2.0209387539        -1.4517507245
        5.4300027000         2.2000000000         1.2740311571         2.0107312441        -1.5847253729
        5.4350058000         2.2000000000         1.2791358108         2.0107312441        -1.4517507245
        5.4400039000         2.2000000000         1.2816881377         2.0132831215        -1.3852634003
        5.4450022000         2.2000000000         1.2740311571         1.9979718568        -1.5847253729
        5.4500725000         2.2000000000         1.2765834840         1.9928681019        -1.5182380487
        5.4550050000         2.2000000000         1.2663741766         1.9775568371        -1.7841873456
        5.4600345000         2.2000000000         1.2791358108         1.9877643470        -1.4517507245
        5.4650022000         2.2000000000         1.2816881377         1.9775568371        -1.3852634003
        5.4700081000         2.2000000000         1.2714788303         1.9622455724        -1.6512126972
        5.4750028000         2.2000000000         1.2740311571         1.9622455724        -1.5847253729
        5.4800296000         2.2000000000         1.2714788303         1.9494861851        -1.6512126972
        5.4850045000         2.2000000000         1.2765834840         1.9494861851        -1.5182380487
        5.4900027000         2.2000000000         1.2663741766         1.9367267978        -1.7841873456
        5.4950044000         2.2000000000         1.2842404646         1.9418305527        -1.3187760760
        5.5000663000         2.2000000000         1.2842404646         1.9392786752        -1.3187760760
        5.5050060000         2.2000000000         1.2714788303         1.9188636556        -1.6512126972
        5.5100042000         2.2000000000         1.2714788303         1.9137599006        -1.6512126972
        5.5150040000         2.2000000000         1.2816881377         1.9188636556        -1.3852634003
        5.5200059000         2.2000000000         1.2714788303         1.9086561457        -1.6512126972
        5.5250032000         2.2000000000         1.2765834840         1.9010005134        -1.5182380487
        5.5300039000         2.2000000000         1.2740311571         1.8958967584        -1.5847253729
        5.5350067000         2.2000000000         1.2459555617         1.8958967584        -2.3160859394
        5.5400053000         2.2000000000         1.2842404646         1.8856892486        -1.3187760760
        5.5450035000         2.2000000000         1.2740311571         1.8780336162        -1.5847253729
        5.5500036000         2.2000000000         1.2842404646         1.8780336162        -1.3187760760
        5.5550061000         2.2000000000         1.2714788303         1.8601704740        -1.6512126972
        5.5600041000         2.2000000000         1.2740311571         1.8601704740        -1.5847253729
        5.5650043000         2.2000000000         1.2816881377         1.8576185965        -1.3852634003
        5.5700050000         2.2000000000         1.2689265034         1.8423073318        -1.7177000214
        5.5750030000         2.2000000000         1.2791358108         1.8423073318        -1.4517507245
        5.5800044000         2.2000000000         1.2765834840         1.8320998220        -1.5182380487
        5.5850061000         2.2000000000         1.2893451183         1.8320998220        -1.1858014276
        5.5900050000         2.2000000000         1.2791358108         1.8295479445        -1.4517507245
        5.5950041000         2.2000000000         1.2791358108         1.8244441896        -1.4517507245
        5.6000024000         2.2000000000         1.2689265034         1.8065810474        -1.7177000214
        5.6050051000         2.2000000000         1.2842404646         1.8116848023        -1.3187760760
        5.6100030000         2.2000000000         1.2816881377         1.8014772924        -1.3852634003
        5.6150037000         2.2000000000         1.2791358108         1.8014772924        -1.4517507245
        5.6200039000         2.2000000000         1.2689265034         1.7836141502        -1.7177000214
        5.6250025000         2.2000000000         1.2791358108         1.7887179052        -1.4517507245
        5.6300043000         2.2000000000         1.2663741766         1.7708547629        -1.7841873456
        5.6350068000         2.2000000000         1.2740311571         1.7708547629        -1.5847253729
        5.6400026000         2.2000000000         1.2714788303         1.7683028855        -1.6512126972
        5.6450058000         2.2000000000         1.2714788303         1.7606472531        -1.6512126972
        5.6501303000         2.2000000000         1.2816881377         1.7555434982        -1.3852634003
        5.6550049000         2.2000000000         1.2714788303         1.7453359884        -1.6512126972
        5.6600082000         2.2000000000         1.2663741766         1.7351284785        -1.7841873456
        5.6650049000         2.2000000000         1.2714788303         1.7325766011        -1.6512126972
        5.6700070000         2.2000000000         1.2765834840         1.7274728461        -1.5182380487
        5.6750044000         2.2000000000         1.2740311571         1.7223690912        -1.5847253729
        5.6800025000         2.2000000000         1.2816881377         1.7223690912        -1.3852634003
        5.6850083000         2.2000000000         1.2663741766         1.7019540715        -1.7841873456
        5.6900030000         2.2000000000         1.2714788303         1.7019540715        -1.6512126972
        5.6950044000         2.2000000000         1.2740311571         1.6968503166        -1.5847253729
        5.7000030000         2.2000000000         1.2689265034         1.6891946843        -1.7177000214
        5.7050046000         2.2000000000         1.2740311571         1.6815390519        -1.5847253729
        5.7100032000         2.2000000000         1.2714788303         1.6764352970        -1.6512126972
        5.7150024000         2.2000000000         1.2740311571         1.6789871744        -1.5847253729
        5.7200045000         2.2000000000         1.2689265034         1.6611240322        -1.7177000214
        5.7250045000         2.2000000000         1.2740311571         1.6585721547        -1.5847253729
        5.7300016000         2.2000000000         1.2816881377         1.6585721547        -1.3852634003
        5.7350043000         2.2000000000         1.2663741766         1.6432608900        -1.7841873456
        5.7400189000         2.2000000000         1.2714788303         1.6407090125        -1.6512126972
        5.7450031000         2.2000000000         1.2689265034         1.6330533802        -1.7177000214
        5.7500199000         2.2000000000         1.2714788303         1.6305015027        -1.6512126972
        5.7550042000         2.2000000000         1.2689265034         1.6228458703        -1.7177000214
        5.7600022000         2.2000000000         1.2638218497         1.6100864830        -1.8506746698
        5.7650054000         2.2000000000         1.2765834840         1.6126383605        -1.5182380487
        5.7700048000         2.2000000000         1.2740311571         1.6049827281        -1.5847253729
        5.7750030000         2.2000000000         1.2765834840         1.5973270957        -1.5182380487
        5.7800128000         2.2000000000         1.2638218497         1.5845677084        -1.8506746698
        5.7850056000         2.2000000000         1.2663741766         1.5769120761        -1.7841873456
        5.7900038000         2.2000000000         1.2816881377         1.5845677084        -1.3852634003
        5.7950042000         2.2000000000         1.2740311571         1.5743601986        -1.5847253729
        5.8000037000         2.2000000000         1.2714788303         1.5590489338        -1.6512126972
        5.8050050000         2.2000000000         1.2638218497         1.5539451789        -1.8506746698
        5.8100012000         2.2000000000         1.2842404646         1.5616008113        -1.3187760760
        5.8150040000         2.2000000000         1.2740311571         1.5488414240        -1.5847253729
        5.8200061000         2.2000000000         1.2612695229         1.5386339142        -1.9171619941
        5.8250046000         2.2000000000         1.2714788303         1.5360820367        -1.6512126972
        5.8300037000         2.2000000000         1.2689265034         1.5284264043        -1.7177000214
        5.8350066000         2.2000000000         1.2714788303         1.5182188945        -1.6512126972
        5.8400033000         2.2000000000         1.2765834840         1.5156670170        -1.5182380487
        5.8450066000         2.2000000000         1.2791358108         1.5105632621        -1.4517507245
        5.8500387000         2.2000000000         1.2791358108         1.5080113847        -1.4517507245
        5.8550074000         2.2000000000         1.2663741766         1.4952519974        -1.7841873456
        5.8600097000         2.2000000000         1.2689265034         1.4875963650        -1.7177000214
        5.8650031000         2.2000000000         1.2791358108         1.4875963650        -1.4517507245
        5.8700035000         2.2000000000         1.2842404646         1.4875963650        -1.3187760760
        5.8750022000         2.2000000000         1.2663741766         1.4722851002        -1.7841873456
        5.8800073000         2.2000000000         1.2714788303         1.4620775904        -1.6512126972
        5.8850043000         2.2000000000         1.2714788303         1.4620775904        -1.6512126972
        5.8967209000         2.2000000000         1.2714788303         1.4493182031        -1.6512126972
        5.8978806000         2.2000000000         1.2638218497         1.4391106933        -1.8506746698
        5.9005933000         2.2000000000         1.2612695229         1.4365588158        -1.9171619941
        5.9051063000         2.2000000000         1.2765834840         1.4391106933        -1.5182380487
        5.9100079000         2.2000000000         1.2714788303         1.4263513060        -1.6512126972
        5.9150087000         2.2000000000         1.2663741766         1.4135919187        -1.7841873456
        5.9200968000         2.2000000000         1.2765834840         1.4186956736        -1.5182380487
        5.9250101000         2.2000000000         1.2740311571         1.4135919187        -1.5847253729
        5.9300090000         2.2000000000         1.2689265034         1.3982806539        -1.7177000214
        5.9352289000         2.2000000000         1.2714788303         1.3906250215        -1.6512126972
        5.9400068000         2.2000000000         1.2714788303         1.3880731441        -1.6512126972
        5.9450084000         2.2000000000         1.2689265034         1.3829693892        -1.7177000214
        5.9500062000         2.2000000000         1.2740311571         1.3829693892        -1.5847253729
        5.9550048000         2.2000000000         1.2816881377         1.3778656343        -1.3852634003
        5.9600017000         2.2000000000         1.2816881377         1.3753137568        -1.3852634003
        5.9650062000         2.2000000000         1.2765834840         1.3625543695        -1.5182380487
        5.9700043000         2.2000000000         1.2765834840         1.3600024920        -1.5182380487
        5.9750064000         2.2000000000         1.2714788303         1.3446912273        -1.6512126972
        5.9800073000         2.2000000000         1.2765834840         1.3421393498        -1.5182380487
        5.9850070000         2.2000000000         1.2816881377         1.3446912273        -1.3852634003
        5.9900040000         2.2000000000         1.2663741766         1.3293799625        -1.7841873456
        5.9950087000         2.2000000000         1.2816881377         1.3319318400        -1.3852634003
        6.0000055000         2.2000000000         1.2765834840         1.3191724527        -1.5182380487
        6.0050070000         2.2000000000         1.2867927914         1.3217243302        -1.2522887518
        6.0100070000         2.2000000000         1.2714788303         1.3013093105        -1.6512126972
        6.0150042000         2.2000000000         1.2765834840         1.3038611879        -1.5182380487
        6.0200209000         2.2000000000         1.2816881377         1.3038611879        -1.3852634003
        6.0250068000         2.2000000000         1.2740311571         1.2936536781        -1.5847253729
        6.0300071000         2.2000000000         1.2740311571         1.2808942908        -1.5847253729
        6.0350075000         2.2000000000         1.2842404646         1.2859980457        -1.3187760760
        6.0400044000         2.2000000000         1.2765834840         1.2808942908        -1.5182380487
        6.0450072000         2.2000000000         1.2816881377         1.2706867810        -1.3852634003
        6.0500057000         2.2000000000         1.2791358108         1.2604792711        -1.4517507245
        6.0550169000         2.2000000000         1.2765834840         1.2579273937        -1.5182380487
        6.0600376000         2.2000000000         1.2893451183         1.2553755162        -1.1858014276
        6.0650049000         2.2000000000         1.2765834840         1.2451680064        -1.5182380487
        6.0700069000         2.2000000000         1.2791358108         1.2451680064        -1.4517507245
        6.0750079000         2.2000000000         1.2740311571         1.2273048642        -1.5847253729
        6.0800081000         2.2000000000         1.2740311571         1.2196492318        -1.5847253729
        6.0850052000         2.2000000000         1.2714788303         1.2170973543        -1.6512126972
        6.0900084000         2.2000000000         1.2791358108         1.2145454769        -1.4517507245
        6.0950063000         2.2000000000         1.2689265034         1.2043379670        -1.7177000214
        6.1000041000         2.2000000000         1.2689265034         1.2017860896        -1.7177000214
        6.1050054000         2.2000000000         1.2765834840         1.2017860896        -1.5182380487
        6.1100054000         2.2000000000         1.2791358108         1.1992342121        -1.4517507245
        6.1150071000         2.2000000000         1.2587171960         1.1890267023        -1.9836493183
        6.1200044000         2.2000000000         1.2791358108         1.1788191925        -1.4517507245
        6.1250054000         2.2000000000         1.2765834840         1.1813710699        -1.5182380487
        6.1300052000         2.2000000000         1.2791358108         1.1660598052        -1.4517507245
        6.1350065000         2.2000000000         1.2791358108         1.1609560502        -1.4517507245
        6.1400048000         2.2000000000         1.2791358108         1.1609560502        -1.4517507245
        6.1450046000         2.2000000000         1.2765834840         1.1481966629        -1.5182380487
        6.1500050000         2.2000000000         1.2867927914         1.1533004179        -1.2522887518
        6.1550080000         2.2000000000         1.2816881377         1.1379891531        -1.3852634003
        6.1600078000         2.2000000000         1.2791358108         1.1379891531        -1.4517507245
        6.1650091000         2.2000000000         1.2740311571         1.1226778884        -1.5847253729
        6.1700074000         2.2000000000         1.2714788303         1.1252297658        -1.6512126972
        6.1750050000         2.2000000000         1.2714788303         1.1124703785        -1.6512126972
        6.1800042000         2.2000000000         1.2663741766         1.1048147461        -1.7841873456
        6.1850038000         2.2000000000         1.2791358108         1.1048147461        -1.4517507245
        6.1900021000         2.2000000000         1.2740311571         1.0997109912        -1.5847253729
        6.1950047000         2.2000000000         1.2765834840         1.0946072363        -1.5182380487
        6.2000022000         2.2000000000         1.2663741766         1.0792959716        -1.7841873456
        6.2050050000         2.2000000000         1.2765834840         1.0767440941        -1.5182380487
        6.2100051000         2.2000000000         1.2740311571         1.0741922166        -1.5847253729
        6.2150038000         2.2000000000         1.2791358108         1.0690884617        -1.4517507245
        6.2200028000         2.2000000000         1.2765834840         1.0588809519        -1.5182380487
        6.2250050000         2.2000000000         1.2816881377         1.0588809519        -1.3852634003
        6.2300046000         2.2000000000         1.2842404646         1.0537771970        -1.3187760760
        6.2350045000         2.2000000000         1.2791358108         1.0512253195        -1.4517507245
        6.2400031000         2.2000000000         1.2612695229         1.0359140547        -1.9171619941
        6.2450049000         2.2000000000         1.2816881377         1.0308102998        -1.3852634003
        6.2500050000         2.2000000000         1.2740311571         1.0231546675        -1.5847253729
        6.2550067000         2.2000000000         1.2816881377         1.0257065449        -1.3852634003
        6.2600066000         2.2000000000         1.2842404646         1.0231546675        -1.3187760760
        6.2650032000         2.2000000000         1.2816881377         1.0129471576        -1.3852634003
        6.2700048000         2.2000000000         1.2765834840         1.0027396478        -1.5182380487
        6.2750047000         2.2000000000         1.2842404646         0.9976358929        -1.3187760760
        6.2800047000         2.2000000000         1.2740311571         0.9874283830        -1.5847253729
        6.2850060000         2.2000000000         1.2791358108         0.9797727506        -1.4517507245
        6.2900062000         2.2000000000         1.2791358108         0.9772208732        -1.4517507245
        6.2950056000         2.2000000000         1.2689265034         0.9695652408        -1.7177000214
        6.3000052000         2.2000000000         1.2740311571         0.9644614859        -1.5847253729
        6.3050045000         2.2000000000         1.2663741766         0.9491502211        -1.7841873456
        6.3100055000         2.2000000000         1.2612695229         0.9440464662        -1.9171619941
        6.3150054000         2.2000000000         1.2740311571         0.9440464662        -1.5847253729
        6.3200050000         2.2000000000         1.2663741766         0.9389427113        -1.7841873456
        6.3250050000         2.2000000000         1.2612695229         0.9210795691        -1.9171619941
        6.3300035000         2.2000000000         1.2638218497         0.9185276916        -1.8506746698
        6.3350031000         2.2000000000         1.2714788303         0.9159758142        -1.6512126972
        6.3400013000         2.2000000000         1.2663741766         0.9083201818        -1.7841873456
        6.3450050000         2.2000000000         1.2791358108         0.9083201818        -1.4517507245
        6.3500057000         2.2000000000         1.2714788303         0.8955607945        -1.6512126972
        6.3550055000         2.2000000000         1.2638218497         0.8904570396        -1.8506746698
        6.3600032000         2.2000000000         1.2638218497         0.8725938974        -1.8506746698
        6.3650033000         2.2000000000         1.2612695229         0.8700420199        -1.9171619941
        6.3700035000         2.2000000000         1.2689265034         0.8674901425        -1.7177000214
        6.3750043000         2.2000000000         1.2740311571         0.8700420199        -1.5847253729
        6.3800039000         2.2000000000         1.2638218497         0.8496270002        -1.8506746698
        6.3850021000         2.2000000000         1.2689265034         0.8496270002        -1.7177000214
        6.3900018000         2.2000000000         1.2740311571         0.8470751228        -1.5847253729
        6.3950017000         2.2000000000         1.2816881377         0.8394194904        -1.3852634003
        6.4000047000         2.2000000000         1.2740311571         0.8317638580        -1.5847253729
        6.4050037000         2.2000000000         1.2689265034         0.8241082257        -1.7177000214
        6.4100032000         2.2000000000         1.2663741766         0.8164525933        -1.7841873456
        6.4150020000         2.2000000000         1.2689265034         0.7985894511        -1.7177000214
        6.4200058000         2.2000000000         1.2740311571         0.8011413285        -1.5847253729
        6.4250075000         2.2000000000         1.2791358108         0.7985894511        -1.4517507245
        6.4300030000         2.2000000000         1.2740311571         0.7883819412        -1.5847253729
        6.4350039000         2.2000000000         1.2740311571         0.7858300638        -1.5847253729
        6.4400031000         2.2000000000         1.2714788303         0.7705187990        -1.6512126972
        6.4450042000         2.2000000000         1.2791358108         0.7756225539        -1.4517507245
        6.4500035000         2.2000000000         1.2663741766         0.7577594117        -1.7841873456
        6.4550021000         2.2000000000         1.2638218497         0.7603112892        -1.8506746698
        6.4600047000         2.2000000000         1.2689265034         0.7398962695        -1.7177000214
        6.4650034000         2.2000000000         1.2714788303         0.7450000244        -1.6512126972
        6.4700046000         2.2000000000         1.2714788303         0.7373443920        -1.6512126972
        6.4750038000         2.2000000000         1.2663741766         0.7271368822        -1.7841873456
        6.4800040000         2.2000000000         1.2714788303         0.7322406371        -1.6512126972
        6.4850037000         2.2000000000         1.2689265034         0.7118256175        -1.7177000214
        6.4900027000         2.2000000000         1.2612695229         0.7118256175        -1.9171619941
        6.4950036000         2.2000000000         1.2740311571         0.7041699851        -1.5847253729
        6.5000023000         2.2000000000         1.2740311571         0.6990662302        -1.5847253729
        6.5050028000         2.2000000000         1.2689265034         0.6914105978        -1.7177000214
        6.5100034000         2.2000000000         1.2740311571         0.6837549654        -1.5847253729
        6.5150039000         2.2000000000         1.2740311571         0.6786512105        -1.5847253729
        6.5200035000         2.2000000000         1.2510602154         0.6735474556        -2.1831112910
        6.5250037000         2.2000000000         1.2714788303         0.6582361908        -1.6512126972
        6.5300031000         2.2000000000         1.2714788303         0.6582361908        -1.6512126972
        6.5350032000         2.2000000000         1.2714788303         0.6480286810        -1.6512126972
        6.5400029000         2.2000000000         1.2663741766         0.6378211711        -1.7841873456
        6.5450036000         2.2000000000         1.2663741766         0.6403730486        -1.7841873456
        6.5500028000         2.2000000000         1.2740311571         0.6378211711        -1.5847253729
        6.5550021000         2.2000000000         1.2689265034         0.6225099064        -1.7177000214
        6.5600038000         2.2000000000         1.2765834840         0.6250617838        -1.5182380487
        6.5650036000         2.2000000000         1.2714788303         0.6071986416        -1.6512126972
        6.5700028000         2.2000000000         1.2587171960         0.5995430093        -1.9836493183
        6.5750016000         2.2000000000         1.2689265034         0.5995430093        -1.7177000214
        6.5800052000         2.2000000000         1.2663741766         0.5867836220        -1.7841873456
        6.5850031000         2.2000000000         1.2714788303         0.5842317445        -1.6512126972
        6.5900038000         2.2000000000         1.2689265034         0.5791279896        -1.7177000214
        6.5950030000         2.2000000000         1.2714788303         0.5714723572        -1.6512126972
        6.6000145000         2.2000000000         1.2587171960         0.5714723572        -1.9836493183
        6.6050043000         2.2000000000         1.2689265034         0.5587129699        -1.7177000214
        6.6100018000         2.2000000000         1.2689265034         0.5536092150        -1.7177000214
        6.6150041000         2.2000000000         1.2740311571         0.5434017052        -1.5847253729
        6.6200034000         2.2000000000         1.2740311571         0.5434017052        -1.5847253729
        6.6250042000         2.2000000000         1.2689265034         0.5229866855        -1.7177000214
        6.6300043000         2.2000000000         1.2791358108         0.5331941953        -1.4517507245
        6.6350080000         2.2000000000         1.2663741766         0.5204348080        -1.7841873456
        6.6400046000         2.2000000000         1.2740311571         0.5153310531        -1.5847253729
        6.6450024000         2.2000000000         1.2663741766         0.4949160334        -1.7841873456
        6.6500025000         2.2000000000         1.2740311571         0.4949160334        -1.5847253729
        6.6550041000         2.2000000000         1.2714788303         0.4923641560        -1.6512126972
        6.6600042000         2.2000000000         1.2714788303         0.4847085236        -1.6512126972
        6.6650040000         2.2000000000         1.2638218497         0.4693972588        -1.8506746698
        6.6700044000         2.2000000000         1.2740311571         0.4770528912        -1.5847253729
        6.6750039000         2.2000000000         1.2485078886         0.4642935039        -2.2495986152
        6.6800051000         2.2000000000         1.2791358108         0.4642935039        -1.4517507245
        6.6850071000         2.2000000000         1.2689265034         0.4515341166        -1.7177000214
        6.6900049000         2.2000000000         1.2638218497         0.4413266068        -1.8506746698
        6.6950055000         2.2000000000         1.2714788303         0.4311190970        -1.6512126972
        6.7000047000         2.2000000000         1.2689265034         0.4336709744        -1.7177000214
        6.7050038000         2.2000000000         1.2765834840         0.4234634646        -1.5182380487
        6.7100016000         2.2000000000         1.2740311571         0.4158078322        -1.5847253729
        6.7150064000         2.2000000000         1.2765834840         0.4183597097        -1.5182380487
        6.7200066000         2.2000000000         1.2791358108         0.4081521998        -1.4517507245
        6.7250054000         2.2000000000         1.2791358108         0.3979446900        -1.4517507245
        6.7300055000         2.2000000000         1.2612695229         0.3902890576        -1.9171619941
        6.7350039000         2.2000000000         1.2816881377         0.3953928125        -1.3852634003
        6.7400033000         2.2000000000         1.2740311571         0.3800815478        -1.5847253729
        6.7450025000         2.2000000000         1.2536125423         0.3698740379        -2.1166239668
        6.7500056000         2.2000000000         1.2816881377         0.3749777929        -1.3852634003
        6.7550074000         2.2000000000         1.2689265034         0.3571146507        -1.7177000214
        6.7600078000         2.2000000000         1.2714788303         0.3545627732        -1.6512126972
        6.7650044000         2.2000000000         1.2816881377         0.3571146507        -1.3852634003
        6.7700057000         2.2000000000         1.2791358108         0.3494590183        -1.4517507245
        6.7750052000         2.2000000000         1.2740311571         0.3443552634        -1.5847253729
        6.7800018000         2.2000000000         1.2816881377         0.3341477535        -1.3852634003
        6.7850045000         2.2000000000         1.2689265034         0.3188364888        -1.7177000214
        6.7900023000         2.2000000000         1.2816881377         0.3239402437        -1.3852634003
        6.7950189000         2.2000000000         1.2689265034         0.3060771015        -1.7177000214
        6.8000019000         2.2000000000         1.2689265034         0.2984214691        -1.7177000214
        6.8051282000         2.2000000000         1.2638218497         0.3060771015        -1.8506746698
        6.8100020000         2.2000000000         1.2816881377         0.2984214691        -1.3852634003
        6.8150020000         2.2000000000         1.2689265034         0.2805583269        -1.7177000214
        6.8200021000         2.2000000000         1.2765834840         0.2729026945        -1.5182380487
        6.8250012000         2.2000000000         1.2689265034         0.2703508170        -1.7177000214
        6.8300058000         2.2000000000         1.2689265034         0.2626951847        -1.7177000214
        6.8350063000         2.2000000000         1.2689265034         0.2550395523        -1.7177000214
        6.8400027000         2.2000000000         1.2765834840         0.2524876748        -1.5182380487
        6.8450029000         2.2000000000         1.2765834840         0.2499357974        -1.5182380487
        6.8500023000         2.2000000000         1.2816881377         0.2499357974        -1.3852634003
        6.8550017000         2.2000000000         1.2663741766         0.2295207777        -1.7841873456
        6.8600071000         2.2000000000         1.2740311571         0.2269689002        -1.5847253729
        6.8650028000         2.2000000000         1.2714788303         0.2218651453        -1.6512126972
        6.8700029000         2.2000000000         1.2816881377         0.2193132679        -1.3852634003
        6.8750032000         2.2000000000         1.2816881377         0.2091057580        -1.3852634003
        6.8800052000         2.2000000000         1.2689265034         0.1988982482        -1.7177000214
        6.8850042000         2.2000000000         1.2791358108         0.1988982482        -1.4517507245
        6.8900038000         2.2000000000         1.2740311571         0.1886907384        -1.5847253729
        6.8950031000         2.2000000000         1.2740311571         0.1835869834        -1.5847253729
        6.9000042000         2.2000000000         1.2791358108         0.1759313511        -1.4517507245
        6.9050065000         2.2000000000         1.2765834840         0.1708275961        -1.5182380487
        6.9100236000         2.2000000000         1.2740311571         0.1657238412        -1.5847253729
        6.9150314000         2.2000000000         1.2791358108         0.1631719638        -1.4517507245
        6.9200036000         2.2000000000         1.2740311571         0.1529644539        -1.5847253729
        6.9250037000         2.2000000000         1.2765834840         0.1529644539        -1.5182380487
        6.9300065000         2.2000000000         1.2689265034         0.1427569441        -1.7177000214
        6.9350040000         2.2000000000         1.2816881377         0.1351013117        -1.3852634003
        6.9400037000         2.2000000000         1.2714788303         0.1274456793        -1.6512126972
        6.9450030000         2.2000000000         1.2740311571         0.1121344146        -1.5847253729
        6.9500034000         2.2000000000         1.2791358108         0.1146862920        -1.4517507245
        6.9550030000         2.2000000000         1.2791358108         0.1172381695        -1.4517507245
        6.9600044000         2.2000000000         1.2638218497         0.1121344146        -1.8506746698
        6.9650029000         2.2000000000         1.2765834840         0.0993750273        -1.5182380487
        6.9700036000         2.2000000000         1.2765834840         0.0917193949        -1.5182380487
        6.9750028000         2.2000000000         1.2740311571         0.0789600076        -1.5847253729
        6.9800029000         2.2000000000         1.2714788303         0.0738562527        -1.6512126972
        6.9850019000         2.2000000000         1.2765834840         0.0738562527        -1.5182380487
        6.9900021000         2.2000000000         1.2842404646         0.0662006203        -1.3187760760
        6.9950017000         2.2000000000         1.2816881377         0.0662006203        -1.3852634003
        7.0000038000         2.2000000000         1.2740311571         0.0508893556        -1.5847253729
        7.0050020000         2.2000000000         1.2714788303         0.0457856007        -1.6512126972
        7.0100034000         2.2000000000         1.2765834840         0.0432337232        -1.5182380487
        7.0150017000         2.2000000000         1.2791358108         0.0355780908        -1.4517507245
        7.0200045000         2.2000000000         1.2791358108         0.0304743359        -1.4517507245
        7.0250024000         2.2000000000         1.2816881377         0.0253705810        -1.3852634003
        7.0300042000         2.2000000000         1.2714788303         0.0151630711        -1.6512126972
        7.0350039000         2.2000000000         1.2714788303         0.0100593162        -1.6512126972
        7.0400021000         2.2000000000         1.2842404646         0.0177149486        -1.3187760760
        7.0450017000         2.2000000000         1.2842404646         0.0126111937        -1.3187760760
        7.0500042000         2.2000000000         1.2791358108        -0.0001481936        -1.4517507245
        7.0550032000         2.2000000000         1.2663741766        -0.0027000711        -1.7841873456
        7.0600038000         2.2000000000         1.2791358108         0.0024036839        -1.4517507245
        7.0650028000         2.2000000000         1.2765834840         0.0024036839        -1.5182380487
        7.0700054000         2.2000000000         1.2816881377         0.0049555613        -1.3852634003
        7.0750586000         2.2000000000         1.2791358108        -0.0001481936        -1.4517507245
        7.0800019000         2.2000000000         1.2765834840        -0.0001481936        -1.5182380487
        7.0850031000         2.2000000000         1.2867927914         0.0075074388        -1.2522887518
        7.0900014000         2.2000000000         1.2893451183         0.0100593162        -1.1858014276
        7.0950027000         2.2000000000         1.2791358108         0.0024036839        -1.4517507245
        7.1000030000         2.2000000000         1.2816881377        -0.0001481936        -1.3852634003
        7.1050060000         2.2000000000         1.2842404646         0.0024036839        -1.3187760760
        7.1100027000         2.2000000000         1.2816881377         0.0024036839        -1.3852634003
        7.1150058000         2.2000000000         1.2842404646         0.0126111937        -1.3187760760
        7.1200030000         2.2000000000         1.2893451183         0.0100593162        -1.1858014276
        7.1250037000         2.2000000000         1.2816881377         0.0024036839        -1.3852634003
        7.1300032000         2.2000000000         1.2765834840         0.0024036839        -1.5182380487
        7.1350024000         2.2000000000         1.2714788303        -0.0027000711        -1.6512126972
        7.1400017000         2.2000000000         1.2740311571        -0.0027000711        -1.5847253729
        7.1450046000         2.2000000000         1.2740311571         0.0049555613        -1.5847253729
        7.1500034000         2.2000000000         1.2765834840         1.1124703785        -1.5182380487
        7.1550026000         2.2000000000         1.2765834840         1.1124703785        -1.5182380487
        7.1600019000         2.2000000000         1.2893451183         1.1150222560        -1.1858014276
        7.1650036000         2.2000000000         1.2842404646         1.1175741334        -1.3187760760
        7.1700032000         2.2000000000         1.2714788303         1.0946072363        -1.6512126972
        7.1750037000         2.2000000000         1.2791358108         1.1099185011        -1.4517507245
        7.1800029000         2.2000000000         1.2714788303         1.0997109912        -1.6512126972
        7.1850062000         2.2000000000         1.2816881377         1.1099185011        -1.3852634003
        7.1900040000         2.2000000000         1.2714788303         1.1048147461        -1.6512126972
        7.1950031000         2.2000000000         1.2791358108         1.1099185011        -1.4517507245
        7.2000034000         2.2000000000         1.2867927914         4.9913241162        -1.2522887518
        7.2050038000         2.2000000000         1.2765834840         5.0015316260        -1.5182380487
        7.2100084000         2.2000000000         1.2816881377         5.0066353810        -1.3852634003
        7.2150046000         2.2000000000         1.2816881377         5.0117391359        -1.3852634003
        7.2200034000         2.2000000000         1.2816881377         5.0040835035        -1.3852634003
        7.2250028000         2.2000000000         1.2893451183         5.0117391359        -1.1858014276
        7.2300041000         2.2000000000         1.2816881377         5.0040835035        -1.3852634003
        7.2350037000         2.2000000000         1.2714788303         5.0066353810        -1.6512126972
        7.2400025000         2.2000000000         1.2791358108         5.0091872584        -1.4517507245
        7.2450037000         2.2000000000         1.2842404646         5.0117391359        -1.3187760760
        7.2500026000         2.2000000000         1.2842404646         5.0040835035        -1.3187760760
        7.2550200000         2.2000000000         1.2638218497         5.0142910133        -1.8506746698
        7.2600034000         2.2000000000         1.2791358108         5.0015316260        -1.4517507245
        7.2650014000         2.2000000000         1.2842404646         5.0066353810        -1.3187760760
        7.2700027000         2.2000000000         1.2816881377         5.0142910133        -1.3852634003
        7.2768645000         2.2000000000         1.2765834840         5.0066353810        -1.5182380487
        7.2858478000         2.2000000000         1.2765834840         5.0040835035        -1.5182380487
        7.2866209000         2.2000000000         1.2740311571         5.0066353810        -1.5847253729
        7.2900045000         2.2000000000         1.2816881377         5.0066353810        -1.3852634003
        7.2950044000         2.2000000000         1.2765834840         5.0066353810        -1.5182380487
        7.3000024000         2.2000000000         1.2791358108         5.0015316260        -1.4517507245
        7.3050027000         2.2000000000         1.2791358108         5.0066353810        -1.4517507245
        7.3100050000         2.2000000000         1.2740311571         4.9938759937        -1.5847253729
        7.3150058000         2.2000000000         1.2867927914         4.9964278711        -1.2522887518
        7.3200058000         2.2000000000         1.2842404646         4.9913241162        -1.3187760760
        7.3250045000         2.2000000000         1.2765834840         4.9785647289        -1.5182380487
        7.3300058000         2.2000000000         1.2765834840         4.9734609740        -1.5182380487
        7.3350031000         2.2000000000         1.2765834840         4.9760128515        -1.5182380487
        7.3400027000         2.2000000000         1.2918974451         4.9760128515        -1.1193141034
        7.3450013000         2.2000000000         1.2816881377         4.9709090965        -1.3852634003
        7.3500012000         2.2000000000         1.2867927914         4.9632534642        -1.2522887518
        7.3550067000         2.2000000000         1.2842404646         4.9504940769        -1.3187760760
        7.3600036000         2.2000000000         1.2842404646         4.9530459543        -1.3187760760
        7.3650031000         2.2000000000         1.2842404646         4.9377346896        -1.3187760760
        7.3700033000         2.2000000000         1.2816881377         4.9351828121        -1.3852634003
        7.3750037000         2.2000000000         1.2765834840         4.9224234248        -1.5182380487
        7.3800044000         2.2000000000         1.2765834840         4.9173196699        -1.5182380487
        7.3850028000         2.2000000000         1.2740311571         4.9173196699        -1.5847253729
        7.3900042000         2.2000000000         1.2740311571         4.9020084051        -1.5847253729
        7.3950023000         2.2000000000         1.2816881377         4.9045602826        -1.3852634003
        7.4000034000         2.2000000000         1.2791358108         4.8994565277        -1.4517507245
        7.4050036000         2.2000000000         1.2893451183         4.8969046502        -1.1858014276
        7.4100028000         2.2000000000         1.2842404646         4.8918008953        -1.3187760760
        7.4150031000         2.2000000000         1.2740311571         4.8815933855        -1.5847253729
        7.4200041000         2.2000000000         1.2867927914         4.8790415080        -1.2522887518
        7.4250307000         2.2000000000         1.2765834840         4.8662821207        -1.5182380487
        7.4300543000         2.2000000000         1.2842404646         4.8688339982        -1.3187760760
        7.4350099000         2.2000000000         1.2765834840         4.8458671010        -1.5182380487
        7.4400186000         2.2000000000         1.2791358108         4.8484189785        -1.4517507245
        7.4450054000         2.2000000000         1.2816881377         4.8458671010        -1.3852634003
        7.4500039000         2.2000000000         1.2842404646         4.8382114687        -1.3187760760
        7.4550026000         2.2000000000         1.2714788303         4.8305558363        -1.6512126972
        7.4600040000         2.2000000000         1.2791358108         4.8280039588        -1.4517507245
        7.4650031000         2.2000000000         1.2689265034         4.8126926941        -1.7177000214
        7.4700014000         2.2000000000         1.2765834840         4.8126926941        -1.5182380487
        7.4750018000         2.2000000000         1.2791358108         4.8050370617        -1.4517507245
        7.4800013000         2.2000000000         1.2791358108         4.8075889392        -1.4517507245
        7.4850071000         2.2000000000         1.2765834840         4.7948295519        -1.5182380487
        7.4900037000         2.2000000000         1.2816881377         4.7973814293        -1.3852634003
        7.4950044000         2.2000000000         1.2561648691         4.7897257969        -2.0501366425
        7.5000047000         2.2000000000         1.2842404646         4.7820701646        -1.3187760760
        7.5050026000         2.2000000000         1.2791358108         4.7744145322        -1.4517507245
        7.5100012000         2.2000000000         1.2765834840         4.7642070224        -1.5182380487
        7.5150053000         2.2000000000         1.2714788303         4.7565513900        -1.6512126972
        7.5200031000         2.2000000000         1.2842404646         4.7565513900        -1.3187760760
        7.5250034000         2.2000000000         1.2689265034         4.7514476351        -1.7177000214
        7.5300022000         2.2000000000         1.2714788303         4.7386882478        -1.6512126972
        7.5350028000         2.2000000000         1.2765834840         4.7310326154        -1.5182380487
        7.5400043000         2.2000000000         1.2791358108         4.7310326154        -1.4517507245
        7.5450054000         2.2000000000         1.2740311571         4.7182732281        -1.5847253729
        7.5500039000         2.2000000000         1.2740311571         4.7106175957        -1.5847253729
        7.5550040000         2.2000000000         1.2740311571         4.7131694732        -1.5847253729
        7.5600026000         2.2000000000         1.2765834840         4.6978582084        -1.5182380487
        7.5650025000         2.2000000000         1.2765834840         4.6953063310        -1.5182380487
        7.5700013000         2.2000000000         1.2689265034         4.6799950662        -1.7177000214
        7.5750029000         2.2000000000         1.2816881377         4.6876506986        -1.3852634003
        7.5800026000         2.2000000000         1.2740311571         4.6748913113        -1.5847253729
        7.5850022000         2.2000000000         1.2714788303         4.6697875564        -1.6512126972
        7.5900343000         2.2000000000         1.2765834840         4.6595800465        -1.5182380487
        7.5950049000         2.2000000000         1.2816881377         4.6595800465        -1.3852634003
        7.6000032000         2.2000000000         1.2689265034         4.6391650269        -1.7177000214
        7.6050024000         2.2000000000         1.2689265034         4.6340612719        -1.7177000214
        7.6100015000         2.2000000000         1.2663741766         4.6289575170        -1.7841873456
        7.6150034000         2.2000000000         1.2816881377         4.6340612719        -1.3852634003
        7.6200020000         2.2000000000         1.2689265034         4.6161981297        -1.7177000214
        7.6250029000         2.2000000000         1.2816881377         4.6238537621        -1.3852634003
        7.6300034000         2.2000000000         1.2816881377         4.6136462523        -1.3852634003
        7.6350021000         2.2000000000         1.2791358108         4.6110943748        -1.4517507245
        7.6400018000         2.2000000000         1.2740311571         4.6008868650        -1.5847253729
        7.6450457000         2.2000000000         1.2612695229         4.5855756002        -1.9171619941
        7.6500022000         2.2000000000         1.2740311571         4.5855756002        -1.5847253729
        7.6550127000         2.2000000000         1.2816881377         4.5830237228        -1.3852634003
        7.6600033000         2.2000000000         1.2663741766         4.5626087031        -1.7841873456
        7.6650282000         2.2000000000         1.2791358108         4.5677124580        -1.4517507245
        7.6700036000         2.2000000000         1.2638218497         4.5575049482        -1.8506746698
        7.6750420000         2.2000000000         1.2740311571         4.5524011933        -1.5847253729
        7.6800022000         2.2000000000         1.2663741766         4.5421936834        -1.7841873456
        7.6850010000         2.2000000000         1.2740311571         4.5319861736        -1.5847253729
        7.6900037000         2.2000000000         1.2663741766         4.5268824187        -1.7841873456
        7.6950029000         2.2000000000         1.2714788303         4.5243305412        -1.6512126972
        7.7000057000         2.2000000000         1.2689265034         4.5141230314        -1.7177000214
        7.7050031000         2.2000000000         1.2740311571         4.5115711539        -1.5847253729
        7.7100035000         2.2000000000         1.2740311571         4.5090192765        -1.5847253729
        7.7150018000         2.2000000000         1.2663741766         4.4962598892        -1.7841873456
        7.7200033000         2.2000000000         1.2714788303         4.4860523793        -1.6512126972
        7.7250031000         2.2000000000         1.2740311571         4.4860523793        -1.5847253729
        7.7300070000         2.2000000000         1.2689265034         4.4783967469        -1.7177000214
        7.7350033000         2.2000000000         1.2740311571         4.4681892371        -1.5847253729
        7.7400032000         2.2000000000         1.2714788303         4.4681892371        -1.6512126972
        7.7450028000         2.2000000000         1.2740311571         4.4630854822        -1.5847253729
        7.7500048000         2.2000000000         1.2663741766         4.4528779724        -1.7841873456
        7.7550035000         2.2000000000         1.2663741766         4.4452223400        -1.7841873456
        7.7600052000         2.2000000000         1.2816881377         4.4503260949        -1.3852634003
        7.7650027000         2.2000000000         1.2765834840         4.4350148301        -1.5182380487
        7.7700022000         2.2000000000         1.2791358108         4.4401185851        -1.4517507245
        7.7750019000         2.2000000000         1.2740311571         4.4222554428        -1.5847253729
        7.7800021000         2.2000000000         1.2842404646         4.4248073203        -1.3187760760
        7.7850012000         2.2000000000         1.2714788303         4.4120479330        -1.6512126972
        7.7900026000         2.2000000000         1.2714788303         4.4043923006        -1.6512126972
        7.7950013000         2.2000000000         1.2663741766         4.3941847908        -1.7841873456
        7.8000014000         2.2000000000         1.2689265034         4.3839772810        -1.7177000214
        7.8050029000         2.2000000000         1.2714788303         4.3865291584        -1.6512126972
        7.8100047000         2.2000000000         1.2714788303         4.3814254035        -1.6512126972
        7.8150027000         2.2000000000         1.2714788303         4.3661141388        -1.6512126972
        7.8200032000         2.2000000000         1.2663741766         4.3635622613        -1.7841873456
        7.8250014000         2.2000000000         1.2765834840         4.3610103838        -1.5182380487
        7.8300086000         2.2000000000         1.2816881377         4.3559066289        -1.3852634003
        7.8350056000         2.2000000000         1.2740311571         4.3508028740        -1.5847253729
        7.8400029000         2.2000000000         1.2765834840         4.3508028740        -1.5182380487
        7.8450039000         2.2000000000         1.2842404646         4.3431472416        -1.3187760760
        7.8500030000         2.2000000000         1.2842404646         4.3405953642        -1.3187760760
        7.8550041000         2.2000000000         1.2791358108         4.3252840994        -1.4517507245
        7.8600031000         2.2000000000         1.2765834840         4.3201803445        -1.5182380487
        7.8650028000         2.2000000000         1.2791358108         4.3125247121        -1.4517507245
        7.8700059000         2.2000000000         1.2816881377         4.3099728347        -1.3852634003
        7.8750055000         2.2000000000         1.2740311571         4.3023172023        -1.5847253729
        7.8800032000         2.2000000000         1.2740311571         4.2895578150        -1.5847253729
        7.8850025000         2.2000000000         1.2434032349         4.2895578150        -2.3825732637
        7.8900019000         2.2000000000         1.2740311571         4.2844540601        -1.5847253729
        7.8950034000         2.2000000000         1.2740311571         4.2767984277        -1.5847253729
        7.9000034000         2.2000000000         1.2842404646         4.2793503051        -1.3187760760
        7.9050032000         2.2000000000         1.2816881377         4.2742465502        -1.3852634003
        7.9100039000         2.2000000000         1.2765834840         4.2614871629        -1.5182380487
        7.9150034000         2.2000000000         1.2816881377         4.2589352855        -1.3852634003
        7.9200035000         2.2000000000         1.2765834840         4.2512796531        -1.5182380487
        7.9250048000         2.2000000000         1.2791358108         4.2461758982        -1.4517507245
        7.9300040000         2.2000000000         1.2816881377         4.2385202658        -1.3852634003
        7.9350031000         2.2000000000         1.2714788303         4.2232090010        -1.6512126972
        7.9400042000         2.2000000000         1.2816881377         4.2257608785        -1.3852634003
        7.9450064000         2.2000000000         1.2740311571         4.2181052461        -1.5847253729
        7.9506192000         2.2000000000         1.2740311571         4.2104496138        -1.5847253729
        7.9550489000         2.2000000000         1.2791358108         4.2078977363        -1.4517507245
        7.9600040000         2.2000000000         1.2791358108         4.2027939814        -1.4517507245
        7.9650080000         2.2000000000         1.2842404646         4.2027939814        -1.3187760760
        7.9700038000         2.2000000000         1.2842404646         4.1976902265        -1.3187760760
        7.9750053000         2.2000000000         1.2842404646         4.1849308392        -1.3187760760
        7.9800056000         2.2000000000         1.2867927914         4.1874827166        -1.2522887518
        7.9850041000         2.2000000000         1.2816881377         4.1747233293        -1.3852634003
        7.9900044000         2.2000000000         1.2765834840         4.1696195744        -1.5182380487
        7.9950053000         2.2000000000         1.2816881377         4.1619639420        -1.3852634003
        8.0000045000         2.2000000000         1.2689265034         4.1543083097        -1.7177000214
        8.0050019000         2.2000000000         1.2816881377         4.1517564322        -1.3852634003
        8.0100042000         2.2000000000         1.2714788303         4.1364451674        -1.6512126972
        8.0150045000         2.2000000000         1.2893451183         4.1466526773        -1.1858014276
        8.0200040000         2.2000000000         1.2791358108         4.1313414125        -1.4517507245
        8.0250019000         2.2000000000         1.2791358108         4.1236857801        -1.4517507245
        8.0300025000         2.2000000000         1.2663741766         4.1185820252        -1.7841873456
        8.0350473000         2.2000000000         1.2893451183         4.1236857801        -1.1858014276
        8.0400023000         2.2000000000         1.2842404646         4.1134782703        -1.3187760760
        8.0450019000         2.2000000000         1.2867927914         4.1160301478        -1.2522887518
        8.0500050000         2.2000000000         1.2816881377         4.1032707605        -1.3852634003
        8.0550034000         2.2000000000         1.2867927914         4.1007188830        -1.2522887518
        8.0600041000         2.2000000000         1.2816881377         4.0981670056        -1.3852634003
        8.0650040000         2.2000000000         1.2791358108         4.0930632506        -1.4517507245
        8.0700052000         2.2000000000         1.2791358108         4.0854076183        -1.4517507245
        8.0750055000         2.2000000000         1.2740311571         4.0752001084        -1.5847253729
        8.0800056000         2.2000000000         1.2791358108         4.0675444760        -1.4517507245
        8.0850040000         2.2000000000         1.2791358108         4.0700963535        -1.4517507245
        8.0900065000         2.2000000000         1.2740311571         4.0598888437        -1.5847253729
        8.0950041000         2.2000000000         1.2816881377         4.0522332113        -1.3852634003
        8.1000025000         2.2000000000         1.2791358108         4.0471294564        -1.4517507245
        8.1050036000         2.2000000000         1.2816881377         4.0420257015        -1.3852634003
        8.1100065000         2.2000000000         1.2536125423         4.0369219465        -2.1166239668
        8.1150031000         2.2000000000         1.2842404646         4.0343700691        -1.3187760760
        8.1200024000         2.2000000000         1.2816881377         4.0241625592        -1.3852634003
        8.1250041000         2.2000000000         1.2816881377         4.0165069269        -1.3852634003
        8.1300028000         2.2000000000         1.2459555617         4.0062994170        -2.3160859394
        8.1350014000         2.2000000000         1.2765834840         4.0088512945        -1.5182380487
        8.1400045000         2.2000000000         1.2791358108         3.9986437847        -1.4517507245
        8.1450017000         2.2000000000         1.2714788303         3.9884362748        -1.6512126972
        8.1500047000         2.2000000000         1.2842404646         3.9935400297        -1.3187760760
        8.1550059000         2.2000000000         1.2740311571         3.9833325199        -1.5847253729
        8.1600026000         2.2000000000         1.2791358108         3.9756768875        -1.4517507245
        8.1650026000         2.2000000000         1.2816881377         3.9705731326        -1.3852634003
        8.1700043000         2.2000000000         1.2714788303         3.9654693777        -1.6512126972
        8.1750041000         2.2000000000         1.2816881377         3.9629175002        -1.3852634003
        8.1800058000         2.2000000000         1.2816881377         3.9552618679        -1.3852634003
        8.1850030000         2.2000000000         1.2867927914         3.9527099904        -1.2522887518
        8.1900038000         2.2000000000         1.2791358108         3.9425024806        -1.4517507245
        8.1950026000         2.2000000000         1.2740311571         3.9373987256        -1.5847253729
        8.2000033000         2.2000000000         1.2816881377         3.9322949707        -1.3852634003
        8.2050038000         2.2000000000         1.2842404646         3.9322949707        -1.3187760760
        8.2100027000         2.2000000000         1.2842404646         3.9246393383        -1.3187760760
        8.2151200000         2.2000000000         1.2816881377         3.9144318285        -1.3852634003
        8.2200054000         2.2000000000         1.2791358108         3.9195355834        -1.4517507245
        8.2250039000         2.2000000000         1.2765834840         3.9042243187        -1.5182380487
        8.2300049000         2.2000000000         1.2765834840         3.8965686863        -1.5182380487
        8.2350050000         2.2000000000         1.2816881377         3.8914649314        -1.3852634003
        8.2400033000         2.2000000000         1.2714788303         3.8812574215        -1.6512126972
        8.2450029000         2.2000000000         1.2791358108         3.8787055441        -1.4517507245
        8.2500054000         2.2000000000         1.2765834840         3.8710499117        -1.5182380487
        8.2550047000         2.2000000000         1.2791358108         3.8684980342        -1.4517507245
        8.2600027000         2.2000000000         1.2765834840         3.8633942793        -1.5182380487
        8.2651362000         2.2000000000         1.2459555617         3.8557386469        -2.3160859394
        8.2700043000         2.2000000000         1.2791358108         3.8531867695        -1.4517507245
        8.2750017000         2.2000000000         1.2689265034         3.8404273822        -1.7177000214
        8.2800058000         2.2000000000         1.2816881377         3.8429792597        -1.3852634003
        8.2850050000         2.2000000000         1.2714788303         3.8302198724        -1.6512126972
        8.2900045000         2.2000000000         1.2740311571         3.8276679949        -1.5847253729
        8.2950016000         2.2000000000         1.2816881377         3.8353236273        -1.3852634003
        8.3000044000         2.2000000000         1.2791358108         3.8174604851        -1.4517507245
        8.3050049000         2.2000000000         1.2791358108         3.8123567301        -1.4517507245
        8.3100041000         2.2000000000         1.2842404646         3.8149086076        -1.3187760760
        8.3150047000         2.2000000000         1.2740311571         3.8021492203        -1.5847253729
        8.3200051000         2.2000000000         1.2791358108         3.7970454654        -1.4517507245
        8.3250135000         2.2000000000         1.2740311571         3.7842860781        -1.5847253729
        8.3300048000         2.2000000000         1.2791358108         3.7868379556        -1.4517507245
        8.3350040000         2.2000000000         1.2714788303         3.7715266908        -1.6512126972
        8.3400037000         2.2000000000         1.2740311571         3.7689748133        -1.5847253729
        8.3450029000         2.2000000000         1.2791358108         3.7664229359        -1.4517507245
        8.3500038000         2.2000000000         1.2765834840         3.7613191810        -1.5182380487
        8.3550036000         2.2000000000         1.2842404646         3.7562154260        -1.3187760760
        8.3600019000         2.2000000000         1.2765834840         3.7511116711        -1.5182380487
        8.3650024000         2.2000000000         1.2791358108         3.7511116711        -1.4517507245
        8.3700024000         2.2000000000         1.2791358108         3.7358004064        -1.4517507245
        8.3750020000         2.2000000000         1.2816881377         3.7332485289        -1.3852634003
        8.3800022000         2.2000000000         1.2816881377         3.7306966515        -1.3852634003
        8.3850051000         2.2000000000         1.2740311571         3.7179372642        -1.5847253729
        8.3900031000         2.2000000000         1.2842404646         3.7204891416        -1.3187760760
        8.3950037000         2.2000000000         1.2740311571         3.7051778769        -1.5847253729
        8.4000059000         2.2000000000         1.2740311571         3.7026259994        -1.5847253729
        8.4050028000         2.2000000000         1.2816881377         3.6975222445        -1.3852634003
        8.4100024000         2.2000000000         1.2816881377         3.6924184896        -1.3852634003
        8.4150033000         2.2000000000         1.2765834840         3.6898666121        -1.5182380487
        8.4200022000         2.2000000000         1.2791358108         3.6796591023        -1.4517507245
        8.4250033000         2.2000000000         1.2714788303         3.6643478375        -1.6512126972
        8.4300047000         2.2000000000         1.2536125423         3.6617959601        -2.1166239668
        8.4350041000         2.2000000000         1.2816881377         3.6643478375        -1.3852634003
        8.4400033000         2.2000000000         1.2714788303         3.6541403277        -1.6512126972
        8.4450040000         2.2000000000         1.2765834840         3.6464846953        -1.5182380487
        8.4500039000         2.2000000000         1.2816881377         3.6464846953        -1.3852634003
        8.4550035000         2.2000000000         1.2740311571         3.6260696756        -1.5847253729
        8.4600042000         2.2000000000         1.2663741766         3.6235177982        -1.7841873456
        8.4650030000         2.2000000000         1.2740311571         3.6209659207        -1.5847253729
        8.4700023000         2.2000000000         1.2791358108         3.6107584109        -1.4517507245
        8.4750045000         2.2000000000         1.2714788303         3.5979990236        -1.6512126972
        8.4800032000         2.2000000000         1.2714788303         3.5954471461        -1.6512126972
        8.4850031000         2.2000000000         1.2714788303         3.5903433912        -1.6512126972
        8.4900022000         2.2000000000         1.2740311571         3.5852396363        -1.5847253729
        8.4950023000         2.2000000000         1.2765834840         3.5852396363        -1.5182380487
        8.5000014000         2.2000000000         1.2714788303         3.5750321265        -1.6512126972
        8.5050046000         2.2000000000         1.2842404646         3.5775840039        -1.3187760760
        8.5100110000         2.2000000000         1.2816881377         3.5724802490        -1.3852634003
        8.5150046000         2.2000000000         1.2689265034         3.5546171068        -1.7177000214
        8.5200684000         2.2000000000         1.2689265034         3.5469614744        -1.7177000214
        8.5250036000         2.2000000000         1.2765834840         3.5495133519        -1.5182380487
        8.5300015000         2.2000000000         1.2842404646         3.5495133519        -1.3187760760
        8.5350068000         2.2000000000         1.2765834840         3.5367539646        -1.5182380487
        8.5400039000         2.2000000000         1.2740311571         3.5316502097        -1.5847253729
        8.5450023000         2.2000000000         1.2765834840         3.5316502097        -1.5182380487
        8.5500049000         2.2000000000         1.2714788303         3.5163389449        -1.6512126972
        8.5550051000         2.2000000000         1.2740311571         3.5112351900        -1.5847253729
        8.5600053000         2.2000000000         1.2740311571         3.5061314351        -1.5847253729
        8.5650034000         2.2000000000         1.2816881377         3.5061314351        -1.3852634003
        8.5700066000         2.2000000000         1.2740311571         3.4933720478        -1.5847253729
        8.5750067000         2.2000000000         1.2689265034         3.4831645379        -1.7177000214
        8.5800056000         2.2000000000         1.2740311571         3.4806126605        -1.5847253729
        8.5850025000         2.2000000000         1.2791358108         3.4831645379        -1.4517507245
        8.5900027000         2.2000000000         1.2791358108         3.4806126605        -1.4517507245
        8.5950024000         2.2000000000         1.2714788303         3.4653013957        -1.6512126972
        8.6000026000         2.2000000000         1.2765834840         3.4576457633        -1.5182380487
        8.6050019000         2.2000000000         1.2714788303         3.4397826211        -1.6512126972
        8.6101428000         2.2000000000         1.2765834840         3.4448863760        -1.5182380487
        8.6150021000         2.2000000000         1.2740311571         3.4397826211        -1.5847253729
        8.6200052000         2.2000000000         1.2842404646         3.4372307437        -1.3187760760
        8.6250024000         2.2000000000         1.2638218497         3.4193676015        -1.8506746698
        8.6300045000         2.2000000000         1.2765834840         3.4270232338        -1.5182380487
        8.6350055000         2.2000000000         1.2765834840         3.4142638465        -1.5182380487
        8.6400028000         2.2000000000         1.2612695229         3.4066082142        -1.9171619941
        8.6450022000         2.2000000000         1.2714788303         3.4040563367        -1.6512126972
        8.6500034000         2.2000000000         1.2740311571         3.3964007043        -1.5847253729
        8.6550051000         2.2000000000         1.2714788303         3.3861931945        -1.6512126972
        8.6600034000         2.2000000000         1.2740311571         3.3836413170        -1.5847253729
        8.6650084000         2.2000000000         1.2791358108         3.3836413170        -1.4517507245
        8.6700056000         2.2000000000         1.2714788303         3.3708819297        -1.6512126972
        8.6750030000         2.2000000000         1.2791358108         3.3708819297        -1.4517507245
        8.6800039000         2.2000000000         1.2791358108         3.3632262974        -1.4517507245
        8.6850044000         2.2000000000         1.2765834840         3.3581225424        -1.5182380487
        8.6900042000         2.2000000000         1.2689265034         3.3479150326        -1.7177000214
        8.6950042000         2.2000000000         1.2740311571         3.3377075228        -1.5847253729
        8.7000042000         2.2000000000         1.2740311571         3.3377075228        -1.5847253729
        8.7050036000         2.2000000000         1.2740311571         3.3326037679        -1.5847253729
        8.7100042000         2.2000000000         1.2740311571         3.3172925031        -1.5847253729
        8.7150061000         2.2000000000         1.2587171960         3.3070849933        -1.9836493183
        8.7200038000         2.2000000000         1.2638218497         3.3045331158        -1.8506746698
        8.7250059000         2.2000000000         1.2638218497         3.2917737285        -1.8506746698
        8.7300052000         2.2000000000         1.2638218497         3.2841180961        -1.8506746698
        8.7350057000         2.2000000000         1.2740311571         3.2841180961        -1.5847253729
        8.7400031000         2.2000000000         1.2663741766         3.2815662187        -1.7841873456
        8.7450051000         2.2000000000         1.2714788303         3.2713587088        -1.6512126972
        8.7500049000         2.2000000000         1.2842404646         3.2713587088        -1.3187760760
        8.7550047000         2.2000000000         1.2357462543         3.2585993215        -2.5820352363
        8.7600041000         2.2000000000         1.2765834840         3.2611511990        -1.5182380487
        8.7650050000         2.2000000000         1.2765834840         3.2534955666        -1.5182380487
        8.7700050000         2.2000000000         1.2765834840         3.2432880568        -1.5182380487
        8.7750034000         2.2000000000         1.2714788303         3.2356324244        -1.6512126972
        8.7800038000         2.2000000000         1.2740311571         3.2279767920        -1.5847253729
        8.7850049000         2.2000000000         1.2791358108         3.2279767920        -1.4517507245
        8.7900066000         2.2000000000         1.2740311571         3.2152174047        -1.5847253729
        8.7950062000         2.2000000000         1.2689265034         3.2075617724        -1.7177000214
        8.8000061000         2.2000000000         1.2816881377         3.2050098949        -1.3852634003
        8.8050074000         2.2000000000         1.2765834840         3.1999061400        -1.5182380487
        8.8100087000         2.2000000000         1.2791358108         3.1896986301        -1.4517507245
        8.8150080000         2.2000000000         1.2740311571         3.1896986301        -1.5847253729
        8.8200072000         2.2000000000         1.2714788303         3.1769392429        -1.6512126972
        8.8250063000         2.2000000000         1.2740311571         3.1692836105        -1.5847253729
        8.8300047000         2.2000000000         1.2765834840         3.1692836105        -1.5182380487
        8.8350044000         2.2000000000         1.2740311571         3.1616279781        -1.5847253729
        8.8400050000         2.2000000000         1.2714788303         3.1514204683        -1.6512126972
        8.8450057000         2.2000000000         1.2714788303         3.1386610810        -1.6512126972
        8.8500048000         2.2000000000         1.2714788303         3.1386610810        -1.6512126972
        8.8550070000         2.2000000000         1.2689265034         3.1284535711        -1.7177000214
        8.8600042000         2.2000000000         1.2714788303         3.1259016937        -1.6512126972
        8.8650048000         2.2000000000         1.2740311571         3.1182460613        -1.5847253729
        8.8700027000         2.2000000000         1.2765834840         3.1105904289        -1.5182380487
        8.8750044000         2.2000000000         1.2714788303         3.1054866740        -1.6512126972
        8.8800037000         2.2000000000         1.2740311571         3.0978310416        -1.5847253729
        8.8850033000         2.2000000000         1.2740311571         3.0952791642        -1.5847253729
        8.8900041000         2.2000000000         1.2561648691         3.0825197769        -2.0501366425
        8.8950027000         2.2000000000         1.2663741766         3.0748641445        -1.7841873456
        8.9000027000         2.2000000000         1.2740311571         3.0748641445        -1.5847253729
        8.9050060000         2.2000000000         1.2740311571         3.0646566347        -1.5847253729
        8.9100043000         2.2000000000         1.2663741766         3.0518972474        -1.7841873456
        8.9150036000         2.2000000000         1.2689265034         3.0442416150        -1.7177000214
        8.9200030000         2.2000000000         1.2740311571         3.0467934924        -1.5847253729
        8.9250066000         2.2000000000         1.2689265034         3.0340341051        -1.7177000214
        8.9300030000         2.2000000000         1.2816881377         3.0416897375        -1.3852634003
        8.9350055000         2.2000000000         1.2663741766         3.0365859826        -1.7841873456
        8.9400049000         2.2000000000         1.2765834840         3.0238265953        -1.5182380487
        8.9452240000         2.2000000000         1.2714788303         3.0161709629        -1.6512126972
        8.9500047000         2.2000000000         1.2689265034         3.0110672080        -1.7177000214
        8.9550049000         2.2000000000         1.2689265034         3.0059634531        -1.7177000214
        8.9600078000         2.2000000000         1.2714788303         2.9983078207        -1.6512126972
        8.9650035000         2.2000000000         1.2765834840         2.9906521883        -1.5182380487
        8.9700048000         2.2000000000         1.2689265034         2.9829965560        -1.7177000214
        8.9750053000         2.2000000000         1.2689265034         2.9676852912        -1.7177000214
        8.9800048000         2.2000000000         1.2791358108         2.9829965560        -1.4517507245
        8.9850045000         2.2000000000         1.2689265034         2.9574777814        -1.7177000214
        8.9900027000         2.2000000000         1.2714788303         2.9625815363        -1.6512126972
        8.9950024000         2.2000000000         1.2740311571         2.9549259039        -1.5847253729
        9.0000068000         2.2000000000         1.2714788303         2.9447183941        -1.6512126972
        9.0050035000         2.2000000000         1.2765834840         2.9498221490        -1.5182380487
        9.0100050000         2.2000000000         1.2714788303         2.9370627617        -1.6512126972
        9.0150054000         2.2000000000         1.2791358108         2.9345108842        -1.4517507245
        9.0200030000         2.2000000000         1.2714788303         2.9217514970        -1.6512126972
        9.0250014000         2.2000000000         1.2740311571         2.9140958646        -1.5847253729
        9.0300043000         2.2000000000         1.2765834840         2.9166477420        -1.5182380487
        9.0350054000         2.2000000000         1.2714788303         2.9038883547        -1.6512126972
        9.0400034000         2.2000000000         1.2740311571         2.8987845998        -1.5847253729
        9.0450025000         2.2000000000         1.2689265034         2.8834733351        -1.7177000214
        9.0500033000         2.2000000000         1.2638218497         2.8758177027        -1.8506746698
        9.0550039000         2.2000000000         1.2791358108         2.8783695801        -1.4517507245
        9.0600026000         2.2000000000         1.2816881377         2.8732658252        -1.3852634003
        9.0650023000         2.2000000000         1.2842404646         2.8758177027        -1.3187760760
        9.0700033000         2.2000000000         1.2765834840         2.8630583154        -1.5182380487
        9.0750022000         2.2000000000         1.2714788303         2.8477470506        -1.6512126972
        9.0800039000         2.2000000000         1.2765834840         2.8528508056        -1.5182380487
        9.0850066000         2.2000000000         1.2714788303         2.8400914183        -1.6512126972
        9.0900077000         2.2000000000         1.2714788303         2.8375395408        -1.6512126972
        9.0950049000         2.2000000000         1.2689265034         2.8273320310        -1.7177000214
        9.1000041000         2.2000000000         1.2765834840         2.8247801535        -1.5182380487
        9.1050067000         2.2000000000         1.2689265034         2.8145726437        -1.7177000214
        9.1100051000         2.2000000000         1.2740311571         2.8120207662        -1.5847253729
        9.1150047000         2.2000000000         1.2689265034         2.8043651338        -1.7177000214
        9.1200050000         2.2000000000         1.2740311571         2.7992613789        -1.5847253729
        9.1250045000         2.2000000000         1.2714788303         2.7941576240        -1.6512126972
        9.1300048000         2.2000000000         1.2638218497         2.7813982367        -1.8506746698
        9.1350032000         2.2000000000         1.2689265034         2.7813982367        -1.7177000214
        9.1400023000         2.2000000000         1.2663741766         2.7711907269        -1.7841873456
        9.1450042000         2.2000000000         1.2765834840         2.7737426043        -1.5182380487
        9.1500043000         2.2000000000         1.2459555617         2.7584313396        -2.3160859394
        9.1550032000         2.2000000000         1.2740311571         2.7533275847        -1.5847253729
        9.1600413000         2.2000000000         1.2740311571         2.7507757072        -1.5847253729
        9.1650037000         2.2000000000         1.2740311571         2.7507757072        -1.5847253729
        9.1700054000         2.2000000000         1.2842404646         2.7431200748        -1.3187760760
        9.1750028000         2.2000000000         1.2816881377         2.7303606875        -1.3852634003
        9.1800040000         2.2000000000         1.2740311571         2.7278088101        -1.5847253729
        9.1850072000         2.2000000000         1.2714788303         2.7150494228        -1.6512126972
        9.1900069000         2.2000000000         1.2689265034         2.7073937904        -1.7177000214
        9.1950057000         2.2000000000         1.2765834840         2.7073937904        -1.5182380487
        9.2000073000         2.2000000000         1.2612695229         2.6997381580        -1.9171619941
        9.2050074000         2.2000000000         1.2740311571         2.6997381580        -1.5847253729
        9.2100049000         2.2000000000         1.2689265034         2.6869787707        -1.7177000214
        9.2150049000         2.2000000000         1.2612695229         2.6793231383        -1.9171619941
        9.2200087000         2.2000000000         1.2714788303         2.6742193834        -1.6512126972
        9.2250050000         2.2000000000         1.2689265034         2.6691156285        -1.7177000214
        9.2300050000         2.2000000000         1.2638218497         2.6589081187        -1.8506746698
        9.2350034000         2.2000000000         1.2638218497         2.6512524863        -1.8506746698
        9.2400065000         2.2000000000         1.2765834840         2.6538043638        -1.5182380487
        9.2450061000         2.2000000000         1.2740311571         2.6384930990        -1.5847253729
        9.2500063000         2.2000000000         1.2714788303         2.6359412215        -1.6512126972
        9.2550022000         2.2000000000         1.2663741766         2.6282855892        -1.7841873456
        9.2600019000         2.2000000000         1.2740311571         2.6282855892        -1.5847253729
        9.2650064000         2.2000000000         1.2740311571         2.6129743244        -1.5847253729
        9.2700044000         2.2000000000         1.2740311571         2.6129743244        -1.5847253729
        9.2750032000         2.2000000000         1.2638218497         2.5976630597        -1.8506746698
        9.2800060000         2.2000000000         1.2714788303         2.5951111822        -1.6512126972
        9.2850076000         2.2000000000         1.2740311571         2.5951111822        -1.5847253729
        9.2900058000         2.2000000000         1.2459555617         2.5746961625        -2.3160859394
        9.2950065000         2.2000000000         1.2765834840         2.5823517949        -1.5182380487
        9.3000033000         2.2000000000         1.2689265034         2.5695924076        -1.7177000214
        9.3050021000         2.2000000000         1.2791358108         2.5670405302        -1.4517507245
        9.3100044000         2.2000000000         1.2740311571         2.5619367752        -1.5847253729
        9.3150033000         2.2000000000         1.2638218497         2.5466255105        -1.8506746698
        9.3200073000         2.2000000000         1.2791358108         2.5415217556        -1.4517507245
        9.3250063000         2.2000000000         1.2689265034         2.5338661232        -1.7177000214
        9.3300029000         2.2000000000         1.2791358108         2.5313142457        -1.4517507245
        9.3350047000         2.2000000000         1.2842404646         2.5338661232        -1.3187760760
        9.3400018000         2.2000000000         1.2842404646         2.5262104908        -1.3187760760
        9.3450044000         2.2000000000         1.2765834840         2.5057954711        -1.5182380487
        9.3500017000         2.2000000000         1.2842404646         2.5134511035        -1.3187760760
        9.3550053000         2.2000000000         1.2714788303         2.5032435937        -1.6512126972
        9.3600182000         2.2000000000         1.2765834840         2.4955879613        -1.5182380487
        9.3650049000         2.2000000000         1.2740311571         2.4879323289        -1.5847253729
        9.3700035000         2.2000000000         1.2791358108         2.4904842064        -1.4517507245
        9.3750019000         2.2000000000         1.2740311571         2.4777248191        -1.5847253729
        9.3800472000         2.2000000000         1.2663741766         2.4649654318        -1.7841873456
        9.3850057000         2.2000000000         1.2791358108         2.4649654318        -1.4517507245
        9.3900055000         2.2000000000         1.2765834840         2.4598616769        -1.5182380487
        9.3950042000         2.2000000000         1.2791358108         2.4547579220        -1.4517507245
        9.4000016000         2.2000000000         1.2816881377         2.4573097994        -1.3852634003
        9.4050051000         2.2000000000         1.2765834840         2.4445504121        -1.5182380487
        9.4100083000         2.2000000000         1.2816881377         2.4368947797        -1.3852634003
        9.4150068000         2.2000000000         1.2740311571         2.4266872699        -1.5847253729
        9.4200070000         2.2000000000         1.2842404646         2.4317910248        -1.3187760760
        9.4250060000         2.2000000000         1.2714788303         2.4190316375        -1.6512126972
        9.4300062000         2.2000000000         1.2816881377         2.4190316375        -1.3852634003
        9.4350048000         2.2000000000         1.2791358108         2.4062722502        -1.4517507245
        9.4400019000         2.2000000000         1.2740311571         2.3986166179        -1.5847253729
        9.4450040000         2.2000000000         1.2765834840         2.3986166179        -1.5182380487
        9.4500022000         2.2000000000         1.2663741766         2.3833053531        -1.7841873456
        9.4550016000         2.2000000000         1.2587171960         2.3756497207        -1.9836493183
        9.4600016000         2.2000000000         1.2791358108         2.3782015982        -1.4517507245
        9.4650033000         2.2000000000         1.2740311571         2.3705459658        -1.5847253729
        9.4700069000         2.2000000000         1.2714788303         2.3603384560        -1.6512126972
        9.4750024000         2.2000000000         1.2765834840         2.3577865785        -1.5182380487
        9.4800021000         2.2000000000         1.2714788303         2.3450271912        -1.6512126972
        9.4850018000         2.2000000000         1.2714788303         2.3424753138        -1.6512126972
        9.4900020000         2.2000000000         1.2714788303         2.3399234363        -1.6512126972
        9.4950048000         2.2000000000         1.2791358108         2.3348196814        -1.4517507245
        9.5000019000         2.2000000000         1.2740311571         2.3220602941        -1.5847253729
        9.5050016000         2.2000000000         1.2816881377         2.3246121715        -1.3852634003
        9.5100017000         2.2000000000         1.2765834840         2.3144046617        -1.5182380487
        9.5150021000         2.2000000000         1.2791358108         2.3118527843        -1.4517507245
        9.5200020000         2.2000000000         1.2765834840         2.3016452744        -1.5182380487
        9.5250022000         2.2000000000         1.2714788303         2.2990933970        -1.6512126972
        9.5300057000         2.2000000000         1.2842404646         2.2965415195        -1.3187760760
        9.5350037000         2.2000000000         1.2765834840         2.2863340097        -1.5182380487
        9.5400024000         2.2000000000         1.2714788303         2.2710227449        -1.6512126972
        9.5450054000         2.2000000000         1.2842404646         2.2812302547        -1.3187760760
        9.5500047000         2.2000000000         1.2638218497         2.2633671125        -1.8506746698
        9.5550081000         2.2000000000         1.2816881377         2.2710227449        -1.3852634003
        9.5600063000         2.2000000000         1.2791358108         2.2608152351        -1.4517507245
        9.5650046000         2.2000000000         1.2791358108         2.2582633576        -1.4517507245
        9.5700053000         2.2000000000         1.2714788303         2.2455039703        -1.6512126972
        9.5750032000         2.2000000000         1.2791358108         2.2429520929        -1.4517507245
        9.5800027000         2.2000000000         1.2791358108         2.2378483379        -1.4517507245
        9.5850045000         2.2000000000         1.2689265034         2.2199851957        -1.7177000214
        9.5900025000         2.2000000000         1.2714788303         2.2199851957        -1.6512126972
        9.5950031000         2.2000000000         1.2765834840         2.2199851957        -1.5182380487
        9.6000020000         2.2000000000         1.2765834840         2.2046739310        -1.5182380487
        9.6050026000         2.2000000000         1.2791358108         2.1995701761        -1.4517507245
        9.6100016000         2.2000000000         1.2714788303         2.1893626662        -1.6512126972
        9.6150021000         2.2000000000         1.2740311571         2.1868107888        -1.5847253729
        9.6200013000         2.2000000000         1.2638218497         2.1766032789        -1.8506746698
        9.6250020000         2.2000000000         1.2791358108         2.1817070338        -1.4517507245
        9.6300014000         2.2000000000         1.2740311571         2.1689476465        -1.5847253729
        9.6350057000         2.2000000000         1.2714788303         2.1587401367        -1.6512126972
        9.6400023000         2.2000000000         1.2765834840         2.1561882593        -1.5182380487
        9.6450111000         2.2000000000         1.2689265034         2.1485326269        -1.7177000214
        9.6500021000         2.2000000000         1.2740311571         2.1510845043        -1.5847253729
        9.6550028000         2.2000000000         1.2740311571         2.1357732396        -1.5847253729
        9.6600041000         2.2000000000         1.2638218497         2.1281176072        -1.8506746698
        9.6650031000         2.2000000000         1.2689265034         2.1204619748        -1.7177000214
        9.6700033000         2.2000000000         1.2740311571         2.1179100974        -1.5847253729
        9.6750044000         2.2000000000         1.2740311571         2.1128063424        -1.5847253729
        9.6800028000         2.2000000000         1.2816881377         2.1102544650        -1.3852634003
        9.6850029000         2.2000000000         1.2663741766         2.0974950777        -1.7841873456
        9.6900029000         2.2000000000         1.2663741766         2.0898394453        -1.7841873456
        9.6950037000         2.2000000000         1.2765834840         2.0898394453        -1.5182380487
        9.7000044000         2.2000000000         1.2765834840         2.0872875679        -1.5182380487
        9.7050036000         2.2000000000         1.2791358108         2.0847356904        -1.4517507245
        9.7100052000         2.2000000000         1.2689265034         2.0643206707        -1.7177000214
        9.7150036000         2.2000000000         1.2714788303         2.0668725482        -1.6512126972
        9.7200028000         2.2000000000         1.2638218497         2.0515612834        -1.8506746698
        9.7250045000         2.2000000000         1.2740311571         2.0490094060        -1.5847253729
        9.7300052000         2.2000000000         1.2791358108         2.0515612834        -1.4517507245
        9.7350027000         2.2000000000         1.2816881377         2.0464575285        -1.3852634003
        9.7400040000         2.2000000000         1.2689265034         2.0362500187        -1.7177000214
        9.7450020000         2.2000000000         1.2714788303         2.0260425088        -1.6512126972
        9.7500058000         2.2000000000         1.2842404646         2.0260425088        -1.3187760760
        9.7550054000         2.2000000000         1.2714788303         2.0158349990        -1.6512126972
        9.7600047000         2.2000000000         1.2689265034         2.0005237343        -1.7177000214
        9.7650043000         2.2000000000         1.2714788303         2.0005237343        -1.6512126972
        9.7700031000         2.2000000000         1.2714788303         1.9979718568        -1.6512126972
        9.7750036000         2.2000000000         1.2714788303         1.9852124695        -1.6512126972
        9.7800047000         2.2000000000         1.2740311571         1.9826605920        -1.5847253729
        9.7850030000         2.2000000000         1.2612695229         1.9699012047        -1.9171619941
        9.7900053000         2.2000000000         1.2816881377         1.9750049597        -1.3852634003
        9.7950029000         2.2000000000         1.2740311571         1.9622455724        -1.5847253729
        9.8000021000         2.2000000000         1.2663741766         1.9520380625        -1.7841873456
        9.8050026000         2.2000000000         1.2816881377         1.9596936949        -1.3852634003
        9.8100028000         2.2000000000         1.2714788303         1.9469343076        -1.6512126972
        9.8150022000         2.2000000000         1.2740311571         1.9367267978        -1.5847253729
        9.8200039000         2.2000000000         1.2689265034         1.9265192879        -1.7177000214
        9.8250016000         2.2000000000         1.2867927914         1.9290711654        -1.2522887518
        9.8300020000         2.2000000000         1.2765834840         1.9137599006        -1.5182380487
        9.8350016000         2.2000000000         1.2740311571         1.9137599006        -1.5847253729
        9.8400096000         2.2000000000         1.2663741766         1.9010005134        -1.7841873456
        9.8450038000         2.2000000000         1.2714788303         1.8984486359        -1.6512126972
        9.8500038000         2.2000000000         1.2791358108         1.9035523908        -1.4517507245
        9.8550017000         2.2000000000         1.2740311571         1.8907930035        -1.5847253729
        9.8600058000         2.2000000000         1.2867927914         1.8907930035        -1.2522887518
        9.8650047000         2.2000000000         1.2714788303         1.8831373711        -1.6512126972
        9.8700049000         2.2000000000         1.2740311571         1.8703779838        -1.5847253729
        9.8750046000         2.2000000000         1.2791358108         1.8627223515        -1.4517507245
        9.8800041000         2.2000000000         1.2765834840         1.8652742289        -1.5182380487
        9.8850068000         2.2000000000         1.2816881377         1.8576185965        -1.3852634003
        9.8900518000         2.2000000000         1.2689265034         1.8499629642        -1.7177000214
        9.8950033000         2.2000000000         1.2791358108         1.8474110867        -1.4517507245
        9.9000031000         2.2000000000         1.2714788303         1.8320998220        -1.6512126972
        9.9050022000         2.2000000000         1.2765834840         1.8320998220        -1.5182380487
        9.9100012000         2.2000000000         1.2714788303         1.8193404347        -1.6512126972
        9.9150049000         2.2000000000         1.2816881377         1.8269960670        -1.3852634003
        9.9200042000         2.2000000000         1.2816881377         1.8244441896        -1.3852634003
        9.9250034000         2.2000000000         1.2842404646         1.8142366797        -1.3187760760
        9.9300088000         2.2000000000         1.2740311571         1.7989254150        -1.5847253729
        9.9350052000         2.2000000000         1.2714788303         1.7938216601        -1.6512126972
        9.9400052000         2.2000000000         1.2714788303         1.7861660277        -1.6512126972
        9.9450029000         2.2000000000         1.2816881377         1.7861660277        -1.3852634003
        9.9500032000         2.2000000000         1.2791358108         1.7785103953        -1.4517507245
        9.9550040000         2.2000000000         1.2714788303         1.7708547629        -1.6512126972
        9.9600020000         2.2000000000         1.2714788303         1.7631991306        -1.6512126972
        9.9650047000         2.2000000000         1.2765834840         1.7631991306        -1.5182380487
        9.9700048000         2.2000000000         1.2867927914         1.7657510080        -1.2522887518
        9.9750083000         2.2000000000         1.2714788303         1.7453359884        -1.6512126972
        9.9800066000         2.2000000000         1.2382985811         1.7402322334        -2.5155479121
        9.9850037000         2.2000000000         1.2740311571         1.7351284785        -1.5847253729
        9.9900067000         2.2000000000         1.2765834840         1.7351284785        -1.5182380487
        9.9950052000         2.2000000000         1.2740311571         1.7249209687        -1.5847253729
