% Motor Sweep Step 47/50
% Vcmd       = 4.9000 [V]
% Direction  = CW
% Vg_offset  = 1.334866 [V]
% K_gimbal   = 26.049690 [(rad/s)/V]

Time[s]              Vcmd[V]              Vg_raw[V]            Pot[V]               Omega[rad/s]
        0.0000121000         4.9000000000         1.3327346748         2.6767712609        -0.0555169157
        0.0050111000         4.9000000000         1.3378393285         2.6844268933         0.0774577327
        0.0100055000         4.9000000000         1.3301823480         2.6793231383        -0.1220042400
        0.0150070000         4.9000000000         1.4118568074         2.6895306482         2.0055901353
        0.0200087000         4.9000000000         1.6058336485         2.7073937904         7.0586267765
        0.0250079000         4.9000000000         1.5369208233         2.7252569326         5.2634690224
        0.0300262000         4.9000000000         1.5828627068         2.7507757072         6.4602408585
        0.0350062000         4.9000000000         1.6824034542         2.7813982367         9.0532465033
        0.0400078000         4.9000000000         1.6441185513         2.8196763986         8.0559366399
        0.0450062000         4.9000000000         1.6824034542         2.8528508056         9.0532465033
        0.0500043000         4.9000000000         1.7947058358         2.8936808449        11.9786887693
        0.0550079000         4.9000000000         1.7385546450         2.9370627617        10.5159676363
        0.0600041000         4.9000000000         1.8278860850         2.9855484334        12.8430239842
        0.0650063000         4.9000000000         1.8687233147         3.0391378601        13.9068211719
        0.0700057000         4.9000000000         1.8534093535         3.0901754092        13.5078972265
        0.0750065000         4.9000000000         1.9376361398         3.1463167133        15.7019789260
        0.0800041000         4.9000000000         1.9606070815         3.2101136498        16.3003648440
        0.0850064000         4.9000000000         1.9784733695         3.2688068314        16.7657761136
        0.0900053000         4.9000000000         2.0167582724         3.3300518904        17.7630859770
        0.0950070000         4.9000000000         2.0524908483         3.4015044592        18.6939085162
        0.1000046000         4.9000000000         2.0601478289         3.4755089056        18.8933704889
        0.1050071000         4.9000000000         2.1035373855         3.5571689842        20.0236550007
        0.1100038000         4.9000000000         2.1060897123         3.6286215531        20.0901423250
        0.1150060000         4.9000000000         2.1316129809         3.7153853867        20.7550155672
        0.1200062000         4.9000000000         2.1341653078         3.7893898330        20.8215028915
        0.1250060000         4.9000000000         2.1545839226         3.8736017892        21.3534014853
        0.1300057000         4.9000000000         2.1571362495         3.9527099904        21.4198888095
        0.1350066000         4.9000000000         2.1724502106         4.0318181916        21.8188127549
        0.1400057000         4.9000000000         2.1698978837         4.1160301478        21.7523254306
        0.1450036000         4.9000000000         2.1826595180         4.1951383490        22.0847620518
        0.1501299000         4.9000000000         2.1877641717         4.2895578150        22.2177367002
        0.1550053000         4.9000000000         2.1852118449         4.3661141388        22.1512493760
        0.1600055000         4.9000000000         2.2030781329         4.4605336047        22.6166606456
        0.1650054000         4.9000000000         2.1928688255         4.5498493158        22.3507113487
        0.1700042000         4.9000000000         2.1979734792         4.6391650269        22.4836859971
        0.1750035000         4.9000000000         2.2081827866         4.7259288605        22.7496352940
        0.1800053000         4.9000000000         2.2030781329         4.8177964490        22.6166606456
        0.1850062000         4.9000000000         2.2107351134         4.9147677924        22.8161226183
        0.1900051000         4.9000000000         2.2107351134         5.0066353810        22.8161226183
        0.1950046000         4.9000000000         2.2005258060         4.9964278711        22.5501733213
        0.2000049000         4.9000000000         2.2209444209         1.1150222560        23.0820719152
        0.2050033000         4.9000000000         2.2107351134         0.0024036839        22.8161226183
        0.2100045000         4.9000000000         2.2005258060         0.0508893556        22.5501733213
        0.2150054000         4.9000000000         2.2158397672         0.1376531892        22.9490972667
        0.2200050000         4.9000000000         2.2056304597         0.2269689002        22.6831479698
        0.2250049000         4.9000000000         2.2132874403         0.3264921211        22.8826099425
        0.2300036000         4.9000000000         2.2107351134         0.4081521998        22.8161226183
        0.2350036000         4.9000000000         2.2056304597         0.5051235433        22.6831479698
        0.2400043000         4.9000000000         2.2209444209         0.5969911318        23.0820719152
        0.2450419000         4.9000000000         2.2260490746         0.6914105978        23.2150465636
        0.2500043000         4.9000000000         2.2183920940         0.7679669216        23.0155845909
        0.2550032000         4.9000000000         2.2107351134         0.8547307552        22.8161226183
        0.2600049000         4.9000000000         2.2132874403         0.9440464662        22.8826099425
        0.2650027000         4.9000000000         2.2260490746         1.0384659322        23.2150465636
        0.2700043000         4.9000000000         2.2311537283         1.1303335207        23.3480212121
        0.2750051000         4.9000000000         2.2234967477         1.2196492318        23.1485592394
        0.2800050000         4.9000000000         2.2107351134         1.3115168203        22.8161226183
        0.2850042000         4.9000000000         2.2209444209         1.3957287765        23.0820719152
        0.2900046000         4.9000000000         2.2260490746         1.4799407326        23.2150465636
        0.2950082000         4.9000000000         2.2337060552         1.5794639535        23.4145085363
        0.3000114000         4.9000000000         2.2158397672         1.6560202773        22.9490972667
        0.3050320000         4.9000000000         2.2209444209         1.7453359884        23.0820719152
        0.3100051000         4.9000000000         2.2439153626         1.8346516994        23.6804578332
        0.3150031000         4.9000000000         2.2311537283         1.9239674105        23.3480212121
        0.3200061000         4.9000000000         2.2209444209         2.0107312441        23.0820719152
        0.3250036000         4.9000000000         2.2158397672         2.1025988326        22.9490972667
        0.3300088000         4.9000000000         2.2413630357         2.1970182986        23.6139705090
        0.3350103000         4.9000000000         2.2260490746         2.2837821322        23.2150465636
        0.3400046000         4.9000000000         2.2260490746         2.3756497207        23.2150465636
        0.3450037000         4.9000000000         2.2439153626         2.4649654318        23.6804578332
        0.3500058000         4.9000000000         2.2286014014         2.5542811429        23.2815338878
        0.3550050000         4.9000000000         2.2260490746         2.6410449765        23.2150465636
        0.3600057000         4.9000000000         2.2311537283         2.7252569326        23.3480212121
        0.3650035000         4.9000000000         2.2234967477         2.8120207662        23.1485592394
        0.3700048000         4.9000000000         2.2337060552         2.9064402322        23.4145085363
        0.3750036000         4.9000000000         2.2413630357         2.9983078207        23.6139705090
        0.3800045000         4.9000000000         2.2362583820         3.0978310416        23.4809958605
        0.3850051000         4.9000000000         2.2260490746         3.1769392429        23.2150465636
        0.3900056000         4.9000000000         2.2362583820         3.2637030765        23.4809958605
        0.3950058000         4.9000000000         2.2337060552         3.3657781748        23.4145085363
        0.4000058000         4.9000000000         2.2388107089         3.4525420084        23.5474831847
        0.4050035000         4.9000000000         2.2286014014         3.5418577195        23.2815338878
        0.4100061000         4.9000000000         2.2286014014         3.6311734306        23.2815338878
        0.4150041000         4.9000000000         2.2260490746         3.7179372642        23.2150465636
        0.4200057000         4.9000000000         2.2337060552         3.8123567301        23.4145085363
        0.4250065000         4.9000000000         2.2337060552         3.9067761961        23.4145085363
        0.4300059000         4.9000000000         2.2311537283         3.9833325199        23.3480212121
        0.4350032000         4.9000000000         2.2183920940         4.0700963535        23.0155845909
        0.4400050000         4.9000000000         2.2439153626         4.1721714519        23.6804578332
        0.4450040000         4.9000000000         2.2337060552         4.2563834080        23.4145085363
        0.4500047000         4.9000000000         2.2183920940         4.3405953642        23.0155845909
        0.4550051000         4.9000000000         2.2311537283         4.4401185851        23.3480212121
        0.4600048000         4.9000000000         2.2337060552         4.5294342961        23.4145085363
        0.4650047000         4.9000000000         2.2234967477         4.6238537621        23.1485592394
        0.4700056000         4.9000000000         2.2234967477         4.7106175957        23.1485592394
        0.4750046000         4.9000000000         2.2107351134         4.8101408166        22.8161226183
        0.4800039000         4.9000000000         2.2337060552         4.9096640375        23.4145085363
        0.4850492000         4.9000000000         2.2413630357         5.0040835035        23.6139705090
        0.4900038000         4.9000000000         2.2081827866         5.0015316260        22.7496352940
        0.4950046000         4.9000000000         2.2260490746         1.1073666236        23.2150465636
        0.5000031000         4.9000000000         2.2286014014        -0.0001481936        23.2815338878
        0.5050057000         4.9000000000         2.2107351134         0.0508893556        22.8161226183
        0.5100047000         4.9000000000         2.2286014014         0.1427569441        23.2815338878
        0.5150050000         4.9000000000         2.2107351134         0.2346245326        22.8161226183
        0.5200053000         4.9000000000         2.2158397672         0.3213883662        22.9490972667
        0.5250048000         4.9000000000         2.2337060552         0.4158078322        23.4145085363
        0.5300054000         4.9000000000         2.2005258060         0.5051235433        22.5501733213
        0.5350052000         4.9000000000         2.2107351134         0.5918873769        22.8161226183
        0.5400033000         4.9000000000         2.2337060552         0.6914105978        23.4145085363
        0.5450048000         4.9000000000         2.2158397672         0.7730706765        22.9490972667
        0.5500049000         4.9000000000         2.2183920940         0.8725938974        23.0155845909
        0.5550032000         4.9000000000         2.2234967477         0.9593577310        23.1485592394
        0.5600081000         4.9000000000         2.2132874403         1.0486734420        22.8826099425
        0.5650055000         4.9000000000         2.2260490746         1.1354372756        23.2150465636
        0.5700038000         4.9000000000         2.2234967477         1.2273048642        23.1485592394
        0.5750038000         4.9000000000         2.2132874403         1.3115168203        22.8826099425
        0.5800049000         4.9000000000         2.2260490746         1.4033844088        23.2150465636
        0.5850042000         4.9000000000         2.2311537283         1.4901482425        23.3480212121
        0.5900045000         4.9000000000         2.2337060552         1.5794639535        23.4145085363
        0.5950038000         4.9000000000         2.2183920940         1.6611240322        23.0155845909
        0.6000035000         4.9000000000         2.2260490746         1.7555434982        23.2150465636
        0.6050029000         4.9000000000         2.2286014014         1.8423073318        23.2815338878
        0.6100030000         4.9000000000         2.2234967477         1.9290711654        23.1485592394
        0.6150042000         4.9000000000         2.2311537283         2.0158349990        23.3480212121
        0.6200047000         4.9000000000         2.2311537283         2.1051507101        23.3480212121
        0.6250048000         4.9000000000         2.2183920940         2.1944664211        23.0155845909
        0.6300040000         4.9000000000         2.2362583820         2.2914377646        23.4809958605
        0.6350062000         4.9000000000         2.2286014014         2.3782015982        23.2815338878
        0.6400072000         4.9000000000         2.2311537283         2.4726210642        23.3480212121
        0.6450063000         4.9000000000         2.2388107089         2.5593848978        23.5474831847
        0.6500054000         4.9000000000         2.2260490746         2.6461487314        23.2150465636
        0.6550045000         4.9000000000         2.2311537283         2.7354644424        23.3480212121
        0.6600034000         4.9000000000         2.2260490746         2.8247801535        23.2150465636
        0.6650051000         4.9000000000         2.2337060552         2.9166477420        23.4145085363
        0.6700032000         4.9000000000         2.2337060552         3.0085153306        23.4145085363
        0.6750030000         4.9000000000         2.2388107089         3.1029347965        23.5474831847
        0.6800032000         4.9000000000         2.2388107089         3.1948023851        23.5474831847
        0.6850039000         4.9000000000         2.2388107089         3.2866699736        23.5474831847
        0.6900052000         4.9000000000         2.2311537283         3.3708819297        23.3480212121
        0.6950051000         4.9000000000         2.2439153626         3.4601976408        23.6804578332
        0.7000049000         4.9000000000         2.2362583820         3.5597208617        23.4809958605
        0.7050032000         4.9000000000         2.2234967477         3.6337253080        23.1485592394
        0.7100050000         4.9000000000         2.2362583820         3.7306966515        23.4809958605
        0.7150043000         4.9000000000         2.2362583820         3.8200123625        23.4809958605
        0.7200280000         4.9000000000         2.2464676894         3.9195355834        23.7469451574
        0.7250044000         4.9000000000         2.2362583820         3.9986437847        23.4809958605
        0.7300027000         4.9000000000         2.2234967477         4.0854076183        23.1485592394
        0.7350034000         4.9000000000         2.2464676894         4.1874827166        23.7469451574
        0.7400038000         4.9000000000         2.2464676894         4.2767984277        23.7469451574
        0.7450098000         4.9000000000         2.2183920940         4.3533547515        23.0155845909
        0.7500088000         4.9000000000         2.2234967477         4.4503260949        23.1485592394
        0.7550063000         4.9000000000         2.2439153626         4.5549530707        23.6804578332
        0.7600076000         4.9000000000         2.2286014014         4.6366131494        23.2815338878
        0.7650067000         4.9000000000         2.2311537283         4.7412401252        23.3480212121
        0.7700064000         4.9000000000         2.2286014014         4.8280039588        23.2815338878
        0.7750065000         4.9000000000         2.2337060552         4.9249753023        23.4145085363
        0.7800068000         4.9000000000         2.2439153626         5.0142910133        23.6804578332
        0.7850067000         4.9000000000         2.2209444209         5.0015316260        23.0820719152
        0.7900073000         4.9000000000         2.2286014014         0.0024036839        23.2815338878
        0.7950043000         4.9000000000         2.2209444209        -0.0052519485        23.0820719152
        0.8000072000         4.9000000000         2.2362583820         0.0764081302        23.4809958605
        0.8050055000         4.9000000000         2.2260490746         0.1580682088        23.2150465636
        0.8100078000         4.9000000000         2.2209444209         0.2499357974        23.0820719152
        0.8150061000         4.9000000000         2.2234967477         0.3418033859        23.1485592394
        0.8200073000         4.9000000000         2.2234967477         0.4413266068        23.1485592394
        0.8250077000         4.9000000000         2.2234967477         0.5280904404        23.1485592394
        0.8300069000         4.9000000000         2.2337060552         0.6276136613        23.4145085363
        0.8350106000         4.9000000000         2.2132874403         0.7143774949        22.8826099425
        0.8400074000         4.9000000000         2.2286014014         0.8062450834        23.2815338878
        0.8450043000         4.9000000000         2.2234967477         0.8853532847        23.1485592394
        0.8500066000         4.9000000000         2.2107351134         0.9823246281        22.8161226183
        0.8550062000         4.9000000000         2.2209444209         1.0665365843        23.0820719152
        0.8600060000         4.9000000000         2.2311537283         1.1660598052        23.3480212121
        0.8650065000         4.9000000000         2.2183920940         1.2502717613        23.0155845909
        0.8700055000         4.9000000000         2.2209444209         1.3395874724        23.0820719152
        0.8750061000         4.9000000000         2.2337060552         1.4314550609        23.4145085363
        0.8800050000         4.9000000000         2.2081827866         1.5029076297        22.7496352940
        0.8850058000         4.9000000000         2.2362583820         1.6126383605        23.4809958605
        0.8900041000         4.9000000000         2.2158397672         1.6840909293        22.9490972667
        0.8950067000         4.9000000000         2.2311537283         1.7810622728        23.3480212121
        0.9000070000         4.9000000000         2.2260490746         1.8601704740        23.2150465636
        0.9050065000         4.9000000000         2.2183920940         1.9520380625        23.0155845909
        0.9100045000         4.9000000000         2.2286014014         2.0362500187        23.2815338878
        0.9150061000         4.9000000000         2.2311537283         2.1357732396        23.3480212121
        0.9200059000         4.9000000000         2.2234967477         2.2199851957        23.1485592394
        0.9250059000         4.9000000000         2.2362583820         2.3118527843        23.4809958605
        0.9300035000         4.9000000000         2.2286014014         2.4037203728        23.2815338878
        0.9350072000         4.9000000000         2.2311537283         2.5006917162        23.3480212121
        0.9400044000         4.9000000000         2.2311537283         2.5823517949        23.3480212121
        0.9450060000         4.9000000000         2.2286014014         2.6767712609        23.2815338878
        0.9500071000         4.9000000000         2.2362583820         2.7558794621        23.4809958605
        0.9550065000         4.9000000000         2.2388107089         2.8528508056        23.5474831847
        0.9600062000         4.9000000000         2.2413630357         2.9447183941        23.6139705090
        0.9650062000         4.9000000000         2.2311537283         3.0263784728        23.3480212121
        0.9700077000         4.9000000000         2.2413630357         3.1207979388        23.6139705090
        0.9750063000         4.9000000000         2.2413630357         3.2126655273        23.6139705090
        0.9800059000         4.9000000000         2.2413630357         3.3019812383        23.6139705090
        0.9850053000         4.9000000000         2.2388107089         3.3912969494        23.5474831847
        0.9900041000         4.9000000000         2.2490200163         3.4933720478        23.8134324817
        0.9950061000         4.9000000000         2.2362583820         3.5724802490        23.4809958605
        1.0000047000         4.9000000000         2.2388107089         3.6592440826        23.5474831847
        1.0050062000         4.9000000000         2.2337060552         3.7587673035        23.4145085363
        1.0100059000         4.9000000000         2.2311537283         3.8378755047        23.3480212121
        1.0150051000         4.9000000000         2.2388107089         3.9322949707        23.5474831847
        1.0200035000         4.9000000000         2.2388107089         4.0241625592        23.5474831847
        1.0250048000         4.9000000000         2.2234967477         4.1134782703        23.1485592394
        1.0300601000         4.9000000000         2.2311537283         4.2053458588        23.3480212121
        1.0350051000         4.9000000000         2.2413630357         4.3023172023        23.6139705090
        1.0400066000         4.9000000000         2.2337060552         4.3839772810        23.4145085363
        1.0450048000         4.9000000000         2.2311537283         4.4681892371        23.3480212121
        1.0500055000         4.9000000000         2.2234967477         4.5677124580        23.1485592394
        1.0550050000         4.9000000000         2.2260490746         4.6570281691        23.2150465636
        1.0600063000         4.9000000000         2.2413630357         4.7642070224        23.6139705090
        1.0650048000         4.9000000000         2.2260490746         4.8586264883        23.2150465636
        1.0700049000         4.9000000000         2.2311537283         4.9428384445        23.3480212121
        1.0750089000         4.9000000000         2.2260490746         5.0015316260        23.2150465636
        1.0800055000         4.9000000000         2.2234967477         4.9913241162        23.1485592394
        1.0850052000         4.9000000000         2.2311537283        -0.0001481936        23.3480212121
        1.0900045000         4.9000000000         2.2311537283         0.0100593162        23.3480212121
        1.0950034000         4.9000000000         2.2337060552         0.0968231498        23.4145085363
        1.1000037000         4.9000000000         2.2311537283         0.1835869834        23.3480212121
        1.1050080000         4.9000000000         2.2337060552         0.2831102043        23.4145085363
        1.1100062000         4.9000000000         2.2260490746         0.3775296703        23.2150465636
        1.1150079000         4.9000000000         2.2209444209         0.4617416265        23.0820719152
        1.1200063000         4.9000000000         2.2337060552         0.5510573375        23.4145085363
        1.1250043000         4.9000000000         2.2234967477         0.6429249261        23.1485592394
        1.1300048000         4.9000000000         2.2132874403         0.7373443920        22.8826099425
        1.1350025000         4.9000000000         2.2311537283         0.8215563482        23.3480212121
        1.1400027000         4.9000000000         2.2260490746         0.9210795691        23.2150465636
        1.1450049000         4.9000000000         2.2209444209         1.0052915252        23.0820719152
        1.1500036000         4.9000000000         2.2209444209         1.0869516039        23.0820719152
        1.1550037000         4.9000000000         2.2234967477         1.1788191925        23.1485592394
        1.1600035000         4.9000000000         2.2183920940         1.2706867810        23.0155845909
        1.1650052000         4.9000000000         2.2388107089         1.3600024920        23.5474831847
        1.1700043000         4.9000000000         2.2234967477         1.4493182031        23.1485592394
        1.1750035000         4.9000000000         2.2234967477         1.5335301593        23.1485592394
        1.1800018000         4.9000000000         2.2311537283         1.6228458703        23.3480212121
        1.1850055000         4.9000000000         2.2311537283         1.7121615814        23.3480212121
        1.1900045000         4.9000000000         2.2234967477         1.7912697826        23.1485592394
        1.1950040000         4.9000000000         2.2311537283         1.8856892486        23.3480212121
        1.2000048000         4.9000000000         2.2260490746         1.9750049597        23.2150465636
        1.2050033000         4.9000000000         2.2362583820         2.0566650383        23.4809958605
        1.2100048000         4.9000000000         2.2337060552         2.1612920142        23.4145085363
        1.2150049000         4.9000000000         2.2209444209         2.2455039703        23.0820719152
        1.2200046000         4.9000000000         2.2388107089         2.3424753138        23.5474831847
        1.2250057000         4.9000000000         2.2413630357         2.4317910248        23.6139705090
        1.2300049000         4.9000000000         2.2234967477         2.5057954711        23.1485592394
        1.2350030000         4.9000000000         2.2311537283         2.6027668146        23.3480212121
        1.2400068000         4.9000000000         2.2260490746         2.6844268933        23.2150465636
        1.2450050000         4.9000000000         2.2439153626         2.7839501142        23.6804578332
        1.2500050000         4.9000000000         2.2362583820         2.8732658252        23.4809958605
        1.2550049000         4.9000000000         2.2311537283         2.9651334138        23.3480212121
        1.2600048000         4.9000000000         2.2413630357         3.0544491248        23.6139705090
        1.2650046000         4.9000000000         2.2311537283         3.1437648359        23.3480212121
        1.2701570000         4.9000000000         2.2388107089         3.2330805470        23.5474831847
        1.2750060000         4.9000000000         2.2413630357         3.3326037679        23.6139705090
        1.2800038000         4.9000000000         2.2337060552         3.4142638465        23.4145085363
        1.2850049000         4.9000000000         2.2311537283         3.5010276801        23.3480212121
        1.2900060000         4.9000000000         2.2490200163         3.6031027785        23.8134324817
        1.2950047000         4.9000000000         2.2286014014         3.6796591023        23.2815338878
        1.3000031000         4.9000000000         2.2286014014         3.7715266908        23.2815338878
        1.3050048000         4.9000000000         2.2286014014         3.8659461568        23.2815338878
        1.3100036000         4.9000000000         2.2311537283         3.9552618679        23.3480212121
        1.3150045000         4.9000000000         2.2337060552         4.0471294564        23.4145085363
        1.3200055000         4.9000000000         2.2413630357         4.1338932900        23.6139705090
        1.3250047000         4.9000000000         2.2209444209         4.2206571236        23.0820719152
        1.3300030000         4.9000000000         2.2388107089         4.3201803445        23.5474831847
        1.3350047000         4.9000000000         2.2337060552         4.4069441781        23.4145085363
        1.3400033000         4.9000000000         2.2311537283         4.4988117666        23.3480212121
        1.3450048000         4.9000000000         2.2183920940         4.5906793551        23.0155845909
        1.3500217000         4.9000000000         2.2337060552         4.6825469437        23.4145085363
        1.3550049000         4.9000000000         2.2286014014         4.7795182871        23.2815338878
        1.3600033000         4.9000000000         2.2286014014         4.8764896306        23.2815338878
        1.3650046000         4.9000000000         2.2413630357         4.9760128515        23.6139705090
        1.3700049000         4.9000000000         2.2260490746         5.0066353810        23.2150465636
        1.3750057000         4.9000000000         2.2260490746         1.1099185011        23.2150465636
        1.3800787000         4.9000000000         2.2337060552        -0.0001481936        23.4145085363
        1.3850051000         4.9000000000         2.2234967477         0.0177149486        23.1485592394
        1.3900061000         4.9000000000         2.2260490746         0.1121344146        23.2150465636
        1.3950049000         4.9000000000         2.2362583820         0.2116576355        23.4809958605
        1.4000059000         4.9000000000         2.2107351134         0.2958695916        22.8161226183
        1.4050048000         4.9000000000         2.2260490746         0.3877371802        23.2150465636
        1.4100046000         4.9000000000         2.2183920940         0.4796047687        23.0155845909
        1.4150052000         4.9000000000         2.2234967477         0.5714723572        23.1485592394
        1.4200037000         4.9000000000         2.2132874403         0.6582361908        22.8826099425
        1.4250063000         4.9000000000         2.2337060552         0.7552075343        23.4145085363
        1.4300057000         4.9000000000         2.2209444209         0.8419713679        23.0820719152
        1.4350059000         4.9000000000         2.2362583820         0.9414945888        23.4809958605
        1.4400032000         4.9000000000         2.2183920940         1.0180509125        23.0155845909
        1.4450427000         4.9000000000         2.2337060552         1.1150222560        23.4145085363
        1.4500051000         4.9000000000         2.2132874403         1.1992342121        22.8826099425
        1.4550062000         4.9000000000         2.2209444209         1.2911018006        23.0820719152
        1.4600036000         4.9000000000         2.2413630357         1.3829693892        23.6139705090
        1.4650064000         4.9000000000         2.2158397672         1.4620775904        22.9490972667
        1.4700642000         4.9000000000         2.2234967477         1.5564970564        23.1485592394
        1.4750079000         4.9000000000         2.2234967477         1.6407090125        23.1485592394
        1.4800068000         4.9000000000         2.2362583820         1.7402322334        23.4809958605
        1.4850070000         4.9000000000         2.2337060552         1.8193404347        23.4145085363
        1.4900050000         4.9000000000         2.2260490746         1.9112080232        23.2150465636
        1.4950056000         4.9000000000         2.2132874403         1.9903162244        22.8826099425
        1.5000054000         4.9000000000         2.2311537283         2.0872875679        23.3480212121
        1.5050056000         4.9000000000         2.2234967477         2.1663957691        23.1485592394
        1.5100064000         4.9000000000         2.2286014014         2.2659189900        23.2815338878
        1.5150078000         4.9000000000         2.2005258060         2.3501309461        22.5501733213
        1.5200063000         4.9000000000         2.2311537283         2.4547579220        23.3480212121
        1.5250041000         4.9000000000         2.2362583820         2.5364180006        23.4809958605
        1.5300099000         4.9000000000         2.2413630357         2.6282855892        23.6139705090
        1.5350035000         4.9000000000         2.2337060552         2.7124975453        23.4145085363
        1.5400064000         4.9000000000         2.2337060552         2.7992613789        23.4145085363
        1.5450042000         4.9000000000         2.2362583820         2.9013364773        23.4809958605
        1.5500055000         4.9000000000         2.2439153626         2.9829965560        23.6804578332
        1.5550040000         4.9000000000         2.2388107089         3.0774160220        23.5474831847
        1.5600059000         4.9000000000         2.2337060552         3.1692836105        23.4145085363
        1.5650088000         4.9000000000         2.2515723431         3.2611511990        23.8799198059
        1.5700075000         4.9000000000         2.2311537283         3.3453631551        23.3480212121
        1.5750071000         4.9000000000         2.2286014014         3.4346788662        23.2815338878
        1.5800058000         4.9000000000         2.2566769969         3.5316502097        24.0128944543
        1.5850032000         4.9000000000         2.2260490746         3.6082065334        23.2150465636
        1.5900047000         4.9000000000         2.2311537283         3.7102816318        23.3480212121
        1.5950052000         4.9000000000         2.2337060552         3.7995973429        23.4145085363
        1.6000054000         4.9000000000         2.2388107089         3.8940168088        23.5474831847
        1.6050049000         4.9000000000         2.2234967477         3.9705731326        23.1485592394
        1.6100039000         4.9000000000         2.2362583820         4.0649925986        23.4809958605
        1.6150067000         4.9000000000         2.2311537283         4.1466526773        23.3480212121
        1.6200085000         4.9000000000         2.2311537283         4.2461758982        23.3480212121
        1.6250068000         4.9000000000         2.2362583820         4.3431472416        23.4809958605
        1.6300069000         4.9000000000         2.2234967477         4.4197035654        23.1485592394
        1.6350036000         4.9000000000         2.2413630357         4.5243305412        23.6139705090
        1.6400049000         4.9000000000         2.2209444209         4.6110943748        23.0820719152
        1.6450039000         4.9000000000         2.2286014014         4.6953063310        23.2815338878
        1.6500046000         4.9000000000         2.2260490746         4.7922776744        23.2150465636
        1.6550036000         4.9000000000         2.2362583820         4.8892490178        23.4809958605
        1.6600045000         4.9000000000         2.2362583820         4.9836684838        23.4809958605
        1.6650046000         4.9000000000         2.2234967477         5.0117391359        23.1485592394
        1.6700065000         4.9000000000         2.2311537283         1.1022628687        23.3480212121
        1.6750083000         4.9000000000         2.2260490746        -0.0027000711        23.2150465636
        1.6800058000         4.9000000000         2.2107351134         0.0355780908        22.8161226183
        1.6850056000         4.9000000000         2.2337060552         0.1376531892        23.4145085363
        1.6900045000         4.9000000000         2.2183920940         0.2371764101        23.0155845909
        1.6950032000         4.9000000000         2.2260490746         0.3188364888        23.2150465636
        1.7000055000         4.9000000000         2.2337060552         0.4107040773        23.4145085363
        1.7050030000         4.9000000000         2.2209444209         0.5102272982        23.0820719152
        1.7100062000         4.9000000000         2.2183920940         0.5867836220        23.0155845909
        1.7150044000         4.9000000000         2.2337060552         0.6837549654        23.4145085363
        1.7200062000         4.9000000000         2.2286014014         0.7781744314        23.2815338878
        1.7250059000         4.9000000000         2.2260490746         0.8674901425        23.2150465636
        1.7300072000         4.9000000000         2.2286014014         0.9593577310        23.2815338878
        1.7350068000         4.9000000000         2.2234967477         1.0435696871        23.1485592394
        1.7400053000         4.9000000000         2.2337060552         1.1303335207        23.4145085363
        1.7450059000         4.9000000000         2.2260490746         1.2298567416        23.2150465636
        1.7500070000         4.9000000000         2.2183920940         1.3166205752        23.0155845909
        1.7550062000         4.9000000000         2.2260490746         1.3931768990        23.2150465636
        1.7600055000         4.9000000000         2.2337060552         1.4927001199        23.4145085363
        1.7650103000         4.9000000000         2.2234967477         1.5794639535        23.1485592394
        1.7700048000         4.9000000000         2.2209444209         1.6585721547        23.0820719152
        1.7750065000         4.9000000000         2.2209444209         1.7453359884        23.0820719152
        1.7800047000         4.9000000000         2.2362583820         1.8397554543        23.4809958605
        1.7850072000         4.9000000000         2.2183920940         1.9239674105        23.0155845909
        1.7900065000         4.9000000000         2.2286014014         2.0234906314        23.2815338878
        1.7950061000         4.9000000000         2.2311537283         2.1102544650        23.3480212121
        1.8000044000         4.9000000000         2.2260490746         2.1893626662        23.2150465636
        1.8050057000         4.9000000000         2.2337060552         2.2837821322        23.4145085363
        1.8100041000         4.9000000000         2.2388107089         2.3858572306        23.5474831847
        1.8150063000         4.9000000000         2.2183920940         2.4649654318        23.0155845909
        1.8200043000         4.9000000000         2.2413630357         2.5568330203        23.6139705090
        1.8250049000         4.9000000000         2.2362583820         2.6487006088        23.4809958605
        1.8300077000         4.9000000000         2.2337060552         2.7380163199        23.4145085363
        1.8350067000         4.9000000000         2.2362583820         2.8298839084        23.4809958605
        1.8400060000         4.9000000000         2.2337060552         2.9166477420        23.4145085363
        1.8450065000         4.9000000000         2.2413630357         3.0059634531        23.6139705090
        1.8500033000         4.9000000000         2.2311537283         3.0952791642        23.3480212121
        1.8550062000         4.9000000000         2.2413630357         3.1948023851        23.6139705090
        1.8600057000         4.9000000000         2.2490200163         3.2790143412        23.8134324817
        1.8650048000         4.9000000000         2.2337060552         3.3759856847        23.4145085363
        1.8700030000         4.9000000000         2.2464676894         3.4576457633        23.7469451574
        1.8750054000         4.9000000000         2.2234967477         3.5469614744        23.1485592394
        1.8800062000         4.9000000000         2.2388107089         3.6464846953        23.5474831847
        1.8850042000         4.9000000000         2.2413630357         3.7306966515        23.6139705090
        1.8900029000         4.9000000000         2.2311537283         3.8225642400        23.3480212121
        1.8950048000         4.9000000000         2.2311537283         3.9067761961        23.3480212121
        1.9002077000         4.9000000000         2.2413630357         4.0011956621        23.6139705090
        1.9050055000         4.9000000000         2.2056304597         4.0854076183        22.6831479698
        1.9100055000         4.9000000000         2.2439153626         4.1849308392        23.6804578332
        1.9150060000         4.9000000000         2.2388107089         4.2640390404        23.5474831847
        1.9200054000         4.9000000000         2.2286014014         4.3559066289        23.2815338878
        1.9250048000         4.9000000000         2.2337060552         4.4554298498        23.4145085363
        1.9300052000         4.9000000000         2.2413630357         4.5421936834        23.6139705090
        1.9350034000         4.9000000000         2.2311537283         4.6366131494        23.3480212121
        1.9400081000         4.9000000000         2.2286014014         4.7259288605        23.2815338878
        1.9450052000         4.9000000000         2.2286014014         4.8177964490        23.2815338878
        1.9500045000         4.9000000000         2.2286014014         4.9173196699        23.2815338878
        1.9550029000         4.9000000000         2.2490200163         5.0117391359        23.8134324817
        1.9600048000         4.9000000000         2.2132874403         4.9989797486        22.8826099425
        1.9650047000         4.9000000000         2.2234967477         0.0049555613        23.1485592394
        1.9700056000         4.9000000000         2.2311537283         0.0100593162        23.3480212121
        1.9750076000         4.9000000000         2.2413630357         0.0738562527        23.6139705090
        1.9800055000         4.9000000000         2.2209444209         0.1504125765        23.0820719152
        1.9850098000         4.9000000000         2.2158397672         0.2473839199        22.9490972667
        1.9900175000         4.9000000000         2.2311537283         0.3443552634        23.3480212121
        1.9950113000         4.9000000000         2.2209444209         0.4311190970        23.0820719152
        2.0000080000         4.9000000000         2.2234967477         0.5382979502        23.1485592394
        2.0050053000         4.9000000000         2.2234967477         0.6123023966        23.1485592394
        2.0100070000         4.9000000000         2.2132874403         0.7016181076        22.8826099425
        2.0150077000         4.9000000000         2.2286014014         0.8011413285        23.2815338878
        2.0200063000         4.9000000000         2.2286014014         0.8879051621        23.2815338878
        2.0250072000         4.9000000000         2.2260490746         0.9823246281        23.2150465636
        2.0300064000         4.9000000000         2.2234967477         1.0690884617        23.1485592394
        2.0350060000         4.9000000000         2.2286014014         1.1584041728        23.2815338878
        2.0400082000         4.9000000000         2.2337060552         1.2553755162        23.4145085363
        2.0450070000         4.9000000000         2.2234967477         1.3370355949        23.1485592394
        2.0500058000         4.9000000000         2.2234967477         1.4237994285        23.1485592394
        2.0550085000         4.9000000000         2.2260490746         1.5080113847        23.2150465636
        2.0600505000         4.9000000000         2.2234967477         1.5973270957        23.1485592394
        2.0650038000         4.9000000000         2.2107351134         1.6789871744        22.8161226183
        2.0700059000         4.9000000000         2.2311537283         1.7810622728        23.3480212121
        2.0750070000         4.9000000000         2.2337060552         1.8703779838        23.4145085363
        2.0800046000         4.9000000000         2.2209444209         1.9494861851        23.0820719152
        2.0850042000         4.9000000000         2.2337060552         2.0413537736        23.4145085363
        2.0900046000         4.9000000000         2.2286014014         2.1306694847        23.2815338878
        2.0950072000         4.9000000000         2.2234967477         2.2148814408        23.1485592394
        2.1000070000         4.9000000000         2.2413630357         2.3118527843        23.6139705090
        2.1050067000         4.9000000000         2.2234967477         2.4062722502        23.1485592394
        2.1100067000         4.9000000000         2.2286014014         2.4879323289        23.2815338878
        2.1150048000         4.9000000000         2.2388107089         2.5823517949        23.5474831847
        2.1200094000         4.9000000000         2.2337060552         2.6691156285        23.4145085363
        2.1250052000         4.9000000000         2.2413630357         2.7660869720        23.6139705090
        2.1300061000         4.9000000000         2.2388107089         2.8528508056        23.5474831847
        2.1350066000         4.9000000000         2.1979734792         2.9472702715        22.4836859971
        2.1400400000         4.9000000000         2.2439153626         3.0340341051        23.6804578332
        2.1450067000         4.9000000000         2.2337060552         3.1156941838        23.4145085363
        2.1500065000         4.9000000000         2.2362583820         3.2177692822        23.4809958605
        2.1550048000         4.9000000000         2.2260490746         3.2943256060        23.2150465636
        2.1600064000         4.9000000000         2.2388107089         3.3912969494        23.5474831847
        2.1650059000         4.9000000000         2.2388107089         3.4831645379        23.5474831847
        2.1700098000         4.9000000000         2.2388107089         3.5801358814        23.5474831847
        2.1750070000         4.9000000000         2.2388107089         3.6592440826        23.5474831847
        2.1800062000         4.9000000000         2.2286014014         3.7562154260        23.2815338878
        2.1850066000         4.9000000000         2.2388107089         3.8506348920        23.5474831847
        2.1900062000         4.9000000000         2.2337060552         3.9322949707        23.4145085363
        2.1950042000         4.9000000000         2.2439153626         4.0292663142        23.6804578332
        2.2000443000         4.9000000000         2.2260490746         4.1109263928        23.2150465636
        2.2050059000         4.9000000000         2.2439153626         4.2002421039        23.6804578332
        2.2100057000         4.9000000000         2.2362583820         4.2870059375        23.4809958605
        2.2150045000         4.9000000000         2.2311537283         4.3814254035        23.3480212121
        2.2200067000         4.9000000000         2.2388107089         4.4758448695        23.5474831847
        2.2250042000         4.9000000000         2.2362583820         4.5753680904        23.4809958605
        2.2300059000         4.9000000000         2.2337060552         4.6595800465        23.4145085363
        2.2350060000         4.9000000000         2.2413630357         4.7591032674        23.6139705090
        2.2400061000         4.9000000000         2.2081827866         4.8382114687        22.7496352940
        2.2450040000         4.9000000000         2.2286014014         4.9428384445        23.2815338878
        2.2500072000         4.9000000000         2.2337060552         5.0091872584        23.4145085363
        2.2550060000         4.9000000000         2.2234967477         4.9989797486        23.1485592394
        2.2600034000         4.9000000000         2.2286014014         0.0049555613        23.2815338878
        2.2650071000         4.9000000000         2.2183920940        -0.0027000711        23.0155845909
        2.2700042000         4.9000000000         2.2260490746         0.0891675175        23.2150465636
        2.2750054000         4.9000000000         2.2260490746         0.1784832285        23.2150465636
        2.2800075000         4.9000000000         2.2107351134         0.2703508170        22.8161226183
        2.2850058000         4.9000000000         2.2234967477         0.3647702830        23.1485592394
        2.2900063000         4.9000000000         2.2183920940         0.4489822392        23.0155845909
        2.2950067000         4.9000000000         2.2183920940         0.5485054601        23.0155845909
        2.3000066000         4.9000000000         2.2311537283         0.6352692937        23.3480212121
        2.3050066000         4.9000000000         2.2209444209         0.7271368822        23.0820719152
        2.3100067000         4.9000000000         2.2234967477         0.8164525933        23.1485592394
        2.3150063000         4.9000000000         2.2413630357         0.9134239367        23.6139705090
        2.3200041000         4.9000000000         2.2183920940         0.9925321379        23.0155845909
        2.3250057000         4.9000000000         2.2234967477         1.0895034814        23.1485592394
        2.3300038000         4.9000000000         2.2234967477         1.1762673150        23.1485592394
        2.3350065000         4.9000000000         2.2234967477         1.2630311486        23.1485592394
        2.3400075000         4.9000000000         2.2337060552         1.3574506146        23.4145085363
        2.3450071000         4.9000000000         2.2234967477         1.4467663256        23.1485592394
        2.3500045000         4.9000000000         2.2337060552         1.5386339142        23.4145085363
        2.3550066000         4.9000000000         2.2183920940         1.6126383605        23.0155845909
        2.3600081000         4.9000000000         2.2337060552         1.7019540715        23.4145085363
        2.3650062000         4.9000000000         2.2337060552         1.7912697826        23.4145085363
        2.3700044000         4.9000000000         2.2337060552         1.8856892486        23.4145085363
        2.3750070000         4.9000000000         2.2286014014         1.9673493273        23.2815338878
        2.3800068000         4.9000000000         2.2439153626         2.0643206707        23.6804578332
        2.3850059000         4.9000000000         2.2311537283         2.1485326269        23.3480212121
        2.3900053000         4.9000000000         2.2286014014         2.2480558478        23.2815338878
        2.3950076000         4.9000000000         2.2388107089         2.3322678039        23.5474831847
        2.4000050000         4.9000000000         2.2362583820         2.4292391474        23.4809958605
        2.4050049000         4.9000000000         2.2515723431         2.5134511035        23.8799198059
        2.4100044000         4.9000000000         2.2388107089         2.6078705695        23.5474831847
        2.4150057000         4.9000000000         2.2311537283         2.6895306482        23.3480212121
        2.4200038000         4.9000000000         2.2490200163         2.7813982367        23.8134324817
        2.4250044000         4.9000000000         2.2311537283         2.8630583154        23.3480212121
        2.4300031000         4.9000000000         2.2311537283         2.9676852912        23.3480212121
        2.4350067000         4.9000000000         2.2337060552         3.0442416150        23.4145085363
        2.4400036000         4.9000000000         2.2413630357         3.1488685908        23.6139705090
        2.4450047000         4.9000000000         2.2413630357         3.2381843019        23.6139705090
        2.4500029000         4.9000000000         2.2388107089         3.3223962580        23.5474831847
        2.4550060000         4.9000000000         2.2311537283         3.4015044592        23.3480212121
        2.4600028000         4.9000000000         2.2439153626         3.5061314351        23.6804578332
        2.4650050000         4.9000000000         2.2439153626         3.5954471461        23.6804578332
        2.4700146000         4.9000000000         2.2260490746         3.6771072248        23.2150465636
        2.4750047000         4.9000000000         2.2337060552         3.7715266908        23.4145085363
        2.4800048000         4.9000000000         2.2311537283         3.8633942793        23.3480212121
        2.4850050000         4.9000000000         2.2337060552         3.9476062355        23.4145085363
        2.4900047000         4.9000000000         2.2260490746         4.0445775789        23.2150465636
        2.4950054000         4.9000000000         2.2439153626         4.1364451674        23.6804578332
        2.5000050000         4.9000000000         2.2311537283         4.2232090010        23.3480212121
        2.5050044000         4.9000000000         2.2439153626         4.3125247121        23.6804578332
        2.5100046000         4.9000000000         2.2081827866         4.3967366683        22.7496352940
        2.5150033000         4.9000000000         2.2413630357         4.4962598892        23.6139705090
        2.5200051000         4.9000000000         2.2234967477         4.5957831101        23.1485592394
        2.5250043000         4.9000000000         2.2388107089         4.6902025760        23.5474831847
        2.5300041000         4.9000000000         2.2362583820         4.7769664097        23.4809958605
        2.5350060000         4.9000000000         2.2209444209         4.8637302433        23.0820719152
        2.5400063000         4.9000000000         2.2311537283         4.9658053416        23.3480212121
        2.5450059000         4.9000000000         2.2311537283         5.0091872584        23.3480212121
        2.5500067000         4.9000000000         2.2337060552         1.1099185011        23.4145085363
        2.5550039000         4.9000000000         2.2388107089         0.0049555613        23.5474831847
        2.5600065000         4.9000000000         2.2183920940         0.0151630711        23.0155845909
        2.5650191000         4.9000000000         2.2311537283         0.1121344146        23.3480212121
        2.5700049000         4.9000000000         2.2286014014         0.2014501257        23.2815338878
        2.5750051000         4.9000000000         2.2107351134         0.2958695916        22.8161226183
        2.5800052000         4.9000000000         2.2337060552         0.3877371802        23.4145085363
        2.5850037000         4.9000000000         2.2260490746         0.4872604011        23.2150465636
        2.5900052000         4.9000000000         2.2311537283         0.5714723572        23.3480212121
        2.5950066000         4.9000000000         2.2209444209         0.6582361908        23.0820719152
        2.6000058000         4.9000000000         2.2311537283         0.7577594117        23.3480212121
        2.6050064000         4.9000000000         2.2260490746         0.8521788777        23.2150465636
        2.6100051000         4.9000000000         2.2362583820         0.9414945888        23.4809958605
        2.6150063000         4.9000000000         2.2183920940         1.0257065449        23.0155845909
        2.6200068000         4.9000000000         2.2286014014         1.1124703785        23.2815338878
        2.6250044000         4.9000000000         2.2107351134         1.2017860896        22.8161226183
        2.6300073000         4.9000000000         2.2337060552         1.2962055556        23.4145085363
        2.6350053000         4.9000000000         2.2183920940         1.3753137568        23.0155845909
        2.6400074000         4.9000000000         2.2260490746         1.4748369777        23.2150465636
        2.6450083000         4.9000000000         2.2286014014         1.5616008113        23.2815338878
        2.6500037000         4.9000000000         2.2337060552         1.6509165224        23.4145085363
        2.6550030000         4.9000000000         2.2209444209         1.7249209687        23.0820719152
        2.6600057000         4.9000000000         2.2234967477         1.8218923121        23.1485592394
        2.6650111000         4.9000000000         2.2286014014         1.9061042683        23.2815338878
        2.6700425000         4.9000000000         2.2311537283         2.0030756117        23.3480212121
        2.6750048000         4.9000000000         2.2439153626         2.0847356904        23.6804578332
        2.6800069000         4.9000000000         2.2337060552         2.1842589113        23.4145085363
        2.6850067000         4.9000000000         2.2311537283         2.2710227449        23.3480212121
        2.6900058000         4.9000000000         2.2260490746         2.3552347011        23.2150465636
        2.6950063000         4.9000000000         2.2388107089         2.4471022896        23.5474831847
        2.7000058000         4.9000000000         2.2388107089         2.5364180006        23.5474831847
        2.7050063000         4.9000000000         2.2260490746         2.6206299568        23.2150465636
        2.7100076000         4.9000000000         2.2311537283         2.7150494228        23.3480212121
        2.7150061000         4.9000000000         2.2337060552         2.7992613789        23.4145085363
        2.7200070000         4.9000000000         2.2337060552         2.8962327224        23.4145085363
        2.7250073000         4.9000000000         2.2388107089         2.9906521883        23.5474831847
        2.7300060000         4.9000000000         2.2515723431         3.0825197769        23.8799198059
        2.7350060000         4.9000000000         2.2388107089         3.1718354879        23.5474831847
        2.7400053000         4.9000000000         2.2490200163         3.2509436892        23.8134324817
        2.7450071000         4.9000000000         2.2413630357         3.3555706650        23.6139705090
        2.7500058000         4.9000000000         2.2286014014         3.4372307437        23.2815338878
        2.7550062000         4.9000000000         2.2362583820         3.5214426998        23.4809958605
        2.7600094000         4.9000000000         2.2413630357         3.6107584109        23.6139705090
        2.7650042000         4.9000000000         2.2286014014         3.7051778769        23.2815338878
        2.7700057000         4.9000000000         2.2413630357         3.8047010978        23.6139705090
        2.7750069000         4.9000000000         2.2439153626         3.8889130539        23.6804578332
        2.7800045000         4.9000000000         2.2388107089         3.9858843974        23.5474831847
        2.7850108000         4.9000000000         2.2311537283         4.0624407211        23.3480212121
        2.7900051000         4.9000000000         2.2413630357         4.1645158195        23.6139705090
        2.7950080000         4.9000000000         2.2337060552         4.2436240207        23.4145085363
        2.8000053000         4.9000000000         2.2337060552         4.3431472416        23.4145085363
        2.8050066000         4.9000000000         2.2413630357         4.4350148301        23.6139705090
        2.8100040000         4.9000000000         2.2260490746         4.5217786637        23.2150465636
        2.8150060000         4.9000000000         2.2413630357         4.6315093945        23.6139705090
        2.8200410000         4.9000000000         2.2286014014         4.7106175957        23.2815338878
        2.8250073000         4.9000000000         2.2337060552         4.8050370617        23.4145085363
        2.8300056000         4.9000000000         2.2260490746         4.8943527728        23.2150465636
        2.8350049000         4.9000000000         2.2362583820         4.9938759937        23.4809958605
        2.8400050000         4.9000000000         2.2260490746         5.0066353810        23.2150465636
        2.8450065000         4.9000000000         2.2362583820         1.1073666236        23.4809958605
        2.8500059000         4.9000000000         2.2337060552        -0.0001481936        23.4145085363
        2.8550066000         4.9000000000         2.2209444209         0.0483374781        23.0820719152
        2.8600048000         4.9000000000         2.2337060552         0.1427569441        23.4145085363
        2.8650057000         4.9000000000         2.2209444209         0.2320726552        23.0820719152
        2.8700045000         4.9000000000         2.2388107089         0.3341477535        23.5474831847
        2.8750057000         4.9000000000         2.2311537283         0.4183597097        23.3480212121
        2.8800059000         4.9000000000         2.2337060552         0.5178829306        23.4145085363
        2.8850061000         4.9000000000         2.2286014014         0.6046467642        23.2815338878
        2.8900047000         4.9000000000         2.2311537283         0.6965143527        23.3480212121
        2.8950058000         4.9000000000         2.2337060552         0.7883819412        23.4145085363
        2.9000040000         4.9000000000         2.2183920940         0.8700420199        23.0155845909
        2.9050066000         4.9000000000         2.2234967477         0.9644614859        23.1485592394
        2.9100074000         4.9000000000         2.2286014014         1.0537771970        23.2815338878
        2.9150048000         4.9000000000         2.2234967477         1.1456447855        23.1485592394
        2.9200341000         4.9000000000         2.2311537283         1.2298567416        23.3480212121
        2.9250050000         4.9000000000         2.2311537283         1.3268280851        23.3480212121
        2.9300048000         4.9000000000         2.2311537283         1.4084881638        23.3480212121
        2.9350062000         4.9000000000         2.2362583820         1.5029076297        23.4809958605
        2.9400047000         4.9000000000         2.2286014014         1.5871195859        23.2815338878
        2.9450047000         4.9000000000         2.2209444209         1.6738834195        23.0820719152
        2.9500056000         4.9000000000         2.2311537283         1.7657510080        23.3480212121
        2.9550033000         4.9000000000         2.2464676894         1.8576185965        23.7469451574
        2.9600048000         4.9000000000         2.2286014014         1.9443824302        23.2815338878
        2.9650052000         4.9000000000         2.2311537283         2.0285943863        23.3480212121
        2.9700037000         4.9000000000         2.2362583820         2.1128063424        23.4809958605
        2.9750032000         4.9000000000         2.2209444209         2.2021220535        23.0820719152
        2.9800049000         4.9000000000         2.2439153626         2.3016452744        23.6804578332
        2.9850034000         4.9000000000         2.2439153626         2.3960647404        23.6804578332
        2.9900047000         4.9000000000         2.2183920940         2.4751729416        23.0155845909
        2.9950038000         4.9000000000         2.2413630357         2.5772480400        23.6139705090
        3.0000048000         4.9000000000         2.2311537283         2.6538043638        23.3480212121
        3.0050035000         4.9000000000         2.2311537283         2.7482238297        23.3480212121
        3.0100048000         4.9000000000         2.2286014014         2.8400914183        23.2815338878
        3.0150039000         4.9000000000         2.2439153626         2.9268552519        23.6804578332
        3.0200048000         4.9000000000         2.2464676894         3.0263784728        23.7469451574
        3.0250028000         4.9000000000         2.2337060552         3.1080385515        23.4145085363
        3.0300066000         4.9000000000         2.2337060552         3.1999061400        23.4145085363
        3.0350050000         4.9000000000         2.2413630357         3.2841180961        23.6139705090
        3.0400046000         4.9000000000         2.2337060552         3.3810894396        23.4145085363
        3.0450054000         4.9000000000         2.2490200163         3.4780607830        23.8134324817
        3.0500052000         4.9000000000         2.2234967477         3.5597208617        23.1485592394
        3.0550072000         4.9000000000         2.2413630357         3.6541403277        23.6139705090
        3.0600062000         4.9000000000         2.2413630357         3.7460079162        23.6139705090
        3.0650046000         4.9000000000         2.2388107089         3.8327717498        23.5474831847
        3.0700048000         4.9000000000         2.2337060552         3.9246393383        23.4145085363
        3.0750071000         4.9000000000         2.2413630357         4.0139550494        23.6139705090
        3.0800048000         4.9000000000         2.2286014014         4.1058226379        23.2815338878
        3.0850051000         4.9000000000         2.2362583820         4.1874827166        23.4809958605
        3.0900053000         4.9000000000         2.2234967477         4.2767984277        23.1485592394
        3.0950095000         4.9000000000         2.2337060552         4.3839772810        23.4145085363
        3.1000052000         4.9000000000         2.2337060552         4.4605336047        23.4145085363
        3.1050039000         4.9000000000         2.2362583820         4.5677124580        23.4809958605
        3.1100066000         4.9000000000         2.2286014014         4.6468206592        23.2815338878
        3.1150396000         4.9000000000         2.2286014014         4.7412401252        23.2815338878
        3.1200070000         4.9000000000         2.2413630357         4.8433152236        23.6139705090
        3.1250074000         4.9000000000         2.2362583820         4.9351828121        23.4809958605
        3.1300095000         4.9000000000         2.2362583820         5.0066353810        23.4809958605
        3.1350069000         4.9000000000         2.2234967477         5.0040835035        23.1485592394
        3.1400062000         4.9000000000         2.2439153626         0.0049555613        23.6804578332
        3.1450064000         4.9000000000         2.2234967477        -0.0001481936        23.1485592394
        3.1500312000         4.9000000000         2.2311537283         0.0789600076        23.3480212121
        3.1550069000         4.9000000000         2.2286014014         0.1861388609        23.2815338878
        3.1600087000         4.9000000000         2.2234967477         0.2703508170        23.1485592394
        3.1650068000         4.9000000000         2.2337060552         0.3596665281        23.4145085363
        3.1700078000         4.9000000000         2.2234967477         0.4515341166        23.1485592394
        3.1750055000         4.9000000000         2.2132874403         0.5459535826        22.8826099425
        3.1800077000         4.9000000000         2.2388107089         0.6378211711        23.5474831847
        3.1850050000         4.9000000000         2.2209444209         0.7194812498        23.0820719152
        3.1900055000         4.9000000000         2.2209444209         0.8139007158        23.0820719152
        3.1950090000         4.9000000000         2.2311537283         0.9134239367        23.3480212121
        3.2000084000         4.9000000000         2.2286014014         1.0052915252        23.2815338878
        3.2050051000         4.9000000000         2.2209444209         1.0792959716        23.0820719152
        3.2100051000         4.9000000000         2.2209444209         1.1711635601        23.0820719152
        3.2150038000         4.9000000000         2.2234967477         1.2579273937        23.1485592394
        3.2200056000         4.9000000000         2.2209444209         1.3523468597        23.0820719152
        3.2250049000         4.9000000000         2.2234967477         1.4416625707        23.1485592394
        3.2300048000         4.9000000000         2.2337060552         1.5309782818        23.4145085363
        3.2350030000         4.9000000000         2.2311537283         1.6177421154        23.3480212121
        3.2400049000         4.9000000000         2.2286014014         1.7096097039        23.2815338878
        3.2450058000         4.9000000000         2.2311537283         1.7887179052        23.3480212121
        3.2500060000         4.9000000000         2.2311537283         1.8831373711        23.3480212121
        3.2550083000         4.9000000000         2.2234967477         1.9622455724        23.1485592394
        3.2600070000         4.9000000000         2.2286014014         2.0566650383        23.2815338878
        3.2650069000         4.9000000000         2.2183920940         2.1536363818        23.0155845909
        3.2700041000         4.9000000000         2.2311537283         2.2480558478        23.3480212121
        3.2750062000         4.9000000000         2.2464676894         2.3373715588        23.7469451574
        3.2800074000         4.9000000000         2.2183920940         2.4139278826        23.0155845909
        3.2850061000         4.9000000000         2.2209444209         2.5057954711        23.0820719152
        3.2900053000         4.9000000000         2.2388107089         2.6027668146        23.5474831847
        3.2950058000         4.9000000000         2.2362583820         2.6895306482        23.4809958605
        3.3000052000         4.9000000000         2.2439153626         2.7839501142        23.6804578332
        3.3050059000         4.9000000000         2.2388107089         2.8707139478        23.5474831847
        3.3100627000         4.9000000000         2.2209444209         2.9625815363        23.0820719152
        3.3150073000         4.9000000000         2.2311537283         3.0442416150        23.3480212121
        3.3200097000         4.9000000000         2.2388107089         3.1412129584        23.5474831847
        3.3250997000         4.9000000000         2.2311537283         3.2330805470        23.3480212121
        3.3300066000         4.9000000000         2.2439153626         3.3275000129        23.6804578332
        3.3350069000         4.9000000000         2.2464676894         3.4091600916        23.7469451574
        3.3400047000         4.9000000000         2.2337060552         3.5035795576        23.4145085363
        3.3450070000         4.9000000000         2.2311537283         3.5903433912        23.3480212121
        3.3500058000         4.9000000000         2.2311537283         3.6796591023        23.3480212121
        3.3550067000         4.9000000000         2.2311537283         3.7689748133        23.3480212121
        3.3600072000         4.9000000000         2.2337060552         3.8659461568        23.4145085363
        3.3650072000         4.9000000000         2.2337060552         3.9527099904        23.4145085363
        3.3700056000         4.9000000000         2.2234967477         4.0420257015        23.1485592394
        3.3750062000         4.9000000000         2.2388107089         4.1287895351        23.5474831847
        3.3800056000         4.9000000000         2.2388107089         4.2181052461        23.5474831847
        3.3850064000         4.9000000000         2.2362583820         4.3099728347        23.4809958605
        3.3900038000         4.9000000000         2.2311537283         4.4043923006        23.3480212121
        3.3950061000         4.9000000000         2.2439153626         4.5013636441        23.6804578332
        3.4000041000         4.9000000000         2.2388107089         4.5881274777        23.5474831847
        3.4050093000         4.9000000000         2.2286014014         4.6774431887        23.2815338878
        3.4100110000         4.9000000000         2.2234967477         4.7693107773        23.1485592394
        3.4150049000         4.9000000000         2.2209444209         4.8688339982        23.0820719152
        3.4200065000         4.9000000000         2.2413630357         4.9658053416        23.6139705090
        3.4250054000         4.9000000000         2.2286014014         5.0066353810        23.2815338878
        3.4300049000         4.9000000000         2.2311537283         1.1073666236        23.3480212121
        3.4350078000         4.9000000000         2.2209444209        -0.0027000711        23.0820719152
        3.4400031000         4.9000000000         2.2260490746         0.0253705810        23.2150465636
        3.4450113000         4.9000000000         2.2286014014         0.1044787822        23.2815338878
        3.4500031000         4.9000000000         2.2260490746         0.2014501257        23.2150465636
        3.4550077000         4.9000000000         2.2183920940         0.3009733466        23.0155845909
        3.4600064000         4.9000000000         2.2311537283         0.3928409351        23.3480212121
        3.4650041000         4.9000000000         2.2209444209         0.4821566461        23.0820719152
        3.4700069000         4.9000000000         2.2234967477         0.5740242347        23.1485592394
        3.4750049000         4.9000000000         2.2234967477         0.6684437007        23.1485592394
        3.4800067000         4.9000000000         2.2286014014         0.7603112892        23.2815338878
        3.4850119000         4.9000000000         2.2260490746         0.8368676129        23.2150465636
        3.4900067000         4.9000000000         2.2311537283         0.9363908338        23.3480212121
        3.4950064000         4.9000000000         2.2081827866         1.0154990351        22.7496352940
        3.5000056000         4.9000000000         2.2311537283         1.1201260109        23.3480212121
        3.5050115000         4.9000000000         2.2311537283         1.2017860896        23.3480212121
        3.5100070000         4.9000000000         2.2132874403         1.2885499232        22.8826099425
        3.5150065000         4.9000000000         2.2234967477         1.3727618793        23.1485592394
        3.5200095000         4.9000000000         2.2311537283         1.4722851002        23.3480212121
        3.5250071000         4.9000000000         2.2311537283         1.5641526888        23.3480212121
        3.5300039000         4.9000000000         2.2311537283         1.6483646449        23.3480212121
        3.5350091000         4.9000000000         2.2234967477         1.7300247236        23.1485592394
        3.5400363000         4.9000000000         2.2337060552         1.8269960670        23.4145085363
        3.5450074000         4.9000000000         2.2260490746         1.9061042683        23.2150465636
        3.5500061000         4.9000000000         2.2311537283         1.9979718568        23.3480212121
        3.5550054000         4.9000000000         2.2311537283         2.0847356904        23.3480212121
        3.5600085000         4.9000000000         2.2234967477         2.1868107888        23.1485592394
        3.5650039000         4.9000000000         2.2388107089         2.2659189900        23.5474831847
        3.5700075000         4.9000000000         2.2337060552         2.3577865785        23.4145085363
        3.5750055000         4.9000000000         2.2234967477         2.4394466572        23.1485592394
        3.5800058000         4.9000000000         2.2439153626         2.5415217556        23.6804578332
        3.5850074000         4.9000000000         2.2260490746         2.6206299568        23.2150465636
        3.5900060000         4.9000000000         2.2311537283         2.7099456679        23.3480212121
        3.5950027000         4.9000000000         2.2464676894         2.8069170113        23.7469451574
        3.6001246000         4.9000000000         2.2260490746         2.8962327224        23.2150465636
        3.6050060000         4.9000000000         2.2260490746         2.9881003109        23.2150465636
        3.6100050000         4.9000000000         2.2439153626         3.0672085121        23.6804578332
        3.6150063000         4.9000000000         2.2439153626         3.1743873654        23.6804578332
        3.6200050000         4.9000000000         2.2413630357         3.2534955666        23.6139705090
        3.6250062000         4.9000000000         2.2286014014         3.3428112777        23.2815338878
        3.6300036000         4.9000000000         2.2362583820         3.4295751113        23.4809958605
        3.6350024000         4.9000000000         2.2362583820         3.5290983322        23.4809958605
        3.6400051000         4.9000000000         2.2388107089         3.6184140433        23.5474831847
        3.6450069000         4.9000000000         2.2337060552         3.7153853867        23.4145085363
        3.6500057000         4.9000000000         2.2388107089         3.8021492203        23.5474831847
        3.6550045000         4.9000000000         2.2439153626         3.8889130539        23.6804578332
        3.6600100000         4.9000000000         2.2286014014         3.9756768875        23.2815338878
        3.6650049000         4.9000000000         2.2311537283         4.0649925986        23.3480212121
        3.6700053000         4.9000000000         2.2337060552         4.1517564322        23.4145085363
        3.6750034000         4.9000000000         2.2413630357         4.2487277756        23.6139705090
        3.6800045000         4.9000000000         2.2362583820         4.3380434867        23.4809958605
        3.6850143000         4.9000000000         2.2362583820         4.4350148301        23.4809958605
        3.6900036000         4.9000000000         2.2311537283         4.5141230314        23.3480212121
        3.6950051000         4.9000000000         2.2260490746         4.6085424974        23.2150465636
        3.7000057000         4.9000000000         2.2439153626         4.7157213506        23.6804578332
        3.7050051000         4.9000000000         2.2311537283         4.7999333068        23.3480212121
        3.7100054000         4.9000000000         2.2286014014         4.8918008953        23.2815338878
        3.7150033000         4.9000000000         2.2260490746         4.9836684838        23.2150465636
        3.7200057000         4.9000000000         2.2362583820         5.0091872584        23.4809958605
        3.7250044000         4.9000000000         2.2388107089         1.1150222560        23.5474831847
        3.7300060000         4.9000000000         2.2286014014         0.0049555613        23.2815338878
        3.7350044000         4.9000000000         2.2209444209         0.0381299683        23.0820719152
        3.7400064000         4.9000000000         2.2209444209         0.1325494343        23.0820719152
        3.7450063000         4.9000000000         2.2286014014         0.2371764101        23.2815338878
        3.7500060000         4.9000000000         2.2286014014         0.3213883662        23.2815338878
        3.7550031000         4.9000000000         2.2234967477         0.4158078322        23.1485592394
        3.7600021000         4.9000000000         2.1877641717         0.5051235433        22.2177367002
        3.7650032000         4.9000000000         2.2311537283         0.5918873769        23.3480212121
        3.7700036000         4.9000000000         2.2209444209         0.6888587203        23.0820719152
        3.7750042000         4.9000000000         2.2234967477         0.7781744314        23.1485592394
        3.7800041000         4.9000000000         2.2234967477         0.8649382650        23.1485592394
        3.7850039000         4.9000000000         2.2260490746         0.9619096084        23.2150465636
        3.7900062000         4.9000000000         2.2234967477         1.0461215646        23.1485592394
        3.7950046000         4.9000000000         2.2362583820         1.1379891531        23.4809958605
        3.8000068000         4.9000000000         2.2158397672         1.2247529867        22.9490972667
        3.8050063000         4.9000000000         2.2362583820         1.3242762076        23.4809958605
        3.8100050000         4.9000000000         2.2413630357         1.4135919187        23.6139705090
        3.8150053000         4.9000000000         2.2107351134         1.4875963650        22.8161226183
        3.8200064000         4.9000000000         2.2337060552         1.5896714634        23.4145085363
        3.8250107000         4.9000000000         2.2260490746         1.6662277871        23.2150465636
        3.8300049000         4.9000000000         2.2234967477         1.7504397433        23.1485592394
        3.8350036000         4.9000000000         2.2183920940         1.8397554543        23.0155845909
        3.8400035000         4.9000000000         2.2311537283         1.9367267978        23.3480212121
        3.8450030000         4.9000000000         2.2260490746         2.0234906314        23.2150465636
        3.8500043000         4.9000000000         2.2413630357         2.1204619748        23.6139705090
        3.8550053000         4.9000000000         2.2286014014         2.2046739310        23.2815338878
        3.8600039000         4.9000000000         2.2286014014         2.2888858871        23.2815338878
        3.8650066000         4.9000000000         2.2362583820         2.3884091080        23.4809958605
        3.8700047000         4.9000000000         2.2362583820         2.4751729416        23.4809958605
        3.8750062000         4.9000000000         2.2286014014         2.5593848978        23.2815338878
        3.8800072000         4.9000000000         2.2286014014         2.6538043638        23.2815338878
        3.8850066000         4.9000000000         2.2413630357         2.7431200748        23.6139705090
        3.8900051000         4.9000000000         2.2413630357         2.8349876633        23.6139705090
        3.8950066000         4.9000000000         2.2362583820         2.9217514970        23.4809958605
        3.9000067000         4.9000000000         2.2464676894         3.0187228404        23.7469451574
        3.9050058000         4.9000000000         2.2362583820         3.1054866740        23.4809958605
        3.9100057000         4.9000000000         2.2286014014         3.1896986301        23.2815338878
        3.9150058000         4.9000000000         2.2439153626         3.2917737285        23.6804578332
        3.9200068000         4.9000000000         2.2337060552         3.3810894396        23.4145085363
        3.9250560000         4.9000000000         2.2311537283         3.4678532732        23.3480212121
        3.9300031000         4.9000000000         2.2464676894         3.5648246166        23.7469451574
        3.9350057000         4.9000000000         2.2413630357         3.6490365728        23.6139705090
        3.9400032000         4.9000000000         2.2311537283         3.7383522838        23.3480212121
        3.9450062000         4.9000000000         2.2286014014         3.8225642400        23.2815338878
        3.9500050000         4.9000000000         2.2388107089         3.9144318285        23.5474831847
        3.9550049000         4.9000000000         2.2337060552         4.0011956621        23.4145085363
        3.9600039000         4.9000000000         2.2234967477         4.0879594957        23.1485592394
        3.9650047000         4.9000000000         2.2362583820         4.1823789617        23.4809958605
        3.9700038000         4.9000000000         2.2362583820         4.2767984277        23.4809958605
        3.9750048000         4.9000000000         2.2311537283         4.3610103838        23.3480212121
        3.9800035000         4.9000000000         2.2515723431         4.4656373597        23.8799198059
        3.9850047000         4.9000000000         2.2209444209         4.5472974383        23.0820719152
        3.9900048000         4.9000000000         2.2388107089         4.6519244142        23.5474831847
        3.9950047000         4.9000000000         2.2413630357         4.7386882478        23.6139705090
        4.0000052000         4.9000000000         2.2286014014         4.8356595912        23.2815338878
        4.0050050000         4.9000000000         2.2337060552         4.9275271797        23.4145085363
        4.0100033000         4.9000000000         2.2311537283         5.0066353810        23.3480212121
        4.0150047000         4.9000000000         2.2183920940         4.9989797486        23.0155845909
        4.0200052000         4.9000000000         2.2234967477        -0.0052519485        23.1485592394
        4.0250059000         4.9000000000         2.2234967477         0.0024036839        23.1485592394
        4.0300051000         4.9000000000         2.2183920940         0.0738562527        23.0155845909
        4.0350050000         4.9000000000         2.2311537283         0.1657238412        23.3480212121
        4.0400051000         4.9000000000         2.2311537283         0.2677989396        23.3480212121
        4.0450122000         4.9000000000         2.2209444209         0.3545627732        23.0820719152
        4.0500070000         4.9000000000         2.2311537283         0.4515341166        23.3480212121
        4.0550133000         4.9000000000         2.2183920940         0.5331941953        23.0155845909
        4.0600093000         4.9000000000         2.2311537283         0.6276136613        23.3480212121
        4.0650069000         4.9000000000         2.2234967477         0.7143774949        23.1485592394
        4.0700055000         4.9000000000         2.2234967477         0.8062450834        23.1485592394
        4.0750062000         4.9000000000         2.2311537283         0.9032164269        23.3480212121
        4.0800036000         4.9000000000         2.2260490746         0.9797727506        23.2150465636
        4.0850062000         4.9000000000         2.2337060552         1.0792959716        23.4145085363
        4.0900039000         4.9000000000         2.2260490746         1.1686116826        23.2150465636
        4.0950489000         4.9000000000         2.2311537283         1.2630311486        23.3480212121
        4.1001402000         4.9000000000         2.2413630357         1.3497949822        23.6139705090
        4.1050069000         4.9000000000         2.2209444209         1.4237994285        23.0820719152
        4.1100068000         4.9000000000         2.2311537283         1.5258745269        23.3480212121
        4.1150038000         4.9000000000         2.2260490746         1.6100864830        23.2150465636
        4.1200071000         4.9000000000         2.2209444209         1.6968503166        23.0820719152
        4.1250041000         4.9000000000         2.2311537283         1.7759585179        23.3480212121
        4.1300050000         4.9000000000         2.2337060552         1.8754817388        23.4145085363
        4.1350049000         4.9000000000         2.2234967477         1.9596936949        23.1485592394
        4.1400046000         4.9000000000         2.2260490746         2.0439056511        23.2150465636
        4.1450044000         4.9000000000         2.2464676894         2.1485326269        23.7469451574
        4.1500083000         4.9000000000         2.2337060552         2.2352964605        23.4145085363
        4.1550041000         4.9000000000         2.2286014014         2.3220602941        23.2815338878
        4.1600097000         4.9000000000         2.2413630357         2.4113760052        23.6139705090
        4.1650060000         4.9000000000         2.2413630357         2.5083473486        23.6139705090
        4.1700046000         4.9000000000         2.2413630357         2.5925593047        23.6139705090
        4.1750117000         4.9000000000         2.2337060552         2.6818750158        23.4145085363
        4.1800117000         4.9000000000         2.2337060552         2.7711907269        23.4145085363
        4.1850046000         4.9000000000         2.2311537283         2.8630583154        23.3480212121
        4.1900049000         4.9000000000         2.2413630357         2.9523740265        23.6139705090
        4.1950190000         4.9000000000         2.2439153626         3.0416897375        23.6804578332
        4.2000055000         4.9000000000         2.2311537283         3.1310054486        23.3480212121
        4.2050044000         4.9000000000         2.2388107089         3.2203211597        23.5474831847
        4.2100091000         4.9000000000         2.2413630357         3.3121887482        23.6139705090
        4.2150064000         4.9000000000         2.2260490746         3.4015044592        23.2150465636
        4.2200074000         4.9000000000         2.2413630357         3.4984758027        23.6139705090
        4.2250036000         4.9000000000         2.2286014014         3.5826877588        23.2815338878
        4.2300048000         4.9000000000         2.2286014014         3.6617959601        23.2815338878
        4.2350052000         4.9000000000         2.2311537283         3.7613191810        23.3480212121
        4.2400053000         4.9000000000         2.2388107089         3.8582905244        23.5474831847
        4.2450042000         4.9000000000         2.2260490746         3.9399506031        23.2150465636
        4.2500048000         4.9000000000         2.2388107089         4.0267144367        23.5474831847
        4.2550052000         4.9000000000         2.2362583820         4.1160301478        23.4809958605
        4.2600048000         4.9000000000         2.2490200163         4.2130014912        23.8134324817
        4.2650027000         4.9000000000         2.2286014014         4.2946615699        23.2815338878
        4.2700050000         4.9000000000         2.2311537283         4.3916329133        23.3480212121
        4.2750046000         4.9000000000         2.2413630357         4.4835005019        23.6139705090
        4.2800046000         4.9000000000         2.2260490746         4.5830237228        23.2150465636
        4.2850020000         4.9000000000         2.2260490746         4.6621319240        23.2150465636
        4.2900030000         4.9000000000         2.2337060552         4.7642070224        23.4145085363
        4.2950046000         4.9000000000         2.2260490746         4.8586264883        23.2150465636
        4.3000026000         4.9000000000         2.2337060552         4.9530459543        23.4145085363
        4.3050041000         4.9000000000         2.2286014014         5.0117391359        23.2815338878
        4.3100045000         4.9000000000         2.2209444209         1.1124703785        23.0820719152
        4.3150039000         4.9000000000         2.2388107089         0.0024036839        23.5474831847
        4.3200027000         4.9000000000         2.2234967477         0.0100593162        23.1485592394
        4.3250140000         4.9000000000         2.2388107089         0.1044787822        23.5474831847
        4.3300028000         4.9000000000         2.2260490746         0.1937944933        23.2150465636
        4.3350016000         4.9000000000         2.2183920940         0.2805583269        23.0155845909
        4.3400043000         4.9000000000         2.2388107089         0.3775296703        23.5474831847
        4.3450041000         4.9000000000         2.2260490746         0.4745010138        23.2150465636
        4.3500021000         4.9000000000         2.2132874403         0.5587129699        22.8826099425
        4.3550021000         4.9000000000         2.2234967477         0.6429249261        23.1485592394
        4.3600057000         4.9000000000         2.2234967477         0.7398962695        23.1485592394
        4.3650044000         4.9000000000         2.2107351134         0.8266601031        22.8161226183
        4.3700026000         4.9000000000         2.2260490746         0.9159758142        23.2150465636
        4.3750042000         4.9000000000         2.2286014014         1.0154990351        23.2815338878
        4.3800053000         4.9000000000         2.2260490746         1.0997109912        23.2150465636
        4.3850041000         4.9000000000         2.2234967477         1.1915785797        23.1485592394
        4.3900042000         4.9000000000         2.2311537283         1.2859980457        23.3480212121
        4.3950036000         4.9000000000         2.2260490746         1.3702100019        23.2150465636
        4.4000064000         4.9000000000         2.2234967477         1.4569738355        23.1485592394
        4.4050034000         4.9000000000         2.2362583820         1.5488414240        23.4809958605
        4.4100039000         4.9000000000         2.2056304597         1.6305015027        22.6831479698
        4.4150020000         4.9000000000         2.2234967477         1.7198172138        23.1485592394
        4.4200055000         4.9000000000         2.2464676894         1.8116848023        23.7469451574
        4.4250047000         4.9000000000         2.2311537283         1.9010005134        23.3480212121
        4.4300047000         4.9000000000         2.2183920940         1.9750049597        23.0155845909
        4.4350039000         4.9000000000         2.2337060552         2.0745281806        23.4145085363
        4.4400031000         4.9000000000         2.2260490746         2.1612920142        23.2150465636
        4.4450022000         4.9000000000         2.2286014014         2.2531596027        23.2815338878
        4.4500037000         4.9000000000         2.2311537283         2.3348196814        23.3480212121
        4.4550039000         4.9000000000         2.2337060552         2.4394466572        23.4145085363
        4.4600049000         4.9000000000         2.2311537283         2.5185548584        23.3480212121
        4.4650046000         4.9000000000         2.2464676894         2.6155262019        23.7469451574
        4.4700045000         4.9000000000         2.2311537283         2.6971862806        23.3480212121
        4.4750022000         4.9000000000         2.2464676894         2.7967095015        23.7469451574
        4.4800049000         4.9000000000         2.2388107089         2.8911289674        23.5474831847
        4.4850043000         4.9000000000         2.2337060552         2.9727890461        23.4145085363
        4.4900042000         4.9000000000         2.2362583820         3.0646566347        23.4809958605
        4.4950039000         4.9000000000         2.2286014014         3.1539723457        23.2815338878
        4.5000048000         4.9000000000         2.2413630357         3.2432880568        23.6139705090
        4.5050036000         4.9000000000         2.2413630357         3.3377075228        23.6139705090
        4.5100052000         4.9000000000         2.2413630357         3.4244713564        23.6139705090
        4.5150032000         4.9000000000         2.2464676894         3.5214426998        23.7469451574
        4.5200032000         4.9000000000         2.2234967477         3.6031027785        23.1485592394
        4.5250082000         4.9000000000         2.2362583820         3.6924184896        23.4809958605
        4.5300407000         4.9000000000         2.2464676894         3.7842860781        23.7469451574
        4.5350054000         4.9000000000         2.2286014014         3.8710499117        23.2815338878
        4.5400053000         4.9000000000         2.2362583820         3.9552618679        23.4809958605
        4.5450048000         4.9000000000         2.2362583820         4.0624407211        23.4809958605
        4.5500081000         4.9000000000         2.2464676894         4.1492045547        23.7469451574
        4.5550060000         4.9000000000         2.2439153626         4.2283127560        23.6804578332
        4.5600062000         4.9000000000         2.2311537283         4.3252840994        23.3480212121
        4.5650044000         4.9000000000         2.2286014014         4.4171516879        23.2815338878
        4.5700044000         4.9000000000         2.2362583820         4.5013636441        23.4809958605
        4.5750051000         4.9000000000         2.2388107089         4.6085424974        23.5474831847
        4.5800052000         4.9000000000         2.2209444209         4.6876506986        23.0820719152
        4.5850032000         4.9000000000         2.2311537283         4.7871739195        23.3480212121
        4.5900058000         4.9000000000         2.2183920940         4.8764896306        23.0155845909
        4.5950033000         4.9000000000         2.2362583820         4.9785647289        23.4809958605
        4.6000055000         4.9000000000         2.2311537283         5.0091872584        23.3480212121
        4.6050057000         4.9000000000         2.2286014014         1.1073666236        23.2815338878
        4.6100048000         4.9000000000         2.2286014014         0.0100593162        23.2815338878
        4.6150048000         4.9000000000         2.2311537283         0.0330262134        23.3480212121
        4.6200047000         4.9000000000         2.1928688255         0.1223419244        22.3507113487
        4.6250053000         4.9000000000         2.2183920940         0.2167613904        23.0155845909
        4.6300051000         4.9000000000         2.2311537283         0.3137327338        23.3480212121
        4.6350048000         4.9000000000         2.2286014014         0.3979446900        23.2815338878
        4.6400045000         4.9000000000         2.2234967477         0.5000197884        23.1485592394
        4.6450038000         4.9000000000         2.2286014014         0.5816798670        23.2815338878
        4.6500038000         4.9000000000         2.2158397672         0.6658918232        22.9490972667
        4.6550048000         4.9000000000         2.2311537283         0.7705187990        23.3480212121
        4.6600045000         4.9000000000         2.2337060552         0.8521788777        23.4145085363
        4.6650051000         4.9000000000         2.2234967477         0.9414945888        23.1485592394
        4.6700046000         4.9000000000         2.2081827866         1.0308102998        22.7496352940
        4.6750066000         4.9000000000         2.2337060552         1.1303335207        23.4145085363
        4.6800071000         4.9000000000         2.2234967477         1.2170973543        23.1485592394
        4.6850038000         4.9000000000         2.2132874403         1.2962055556        22.8826099425
        4.6900058000         4.9000000000         2.2311537283         1.3880731441        23.3480212121
        4.6950053000         4.9000000000         2.2286014014         1.4773888552        23.2815338878
        4.7000066000         4.9000000000         2.2209444209         1.5692564437        23.0820719152
        4.7050060000         4.9000000000         2.2362583820         1.6585721547        23.4809958605
        4.7100067000         4.9000000000         2.2260490746         1.7427841109        23.2150465636
        4.7150065000         4.9000000000         2.2234967477         1.8269960670        23.1485592394
        4.7200046000         4.9000000000         2.2286014014         1.9188636556        23.2815338878
        4.7250067000         4.9000000000         2.2388107089         2.0107312441        23.5474831847
        4.7300048000         4.9000000000         2.2260490746         2.0923913228        23.2150465636
        4.7350058000         4.9000000000         2.2260490746         2.1893626662        23.2150465636
        4.7400057000         4.9000000000         2.2286014014         2.2710227449        23.2815338878
        4.7450059000         4.9000000000         2.2311537283         2.3654422109        23.3480212121
        4.7500076000         4.9000000000         2.2388107089         2.4649654318        23.5474831847
        4.7550129000         4.9000000000         2.2311537283         2.5466255105        23.3480212121
        4.7600103000         4.9000000000         2.2286014014         2.6282855892        23.2815338878
        4.7650068000         4.9000000000         2.2413630357         2.7354644424        23.6139705090
        4.7700040000         4.9000000000         2.2311537283         2.8094688888        23.3480212121
        4.7750076000         4.9000000000         2.2337060552         2.9038883547        23.4145085363
        4.7800070000         4.9000000000         2.2362583820         3.0008596982        23.4809958605
        4.7850077000         4.9000000000         2.2388107089         3.0876235318        23.5474831847
        4.7900101000         4.9000000000         2.2388107089         3.1794911203        23.5474831847
        4.7950065000         4.9000000000         2.2362583820         3.2637030765        23.4809958605
        4.8000053000         4.9000000000         2.2388107089         3.3632262974        23.5474831847
        4.8050125000         4.9000000000         2.2439153626         3.4474382535        23.6804578332
        4.8100064000         4.9000000000         2.2413630357         3.5418577195        23.6139705090
        4.8150088000         4.9000000000         2.2464676894         3.6286215531        23.7469451574
        4.8200067000         4.9000000000         2.2260490746         3.7128335092        23.2150465636
        4.8250076000         4.9000000000         2.2413630357         3.8123567301        23.6139705090
        4.8300042000         4.9000000000         2.2362583820         3.8914649314        23.4809958605
        4.8350069000         4.9000000000         2.2311537283         3.9884362748        23.3480212121
        4.8400113000         4.9000000000         2.2260490746         4.0752001084        23.2150465636
        4.8450056000         4.9000000000         2.2413630357         4.1619639420        23.6139705090
        4.8500077000         4.9000000000         2.2439153626         4.2640390404        23.6804578332
        4.8550104000         4.9000000000         2.2260490746         4.3431472416        23.2150465636
        4.8600064000         4.9000000000         2.2183920940         4.4375667076        23.0155845909
        4.8650132000         4.9000000000         2.2337060552         4.5294342961        23.4145085363
        4.8700111000         4.9000000000         2.2388107089         4.6238537621        23.5474831847
        4.8750075000         4.9000000000         2.2337060552         4.7208251056        23.4145085363
        4.8800052000         4.9000000000         2.2260490746         4.8126926941        23.2150465636
        4.8850064000         4.9000000000         2.2183920940         4.9020084051        23.0155845909
        4.8900052000         4.9000000000         2.2464676894         4.9989797486        23.7469451574
        4.8950065000         4.9000000000         2.2286014014         5.0091872584        23.2815338878
        4.9000084000         4.9000000000         2.2311537283         1.1099185011        23.3480212121
        4.9050058000         4.9000000000         2.2132874403         0.0024036839        22.8826099425
        4.9100122000         4.9000000000         2.2260490746         0.0534412330        23.2150465636
        4.9150154000         4.9000000000         2.2311537283         0.1478606990        23.3480212121
        4.9200149000         4.9000000000         2.2260490746         0.2499357974        23.2150465636
        4.9250108000         4.9000000000         2.2234967477         0.3392515084        23.1485592394
        4.9300067000         4.9000000000         2.2234967477         0.4285672195        23.1485592394
        4.9350078000         4.9000000000         2.2311537283         0.5229866855        23.3480212121
        4.9400047000         4.9000000000         2.2311537283         0.6097505191        23.3480212121
        4.9450054000         4.9000000000         2.2158397672         0.6990662302        22.9490972667
        4.9500064000         4.9000000000         2.2311537283         0.7934856961        23.3480212121
        4.9550051000         4.9000000000         2.2260490746         0.8802495297        23.2150465636
        4.9600063000         4.9000000000         2.2286014014         0.9695652408        23.2815338878
        4.9650040000         4.9000000000         2.2234967477         1.0588809519        23.1485592394
        4.9700040000         4.9000000000         2.2234967477         1.1481966629        23.1485592394
        4.9750036000         4.9000000000         2.2311537283         1.2400642515        23.3480212121
        4.9800052000         4.9000000000         2.2286014014         1.3217243302        23.2815338878
        4.9850048000         4.9000000000         2.2183920940         1.4059362863        23.0155845909
        4.9900133000         4.9000000000         2.2234967477         1.5003557523        23.1485592394
        4.9950080000         4.9000000000         2.2183920940         1.5845677084        23.0155845909
        5.0000152000         4.9000000000         2.2286014014         1.6789871744        23.2815338878
        5.0050066000         4.9000000000         2.2234967477         1.7657510080        23.1485592394
        5.0100131000         4.9000000000         2.2234967477         1.8423073318        23.1485592394
        5.0150109000         4.9000000000         2.2311537283         1.9392786752        23.3480212121
        5.0200048000         4.9000000000         2.2388107089         2.0311462638        23.5474831847
        5.0250033000         4.9000000000         2.2337060552         2.1281176072        23.4145085363
        5.0300165000         4.9000000000         2.2234967477         2.2097776859        23.1485592394
        5.0350028000         4.9000000000         2.2388107089         2.2965415195        23.5474831847
        5.0400132000         4.9000000000         2.2260490746         2.3960647404        23.2150465636
        5.0450077000         4.9000000000         2.2311537283         2.4802766965        23.3480212121
        5.0500049000         4.9000000000         2.2311537283         2.5670405302        23.3480212121
        5.0550036000         4.9000000000         2.1852118449         2.6512524863        22.1512493760
        5.0600062000         4.9000000000         2.2337060552         2.7456719523        23.4145085363
        5.0650036000         4.9000000000         2.2464676894         2.8426432957        23.7469451574
        5.0700049000         4.9000000000         2.2260490746         2.9243033744        23.2150465636
        5.0750054000         4.9000000000         2.2464676894         3.0212747179        23.7469451574
        5.0800088000         4.9000000000         2.2388107089         3.1054866740        23.5474831847
        5.0850096000         4.9000000000         2.2362583820         3.2024580174        23.4809958605
        5.0900062000         4.9000000000         2.2413630357         3.2841180961        23.6139705090
        5.0950100000         4.9000000000         2.2337060552         3.3785375621        23.4145085363
        5.1000068000         4.9000000000         2.2362583820         3.4678532732        23.4809958605
        5.1052831000         4.9000000000         2.2311537283         3.5648246166        23.3480212121
        5.1100063000         4.9000000000         2.2490200163         3.6541403277        23.8134324817
        5.1150126000         4.9000000000         2.2311537283         3.7383522838        23.3480212121
        5.1200053000         4.9000000000         2.2311537283         3.8276679949        23.3480212121
        5.1250030000         4.9000000000         2.2541246700         3.9220874609        23.9464071301
        5.1300038000         4.9000000000         2.2234967477         4.0037475396        23.1485592394
        5.1350059000         4.9000000000         2.2234967477         4.0956151281        23.1485592394
        5.1400124000         4.9000000000         2.2439153626         4.1951383490        23.6804578332
        5.1451401000         4.9000000000         2.2311537283         4.2767984277        23.3480212121
        5.1500080000         4.9000000000         2.2362583820         4.3712178937        23.4809958605
        5.1550114000         4.9000000000         2.2337060552         4.4605336047        23.4145085363
        5.1600108000         4.9000000000         2.2234967477         4.5524011933        23.1485592394
        5.1650127000         4.9000000000         2.2311537283         4.6391650269        23.3480212121
        5.1700057000         4.9000000000         2.2286014014         4.7335844928        23.2815338878
        5.1750659000         4.9000000000         2.2286014014         4.8331077137        23.2815338878
        5.1800052000         4.9000000000         2.2234967477         4.9300790572        23.1485592394
        5.1850111000         4.9000000000         2.2260490746         4.9989797486        23.2150465636
        5.1900072000         4.9000000000         2.2311537283         5.0091872584        23.3480212121
        5.1950047000         4.9000000000         2.2337060552         0.0049555613        23.4145085363
        5.2000057000         4.9000000000         2.2183920940        -0.0052519485        23.0155845909
        5.2050075000         4.9000000000         2.2183920940         0.0687524978        23.0155845909
        5.2100049000         4.9000000000         2.2286014014         0.1682757187        23.2815338878
        5.2150139000         4.9000000000         2.2260490746         0.2601433072        23.2150465636
        5.2200121000         4.9000000000         2.2183920940         0.3494590183        23.0155845909
        5.2250073000         4.9000000000         2.2260490746         0.4438784843        23.2150465636
        5.2300092000         4.9000000000         2.2209444209         0.5382979502        23.0820719152
        5.2350069000         4.9000000000         2.2183920940         0.6174061515        23.0155845909
        5.2400068000         4.9000000000         2.2260490746         0.7194812498        23.2150465636
        5.2450039000         4.9000000000         2.2337060552         0.8087969609        23.4145085363
        5.2500131000         4.9000000000         2.2209444209         0.8955607945        23.0820719152
        5.2550063000         4.9000000000         2.2311537283         0.9899802605        23.3480212121
        5.2600064000         4.9000000000         2.2362583820         1.0792959716        23.4809958605
        5.2650071000         4.9000000000         2.2183920940         1.1558522953        23.0155845909
        5.2700048000         4.9000000000         2.2209444209         1.2528236388        23.0820719152
        5.2750061000         4.9000000000         2.2337060552         1.3395874724        23.4145085363
        5.2800042000         4.9000000000         2.2311537283         1.4365588158        23.3480212121
        5.2850051000         4.9000000000         2.2209444209         1.5207707720        23.0820719152
        5.2900039000         4.9000000000         2.2286014014         1.6075346056        23.2815338878
        5.2950089000         4.9000000000         2.2286014014         1.6917465617        23.2815338878
        5.3000031000         4.9000000000         2.1903164986         1.7759585179        22.2842240244
        5.3050049000         4.9000000000         2.2234967477         1.8678261064        23.1485592394
        5.3100059000         4.9000000000         2.2311537283         1.9622455724        23.3480212121
        5.3150035000         4.9000000000         2.2311537283         2.0515612834        23.3480212121
        5.3200038000         4.9000000000         2.2362583820         2.1332213621        23.4809958605
        5.3250053000         4.9000000000         2.2234967477         2.2276408281        23.1485592394
        5.3300092000         4.9000000000         2.2311537283         2.3220602941        23.3480212121
        5.3350071000         4.9000000000         2.2260490746         2.4037203728        23.2150465636
        5.3400054000         4.9000000000         2.2337060552         2.4930360838        23.4145085363
        5.3450071000         4.9000000000         2.2234967477         2.5797999174        23.1485592394
        5.3500062000         4.9000000000         2.2260490746         2.6665637511        23.2150465636
        5.3550051000         4.9000000000         2.2311537283         2.7609832170        23.3480212121
        5.3600028000         4.9000000000         2.2260490746         2.8502989281        23.2150465636
        5.3650034000         4.9000000000         2.2439153626         2.9498221490        23.6804578332
        5.3700557000         4.9000000000         2.2311537283         3.0340341051        23.3480212121
        5.3750054000         4.9000000000         2.2311537283         3.1310054486        23.3480212121
        5.3800041000         4.9000000000         2.2439153626         3.2203211597        23.6804578332
        5.3850042000         4.9000000000         2.2464676894         3.3096368707        23.7469451574
        5.3900066000         4.9000000000         2.2132874403         3.3861931945        22.8826099425
        5.3950025000         4.9000000000         2.2413630357         3.4831645379        23.6139705090
        5.4000044000         4.9000000000         2.2311537283         3.5750321265        23.3480212121
        5.4050031000         4.9000000000         2.2439153626         3.6694515924        23.6804578332
        5.4100053000         4.9000000000         2.2260490746         3.7485597937        23.2150465636
        5.4150054000         4.9000000000         2.2286014014         3.8404273822        23.2815338878
        5.4200056000         4.9000000000         2.2234967477         3.9246393383        23.1485592394
        5.4250044000         4.9000000000         2.2388107089         4.0292663142        23.5474831847
        5.4300345000         4.9000000000         2.2005258060         4.1160301478        22.5501733213
        5.4350054000         4.9000000000         2.2337060552         4.2002421039        23.4145085363
        5.4400062000         4.9000000000         2.2234967477         4.2844540601        23.1485592394
        5.4450062000         4.9000000000         2.2107351134         4.3814254035        22.8161226183
        5.4500063000         4.9000000000         2.2286014014         4.4732929920        23.2815338878
        5.4550067000         4.9000000000         2.2209444209         4.5575049482        23.0820719152
        5.4600087000         4.9000000000         2.2234967477         4.6595800465        23.1485592394
        5.4650043000         4.9000000000         2.2311537283         4.7514476351        23.3480212121
        5.4700116000         4.9000000000         2.2234967477         4.8382114687        23.1485592394
        5.4750105000         4.9000000000         2.2439153626         4.9453903219        23.6804578332
        5.4800073000         4.9000000000         2.2234967477         5.0066353810        23.1485592394
        5.4850075000         4.9000000000         2.2311537283         4.9989797486        23.3480212121
        5.4900147000         4.9000000000         2.2260490746        -0.0027000711        23.2150465636
        5.4950079000         4.9000000000         2.2311537283         0.0075074388        23.3480212121
        5.5000062000         4.9000000000         2.2311537283         0.0840637625        23.3480212121
        5.5050076000         4.9000000000         2.2260490746         0.1759313511        23.2150465636
        5.5100150000         4.9000000000         2.2234967477         0.2805583269        23.1485592394
        5.5150052000         4.9000000000         2.2362583820         0.3724259154        23.4809958605
        5.5200110000         4.9000000000         2.2183920940         0.4591897490        23.0155845909
        5.5250065000         4.9000000000         2.2132874403         0.5459535826        22.8826099425
        5.5300065000         4.9000000000         2.2311537283         0.6352692937        23.3480212121
        5.5350100000         4.9000000000         2.2337060552         0.7322406371        23.4145085363
        5.5400151000         4.9000000000         2.2183920940         0.8113488384        23.0155845909
        5.5450065000         4.9000000000         2.2209444209         0.9006645494        23.0820719152
        5.5500060000         4.9000000000         2.2234967477         1.0001877703        23.1485592394
        5.5550038000         4.9000000000         2.2286014014         1.0818478490        23.2815338878
        5.5600061000         4.9000000000         2.2234967477         1.1762673150        23.1485592394
        5.5650067000         4.9000000000         2.2132874403         1.2604792711        22.8826099425
        5.5700149000         4.9000000000         2.2413630357         1.3548987371        23.6139705090
        5.5750114000         4.9000000000         2.2362583820         1.4493182031        23.4809958605
        5.5800137000         4.9000000000         2.2209444209         1.5258745269        23.0820719152
        5.5850152000         4.9000000000         2.2260490746         1.6151902379        23.2150465636
        5.5900080000         4.9000000000         2.2209444209         1.7045059490        23.0820719152
        5.5950062000         4.9000000000         2.2286014014         1.7912697826        23.2815338878
        5.6000055000         4.9000000000         2.2439153626         1.8856892486        23.6804578332
        5.6050133000         4.9000000000         2.2209444209         1.9673493273        23.0820719152
        5.6100063000         4.9000000000         2.2362583820         2.0643206707        23.4809958605
        5.6150074000         4.9000000000         2.2337060552         2.1536363818        23.4145085363
        5.6200059000         4.9000000000         2.2337060552         2.2404002154        23.4145085363
        5.6250067000         4.9000000000         2.2234967477         2.3322678039        23.1485592394
        5.6300087000         4.9000000000         2.2388107089         2.4292391474        23.5474831847
        5.6350068000         4.9000000000         2.2388107089         2.5160029810        23.5474831847
        5.6400083000         4.9000000000         2.2286014014         2.5925593047        23.2815338878
        5.6450046000         4.9000000000         2.2286014014         2.6844268933        23.2815338878
        5.6500067000         4.9000000000         2.2234967477         2.7813982367        23.1485592394
        5.6550078000         4.9000000000         2.2286014014         2.8681620703        23.2815338878
        5.6600056000         4.9000000000         2.2490200163         2.9651334138        23.8134324817
        5.6650045000         4.9000000000         2.2362583820         3.0467934924        23.4809958605
        5.6700048000         4.9000000000         2.2311537283         3.1361092035        23.3480212121
        5.6750062000         4.9000000000         2.2439153626         3.2407361793        23.6804578332
        5.6800057000         4.9000000000         2.2362583820         3.3172925031        23.4809958605
        5.6850066000         4.9000000000         2.2337060552         3.4015044592        23.4145085363
        5.6900062000         4.9000000000         2.2490200163         3.5061314351        23.8134324817
        5.6950063000         4.9000000000         2.2234967477         3.5877915138        23.1485592394
        5.7000048000         4.9000000000         2.2388107089         3.6796591023        23.5474831847
        5.7050062000         4.9000000000         2.2388107089         3.7689748133        23.5474831847
        5.7100051000         4.9000000000         2.2260490746         3.8633942793        23.2150465636
        5.7150056000         4.9000000000         2.2413630357         3.9578137453        23.6139705090
        5.7200049000         4.9000000000         2.2234967477         4.0343700691        23.1485592394
        5.7250067000         4.9000000000         2.2362583820         4.1287895351        23.4809958605
        5.7300042000         4.9000000000         2.2439153626         4.2181052461        23.6804578332
        5.7350074000         4.9000000000         2.2337060552         4.3099728347        23.4145085363
        5.7400072000         4.9000000000         2.2337060552         4.4120479330        23.4145085363
        5.7450091000         4.9000000000         2.2311537283         4.4860523793        23.3480212121
        5.7500052000         4.9000000000         2.2234967477         4.5830237228        23.1485592394
        5.7550060000         4.9000000000         2.2234967477         4.6748913113        23.1485592394
        5.7600040000         4.9000000000         2.2337060552         4.7795182871        23.4145085363
        5.7650030000         4.9000000000         2.2234967477         4.8662821207        23.1485592394
        5.7700048000         4.9000000000         2.2413630357         4.9709090965        23.6139705090
        5.7750052000         4.9000000000         2.2337060552         5.0040835035        23.4145085363
        5.7800053000         4.9000000000         2.2209444209         1.1048147461        23.0820719152
        5.7850046000         4.9000000000         2.2286014014         0.0024036839        23.2815338878
        5.7900064000         4.9000000000         2.2337060552         0.0253705810        23.4145085363
        5.7950050000         4.9000000000         2.2183920940         0.1044787822        23.0155845909
        5.8006876000         4.9000000000         2.2234967477         0.2116576355        23.1485592394
        5.8050047000         4.9000000000         2.2260490746         0.2933177142        23.2150465636
        5.8100032000         4.9000000000         2.2362583820         0.3928409351        23.4809958605
        5.8150048000         4.9000000000         2.2107351134         0.4693972588        22.8161226183
        5.8200036000         4.9000000000         2.2209444209         0.5638167248        23.0820719152
        5.8250060000         4.9000000000         2.2311537283         0.6633399457        23.3480212121
        5.8300052000         4.9000000000         2.2311537283         0.7475519019        23.3480212121
        5.8350103000         4.9000000000         2.2209444209         0.8394194904        23.0820719152
        5.8400053000         4.9000000000         2.2286014014         0.9363908338        23.2815338878
        5.8450081000         4.9000000000         2.2209444209         1.0206027900        23.0820719152
        5.8500070000         4.9000000000         2.2388107089         1.1175741334        23.5474831847
        5.8550074000         4.9000000000         2.2286014014         1.1966823347        23.2815338878
        5.8600078000         4.9000000000         2.2158397672         1.2808942908        22.9490972667
        5.8650059000         4.9000000000         2.2209444209         1.3651062470        23.0820719152
        5.8700080000         4.9000000000         2.2286014014         1.4620775904        23.2815338878
        5.8750060000         4.9000000000         2.2286014014         1.5539451789        23.2815338878
        5.8800077000         4.9000000000         2.2183920940         1.6330533802        23.0155845909
        5.8850044000         4.9000000000         2.2209444209         1.7274728461        23.0820719152
        5.8900062000         4.9000000000         2.2388107089         1.8193404347        23.5474831847
        5.8950061000         4.9000000000         2.2183920940         1.8984486359        23.0155845909
        5.9000067000         4.9000000000         2.2311537283         1.9903162244        23.3480212121
        5.9050064000         4.9000000000         2.2388107089         2.0847356904        23.5474831847
        5.9100069000         4.9000000000         2.2107351134         2.1612920142        22.8161226183
        5.9150062000         4.9000000000         2.2337060552         2.2608152351        23.4145085363
        5.9200053000         4.9000000000         2.2337060552         2.3424753138        23.4145085363
        5.9250036000         4.9000000000         2.2234967477         2.4445504121        23.1485592394
        5.9300047000         4.9000000000         2.2311537283         2.5185548584        23.3480212121
        5.9350065000         4.9000000000         2.2260490746         2.6155262019        23.2150465636
        5.9400051000         4.9000000000         2.2260490746         2.7099456679        23.2150465636
        5.9450035000         4.9000000000         2.2439153626         2.8018132564        23.6804578332
        5.9500050000         4.9000000000         2.2286014014         2.8834733351        23.2815338878
        5.9550047000         4.9000000000         2.2388107089         2.9855484334        23.5474831847
        5.9600101000         4.9000000000         2.2439153626         3.0697603896        23.6804578332
        5.9650083000         4.9000000000         2.2413630357         3.1616279781        23.6139705090
        5.9700060000         4.9000000000         2.2337060552         3.2458399342        23.4145085363
        5.9750067000         4.9000000000         2.2311537283         3.3428112777        23.3480212121
        5.9800048000         4.9000000000         2.2490200163         3.4346788662        23.8134324817
        5.9850053000         4.9000000000         2.2234967477         3.5188908224        23.1485592394
        5.9900104000         4.9000000000         2.2234967477         3.6056546560        23.1485592394
        5.9950084000         4.9000000000         2.2311537283         3.6975222445        23.3480212121
        6.0000097000         4.9000000000         2.2286014014         3.7868379556        23.2815338878
        6.0050032000         4.9000000000         2.2464676894         3.8812574215        23.7469451574
        6.0100052000         4.9000000000         2.2260490746         3.9603656228        23.2150465636
        6.0150029000         4.9000000000         2.2234967477         4.0573369662        23.1485592394
        6.0200049000         4.9000000000         2.2362583820         4.1441007998        23.4809958605
        6.0250041000         4.9000000000         2.2388107089         4.2334165109        23.5474831847
        6.0300048000         4.9000000000         2.2311537283         4.3354916092        23.3480212121
        6.0350030000         4.9000000000         2.2260490746         4.4120479330        23.2150465636
        6.0400052000         4.9000000000         2.2388107089         4.5166749088        23.5474831847
        6.0450050000         4.9000000000         2.2464676894         4.6085424974        23.7469451574
        6.0500046000         4.9000000000         2.2056304597         4.6927544535        22.6831479698
        6.0550057000         4.9000000000         2.2388107089         4.7948295519        23.5474831847
        6.0600037000         4.9000000000         2.2286014014         4.8892490178        23.2815338878
        6.0650743000         4.9000000000         2.2388107089         4.9811166064        23.5474831847
        6.0700060000         4.9000000000         2.2362583820         5.0117391359        23.4809958605
        6.0750061000         4.9000000000         2.2209444209         1.1048147461        23.0820719152
        6.0800049000         4.9000000000         2.2234967477         0.0024036839        23.1485592394
        6.0850044000         4.9000000000         2.2286014014         0.0330262134        23.2815338878
        6.0900047000         4.9000000000         2.2183920940         0.1197900470        23.0155845909
        6.0950032000         4.9000000000         2.2158397672         0.2167613904        22.9490972667
        6.1000047000         4.9000000000         2.2286014014         0.3086289789        23.2815338878
        6.1050045000         4.9000000000         2.2311537283         0.4004965675        23.3480212121
        6.1100059000         4.9000000000         2.2158397672         0.4872604011        22.9490972667
        6.1150047000         4.9000000000         2.2132874403         0.5765761121        22.8826099425
        6.1200045000         4.9000000000         2.2234967477         0.6709955781        23.1485592394
        6.1250025000         4.9000000000         2.2234967477         0.7679669216        23.1485592394
        6.1300088000         4.9000000000         2.2439153626         0.8623863875        23.6804578332
        6.1350148000         4.9000000000         2.2234967477         0.9440464662        23.1485592394
        6.1400054000         4.9000000000         2.2158397672         1.0257065449        22.9490972667
        6.1450072000         4.9000000000         2.2311537283         1.1252297658        23.3480212121
        6.1500054000         4.9000000000         2.2311537283         1.2119935994        23.3480212121
        6.1550032000         4.9000000000         2.2158397672         1.2936536781        22.9490972667
        6.1600028000         4.9000000000         2.2260490746         1.3880731441        23.2150465636
        6.1650045000         4.9000000000         2.2234967477         1.4850444875        23.1485592394
        6.1700033000         4.9000000000         2.2362583820         1.5692564437        23.4809958605
        6.1750014000         4.9000000000         2.2311537283         1.6611240322        23.3480212121
        6.1800037000         4.9000000000         2.2286014014         1.7351284785        23.2815338878
        6.1850040000         4.9000000000         2.2209444209         1.8244441896        23.0820719152
        6.1900032000         4.9000000000         2.2234967477         1.9137599006        23.1485592394
        6.1950047000         4.9000000000         2.2464676894         2.0081793666        23.7469451574
        6.2000044000         4.9000000000         2.2413630357         2.1051507101        23.6139705090
        6.2050018000         4.9000000000         2.2234967477         2.1868107888        23.1485592394
        6.2100054000         4.9000000000         2.2439153626         2.2812302547        23.6804578332
        6.2150064000         4.9000000000         2.2388107089         2.3730978433        23.5474831847
        6.2200045000         4.9000000000         2.2286014014         2.4573097994        23.2815338878
        6.2250049000         4.9000000000         2.2413630357         2.5415217556        23.6139705090
        6.2300054000         4.9000000000         2.2337060552         2.6410449765        23.4145085363
        6.2350054000         4.9000000000         2.2413630357         2.7252569326        23.6139705090
        6.2400028000         4.9000000000         2.2337060552         2.8171245211        23.4145085363
        6.2450058000         4.9000000000         2.2260490746         2.9089921097        23.2150465636
        6.2500040000         4.9000000000         2.2337060552         2.9957559433        23.4145085363
        6.2550056000         4.9000000000         2.2464676894         3.0850716543        23.7469451574
        6.2600465000         4.9000000000         2.2286014014         3.1769392429        23.2815338878
        6.2650049000         4.9000000000         2.2413630357         3.2713587088        23.6139705090
        6.2700039000         4.9000000000         2.2311537283         3.3581225424        23.3480212121
        6.2750049000         4.9000000000         2.2337060552         3.4474382535        23.4145085363
        6.2800061000         4.9000000000         2.2388107089         3.5418577195        23.5474831847
        6.2851162000         4.9000000000         2.2464676894         3.6337253080        23.7469451574
        6.2900034000         4.9000000000         2.2234967477         3.7102816318        23.1485592394
        6.2950067000         4.9000000000         2.2388107089         3.8123567301        23.5474831847
        6.3000111000         4.9000000000         2.2337060552         3.8940168088        23.4145085363
        6.3050098000         4.9000000000         2.2362583820         3.9935400297        23.4809958605
        6.3100076000         4.9000000000         2.2183920940         4.0700963535        23.0155845909
        6.3150034000         4.9000000000         2.2388107089         4.1645158195        23.5474831847
        6.3200046000         4.9000000000         2.2337060552         4.2563834080        23.4145085363
        6.3250485000         4.9000000000         2.2439153626         4.3508028740        23.6804578332
        6.3300044000         4.9000000000         2.2311537283         4.4401185851        23.3480212121
        6.3350049000         4.9000000000         2.2362583820         4.5319861736        23.4809958605
        6.3400048000         4.9000000000         2.2413630357         4.6289575170        23.6139705090
        6.3450042000         4.9000000000         2.2388107089         4.7208251056        23.5474831847
        6.3500048000         4.9000000000         2.2388107089         4.8152445715        23.5474831847
        6.3550048000         4.9000000000         2.2286014014         4.9020084051        23.2815338878
        6.3600038000         4.9000000000         2.2337060552         4.9964278711        23.4145085363
        6.3650050000         4.9000000000         2.2362583820         5.0142910133        23.4809958605
        6.3700018000         4.9000000000         2.2362583820         1.1175741334        23.4809958605
        6.3750046000         4.9000000000         2.2209444209        -0.0052519485        23.0820719152
        6.3800024000         4.9000000000         2.2286014014         0.0508893556        23.2815338878
        6.3850047000         4.9000000000         2.2388107089         0.1555163314        23.5474831847
        6.3900055000         4.9000000000         2.2286014014         0.2397282875        23.2815338878
        6.3951375000         4.9000000000         2.2158397672         0.3315958761        22.9490972667
        6.4000032000         4.9000000000         2.2183920940         0.4158078322        23.0155845909
        6.4050350000         4.9000000000         2.2183920940         0.5076754207        23.0155845909
        6.4100041000         4.9000000000         2.2337060552         0.6046467642        23.4145085363
        6.4150039000         4.9000000000         2.2234967477         0.6990662302        23.1485592394
        6.4200054000         4.9000000000         2.2234967477         0.7858300638        23.1485592394
        6.4250042000         4.9000000000         2.2362583820         0.8853532847        23.4809958605
        6.4300039000         4.9000000000         2.2234967477         0.9670133634        23.1485592394
        6.4350054000         4.9000000000         2.2234967477         1.0588809519        23.1485592394
        6.4400048000         4.9000000000         2.2209444209         1.1405410306        23.0820719152
        6.4450053000         4.9000000000         2.2132874403         1.2324086191        22.8826099425
        6.4500028000         4.9000000000         2.2311537283         1.3217243302        23.3480212121
        6.4550024000         4.9000000000         2.2234967477         1.4084881638        23.1485592394
        6.4600016000         4.9000000000         2.2209444209         1.4978038748        23.0820719152
        6.4650046000         4.9000000000         2.2209444209         1.5845677084        23.0820719152
        6.4700043000         4.9000000000         2.2388107089         1.6789871744        23.5474831847
        6.4750041000         4.9000000000         2.2388107089         1.7708547629        23.5474831847
        6.4800038000         4.9000000000         2.2234967477         1.8423073318        23.1485592394
        6.4850048000         4.9000000000         2.2234967477         1.9341749203        23.1485592394
        6.4900038000         4.9000000000         2.2337060552         2.0234906314        23.4145085363
        6.4950039000         4.9000000000         2.2337060552         2.1153582199        23.4145085363
        6.5000047000         4.9000000000         2.2286014014         2.2097776859        23.2815338878
        6.5050047000         4.9000000000         2.2362583820         2.2965415195        23.4809958605
        6.5100049000         4.9000000000         2.2286014014         2.3833053531        23.2815338878
        6.5150082000         4.9000000000         2.2464676894         2.4853804515        23.7469451574
        6.5200054000         4.9000000000         2.2311537283         2.5670405302        23.3480212121
        6.5251364000         4.9000000000         2.2234967477         2.6589081187        23.1485592394
        6.5300048000         4.9000000000         2.2439153626         2.7533275847        23.6804578332
        6.5350055000         4.9000000000         2.2439153626         2.8349876633        23.6804578332
        6.5400048000         4.9000000000         2.2234967477         2.9243033744        23.1485592394
        6.5450047000         4.9000000000         2.2362583820         3.0161709629        23.4809958605
        6.5500049000         4.9000000000         2.2362583820         3.1131423064        23.4809958605
        6.5550048000         4.9000000000         2.2311537283         3.1922505076        23.3480212121
        6.5600049000         4.9000000000         2.2566769969         3.2943256060        24.0128944543
        6.5650051000         4.9000000000         2.2183920940         3.3708819297        23.0155845909
        6.5700049000         4.9000000000         2.2362583820         3.4627495183        23.4809958605
        6.5750030000         4.9000000000         2.2388107089         3.5571689842        23.5474831847
        6.5800028000         4.9000000000         2.2337060552         3.6464846953        23.4145085363
        6.5850112000         4.9000000000         2.2286014014         3.7358004064        23.2815338878
        6.5900037000         4.9000000000         2.2337060552         3.8327717498        23.4145085363
        6.5950034000         4.9000000000         2.2286014014         3.9067761961        23.2815338878
        6.6000041000         4.9000000000         2.2311537283         4.0011956621        23.3480212121
        6.6050046000         4.9000000000         2.2362583820         4.1007188830        23.4809958605
        6.6100046000         4.9000000000         2.2311537283         4.1798270842        23.3480212121
        6.6150065000         4.9000000000         2.2388107089         4.2819021826        23.5474831847
        6.6200068000         4.9000000000         2.2388107089         4.3635622613        23.5474831847
        6.6250065000         4.9000000000         2.2286014014         4.4528779724        23.2815338878
        6.6300070000         4.9000000000         2.2260490746         4.5524011933        23.2150465636
        6.6350070000         4.9000000000         2.2234967477         4.6417169043        23.1485592394
        6.6400079000         4.9000000000         2.2286014014         4.7310326154        23.2815338878
        6.6450054000         4.9000000000         2.2337060552         4.8331077137        23.4145085363
        6.6500020000         4.9000000000         2.2234967477         4.9173196699        23.1485592394
        6.6550064000         4.9000000000         2.2260490746         5.0066353810        23.2150465636
        6.6600040000         4.9000000000         2.2362583820         5.0091872584        23.4809958605
        6.6650036000         4.9000000000         2.2362583820         0.0024036839        23.4809958605
        6.6700054000         4.9000000000         2.2260490746        -0.0027000711        23.2150465636
        6.6750063000         4.9000000000         2.2209444209         0.0713043752        23.0820719152
        6.6800057000         4.9000000000         2.2337060552         0.1631719638        23.4145085363
        6.6850048000         4.9000000000         2.2311537283         0.2626951847        23.3480212121
        6.6900047000         4.9000000000         2.2260490746         0.3494590183        23.2150465636
        6.6950049000         4.9000000000         2.2234967477         0.4413266068        23.1485592394
        6.7000036000         4.9000000000         2.2311537283         0.5357460728        23.3480212121
        6.7050064000         4.9000000000         2.2286014014         0.6225099064        23.2815338878
        6.7100065000         4.9000000000         2.2260490746         0.7092737400        23.2150465636
        6.7150061000         4.9000000000         2.2311537283         0.8011413285        23.3480212121
        6.7200052000         4.9000000000         2.2286014014         0.8904570396        23.2815338878
        6.7250051000         4.9000000000         2.2183920940         0.9746689957        23.0155845909
        6.7300038000         4.9000000000         2.2388107089         1.0818478490        23.5474831847
        6.7350050000         4.9000000000         2.2286014014         1.1711635601        23.2815338878
        6.7400048000         4.9000000000         2.2183920940         1.2451680064        23.0155845909
        6.7450051000         4.9000000000         2.2337060552         1.3421393498        23.4145085363
        6.7500050000         4.9000000000         2.2311537283         1.4289031834        23.3480212121
        6.7550057000         4.9000000000         2.2260490746         1.5207707720        23.2150465636
        6.7601153000         4.9000000000         2.2311537283         1.6075346056        23.3480212121
        6.7650069000         4.9000000000         2.2311537283         1.6968503166        23.3480212121
        6.7700050000         4.9000000000         2.2337060552         1.7785103953        23.4145085363
        6.7750057000         4.9000000000         2.2311537283         1.8601704740        23.3480212121
        6.7800048000         4.9000000000         2.2260490746         1.9596936949        23.2150465636
        6.7850036000         4.9000000000         2.2311537283         2.0388018961        23.3480212121
        6.7900057000         4.9000000000         2.2362583820         2.1281176072        23.4809958605
        6.7950030000         4.9000000000         2.2286014014         2.2276408281        23.2815338878
        6.8000048000         4.9000000000         2.2260490746         2.3220602941        23.2150465636
        6.8050039000         4.9000000000         2.2260490746         2.3986166179        23.2150465636
        6.8100039000         4.9000000000         2.2337060552         2.4930360838        23.4145085363
        6.8150034000         4.9000000000         2.2388107089         2.5849036724        23.5474831847
        6.8200052000         4.9000000000         2.2260490746         2.6793231383        23.2150465636
        6.8250052000         4.9000000000         2.2337060552         2.7737426043        23.4145085363
        6.8300030000         4.9000000000         2.2286014014         2.8579545605        23.2815338878
        6.8350073000         4.9000000000         2.2464676894         2.9447183941        23.7469451574
        6.8400055000         4.9000000000         2.2311537283         3.0365859826        23.3480212121
        6.8450036000         4.9000000000         2.2362583820         3.1310054486        23.4809958605
        6.8500047000         4.9000000000         2.2388107089         3.2152174047        23.5474831847
        6.8550089000         4.9000000000         2.2081827866         3.3045331158        22.7496352940
        6.8600047000         4.9000000000         2.2311537283         3.4015044592        23.3480212121
        6.8650049000         4.9000000000         2.2337060552         3.4857164154        23.4145085363
        6.8700048000         4.9000000000         2.1979734792         3.5775840039        22.4836859971
        6.8750052000         4.9000000000         2.2362583820         3.6668997150        23.4809958605
        6.8800072000         4.9000000000         2.2413630357         3.7638710584        23.6139705090
        6.8850051000         4.9000000000         2.2413630357         3.8531867695        23.6139705090
        6.8900064000         4.9000000000         2.2260490746         3.9297430933        23.2150465636
        6.8950053000         4.9000000000         2.2311537283         4.0190588043        23.3480212121
        6.9000048000         4.9000000000         2.2490200163         4.1211339027        23.8134324817
        6.9050060000         4.9000000000         2.2337060552         4.2027939814        23.4145085363
        6.9100060000         4.9000000000         2.2413630357         4.3023172023        23.6139705090
        6.9150051000         4.9000000000         2.2337060552         4.3865291584        23.4145085363
        6.9200065000         4.9000000000         2.2362583820         4.4783967469        23.4809958605
        6.9250081000         4.9000000000         2.2234967477         4.5677124580        23.1485592394
        6.9300070000         4.9000000000         2.2337060552         4.6672356789        23.4145085363
        6.9350063000         4.9000000000         2.2260490746         4.7591032674        23.2150465636
        6.9400137000         4.9000000000         2.2388107089         4.8484189785        23.5474831847
        6.9450123000         4.9000000000         2.2337060552         4.9453903219        23.4145085363
        6.9500073000         4.9000000000         2.2362583820         5.0142910133        23.4809958605
        6.9550047000         4.9000000000         2.2005258060         4.9887722387        22.5501733213
        6.9600070000         4.9000000000         2.2413630357         0.0024036839        23.6139705090
        6.9650070000         4.9000000000         2.2286014014         0.0100593162        23.2815338878
        6.9700063000         4.9000000000         2.2337060552         0.0968231498        23.4145085363
        6.9750069000         4.9000000000         2.2311537283         0.1886907384        23.3480212121
        6.9800127000         4.9000000000         2.2234967477         0.2831102043        23.1485592394
        6.9850082000         4.9000000000         2.2260490746         0.3698740379        23.2150465636
        6.9900102000         4.9000000000         2.2286014014         0.4668453814        23.2815338878
        6.9950065000         4.9000000000         2.2234967477         0.5587129699        23.1485592394
        7.0000071000         4.9000000000         2.2311537283         0.6429249261        23.3480212121
        7.0050063000         4.9000000000         2.2234967477         0.7424481470        23.1485592394
        7.0100094000         4.9000000000         2.2209444209         0.8317638580        23.0820719152
        7.0150070000         4.9000000000         2.2183920940         0.9134239367        23.0155845909
        7.0200137000         4.9000000000         2.2234967477         1.0129471576        23.1485592394
        7.0250070000         4.9000000000         2.2286014014         1.1022628687        23.2815338878
        7.0300081000         4.9000000000         2.2234967477         1.1890267023        23.1485592394
        7.0350074000         4.9000000000         2.2311537283         1.2757905359        23.3480212121
        7.0400069000         4.9000000000         2.2234967477         1.3651062470        23.1485592394
        7.0450074000         4.9000000000         2.2234967477         1.4493182031        23.1485592394
        7.0500058000         4.9000000000         2.2286014014         1.5360820367        23.2815338878
        7.0550068000         4.9000000000         2.2311537283         1.6381571351        23.3480212121
        7.0600061000         4.9000000000         2.2158397672         1.7096097039        22.9490972667
        7.0650053000         4.9000000000         2.2515723431         1.8116848023        23.8799198059
        7.0700060000         4.9000000000         2.2362583820         1.9035523908        23.4809958605
        7.0750038000         4.9000000000         2.2286014014         1.9852124695        23.2815338878
        7.0800100000         4.9000000000         2.2030781329         2.0796319355        22.6166606456
        7.0850060000         4.9000000000         2.2286014014         2.1638438916        23.2815338878
        7.0900107000         4.9000000000         2.2337060552         2.2557114802        23.4145085363
        7.0950759000         4.9000000000         2.2388107089         2.3501309461        23.5474831847
        7.1000148000         4.9000000000         2.2209444209         2.4419985347        23.0820719152
        7.1050069000         4.9000000000         2.2337060552         2.5262104908        23.4145085363
        7.1100043000         4.9000000000         2.2388107089         2.6155262019        23.5474831847
        7.1150062000         4.9000000000         2.2311537283         2.6971862806        23.3480212121
        7.1200061000         4.9000000000         2.2362583820         2.7916057465        23.4809958605
        7.1250131000         4.9000000000         2.2388107089         2.8911289674        23.5474831847
        7.1300074000         4.9000000000         2.2413630357         2.9804446785        23.6139705090
        7.1350072000         4.9000000000         2.2388107089         3.0646566347        23.5474831847
        7.1400083000         4.9000000000         2.2234967477         3.1488685908        23.1485592394
        7.1450059000         4.9000000000         2.2286014014         3.2381843019        23.2815338878
        7.1500087000         4.9000000000         2.2388107089         3.3428112777        23.5474831847
        7.1550149000         4.9000000000         2.2413630357         3.4244713564        23.6139705090
        7.1600106000         4.9000000000         2.2337060552         3.5137870674        23.4145085363
        7.1650142000         4.9000000000         2.2388107089         3.6082065334        23.5474831847
        7.1700095000         4.9000000000         2.2439153626         3.6975222445        23.6804578332
        7.1750091000         4.9000000000         2.2311537283         3.7791823232        23.3480212121
        7.1800128000         4.9000000000         2.2413630357         3.8812574215        23.6139705090
        7.1850128000         4.9000000000         2.2337060552         3.9629175002        23.4145085363
        7.1900078000         4.9000000000         2.2362583820         4.0522332113        23.4809958605
        7.1950045000         4.9000000000         2.2337060552         4.1338932900        23.4145085363
        7.2000037000         4.9000000000         2.2388107089         4.2359683883        23.5474831847
        7.2050102000         4.9000000000         2.2311537283         4.3227322219        23.3480212121
        7.2100047000         4.9000000000         2.1877641717         4.4069441781        22.2177367002
        7.2150066000         4.9000000000         2.2362583820         4.5064673990        23.4809958605
        7.2200040000         4.9000000000         2.2439153626         4.6059906199        23.6804578332
        7.2250060000         4.9000000000         2.2362583820         4.6978582084        23.4809958605
        7.2300075000         4.9000000000         2.2209444209         4.7820701646        23.0820719152
        7.2350068000         4.9000000000         2.2209444209         4.8713858756        23.0820719152
        7.2400066000         4.9000000000         2.2413630357         4.9760128515        23.6139705090
        7.2450066000         4.9000000000         2.2234967477         5.0142910133        23.1485592394
        7.2500037000         4.9000000000         2.2337060552         1.1150222560        23.4145085363
        7.2550042000         4.9000000000         2.2234967477        -0.0001481936        23.1485592394
        7.2600050000         4.9000000000         2.2260490746         0.0304743359        23.2150465636
        7.2650049000         4.9000000000         2.2311537283         0.1172381695        23.3480212121
        7.2700057000         4.9000000000         2.2158397672         0.2040020031        22.9490972667
        7.2750046000         4.9000000000         2.2286014014         0.3111808564        23.2815338878
        7.2800028000         4.9000000000         2.2337060552         0.3979446900        23.4145085363
        7.2850050000         4.9000000000         2.2209444209         0.4949160334        23.0820719152
        7.2900052000         4.9000000000         2.2132874403         0.5791279896        22.8826099425
        7.2950049000         4.9000000000         2.2311537283         0.6709955781        23.3480212121
        7.3000033000         4.9000000000         2.2209444209         0.7603112892        23.0820719152
        7.3050047000         4.9000000000         2.2286014014         0.8547307552        23.2815338878
        7.3100030000         4.9000000000         2.2260490746         0.9440464662        23.2150465636
        7.3150048000         4.9000000000         2.2183920940         1.0231546675        23.0155845909
        7.3200053000         4.9000000000         2.2337060552         1.1252297658        23.4145085363
        7.3250051000         4.9000000000         2.2337060552         1.2145454769        23.4145085363
        7.3300026000         4.9000000000         2.2158397672         1.2911018006        22.9490972667
        7.3350044000         4.9000000000         2.2234967477         1.3829693892        23.1485592394
        7.3400311000         4.9000000000         2.2209444209         1.4697332228        23.0820719152
        7.3453448000         4.9000000000         2.2286014014         1.5641526888        23.2815338878
        7.3500052000         4.9000000000         2.2286014014         1.6458127674        23.2815338878
        7.3550049000         4.9000000000         2.2311537283         1.7325766011        23.3480212121
        7.3600048000         4.9000000000         2.2311537283         1.8218923121        23.3480212121
        7.3650046000         4.9000000000         2.2260490746         1.9061042683        23.2150465636
        7.3700048000         4.9000000000         2.2311537283         2.0005237343        23.3480212121
        7.3750048000         4.9000000000         2.2388107089         2.1000469552        23.5474831847
        7.3800048000         4.9000000000         2.2081827866         2.1766032789        22.7496352940
        7.3850050000         4.9000000000         2.2388107089         2.2761264998        23.5474831847
        7.3900047000         4.9000000000         2.2362583820         2.3628903334        23.4809958605
        7.3950060000         4.9000000000         2.2209444209         2.4471022896        23.0820719152
        7.4000041000         4.9000000000         2.2362583820         2.5389698781        23.4809958605
        7.4050068000         4.9000000000         2.2286014014         2.6333893441        23.2815338878
        7.4100063000         4.9000000000         2.2388107089         2.7201531777        23.5474831847
        7.4150071000         4.9000000000         2.2439153626         2.8120207662        23.6804578332
        7.4200058000         4.9000000000         2.2362583820         2.9089921097        23.4809958605
        7.4250061000         4.9000000000         2.2286014014         2.9855484334        23.2815338878
        7.4300048000         4.9000000000         2.2490200163         3.0799678994        23.8134324817
        7.4350064000         4.9000000000         2.2337060552         3.1692836105        23.4145085363
        7.4400062000         4.9000000000         2.2413630357         3.2611511990        23.6139705090
        7.4450040000         4.9000000000         2.2260490746         3.3530187875        23.2150465636
        7.4500055000         4.9000000000         2.2464676894         3.4423344986        23.7469451574
        7.4550049000         4.9000000000         2.2311537283         3.5342020871        23.3480212121
        7.4600252000         4.9000000000         2.2413630357         3.6260696756        23.6139705090
        7.4650045000         4.9000000000         2.2286014014         3.7102816318        23.2815338878
        7.4700058000         4.9000000000         2.2388107089         3.7995973429        23.5474831847
        7.4750038000         4.9000000000         2.2388107089         3.8991205638        23.5474831847
        7.4800100000         4.9000000000         2.2337060552         3.9807806424        23.4145085363
        7.4850039000         4.9000000000         2.2132874403         4.0649925986        22.8826099425
        7.4900048000         4.9000000000         2.2439153626         4.1645158195        23.6804578332
        7.4950035000         4.9000000000         2.2413630357         4.2563834080        23.6139705090
        7.5000047000         4.9000000000         2.2311537283         4.3405953642        23.3480212121
        7.5050046000         4.9000000000         2.2209444209         4.4248073203        23.0820719152
        7.5100091000         4.9000000000         2.2337060552         4.5268824187        23.4145085363
        7.5150047000         4.9000000000         2.2260490746         4.6161981297        23.2150465636
        7.5200047000         4.9000000000         2.2413630357         4.7157213506        23.6139705090
        7.5250031000         4.9000000000         2.2388107089         4.8075889392        23.5474831847
        7.5300055000         4.9000000000         2.1979734792         4.8943527728        22.4836859971
        7.5350031000         4.9000000000         2.2311537283         4.9836684838        23.3480212121
        7.5400052000         4.9000000000         2.2209444209         5.0040835035        23.0820719152
        7.5450049000         4.9000000000         2.2286014014         1.1073666236        23.2815338878
        7.5500050000         4.9000000000         2.2286014014         0.0024036839        23.2815338878
        7.5550062000         4.9000000000         2.2337060552         0.0457856007        23.4145085363
        7.5600061000         4.9000000000         2.2286014014         0.1402050666        23.2815338878
        7.5650045000         4.9000000000         2.2183920940         0.2320726552        23.0155845909
        7.5700572000         4.9000000000         2.2337060552         0.3315958761        23.4145085363
        7.5750058000         4.9000000000         2.2260490746         0.4132559548        23.2150465636
        7.5800066000         4.9000000000         2.2183920940         0.5000197884        23.0155845909
        7.5850059000         4.9000000000         2.2260490746         0.5969911318        23.2150465636
        7.5900068000         4.9000000000         2.2158397672         0.6888587203        22.9490972667
        7.5950061000         4.9000000000         2.2183920940         0.7705187990        23.0155845909
        7.6000048000         4.9000000000         2.2388107089         0.8674901425        23.5474831847
        7.6050052000         4.9000000000         2.2209444209         0.9517020986        23.0820719152
        7.6100053000         4.9000000000         2.2260490746         1.0563290744        23.2150465636
        7.6150037000         4.9000000000         2.2337060552         1.1430929080        23.4145085363
        7.6200050000         4.9000000000         2.2158397672         1.2247529867        22.9490972667
        7.6250033000         4.9000000000         2.2311537283         1.3140686978        23.3480212121
        7.6300046000         4.9000000000         2.2183920940         1.3931768990        23.0155845909
        7.6353899000         4.9000000000         2.2183920940         1.4927001199        23.0155845909
        7.6400048000         4.9000000000         2.2362583820         1.5845677084        23.4809958605
        7.6450078000         4.9000000000         2.2311537283         1.6636759097        23.3480212121
        7.6500048000         4.9000000000         2.2260490746         1.7555434982        23.2150465636
        7.6550044000         4.9000000000         2.2311537283         1.8397554543        23.3480212121
        7.6600050000         4.9000000000         2.2183920940         1.9316230429        23.0155845909
        7.6650035000         4.9000000000         2.2362583820         2.0234906314        23.4809958605
        7.6700050000         4.9000000000         2.2286014014         2.1102544650        23.2815338878
        7.6750047000         4.9000000000         2.2260490746         2.1970182986        23.2150465636
        7.6800035000         4.9000000000         2.2234967477         2.2812302547        23.1485592394
        7.6850047000         4.9000000000         2.2311537283         2.3833053531        23.3480212121
        7.6900046000         4.9000000000         2.2337060552         2.4624135543        23.4145085363
        7.6950048000         4.9000000000         2.2311537283         2.5568330203        23.3480212121
        7.7000056000         4.9000000000         2.2311537283         2.6563562412        23.3480212121
        7.7050051000         4.9000000000         2.2337060552         2.7380163199        23.4145085363
        7.7100052000         4.9000000000         2.2362583820         2.8171245211        23.4809958605
        7.7150047000         4.9000000000         2.2260490746         2.9217514970        23.2150465636
        7.7200047000         4.9000000000         2.2388107089         3.0059634531        23.5474831847
        7.7250063000         4.9000000000         2.2337060552         3.0927272867        23.4145085363
        7.7300057000         4.9000000000         2.2388107089         3.1820429978        23.5474831847
        7.7350076000         4.9000000000         2.2388107089         3.2764624638        23.5474831847
        7.7400071000         4.9000000000         2.2260490746         3.3581225424        23.2150465636
        7.7450061000         4.9000000000         2.2311537283         3.4525420084        23.3480212121
        7.7500044000         4.9000000000         2.2439153626         3.5469614744        23.6804578332
        7.7550066000         4.9000000000         2.2388107089         3.6439328179        23.5474831847
        7.7600057000         4.9000000000         2.2286014014         3.7281447740        23.2815338878
        7.7650062000         4.9000000000         2.2260490746         3.8200123625        23.2150465636
        7.7700036000         4.9000000000         2.2566769969         3.9144318285        24.0128944543
        7.7750061000         4.9000000000         2.2209444209         3.9884362748        23.0820719152
        7.7800038000         4.9000000000         2.2260490746         4.0854076183        23.2150465636
        7.7850070000         4.9000000000         2.2439153626         4.1798270842        23.6804578332
        7.7900057000         4.9000000000         2.2413630357         4.2716946728        23.6139705090
        7.7950069000         4.9000000000         2.2311537283         4.3533547515        23.3480212121
        7.8001331000         4.9000000000         2.2337060552         4.4503260949        23.4145085363
        7.8050062000         4.9000000000         2.2260490746         4.5370899285        23.2150465636
        7.8101660000         4.9000000000         2.2439153626         4.6417169043        23.6804578332
        7.8150123000         4.9000000000         2.2464676894         4.7310326154        23.7469451574
        7.8200063000         4.9000000000         2.2337060552         4.8254520814        23.4145085363
        7.8250068000         4.9000000000         2.1979734792         4.9096640375        22.4836859971
        7.8300136000         4.9000000000         2.2362583820         5.0066353810        23.4809958605
        7.8350057000         4.9000000000         2.2260490746         4.9964278711        23.2150465636
        7.8400127000         4.9000000000         2.2362583820         1.1073666236        23.4809958605
        7.8450061000         4.9000000000         2.2311537283         0.0075074388        23.3480212121
        7.8500024000         4.9000000000         2.2158397672         0.0610968654        22.9490972667
        7.8550067000         4.9000000000         2.2286014014         0.1504125765        23.2815338878
        7.8600129000         4.9000000000         2.2234967477         0.2499357974        23.1485592394
        7.8650076000         4.9000000000         2.2158397672         0.3341477535        22.9490972667
        7.8700079000         4.9000000000         2.2183920940         0.4311190970        23.0155845909
        7.8750055000         4.9000000000         2.2234967477         0.5204348080        23.1485592394
        7.8800058000         4.9000000000         2.2362583820         0.6174061515        23.4809958605
        7.8850052000         4.9000000000         2.2158397672         0.6965143527        22.9490972667
        7.8900150000         4.9000000000         2.2158397672         0.7883819412        22.9490972667
        7.8950067000         4.9000000000         2.2260490746         0.8828014072        23.2150465636
        7.9000134000         4.9000000000         2.2286014014         0.9746689957        23.2815338878
        7.9050070000         4.9000000000         2.2362583820         1.0639847068        23.4809958605
        7.9100059000         4.9000000000         2.2260490746         1.1584041728        23.2150465636
        7.9150062000         4.9000000000         2.2260490746         1.2477198838        23.2150465636
        7.9200068000         4.9000000000         2.2362583820         1.3293799625        23.4809958605
        7.9250059000         4.9000000000         2.2260490746         1.4212475511        23.2150465636
        7.9300068000         4.9000000000         2.2209444209         1.5029076297        23.0820719152
        7.9350092000         4.9000000000         2.2286014014         1.5896714634        23.2815338878
        7.9400087000         4.9000000000         2.2183920940         1.6866428068        23.0155845909
        7.9450048000         4.9000000000         2.2337060552         1.7734066404        23.4145085363
        7.9500141000         4.9000000000         2.2362583820         1.8678261064        23.4809958605
        7.9550069000         4.9000000000         2.2183920940         1.9494861851        23.0155845909
        7.9600116000         4.9000000000         2.2286014014         2.0362500187        23.2815338878
        7.9650045000         4.9000000000         2.2388107089         2.1255657297        23.5474831847
        7.9700074000         4.9000000000         2.2234967477         2.2148814408        23.1485592394
        7.9750044000         4.9000000000         2.2337060552         2.3093009068        23.4145085363
        7.9800069000         4.9000000000         2.2362583820         2.3960647404        23.4809958605
        7.9850100000         4.9000000000         2.2362583820         2.4853804515        23.4809958605
        7.9900117000         4.9000000000         2.2388107089         2.5746961625        23.5474831847
        7.9950071000         4.9000000000         2.2337060552         2.6742193834        23.4145085363
        8.0000054000         4.9000000000         2.2311537283         2.7584313396        23.3480212121
        8.0050034000         4.9000000000         2.2439153626         2.8528508056        23.6804578332
        8.0100039000         4.9000000000         2.2439153626         2.9396146392        23.6804578332
        8.0150034000         4.9000000000         2.2362583820         3.0263784728        23.4809958605
        8.0200051000         4.9000000000         2.2260490746         3.1105904289        23.2150465636
        8.0251053000         4.9000000000         2.2337060552         3.1999061400        23.4145085363
        8.0300051000         4.9000000000         2.2464676894         3.2968774834        23.7469451574
        8.0350049000         4.9000000000         2.2209444209         3.3836413170        23.0820719152
        8.0400051000         4.9000000000         2.2337060552         3.4755089056        23.4145085363
        8.0450047000         4.9000000000         2.2286014014         3.5597208617        23.2815338878
        8.0500063000         4.9000000000         2.2362583820         3.6566922051        23.4809958605
        8.0550046000         4.9000000000         2.2260490746         3.7409041613        23.2150465636
        8.0600032000         4.9000000000         2.2388107089         3.8353236273        23.5474831847
        8.0650048000         4.9000000000         2.2286014014         3.9169837060        23.2815338878
        8.0700059000         4.9000000000         2.2362583820         4.0165069269        23.4809958605
        8.0750048000         4.9000000000         2.2260490746         4.0981670056        23.2150465636
        8.0800034000         4.9000000000         2.2362583820         4.1925864715        23.4809958605
        8.0850060000         4.9000000000         2.2337060552         4.2870059375        23.4145085363
        8.0900037000         4.9000000000         2.2439153626         4.3814254035        23.6804578332
        8.0950046000         4.9000000000         2.2311537283         4.4630854822        23.3480212121
        8.1000050000         4.9000000000         2.2311537283         4.5702643355        23.3480212121
        8.1050045000         4.9000000000         2.2388107089         4.6493725367        23.5474831847
        8.1100027000         4.9000000000         2.2311537283         4.7412401252        23.3480212121
        8.1150017000         4.9000000000         2.2337060552         4.8458671010        23.4145085363
        8.1200029000         4.9000000000         2.2388107089         4.9351828121        23.5474831847
        8.1250017000         4.9000000000         2.2388107089         5.0142910133        23.5474831847
        8.1300067000         4.9000000000         2.2234967477         5.0066353810        23.1485592394
        8.1350045000         4.9000000000         2.2464676894         0.0126111937        23.7469451574
        8.1400057000         4.9000000000         2.2234967477         0.0024036839        23.1485592394
        8.1450032000         4.9000000000         2.2286014014         0.0840637625        23.2815338878
        8.1500035000         4.9000000000         2.2311537283         0.1784832285        23.3480212121
        8.1550042000         4.9000000000         2.2311537283         0.2754545720        23.3480212121
        8.1600024000         4.9000000000         2.2234967477         0.3596665281        23.1485592394
        8.1650026000         4.9000000000         2.2362583820         0.4617416265        23.4809958605
        8.1700044000         4.9000000000         2.2081827866         0.5382979502        22.7496352940
        8.1750021000         4.9000000000         2.2362583820         0.6327174162        23.4809958605
        8.1800063000         4.9000000000         2.2234967477         0.7245850047        23.1485592394
        8.1850041000         4.9000000000         2.2311537283         0.8215563482        23.3480212121
        8.1900059000         4.9000000000         2.2260490746         0.9057683043        23.2150465636
        8.1950036000         4.9000000000         2.2209444209         0.9925321379        23.0820719152
        8.2000040000         4.9000000000         2.2260490746         1.0869516039        23.2150465636
        8.2050042000         4.9000000000         2.2260490746         1.1737154375        23.2150465636
        8.2100038000         4.9000000000         2.2183920940         1.2604792711        23.0155845909
        8.2150049000         4.9000000000         2.2311537283         1.3523468597        23.3480212121
        8.2200037000         4.9000000000         2.2311537283         1.4467663256        23.3480212121
        8.2250023000         4.9000000000         2.2311537283         1.5284264043        23.3480212121
        8.2300038000         4.9000000000         2.2209444209         1.6202939929        23.0820719152
        8.2350030000         4.9000000000         2.2260490746         1.7019540715        23.2150465636
        8.2400022000         4.9000000000         2.2413630357         1.7963735375        23.6139705090
        8.2450036000         4.9000000000         2.2337060552         1.8780336162        23.4145085363
        8.2500055000         4.9000000000         2.2234967477         1.9699012047        23.1485592394
        8.2550038000         4.9000000000         2.2362583820         2.0592169158        23.4809958605
        8.2600050000         4.9000000000         2.2439153626         2.1587401367        23.6804578332
        8.2650045000         4.9000000000         2.2286014014         2.2404002154        23.2815338878
        8.2700038000         4.9000000000         2.2286014014         2.3297159265        23.2815338878
        8.2750034000         4.9000000000         2.2311537283         2.4215835150        23.3480212121
        8.2800043000         4.9000000000         2.2337060552         2.5083473486        23.4145085363
        8.2850037000         4.9000000000         2.2337060552         2.5925593047        23.4145085363
        8.2900050000         4.9000000000         2.2439153626         2.6920825256        23.6804578332
        8.2950044000         4.9000000000         2.2413630357         2.7839501142        23.6139705090
        8.3000047000         4.9000000000         2.2337060552         2.8681620703        23.4145085363
        8.3050030000         4.9000000000         2.2413630357         2.9523740265        23.6139705090
        8.3100038000         4.9000000000         2.2464676894         3.0570010023        23.7469451574
        8.3150052000         4.9000000000         2.2234967477         3.1412129584        23.1485592394
        8.3200033000         4.9000000000         2.2566769969         3.2407361793        24.0128944543
        8.3250080000         4.9000000000         2.2362583820         3.3223962580        23.4809958605
        8.3300026000         4.9000000000         2.2337060552         3.4091600916        23.4145085363
        8.3350015000         4.9000000000         2.2362583820         3.5010276801        23.4809958605
        8.3400036000         4.9000000000         2.2337060552         3.5979990236        23.4145085363
        8.3450044000         4.9000000000         2.2362583820         3.6822109797        23.4809958605
        8.3503606000         4.9000000000         2.2413630357         3.7740785683        23.6139705090
        8.3550036000         4.9000000000         2.2209444209         3.8608424019        23.0820719152
        8.3600039000         4.9000000000         2.2311537283         3.9527099904        23.3480212121
        8.3650050000         4.9000000000         2.2337060552         4.0369219465        23.4145085363
        8.3700045000         4.9000000000         2.2413630357         4.1313414125        23.6139705090
        8.3750047000         4.9000000000         2.2413630357         4.2206571236        23.6139705090
        8.3800021000         4.9000000000         2.2388107089         4.3150765896        23.5474831847
        8.3850029000         4.9000000000         2.2311537283         4.4018404232        23.3480212121
        8.3900042000         4.9000000000         2.2388107089         4.4937080117        23.5474831847
        8.3950025000         4.9000000000         2.2260490746         4.5830237228        23.2150465636
        8.4000025000         4.9000000000         2.2388107089         4.6850988211        23.5474831847
        8.4050054000         4.9000000000         2.2234967477         4.7718626547        23.1485592394
        8.4100058000         4.9000000000         2.2311537283         4.8637302433        23.3480212121
        8.4150044000         4.9000000000         2.2439153626         4.9658053416        23.6804578332
        8.4200041000         4.9000000000         2.2158397672         5.0015316260        22.9490972667
        8.4250046000         4.9000000000         2.2209444209         1.1048147461        23.0820719152
        8.4300019000         4.9000000000         2.2209444209        -0.0052519485        23.0820719152
        8.4350041000         4.9000000000         2.2362583820         0.0228187035        23.4809958605
        8.4400037000         4.9000000000         2.2362583820         0.1146862920        23.4809958605
        8.4450038000         4.9000000000         2.2234967477         0.2014501257        23.1485592394
        8.4500041000         4.9000000000         2.2107351134         0.2856620818        22.8161226183
        8.4550044000         4.9000000000         2.2362583820         0.3800815478        23.4809958605
        8.4600048000         4.9000000000         2.2209444209         0.4796047687        23.0820719152
        8.4650059000         4.9000000000         2.2209444209         0.5612648474        23.0820719152
        8.4700061000         4.9000000000         2.2260490746         0.6480286810        23.2150465636
        8.4750037000         4.9000000000         2.2158397672         0.7424481470        22.9490972667
        8.4800049000         4.9000000000         2.2311537283         0.8368676129        23.3480212121
        8.4850054000         4.9000000000         2.2286014014         0.9210795691        23.2815338878
        8.4900045000         4.9000000000         2.2132874403         1.0129471576        22.8826099425
        8.4950039000         4.9000000000         2.2311537283         1.1048147461        23.3480212121
        8.5000595000         4.9000000000         2.2286014014         1.1966823347        23.2815338878
        8.5050037000         4.9000000000         2.2183920940         1.2885499232        23.0155845909
        8.5100046000         4.9000000000         2.2158397672         1.3676581244        22.9490972667
        8.5150036000         4.9000000000         2.2286014014         1.4646294679        23.2815338878
        8.5200048000         4.9000000000         2.2286014014         1.5437376691        23.2815338878
        8.5250040000         4.9000000000         2.2234967477         1.6381571351        23.1485592394
        8.5300047000         4.9000000000         2.2234967477         1.7274728461        23.1485592394
        8.5350051000         4.9000000000         2.2311537283         1.8116848023        23.3480212121
        8.5400047000         4.9000000000         2.2286014014         1.8984486359        23.2815338878
        8.5450050000         4.9000000000         2.2260490746         1.9928681019        23.2150465636
        8.5500054000         4.9000000000         2.2413630357         2.0923913228        23.6139705090
        8.5550034000         4.9000000000         2.2234967477         2.1689476465        23.1485592394
        8.5600048000         4.9000000000         2.2337060552         2.2531596027        23.4145085363
        8.5650044000         4.9000000000         2.2388107089         2.3603384560        23.5474831847
        8.5700038000         4.9000000000         2.2260490746         2.4419985347        23.2150465636
        8.5750052000         4.9000000000         2.2311537283         2.5185548584        23.3480212121
        8.5800051000         4.9000000000         2.2464676894         2.6257337117        23.7469451574
        8.5850040000         4.9000000000         2.2286014014         2.7048419129        23.2815338878
        8.5900046000         4.9000000000         2.2337060552         2.7941576240        23.4145085363
        8.5950041000         4.9000000000         2.2260490746         2.8860252125        23.2150465636
        8.6000044000         4.9000000000         2.2388107089         2.9855484334        23.5474831847
        8.6050055000         4.9000000000         2.2337060552         3.0697603896        23.4145085363
        8.6100049000         4.9000000000         2.2362583820         3.1616279781        23.4809958605
        8.6150053000         4.9000000000         2.2234967477         3.2407361793        23.1485592394
        8.6200053000         4.9000000000         2.2337060552         3.3402594002        23.4145085363
        8.6250047000         4.9000000000         2.2464676894         3.4270232338        23.7469451574
        8.6300054000         4.9000000000         2.2362583820         3.5265464547        23.4809958605
        8.6353710000         4.9000000000         2.2311537283         3.6133102883        23.3480212121
        8.6400054000         4.9000000000         2.2337060552         3.7000741219        23.4145085363
        8.6450036000         4.9000000000         2.2311537283         3.7893898330        23.3480212121
        8.6500030000         4.9000000000         2.2260490746         3.8710499117        23.2150465636
        8.6550072000         4.9000000000         2.2362583820         3.9731250101        23.4809958605
        8.6600057000         4.9000000000         2.2209444209         4.0547850888        23.0820719152
        8.6650035000         4.9000000000         2.2413630357         4.1466526773        23.6139705090
        8.6700037000         4.9000000000         2.2413630357         4.2410721433        23.6139705090
        8.6750052000         4.9000000000         2.2234967477         4.3227322219        23.1485592394
        8.6800054000         4.9000000000         2.2286014014         4.4299110752        23.2815338878
        8.6850042000         4.9000000000         2.2439153626         4.5115711539        23.6804578332
        8.6900060000         4.9000000000         2.2286014014         4.6059906199        23.2815338878
        8.6950038000         4.9000000000         2.2388107089         4.7055138408        23.5474831847
        8.7000041000         4.9000000000         2.2311537283         4.7922776744        23.3480212121
        8.7050035000         4.9000000000         2.2362583820         4.8918008953        23.4809958605
        8.7100041000         4.9000000000         2.2388107089         4.9760128515        23.5474831847
        8.7150042000         4.9000000000         2.2183920940         5.0091872584        23.0155845909
        8.7200037000         4.9000000000         2.2234967477         1.1022628687        23.1485592394
        8.7250057000         4.9000000000         2.2362583820         0.0049555613        23.4809958605
        8.7300095000         4.9000000000         2.2158397672         0.0330262134        22.9490972667
        8.7350017000         4.9000000000         2.2388107089         0.1351013117        23.5474831847
        8.7400025000         4.9000000000         2.2260490746         0.2269689002        23.2150465636
        8.7450020000         4.9000000000         2.2286014014         0.3213883662        23.2815338878
        8.7500029000         4.9000000000         2.2337060552         0.4081521998        23.4145085363
        8.7550049000         4.9000000000         2.2234967477         0.4923641560        23.1485592394
        8.7600191000         4.9000000000         2.2234967477         0.5867836220        23.1485592394
        8.7650062000         4.9000000000         2.2209444209         0.6760993330        23.0820719152
        8.7700039000         4.9000000000         2.2209444209         0.7603112892        23.0820719152
        8.7750050000         4.9000000000         2.2260490746         0.8598345101        23.2150465636
        8.7800029000         4.9000000000         2.2234967477         0.9491502211        23.1485592394
        8.7850055000         4.9000000000         2.2158397672         1.0359140547        22.9490972667
        8.7900071000         4.9000000000         2.2234967477         1.1226778884        23.1485592394
        8.7950063000         4.9000000000         2.2209444209         1.2170973543        23.0820719152
        8.8000060000         4.9000000000         2.2234967477         1.3013093105        23.1485592394
        8.8050062000         4.9000000000         2.2183920940         1.3957287765        23.0155845909
        8.8100063000         4.9000000000         2.2158397672         1.4748369777        22.9490972667
        8.8150040000         4.9000000000         2.2260490746         1.5641526888        23.2150465636
        8.8200059000         4.9000000000         2.2311537283         1.6560202773        23.3480212121
        8.8250057000         4.9000000000         2.2311537283         1.7453359884        23.3480212121
        8.8300034000         4.9000000000         2.2337060552         1.8372035769        23.4145085363
        8.8350046000         4.9000000000         2.2234967477         1.9188636556        23.1485592394
        8.8400037000         4.9000000000         2.2388107089         2.0107312441        23.5474831847
        8.8450048000         4.9000000000         2.2311537283         2.0949432002        23.3480212121
        8.8500036000         4.9000000000         2.2234967477         2.1868107888        23.1485592394
        8.8550054000         4.9000000000         2.2413630357         2.2786783773        23.6139705090
        8.8600043000         4.9000000000         2.2337060552         2.3679940883        23.4145085363
        8.8650036000         4.9000000000         2.2234967477         2.4522060445        23.1485592394
        8.8700039000         4.9000000000         2.2413630357         2.5491773879        23.6139705090
        8.8750109000         4.9000000000         2.2183920940         2.6308374666        23.0155845909
        8.8800057000         4.9000000000         2.2260490746         2.7201531777        23.2150465636
        8.8850055000         4.9000000000         2.2515723431         2.8222282761        23.8799198059
        8.8900043000         4.9000000000         2.2183920940         2.8987845998        23.0155845909
        8.8950066000         4.9000000000         2.2286014014         2.9957559433        23.2815338878
        8.9000637000         4.9000000000         2.2413630357         3.0825197769        23.6139705090
        8.9050068000         4.9000000000         2.2362583820         3.1820429978        23.4809958605
        8.9100064000         4.9000000000         2.2311537283         3.2611511990        23.3480212121
        8.9150069000         4.9000000000         2.2388107089         3.3581225424        23.5474831847
        8.9200102000         4.9000000000         2.2413630357         3.4525420084        23.6139705090
        8.9250096000         4.9000000000         2.2311537283         3.5290983322        23.3480212121
        8.9300086000         4.9000000000         2.2413630357         3.6362771855        23.6139705090
        8.9350066000         4.9000000000         2.2311537283         3.7179372642        23.3480212121
        8.9400064000         4.9000000000         2.2311537283         3.8047010978        23.3480212121
        8.9450064000         4.9000000000         2.2515723431         3.9042243187        23.8799198059
        8.9500062000         4.9000000000         2.2234967477         3.9833325199        23.1485592394
        8.9550069000         4.9000000000         2.2234967477         4.0700963535        23.1485592394
        8.9600148000         4.9000000000         2.2439153626         4.1696195744        23.6804578332
        8.9650069000         4.9000000000         2.2337060552         4.2563834080        23.4145085363
        8.9700075000         4.9000000000         2.2209444209         4.3456991191        23.0820719152
        8.9750114000         4.9000000000         2.2337060552         4.4401185851        23.4145085363
        8.9800148000         4.9000000000         2.2183920940         4.5243305412        23.0155845909
        8.9850074000         4.9000000000         2.2362583820         4.6187500072        23.4809958605
        8.9900060000         4.9000000000         2.2311537283         4.7131694732        23.3480212121
        8.9950076000         4.9000000000         2.2286014014         4.8075889392        23.2815338878
        9.0000146000         4.9000000000         2.2337060552         4.9122159150        23.4145085363
        9.0050069000         4.9000000000         2.2337060552         4.9964278711        23.4145085363
        9.0100125000         4.9000000000         2.2260490746         5.0066353810        23.2150465636
        9.0150084000         4.9000000000         2.2311537283         1.1073666236        23.3480212121
        9.0200054000         4.9000000000         2.2286014014         0.0100593162        23.2815338878
        9.0250084000         4.9000000000         2.2158397672         0.0457856007        22.9490972667
        9.0300463000         4.9000000000         2.2337060552         0.1453088216        23.4145085363
        9.0350088000         4.9000000000         2.2337060552         0.2422801650        23.4145085363
        9.0400131000         4.9000000000         2.2158397672         0.3213883662        22.9490972667
        9.0450064000         4.9000000000         2.2183920940         0.4183597097        23.0155845909
        9.0500038000         4.9000000000         2.2260490746         0.5102272982        23.2150465636
        9.0550046000         4.9000000000         2.2183920940         0.5995430093        23.0155845909
        9.0600118000         4.9000000000         2.2286014014         0.6990662302        23.2815338878
        9.0650043000         4.9000000000         2.2311537283         0.7883819412        23.3480212121
        9.0700118000         4.9000000000         2.2234967477         0.8649382650        23.1485592394
        9.0750054000         4.9000000000         2.2158397672         0.9593577310        22.9490972667
        9.0800106000         4.9000000000         2.2311537283         1.0614328293        23.3480212121
        9.0850047000         4.9000000000         2.2234967477         1.1430929080        23.1485592394
        9.0900045000         4.9000000000         2.2234967477         1.2298567416        23.1485592394
        9.0950050000         4.9000000000         2.2388107089         1.3242762076        23.5474831847
        9.1000046000         4.9000000000         2.2234967477         1.4033844088        23.1485592394
        9.1050040000         4.9000000000         2.2234967477         1.5029076297        23.1485592394
        9.1100059000         4.9000000000         2.2260490746         1.5845677084        23.2150465636
        9.1150047000         4.9000000000         2.2311537283         1.6636759097        23.3480212121
        9.1200111000         4.9000000000         2.2337060552         1.7657510080        23.4145085363
        9.1250056000         4.9000000000         2.2311537283         1.8448592093        23.3480212121
        9.1300053000         4.9000000000         2.2311537283         1.9367267978        23.3480212121
        9.1350034000         4.9000000000         2.2337060552         2.0260425088        23.4145085363
        9.1400053000         4.9000000000         2.2439153626         2.1230138523        23.6804578332
        9.1450038000         4.9000000000         2.2286014014         2.2046739310        23.2815338878
        9.1500055000         4.9000000000         2.2362583820         2.2990933970        23.4809958605
        9.1550066000         4.9000000000         2.2260490746         2.3858572306        23.2150465636
        9.1600075000         4.9000000000         2.2337060552         2.4777248191        23.4145085363
        9.1650076000         4.9000000000         2.2260490746         2.5593848978        23.2150465636
        9.1700055000         4.9000000000         2.2158397672         2.6487006088        22.9490972667
        9.1750041000         4.9000000000         2.2413630357         2.7482238297        23.6139705090
        9.1800054000         4.9000000000         2.2439153626         2.8324357859        23.6804578332
        9.1850026000         4.9000000000         2.2260490746         2.9319590068        23.2150465636
        9.1900055000         4.9000000000         2.2439153626         3.0136190855        23.6804578332
        9.1950032000         4.9000000000         2.2362583820         3.1029347965        23.4809958605
        9.2000048000         4.9000000000         2.2260490746         3.1973542625        23.2150465636
        9.2050032000         4.9000000000         2.2464676894         3.2866699736        23.7469451574
        9.2100044000         4.9000000000         2.2260490746         3.3810894396        23.2150465636
        9.2150051000         4.9000000000         2.2337060552         3.4653013957        23.4145085363
        9.2200046000         4.9000000000         2.2439153626         3.5597208617        23.6804578332
        9.2250041000         4.9000000000         2.1928688255         3.6362771855        22.3507113487
        9.2300057000         4.9000000000         2.2311537283         3.7332485289        23.3480212121
        9.2350246000         4.9000000000         2.2260490746         3.8174604851        23.2150465636
        9.2400047000         4.9000000000         2.2311537283         3.9067761961        23.3480212121
        9.2450430000         4.9000000000         2.2362583820         3.9960919072        23.4809958605
        9.2500062000         4.9000000000         2.2209444209         4.0930632506        23.0820719152
        9.2550225000         4.9000000000         2.2260490746         4.1772752068        23.2150465636
        9.2600061000         4.9000000000         2.2209444209         4.2640390404        23.0820719152
        9.2650062000         4.9000000000         2.2311537283         4.3559066289        23.3480212121
        9.2700058000         4.9000000000         2.2337060552         4.4554298498        23.4145085363
        9.2750069000         4.9000000000         2.2260490746         4.5498493158        23.2150465636
        9.2800063000         4.9000000000         2.2413630357         4.6442687818        23.6139705090
        9.2850031000         4.9000000000         2.2464676894         4.7386882478        23.7469451574
        9.2900066000         4.9000000000         2.2183920940         4.8203483265        23.0155845909
        9.2950059000         4.9000000000         2.2311537283         4.9122159150        23.3480212121
        9.3000048000         4.9000000000         2.2362583820         5.0142910133        23.4809958605
        9.3050053000         4.9000000000         2.2209444209         5.0040835035        23.0820719152
        9.3100035000         4.9000000000         2.2362583820         0.0024036839        23.4809958605
        9.3150022000         4.9000000000         2.2286014014         0.0075074388        23.2815338878
        9.3200050000         4.9000000000         2.2234967477         0.0662006203        23.1485592394
        9.3250022000         4.9000000000         2.2260490746         0.1555163314        23.2150465636
        9.3300032000         4.9000000000         2.2260490746         0.2448320425        23.2150465636
        9.3350044000         4.9000000000         2.2260490746         0.3469071408        23.2150465636
        9.3400056000         4.9000000000         2.2337060552         0.4413266068        23.4145085363
        9.3450050000         4.9000000000         2.2132874403         0.5331941953        22.8826099425
        9.3500053000         4.9000000000         2.2337060552         0.6148542740        23.4145085363
        9.3550047000         4.9000000000         2.2132874403         0.7041699851        22.8826099425
        9.3600048000         4.9000000000         2.2183920940         0.7909338187        23.0155845909
        9.3650051000         4.9000000000         2.2209444209         0.8853532847        23.0820719152
        9.3700036000         4.9000000000         2.2286014014         0.9746689957        23.2815338878
        9.3750048000         4.9000000000         2.2286014014         1.0665365843        23.2815338878
        9.3800055000         4.9000000000         2.2234967477         1.1481966629        23.1485592394
        9.3850041000         4.9000000000         2.2158397672         1.2426161289        22.9490972667
        9.3900029000         4.9000000000         2.2413630357         1.3395874724        23.6139705090
        9.3950049000         4.9000000000         2.2234967477         1.4161437961        23.1485592394
        9.4000073000         4.9000000000         2.2132874403         1.5029076297        22.8826099425
        9.4050049000         4.9000000000         2.2260490746         1.5973270957        23.2150465636
        9.4100049000         4.9000000000         2.2260490746         1.6789871744        23.2150465636
        9.4150046000         4.9000000000         2.2337060552         1.7734066404        23.4145085363
        9.4200048000         4.9000000000         2.2413630357         1.8678261064        23.6139705090
        9.4250048000         4.9000000000         2.2209444209         1.9443824302        23.0820719152
        9.4300056000         4.9000000000         2.2260490746         2.0413537736        23.2150465636
        9.4350048000         4.9000000000         2.2413630357         2.1306694847        23.6139705090
        9.4400049000         4.9000000000         2.2388107089         2.2250889506        23.5474831847
        9.4450050000         4.9000000000         2.2311537283         2.3169565392        23.3480212121
        9.4500036000         4.9000000000         2.2234967477         2.3935128629        23.1485592394
        9.4550047000         4.9000000000         2.2311537283         2.4828285740        23.3480212121
        9.4600034000         4.9000000000         2.2388107089         2.5849036724        23.5474831847
        9.4650047000         4.9000000000         2.2260490746         2.6640118736        23.2150465636
        9.4700064000         4.9000000000         2.2490200163         2.7686388494        23.8134324817
        9.4750049000         4.9000000000         2.2286014014         2.8502989281        23.2815338878
        9.4800036000         4.9000000000         2.2362583820         2.9396146392        23.4809958605
        9.4850049000         4.9000000000         2.2515723431         3.0340341051        23.8799198059
        9.4900063000         4.9000000000         2.2260490746         3.1207979388        23.2150465636
        9.4950050000         4.9000000000         2.2388107089         3.2075617724        23.5474831847
        9.5000041000         4.9000000000         2.2515723431         3.2994293609        23.8799198059
        9.5050049000         4.9000000000         2.2260490746         3.3912969494        23.2150465636
        9.5100042000         4.9000000000         2.2490200163         3.4831645379        23.8134324817
        9.5150048000         4.9000000000         2.2286014014         3.5724802490        23.2815338878
        9.5200063000         4.9000000000         2.2362583820         3.6566922051        23.4809958605
        9.5250054000         4.9000000000         2.2413630357         3.7536635486        23.6139705090
        9.5300029000         4.9000000000         2.2311537283         3.8455311371        23.3480212121
        9.5350063000         4.9000000000         2.2311537283         3.9297430933        23.3480212121
        9.5400058000         4.9000000000         2.2311537283         4.0216106818        23.3480212121
        9.5450044000         4.9000000000         2.2311537283         4.1007188830        23.3480212121
        9.5500056000         4.9000000000         2.2388107089         4.2078977363        23.5474831847
        9.5550043000         4.9000000000         2.2337060552         4.2895578150        23.4145085363
        9.5600077000         4.9000000000         2.2311537283         4.3839772810        23.3480212121
        9.5650068000         4.9000000000         2.2388107089         4.4656373597        23.5474831847
        9.5700047000         4.9000000000         2.2337060552         4.5728162129        23.4145085363
        9.5750065000         4.9000000000         2.2209444209         4.6519244142        23.0820719152
        9.5800058000         4.9000000000         2.2337060552         4.7565513900        23.4145085363
        9.5850042000         4.9000000000         2.2362583820         4.8535227334        23.4809958605
        9.5900123000         4.9000000000         2.2362583820         4.9479421994        23.4809958605
        9.5950049000         4.9000000000         2.2260490746         5.0091872584        23.2150465636
        9.6000066000         4.9000000000         2.2362583820         5.0015316260        23.4809958605
        9.6050068000         4.9000000000         2.2388107089         0.0075074388        23.5474831847
        9.6100065000         4.9000000000         2.2234967477         0.0024036839        23.1485592394
        9.6150087000         4.9000000000         2.2183920940         0.0840637625        23.0155845909
        9.6200072000         4.9000000000         2.2337060552         0.1861388609        23.4145085363
        9.6250044000         4.9000000000         2.2209444209         0.2729026945        23.0820719152
        9.6300125000         4.9000000000         2.2311537283         0.3673221605        23.3480212121
        9.6350055000         4.9000000000         2.2132874403         0.4566378716        22.8826099425
        9.6400132000         4.9000000000         2.2209444209         0.5434017052        23.0820719152
        9.6450049000         4.9000000000         2.2183920940         0.6352692937        23.0155845909
        9.6500594000         4.9000000000         2.2260490746         0.7296887597        23.2150465636
        9.6550063000         4.9000000000         2.2132874403         0.8266601031        22.8826099425
        9.6600128000         4.9000000000         2.2183920940         0.9108720593        23.0155845909
        9.6650061000         4.9000000000         2.2260490746         1.0052915252        23.2150465636
        9.6700114000         4.9000000000         2.2234967477         1.0843997265        23.1485592394
        9.6750081000         4.9000000000         2.2234967477         1.1762673150        23.1485592394
        9.6800121000         4.9000000000         2.2158397672         1.2630311486        22.9490972667
        9.6850054000         4.9000000000         2.2260490746         1.3523468597        23.2150465636
        9.6900048000         4.9000000000         2.2234967477         1.4442144482        23.1485592394
        9.6950047000         4.9000000000         2.2183920940         1.5258745269        23.0155845909
        9.7000205000         4.9000000000         2.2286014014         1.6177421154        23.2815338878
        9.7050035000         4.9000000000         2.2209444209         1.7070578265        23.0820719152
        9.7100049000         4.9000000000         2.2362583820         1.7887179052        23.4809958605
        9.7150039000         4.9000000000         2.2388107089         1.8882411261        23.5474831847
        9.7200052000         4.9000000000         2.2158397672         1.9673493273        22.9490972667
        9.7250045000         4.9000000000         2.2234967477         2.0515612834        23.1485592394
        9.7300047000         4.9000000000         2.2286014014         2.1408769945        23.2815338878
        9.7350170000         4.9000000000         2.2337060552         2.2404002154        23.4145085363
        9.7400049000         4.9000000000         2.2413630357         2.3348196814        23.6139705090
        9.7450051000         4.9000000000         2.2260490746         2.4164797601        23.2150465636
        9.7500117000         4.9000000000         2.2234967477         2.4981398388        23.1485592394
        9.7550064000         4.9000000000         2.2413630357         2.6002149371        23.6139705090
        9.7600045000         4.9000000000         2.2286014014         2.6869787707        23.2815338878
        9.7650034000         4.9000000000         2.2286014014         2.7762944818        23.2815338878
        9.7700075000         4.9000000000         2.2311537283         2.8630583154        23.3480212121
        9.7750054000         4.9000000000         2.2311537283         2.9523740265        23.3480212121
        9.7800044000         4.9000000000         2.2413630357         3.0467934924        23.6139705090
        9.7850073000         4.9000000000         2.2439153626         3.1437648359        23.6804578332
        9.7900040000         4.9000000000         2.2337060552         3.2305286695        23.4145085363
        9.7950386000         4.9000000000         2.2362583820         3.3198443806        23.4809958605
        9.8000054000         4.9000000000         2.2439153626         3.4040563367        23.6804578332
        9.8050048000         4.9000000000         2.2362583820         3.4984758027        23.4809958605
        9.8100038000         4.9000000000         2.2209444209         3.5903433912        23.0820719152
        9.8150058000         4.9000000000         2.2413630357         3.6745553474        23.6139705090
        9.8200048000         4.9000000000         2.2311537283         3.7587673035        23.3480212121
        9.8250061000         4.9000000000         2.2362583820         3.8633942793        23.4809958605
        9.8300066000         4.9000000000         2.2413630357         3.9501581129        23.6139705090
        9.8350063000         4.9000000000         2.2286014014         4.0369219465        23.2815338878
        9.8400046000         4.9000000000         2.2490200163         4.1287895351        23.8134324817
        9.8450063000         4.9000000000         2.2490200163         4.2206571236        23.8134324817
        9.8500044000         4.9000000000         2.2158397672         4.3023172023        22.9490972667
        9.8550070000         4.9000000000         2.2286014014         4.3967366683        23.2815338878
        9.8600058000         4.9000000000         2.2439153626         4.4937080117        23.6804578332
        9.8650070000         4.9000000000         2.2337060552         4.5906793551        23.4145085363
        9.8700074000         4.9000000000         2.2337060552         4.6723394338        23.4145085363
        9.8750069000         4.9000000000         2.2286014014         4.7667588998        23.2815338878
        9.8800045000         4.9000000000         2.2209444209         4.8535227334        23.0820719152
        9.8850056000         4.9000000000         2.2388107089         4.9581497092        23.5474831847
        9.8900051000         4.9000000000         2.2362583820         5.0142910133        23.4809958605
        9.8950111000         4.9000000000         2.2260490746         1.1099185011        23.2150465636
        9.9000067000         4.9000000000         2.2260490746        -0.0027000711        23.2150465636
        9.9050047000         4.9000000000         2.2234967477         0.0126111937        23.1485592394
        9.9100051000         4.9000000000         2.2311537283         0.0993750273        23.3480212121
        9.9150053000         4.9000000000         2.2183920940         0.1886907384        23.0155845909
        9.9200045000         4.9000000000         2.2209444209         0.2882139593        23.0820719152
        9.9250051000         4.9000000000         2.2337060552         0.3851853027        23.4145085363
        9.9300056000         4.9000000000         2.2183920940         0.4642935039        23.0155845909
        9.9350049000         4.9000000000         2.2209444209         0.5638167248        23.0820719152
        9.9400030000         4.9000000000         2.2260490746         0.6531324359        23.2150465636
        9.9450033000         4.9000000000         2.2286014014         0.7501037793        23.2815338878
        9.9500037000         4.9000000000         2.2311537283         0.8343157355        23.3480212121
        9.9550029000         4.9000000000         2.2337060552         0.9312870789        23.4145085363
        9.9600500000         4.9000000000         2.2158397672         1.0154990351        22.9490972667
        9.9650032000         4.9000000000         2.2286014014         1.0997109912        23.2815338878
        9.9700040000         4.9000000000         2.2413630357         1.1992342121        23.6139705090
        9.9750053000         4.9000000000         2.2132874403         1.2757905359        22.8826099425
        9.9800040000         4.9000000000         2.2260490746         1.3676581244        23.2150465636
        9.9850053000         4.9000000000         2.2260490746         1.4569738355        23.2150465636
        9.9900039000         4.9000000000         2.2234967477         1.5411857916        23.1485592394
        9.9950045000         4.9000000000         2.2362583820         1.6381571351        23.4809958605
