% Motor Sweep Step 29/50
% Vcmd       = 4.0000 [V]
% Direction  = CW
% Vg_offset  = 1.334866 [V]
% K_gimbal   = 26.049690 [(rad/s)/V]

Time[s]              Vcmd[V]              Vg_raw[V]            Pot[V]               Omega[rad/s]
        0.0000134000         4.0000000000         1.3327346748         3.6541403277        -0.0555169157
        0.0050095000         4.0000000000         1.3327346748         3.6464846953        -0.0555169157
        0.0100077000         4.0000000000         1.3327346748         3.6541403277        -0.0555169157
        0.0150075000         4.0000000000         1.4246184417         3.6668997150         2.3380267564
        0.0200075000         4.0000000000         1.6441185513         3.6771072248         8.0559366399
        0.0250072000         4.0000000000         1.5777580530         3.7102816318         6.3272662100
        0.0300075000         4.0000000000         1.6339092439         3.7409041613         7.7899873430
        0.0350067000         4.0000000000         1.7079267227         3.7715266908         9.7181197456
        0.0400055000         4.0000000000         1.6543278587         3.7995973429         8.3218859368
        0.0450135000         4.0000000000         1.7130313764         3.8506348920         9.8510943940
        0.0500051000         4.0000000000         1.7411069719         3.8812574215        10.5824549605
        0.0550101000         4.0000000000         1.7436592987         3.9246393383        10.6489422848
        0.0600075000         4.0000000000         1.7691825673         3.9552618679        11.3138155270
        0.0650064000         4.0000000000         1.7666302404         3.9986437847        11.2473282028
        0.0700057000         4.0000000000         1.7691825673         4.0471294564        11.3138155270
        0.0750044000         4.0000000000         1.8100197970         4.0956151281        12.3776127147
        0.0800046000         4.0000000000         1.7972581627         4.1389970449        12.0451760935
        0.0850039000         4.0000000000         1.8151244507         4.1925864715        12.5105873631
        0.0900038000         4.0000000000         1.8253337581         4.2359683883        12.7765366600
        0.0950037000         4.0000000000         1.8151244507         4.2819021826        12.5105873631
        0.1000046000         4.0000000000         1.8151244507         4.3252840994        12.5105873631
        0.1050028000         4.0000000000         1.8406477193         4.3814254035        13.1754606054
        0.1100050000         4.0000000000         1.8304384118         4.4350148301        12.9095113085
        0.1150048000         4.0000000000         1.8508570267         4.4962598892        13.4414099023
        0.1200056000         4.0000000000         1.8355430655         4.5421936834        13.0424859569
        0.1250066000         4.0000000000         1.8508570267         4.5932312326        13.4414099023
        0.1300062000         4.0000000000         1.8559616804         4.6468206592        13.5743845507
        0.1350038000         4.0000000000         1.8636186610         4.7080657183        13.7738465234
        0.1400061000         4.0000000000         1.8636186610         4.7616551449        13.7738465234
        0.1450066000         4.0000000000         1.8636186610         4.8050370617        13.7738465234
        0.1500058000         4.0000000000         1.8636186610         4.8611783658        13.7738465234
        0.1550038000         4.0000000000         1.8814849490         4.9249753023        14.2392577930
        0.1600061000         4.0000000000         1.8789326221         4.9811166064        14.1727704688
        0.1650037000         4.0000000000         1.8865896027         5.0040835035        14.3722324415
        0.1700056000         4.0000000000         1.8865896027         5.0117391359        14.3722324415
        0.1750036000         4.0000000000         1.8865896027         1.1073666236        14.3722324415
        0.1800046000         4.0000000000         1.8814849490        -0.0027000711        14.2392577930
        0.1850026000         4.0000000000         1.8942465832        -0.0001481936        14.5716944141
        0.1900048000         4.0000000000         1.8942465832         0.0151630711        14.5716944141
        0.1950031000         4.0000000000         1.8993512370         0.0662006203        14.7046690626
        0.2000048000         4.0000000000         1.8891419295         0.1248938019        14.4387197657
        0.2050031000         4.0000000000         1.8993512370         0.1810351060        14.7046690626
        0.2100048000         4.0000000000         1.8967989101         0.2448320425        14.6381817384
        0.2150041000         4.0000000000         1.8942465832         0.2984214691        14.5716944141
        0.2200067000         4.0000000000         1.9172175250         0.3596665281        15.1700803322
        0.2250046000         4.0000000000         1.9121128712         0.4209115871        15.0371056837
        0.2300076000         4.0000000000         1.9223221787         0.4847085236        15.3030549806
        0.2350197000         4.0000000000         1.9146651981         0.5408498277        15.1035930080
        0.2400061000         4.0000000000         1.9121128712         0.5944392543        15.0371056837
        0.2450067000         4.0000000000         1.9248745055         0.6633399457        15.3695423049
        0.2502024000         4.0000000000         1.8789326221         0.7194812498        14.1727704688
        0.2556511000         4.0000000000         1.9223221787         0.7781744314        15.3030549806
        0.2600049000         4.0000000000         1.9223221787         0.8317638580        15.3030549806
        0.2650053000         4.0000000000         1.9248745055         0.8955607945        15.3695423049
        0.2700059000         4.0000000000         1.9274268324         0.9542539761        15.4360296291
        0.2750041000         4.0000000000         1.9376361398         1.0231546675        15.7019789260
        0.2800063000         4.0000000000         1.9274268324         1.0767440941        15.4360296291
        0.2850043000         4.0000000000         1.9452931204         1.1456447855        15.9014408987
        0.2900063000         4.0000000000         1.9325314861         1.1966823347        15.5690042775
        0.2950052000         4.0000000000         1.9376361398         1.2553755162        15.7019789260
        0.3000095000         4.0000000000         1.9274268324         1.3089649429        15.4360296291
        0.3050048000         4.0000000000         1.9376361398         1.3676581244        15.7019789260
        0.3100064000         4.0000000000         1.9325314861         1.4314550609        15.5690042775
        0.3150055000         4.0000000000         1.9452931204         1.5003557523        15.9014408987
        0.3200063000         4.0000000000         1.9503977741         1.5590489338        16.0344155471
        0.3250071000         4.0000000000         1.9478454472         1.6151902379        15.9679282229
        0.3300340000         4.0000000000         1.9401884667         1.6738834195        15.7684662502
        0.3350066000         4.0000000000         1.9401884667         1.7351284785        15.7684662502
        0.3400061000         4.0000000000         1.9503977741         1.7989254150        16.0344155471
        0.3450059000         4.0000000000         1.9427407935         1.8499629642        15.8349535744
        0.3500065000         4.0000000000         1.9401884667         1.9061042683        15.7684662502
        0.3550074000         4.0000000000         1.9478454472         1.9673493273        15.9679282229
        0.3600074000         4.0000000000         1.9529501009         2.0413537736        16.1009028714
        0.3650088000         4.0000000000         1.9478454472         2.0974950777        15.9679282229
        0.3700060000         4.0000000000         1.9401884667         2.1485326269        15.7684662502
        0.3750124000         4.0000000000         1.9580547547         2.2174333183        16.2338775198
        0.3800058000         4.0000000000         1.9478454472         2.2812302547        15.9679282229
        0.3850116000         4.0000000000         1.9631594084         2.3501309461        16.3668521683
        0.3900130000         4.0000000000         1.9503977741         2.4037203728        16.0344155471
        0.3950116000         4.0000000000         1.9529501009         2.4675173092        16.1009028714
        0.4000083000         4.0000000000         1.9503977741         2.5364180006        16.0344155471
        0.4050072000         4.0000000000         1.9555024278         2.5874555498        16.1673901956
        0.4100054000         4.0000000000         1.9580547547         2.6589081187        16.2338775198
        0.4150037000         4.0000000000         1.9580547547         2.7176013002        16.2338775198
        0.4200062000         4.0000000000         1.9529501009         2.7839501142        16.1009028714
        0.4250060000         4.0000000000         1.9580547547         2.8426432957        16.2338775198
        0.4300053000         4.0000000000         1.9555024278         2.8936808449        16.1673901956
        0.4350053000         4.0000000000         1.9452931204         2.9549259039        15.9014408987
        0.4400071000         4.0000000000         1.9529501009         3.0212747179        16.1009028714
        0.4450073000         4.0000000000         1.9503977741         3.0799678994        16.0344155471
        0.4500033000         4.0000000000         1.9631594084         3.1412129584        16.3668521683
        0.4550085000         4.0000000000         1.9555024278         3.2075617724        16.1673901956
        0.4600060000         4.0000000000         1.9682640621         3.2713587088        16.4998268167
        0.4650071000         4.0000000000         1.9503977741         3.3326037679        16.0344155471
        0.4700063000         4.0000000000         1.9606070815         3.3912969494        16.3003648440
        0.4750077000         4.0000000000         1.9555024278         3.4550938859        16.1673901956
        0.4800052000         4.0000000000         1.9606070815         3.5137870674        16.3003648440
        0.4850061000         4.0000000000         1.9555024278         3.5750321265        16.1673901956
        0.4900063000         4.0000000000         1.9606070815         3.6464846953        16.3003648440
        0.4950059000         4.0000000000         1.9503977741         3.7077297543        16.0344155471
        0.5000042000         4.0000000000         1.9682640621         3.7740785683        16.4998268167
        0.5050106000         4.0000000000         1.9529501009         3.8302198724        16.1009028714
        0.5100170000         4.0000000000         1.9529501009         3.8889130539        16.1009028714
        0.5150072000         4.0000000000         1.9555024278         3.9476062355        16.1673901956
        0.5200079000         4.0000000000         1.9503977741         4.0088512945        16.0344155471
        0.5250135000         4.0000000000         1.9427407935         4.0726482310        15.8349535744
        0.5300035000         4.0000000000         1.9580547547         4.1364451674        16.2338775198
        0.5350045000         4.0000000000         1.9529501009         4.2027939814        16.1009028714
        0.5400061000         4.0000000000         1.9580547547         4.2614871629        16.2338775198
        0.5450097000         4.0000000000         1.9606070815         4.3278359769        16.3003648440
        0.5500097000         4.0000000000         1.9555024278         4.3916329133        16.1673901956
        0.5550067000         4.0000000000         1.9657117352         4.4605336047        16.4333394925
        0.5600206000         4.0000000000         1.9503977741         4.5141230314        16.0344155471
        0.5650120000         4.0000000000         1.9401884667         4.5830237228        15.7684662502
        0.5700048000         4.0000000000         1.9631594084         4.6417169043        16.3668521683
        0.5750059000         4.0000000000         1.9631594084         4.7029619633        16.3668521683
        0.5800075000         4.0000000000         1.9580547547         4.7718626547        16.2338775198
        0.5850057000         4.0000000000         1.9631594084         4.8407633461        16.3668521683
        0.5900079000         4.0000000000         1.9606070815         4.9122159150        16.3003648440
        0.5950063000         4.0000000000         1.9733687158         4.9785647289        16.6328014652
        0.6000056000         4.0000000000         1.9606070815         5.0015316260        16.3003648440
        0.6050060000         4.0000000000         1.9503977741         4.9964278711        16.0344155471
        0.6100066000         4.0000000000         1.9529501009         1.1022628687        16.1009028714
        0.6150049000         4.0000000000         1.9580547547        -0.0001481936        16.2338775198
        0.6200079000         4.0000000000         1.9529501009         0.0024036839        16.1009028714
        0.6250071000         4.0000000000         1.9580547547         0.0381299683        16.2338775198
        0.6300121000         4.0000000000         1.9708163889         0.1146862920        16.5663141409
        0.6350077000         4.0000000000         1.9580547547         0.1733794736        16.2338775198
        0.6400050000         4.0000000000         1.9606070815         0.2422801650        16.3003648440
        0.6450088000         4.0000000000         1.9503977741         0.2933177142        16.0344155471
        0.6500063000         4.0000000000         1.9580547547         0.3622184056        16.2338775198
        0.6550042000         4.0000000000         1.9478454472         0.4234634646        15.9679282229
        0.6600095000         4.0000000000         1.9555024278         0.4898122785        16.1673901956
        0.6650063000         4.0000000000         1.9682640621         0.5612648474        16.4998268167
        0.6700084000         4.0000000000         1.9657117352         0.6250617838        16.4333394925
        0.6750044000         4.0000000000         1.9503977741         0.6812030879        16.0344155471
        0.6800136000         4.0000000000         1.9606070815         0.7475519019        16.3003648440
        0.6850042000         4.0000000000         1.9580547547         0.8011413285        16.2338775198
        0.6900055000         4.0000000000         1.9478454472         0.8649382650        15.9679282229
        0.6950052000         4.0000000000         1.9580547547         0.9338389564        16.2338775198
        0.7000052000         4.0000000000         1.9682640621         1.0052915252        16.4998268167
        0.7050056000         4.0000000000         1.9555024278         1.0639847068        16.1673901956
        0.7100116000         4.0000000000         1.9657117352         1.1277816433        16.4333394925
        0.7150046000         4.0000000000         1.9708163889         1.1915785797        16.5663141409
        0.7200055000         4.0000000000         1.9606070815         1.2477198838        16.3003648440
        0.7250064000         4.0000000000         1.9682640621         1.3166205752        16.4998268167
        0.7300064000         4.0000000000         1.9580547547         1.3702100019        16.2338775198
        0.7350065000         4.0000000000         1.9503977741         1.4263513060        16.0344155471
        0.7400066000         4.0000000000         1.9529501009         1.4901482425        16.1009028714
        0.7450041000         4.0000000000         1.9631594084         1.5539451789        16.3668521683
        0.7500080000         4.0000000000         1.9606070815         1.6253977478        16.3003648440
        0.7550061000         4.0000000000         1.9733687158         1.6840909293        16.6328014652
        0.7600053000         4.0000000000         1.9733687158         1.7478878658        16.6328014652
        0.7650088000         4.0000000000         1.9606070815         1.8014772924        16.3003648440
        0.7700046000         4.0000000000         1.9682640621         1.8652742289        16.4998268167
        0.7750031000         4.0000000000         1.9529501009         1.9214155330        16.1009028714
        0.7800060000         4.0000000000         1.9606070815         1.9877643470        16.3003648440
        0.7850092000         4.0000000000         1.9606070815         2.0515612834        16.3003648440
        0.7900062000         4.0000000000         1.9580547547         2.1128063424        16.2338775198
        0.7950051000         4.0000000000         1.9478454472         2.1740514015        15.9679282229
        0.8000064000         4.0000000000         1.9503977741         2.2327445830        16.0344155471
        0.8050219000         4.0000000000         1.9631594084         2.3067490293        16.3668521683
        0.8100066000         4.0000000000         1.9427407935         2.3577865785        15.8349535744
        0.8150046000         4.0000000000         1.9759210427         2.4317910248        16.6992887894
        0.8200088000         4.0000000000         1.9555024278         2.4853804515        16.1673901956
        0.8250048000         4.0000000000         1.9580547547         2.5593848978        16.2338775198
        0.8300055000         4.0000000000         1.9631594084         2.6104224470        16.3668521683
        0.8350051000         4.0000000000         1.9376361398         2.6716675060        15.7019789260
        0.8400362000         4.0000000000         1.9606070815         2.7380163199        16.3003648440
        0.8450045000         4.0000000000         1.9708163889         2.7992613789        16.5663141409
        0.8500031000         4.0000000000         1.9606070815         2.8605064379        16.3003648440
        0.8550056000         4.0000000000         1.9733687158         2.9294071293        16.6328014652
        0.8600490000         4.0000000000         1.9759210427         2.9906521883        16.6992887894
        0.8650035000         4.0000000000         1.9555024278         3.0442416150        16.1673901956
        0.8700038000         4.0000000000         1.9631594084         3.1105904289        16.3668521683
        0.8750068000         4.0000000000         1.9759210427         3.1820429978        16.6992887894
        0.8800065000         4.0000000000         1.9708163889         3.2458399342        16.5663141409
        0.8850066000         4.0000000000         1.9580547547         3.2943256060        16.2338775198
        0.8900098000         4.0000000000         1.9631594084         3.3632262974        16.3668521683
        0.8950062000         4.0000000000         1.9555024278         3.4219194789        16.1673901956
        0.9000041000         4.0000000000         1.9657117352         3.4857164154        16.4333394925
        0.9050045000         4.0000000000         1.9759210427         3.5571689842        16.6992887894
        0.9100057000         4.0000000000         1.9682640621         3.6107584109        16.4998268167
        0.9150099000         4.0000000000         1.9555024278         3.6745553474        16.1673901956
        0.9200050000         4.0000000000         1.9580547547         3.7332485289        16.2338775198
        0.9250071000         4.0000000000         1.9555024278         3.8021492203        16.1673901956
        0.9300053000         4.0000000000         1.9580547547         3.8659461568        16.2338775198
        0.9350045000         4.0000000000         1.9580547547         3.9220874609        16.2338775198
        0.9400071000         4.0000000000         1.9631594084         3.9858843974        16.3668521683
        0.9450042000         4.0000000000         1.9555024278         4.0522332113        16.1673901956
        0.9500039000         4.0000000000         1.9657117352         4.1083745154        16.4333394925
        0.9550049000         4.0000000000         1.9555024278         4.1747233293        16.1673901956
        0.9600093000         4.0000000000         1.9580547547         4.2385202658        16.2338775198
        0.9650067000         4.0000000000         1.9682640621         4.3023172023        16.4998268167
        0.9700034000         4.0000000000         1.9606070815         4.3635622613        16.3003648440
        0.9750039000         4.0000000000         1.9529501009         4.4350148301        16.1009028714
        0.9800027000         4.0000000000         1.9606070815         4.4962598892        16.3003648440
        0.9850038000         4.0000000000         1.9503977741         4.5549530707        16.0344155471
        0.9900044000         4.0000000000         1.9631594084         4.6289575170        16.3668521683
        0.9950060000         4.0000000000         1.9555024278         4.6799950662        16.1673901956
        1.0000423000         4.0000000000         1.9555024278         4.7488957576        16.1673901956
        1.0050047000         4.0000000000         1.9580547547         4.8152445715        16.2338775198
        1.0100048000         4.0000000000         1.9580547547         4.8841452629        16.2338775198
        1.0150049000         4.0000000000         1.9580547547         4.9453903219        16.2338775198
        1.0200041000         4.0000000000         1.9606070815         5.0117391359        16.3003648440
        1.0250041000         4.0000000000         1.9503977741         5.0015316260        16.0344155471
        1.0300039000         4.0000000000         1.9606070815         1.1150222560        16.3003648440
        1.0350036000         4.0000000000         1.9555024278        -0.0052519485        16.1673901956
        1.0400265000         4.0000000000         1.9529501009        -0.0027000711        16.1009028714
        1.0450044000         4.0000000000         1.9580547547         0.0202668261        16.2338775198
        1.0500245000         4.0000000000         1.9580547547         0.0866156400        16.2338775198
        1.0550038000         4.0000000000         1.9657117352         0.1504125765        16.4333394925
        1.0600180000         4.0000000000         1.9657117352         0.2167613904        16.4333394925
        1.0650034000         4.0000000000         1.9555024278         0.2780064494        16.1673901956
        1.0700041000         4.0000000000         1.9631594084         0.3443552634        16.3668521683
        1.0750050000         4.0000000000         1.9529501009         0.3979446900        16.1009028714
        1.0800045000         4.0000000000         1.9606070815         0.4719491363        16.3003648440
        1.0850060000         4.0000000000         1.9580547547         0.5229866855        16.2338775198
        1.0900019000         4.0000000000         1.9580547547         0.5893354994        16.2338775198
        1.0950060000         4.0000000000         1.9580547547         0.6505805584        16.2338775198
        1.1000045000         4.0000000000         1.9606070815         0.7220331273        16.3003648440
        1.1050042000         4.0000000000         1.9631594084         0.7832781863        16.3668521683
        1.1100032000         4.0000000000         1.9606070815         0.8419713679        16.3003648440
        1.1150028000         4.0000000000         1.9733687158         0.9185276916        16.6328014652
        1.1200018000         4.0000000000         1.9606070815         0.9670133634        16.3003648440
        1.1250054000         4.0000000000         1.9401884667         1.0410178097        15.7684662502
        1.1300046000         4.0000000000         1.9631594084         1.0971591138        16.3668521683
        1.1350042000         4.0000000000         1.9682640621         1.1711635601        16.4998268167
        1.1400033000         4.0000000000         1.9555024278         1.2196492318        16.1673901956
        1.1450043000         4.0000000000         1.9631594084         1.2834461683        16.3668521683
        1.1500034000         4.0000000000         1.9784733695         1.3574506146        16.7657761136
        1.1550038000         4.0000000000         1.9657117352         1.4084881638        16.4333394925
        1.1600055000         4.0000000000         1.9759210427         1.4799407326        16.6992887894
        1.1650063000         4.0000000000         1.9606070815         1.5411857916        16.3003648440
        1.1700046000         4.0000000000         1.9606070815         1.5973270957        16.3003648440
        1.1750048000         4.0000000000         1.9682640621         1.6687796646        16.4998268167
        1.1800502000         4.0000000000         1.9708163889         1.7198172138        16.5663141409
        1.1850047000         4.0000000000         1.9631594084         1.7912697826        16.3668521683
        1.1900061000         4.0000000000         1.9759210427         1.8576185965        16.6992887894
        1.1950047000         4.0000000000         1.9503977741         1.9086561457        16.0344155471
        1.2000891000         4.0000000000         1.9682640621         1.9724530822        16.4998268167
        1.2050039000         4.0000000000         1.9580547547         2.0388018961        16.2338775198
        1.2100035000         4.0000000000         1.9708163889         2.1000469552        16.5663141409
        1.2150046000         4.0000000000         1.9503977741         2.1561882593        16.0344155471
        1.2200049000         4.0000000000         1.9759210427         2.2352964605        16.6992887894
        1.2250790000         4.0000000000         1.9580547547         2.2888858871        16.2338775198
        1.2300042000         4.0000000000         1.9631594084         2.3501309461        16.3668521683
        1.2350060000         4.0000000000         1.9606070815         2.4139278826        16.3003648440
        1.2400064000         4.0000000000         1.9606070815         2.4726210642        16.3003648440
        1.2450044000         4.0000000000         1.9708163889         2.5440736330        16.5663141409
        1.2500104000         4.0000000000         1.9631594084         2.6002149371        16.3668521683
        1.2550092000         4.0000000000         1.9682640621         2.6665637511        16.4998268167
        1.2600056000         4.0000000000         1.9631594084         2.7252569326        16.3668521683
        1.2650045000         4.0000000000         1.9325314861         2.7865019916        15.5690042775
        1.2700041000         4.0000000000         1.9580547547         2.8605064379        16.2338775198
        1.2750065000         4.0000000000         1.9733687158         2.9115439871        16.6328014652
        1.2800050000         4.0000000000         1.9580547547         2.9778928011        16.2338775198
        1.2850039000         4.0000000000         1.9682640621         3.0493453699        16.4998268167
        1.2900031000         4.0000000000         1.9682640621         3.1029347965        16.4998268167
        1.2950030000         4.0000000000         1.9682640621         3.1692836105        16.4998268167
        1.3000195000         4.0000000000         1.9555024278         3.2305286695        16.1673901956
        1.3050085000         4.0000000000         1.9657117352         3.2892218510        16.4333394925
        1.3100039000         4.0000000000         1.9529501009         3.3479150326        16.1009028714
        1.3150035000         4.0000000000         1.9631594084         3.4168157240        16.3668521683
        1.3200032000         4.0000000000         1.9631594084         3.4806126605        16.3668521683
        1.3250049000         4.0000000000         1.9580547547         3.5367539646        16.2338775198
        1.3300026000         4.0000000000         1.9580547547         3.6082065334        16.2338775198
        1.3350013000         4.0000000000         1.9682640621         3.6668997150        16.4998268167
        1.3400047000         4.0000000000         1.9606070815         3.7306966515        16.3003648440
        1.3450045000         4.0000000000         1.9580547547         3.7944935879        16.2338775198
        1.3500044000         4.0000000000         1.9759210427         3.8659461568        16.6992887894
        1.3550046000         4.0000000000         1.9503977741         3.9118799510        16.0344155471
        1.3600055000         4.0000000000         1.9606070815         3.9782287650        16.3003648440
        1.3650094000         4.0000000000         1.9631594084         4.0420257015        16.3668521683
        1.3700045000         4.0000000000         1.9529501009         4.0981670056        16.1009028714
        1.3750070000         4.0000000000         1.9657117352         4.1747233293        16.4333394925
        1.3800247000         4.0000000000         1.9631594084         4.2359683883        16.3668521683
        1.3850387000         4.0000000000         1.9657117352         4.2921096924        16.4333394925
        1.3900054000         4.0000000000         1.9555024278         4.3584585064        16.1673901956
        1.3950095000         4.0000000000         1.9580547547         4.4197035654        16.2338775198
        1.4000077000         4.0000000000         1.9657117352         4.4886042568        16.4333394925
        1.4050093000         4.0000000000         1.9503977741         4.5472974383        16.0344155471
        1.4100051000         4.0000000000         1.9555024278         4.6085424974        16.1673901956
        1.4150067000         4.0000000000         1.9580547547         4.6799950662        16.2338775198
        1.4200056000         4.0000000000         1.9555024278         4.7386882478        16.1673901956
        1.4250066000         4.0000000000         1.9708163889         4.8050370617        16.5663141409
        1.4300039000         4.0000000000         1.9657117352         4.8739377531        16.4333394925
        1.4350040000         4.0000000000         1.9555024278         4.9300790572        16.1673901956
        1.4400066000         4.0000000000         1.9682640621         5.0015316260        16.4998268167
        1.4450032000         4.0000000000         1.9606070815         5.0066353810        16.3003648440
        1.4500028000         4.0000000000         1.9606070815         4.9887722387        16.3003648440
        1.4550040000         4.0000000000         1.9657117352         0.0126111937        16.4333394925
        1.4600034000         4.0000000000         1.9580547547        -0.0001481936        16.2338775198
        1.4650033000         4.0000000000         1.9555024278         0.0100593162        16.1673901956
        1.4700041000         4.0000000000         1.9580547547         0.0713043752        16.2338775198
        1.4750040000         4.0000000000         1.9606070815         0.1427569441        16.3003648440
        1.4800049000         4.0000000000         1.9223221787         0.2014501257        15.3030549806
        1.4850047000         4.0000000000         1.9708163889         0.2729026945        16.5663141409
        1.4900032000         4.0000000000         1.9631594084         0.3315958761        16.3668521683
        1.4950036000         4.0000000000         1.9708163889         0.4004965675        16.5663141409
        1.5000040000         4.0000000000         1.9503977741         0.4489822392        16.0344155471
        1.5050033000         4.0000000000         1.9580547547         0.5229866855        16.2338775198
        1.5100040000         4.0000000000         1.9657117352         0.5842317445        16.4333394925
        1.5150039000         4.0000000000         1.9708163889         0.6480286810        16.5663141409
        1.5200171000         4.0000000000         1.9555024278         0.7118256175        16.1673901956
        1.5250041000         4.0000000000         1.9631594084         0.7756225539        16.3668521683
        1.5300068000         4.0000000000         1.9606070815         0.8419713679        16.3003648440
        1.5350063000         4.0000000000         1.9759210427         0.9108720593        16.6992887894
        1.5400045000         4.0000000000         1.9631594084         0.9670133634        16.3668521683
        1.5450034000         4.0000000000         1.9555024278         1.0282584224        16.1673901956
        1.5500033000         4.0000000000         1.9682640621         1.0946072363        16.4998268167
        1.5550050000         4.0000000000         1.9657117352         1.1584041728        16.4333394925
        1.5600035000         4.0000000000         1.9274268324         1.2222011093        15.4360296291
        1.5650040000         4.0000000000         1.9529501009         1.2783424134        16.1009028714
        1.5700349000         4.0000000000         1.9657117352         1.3472431047        16.4333394925
        1.5750036000         4.0000000000         1.9682640621         1.4059362863        16.4998268167
        1.5800061000         4.0000000000         1.9682640621         1.4646294679        16.4998268167
        1.5850069000         4.0000000000         1.9682640621         1.5360820367        16.4998268167
        1.5900049000         4.0000000000         1.9682640621         1.6049827281        16.4998268167
        1.5950037000         4.0000000000         1.9555024278         1.6509165224        16.1673901956
        1.6000028000         4.0000000000         1.9580547547         1.7147134588        16.2338775198
        1.6050045000         4.0000000000         1.9733687158         1.7861660277        16.6328014652
        1.6100039000         4.0000000000         1.9631594084         1.8448592093        16.3668521683
        1.6150038000         4.0000000000         1.9503977741         1.9010005134        16.0344155471
        1.6200602000         4.0000000000         1.9580547547         1.9596936949        16.2338775198
        1.6250039000         4.0000000000         1.9580547547         2.0260425088        16.2338775198
        1.6300029000         4.0000000000         1.9682640621         2.0949432002        16.4998268167
        1.6350047000         4.0000000000         1.9606070815         2.1536363818        16.3003648440
        1.6400070000         4.0000000000         1.9708163889         2.2174333183        16.5663141409
        1.6450593000         4.0000000000         1.9631594084         2.2812302547        16.3668521683
        1.6500033000         4.0000000000         1.9555024278         2.3399234363        16.1673901956
        1.6550046000         4.0000000000         1.9733687158         2.4139278826        16.6328014652
        1.6600073000         4.0000000000         1.9580547547         2.4675173092        16.2338775198
        1.6650037000         4.0000000000         1.9682640621         2.5287623683        16.4998268167
        1.6700015000         4.0000000000         1.9657117352         2.5951111822        16.4333394925
        1.6750042000         4.0000000000         1.9682640621         2.6563562412        16.4998268167
        1.6800034000         4.0000000000         1.9682640621         2.7227050552        16.4998268167
        1.6850031000         4.0000000000         1.9606070815         2.7788463592        16.3003648440
        1.6900058000         4.0000000000         1.9606070815         2.8477470506        16.3003648440
        1.6950048000         4.0000000000         1.9708163889         2.9089921097        16.5663141409
        1.7000045000         4.0000000000         1.9784733695         2.9804446785        16.7657761136
        1.7050036000         4.0000000000         1.9682640621         3.0365859826        16.4998268167
        1.7100047000         4.0000000000         1.9657117352         3.0978310416        16.4333394925
        1.7150032000         4.0000000000         1.9759210427         3.1667317330        16.6992887894
        1.7200047000         4.0000000000         1.9784733695         3.2305286695        16.7657761136
        1.7250035000         4.0000000000         1.9733687158         3.2892218510        16.6328014652
        1.7300080000         4.0000000000         1.9733687158         3.3632262974        16.6328014652
        1.7350058000         4.0000000000         1.9606070815         3.4193676015        16.3003648440
        1.7400047000         4.0000000000         1.9580547547         3.4729570281        16.2338775198
        1.7451622000         4.0000000000         1.9555024278         3.5367539646        16.1673901956
        1.7500049000         4.0000000000         1.9631594084         3.6056546560        16.3668521683
        1.7550083000         4.0000000000         1.9631594084         3.6771072248        16.3668521683
        1.7600049000         4.0000000000         1.9657117352         3.7306966515        16.4333394925
        1.7650072000         4.0000000000         1.9708163889         3.8021492203        16.5663141409
        1.7700050000         4.0000000000         1.9682640621         3.8633942793        16.4998268167
        1.7750065000         4.0000000000         1.9529501009         3.9144318285        16.1009028714
        1.7800045000         4.0000000000         1.9606070815         3.9782287650        16.3003648440
        1.7850061000         4.0000000000         1.9478454472         4.0420257015        15.9679282229
        1.7900055000         4.0000000000         1.9759210427         4.1083745154        16.6992887894
        1.7950043000         4.0000000000         1.9580547547         4.1670676969        16.2338775198
        1.8000048000         4.0000000000         1.9555024278         4.2257608785        16.1673901956
        1.8050064000         4.0000000000         1.9580547547         4.2844540601        16.2338775198
        1.8100377000         4.0000000000         1.9478454472         4.3482509965        15.9679282229
        1.8151935000         4.0000000000         1.9555024278         4.4145998105        16.1673901956
        1.8200058000         4.0000000000         1.9529501009         4.4758448695        16.1009028714
        1.8250046000         4.0000000000         1.9580547547         4.5421936834        16.2338775198
        1.8300041000         4.0000000000         1.9555024278         4.6008868650        16.1673901956
        1.8350049000         4.0000000000         1.9401884667         4.6697875564        15.7684662502
        1.8400038000         4.0000000000         1.9606070815         4.7361363703        16.3003648440
        1.8450048000         4.0000000000         1.9606070815         4.8024851842        16.3003648440
        1.8500048000         4.0000000000         1.9529501009         4.8764896306        16.1009028714
        1.8550053000         4.0000000000         1.9708163889         4.9326309346        16.5663141409
        1.8600049000         4.0000000000         1.9606070815         5.0040835035        16.3003648440
        1.8650049000         4.0000000000         1.9478454472         5.0066353810        15.9679282229
        1.8700034000         4.0000000000         1.9555024278         4.9938759937        16.1673901956
        1.8750060000         4.0000000000         1.9606070815         1.1124703785        16.3003648440
        1.8800038000         4.0000000000         1.9452931204        -0.0052519485        15.9014408987
        1.8850109000         4.0000000000         1.9631594084         0.0075074388        16.3668521683
        1.8900048000         4.0000000000         1.9555024278         0.0662006203        16.1673901956
        1.8950053000         4.0000000000         1.9478454472         0.1248938019        15.9679282229
        1.9000057000         4.0000000000         1.9657117352         0.2014501257        16.4333394925
        1.9050085000         4.0000000000         1.9555024278         0.2652470621        16.1673901956
        1.9100037000         4.0000000000         1.9529501009         0.3188364888        16.1009028714
        1.9150098000         4.0000000000         1.9682640621         0.3877371802        16.4998268167
        1.9200070000         4.0000000000         1.9606070815         0.4515341166        16.3003648440
        1.9250046000         4.0000000000         1.9580547547         0.5153310531        16.2338775198
        1.9300053000         4.0000000000         1.9606070815         0.5893354994        16.3003648440
        1.9350073000         4.0000000000         1.9657117352         0.6505805584        16.4333394925
        1.9400093000         4.0000000000         1.9580547547         0.7067218625        16.2338775198
        1.9450066000         4.0000000000         1.9631594084         0.7654150441        16.3668521683
        1.9500039000         4.0000000000         1.9682640621         0.8394194904        16.4998268167
        1.9550047000         4.0000000000         1.9580547547         0.8981126720        16.2338775198
        1.9600032000         4.0000000000         1.9708163889         0.9670133634        16.5663141409
        1.9650115000         4.0000000000         1.9631594084         1.0308102998        16.3668521683
        1.9700043000         4.0000000000         1.9682640621         1.0946072363        16.4998268167
        1.9750050000         4.0000000000         1.9606070815         1.1456447855        16.3003648440
        1.9800055000         4.0000000000         1.9631594084         1.2119935994        16.3668521683
        1.9850055000         4.0000000000         1.9503977741         1.2706867810        16.0344155471
        1.9900064000         4.0000000000         1.9529501009         1.3293799625        16.1009028714
        1.9950066000         4.0000000000         1.9580547547         1.3906250215        16.2338775198
        2.0000085000         4.0000000000         1.9580547547         1.4646294679        16.2338775198
        2.0050108000         4.0000000000         1.9657117352         1.5156670170        16.4333394925
        2.0100097000         4.0000000000         1.9580547547         1.5820158310        16.2338775198
        2.0150085000         4.0000000000         1.9503977741         1.6407090125        16.0344155471
        2.0200053000         4.0000000000         1.9657117352         1.7121615814        16.4333394925
        2.0250146000         4.0000000000         1.9631594084         1.7657510080        16.3668521683
        2.0300061000         4.0000000000         1.9529501009         1.8295479445        16.1009028714
        2.0350141000         4.0000000000         1.9248745055         1.9010005134        15.3695423049
        2.0400052000         4.0000000000         1.9759210427         1.9647974498        16.6992887894
        2.0450076000         4.0000000000         1.9580547547         2.0234906314        16.2338775198
        2.0501244000         4.0000000000         1.9708163889         2.0847356904        16.5663141409
        2.0550118000         4.0000000000         1.9631594084         2.1383251170        16.3668521683
        2.0600060000         4.0000000000         1.9631594084         2.2046739310        16.3668521683
        2.0650036000         4.0000000000         1.9606070815         2.2633671125        16.3003648440
        2.0700119000         4.0000000000         1.9657117352         2.3297159265        16.4333394925
        2.0750046000         4.0000000000         1.9478454472         2.3909609855        15.9679282229
        2.0800059000         4.0000000000         1.9682640621         2.4573097994        16.4998268167
        2.0850060000         4.0000000000         1.9784733695         2.5236586133        16.7657761136
        2.0900048000         4.0000000000         1.9606070815         2.5849036724        16.3003648440
        2.0950037000         4.0000000000         1.9810256964         2.6538043638        16.8322634378
        2.1000048000         4.0000000000         1.9861303501         2.7176013002        16.9652380863
        2.1050043000         4.0000000000         1.9682640621         2.7737426043        16.4998268167
        2.1100046000         4.0000000000         1.9682640621         2.8324357859        16.4998268167
        2.1150038000         4.0000000000         1.9759210427         2.9013364773        16.6992887894
        2.1200050000         4.0000000000         1.9631594084         2.9651334138        16.3668521683
        2.1250114000         4.0000000000         1.9657117352         3.0212747179        16.4333394925
        2.1300021000         4.0000000000         1.9784733695         3.0978310416        16.7657761136
        2.1350039000         4.0000000000         1.9631594084         3.1463167133        16.3668521683
        2.1400020000         4.0000000000         1.9580547547         3.2101136498        16.2338775198
        2.1450114000         4.0000000000         1.9631594084         3.2764624638        16.3668521683
        2.1500069000         4.0000000000         1.9580547547         3.3428112777        16.2338775198
        2.1550035000         4.0000000000         1.9733687158         3.3989525818        16.6328014652
        2.1600118000         4.0000000000         1.9606070815         3.4729570281        16.3003648440
        2.1650050000         4.0000000000         1.9555024278         3.5342020871        16.1673901956
        2.1700047000         4.0000000000         1.9759210427         3.5979990236        16.6992887894
        2.1750041000         4.0000000000         1.9478454472         3.6515884502        15.9679282229
        2.1800039000         4.0000000000         1.9657117352         3.7230410191        16.4333394925
        2.1850038000         4.0000000000         1.9733687158         3.7893898330        16.6328014652
        2.1900057000         4.0000000000         1.9708163889         3.8506348920        16.5663141409
        2.1950046000         4.0000000000         1.9631594084         3.9067761961        16.3668521683
        2.2000074000         4.0000000000         1.9657117352         3.9705731326        16.4333394925
        2.2050206000         4.0000000000         1.9606070815         4.0318181916        16.3003648440
        2.2100067000         4.0000000000         1.9657117352         4.0981670056        16.4333394925
        2.2150039000         4.0000000000         1.9631594084         4.1517564322        16.3668521683
        2.2200184000         4.0000000000         1.9759210427         4.2283127560        16.6992887894
        2.2250041000         4.0000000000         1.9657117352         4.2870059375        16.4333394925
        2.2300020000         4.0000000000         1.9606070815         4.3405953642        16.3003648440
        2.2350030000         4.0000000000         1.9223221787         4.4120479330        15.3030549806
        2.2400025000         4.0000000000         1.9606070815         4.4732929920        16.3003648440
        2.2450034000         4.0000000000         1.9657117352         4.5396418060        16.4333394925
        2.2500380000         4.0000000000         1.9682640621         4.6034387424        16.4998268167
        2.2550056000         4.0000000000         1.9631594084         4.6697875564        16.3668521683
        2.2600106000         4.0000000000         1.9657117352         4.7412401252        16.4333394925
        2.2650061000         4.0000000000         1.9529501009         4.7999333068        16.1009028714
        2.2700130000         4.0000000000         1.9529501009         4.8637302433        16.1009028714
        2.2750186000         4.0000000000         1.9708163889         4.9351828121        16.5663141409
        2.2800049000         4.0000000000         1.9682640621         5.0015316260        16.4998268167
        2.2850131000         4.0000000000         1.9606070815         5.0091872584        16.3003648440
        2.2900104000         4.0000000000         1.9274268324         5.0040835035        15.4360296291
        2.2950040000         4.0000000000         1.9657117352         1.1175741334        16.4333394925
        2.3000054000         4.0000000000         1.9631594084         0.0024036839        16.3668521683
        2.3050060000         4.0000000000         1.9248745055         0.0049555613        15.3695423049
        2.3100036000         4.0000000000         1.9657117352         0.0662006203        16.4333394925
        2.3150045000         4.0000000000         1.9631594084         0.1376531892        16.3668521683
        2.3200049000         4.0000000000         1.9529501009         0.1988982482        16.1009028714
        2.3250047000         4.0000000000         1.9555024278         0.2652470621        16.1673901956
        2.3300047000         4.0000000000         1.9606070815         0.3213883662        16.3003648440
        2.3350048000         4.0000000000         1.9631594084         0.3902890576        16.3668521683
        2.3400352000         4.0000000000         1.9555024278         0.4489822392        16.1673901956
        2.3450046000         4.0000000000         1.9606070815         0.5127791757        16.3003648440
        2.3500054000         4.0000000000         1.9657117352         0.5893354994        16.4333394925
        2.3550036000         4.0000000000         1.9606070815         0.6454768035        16.3003648440
        2.3600253000         4.0000000000         1.9631594084         0.7194812498        16.3668521683
        2.3651660000         4.0000000000         1.9580547547         0.7654150441        16.2338775198
        2.3700044000         4.0000000000         1.9631594084         0.8317638580        16.3668521683
        2.3750051000         4.0000000000         1.9784733695         0.9057683043        16.7657761136
        2.3800042000         4.0000000000         1.9657117352         0.9644614859        16.4333394925
        2.3850050000         4.0000000000         1.9555024278         1.0154990351        16.1673901956
        2.3900054000         4.0000000000         1.9784733695         1.0971591138        16.7657761136
        2.3950051000         4.0000000000         1.9784733695         1.1584041728        16.7657761136
        2.4000243000         4.0000000000         1.9580547547         1.2145454769        16.2338775198
        2.4050436000         4.0000000000         1.9708163889         1.2834461683        16.5663141409
        2.4100056000         4.0000000000         1.9631594084         1.3421393498        16.3668521683
        2.4150036000         4.0000000000         1.9682640621         1.4110400412        16.4998268167
        2.4200050000         4.0000000000         1.9733687158         1.4646294679        16.6328014652
        2.4250033000         4.0000000000         1.9657117352         1.5335301593        16.4333394925
        2.4300039000         4.0000000000         1.9682640621         1.5998789732        16.4998268167
        2.4350060000         4.0000000000         1.9733687158         1.6534683998        16.6328014652
        2.4400393000         4.0000000000         1.9759210427         1.7198172138        16.6992887894
        2.4450039000         4.0000000000         1.9631594084         1.7734066404        16.3668521683
        2.4500379000         4.0000000000         1.9682640621         1.8423073318        16.4998268167
        2.4550056000         4.0000000000         1.9657117352         1.9010005134        16.4333394925
        2.4600479000         4.0000000000         1.9682640621         1.9622455724        16.4998268167
        2.4650050000         4.0000000000         1.9784733695         2.0362500187        16.7657761136
        2.4700045000         4.0000000000         1.9733687158         2.0923913228        16.6328014652
        2.4750035000         4.0000000000         1.9733687158         2.1612920142        16.6328014652
        2.4800044000         4.0000000000         1.9708163889         2.2199851957        16.5663141409
        2.4850028000         4.0000000000         1.9708163889         2.2786783773        16.5663141409
        2.4900034000         4.0000000000         1.9682640621         2.3475790687        16.4998268167
        2.4950036000         4.0000000000         1.9810256964         2.4139278826        16.8322634378
        2.5000284000         4.0000000000         1.9682640621         2.4700691867        16.4998268167
        2.5050032000         4.0000000000         1.9759210427         2.5440736330        16.6992887894
        2.5100044000         4.0000000000         1.9657117352         2.6053186920        16.4333394925
        2.5150034000         4.0000000000         1.9708163889         2.6614599961        16.5663141409
        2.5200029000         4.0000000000         1.9682640621         2.7303606875        16.4998268167
        2.5250064000         4.0000000000         1.9912350038         2.8018132564        17.0982127348
        2.5300025000         4.0000000000         1.9657117352         2.8554026830        16.4333394925
        2.5350044000         4.0000000000         1.9631594084         2.9140958646        16.3668521683
        2.5400033000         4.0000000000         1.9733687158         2.9804446785        16.6328014652
        2.5450030000         4.0000000000         1.9784733695         3.0518972474        16.7657761136
        2.5500016000         4.0000000000         1.9631594084         3.1054866740        16.3668521683
        2.5550022000         4.0000000000         1.9708163889         3.1769392429        16.5663141409
        2.5600064000         4.0000000000         1.9606070815         3.2381843019        16.3003648440
        2.5650046000         4.0000000000         1.9759210427         3.2968774834        16.6992887894
        2.5700015000         4.0000000000         1.9733687158         3.3708819297        16.6328014652
        2.5750039000         4.0000000000         1.9708163889         3.4270232338        16.5663141409
        2.5800043000         4.0000000000         1.9759210427         3.4959239252        16.6992887894
        2.5850039000         4.0000000000         1.9657117352         3.5469614744        16.4333394925
        2.5900027000         4.0000000000         1.9784733695         3.6209659207        16.7657761136
        2.5950036000         4.0000000000         1.9529501009         3.6745553474        16.1009028714
        2.6000023000         4.0000000000         1.9708163889         3.7383522838        16.5663141409
        2.6050030000         4.0000000000         1.9682640621         3.8123567301        16.4998268167
        2.6100019000         4.0000000000         1.9784733695         3.8684980342        16.7657761136
        2.6150215000         4.0000000000         1.9682640621         3.9399506031        16.4998268167
        2.6200038000         4.0000000000         1.9223221787         3.9935400297        15.3030549806
        2.6250019000         4.0000000000         1.9682640621         4.0547850888        16.4998268167
        2.6300050000         4.0000000000         1.9708163889         4.1185820252        16.5663141409
        2.6350039000         4.0000000000         1.9503977741         4.1798270842        16.0344155471
        2.6400049000         4.0000000000         1.9708163889         4.2487277756        16.5663141409
        2.6450040000         4.0000000000         1.9682640621         4.3125247121        16.4998268167
        2.6500042000         4.0000000000         1.9503977741         4.3661141388        16.0344155471
        2.6550053000         4.0000000000         1.9759210427         4.4375667076        16.6992887894
        2.6600059000         4.0000000000         1.9657117352         4.5064673990        16.4333394925
        2.6650043000         4.0000000000         1.9606070815         4.5753680904        16.3003648440
        2.6700035000         4.0000000000         1.9759210427         4.6366131494        16.6992887894
        2.6750036000         4.0000000000         1.9580547547         4.7004100859        16.2338775198
        2.6800040000         4.0000000000         1.9478454472         4.7591032674        15.9679282229
        2.6850035000         4.0000000000         1.9682640621         4.8229002039        16.4998268167
        2.6900034000         4.0000000000         1.9452931204         4.8866971404        15.9014408987
        2.6950035000         4.0000000000         1.9682640621         4.9632534642        16.4998268167
        2.7000034000         4.0000000000         1.9657117352         5.0117391359        16.4333394925
        2.7050016000         4.0000000000         1.9682640621         5.0142910133        16.4998268167
        2.7100037000         4.0000000000         1.9606070815         1.1073666236        16.3003648440
        2.7150063000         4.0000000000         1.9682640621         0.0075074388        16.4998268167
        2.7200039000         4.0000000000         1.9682640621         0.0100593162        16.4998268167
        2.7250055000         4.0000000000         1.9606070815         0.0279224584        16.3003648440
        2.7300034000         4.0000000000         1.9631594084         0.0993750273        16.3668521683
        2.7350055000         4.0000000000         1.9580547547         0.1555163314        16.2338775198
        2.7400072000         4.0000000000         1.9657117352         0.2295207777        16.4333394925
        2.7450131000         4.0000000000         1.9733687158         0.3009733466        16.6328014652
        2.7500087000         4.0000000000         1.9784733695         0.3622184056        16.7657761136
        2.7550135000         4.0000000000         1.9529501009         0.4183597097        16.1009028714
        2.7600048000         4.0000000000         1.9682640621         0.4847085236        16.4998268167
        2.7650126000         4.0000000000         1.9733687158         0.5612648474        16.6328014652
        2.7700095000         4.0000000000         1.9708163889         0.6174061515        16.5663141409
        2.7750126000         4.0000000000         1.9657117352         0.6837549654        16.4333394925
        2.7800065000         4.0000000000         1.9733687158         0.7526556568        16.6328014652
        2.7850127000         4.0000000000         1.9657117352         0.8036932060        16.4333394925
        2.7900058000         4.0000000000         1.9733687158         0.8776976523        16.6328014652
        2.7950047000         4.0000000000         1.9759210427         0.9363908338        16.6992887894
        2.8000048000         4.0000000000         1.9682640621         1.0027396478        16.4998268167
        2.8050077000         4.0000000000         1.9708163889         1.0665365843        16.5663141409
        2.8100090000         4.0000000000         1.9657117352         1.1277816433        16.4333394925
        2.8150046000         4.0000000000         1.9631594084         1.1915785797        16.3668521683
        2.8200051000         4.0000000000         1.9810256964         1.2528236388        16.8322634378
        2.8250048000         4.0000000000         1.9708163889         1.3217243302        16.5663141409
        2.8300048000         4.0000000000         1.9682640621         1.3727618793        16.4998268167
        2.8350049000         4.0000000000         1.9708163889         1.4442144482        16.5663141409
        2.8400055000         4.0000000000         1.9682640621         1.5029076297        16.4998268167
        2.8450063000         4.0000000000         1.9580547547         1.5667045662        16.2338775198
        2.8500050000         4.0000000000         1.9657117352         1.6253977478        16.4333394925
        2.8550063000         4.0000000000         1.9657117352         1.6891946843        16.4333394925
        2.8600063000         4.0000000000         1.9861303501         1.7606472531        16.9652380863
        2.8650049000         4.0000000000         1.9708163889         1.8167885572        16.5663141409
        2.8700040000         4.0000000000         1.9708163889         1.8805854937        16.5663141409
        2.8750065000         4.0000000000         1.9759210427         1.9494861851        16.6992887894
        2.8800042000         4.0000000000         1.9657117352         2.0030756117        16.4333394925
        2.8850060000         4.0000000000         1.9759210427         2.0719763031        16.6992887894
        2.8900045000         4.0000000000         1.9682640621         2.1357732396        16.4998268167
        2.8950069000         4.0000000000         1.9631594084         2.1944664211        16.3668521683
        2.9000093000         4.0000000000         1.9733687158         2.2633671125        16.6328014652
        2.9050066000         4.0000000000         1.9657117352         2.3220602941        16.4333394925
        2.9100084000         4.0000000000         1.9657117352         2.3909609855        16.4333394925
        2.9150175000         4.0000000000         1.9861303501         2.4547579220        16.9652380863
        2.9200362000         4.0000000000         1.9682640621         2.5185548584        16.4998268167
        2.9250050000         4.0000000000         1.9657117352         2.5721442851        16.4333394925
        2.9300861000         4.0000000000         1.9682640621         2.6435968539        16.4998268167
        2.9350060000         4.0000000000         1.9606070815         2.6997381580        16.3003648440
        2.9400091000         4.0000000000         1.9784733695         2.7711907269        16.7657761136
        2.9450057000         4.0000000000         1.9657117352         2.8247801535        16.4333394925
        2.9500116000         4.0000000000         1.9682640621         2.8911289674        16.4998268167
        2.9550083000         4.0000000000         1.9733687158         2.9651334138        16.6328014652
        2.9600065000         4.0000000000         1.9606070815         3.0161709629        16.3003648440
        2.9650048000         4.0000000000         1.9682640621         3.0850716543        16.4998268167
        2.9700071000         4.0000000000         1.9682640621         3.1463167133        16.4998268167
        2.9750053000         4.0000000000         1.9784733695         3.2203211597        16.7657761136
        2.9800102000         4.0000000000         1.9810256964         3.2739105863        16.8322634378
        2.9850051000         4.0000000000         1.9606070815         3.3428112777        16.3003648440
        2.9900071000         4.0000000000         1.9657117352         3.4015044592        16.4333394925
        2.9950082000         4.0000000000         1.9606070815         3.4601976408        16.3003648440
        3.0000065000         4.0000000000         1.9682640621         3.5367539646        16.4998268167
        3.0050056000         4.0000000000         1.9835780232         3.5928952687        16.8987507621
        3.0100049000         4.0000000000         1.9580547547         3.6541403277        16.2338775198
        3.0150068000         4.0000000000         1.9682640621         3.7255928965        16.4998268167
        3.0200070000         4.0000000000         1.9580547547         3.7740785683        16.2338775198
        3.0250072000         4.0000000000         1.9708163889         3.8455311371        16.5663141409
        3.0300085000         4.0000000000         1.9708163889         3.9144318285        16.5663141409
        3.0350067000         4.0000000000         1.9759210427         3.9756768875        16.6992887894
        3.0400077000         4.0000000000         1.9657117352         4.0318181916        16.4333394925
        3.0450069000         4.0000000000         1.9631594084         4.0956151281        16.3668521683
        3.0500101000         4.0000000000         1.9708163889         4.1645158195        16.5663141409
        3.0550087000         4.0000000000         1.9682640621         4.2232090010        16.4998268167
        3.0600119000         4.0000000000         1.9606070815         4.2793503051        16.3003648440
        3.0650091000         4.0000000000         1.9631594084         4.3508028740        16.3668521683
        3.0700075000         4.0000000000         1.9708163889         4.4197035654        16.5663141409
        3.0750065000         4.0000000000         1.9529501009         4.4758448695        16.1009028714
        3.0800078000         4.0000000000         1.9682640621         4.5447455609        16.4998268167
        3.0850054000         4.0000000000         1.9631594084         4.5983349875        16.3668521683
        3.0900087000         4.0000000000         1.9580547547         4.6697875564        16.2338775198
        3.0950076000         4.0000000000         1.9733687158         4.7412401252        16.6328014652
        3.1000069000         4.0000000000         1.9657117352         4.7999333068        16.4333394925
        3.1050063000         4.0000000000         1.9606070815         4.8713858756        16.3003648440
        3.1100056000         4.0000000000         1.9657117352         4.9351828121        16.4333394925
        3.1150077000         4.0000000000         1.9657117352         4.9989797486        16.4333394925
        3.1200072000         4.0000000000         1.9682640621         5.0142910133        16.4998268167
        3.1250165000         4.0000000000         1.9580547547         5.0066353810        16.2338775198
        3.1300056000         4.0000000000         1.9733687158         1.1073666236        16.6328014652
        3.1350043000         4.0000000000         1.9529501009        -0.0001481936        16.1009028714
        3.1400083000         4.0000000000         1.9580547547         0.0075074388        16.2338775198
        3.1450460000         4.0000000000         1.9708163889         0.0687524978        16.5663141409
        3.1500040000         4.0000000000         1.9682640621         0.1376531892        16.4998268167
        3.1550105000         4.0000000000         1.9631594084         0.2091057580        16.3668521683
        3.1600070000         4.0000000000         1.9784733695         0.2703508170        16.7657761136
        3.1650060000         4.0000000000         1.9682640621         0.3315958761        16.4998268167
        3.1700090000         4.0000000000         1.9682640621         0.3953928125        16.4998268167
        3.1750050000         4.0000000000         1.9733687158         0.4642935039        16.6328014652
        3.1800082000         4.0000000000         1.9631594084         0.5153310531        16.3668521683
        3.1850052000         4.0000000000         1.9606070815         0.5816798670        16.3003648440
        3.1900090000         4.0000000000         1.9784733695         0.6556843134        16.7657761136
        3.1950049000         4.0000000000         1.9708163889         0.7220331273        16.5663141409
        3.2000068000         4.0000000000         1.9708163889         0.7807263088        16.5663141409
        3.2050060000         4.0000000000         1.9606070815         0.8394194904        16.3003648440
        3.2100058000         4.0000000000         1.9606070815         0.9006645494        16.3003648440
        3.2150073000         4.0000000000         1.9631594084         0.9721171183        16.3668521683
        3.2200064000         4.0000000000         1.9733687158         1.0384659322        16.6328014652
        3.2250070000         4.0000000000         1.9631594084         1.0997109912        16.3668521683
        3.2300075000         4.0000000000         1.9759210427         1.1686116826        16.6992887894
        3.2350046000         4.0000000000         1.9810256964         1.2298567416        16.8322634378
        3.2400067000         4.0000000000         1.9682640621         1.2987574330        16.4998268167
        3.2450046000         4.0000000000         1.9733687158         1.3523468597        16.6328014652
        3.2500068000         4.0000000000         1.9784733695         1.4161437961        16.7657761136
        3.2550203000         4.0000000000         1.9759210427         1.4850444875        16.6992887894
        3.2600060000         4.0000000000         1.9810256964         1.5462895465        16.8322634378
        3.2650053000         4.0000000000         1.9682640621         1.6075346056        16.4998268167
        3.2700047000         4.0000000000         1.9631594084         1.6687796646        16.3668521683
        3.2750050000         4.0000000000         1.9759210427         1.7300247236        16.6992887894
        3.2800039000         4.0000000000         1.9759210427         1.7836141502        16.6992887894
        3.2850060000         4.0000000000         1.9682640621         1.8525148416        16.4998268167
        3.2900047000         4.0000000000         1.9708163889         1.9137599006        16.5663141409
        3.2950037000         4.0000000000         1.9682640621         1.9699012047        16.4998268167
        3.3000045000         4.0000000000         1.9325314861         2.0362500187        15.5690042775
        3.3050993000         4.0000000000         1.9733687158         2.1051507101        16.6328014652
        3.3100047000         4.0000000000         1.9733687158         2.1714995240        16.6328014652
        3.3150044000         4.0000000000         1.9733687158         2.2327445830        16.6328014652
        3.3200047000         4.0000000000         1.9682640621         2.2965415195        16.4998268167
        3.3250036000         4.0000000000         1.9784733695         2.3654422109        16.7657761136
        3.3300044000         4.0000000000         1.9708163889         2.4292391474        16.5663141409
        3.3350037000         4.0000000000         1.9733687158         2.4853804515        16.6328014652
        3.3400049000         4.0000000000         1.9733687158         2.5517292654        16.6328014652
        3.3450056000         4.0000000000         1.9682640621         2.6129743244        16.4998268167
        3.3500047000         4.0000000000         1.9733687158         2.6691156285        16.6328014652
        3.3550033000         4.0000000000         1.9555024278         2.7329125650        16.1673901956
        3.3600050000         4.0000000000         1.9682640621         2.8120207662        16.4998268167
        3.3650043000         4.0000000000         1.9631594084         2.8605064379        16.3668521683
        3.3700177000         4.0000000000         1.9784733695         2.9319590068        16.7657761136
        3.3751076000         4.0000000000         1.9631594084         2.9957559433        16.3668521683
        3.3800049000         4.0000000000         1.9682640621         3.0544491248        16.4998268167
        3.3850067000         4.0000000000         1.9657117352         3.1131423064        16.4333394925
        3.3900044000         4.0000000000         1.9682640621         3.1896986301        16.4998268167
        3.3950115000         4.0000000000         1.9784733695         3.2458399342        16.7657761136
        3.4000059000         4.0000000000         1.9682640621         3.3045331158        16.4998268167
        3.4050066000         4.0000000000         1.9708163889         3.3734338072        16.5663141409
        3.4100046000         4.0000000000         1.9682640621         3.4346788662        16.4998268167
        3.4150056000         4.0000000000         1.9657117352         3.4984758027        16.4333394925
        3.4200044000         4.0000000000         1.9682640621         3.5597208617        16.4998268167
        3.4250047000         4.0000000000         1.9784733695         3.6286215531        16.7657761136
        3.4300040000         4.0000000000         1.9606070815         3.6822109797        16.3003648440
        3.4350049000         4.0000000000         1.9708163889         3.7485597937        16.5663141409
        3.4400034000         4.0000000000         1.9682640621         3.8174604851        16.4998268167
        3.4450047000         4.0000000000         1.9376361398         3.8761536666        15.7019789260
        3.4500048000         4.0000000000         1.9682640621         3.9399506031        16.4998268167
        3.4550049000         4.0000000000         1.9835780232         4.0114031719        16.8987507621
        3.4600049000         4.0000000000         1.9606070815         4.0649925986        16.3003648440
        3.4650069000         4.0000000000         1.9835780232         4.1338932900        16.8987507621
        3.4700054000         4.0000000000         1.9657117352         4.1976902265        16.4333394925
        3.4750068000         4.0000000000         1.9580547547         4.2512796531        16.2338775198
        3.4800042000         4.0000000000         1.9784733695         4.3252840994        16.7657761136
        3.4850066000         4.0000000000         1.9580547547         4.3839772810        16.2338775198
        3.4900058000         4.0000000000         1.9759210427         4.4477742174        16.6992887894
        3.4950069000         4.0000000000         1.9682640621         4.5141230314        16.4998268167
        3.5000064000         4.0000000000         1.9529501009         4.5702643355        16.1009028714
        3.5050062000         4.0000000000         1.9555024278         4.6340612719        16.1673901956
        3.5100071000         4.0000000000         1.9631594084         4.7080657183        16.3668521683
        3.5150179000         4.0000000000         1.9657117352         4.7795182871        16.4333394925
        3.5200063000         4.0000000000         1.9708163889         4.8433152236        16.5663141409
        3.5250143000         4.0000000000         1.9580547547         4.9020084051        16.2338775198
        3.5303713000         4.0000000000         1.9657117352         4.9734609740        16.4333394925
        3.5350078000         4.0000000000         1.9580547547         5.0040835035        16.2338775198
        3.5402129000         4.0000000000         1.9580547547         5.0040835035        16.2338775198
        3.5450075000         4.0000000000         1.9682640621         1.1073666236        16.4998268167
        3.5500122000         4.0000000000         1.9580547547         0.0049555613        16.2338775198
        3.5550057000         4.0000000000         1.9631594084         0.0024036839        16.3668521683
        3.5600148000         4.0000000000         1.9682640621         0.0355780908        16.4998268167
        3.5650064000         4.0000000000         1.9478454472         0.0993750273        15.9679282229
        3.5700161000         4.0000000000         1.9580547547         0.1682757187        16.2338775198
        3.5750034000         4.0000000000         1.9657117352         0.2269689002        16.4333394925
        3.5800049000         4.0000000000         1.9657117352         0.3086289789        16.4333394925
        3.5850055000         4.0000000000         1.9657117352         0.3596665281        16.4333394925
        3.5900048000         4.0000000000         1.9733687158         0.4285672195        16.6328014652
        3.5950041000         4.0000000000         1.9274268324         0.4847085236        15.4360296291
        3.6000048000         4.0000000000         1.9529501009         0.5561610925        16.1009028714
        3.6050057000         4.0000000000         1.9606070815         0.6199580289        16.3003648440
        3.6100034000         4.0000000000         1.9682640621         0.6812030879        16.4998268167
        3.6150042000         4.0000000000         1.9733687158         0.7424481470        16.6328014652
        3.6200237000         4.0000000000         1.9657117352         0.8113488384        16.4333394925
        3.6251208000         4.0000000000         1.9682640621         0.8802495297        16.4998268167
        3.6300062000         4.0000000000         1.9631594084         0.9338389564        16.3668521683
        3.6350219000         4.0000000000         1.9631594084         1.0027396478        16.3668521683
        3.6400179000         4.0000000000         1.9784733695         1.0690884617        16.7657761136
        3.6450623000         4.0000000000         1.9733687158         1.1354372756        16.6328014652
        3.6500042000         4.0000000000         1.9682640621         1.1941304572        16.4998268167
        3.6550035000         4.0000000000         1.9631594084         1.2528236388        16.3668521683
        3.6600065000         4.0000000000         1.9631594084         1.3217243302        16.3668521683
        3.6650257000         4.0000000000         1.9708163889         1.3855212666        16.5663141409
        3.6700033000         4.0000000000         1.9708163889         1.4518700806        16.5663141409
        3.6750031000         4.0000000000         1.9784733695         1.5054595072        16.7657761136
        3.6800045000         4.0000000000         1.9759210427         1.5718083211        16.6992887894
        3.6850032000         4.0000000000         1.9708163889         1.6432608900        16.5663141409
        3.6900036000         4.0000000000         1.9708163889         1.6994021941        16.5663141409
        3.6950042000         4.0000000000         1.9708163889         1.7606472531        16.5663141409
        3.7000056000         4.0000000000         1.9708163889         1.8193404347        16.5663141409
        3.7050041000         4.0000000000         1.9810256964         1.8907930035        16.8322634378
        3.7100102000         4.0000000000         1.9733687158         1.9494861851        16.6328014652
        3.7150069000         4.0000000000         1.9682640621         2.0132831215        16.4998268167
        3.7200077000         4.0000000000         1.9810256964         2.0745281806        16.8322634378
        3.7250066000         4.0000000000         1.9657117352         2.1383251170        16.4333394925
        3.7300058000         4.0000000000         1.9682640621         2.2072258084        16.4998268167
        3.7350036000         4.0000000000         1.9835780232         2.2735746224        16.8987507621
        3.7400458000         4.0000000000         1.9657117352         2.3348196814        16.4333394925
        3.7450084000         4.0000000000         1.9555024278         2.3858572306        16.1673901956
        3.7500043000         4.0000000000         1.9708163889         2.4471022896        16.5663141409
        3.7550045000         4.0000000000         1.9529501009         2.5134511035        16.1009028714
        3.7600043000         4.0000000000         1.9682640621         2.5874555498        16.4998268167
        3.7650052000         4.0000000000         1.9861303501         2.6461487314        16.9652380863
        3.7700055000         4.0000000000         1.9657117352         2.7099456679        16.4333394925
        3.7750136000         4.0000000000         1.9708163889         2.7813982367        16.5663141409
        3.7800087000         4.0000000000         1.9682640621         2.8349876633        16.4998268167
        3.7850530000         4.0000000000         1.9631594084         2.8911289674        16.3668521683
        3.7900082000         4.0000000000         1.9759210427         2.9676852912        16.6992887894
        3.7950087000         4.0000000000         1.9784733695         3.0263784728        16.7657761136
        3.8000310000         4.0000000000         1.9682640621         3.0927272867        16.4998268167
        3.8050033000         4.0000000000         1.9810256964         3.1514204683        16.8322634378
        3.8100047000         4.0000000000         1.9708163889         3.2152174047        16.5663141409
        3.8150037000         4.0000000000         1.9682640621         3.2713587088        16.4998268167
        3.8200051000         4.0000000000         1.9835780232         3.3504669101        16.8987507621
        3.8250048000         4.0000000000         1.9784733695         3.4040563367        16.7657761136
        3.8300048000         4.0000000000         1.9759210427         3.4755089056        16.6992887894
        3.8350050000         4.0000000000         1.9835780232         3.5418577195        16.8987507621
        3.8400042000         4.0000000000         1.9606070815         3.6005509010        16.3003648440
        3.8450041000         4.0000000000         1.9606070815         3.6515884502        16.3003648440
        3.8500041000         4.0000000000         1.9759210427         3.7230410191        16.6992887894
        3.8550038000         4.0000000000         1.9733687158         3.7868379556        16.6328014652
        3.8600036000         4.0000000000         1.9708163889         3.8531867695        16.5663141409
        3.8650039000         4.0000000000         1.9657117352         3.9144318285        16.4333394925
        3.8700053000         4.0000000000         1.9682640621         3.9833325199        16.4998268167
        3.8750032000         4.0000000000         1.9580547547         4.0318181916        16.2338775198
        3.8800049000         4.0000000000         1.9759210427         4.0981670056        16.6992887894
        3.8850039000         4.0000000000         1.9580547547         4.1594120646        16.2338775198
        3.8900034000         4.0000000000         1.9682640621         4.2283127560        16.4998268167
        3.8950053000         4.0000000000         1.9733687158         4.2972134474        16.6328014652
        3.9000281000         4.0000000000         1.9325314861         4.3508028740        15.5690042775
        3.9050048000         4.0000000000         1.9580547547         4.4222554428        16.2338775198
        3.9100055000         4.0000000000         1.9682640621         4.4809486244        16.4998268167
        3.9150077000         4.0000000000         1.9555024278         4.5498493158        16.1673901956
        3.9200049000         4.0000000000         1.9682640621         4.6187500072        16.4998268167
        3.9250039000         4.0000000000         1.9784733695         4.6902025760        16.7657761136
        3.9300058000         4.0000000000         1.9606070815         4.7488957576        16.3003648440
        3.9350066000         4.0000000000         1.9682640621         4.8152445715        16.4998268167
        3.9400133000         4.0000000000         1.9682640621         4.8815933855        16.4998268167
        3.9450052000         4.0000000000         1.9733687158         4.9402865670        16.6328014652
        3.9500043000         4.0000000000         1.9580547547         5.0066353810        16.2338775198
        3.9550057000         4.0000000000         1.9657117352         5.0091872584        16.4333394925
        3.9600038000         4.0000000000         1.9631594084         1.1099185011        16.3668521683
        3.9650060000         4.0000000000         1.9657117352         0.0100593162        16.4333394925
        3.9700032000         4.0000000000         1.9733687158         0.0049555613        16.6328014652
        3.9750047000         4.0000000000         1.9657117352         0.0177149486        16.4333394925
        3.9800045000         4.0000000000         1.9657117352         0.0866156400        16.4333394925
        3.9850046000         4.0000000000         1.9606070815         0.1453088216        16.3003648440
        3.9900044000         4.0000000000         1.9682640621         0.2142095129        16.4998268167
        3.9950050000         4.0000000000         1.9682640621         0.2805583269        16.4998268167
        4.0000053000         4.0000000000         1.9631594084         0.3418033859        16.3668521683
        4.0050042000         4.0000000000         1.9580547547         0.4030484449        16.2338775198
        4.0100048000         4.0000000000         1.9580547547         0.4642935039        16.2338775198
        4.0150049000         4.0000000000         1.9682640621         0.5331941953        16.4998268167
        4.0200060000         4.0000000000         1.9682640621         0.6020948867        16.4998268167
        4.0250050000         4.0000000000         1.9682640621         0.6658918232        16.4998268167
        4.0300030000         4.0000000000         1.9682640621         0.7296887597        16.4998268167
        4.0350013000         4.0000000000         1.9708163889         0.7934856961        16.5663141409
        4.0400048000         4.0000000000         1.9733687158         0.8572826326        16.6328014652
        4.0450041000         4.0000000000         1.9682640621         0.9134239367        16.4998268167
        4.0500033000         4.0000000000         1.9682640621         0.9848765056        16.4998268167
        4.0550024000         4.0000000000         1.9682640621         1.0486734420        16.4998268167
        4.0600070000         4.0000000000         1.9682640621         1.1048147461        16.4998268167
        4.0650024000         4.0000000000         1.9580547547         1.1609560502        16.2338775198
        4.0700014000         4.0000000000         1.9606070815         1.2273048642        16.3003648440
        4.0750033000         4.0000000000         1.9580547547         1.2859980457        16.2338775198
        4.0800049000         4.0000000000         1.9657117352         1.3497949822        16.4333394925
        4.0850029000         4.0000000000         1.9682640621         1.4212475511        16.4998268167
        4.0900018000         4.0000000000         1.9427407935         1.4824926101        15.8349535744
        4.0950046000         4.0000000000         1.9657117352         1.5360820367        16.4333394925
        4.1000058000         4.0000000000         1.9682640621         1.6049827281        16.4998268167
        4.1050047000         4.0000000000         1.9784733695         1.6738834195        16.7657761136
        4.1100066000         4.0000000000         1.9657117352         1.7300247236        16.4333394925
        4.1150045000         4.0000000000         1.9708163889         1.7963735375        16.5663141409
        4.1200046000         4.0000000000         1.9759210427         1.8576185965        16.6992887894
        4.1250050000         4.0000000000         1.9580547547         1.9137599006        16.2338775198
        4.1300023000         4.0000000000         1.9733687158         1.9750049597        16.6328014652
        4.1350038000         4.0000000000         1.9657117352         2.0362500187        16.4333394925
        4.1400257000         4.0000000000         1.9529501009         2.1128063424        16.1009028714
        4.1450038000         4.0000000000         1.9606070815         2.1638438916        16.3003648440
        4.1500041000         4.0000000000         1.9733687158         2.2276408281        16.6328014652
        4.1550029000         4.0000000000         1.9708163889         2.3016452744        16.5663141409
        4.1600037000         4.0000000000         1.9172175250         2.3501309461        15.1700803322
        4.1650049000         4.0000000000         1.9682640621         2.4164797601        16.4998268167
        4.1700044000         4.0000000000         1.9606070815         2.4751729416        16.3003648440
        4.1750027000         4.0000000000         1.9708163889         2.5491773879        16.5663141409
        4.1801298000         4.0000000000         1.9657117352         2.6027668146        16.4333394925
        4.1850047000         4.0000000000         1.9759210427         2.6665637511        16.6992887894
        4.1900052000         4.0000000000         1.9708163889         2.7354644424        16.5663141409
        4.1950050000         4.0000000000         1.9759210427         2.7967095015        16.6992887894
        4.2000033000         4.0000000000         1.9631594084         2.8554026830        16.3668521683
        4.2050055000         4.0000000000         1.9733687158         2.9191996195        16.6328014652
        4.2100034000         4.0000000000         1.9708163889         2.9855484334        16.5663141409
        4.2150030000         4.0000000000         1.9733687158         3.0467934924        16.6328014652
        4.2200050000         4.0000000000         1.9784733695         3.1156941838        16.7657761136
        4.2250031000         4.0000000000         1.9784733695         3.1845948752        16.7657761136
        4.2300056000         4.0000000000         1.9708163889         3.2432880568        16.5663141409
        4.2350035000         4.0000000000         1.9733687158         3.3070849933        16.6328014652
        4.2400037000         4.0000000000         1.9759210427         3.3683300523        16.6992887894
        4.2451093000         4.0000000000         1.9759210427         3.4321269888        16.6992887894
        4.2500027000         4.0000000000         1.9708163889         3.4984758027        16.5663141409
        4.2550052000         4.0000000000         1.9784733695         3.5648246166        16.7657761136
        4.2600031000         4.0000000000         1.9657117352         3.6235177982        16.4333394925
        4.2650045000         4.0000000000         1.9606070815         3.6873147347        16.3003648440
        4.2700035000         4.0000000000         1.9759210427         3.7562154260        16.6992887894
        4.2750156000         4.0000000000         1.9682640621         3.8174604851        16.4998268167
        4.2800041000         4.0000000000         1.9861303501         3.8812574215        16.9652380863
        4.2850029000         4.0000000000         1.9529501009         3.9297430933        16.1009028714
        4.2900033000         4.0000000000         1.9708163889         3.9986437847        16.5663141409
        4.2950018000         4.0000000000         1.9631594084         4.0675444760        16.3668521683
        4.3000029000         4.0000000000         1.9631594084         4.1185820252        16.3668521683
        4.3050022000         4.0000000000         1.9682640621         4.1874827166        16.4998268167
        4.3100033000         4.0000000000         1.9606070815         4.2436240207        16.3003648440
        4.3150045000         4.0000000000         1.9733687158         4.3227322219        16.6328014652
        4.3200031000         4.0000000000         1.9580547547         4.3763216486        16.2338775198
        4.3250074000         4.0000000000         1.9784733695         4.4477742174        16.7657761136
        4.3300031000         4.0000000000         1.9503977741         4.5013636441        16.0344155471
        4.3350038000         4.0000000000         1.9580547547         4.5728162129        16.2338775198
        4.3400025000         4.0000000000         1.9810256964         4.6442687818        16.8322634378
        4.3450016000         4.0000000000         1.9555024278         4.7029619633        16.1673901956
        4.3500053000         4.0000000000         1.9452931204         4.7565513900        15.9014408987
        4.3550033000         4.0000000000         1.9682640621         4.8305558363        16.4998268167
        4.3600028000         4.0000000000         1.9580547547         4.9020084051        16.2338775198
        4.3650033000         4.0000000000         1.9631594084         4.9632534642        16.3668521683
        4.3700026000         4.0000000000         1.9657117352         5.0091872584        16.4333394925
        4.3750016000         4.0000000000         1.9452931204         4.9989797486        15.9014408987
        4.3800041000         4.0000000000         1.9657117352         1.1099185011        16.4333394925
        4.3850025000         4.0000000000         1.9555024278        -0.0052519485        16.1673901956
        4.3900352000         4.0000000000         1.9606070815         0.0075074388        16.3003648440
        4.3950028000         4.0000000000         1.9555024278         0.0304743359        16.1673901956
        4.4000047000         4.0000000000         1.9657117352         0.0993750273        16.4333394925
        4.4050069000         4.0000000000         1.9529501009         0.1580682088        16.1009028714
        4.4100037000         4.0000000000         1.9657117352         0.2295207777        16.4333394925
        4.4150047000         4.0000000000         1.9631594084         0.2958695916        16.3668521683
        4.4200032000         4.0000000000         1.9529501009         0.3545627732        16.1009028714
        4.4250052000         4.0000000000         1.9657117352         0.4285672195        16.4333394925
        4.4300045000         4.0000000000         1.9733687158         0.4898122785        16.6328014652
        4.4350063000         4.0000000000         1.9682640621         0.5459535826        16.4998268167
        4.4400055000         4.0000000000         1.9733687158         0.6174061515        16.6328014652
        4.4450092000         4.0000000000         1.9503977741         0.6760993330        16.0344155471
        4.4500042000         4.0000000000         1.9580547547         0.7398962695        16.2338775198
        4.4550063000         4.0000000000         1.9682640621         0.8062450834        16.4998268167
        4.4600066000         4.0000000000         1.9784733695         0.8802495297        16.7657761136
        4.4650053000         4.0000000000         1.9708163889         0.9363908338        16.5663141409
        4.4700047000         4.0000000000         1.9580547547         0.9950840154        16.2338775198
        4.4750072000         4.0000000000         1.9708163889         1.0665365843        16.5663141409
        4.4800050000         4.0000000000         1.9657117352         1.1226778884        16.4333394925
        4.4850048000         4.0000000000         1.9657117352         1.1915785797        16.4333394925
        4.4900032000         4.0000000000         1.9682640621         1.2477198838        16.4998268167
        4.4950047000         4.0000000000         1.9733687158         1.3140686978        16.6328014652
        4.5000031000         4.0000000000         1.9733687158         1.3804175117        16.6328014652
        4.5050032000         4.0000000000         1.9631594084         1.4340069384        16.3668521683
        4.5100046000         4.0000000000         1.9759210427         1.5131151396        16.6992887894
        4.5150020000         4.0000000000         1.9606070815         1.5641526888        16.3003648440
        4.5200140000         4.0000000000         1.9784733695         1.6305015027        16.7657761136
        4.5250049000         4.0000000000         1.9631594084         1.6994021941        16.3668521683
        4.5300027000         4.0000000000         1.9682640621         1.7555434982        16.4998268167
        4.5350014000         4.0000000000         1.9631594084         1.8193404347        16.3668521683
        4.5400043000         4.0000000000         1.9657117352         1.8831373711        16.4333394925
        4.5450024000         4.0000000000         1.9708163889         1.9418305527        16.5663141409
        4.5500020000         4.0000000000         1.9682640621         2.0030756117        16.4998268167
        4.5550013000         4.0000000000         1.9657117352         2.0668725482        16.4333394925
        4.5600053000         4.0000000000         1.9631594084         2.1255657297        16.3668521683
        4.5650046000         4.0000000000         1.9657117352         2.1919145437        16.4333394925
        4.5700031000         4.0000000000         1.9784733695         2.2608152351        16.7657761136
        4.5750046000         4.0000000000         1.9657117352         2.3144046617        16.4333394925
        4.5800053000         4.0000000000         1.9810256964         2.3884091080        16.8322634378
        4.5850049000         4.0000000000         1.9708163889         2.4496541670        16.5663141409
        4.5900041000         4.0000000000         1.9606070815         2.5057954711        16.3003648440
        4.5950046000         4.0000000000         1.9682640621         2.5746961625        16.4998268167
        4.6000031000         4.0000000000         1.9682640621         2.6359412215        16.4998268167
        4.6050051000         4.0000000000         1.9784733695         2.7048419129        16.7657761136
        4.6100048000         4.0000000000         1.9733687158         2.7609832170        16.6328014652
        4.6150048000         4.0000000000         1.9708163889         2.8247801535        16.5663141409
        4.6200050000         4.0000000000         1.9733687158         2.8911289674        16.6328014652
        4.6250047000         4.0000000000         1.9733687158         2.9523740265        16.6328014652
        4.6300040000         4.0000000000         1.9657117352         3.0161709629        16.4333394925
        4.6350101000         4.0000000000         1.9682640621         3.0825197769        16.4998268167
        4.6400038000         4.0000000000         1.9784733695         3.1412129584        16.7657761136
        4.6450046000         4.0000000000         1.9682640621         3.2075617724        16.4998268167
        4.6500255000         4.0000000000         1.9784733695         3.2790143412        16.7657761136
        4.6550056000         4.0000000000         1.9555024278         3.3300518904        16.1673901956
        4.6600046000         4.0000000000         1.9733687158         3.3938488269        16.6328014652
        4.6650049000         4.0000000000         1.9682640621         3.4653013957        16.4998268167
        4.6700122000         4.0000000000         1.9708163889         3.5239945773        16.5663141409
        4.6750047000         4.0000000000         1.9682640621         3.5877915138        16.4998268167
        4.6800042000         4.0000000000         1.9631594084         3.6439328179        16.3668521683
        4.6850036000         4.0000000000         1.9708163889         3.7204891416        16.5663141409
        4.6900041000         4.0000000000         1.9733687158         3.7817342006        16.6328014652
        4.6950026000         4.0000000000         1.9708163889         3.8429792597        16.5663141409
        4.7000039000         4.0000000000         1.9682640621         3.8965686863        16.4998268167
        4.7050040000         4.0000000000         1.9606070815         3.9578137453        16.3003648440
        4.7100042000         4.0000000000         1.9580547547         4.0267144367        16.2338775198
        4.7150036000         4.0000000000         1.9555024278         4.0879594957        16.1673901956
        4.7200041000         4.0000000000         1.9657117352         4.1517564322        16.4333394925
        4.7250028000         4.0000000000         1.9682640621         4.2155533687        16.4998268167
        4.7300021000         4.0000000000         1.9580547547         4.2767984277        16.2338775198
        4.7350065000         4.0000000000         1.9631594084         4.3329397318        16.3668521683
        4.7400044000         4.0000000000         1.9555024278         4.3992885457        16.1673901956
        4.7450026000         4.0000000000         1.9733687158         4.4732929920        16.6328014652
        4.7500038000         4.0000000000         1.9452931204         4.5268824187        15.9014408987
        4.7550056000         4.0000000000         1.9682640621         4.5983349875        16.4998268167
        4.7600020000         4.0000000000         1.9529501009         4.6519244142        16.1009028714
        4.7650051000         4.0000000000         1.9708163889         4.7310326154        16.5663141409
        4.7700408000         4.0000000000         1.9759210427         4.7999333068        16.6992887894
        4.7750034000         4.0000000000         1.9580547547         4.8637302433        16.2338775198
        4.7800040000         4.0000000000         1.9657117352         4.9224234248        16.4333394925
        4.7850023000         4.0000000000         1.9657117352         4.9938759937        16.4333394925
        4.7900027000         4.0000000000         1.9555024278         4.9964278711        16.1673901956
        4.7950027000         4.0000000000         1.9733687158         5.0091872584        16.6328014652
        4.8000055000         4.0000000000         1.9682640621         1.1150222560        16.4998268167
        4.8050045000         4.0000000000         1.9555024278        -0.0001481936        16.1673901956
        4.8100049000         4.0000000000         1.9682640621         0.0075074388        16.4998268167
        4.8150066000         4.0000000000         1.9555024278         0.0559931105        16.1673901956
        4.8200067000         4.0000000000         1.9682640621         0.1325494343        16.4998268167
        4.8250066000         4.0000000000         1.9529501009         0.1912426158        16.1009028714
        4.8300077000         4.0000000000         1.9657117352         0.2575914298        16.4333394925
        4.8350266000         4.0000000000         1.9580547547         0.3213883662        16.2338775198
        4.8400063000         4.0000000000         1.9555024278         0.3800815478        16.1673901956
        4.8450064000         4.0000000000         1.9606070815         0.4489822392        16.3003648440
        4.8500037000         4.0000000000         1.9529501009         0.5051235433        16.1009028714
        4.8550046000         4.0000000000         1.9682640621         0.5791279896        16.4998268167
        4.8600160000         4.0000000000         1.9657117352         0.6429249261        16.4333394925
        4.8650064000         4.0000000000         1.9657117352         0.7092737400        16.4333394925
        4.8700066000         4.0000000000         1.9580547547         0.7603112892        16.2338775198
        4.8750064000         4.0000000000         1.9759210427         0.8419713679        16.6992887894
        4.8800049000         4.0000000000         1.9682640621         0.8930089170        16.4998268167
        4.8850071000         4.0000000000         1.9733687158         0.9593577310        16.6328014652
        4.8900077000         4.0000000000         1.9325314861         1.0180509125        15.5690042775
        4.8950068000         4.0000000000         1.9708163889         1.0920553588        16.5663141409
        4.9000044000         4.0000000000         1.9529501009         1.1456447855        16.1009028714
        4.9050119000         4.0000000000         1.9580547547         1.2094417220        16.2338775198
        4.9100110000         4.0000000000         1.9708163889         1.2732386584        16.5663141409
        4.9150149000         4.0000000000         1.9682640621         1.3395874724        16.4998268167
        4.9200049000         4.0000000000         1.9733687158         1.3982806539        16.6328014652
        4.9250064000         4.0000000000         1.9503977741         1.4569738355        16.0344155471
        4.9300082000         4.0000000000         1.9759210427         1.5284264043        16.6992887894
        4.9350075000         4.0000000000         1.9682640621         1.5922233408        16.4998268167
        4.9400087000         4.0000000000         1.9682640621         1.6585721547        16.4998268167
        4.9450081000         4.0000000000         1.9810256964         1.7121615814        16.8322634378
        4.9500052000         4.0000000000         1.9759210427         1.7836141502        16.6992887894
        4.9550049000         4.0000000000         1.9580547547         1.8269960670        16.2338775198
        4.9600055000         4.0000000000         1.9580547547         1.8958967584        16.2338775198
        4.9650041000         4.0000000000         1.9733687158         1.9545899400        16.6328014652
        4.9700050000         4.0000000000         1.9580547547         2.0158349990        16.2338775198
        4.9750063000         4.0000000000         1.9835780232         2.0872875679        16.8987507621
        4.9800048000         4.0000000000         1.9580547547         2.1434288720        16.2338775198
        4.9850048000         4.0000000000         1.9733687158         2.2199851957        16.6328014652
        4.9900048000         4.0000000000         1.9657117352         2.2710227449        16.4333394925
        4.9950042000         4.0000000000         1.9606070815         2.3424753138        16.3003648440
        5.0000049000         4.0000000000         1.9657117352         2.3960647404        16.4333394925
        5.0050119000         4.0000000000         1.9759210427         2.4649654318        16.6992887894
        5.0100050000         4.0000000000         1.9682640621         2.5287623683        16.4998268167
        5.0150039000         4.0000000000         1.9708163889         2.5900074273        16.5663141409
        5.0200151000         4.0000000000         1.9631594084         2.6487006088        16.3668521683
        5.0250048000         4.0000000000         1.9708163889         2.7278088101        16.5663141409
        5.0300059000         4.0000000000         1.9784733695         2.7890538691        16.7657761136
        5.0350125000         4.0000000000         1.9682640621         2.8477470506        16.4998268167
        5.0400043000         4.0000000000         1.9708163889         2.9089921097        16.5663141409
        5.0450053000         4.0000000000         1.9708163889         2.9727890461        16.5663141409
        5.0500044000         4.0000000000         1.9733687158         3.0365859826        16.6328014652
        5.0550068000         4.0000000000         1.9657117352         3.1003829191        16.4333394925
        5.0600060000         4.0000000000         1.9708163889         3.1667317330        16.5663141409
        5.0650052000         4.0000000000         1.9759210427         3.2228730371        16.6992887894
        5.0700041000         4.0000000000         1.9682640621         3.2841180961        16.4998268167
        5.0750148000         4.0000000000         1.9631594084         3.3530187875        16.3668521683
        5.0800042000         4.0000000000         1.9733687158         3.4117119691        16.6328014652
        5.0850043000         4.0000000000         1.9580547547         3.4806126605        16.2338775198
        5.0900070000         4.0000000000         1.9606070815         3.5418577195        16.3003648440
        5.0950057000         4.0000000000         1.9580547547         3.5979990236        16.2338775198
        5.1000153000         4.0000000000         1.9631594084         3.6694515924        16.3668521683
        5.1050029000         4.0000000000         1.9759210427         3.7306966515        16.6992887894
        5.1100051000         4.0000000000         1.9503977741         3.7919417105        16.0344155471
        5.1150065000         4.0000000000         1.9733687158         3.8531867695        16.6328014652
        5.1200044000         4.0000000000         1.9555024278         3.9144318285        16.1673901956
        5.1250054000         4.0000000000         1.9708163889         3.9858843974        16.5663141409
        5.1300035000         4.0000000000         1.9580547547         4.0369219465        16.2338775198
        5.1350042000         4.0000000000         1.9682640621         4.1032707605        16.4998268167
        5.1400051000         4.0000000000         1.9682640621         4.1721714519        16.4998268167
        5.1450029000         4.0000000000         1.9606070815         4.2232090010        16.3003648440
        5.1501301000         4.0000000000         1.9631594084         4.2972134474        16.3668521683
        5.1550033000         4.0000000000         1.9606070815         4.3533547515        16.3003648440
        5.1600039000         4.0000000000         1.9810256964         4.4273591978        16.8322634378
        5.1650050000         4.0000000000         1.9657117352         4.4835005019        16.4333394925
        5.1700036000         4.0000000000         1.9580547547         4.5549530707        16.2338775198
        5.1750030000         4.0000000000         1.9580547547         4.6110943748        16.2338775198
        5.1800111000         4.0000000000         1.9606070815         4.6850988211        16.3003648440
        5.1850033000         4.0000000000         1.9580547547         4.7488957576        16.2338775198
        5.1900047000         4.0000000000         1.9733687158         4.8126926941        16.6328014652
        5.1950052000         4.0000000000         1.9555024278         4.8739377531        16.1673901956
        5.2000047000         4.0000000000         1.9682640621         4.9504940769        16.4998268167
        5.2050042000         4.0000000000         1.9606070815         4.9989797486        16.3003648440
        5.2100046000         4.0000000000         1.9606070815         5.0040835035        16.3003648440
        5.2150051000         4.0000000000         1.9555024278         1.1124703785        16.1673901956
        5.2200047000         4.0000000000         1.9759210427         0.0049555613        16.6992887894
        5.2250039000         4.0000000000         1.9606070815        -0.0001481936        16.3003648440
        5.2300042000         4.0000000000         1.9580547547         0.0126111937        16.2338775198
        5.2350040000         4.0000000000         1.9657117352         0.0789600076        16.4333394925
        5.2400054000         4.0000000000         1.9555024278         0.1427569441        16.1673901956
        5.2450046000         4.0000000000         1.9606070815         0.2116576355        16.3003648440
        5.2500048000         4.0000000000         1.9733687158         0.2856620818        16.6328014652
        5.2550064000         4.0000000000         1.9606070815         0.3341477535        16.3003648440
        5.2600049000         4.0000000000         1.9606070815         0.4030484449        16.3003648440
        5.2650038000         4.0000000000         1.9682640621         0.4770528912        16.4998268167
        5.2700038000         4.0000000000         1.9555024278         0.5331941953        16.1673901956
        5.2750036000         4.0000000000         1.9657117352         0.5944392543        16.4333394925
        5.2800039000         4.0000000000         1.9708163889         0.6709955781        16.5663141409
        5.2850036000         4.0000000000         1.9657117352         0.7245850047        16.4333394925
        5.2900049000         4.0000000000         1.9784733695         0.7960375736        16.7657761136
        5.2950038000         4.0000000000         1.9657117352         0.8547307552        16.4333394925
        5.3000064000         4.0000000000         1.9733687158         0.9236314466        16.6328014652
        5.3050046000         4.0000000000         1.9733687158         0.9925321379        16.6328014652
        5.3100037000         4.0000000000         1.9733687158         1.0537771970        16.6328014652
        5.3150034000         4.0000000000         1.9784733695         1.1150222560        16.7657761136
        5.3200127000         4.0000000000         1.9708163889         1.1839229474        16.5663141409
        5.3250054000         4.0000000000         1.9580547547         1.2298567416        16.2338775198
        5.3300106000         4.0000000000         1.9733687158         1.3038611879        16.6328014652
        5.3350063000         4.0000000000         1.9682640621         1.3676581244        16.4998268167
        5.3400110000         4.0000000000         1.9606070815         1.4212475511        16.3003648440
        5.3450039000         4.0000000000         1.9810256964         1.4850444875        16.8322634378
        5.3500117000         4.0000000000         1.9606070815         1.5462895465        16.3003648440
        5.3550054000         4.0000000000         1.9606070815         1.6177421154        16.3003648440
        5.3600051000         4.0000000000         1.9682640621         1.6687796646        16.4998268167
        5.3652020000         4.0000000000         1.9733687158         1.7453359884        16.6328014652
        5.3700098000         4.0000000000         1.9682640621         1.8040291699        16.4998268167
        5.3750048000         4.0000000000         1.9810256964         1.8729298613        16.8322634378
        5.3800042000         4.0000000000         1.9555024278         1.9214155330        16.1673901956
        5.3850047000         4.0000000000         1.9657117352         1.9903162244        16.4333394925
        5.3900036000         4.0000000000         1.9657117352         2.0439056511        16.4333394925
        5.3950052000         4.0000000000         1.9810256964         2.1255657297        16.8322634378
        5.4000026000         4.0000000000         1.9657117352         2.1791551564        16.4333394925
        5.4050052000         4.0000000000         1.9784733695         2.2429520929        16.7657761136
        5.4100052000         4.0000000000         1.9708163889         2.3093009068        16.5663141409
        5.4150030000         4.0000000000         1.9657117352         2.3756497207        16.4333394925
        5.4200043000         4.0000000000         1.9784733695         2.4368947797        16.7657761136
        5.4250050000         4.0000000000         1.9708163889         2.4930360838        16.5663141409
        5.4300038000         4.0000000000         1.9657117352         2.5619367752        16.4333394925
        5.4350052000         4.0000000000         1.9835780232         2.6257337117        16.8987507621
        5.4400031000         4.0000000000         1.9784733695         2.6895306482        16.7657761136
        5.4450055000         4.0000000000         1.9631594084         2.7507757072        16.3668521683
        5.4500036000         4.0000000000         1.9759210427         2.8247801535        16.6992887894
        5.4550061000         4.0000000000         1.9657117352         2.8758177027        16.4333394925
        5.4600690000         4.0000000000         1.9784733695         2.9472702715        16.7657761136
        5.4650070000         4.0000000000         1.9784733695         3.0136190855        16.7657761136
        5.4700064000         4.0000000000         1.9606070815         3.0646566347        16.3003648440
        5.4750069000         4.0000000000         1.9733687158         3.1284535711        16.6328014652
        5.4800045000         4.0000000000         1.9733687158         3.2024580174        16.6328014652
        5.4850042000         4.0000000000         1.9657117352         3.2534955666        16.4333394925
        5.4900048000         4.0000000000         1.9682640621         3.3249481355        16.4998268167
        5.4950068000         4.0000000000         1.9810256964         3.3887450720        16.8322634378
        5.5000051000         4.0000000000         1.9223221787         3.4550938859        15.3030549806
        5.5050057000         4.0000000000         1.9861303501         3.5188908224        16.9652380863
        5.5100075000         4.0000000000         1.9606070815         3.5826877588        16.3003648440
        5.5150086000         4.0000000000         1.9657117352         3.6413809404        16.4333394925
        5.5200077000         4.0000000000         1.9682640621         3.7077297543        16.4998268167
        5.5250424000         4.0000000000         1.9708163889         3.7689748133        16.5663141409
        5.5300337000         4.0000000000         1.9657117352         3.8327717498        16.4333394925
        5.5350063000         4.0000000000         1.9810256964         3.8991205638        16.8322634378
        5.5406469000         4.0000000000         1.9657117352         3.9731250101        16.4333394925
        5.5450072000         4.0000000000         1.9606070815         4.0165069269        16.3003648440
        5.5500086000         4.0000000000         1.9733687158         4.0828557408        16.6328014652
        5.5550087000         4.0000000000         1.9657117352         4.1364451674        16.4333394925
        5.5600094000         4.0000000000         1.9784733695         4.2130014912        16.7657761136
        5.5650052000         4.0000000000         1.9708163889         4.2716946728        16.5663141409
        5.5700077000         4.0000000000         1.9478454472         4.3380434867        15.9679282229
        5.5750062000         4.0000000000         1.9657117352         4.3967366683        16.4333394925
        5.5800068000         4.0000000000         1.9708163889         4.4630854822        16.5663141409
        5.5850045000         4.0000000000         1.9503977741         4.5243305412        16.0344155471
        5.5900066000         4.0000000000         1.9657117352         4.5855756002        16.4333394925
        5.5950122000         4.0000000000         1.9580547547         4.6595800465        16.2338775198
        5.6000053000         4.0000000000         1.9606070815         4.7259288605        16.3003648440
        5.6050057000         4.0000000000         1.9733687158         4.7973814293        16.6328014652
        5.6100048000         4.0000000000         1.9606070815         4.8535227334        16.3003648440
        5.6150064000         4.0000000000         1.9733687158         4.9224234248        16.6328014652
        5.6200065000         4.0000000000         1.9682640621         4.9862203613        16.4998268167
        5.6250047000         4.0000000000         1.9580547547         5.0066353810        16.2338775198
        5.6300059000         4.0000000000         1.9555024278         4.9989797486        16.1673901956
        5.6350080000         4.0000000000         1.9682640621         1.1073666236        16.4998268167
        5.6400059000         4.0000000000         1.9606070815        -0.0027000711        16.3003648440
        5.6450040000         4.0000000000         1.9708163889         0.0049555613        16.5663141409
        5.6500064000         4.0000000000         1.9580547547         0.0585449879        16.2338775198
        5.6550064000         4.0000000000         1.9555024278         0.1223419244        16.1673901956
        5.6600129000         4.0000000000         1.9580547547         0.1886907384        16.2338775198
        5.6650073000         4.0000000000         1.9555024278         0.2473839199        16.1673901956
        5.6700060000         4.0000000000         1.9682640621         0.3162846113        16.4998268167
        5.6750061000         4.0000000000         1.9682640621         0.3775296703        16.4998268167
        5.6800060000         4.0000000000         1.9631594084         0.4515341166        16.3668521683
        5.6850040000         4.0000000000         1.9708163889         0.5204348080        16.5663141409
        5.6900185000         4.0000000000         1.9784733695         0.5791279896        16.7657761136
        5.6955138000         4.0000000000         1.9631594084         0.6480286810        16.3668521683
        5.7000125000         4.0000000000         1.9529501009         0.7041699851        16.1009028714
        5.7050051000         4.0000000000         1.9733687158         0.7679669216        16.6328014652
        5.7100044000         4.0000000000         1.9784733695         0.8445232453        16.7657761136
        5.7150031000         4.0000000000         1.9708163889         0.8981126720        16.5663141409
        5.7200090000         4.0000000000         1.9657117352         0.9619096084        16.4333394925
        5.7250057000         4.0000000000         1.9733687158         1.0308102998        16.6328014652
        5.7300047000         4.0000000000         1.9299791592         1.0920553588        15.5025169533
        5.7350080000         4.0000000000         1.9759210427         1.1533004179        16.6992887894
        5.7400117000         4.0000000000         1.9657117352         1.2094417220        16.4333394925
        5.7450069000         4.0000000000         1.9733687158         1.2859980457        16.6328014652
        5.7500115000         4.0000000000         1.9580547547         1.3395874724        16.2338775198
        5.7550077000         4.0000000000         1.9759210427         1.4008325314        16.6992887894
        5.7600047000         4.0000000000         1.9682640621         1.4748369777        16.4998268167
        5.7650056000         4.0000000000         1.9759210427         1.5284264043        16.6992887894
        5.7700114000         4.0000000000         1.9759210427         1.5973270957        16.6992887894
        5.7750049000         4.0000000000         1.9708163889         1.6585721547        16.5663141409
        5.7800045000         4.0000000000         1.9580547547         1.7096097039        16.2338775198
        5.7850126000         4.0000000000         1.9555024278         1.7785103953        16.1673901956
        5.7900047000         4.0000000000         1.9555024278         1.8320998220        16.1673901956
        5.7950118000         4.0000000000         1.9657117352         1.9010005134        16.4333394925
        5.8000035000         4.0000000000         1.9733687158         1.9699012047        16.6328014652
        5.8050107000         4.0000000000         1.9733687158         2.0260425088        16.6328014652
        5.8100035000         4.0000000000         1.9657117352         2.0898394453        16.4333394925
        5.8150106000         4.0000000000         1.9606070815         2.1510845043        16.3003648440
        5.8200115000         4.0000000000         1.9784733695         2.2174333183        16.7657761136
        5.8250123000         4.0000000000         1.9682640621         2.2786783773        16.4998268167
        5.8300034000         4.0000000000         1.9708163889         2.3450271912        16.5663141409
        5.8350119000         4.0000000000         1.9784733695         2.4088241277        16.7657761136
        5.8400102000         4.0000000000         1.9580547547         2.4675173092        16.2338775198
        5.8450124000         4.0000000000         1.9810256964         2.5415217556        16.8322634378
        5.8500050000         4.0000000000         1.9759210427         2.6053186920        16.6992887894
        5.8550054000         4.0000000000         1.9708163889         2.6640118736        16.5663141409
        5.8600057000         4.0000000000         1.9759210427         2.7252569326        16.6992887894
        5.8650154000         4.0000000000         1.9733687158         2.7941576240        16.6328014652
        5.8700102000         4.0000000000         1.9580547547         2.8528508056        16.2338775198
        5.8750127000         4.0000000000         1.9937873306         2.9191996195        17.1647000590
        5.8800054000         4.0000000000         1.9606070815         2.9753409236        16.3003648440
        5.8850112000         4.0000000000         1.9759210427         3.0467934924        16.6992887894
        5.8900043000         4.0000000000         1.9708163889         3.1029347965        16.5663141409
        5.8950128000         4.0000000000         1.9682640621         3.1743873654        16.4998268167
        5.9000044000         4.0000000000         1.9708163889         3.2381843019        16.5663141409
        5.9050049000         4.0000000000         1.9733687158         3.2968774834        16.6328014652
        5.9100047000         4.0000000000         1.9682640621         3.3581225424        16.4998268167
        5.9150053000         4.0000000000         1.9733687158         3.4219194789        16.6328014652
        5.9200026000         4.0000000000         1.9759210427         3.4908201703        16.6992887894
        5.9250046000         4.0000000000         1.9580547547         3.5393058420        16.2338775198
        5.9300044000         4.0000000000         1.9861303501         3.6158621658        16.9652380863
        5.9350043000         4.0000000000         1.9580547547         3.6643478375        16.2338775198
        5.9400029000         4.0000000000         1.9784733695         3.7460079162        16.7657761136
        5.9450044000         4.0000000000         1.9682640621         3.7944935879        16.4998268167
        5.9500044000         4.0000000000         1.9682640621         3.8659461568        16.4998268167
        5.9550085000         4.0000000000         1.9682640621         3.9271912158        16.4998268167
        5.9600046000         4.0000000000         1.9606070815         3.9884362748        16.3003648440
        5.9650032000         4.0000000000         1.9580547547         4.0547850888        16.2338775198
        5.9700211000         4.0000000000         1.9733687158         4.1109263928        16.6328014652
        5.9750051000         4.0000000000         1.9708163889         4.1747233293        16.5663141409
        5.9800049000         4.0000000000         1.9657117352         4.2385202658        16.4333394925
        5.9850041000         4.0000000000         1.9606070815         4.2972134474        16.3003648440
        5.9900046000         4.0000000000         1.9580547547         4.3686660162        16.2338775198
        5.9950025000         4.0000000000         1.9580547547         4.4222554428        16.2338775198
        6.0000053000         4.0000000000         1.9631594084         4.4962598892        16.3668521683
        6.0050037000         4.0000000000         1.9733687158         4.5677124580        16.6328014652
        6.0100232000         4.0000000000         1.9733687158         4.6289575170        16.6328014652
        6.0150058000         4.0000000000         1.9606070815         4.6902025760        16.3003648440
        6.0200047000         4.0000000000         1.9606070815         4.7463438801        16.3003648440
        6.0250034000         4.0000000000         1.9657117352         4.8229002039        16.4333394925
        6.0300053000         4.0000000000         1.9580547547         4.8866971404        16.2338775198
        6.0350039000         4.0000000000         1.9682640621         4.9504940769        16.4998268167
        6.0400057000         4.0000000000         1.9529501009         4.9989797486        16.1009028714
        6.0450064000         4.0000000000         1.9503977741         5.0015316260        16.0344155471
        6.0500073000         4.0000000000         1.9580547547         1.1124703785        16.2338775198
        6.0550051000         4.0000000000         1.9606070815        -0.0052519485        16.3003648440
        6.0600055000         4.0000000000         1.9555024278         0.0024036839        16.1673901956
        6.0650030000         4.0000000000         1.9555024278         0.0253705810        16.1673901956
        6.0700045000         4.0000000000         1.9708163889         0.0917193949        16.5663141409
        6.0750051000         4.0000000000         1.9580547547         0.1529644539        16.2338775198
        6.0800050000         4.0000000000         1.9580547547         0.2193132679        16.2338775198
        6.0850048000         4.0000000000         1.9580547547         0.2856620818        16.2338775198
        6.0900061000         4.0000000000         1.9682640621         0.3571146507        16.4998268167
        6.0950058000         4.0000000000         1.9682640621         0.4183597097        16.4998268167
        6.1000097000         4.0000000000         1.9350838130         0.4719491363        15.6354916018
        6.1050064000         4.0000000000         1.9708163889         0.5434017052        16.5663141409
        6.1100126000         4.0000000000         1.9657117352         0.6071986416        16.4333394925
        6.1150057000         4.0000000000         1.9529501009         0.6633399457        16.1009028714
        6.1200121000         4.0000000000         1.9682640621         0.7398962695        16.4998268167
        6.1250076000         4.0000000000         1.9631594084         0.7909338187        16.3668521683
        6.1300130000         4.0000000000         1.9682640621         0.8674901425        16.4998268167
        6.1350035000         4.0000000000         1.9733687158         0.9287352015        16.6328014652
        6.1400113000         4.0000000000         1.9631594084         0.9874283830        16.3668521683
        6.1450051000         4.0000000000         1.9733687158         1.0563290744        16.6328014652
        6.1500106000         4.0000000000         1.9682640621         1.1124703785        16.4998268167
        6.1550058000         4.0000000000         1.9657117352         1.1762673150        16.4333394925
        6.1600052000         4.0000000000         1.9835780232         1.2375123740        16.8987507621
        6.1650055000         4.0000000000         1.9631594084         1.3013093105        16.3668521683
        6.1700118000         4.0000000000         1.9631594084         1.3574506146        16.3668521683
        6.1750048000         4.0000000000         1.9657117352         1.4289031834        16.4333394925
        6.1800118000         4.0000000000         1.9708163889         1.4850444875        16.5663141409
        6.1850120000         4.0000000000         1.9606070815         1.5513933015        16.3003648440
        6.1900091000         4.0000000000         1.9759210427         1.6151902379        16.6992887894
        6.1950054000         4.0000000000         1.9708163889         1.6815390519        16.5663141409
        6.2000047000         4.0000000000         1.9708163889         1.7376803560        16.5663141409
        6.2050042000         4.0000000000         1.9733687158         1.8040291699        16.6328014652
        6.2100045000         4.0000000000         1.9657117352         1.8652742289        16.4333394925
        6.2150033000         4.0000000000         1.9657117352         1.9214155330        16.4333394925
        6.2200055000         4.0000000000         1.9759210427         1.9903162244        16.6992887894
        6.2250032000         4.0000000000         1.9657117352         2.0541131609        16.4333394925
        6.2300046000         4.0000000000         1.9682640621         2.1179100974        16.4998268167
        6.2350038000         4.0000000000         1.9657117352         2.1817070338        16.4333394925
        6.2400048000         4.0000000000         1.9733687158         2.2506077252        16.6328014652
        6.2450032000         4.0000000000         1.9784733695         2.3041971519        16.7657761136
        6.2500046000         4.0000000000         1.9733687158         2.3782015982        16.6328014652
        6.2550033000         4.0000000000         1.9657117352         2.4292391474        16.4333394925
        6.2600084000         4.0000000000         1.9733687158         2.5006917162        16.6328014652
        6.2650041000         4.0000000000         1.9606070815         2.5517292654        16.3003648440
        6.2700096000         4.0000000000         1.9580547547         2.6206299568        16.2338775198
        6.2751007000         4.0000000000         1.9810256964         2.6869787707        16.8322634378
        6.2800118000         4.0000000000         1.9657117352         2.7482238297        16.4333394925
        6.2850101000         4.0000000000         1.9784733695         2.8171245211        16.7657761136
        6.2900039000         4.0000000000         1.9682640621         2.8758177027        16.4998268167
        6.2950119000         4.0000000000         1.9835780232         2.9421665166        16.8987507621
        6.3000055000         4.0000000000         1.9682640621         3.0008596982        16.4998268167
        6.3050102000         4.0000000000         1.9657117352         3.0595528797        16.4333394925
        6.3100049000         4.0000000000         1.9810256964         3.1284535711        16.8322634378
        6.3150071000         4.0000000000         1.9682640621         3.1896986301        16.4998268167
        6.3200048000         4.0000000000         1.9733687158         3.2585993215        16.6328014652
        6.3250050000         4.0000000000         1.9682640621         3.3172925031        16.4998268167
        6.3300086000         4.0000000000         1.9784733695         3.3836413170        16.7657761136
        6.3350961000         4.0000000000         1.9631594084         3.4448863760        16.3668521683
        6.3400051000         4.0000000000         1.9708163889         3.5035795576        16.5663141409
        6.3450048000         4.0000000000         1.9733687158         3.5724802490        16.6328014652
        6.3500047000         4.0000000000         1.9682640621         3.6286215531        16.4998268167
        6.3550048000         4.0000000000         1.9657117352         3.6975222445        16.4333394925
        6.3600044000         4.0000000000         1.9682640621         3.7613191810        16.4998268167
        6.3650041000         4.0000000000         1.9733687158         3.8302198724        16.6328014652
        6.3700047000         4.0000000000         1.9759210427         3.8889130539        16.6992887894
        6.3750059000         4.0000000000         1.9631594084         3.9501581129        16.3668521683
        6.3800034000         4.0000000000         1.9708163889         4.0139550494        16.5663141409
        6.3850047000         4.0000000000         1.9580547547         4.0752001084        16.2338775198
        6.3900042000         4.0000000000         1.9682640621         4.1389970449        16.4998268167
        6.3950060000         4.0000000000         1.9682640621         4.2002421039        16.4998268167
        6.4000067000         4.0000000000         1.9580547547         4.2589352855        16.2338775198
        6.4050064000         4.0000000000         1.9759210427         4.3354916092        16.6992887894
        6.4100055000         4.0000000000         1.9606070815         4.3941847908        16.3003648440
        6.4150079000         4.0000000000         1.9580547547         4.4477742174        16.2338775198
        6.4200068000         4.0000000000         1.9580547547         4.5192267863        16.2338775198
        6.4250120000         4.0000000000         1.9759210427         4.5957831101        16.6992887894
        6.4300053000         4.0000000000         1.9555024278         4.6391650269        16.1673901956
        6.4350067000         4.0000000000         1.9784733695         4.7182732281        16.7657761136
        6.4400104000         4.0000000000         1.9682640621         4.7820701646        16.4998268167
        6.4450114000         4.0000000000         1.9555024278         4.8484189785        16.1673901956
        6.4500054000         4.0000000000         1.9657117352         4.9147677924        16.4333394925
        6.4550063000         4.0000000000         1.9606070815         4.9709090965        16.3003648440
        6.4600066000         4.0000000000         1.9631594084         5.0066353810        16.3668521683
        6.4650079000         4.0000000000         1.9580547547         4.9989797486        16.2338775198
        6.4700042000         4.0000000000         1.9708163889         1.1175741334        16.5663141409
        6.4750048000         4.0000000000         1.9478454472        -0.0052519485        15.9679282229
        6.4800049000         4.0000000000         1.9733687158         0.0075074388        16.6328014652
        6.4850055000         4.0000000000         1.9606070815         0.0508893556        16.3003648440
        6.4900061000         4.0000000000         1.9555024278         0.1070306597        16.1673901956
        6.4950081000         4.0000000000         1.9784733695         0.1861388609        16.7657761136
        6.5000081000         4.0000000000         1.9580547547         0.2448320425        16.2338775198
        6.5050053000         4.0000000000         1.9529501009         0.3060771015        16.1009028714
        6.5100054000         4.0000000000         1.9631594084         0.3749777929        16.3668521683
        6.5150063000         4.0000000000         1.9580547547         0.4413266068        16.2338775198
        6.5200061000         4.0000000000         1.9580547547         0.5000197884        16.2338775198
        6.5250056000         4.0000000000         1.9784733695         0.5740242347        16.7657761136
        6.5300027000         4.0000000000         1.9682640621         0.6378211711        16.4998268167
        6.5350063000         4.0000000000         1.9657117352         0.6990662302        16.4333394925
        6.5400061000         4.0000000000         1.9555024278         0.7552075343        16.1673901956
        6.5450069000         4.0000000000         1.9580547547         0.8164525933        16.2338775198
        6.5500039000         4.0000000000         1.9682640621         0.8879051621        16.4998268167
        6.5550059000         4.0000000000         1.9682640621         0.9542539761        16.4998268167
        6.5600050000         4.0000000000         1.9682640621         1.0154990351        16.4998268167
        6.5650060000         4.0000000000         1.9682640621         1.0792959716        16.4998268167
        6.5700055000         4.0000000000         1.9682640621         1.1405410306        16.4998268167
        6.5750062000         4.0000000000         1.9606070815         1.1992342121        16.3003648440
        6.5800038000         4.0000000000         1.9733687158         1.2681349035        16.6328014652
        6.5850055000         4.0000000000         1.9759210427         1.3370355949        16.6992887894
        6.5900281000         4.0000000000         1.9682640621         1.3957287765        16.4998268167
        6.5950043000         4.0000000000         1.9657117352         1.4544219580        16.4333394925
        6.6001173000         4.0000000000         1.9631594084         1.5105632621        16.3668521683
        6.6050051000         4.0000000000         1.9784733695         1.5845677084        16.7657761136
        6.6100061000         4.0000000000         1.9580547547         1.6356052576        16.2338775198
        6.6150066000         4.0000000000         1.9682640621         1.7045059490        16.4998268167
        6.6200063000         4.0000000000         1.9784733695         1.7708547629        16.7657761136
        6.6250052000         4.0000000000         1.9580547547         1.8193404347        16.2338775198
        6.6300066000         4.0000000000         1.9759210427         1.8958967584        16.6992887894
        6.6350054000         4.0000000000         1.9733687158         1.9545899400        16.6328014652
        6.6400054000         4.0000000000         1.9657117352         2.0158349990        16.4333394925
        6.6450047000         4.0000000000         1.9886826769         2.0872875679        17.0317254105
        6.6500059000         4.0000000000         1.9657117352         2.1434288720        16.4333394925
        6.6550051000         4.0000000000         1.9606070815         2.2021220535        16.3003648440
        6.6600057000         4.0000000000         1.9784733695         2.2812302547        16.7657761136
        6.6650050000         4.0000000000         1.9631594084         2.3271640490        16.3668521683
        6.6700060000         4.0000000000         1.9733687158         2.3986166179        16.6328014652
        6.6750028000         4.0000000000         1.9810256964         2.4598616769        16.8322634378
        6.6800046000         4.0000000000         1.9631594084         2.5262104908        16.3668521683
        6.6850045000         4.0000000000         1.9784733695         2.5925593047        16.7657761136
        6.6900045000         4.0000000000         1.9733687158         2.6563562412        16.6328014652
        6.6950040000         4.0000000000         1.9682640621         2.7176013002        16.4998268167
        6.7000044000         4.0000000000         1.9733687158         2.7788463592        16.6328014652
        6.7050035000         4.0000000000         1.9708163889         2.8426432957        16.5663141409
        6.7100046000         4.0000000000         1.9835780232         2.9089921097        16.8987507621
        6.7150046000         4.0000000000         1.9682640621         2.9702371687        16.4998268167
        6.7200037000         4.0000000000         1.9606070815         3.0314822277        16.3003648440
        6.7250039000         4.0000000000         1.9708163889         3.0978310416        16.5663141409
        6.7300050000         4.0000000000         1.9682640621         3.1565242232        16.4998268167
        6.7350028000         4.0000000000         1.9733687158         3.2228730371        16.6328014652
        6.7400046000         4.0000000000         1.9733687158         3.2841180961        16.6328014652
        6.7450039000         4.0000000000         1.9606070815         3.3453631551        16.3003648440
        6.7500044000         4.0000000000         1.9784733695         3.4193676015        16.7657761136
        6.7550060000         4.0000000000         1.9657117352         3.4755089056        16.4333394925
        6.7600049000         4.0000000000         1.9657117352         3.5342020871        16.4333394925
        6.7650047000         4.0000000000         1.9759210427         3.5954471461        16.6992887894
        6.7700046000         4.0000000000         1.9733687158         3.6720034699        16.6328014652
        6.7750032000         4.0000000000         1.9708163889         3.7306966515        16.5663141409
        6.7800049000         4.0000000000         1.9682640621         3.7893898330        16.4998268167
        6.7850054000         4.0000000000         1.9580547547         3.8557386469        16.2338775198
        6.7900048000         4.0000000000         1.9708163889         3.9169837060        16.5663141409
        6.7950031000         4.0000000000         1.9682640621         3.9807806424        16.4998268167
        6.8000040000         4.0000000000         1.9580547547         4.0496813338        16.2338775198
        6.8050053000         4.0000000000         1.9835780232         4.1134782703        16.8987507621
        6.8100048000         4.0000000000         1.9555024278         4.1721714519        16.1673901956
        6.8150053000         4.0000000000         1.9580547547         4.2308646334        16.2338775198
        6.8200048000         4.0000000000         1.9733687158         4.2895578150        16.6328014652
        6.8250034000         4.0000000000         1.9631594084         4.3610103838        16.3668521683
        6.8300043000         4.0000000000         1.9682640621         4.4248073203        16.4998268167
        6.8350035000         4.0000000000         1.9682640621         4.4860523793        16.4998268167
        6.8400035000         4.0000000000         1.9529501009         4.5524011933        16.1009028714
        6.8450079000         4.0000000000         1.9682640621         4.6264056396        16.4998268167
        6.8500032000         4.0000000000         1.9555024278         4.6799950662        16.1673901956
        6.8550123000         4.0000000000         1.9657117352         4.7539995125        16.4333394925
        6.8600039000         4.0000000000         1.9682640621         4.8101408166        16.4998268167
        6.8650222000         4.0000000000         1.9555024278         4.8739377531        16.1673901956
        6.8700037000         4.0000000000         1.9631594084         4.9377346896        16.3668521683
        6.8750057000         4.0000000000         1.9657117352         5.0142910133        16.4333394925
        6.8800046000         4.0000000000         1.9682640621         5.0117391359        16.4998268167
        6.8850026000         4.0000000000         1.9631594084         1.1073666236        16.3668521683
        6.8900020000         4.0000000000         1.9682640621         0.0049555613        16.4998268167
        6.8950057000         4.0000000000         1.9631594084        -0.0001481936        16.3668521683
        6.9000040000         4.0000000000         1.9580547547         0.0202668261        16.2338775198
        6.9050824000         4.0000000000         1.9759210427         0.0917193949        16.6992887894
        6.9100039000         4.0000000000         1.9555024278         0.1478606990        16.1673901956
        6.9150057000         4.0000000000         1.9580547547         0.2065538806        16.2338775198
        6.9200044000         4.0000000000         1.9555024278         0.2754545720        16.1673901956
        6.9251845000         4.0000000000         1.9682640621         0.3469071408        16.4998268167
        6.9300048000         4.0000000000         1.9631594084         0.4081521998        16.3668521683
        6.9350038000         4.0000000000         1.9606070815         0.4719491363        16.3003648440
        6.9400036000         4.0000000000         1.9631594084         0.5357460728        16.3668521683
        6.9450027000         4.0000000000         1.9759210427         0.6097505191        16.6992887894
        6.9500018000         4.0000000000         1.9733687158         0.6633399457        16.6328014652
        6.9550016000         4.0000000000         1.9733687158         0.7296887597        16.6328014652
        6.9600121000         4.0000000000         1.9759210427         0.7985894511        16.6992887894
        6.9650058000         4.0000000000         1.9682640621         0.8598345101        16.4998268167
        6.9700071000         4.0000000000         1.9759210427         0.9261833240        16.6992887894
        6.9750050000         4.0000000000         1.9708163889         0.9874283830        16.5663141409
        6.9800033000         4.0000000000         1.9708163889         1.0537771970        16.5663141409
        6.9850035000         4.0000000000         1.9784733695         1.1150222560        16.7657761136
        6.9900041000         4.0000000000         1.9529501009         1.1864748248        16.1009028714
        6.9950060000         4.0000000000         1.9631594084         1.2400642515        16.3668521683
        7.0000041000         4.0000000000         1.9657117352         1.3038611879        16.4333394925
        7.0050068000         4.0000000000         1.9733687158         1.3625543695        16.6328014652
        7.0100071000         4.0000000000         1.9708163889         1.4289031834        16.5663141409
        7.0150051000         4.0000000000         1.9784733695         1.4952519974        16.7657761136
        7.0200093000         4.0000000000         1.9708163889         1.5590489338        16.5663141409
        7.0250059000         4.0000000000         1.9708163889         1.6228458703        16.5663141409
        7.0300117000         4.0000000000         1.9759210427         1.6789871744        16.6992887894
        7.0350098000         4.0000000000         1.9657117352         1.7376803560        16.4333394925
        7.0400065000         4.0000000000         1.9708163889         1.8040291699        16.5663141409
        7.0450106000         4.0000000000         1.9784733695         1.8729298613        16.7657761136
        7.0500044000         4.0000000000         1.9606070815         1.9316230429        16.3003648440
        7.0550054000         4.0000000000         1.9759210427         1.9979718568        16.6992887894
        7.0600033000         4.0000000000         1.9759210427         2.0617687933        16.6992887894
        7.0650046000         4.0000000000         1.9657117352         2.1179100974        16.4333394925
        7.0700036000         4.0000000000         1.9682640621         2.1791551564        16.4998268167
        7.0750027000         4.0000000000         1.9657117352         2.2404002154        16.4333394925
        7.0800034000         4.0000000000         1.9274268324         2.3016452744        15.4360296291
        7.0850051000         4.0000000000         1.9759210427         2.3782015982        16.6992887894
        7.0900060000         4.0000000000         1.9657117352         2.4292391474        16.4333394925
        7.0950025000         4.0000000000         1.9682640621         2.4955879613        16.4998268167
        7.1000048000         4.0000000000         1.9784733695         2.5619367752        16.7657761136
        7.1050036000         4.0000000000         1.9682640621         2.6231818342        16.4998268167
        7.1100030000         4.0000000000         1.9682640621         2.6818750158        16.4998268167
        7.1150030000         4.0000000000         1.9733687158         2.7456719523        16.6328014652
        7.1205464000         4.0000000000         1.9580547547         2.8196763986        16.2338775198
        7.1250036000         4.0000000000         1.9784733695         2.8834733351        16.7657761136
        7.1300041000         4.0000000000         1.9810256964         2.9447183941        16.8322634378
        7.1350038000         4.0000000000         1.9784733695         3.0110672080        16.7657761136
        7.1400044000         4.0000000000         1.9682640621         3.0723122670        16.4998268167
        7.1450049000         4.0000000000         1.9861303501         3.1361092035        16.9652380863
        7.1500030000         4.0000000000         1.9657117352         3.1896986301        16.4333394925
        7.1550029000         4.0000000000         1.9708163889         3.2534955666        16.5663141409
        7.1600065000         4.0000000000         1.9784733695         3.3223962580        16.7657761136
        7.1650047000         4.0000000000         1.9861303501         3.3887450720        16.9652380863
        7.1700031000         4.0000000000         1.9682640621         3.4550938859        16.4998268167
        7.1750039000         4.0000000000         1.9810256964         3.5163389449        16.8322634378
        7.1800035000         4.0000000000         1.9580547547         3.5750321265        16.2338775198
        7.1850020000         4.0000000000         1.9657117352         3.6388290629        16.4333394925
        7.1900027000         4.0000000000         1.9759210427         3.7077297543        16.6992887894
        7.1950035000         4.0000000000         1.9784733695         3.7766304457        16.7657761136
        7.2000061000         4.0000000000         1.9759210427         3.8378755047        16.6992887894
        7.2050029000         4.0000000000         1.9733687158         3.8940168088        16.6328014652
        7.2101232000         4.0000000000         1.9606070815         3.9629175002        16.3003648440
        7.2150072000         4.0000000000         1.9708163889         4.0241625592        16.5663141409
        7.2200162000         4.0000000000         1.9708163889         4.0905113732        16.5663141409
        7.2250309000         4.0000000000         1.9657117352         4.1517564322        16.4333394925
        7.2300057000         4.0000000000         1.9759210427         4.2130014912        16.6992887894
        7.2350035000         4.0000000000         1.9759210427         4.2819021826        16.6992887894
        7.2400062000         4.0000000000         1.9580547547         4.3354916092        16.2338775198
        7.2450048000         4.0000000000         1.9631594084         4.3992885457        16.3668521683
        7.2500042000         4.0000000000         1.9708163889         4.4630854822        16.5663141409
        7.2550060000         4.0000000000         1.9555024278         4.5319861736        16.1673901956
        7.2600042000         4.0000000000         1.9759210427         4.5983349875        16.6992887894
        7.2650028000         4.0000000000         1.9682640621         4.6723394338        16.4998268167
        7.2700060000         4.0000000000         1.9555024278         4.7310326154        16.1673901956
        7.2750034000         4.0000000000         1.9708163889         4.7948295519        16.5663141409
        7.2800070000         4.0000000000         1.9682640621         4.8586264883        16.4998268167
        7.2850054000         4.0000000000         1.9631594084         4.9275271797        16.3668521683
        7.2900070000         4.0000000000         1.9759210427         4.9964278711        16.6992887894
        7.2950063000         4.0000000000         1.9580547547         5.0066353810        16.2338775198
        7.3000071000         4.0000000000         1.9555024278         4.9964278711        16.1673901956
        7.3050034000         4.0000000000         1.9708163889         1.1073666236        16.5663141409
        7.3100071000         4.0000000000         1.9606070815         0.0024036839        16.3003648440
        7.3150066000         4.0000000000         1.9606070815         0.0075074388        16.3003648440
        7.3200037000         4.0000000000         1.9657117352         0.0636487429        16.4333394925
        7.3250077000         4.0000000000         1.9580547547         0.1299975568        16.2338775198
        7.3300099000         4.0000000000         1.9606070815         0.1963463707        16.3003648440
        7.3350058000         4.0000000000         1.9606070815         0.2524876748        16.3003648440
        7.3400075000         4.0000000000         1.9784733695         0.3213883662        16.7657761136
        7.3450039000         4.0000000000         1.9682640621         0.3928409351        16.4998268167
        7.3500053000         4.0000000000         1.9580547547         0.4540859941        16.2338775198
        7.3550036000         4.0000000000         1.9733687158         0.5204348080        16.6328014652
        7.3600039000         4.0000000000         1.9759210427         0.5893354994        16.6992887894
        7.3650039000         4.0000000000         1.9631594084         0.6480286810        16.3668521683
        7.3700050000         4.0000000000         1.9708163889         0.7143774949        16.5663141409
        7.3750027000         4.0000000000         1.9350838130         0.7756225539        15.6354916018
        7.3800136000         4.0000000000         1.9631594084         0.8394194904        16.3668521683
        7.3850058000         4.0000000000         1.9657117352         0.9006645494        16.4333394925
        7.3900056000         4.0000000000         1.9580547547         0.9619096084        16.2338775198
        7.3950040000         4.0000000000         1.9733687158         1.0333621773        16.6328014652
        7.4000045000         4.0000000000         1.9835780232         1.1022628687        16.8987507621
        7.4050044000         4.0000000000         1.9784733695         1.1635079277        16.7657761136
        7.4100205000         4.0000000000         1.9631594084         1.2170973543        16.3668521683
        7.4150043000         4.0000000000         1.9708163889         1.2859980457        16.5663141409
        7.4200052000         4.0000000000         1.9759210427         1.3548987371        16.6992887894
        7.4250048000         4.0000000000         1.9657117352         1.4033844088        16.4333394925
        7.4300047000         4.0000000000         1.9759210427         1.4722851002        16.6992887894
        7.4350032000         4.0000000000         1.9759210427         1.5360820367        16.6992887894
        7.4400048000         4.0000000000         1.9708163889         1.6049827281        16.5663141409
        7.4450031000         4.0000000000         1.9682640621         1.6662277871        16.4998268167
        7.4500050000         4.0000000000         1.9861303501         1.7300247236        16.9652380863
        7.4550036000         4.0000000000         1.9861303501         1.7912697826        16.9652380863
        7.4600050000         4.0000000000         1.9759210427         1.8474110867        16.6992887894
        7.4650065000         4.0000000000         1.9657117352         1.9137599006        16.4333394925
        7.4700043000         4.0000000000         1.9733687158         1.9699012047        16.6328014652
        7.4750018000         4.0000000000         1.9606070815         2.0388018961        16.3003648440
        7.4800036000         4.0000000000         1.9861303501         2.1102544650        16.9652380863
        7.4850032000         4.0000000000         1.9708163889         2.1714995240        16.5663141409
        7.4900050000         4.0000000000         1.9810256964         2.2327445830        16.8322634378
        7.4950036000         4.0000000000         1.9708163889         2.2939896420        16.5663141409
        7.5000952000         4.0000000000         1.9631594084         2.3628903334        16.3668521683
        7.5050052000         4.0000000000         1.9708163889         2.4190316375        16.5663141409
        7.5100033000         4.0000000000         1.9759210427         2.4853804515        16.6992887894
        7.5150038000         4.0000000000         1.9708163889         2.5491773879        16.5663141409
        7.5200037000         4.0000000000         1.9835780232         2.6104224470        16.8987507621
        7.5250028000         4.0000000000         1.9861303501         2.6793231383        16.9652380863
        7.5300028000         4.0000000000         1.9759210427         2.7354644424        16.6992887894
        7.5350040000         4.0000000000         1.9733687158         2.7992613789        16.6328014652
        7.5400029000         4.0000000000         1.9682640621         2.8630583154        16.4998268167
        7.5450026000         4.0000000000         1.9835780232         2.9319590068        16.8987507621
        7.5500041000         4.0000000000         1.9759210427         2.9983078207        16.6992887894
        7.5550052000         4.0000000000         1.9810256964         3.0595528797        16.8322634378
        7.5600064000         4.0000000000         1.9810256964         3.1259016937        16.8322634378
        7.5650055000         4.0000000000         1.9733687158         3.1871467527        16.6328014652
        7.5700046000         4.0000000000         1.9733687158         3.2458399342        16.6328014652
        7.5750048000         4.0000000000         1.9733687158         3.3172925031        16.6328014652
        7.5800077000         4.0000000000         1.9784733695         3.3810894396        16.7657761136
        7.5850060000         4.0000000000         1.9784733695         3.4448863760        16.7657761136
        7.5900270000         4.0000000000         1.9733687158         3.5137870674        16.6328014652
        7.5950050000         4.0000000000         1.9631594084         3.5724802490        16.3668521683
        7.6000039000         4.0000000000         1.9886826769         3.6413809404        17.0317254105
        7.6050057000         4.0000000000         1.9580547547         3.6975222445        16.2338775198
        7.6100041000         4.0000000000         1.9682640621         3.7613191810        16.4998268167
        7.6150028000         4.0000000000         1.9682640621         3.8225642400        16.4998268167
        7.6200062000         4.0000000000         1.9759210427         3.8940168088        16.6992887894
        7.6250053000         4.0000000000         1.9784733695         3.9552618679        16.7657761136
        7.6300031000         4.0000000000         1.9733687158         4.0139550494        16.6328014652
        7.6350056000         4.0000000000         1.9631594084         4.0777519859        16.3668521683
        7.6400030000         4.0000000000         1.9733687158         4.1389970449        16.6328014652
        7.6450043000         4.0000000000         1.9784733695         4.2002421039        16.7657761136
        7.6500038000         4.0000000000         1.9606070815         4.2665909178        16.3003648440
        7.6550045000         4.0000000000         1.9733687158         4.3329397318        16.6328014652
        7.6600039000         4.0000000000         1.9682640621         4.4018404232        16.4998268167
        7.6650020000         4.0000000000         1.9682640621         4.4579817273        16.4998268167
        7.6700055000         4.0000000000         1.9682640621         4.5192267863        16.4998268167
        7.6750093000         4.0000000000         1.9759210427         4.5932312326        16.6992887894
        7.6802061000         4.0000000000         1.9580547547         4.6570281691        16.2338775198
        7.6850035000         4.0000000000         1.9784733695         4.7284807379        16.7657761136
        7.6900041000         4.0000000000         1.9631594084         4.7871739195        16.3668521683
        7.6950052000         4.0000000000         1.9580547547         4.8509708560        16.2338775198
        7.7000298000         4.0000000000         1.9810256964         4.9173196699        16.8322634378
        7.7050047000         4.0000000000         1.9555024278         4.9760128515        16.1673901956
        7.7100077000         4.0000000000         1.9631594084         5.0066353810        16.3668521683
        7.7150047000         4.0000000000         1.9529501009         4.9964278711        16.1009028714
        7.7200078000         4.0000000000         1.9708163889         1.1150222560        16.5663141409
        7.7250042000         4.0000000000         1.9555024278        -0.0052519485        16.1673901956
        7.7300070000         4.0000000000         1.9784733695         0.0100593162        16.7657761136
        7.7350067000         4.0000000000         1.9682640621         0.0610968654        16.4998268167
        7.7400048000         4.0000000000         1.9682640621         0.1325494343        16.4998268167
        7.7450116000         4.0000000000         1.9657117352         0.1937944933        16.4333394925
        7.7500045000         4.0000000000         1.9708163889         0.2601433072        16.5663141409
        7.7550036000         4.0000000000         1.9606070815         0.3137327338        16.3003648440
        7.7600049000         4.0000000000         1.9708163889         0.3851853027        16.5663141409
        7.7650034000         4.0000000000         1.9682640621         0.4489822392        16.4998268167
        7.7700056000         4.0000000000         1.9657117352         0.5127791757        16.4333394925
        7.7750046000         4.0000000000         1.9580547547         0.5740242347        16.2338775198
        7.7800049000         4.0000000000         1.9657117352         0.6429249261        16.4333394925
        7.7850032000         4.0000000000         1.9708163889         0.7092737400        16.5663141409
        7.7900044000         4.0000000000         1.9733687158         0.7756225539        16.6328014652
        7.7950028000         4.0000000000         1.9784733695         0.8343157355        16.7657761136
        7.8000046000         4.0000000000         1.9708163889         0.9006645494        16.5663141409
        7.8050044000         4.0000000000         1.9631594084         0.9568058535        16.3668521683
        7.8100045000         4.0000000000         1.9733687158         1.0282584224        16.6328014652
        7.8150031000         4.0000000000         1.9733687158         1.0920553588        16.6328014652
        7.8200054000         4.0000000000         1.9759210427         1.1609560502        16.6992887894
        7.8250035000         4.0000000000         1.9810256964         1.2222011093        16.8322634378
        7.8300048000         4.0000000000         1.9759210427         1.2885499232        16.6992887894
        7.8350149000         4.0000000000         1.9708163889         1.3421393498        16.5663141409
        7.8400035000         4.0000000000         1.9708163889         1.4059362863        16.5663141409
        7.8450049000         4.0000000000         1.9631594084         1.4646294679        16.3668521683
        7.8500586000         4.0000000000         1.9759210427         1.5360820367        16.6992887894
        7.8550095000         4.0000000000         1.9682640621         1.5947752183        16.4998268167
        7.8600042000         4.0000000000         1.9606070815         1.6534683998        16.3003648440
        7.8650073000         4.0000000000         1.9835780232         1.7300247236        16.8987507621
        7.8700055000         4.0000000000         1.9759210427         1.7810622728        16.6992887894
        7.8750031000         4.0000000000         1.9580547547         1.8397554543        16.2338775198
        7.8800085000         4.0000000000         1.9682640621         1.9061042683        16.4998268167
        7.8850074000         4.0000000000         1.9810256964         1.9699012047        16.8322634378
        7.8900048000         4.0000000000         1.9657117352         2.0311462638        16.4333394925
        7.8950051000         4.0000000000         1.9682640621         2.0923913228        16.4998268167
        7.9000090000         4.0000000000         1.9708163889         2.1510845043        16.5663141409
        7.9050046000         4.0000000000         1.9606070815         2.2225370732        16.3003648440
        7.9100092000         4.0000000000         1.9759210427         2.2914377646        16.6992887894
        7.9150075000         4.0000000000         1.9784733695         2.3526828236        16.7657761136
        7.9200058000         4.0000000000         1.9708163889         2.4241353924        16.5663141409
        7.9250029000         4.0000000000         1.9886826769         2.4853804515        17.0317254105
        7.9300046000         4.0000000000         1.9810256964         2.5517292654        16.8322634378
        7.9350349000         4.0000000000         1.9657117352         2.6078705695        16.4333394925
        7.9400154000         4.0000000000         1.9835780232         2.6716675060        16.8987507621
        7.9450371000         4.0000000000         1.9759210427         2.7380163199        16.6992887894
        7.9500068000         4.0000000000         1.9580547547         2.7941576240        16.2338775198
        7.9550112000         4.0000000000         1.9733687158         2.8681620703        16.6328014652
        7.9600030000         4.0000000000         1.9835780232         2.9243033744        16.8987507621
        7.9650108000         4.0000000000         1.9682640621         2.9881003109        16.4998268167
        7.9700096000         4.0000000000         1.9759210427         3.0467934924        16.6992887894
        7.9750059000         4.0000000000         1.9759210427         3.1182460613        16.6992887894
        7.9800057000         4.0000000000         1.9708163889         3.1794911203        16.5663141409
        7.9850113000         4.0000000000         1.9733687158         3.2458399342        16.6328014652
        7.9900041000         4.0000000000         1.9631594084         3.3019812383        16.3668521683
        7.9950118000         4.0000000000         1.9784733695         3.3810894396        16.7657761136
        8.0000066000         4.0000000000         1.9733687158         3.4346788662        16.6328014652
        8.0050118000         4.0000000000         1.9733687158         3.5010276801        16.6328014652
        8.0100048000         4.0000000000         1.9784733695         3.5571689842        16.7657761136
        8.0150140000         4.0000000000         1.9784733695         3.6235177982        16.7657761136
        8.0200046000         4.0000000000         1.9606070815         3.6847628572        16.3003648440
        8.0250057000         4.0000000000         1.9835780232         3.7613191810        16.8987507621
        8.0300061000         4.0000000000         1.9580547547         3.8072529752        16.2338775198
        8.0350068000         4.0000000000         1.9810256964         3.8787055441        16.8322634378
        8.0400064000         4.0000000000         1.9555024278         3.9348468482        16.1673901956
        8.0450182000         4.0000000000         1.9657117352         4.0037475396        16.4333394925
        8.0500066000         4.0000000000         1.9631594084         4.0598888437        16.3668521683
        8.0550068000         4.0000000000         1.9733687158         4.1287895351        16.6328014652
        8.0600068000         4.0000000000         1.9733687158         4.2027939814        16.6328014652
        8.0650068000         4.0000000000         1.9886826769         4.2614871629        17.0317254105
        8.0700067000         4.0000000000         1.9708163889         4.3252840994        16.5663141409
        8.0751673000         4.0000000000         1.9631594084         4.3865291584        16.3668521683
        8.0800077000         4.0000000000         1.9682640621         4.4452223400        16.4998268167
        8.0850073000         4.0000000000         1.9606070815         4.5141230314        16.3003648440
        8.0900157000         4.0000000000         1.9759210427         4.5881274777        16.6992887894
        8.0951940000         4.0000000000         1.9682640621         4.6417169043        16.4998268167
        8.1000069000         4.0000000000         1.9682640621         4.7182732281        16.4998268167
        8.1050083000         4.0000000000         1.9657117352         4.7744145322        16.4333394925
        8.1100185000         4.0000000000         1.9606070815         4.8356595912        16.3003648440
        8.1151452000         4.0000000000         1.9580547547         4.9020084051        16.2338775198
        8.1200055000         4.0000000000         1.9759210427         4.9760128515        16.6992887894
        8.1250077000         4.0000000000         1.9708163889         5.0142910133        16.5663141409
        8.1300247000         4.0000000000         1.9606070815         4.9989797486        16.3003648440
        8.1350064000         4.0000000000         1.9376361398         1.1073666236        15.7019789260
        8.1400046000         4.0000000000         1.9529501009        -0.0027000711        16.1009028714
        8.1450083000         4.0000000000         1.9657117352         0.0024036839        16.4333394925
        8.1500093000         4.0000000000         1.9784733695         0.0559931105        16.7657761136
        8.1550050000         4.0000000000         1.9733687158         0.1146862920        16.6328014652
        8.1600063000         4.0000000000         1.9733687158         0.1861388609        16.6328014652
        8.1650062000         4.0000000000         1.9631594084         0.2448320425        16.3668521683
        8.1700053000         4.0000000000         1.9580547547         0.3035252240        16.2338775198
        8.1750066000         4.0000000000         1.9810256964         0.3826334252        16.8322634378
        8.1800062000         4.0000000000         1.9657117352         0.4413266068        16.4333394925
        8.1850062000         4.0000000000         1.9682640621         0.5000197884        16.4998268167
        8.1900061000         4.0000000000         1.9733687158         0.5765761121        16.6328014652
        8.1950045000         4.0000000000         1.9759210427         0.6352692937        16.6992887894
        8.2000060000         4.0000000000         1.9708163889         0.6990662302        16.5663141409
        8.2050134000         4.0000000000         1.9555024278         0.7603112892        16.1673901956
        8.2100267000         4.0000000000         1.9708163889         0.8317638580        16.5663141409
        8.2150069000         4.0000000000         1.9886826769         0.9032164269        17.0317254105
        8.2200829000         4.0000000000         1.9759210427         0.9695652408        16.6992887894
        8.2250125000         4.0000000000         1.9682640621         1.0231546675        16.4998268167
        8.2300085000         4.0000000000         1.9708163889         1.0920553588        16.5663141409
        8.2350070000         4.0000000000         1.9733687158         1.1481966629        16.6328014652
        8.2400092000         4.0000000000         1.9733687158         1.2196492318        16.6328014652
        8.2450054000         4.0000000000         1.9810256964         1.2808942908        16.8322634378
        8.2501925000         4.0000000000         1.9733687158         1.3446912273        16.6328014652
        8.2550068000         4.0000000000         1.9631594084         1.3957287765        16.3668521683
        8.2600078000         4.0000000000         1.9657117352         1.4671813453        16.4333394925
        8.2650132000         4.0000000000         1.9784733695         1.5360820367        16.7657761136
        8.2700047000         4.0000000000         1.9733687158         1.5973270957        16.6328014652
        8.2751478000         4.0000000000         1.9759210427         1.6560202773        16.6992887894
        8.2800044000         4.0000000000         1.9835780232         1.7172653363        16.8987507621
        8.2850037000         4.0000000000         1.9733687158         1.7785103953        16.6328014652
        8.2900046000         4.0000000000         1.9657117352         1.8372035769        16.4333394925
        8.2950028000         4.0000000000         1.9657117352         1.8933448810        16.4333394925
        8.3000050000         4.0000000000         1.9784733695         1.9647974498        16.7657761136
        8.3050028000         4.0000000000         1.9810256964         2.0311462638        16.8322634378
        8.3100214000         4.0000000000         1.9784733695         2.0974950777        16.7657761136
        8.3150048000         4.0000000000         1.9657117352         2.1587401367        16.4333394925
        8.3200063000         4.0000000000         1.9784733695         2.2225370732        16.7657761136
        8.3250037000         4.0000000000         1.9733687158         2.2812302547        16.6328014652
        8.3300061000         4.0000000000         1.9657117352         2.3552347011        16.4333394925
        8.3350045000         4.0000000000         1.9963396575         2.4215835150        17.2311873832
        8.3400044000         4.0000000000         1.9759210427         2.4726210642        16.6992887894
        8.3450038000         4.0000000000         1.9784733695         2.5517292654        16.7657761136
        8.3500060000         4.0000000000         1.9682640621         2.6027668146        16.4998268167
        8.3550044000         4.0000000000         1.9861303501         2.6716675060        16.9652380863
        8.3600045000         4.0000000000         1.9682640621         2.7329125650        16.4998268167
        8.3650059000         4.0000000000         1.9784733695         2.7967095015        16.7657761136
        8.3700047000         4.0000000000         1.9784733695         2.8707139478        16.7657761136
        8.3750033000         4.0000000000         1.9810256964         2.9345108842        16.8322634378
        8.3800040000         4.0000000000         1.9733687158         2.9932040658        16.6328014652
        8.3850035000         4.0000000000         1.9733687158         3.0493453699        16.6328014652
        8.3900033000         4.0000000000         1.9810256964         3.1259016937        16.8322634378
        8.3950032000         4.0000000000         1.9784733695         3.1845948752        16.7657761136
        8.4000033000         4.0000000000         1.9733687158         3.2483918117        16.6328014652
        8.4050054000         4.0000000000         1.9784733695         3.3121887482        16.7657761136
        8.4100035000         4.0000000000         1.9631594084         3.3708819297        16.3668521683
        8.4150040000         4.0000000000         1.9861303501         3.4423344986        16.9652380863
        8.4200046000         4.0000000000         1.9784733695         3.5035795576        16.7657761136
        8.4250029000         4.0000000000         1.9733687158         3.5699283715        16.6328014652
        8.4300050000         4.0000000000         1.9784733695         3.6286215531        16.7657761136
        8.4350047000         4.0000000000         1.9606070815         3.6847628572        16.3003648440
        8.4400042000         4.0000000000         1.9759210427         3.7562154260        16.6992887894
        8.4450041000         4.0000000000         1.9657117352         3.8225642400        16.4333394925
        8.4500035000         4.0000000000         1.9529501009         3.8889130539        16.1009028714
        8.4550040000         4.0000000000         1.9657117352         3.9425024806        16.4333394925
        8.4600037000         4.0000000000         1.9606070815         4.0062994170        16.3003648440
        8.4650064000         4.0000000000         1.9784733695         4.0828557408        16.7657761136
        8.4700071000         4.0000000000         1.9682640621         4.1364451674        16.4998268167
        8.4750046000         4.0000000000         1.9631594084         4.1951383490        16.3668521683
        8.4800036000         4.0000000000         1.9733687158         4.2665909178        16.6328014652
        8.4850080000         4.0000000000         1.9784733695         4.3380434867        16.7657761136
        8.4900403000         4.0000000000         1.9708163889         4.3941847908        16.5663141409
        8.4950045000         4.0000000000         1.9835780232         4.4681892371        16.8987507621
        8.5000070000         4.0000000000         1.9682640621         4.5243305412        16.4998268167
        8.5050059000         4.0000000000         1.9657117352         4.5932312326        16.4333394925
        8.5100044000         4.0000000000         1.9733687158         4.6544762916        16.6328014652
        8.5150086000         4.0000000000         1.9682640621         4.7233769830        16.4998268167
        8.5200062000         4.0000000000         1.9657117352         4.7871739195        16.4333394925
        8.5250045000         4.0000000000         1.9657117352         4.8433152236        16.4333394925
        8.5300138000         4.0000000000         1.9708163889         4.9249753023        16.5663141409
        8.5350133000         4.0000000000         1.9708163889         4.9913241162        16.5663141409
        8.5400070000         4.0000000000         1.9657117352         5.0066353810        16.4333394925
        8.5450118000         4.0000000000         1.9606070815         4.9938759937        16.3003648440
        8.5500042000         4.0000000000         1.9708163889         1.0997109912        16.5663141409
        8.5550104000         4.0000000000         1.9606070815         0.0024036839        16.3003648440
        8.5600058000         4.0000000000         1.9682640621         0.0075074388        16.4998268167
        8.5650053000         4.0000000000         1.9682640621         0.0610968654        16.4998268167
        8.5700042000         4.0000000000         1.9733687158         0.1274456793        16.6328014652
        8.5750053000         4.0000000000         1.9682640621         0.1988982482        16.4998268167
        8.5800030000         4.0000000000         1.9682640621         0.2550395523        16.4998268167
        8.5850213000         4.0000000000         1.9503977741         0.3162846113        16.0344155471
        8.5900053000         4.0000000000         1.9606070815         0.3826334252        16.3003648440
        8.5950063000         4.0000000000         1.9606070815         0.4464303617        16.3003648440
        8.6000025000         4.0000000000         1.9452931204         0.5178829306        15.9014408987
        8.6050051000         4.0000000000         1.9708163889         0.5842317445        16.5663141409
        8.6100031000         4.0000000000         1.9682640621         0.6378211711        16.4998268167
        8.6150036000         4.0000000000         1.9682640621         0.7092737400        16.4998268167
        8.6200046000         4.0000000000         1.9784733695         0.7807263088        16.7657761136
        8.6250039000         4.0000000000         1.9733687158         0.8368676129        16.6328014652
        8.6300047000         4.0000000000         1.9835780232         0.9083201818        16.8987507621
        8.6350044000         4.0000000000         1.9708163889         0.9670133634        16.5663141409
        8.6400033000         4.0000000000         1.9733687158         1.0359140547        16.6328014652
        8.6450049000         4.0000000000         1.9631594084         1.0946072363        16.3668521683
        8.6500798000         4.0000000000         1.9682640621         1.1609560502        16.4998268167
        8.6550072000         4.0000000000         1.9733687158         1.2222011093        16.6328014652
        8.6600029000         4.0000000000         1.9759210427         1.2885499232        16.6992887894
        8.6650018000         4.0000000000         1.9682640621         1.3523468597        16.4998268167
        8.6700040000         4.0000000000         1.9784733695         1.4110400412        16.7657761136
        8.6750303000         4.0000000000         1.9708163889         1.4722851002        16.5663141409
        8.6800033000         4.0000000000         1.9682640621         1.5360820367        16.4998268167
        8.6850053000         4.0000000000         1.9708163889         1.5973270957        16.5663141409
        8.6900031000         4.0000000000         1.9784733695         1.6738834195        16.7657761136
        8.6950064000         4.0000000000         1.9784733695         1.7274728461        16.7657761136
        8.7000044000         4.0000000000         1.9733687158         1.7810622728        16.6328014652
        8.7050024000         4.0000000000         1.9682640621         1.8525148416        16.4998268167
        8.7100222000         4.0000000000         1.9708163889         1.9137599006        16.5663141409
        8.7150031000         4.0000000000         1.9682640621         1.9724530822        16.4998268167
        8.7200040000         4.0000000000         1.9810256964         2.0464575285        16.8322634378
        8.7250064000         4.0000000000         1.9682640621         2.1000469552        16.4998268167
        8.7300061000         4.0000000000         1.9759210427         2.1766032789        16.6992887894
        8.7350072000         4.0000000000         1.9784733695         2.2352964605        16.7657761136
        8.7400037000         4.0000000000         1.9657117352         2.2965415195        16.4333394925
        8.7450026000         4.0000000000         1.9682640621         2.3603384560        16.4998268167
        8.7500033000         4.0000000000         1.9733687158         2.4190316375        16.6328014652
        8.7550030000         4.0000000000         1.9733687158         2.4879323289        16.6328014652
        8.7600032000         4.0000000000         1.9835780232         2.5568330203        16.8987507621
        8.7650037000         4.0000000000         1.9784733695         2.6180780793        16.7657761136
        8.7700042000         4.0000000000         1.9784733695         2.6767712609        16.7657761136
        8.7750023000         4.0000000000         1.9376361398         2.7431200748        15.7019789260
        8.7800030000         4.0000000000         1.9631594084         2.7992613789        16.3668521683
        8.7850047000         4.0000000000         1.9657117352         2.8707139478        16.4333394925
        8.7900047000         4.0000000000         1.9886826769         2.9345108842        17.0317254105
        8.7950036000         4.0000000000         1.9580547547         2.9932040658        16.2338775198
        8.8000042000         4.0000000000         1.9657117352         3.0518972474        16.4333394925
        8.8050043000         4.0000000000         1.9886826769         3.1259016937        17.0317254105
        8.8100202000         4.0000000000         1.9708163889         3.1820429978        16.5663141409
        8.8150061000         4.0000000000         1.9810256964         3.2483918117        16.8322634378
        8.8200036000         4.0000000000         1.9682640621         3.3070849933        16.4998268167
        8.8250029000         4.0000000000         1.9759210427         3.3836413170        16.6992887894
        8.8300413000         4.0000000000         1.9631594084         3.4372307437        16.3668521683
        8.8350031000         4.0000000000         1.9580547547         3.4984758027        16.2338775198
        8.8400062000         4.0000000000         1.9708163889         3.5673764941        16.5663141409
        8.8450035000         4.0000000000         1.9759210427         3.6235177982        16.6992887894
        8.8500130000         4.0000000000         1.9631594084         3.6949703670        16.3668521683
        8.8550021000         4.0000000000         1.9784733695         3.7613191810        16.7657761136
        8.8600034000         4.0000000000         1.9708163889         3.8251161174        16.5663141409
        8.8650023000         4.0000000000         1.9759210427         3.8863611765        16.6992887894
        8.8700042000         4.0000000000         1.9759210427         3.9552618679        16.6992887894
        8.8750036000         4.0000000000         1.9886826769         4.0165069269        17.0317254105
        8.8800049000         4.0000000000         1.9606070815         4.0700963535        16.3003648440
        8.8850048000         4.0000000000         1.9784733695         4.1389970449        16.7657761136
        8.8900043000         4.0000000000         1.9631594084         4.2002421039        16.3668521683
        8.8950051000         4.0000000000         1.9708163889         4.2665909178        16.5663141409
        8.9000057000         4.0000000000         1.9708163889         4.3405953642        16.5663141409
        8.9050053000         4.0000000000         1.9733687158         4.3890810359        16.6328014652
        8.9100064000         4.0000000000         1.9708163889         4.4605336047        16.5663141409
        8.9150051000         4.0000000000         1.9555024278         4.5217786637        16.1673901956
        8.9200041000         4.0000000000         1.9631594084         4.5855756002        16.3668521683
        8.9250058000         4.0000000000         1.9708163889         4.6570281691        16.5663141409
        8.9300024000         4.0000000000         1.9759210427         4.7233769830        16.6992887894
        8.9350053000         4.0000000000         1.9682640621         4.7769664097        16.4998268167
        8.9400055000         4.0000000000         1.9631594084         4.8407633461        16.3668521683
        8.9450032000         4.0000000000         1.9580547547         4.9147677924        16.2338775198
        8.9500062000         4.0000000000         1.9759210427         4.9811166064        16.6992887894
        8.9550048000         4.0000000000         1.9733687158         5.0142910133        16.6328014652
        8.9600073000         4.0000000000         1.9606070815         5.0040835035        16.3003648440
        8.9650049000         4.0000000000         1.9810256964         1.1099185011        16.8322634378
        8.9700075000         4.0000000000         1.9682640621         0.0075074388        16.4998268167
        8.9750092000         4.0000000000         1.9606070815         0.0049555613        16.3003648440
        8.9800089000         4.0000000000         1.9682640621         0.0534412330        16.4998268167
        8.9850077000         4.0000000000         1.9606070815         0.1274456793        16.3003648440
        8.9900067000         4.0000000000         1.9682640621         0.1963463707        16.4998268167
        8.9950264000         4.0000000000         1.9708163889         0.2524876748        16.5663141409
        9.0000032000         4.0000000000         1.9708163889         0.3188364888        16.5663141409
        9.0050059000         4.0000000000         1.9631594084         0.3826334252        16.3668521683
        9.0100070000         4.0000000000         1.9682640621         0.4464303617        16.4998268167
        9.0150055000         4.0000000000         1.9682640621         0.5178829306        16.4998268167
        9.0200049000         4.0000000000         1.9657117352         0.5816798670        16.4333394925
        9.0250073000         4.0000000000         1.9682640621         0.6378211711        16.4998268167
        9.0300087000         4.0000000000         1.9810256964         0.7194812498        16.8322634378
        9.0350060000         4.0000000000         1.9733687158         0.7730706765        16.6328014652
        9.0400059000         4.0000000000         1.9682640621         0.8368676129        16.4998268167
        9.0450038000         4.0000000000         1.9657117352         0.8981126720        16.4333394925
        9.0500058000         4.0000000000         1.9784733695         0.9695652408        16.7657761136
        9.0550041000         4.0000000000         1.9759210427         1.0257065449        16.6992887894
        9.0600043000         4.0000000000         1.9835780232         1.1048147461        16.8987507621
        9.0650328000         4.0000000000         1.9708163889         1.1584041728        16.5663141409
        9.0700041000         4.0000000000         1.9733687158         1.2222011093        16.6328014652
        9.0750077000         4.0000000000         1.9708163889         1.2808942908        16.5663141409
        9.0800045000         4.0000000000         1.9708163889         1.3497949822        16.5663141409
        9.0850047000         4.0000000000         1.9886826769         1.4186956736        17.0317254105
        9.0900047000         4.0000000000         1.9784733695         1.4748369777        16.7657761136
        9.0950043000         4.0000000000         1.9886826769         1.5462895465        17.0317254105
        9.1000041000         4.0000000000         1.9759210427         1.6075346056        16.6992887894
        9.1050042000         4.0000000000         1.9606070815         1.6636759097        16.3003648440
        9.1100053000         4.0000000000         1.9835780232         1.7351284785        16.8987507621
        9.1150036000         4.0000000000         1.9810256964         1.7887179052        16.8322634378
        9.1200049000         4.0000000000         1.9682640621         1.8499629642        16.4998268167
        9.1250034000         4.0000000000         1.9657117352         1.9137599006        16.4333394925
        9.1300053000         4.0000000000         1.9861303501         1.9826605920        16.9652380863
        9.1350037000         4.0000000000         1.9606070815         2.0515612834        16.3003648440
        9.1400062000         4.0000000000         1.9835780232         2.1128063424        16.8987507621
        9.1450220000         4.0000000000         1.9835780232         2.1766032789        16.8987507621
        9.1500076000         4.0000000000         1.9835780232         2.2429520929        16.8987507621
        9.1550039000         4.0000000000         1.9784733695         2.2990933970        16.7657761136
        9.1600077000         4.0000000000         1.9810256964         2.3679940883        16.8322634378
        9.1650042000         4.0000000000         1.9784733695         2.4343429023        16.7657761136
        9.1700044000         4.0000000000         1.9733687158         2.4879323289        16.6328014652
        9.1750049000         4.0000000000         1.9733687158         2.5644886527        16.6328014652
        9.1800053000         4.0000000000         1.9759210427         2.6180780793        16.6992887894
        9.1850053000         4.0000000000         1.9912350038         2.6895306482        17.0982127348
        9.1900043000         4.0000000000         1.9708163889         2.7533275847        16.5663141409
        9.1950061000         4.0000000000         1.9835780232         2.8171245211        16.8987507621
        9.2000064000         4.0000000000         1.9784733695         2.8834733351        16.7657761136
        9.2050067000         4.0000000000         1.9861303501         2.9498221490        16.9652380863
        9.2100049000         4.0000000000         1.9682640621         3.0085153306        16.4998268167
        9.2150050000         4.0000000000         1.9810256964         3.0799678994        16.8322634378
        9.2200070000         4.0000000000         1.9861303501         3.1412129584        16.9652380863
        9.2250056000         4.0000000000         1.9835780232         3.2101136498        16.8987507621
        9.2300081000         4.0000000000         1.9835780232         3.2713587088        16.8987507621
        9.2350105000         4.0000000000         1.9708163889         3.3275000129        16.5663141409
        9.2400045000         4.0000000000         1.9861303501         3.3912969494        16.9652380863
        9.2450071000         4.0000000000         1.9733687158         3.4627495183        16.6328014652
        9.2500038000         4.0000000000         1.9810256964         3.5265464547        16.8322634378
        9.2550071000         4.0000000000         1.9835780232         3.5928952687        16.8987507621
        9.2600062000         4.0000000000         1.9784733695         3.6566922051        16.7657761136
        9.2650048000         4.0000000000         1.9835780232         3.7204891416        16.8987507621
        9.2700057000         4.0000000000         1.9835780232         3.7893898330        16.8987507621
        9.2750063000         4.0000000000         1.9682640621         3.8378755047        16.4998268167
        9.2800039000         4.0000000000         1.9708163889         3.9118799510        16.5663141409
        9.2850111000         4.0000000000         1.9759210427         3.9731250101        16.6992887894
        9.2900088000         4.0000000000         1.9784733695         4.0420257015        16.7657761136
        9.2950067000         4.0000000000         1.9810256964         4.1007188830        16.8322634378
        9.3000099000         4.0000000000         1.9657117352         4.1594120646        16.4333394925
        9.3050129000         4.0000000000         1.9759210427         4.2359683883        16.6992887894
        9.3100063000         4.0000000000         1.9784733695         4.2997653248        16.7657761136
        9.3150113000         4.0000000000         1.9682640621         4.3533547515        16.4998268167
        9.3200047000         4.0000000000         1.9708163889         4.4299110752        16.5663141409
        9.3250112000         4.0000000000         1.9759210427         4.4809486244        16.6992887894
        9.3300048000         4.0000000000         1.9759210427         4.5549530707        16.6992887894
        9.3350250000         4.0000000000         1.9759210427         4.6187500072        16.6992887894
        9.3400131000         4.0000000000         1.9631594084         4.6902025760        16.3668521683
        9.3450054000         4.0000000000         1.9631594084         4.7437920027        16.3668521683
        9.3500050000         4.0000000000         1.9759210427         4.8229002039        16.6992887894
        9.3550044000         4.0000000000         1.9682640621         4.8892490178        16.4998268167
        9.3601743000         4.0000000000         1.9759210427         4.9504940769        16.6992887894
        9.3651885000         4.0000000000         1.9555024278         5.0066353810        16.1673901956
        9.3701078000         4.0000000000         1.9529501009         5.0040835035        16.1009028714
        9.3750064000         4.0000000000         1.9810256964         1.1124703785        16.8322634378
        9.3800073000         4.0000000000         1.9657117352         0.0049555613        16.4333394925
        9.3850041000         4.0000000000         1.9682640621        -0.0001481936        16.4998268167
        9.3900047000         4.0000000000         1.9682640621         0.0151630711        16.4998268167
        9.3950027000         4.0000000000         1.9631594084         0.0942712724        16.3668521683
        9.4000050000         4.0000000000         1.9631594084         0.1555163314        16.3668521683
        9.4050055000         4.0000000000         1.9759210427         0.2269689002        16.6992887894
        9.4100034000         4.0000000000         1.9708163889         0.2882139593        16.5663141409
        9.4150031000         4.0000000000         1.9861303501         0.3571146507        16.9652380863
        9.4200047000         4.0000000000         1.9606070815         0.4132559548        16.3003648440
        9.4250028000         4.0000000000         1.9708163889         0.4847085236        16.5663141409
        9.4300046000         4.0000000000         1.9657117352         0.5561610925        16.4333394925
        9.4350039000         4.0000000000         1.9733687158         0.6097505191        16.6328014652
        9.4400034000         4.0000000000         1.9682640621         0.6760993330        16.4998268167
        9.4450042000         4.0000000000         1.9657117352         0.7347925146        16.4333394925
        9.4500408000         4.0000000000         1.9759210427         0.8011413285        16.6992887894
        9.4550038000         4.0000000000         1.9759210427         0.8751457748        16.6992887894
        9.4600048000         4.0000000000         1.9606070815         0.9312870789        16.3003648440
        9.4650029000         4.0000000000         1.9657117352         0.9925321379        16.4333394925
        9.4700047000         4.0000000000         1.9759210427         1.0639847068        16.6992887894
        9.4750024000         4.0000000000         1.9861303501         1.1328853982        16.9652380863
        9.4800037000         4.0000000000         1.9784733695         1.1992342121        16.7657761136
        9.4850041000         4.0000000000         1.9631594084         1.2477198838        16.3668521683
        9.4900044000         4.0000000000         1.9733687158         1.3140686978        16.6328014652
        9.4950037000         4.0000000000         1.9784733695         1.3753137568        16.7657761136
        9.5000075000         4.0000000000         1.9376361398         1.4442144482        15.7019789260
        9.5050052000         4.0000000000         1.9733687158         1.4978038748        16.6328014652
        9.5100217000         4.0000000000         1.9810256964         1.5667045662        16.8322634378
        9.5150035000         4.0000000000         1.9657117352         1.6279496252        16.4333394925
        9.5200044000         4.0000000000         1.9810256964         1.6968503166        16.8322634378
        9.5250037000         4.0000000000         1.9733687158         1.7555434982        16.6328014652
        9.5300246000         4.0000000000         1.9682640621         1.8218923121        16.4998268167
        9.5350038000         4.0000000000         1.9810256964         1.8805854937        16.8322634378
        9.5400061000         4.0000000000         1.9835780232         1.9520380625        16.8987507621
        9.5450043000         4.0000000000         1.9784733695         2.0158349990        16.7657761136
        9.5500048000         4.0000000000         1.9835780232         2.0821838129        16.8987507621
        9.5550092000         4.0000000000         1.9555024278         2.1306694847        16.1673901956
        9.5600032000         4.0000000000         1.9759210427         2.1995701761        16.6992887894
        9.5650050000         4.0000000000         1.9733687158         2.2659189900        16.6328014652
        9.5700115000         4.0000000000         1.9784733695         2.3297159265        16.7657761136
        9.5750051000         4.0000000000         1.9682640621         2.3909609855        16.4998268167
        9.5800064000         4.0000000000         1.9733687158         2.4522060445        16.6328014652
        9.5850593000         4.0000000000         1.9657117352         2.5211067359        16.4333394925
        9.5900050000         4.0000000000         1.9708163889         2.5849036724        16.5663141409
        9.5950052000         4.0000000000         1.9784733695         2.6461487314        16.7657761136
        9.6000061000         4.0000000000         1.9784733695         2.7099456679        16.7657761136
        9.6050628000         4.0000000000         1.9733687158         2.7711907269        16.6328014652
        9.6100039000         4.0000000000         1.9784733695         2.8400914183        16.7657761136
        9.6150047000         4.0000000000         1.9784733695         2.9064402322        16.7657761136
        9.6200184000         4.0000000000         1.9733687158         2.9727890461        16.6328014652
        9.6250038000         4.0000000000         1.9835780232         3.0289303502        16.8987507621
        9.6300055000         4.0000000000         1.9835780232         3.1003829191        16.8987507621
        9.6350049000         4.0000000000         1.9708163889         3.1590761006        16.5663141409
        9.6400050000         4.0000000000         1.9784733695         3.2152174047        16.7657761136
        9.6450039000         4.0000000000         1.9733687158         3.2866699736        16.6328014652
        9.6500042000         4.0000000000         1.9759210427         3.3581225424        16.6992887894
        9.6550058000         4.0000000000         1.9759210427         3.4091600916        16.6992887894
        9.6600060000         4.0000000000         1.9784733695         3.4831645379        16.7657761136
        9.6650061000         4.0000000000         1.9682640621         3.5444095970        16.4998268167
        9.6700048000         4.0000000000         1.9784733695         3.6031027785        16.7657761136
        9.6750048000         4.0000000000         1.9606070815         3.6720034699        16.3003648440
        9.6800047000         4.0000000000         1.9759210427         3.7358004064        16.6992887894
        9.6850044000         4.0000000000         1.9835780232         3.8021492203        16.8987507621
        9.6900049000         4.0000000000         1.9682640621         3.8582905244        16.4998268167
        9.6950058000         4.0000000000         1.9708163889         3.9220874609        16.5663141409
        9.7000083000         4.0000000000         1.9759210427         3.9935400297        16.6992887894
        9.7050069000         4.0000000000         1.9682640621         4.0573369662        16.4998268167
        9.7100053000         4.0000000000         1.9810256964         4.1109263928        16.8322634378
        9.7150063000         4.0000000000         1.9631594084         4.1747233293        16.3668521683
        9.7200043000         4.0000000000         1.9759210427         4.2436240207        16.6992887894
        9.7250082000         4.0000000000         1.9733687158         4.3023172023        16.6328014652
        9.7300054000         4.0000000000         1.9478454472         4.3584585064        15.9679282229
        9.7350064000         4.0000000000         1.9810256964         4.4350148301        16.8322634378
        9.7400055000         4.0000000000         1.9657117352         4.4937080117        16.4333394925
        9.7450049000         4.0000000000         1.9606070815         4.5575049482        16.3003648440
        9.7500031000         4.0000000000         1.9580547547         4.6238537621        16.2338775198
        9.7550047000         4.0000000000         1.9682640621         4.6876506986        16.4998268167
        9.7600056000         4.0000000000         1.9529501009         4.7539995125        16.1009028714
        9.7650048000         4.0000000000         1.9708163889         4.8152445715        16.5663141409
        9.7700053000         4.0000000000         1.9580547547         4.8790415080        16.2338775198
        9.7750092000         4.0000000000         1.9657117352         4.9530459543        16.4333394925
        9.7800054000         4.0000000000         1.9682640621         5.0040835035        16.4998268167
        9.7850071000         4.0000000000         1.9580547547         4.9964278711        16.2338775198
        9.7900067000         4.0000000000         1.9657117352         1.1073666236        16.4333394925
        9.7950052000         4.0000000000         1.9733687158         0.0100593162        16.6328014652
        9.8000042000         4.0000000000         1.9606070815        -0.0052519485        16.3003648440
        9.8050043000         4.0000000000         1.9682640621         0.0253705810        16.4998268167
        9.8100034000         4.0000000000         1.9810256964         0.0968231498        16.8322634378
        9.8150040000         4.0000000000         1.9606070815         0.1580682088        16.3003648440
        9.8200056000         4.0000000000         1.9733687158         0.2269689002        16.6328014652
        9.8250070000         4.0000000000         1.9606070815         0.2831102043        16.3003648440
        9.8300052000         4.0000000000         1.9682640621         0.3571146507        16.4998268167
        9.8350039000         4.0000000000         1.9606070815         0.4132559548        16.3003648440
        9.8400045000         4.0000000000         1.9759210427         0.4898122785        16.6992887894
        9.8450047000         4.0000000000         1.9886826769         0.5536092150        17.0317254105
        9.8500054000         4.0000000000         1.9606070815         0.6071986416        16.3003648440
        9.8550056000         4.0000000000         1.9606070815         0.6735474556        16.3003648440
        9.8600035000         4.0000000000         1.9682640621         0.7398962695        16.4998268167
        9.8650056000         4.0000000000         1.9784733695         0.8062450834        16.7657761136
        9.8700217000         4.0000000000         1.9835780232         0.8776976523        16.8987507621
        9.8750048000         4.0000000000         1.9708163889         0.9312870789        16.5663141409
        9.8800047000         4.0000000000         1.9606070815         0.9976358929        16.3003648440
        9.8850030000         4.0000000000         1.9759210427         1.0665365843        16.6992887894
        9.8900180000         4.0000000000         1.9784733695         1.1354372756        16.7657761136
        9.8950040000         4.0000000000         1.9606070815         1.1890267023        16.3003648440
        9.9000047000         4.0000000000         1.9759210427         1.2477198838        16.6992887894
        9.9050050000         4.0000000000         1.9708163889         1.3191724527        16.5663141409
        9.9100032000         4.0000000000         1.9657117352         1.3804175117        16.4333394925
        9.9150036000         4.0000000000         1.9759210427         1.4442144482        16.6992887894
        9.9200050000         4.0000000000         1.9759210427         1.5080113847        16.6992887894
        9.9250042000         4.0000000000         1.9708163889         1.5718083211        16.5663141409
        9.9301663000         4.0000000000         1.9810256964         1.6381571351        16.8322634378
        9.9350032000         4.0000000000         1.9682640621         1.6942984392        16.4998268167
        9.9400029000         4.0000000000         1.9810256964         1.7657510080        16.8322634378
        9.9450042000         4.0000000000         1.9682640621         1.8142366797        16.4998268167
        9.9500033000         4.0000000000         1.9631594084         1.8805854937        16.3668521683
        9.9550038000         4.0000000000         1.9784733695         1.9520380625        16.7657761136
        9.9600035000         4.0000000000         1.9784733695         2.0183868765        16.7657761136
        9.9650052000         4.0000000000         1.9708163889         2.0770800580        16.5663141409
        9.9700050000         4.0000000000         1.9325314861         2.1357732396        15.5690042775
        9.9750665000         4.0000000000         1.9733687158         2.2021220535        16.6328014652
        9.9800054000         4.0000000000         1.9759210427         2.2761264998        16.6992887894
        9.9850076000         4.0000000000         1.9682640621         2.3246121715        16.4998268167
        9.9900042000         4.0000000000         1.9733687158         2.3909609855        16.6328014652
        9.9950067000         4.0000000000         1.9784733695         2.4598616769        16.7657761136
