% Motor Sweep Step 33/50
% Vcmd       = 4.2000 [V]
% Direction  = CW
% Vg_offset  = 1.334866 [V]
% K_gimbal   = 26.049690 [(rad/s)/V]

Time[s]              Vcmd[V]              Vg_raw[V]            Pot[V]               Omega[rad/s]
        0.0000201000         4.2000000000         1.3378393285         0.9950840154         0.0774577327
        0.0050070000         4.2000000000         1.3454963091         1.0052915252         0.2769197054
        0.0100072000         4.2000000000         1.3301823480         0.9925321379        -0.1220042400
        0.0150092000         4.2000000000         1.3990951731         1.0078434027         1.6731535142
        0.0200068000         4.2000000000         1.6441185513         1.0231546675         8.0559366399
        0.0250066000         4.2000000000         1.5981766679         1.0461215646         6.8591648038
        0.0300417000         4.2000000000         1.6134906290         1.0792959716         7.2580887492
        0.0350067000         4.2000000000         1.7257930107         1.1099185011        10.1835310152
        0.0400058000         4.2000000000         1.7053743959         1.1430929080         9.6516324214
        0.0450067000         4.2000000000         1.7206883570         1.1890267023        10.0505563667
        0.0500060000         4.2000000000         1.7972581627         1.2298567416        12.0451760935
        0.0550058000         4.2000000000         1.7666302404         1.2655830261        11.2473282028
        0.0600060000         4.2000000000         1.7947058358         1.3140686978        11.9786887693
        0.0650053000         4.2000000000         1.8457523730         1.3702100019        13.3084352538
        0.0700069000         4.2000000000         1.8100197970         1.4059362863        12.3776127147
        0.0750056000         4.2000000000         1.8636186610         1.4722851002        13.7738465234
        0.0800065000         4.2000000000         1.8559616804         1.5131151396        13.5743845507
        0.0850047000         4.2000000000         1.8559616804         1.5692564437        13.5743845507
        0.0900062000         4.2000000000         1.8865896027         1.6279496252        14.3722324415
        0.0950080000         4.2000000000         1.8687233147         1.6738834195        13.9068211719
        0.1000062000         4.2000000000         1.8942465832         1.7351284785        14.5716944141
        0.1050046000         4.2000000000         1.8916942564         1.7759585179        14.5052070899
        0.1100056000         4.2000000000         1.8840372758         1.8295479445        14.3057451172
        0.1150372000         4.2000000000         1.9070082175         1.8907930035        14.9041310353
        0.1200067000         4.2000000000         1.9044558907         1.9418305527        14.8376437110
        0.1250039000         4.2000000000         1.9070082175         2.0081793666        14.9041310353
        0.1300066000         4.2000000000         1.9376361398         2.0719763031        15.7019789260
        0.1350068000         4.2000000000         1.9299791592         2.1306694847        15.5025169533
        0.1400058000         4.2000000000         1.9299791592         2.1842589113        15.5025169533
        0.1450044000         4.2000000000         1.9427407935         2.2378483379        15.8349535744
        0.1500051000         4.2000000000         1.9325314861         2.2965415195        15.5690042775
        0.1550035000         4.2000000000         1.9452931204         2.3730978433        15.9014408987
        0.1600053000         4.2000000000         1.9682640621         2.4317910248        16.4998268167
        0.1650049000         4.2000000000         1.9376361398         2.4828285740        15.7019789260
        0.1700059000         4.2000000000         1.9503977741         2.5440736330        16.0344155471
        0.1750066000         4.2000000000         1.9682640621         2.6155262019        16.4998268167
        0.1800063000         4.2000000000         1.9682640621         2.6767712609        16.4998268167
        0.1850041000         4.2000000000         1.9580547547         2.7380163199        16.2338775198
        0.1900063000         4.2000000000         1.9657117352         2.7916057465        16.4333394925
        0.1950057000         4.2000000000         1.9503977741         2.8554026830        16.0344155471
        0.2000058000         4.2000000000         1.9835780232         2.9319590068        16.8987507621
        0.2050055000         4.2000000000         1.9631594084         2.9804446785        16.3668521683
        0.2100062000         4.2000000000         1.9810256964         3.0518972474        16.8322634378
        0.2150056000         4.2000000000         1.9733687158         3.1233498162        16.6328014652
        0.2200047000         4.2000000000         1.9835780232         3.1871467527        16.8987507621
        0.2250052000         4.2000000000         1.9861303501         3.2432880568        16.9652380863
        0.2300057000         4.2000000000         1.9886826769         3.3172925031        17.0317254105
        0.2350053000         4.2000000000         1.9963396575         3.3836413170        17.2311873832
        0.2400057000         4.2000000000         1.9912350038         3.4499901310        17.0982127348
        0.2450070000         4.2000000000         1.9988919844         3.5112351900        17.2976747074
        0.2500065000         4.2000000000         1.9861303501         3.5699283715        16.9652380863
        0.2550051000         4.2000000000         1.9937873306         3.6362771855        17.1647000590
        0.2600049000         4.2000000000         1.9861303501         3.6975222445        16.9652380863
        0.2650046000         4.2000000000         1.9937873306         3.7638710584        17.1647000590
        0.2700049000         4.2000000000         2.0014443112         3.8378755047        17.3641620317
        0.2750036000         4.2000000000         2.0142059455         3.9093280736        17.6965986528
        0.2800046000         4.2000000000         2.0014443112         3.9705731326        17.3641620317
        0.2850040000         4.2000000000         2.0091012918         4.0420257015        17.5636240043
        0.2900035000         4.2000000000         2.0167582724         4.1032707605        17.7630859770
        0.2950043000         4.2000000000         2.0091012918         4.1670676969        17.5636240043
        0.3000054000         4.2000000000         2.0091012918         4.2334165109        17.5636240043
        0.3051350000         4.2000000000         2.0116536186         4.3125247121        17.6301113286
        0.3100051000         4.2000000000         2.0014443112         4.3686660162        17.3641620317
        0.3150035000         4.2000000000         2.0116536186         4.4452223400        17.6301113286
        0.3200047000         4.2000000000         1.9963396575         4.5039155215        17.2311873832
        0.3250047000         4.2000000000         2.0142059455         4.5830237228        17.6965986528
        0.3300050000         4.2000000000         2.0039966381         4.6468206592        17.4306493559
        0.3350042000         4.2000000000         2.0014443112         4.7182732281        17.3641620317
        0.3400058000         4.2000000000         2.0014443112         4.7871739195        17.3641620317
        0.3450065000         4.2000000000         1.9988919844         4.8535227334        17.2976747074
        0.3500057000         4.2000000000         2.0218629261         4.9275271797        17.8960606255
        0.3550066000         4.2000000000         2.0167582724         4.9964278711        17.7630859770
        0.3600038000         4.2000000000         2.0039966381         4.9989797486        17.4306493559
        0.3650055000         4.2000000000         2.0039966381         1.1150222560        17.4306493559
        0.3700038000         4.2000000000         2.0091012918         0.0049555613        17.5636240043
        0.3750054000         4.2000000000         2.0039966381        -0.0001481936        17.4306493559
        0.3800067000         4.2000000000         2.0167582724         0.0304743359        17.7630859770
        0.3850069000         4.2000000000         2.0167582724         0.1095825371        17.7630859770
        0.3900041000         4.2000000000         2.0091012918         0.1759313511        17.5636240043
        0.3950060000         4.2000000000         1.9988919844         0.2397282875        17.2976747074
        0.4000048000         4.2000000000         2.0039966381         0.3035252240        17.4306493559
        0.4050063000         4.2000000000         2.0091012918         0.3698740379        17.5636240043
        0.4100048000         4.2000000000         2.0091012918         0.4489822392        17.5636240043
        0.4150065000         4.2000000000         2.0142059455         0.5153310531        17.6965986528
        0.4200070000         4.2000000000         2.0142059455         0.5867836220        17.6965986528
        0.4250057000         4.2000000000         1.9963396575         0.6505805584        17.2311873832
        0.4300511000         4.2000000000         1.9988919844         0.7245850047        17.2976747074
        0.4350043000         4.2000000000         2.0167582724         0.7883819412        17.7630859770
        0.4400049000         4.2000000000         2.0167582724         0.8623863875        17.7630859770
        0.4450059000         4.2000000000         2.0142059455         0.9338389564        17.6965986528
        0.4500387000         4.2000000000         1.9988919844         0.9899802605        17.2976747074
        0.4550071000         4.2000000000         2.0116536186         1.0588809519        17.6301113286
        0.4600047000         4.2000000000         2.0065489649         1.1252297658        17.4971366801
        0.4650061000         4.2000000000         2.0142059455         1.2017860896        17.6965986528
        0.4700032000         4.2000000000         2.0167582724         1.2630311486        17.7630859770
        0.4750048000         4.2000000000         2.0091012918         1.3421393498        17.5636240043
        0.4800032000         4.2000000000         2.0193105992         1.4033844088        17.8295733012
        0.4850048000         4.2000000000         2.0065489649         1.4671813453        17.4971366801
        0.4900050000         4.2000000000         2.0091012918         1.5258745269        17.5636240043
        0.4950083000         4.2000000000         2.0167582724         1.6049827281        17.7630859770
        0.5000059000         4.2000000000         2.0065489649         1.6611240322        17.4971366801
        0.5050053000         4.2000000000         2.0091012918         1.7351284785        17.5636240043
        0.5100063000         4.2000000000         1.9810256964         1.8065810474        16.8322634378
        0.5150068000         4.2000000000         2.0142059455         1.8678261064        17.6965986528
        0.5200062000         4.2000000000         2.0244152529         1.9392786752        17.9625479497
        0.5250066000         4.2000000000         2.0218629261         1.9979718568        17.8960606255
        0.5300075000         4.2000000000         2.0167582724         2.0643206707        17.7630859770
        0.5350183000         4.2000000000         2.0039966381         2.1357732396        17.4306493559
        0.5400041000         4.2000000000         2.0244152529         2.2123295633        17.9625479497
        0.5450047000         4.2000000000         2.0193105992         2.2735746224        17.8295733012
        0.5500058000         4.2000000000         2.0167582724         2.3450271912        17.7630859770
        0.5550049000         4.2000000000         2.0091012918         2.4062722502        17.5636240043
        0.5600073000         4.2000000000         2.0167582724         2.4802766965        17.7630859770
        0.5650078000         4.2000000000         2.0091012918         2.5466255105        17.5636240043
        0.5700072000         4.2000000000         2.0065489649         2.6104224470        17.4971366801
        0.5750072000         4.2000000000         2.0193105992         2.6844268933        17.8295733012
        0.5800069000         4.2000000000         2.0193105992         2.7507757072        17.8295733012
        0.5850094000         4.2000000000         2.0218629261         2.8273320310        17.8960606255
        0.5900077000         4.2000000000         2.0167582724         2.8936808449        17.7630859770
        0.5950068000         4.2000000000         1.9810256964         2.9523740265        16.8322634378
        0.6000154000         4.2000000000         2.0193105992         3.0289303502        17.8295733012
        0.6050049000         4.2000000000         2.0065489649         3.0876235318        17.4971366801
        0.6100047000         4.2000000000         1.9861303501         3.1539723457        16.9652380863
        0.6150040000         4.2000000000         2.0218629261         3.2279767920        17.8960606255
        0.6200078000         4.2000000000         2.0193105992         3.2968774834        17.8295733012
        0.6250070000         4.2000000000         2.0142059455         3.3632262974        17.6965986528
        0.6300069000         4.2000000000         2.0269675798         3.4295751113        18.0290352739
        0.6350059000         4.2000000000         2.0193105992         3.5035795576        17.8295733012
        0.6400072000         4.2000000000         2.0142059455         3.5648246166        17.6965986528
        0.6450072000         4.2000000000         2.0295199066         3.6388290629        18.0955225982
        0.6500056000         4.2000000000         2.0116536186         3.7077297543        17.6301113286
        0.6550107000         4.2000000000         2.0295199066         3.7791823232        18.0955225982
        0.6600047000         4.2000000000         2.0193105992         3.8455311371        17.8295733012
        0.6650036000         4.2000000000         2.0218629261         3.9118799510        17.8960606255
        0.6700119000         4.2000000000         2.0269675798         3.9884362748        18.0290352739
        0.6750070000         4.2000000000         2.0039966381         4.0420257015        17.4306493559
        0.6800148000         4.2000000000         2.0193105992         4.1211339027        17.8295733012
        0.6850034000         4.2000000000         2.0193105992         4.1900345941        17.8295733012
        0.6900038000         4.2000000000         2.0091012918         4.2487277756        17.5636240043
        0.6950061000         4.2000000000         2.0244152529         4.3252840994        17.9625479497
        0.7000051000         4.2000000000         2.0091012918         4.3865291584        17.5636240043
        0.7050551000         4.2000000000         2.0167582724         4.4605336047        17.7630859770
        0.7100169000         4.2000000000         2.0091012918         4.5268824187        17.5636240043
        0.7150413000         4.2000000000         2.0295199066         4.6059906199        18.0955225982
        0.7200165000         4.2000000000         2.0295199066         4.6748913113        18.0955225982
        0.7250057000         4.2000000000         2.0142059455         4.7412401252        17.6965986528
        0.7300139000         4.2000000000         2.0039966381         4.7999333068        17.4306493559
        0.7353157000         4.2000000000         2.0091012918         4.8866971404        17.5636240043
        0.7400034000         4.2000000000         2.0167582724         4.9504940769        17.7630859770
        0.7450080000         4.2000000000         2.0193105992         5.0142910133        17.8295733012
        0.7500040000         4.2000000000         2.0091012918         5.0066353810        17.5636240043
        0.7550031000         4.2000000000         2.0167582724         1.1150222560        17.7630859770
        0.7600047000         4.2000000000         2.0039966381        -0.0052519485        17.4306493559
        0.7650046000         4.2000000000         2.0065489649         0.0024036839        17.4971366801
        0.7700050000         4.2000000000         2.0039966381         0.0508893556        17.4306493559
        0.7750056000         4.2000000000         2.0167582724         0.1274456793        17.7630859770
        0.7800072000         4.2000000000         2.0039966381         0.1988982482        17.4306493559
        0.7850061000         4.2000000000         2.0142059455         0.2754545720        17.6965986528
        0.7900082000         4.2000000000         2.0116536186         0.3366996310        17.6301113286
        0.7950052000         4.2000000000         2.0116536186         0.4056003224        17.6301113286
        0.8000041000         4.2000000000         2.0091012918         0.4745010138        17.5636240043
        0.8050060000         4.2000000000         2.0167582724         0.5434017052        17.7630859770
        0.8100062000         4.2000000000         2.0142059455         0.6097505191        17.6965986528
        0.8150059000         4.2000000000         2.0014443112         0.6760993330        17.3641620317
        0.8200086000         4.2000000000         2.0193105992         0.7552075343        17.8295733012
        0.8250070000         4.2000000000         2.0142059455         0.8190044707        17.6965986528
        0.8300045000         4.2000000000         2.0116536186         0.8853532847        17.6301113286
        0.8350071000         4.2000000000         2.0065489649         0.9491502211        17.4971366801
        0.8400052000         4.2000000000         2.0142059455         1.0257065449        17.6965986528
        0.8450060000         4.2000000000         2.0039966381         1.0869516039        17.4306493559
        0.8500059000         4.2000000000         2.0091012918         1.1558522953        17.5636240043
        0.8550070000         4.2000000000         2.0065489649         1.2170973543        17.4971366801
        0.8600066000         4.2000000000         2.0193105992         1.3038611879        17.8295733012
        0.8650145000         4.2000000000         2.0167582724         1.3548987371        17.7630859770
        0.8700126000         4.2000000000         1.9963396575         1.4237994285        17.2311873832
        0.8750097000         4.2000000000         2.0167582724         1.5054595072        17.7630859770
        0.8800064000         4.2000000000         2.0065489649         1.5692564437        17.4971366801
        0.8850077000         4.2000000000         2.0065489649         1.6279496252        17.4971366801
        0.8900041000         4.2000000000         2.0193105992         1.6968503166        17.8295733012
        0.8950055000         4.2000000000         1.9886826769         1.7631991306        17.0317254105
        0.9000044000         4.2000000000         2.0193105992         1.8346516994        17.8295733012
        0.9050062000         4.2000000000         2.0116536186         1.8984486359        17.6301113286
        0.9100040000         4.2000000000         2.0116536186         1.9545899400        17.6301113286
        0.9150062000         4.2000000000         2.0167582724         2.0311462638        17.7630859770
        0.9200037000         4.2000000000         2.0193105992         2.0974950777        17.8295733012
        0.9250219000         4.2000000000         2.0091012918         2.1714995240        17.5636240043
        0.9300047000         4.2000000000         2.0116536186         2.2352964605        17.6301113286
        0.9350066000         4.2000000000         2.0116536186         2.3016452744        17.6301113286
        0.9400039000         4.2000000000         2.0142059455         2.3730978433        17.6965986528
        0.9450090000         4.2000000000         1.9810256964         2.4419985347        16.8322634378
        0.9500048000         4.2000000000         2.0065489649         2.5032435937        17.4971366801
        0.9550069000         4.2000000000         2.0065489649         2.5670405302        17.4971366801
        0.9600066000         4.2000000000         2.0091012918         2.6410449765        17.5636240043
        0.9650066000         4.2000000000         2.0269675798         2.7176013002        18.0290352739
        0.9700062000         4.2000000000         2.0295199066         2.7813982367        18.0955225982
        0.9750062000         4.2000000000         2.0193105992         2.8451951732        17.8295733012
        0.9800070000         4.2000000000         2.0167582724         2.9115439871        17.7630859770
        0.9850079000         4.2000000000         2.0244152529         2.9804446785        17.9625479497
        0.9900057000         4.2000000000         2.0167582724         3.0518972474        17.7630859770
        0.9950075000         4.2000000000         2.0193105992         3.1259016937        17.8295733012
        1.0000062000         4.2000000000         2.0269675798         3.1948023851        18.0290352739
        1.0050461000         4.2000000000         2.0244152529         3.2560474441        17.9625479497
        1.0100065000         4.2000000000         2.0142059455         3.3198443806        17.6965986528
        1.0150048000         4.2000000000         2.0269675798         3.3810894396        18.0290352739
        1.0200068000         4.2000000000         2.0039966381         3.4627495183        17.4306493559
        1.0250042000         4.2000000000         2.0193105992         3.5290983322        17.8295733012
        1.0300046000         4.2000000000         2.0346245604         3.6031027785        18.2284972466
        1.0350036000         4.2000000000         2.0116536186         3.6668997150        17.6301113286
        1.0400060000         4.2000000000         1.9784733695         3.7358004064        16.7657761136
        1.0450036000         4.2000000000         2.0167582724         3.8021492203        17.7630859770
        1.0500055000         4.2000000000         2.0167582724         3.8684980342        17.7630859770
        1.0550052000         4.2000000000         2.0193105992         3.9450543580        17.8295733012
        1.0600078000         4.2000000000         2.0091012918         4.0037475396        17.5636240043
        1.0650055000         4.2000000000         2.0039966381         4.0675444760        17.4306493559
        1.0700058000         4.2000000000         2.0244152529         4.1364451674        17.9625479497
        1.0750033000         4.2000000000         2.0091012918         4.2078977363        17.5636240043
        1.0800048000         4.2000000000         2.0193105992         4.2844540601        17.8295733012
        1.0850054000         4.2000000000         2.0116536186         4.3431472416        17.6301113286
        1.0900045000         4.2000000000         2.0091012918         4.4043923006        17.5636240043
        1.0950058000         4.2000000000         2.0091012918         4.4860523793        17.5636240043
        1.1000053000         4.2000000000         2.0065489649         4.5498493158        17.4971366801
        1.1050032000         4.2000000000         2.0039966381         4.6161981297        17.4306493559
        1.1100051000         4.2000000000         1.9912350038         4.6850988211        17.0982127348
        1.1150032000         4.2000000000         2.0167582724         4.7616551449        17.7630859770
        1.1200084000         4.2000000000         2.0167582724         4.8407633461        17.7630859770
        1.1250056000         4.2000000000         2.0091012918         4.9045602826        17.5636240043
        1.1300051000         4.2000000000         2.0091012918         4.9785647289        17.5636240043
        1.1350039000         4.2000000000         2.0167582724         5.0117391359        17.7630859770
        1.1400070000         4.2000000000         2.0065489649         4.9964278711        17.4971366801
        1.1450072000         4.2000000000         2.0142059455         1.1099185011        17.6965986528
        1.1500048000         4.2000000000         2.0014443112         0.0024036839        17.3641620317
        1.1550060000         4.2000000000         2.0142059455         0.0177149486        17.6965986528
        1.1600051000         4.2000000000         2.0091012918         0.0764081302        17.5636240043
        1.1650061000         4.2000000000         2.0091012918         0.1478606990        17.5636240043
        1.1700063000         4.2000000000         2.0091012918         0.2091057580        17.5636240043
        1.1750172000         4.2000000000         2.0065489649         0.2856620818        17.4971366801
        1.1800557000         4.2000000000         2.0091012918         0.3545627732        17.5636240043
        1.1850068000         4.2000000000         2.0116536186         0.4234634646        17.6301113286
        1.1900045000         4.2000000000         2.0091012918         0.4949160334        17.5636240043
        1.1950355000         4.2000000000         2.0167582724         0.5663686023        17.7630859770
        1.2000063000         4.2000000000         2.0065489649         0.6225099064        17.4971366801
        1.2050077000         4.2000000000         2.0167582724         0.6990662302        17.7630859770
        1.2100062000         4.2000000000         2.0244152529         0.7730706765        17.9625479497
        1.2150054000         4.2000000000         2.0116536186         0.8394194904        17.6301113286
        1.2200163000         4.2000000000         2.0218629261         0.9134239367        17.8960606255
        1.2250043000         4.2000000000         2.0193105992         0.9746689957        17.8295733012
        1.2300083000         4.2000000000         2.0244152529         1.0537771970        17.9625479497
        1.2350065000         4.2000000000         2.0167582724         1.1099185011        17.7630859770
        1.2400063000         4.2000000000         2.0091012918         1.1737154375        17.5636240043
        1.2450153000         4.2000000000         2.0142059455         1.2477198838        17.6965986528
        1.2500071000         4.2000000000         2.0193105992         1.3089649429        17.8295733012
        1.2550083000         4.2000000000         2.0295199066         1.3906250215        18.0955225982
        1.2600068000         4.2000000000         2.0193105992         1.4518700806        17.8295733012
        1.2650054000         4.2000000000         2.0116536186         1.5156670170        17.6301113286
        1.2700059000         4.2000000000         2.0218629261         1.5947752183        17.8960606255
        1.2750020000         4.2000000000         2.0218629261         1.6585721547        17.8960606255
        1.2800062000         4.2000000000         2.0295199066         1.7198172138        18.0955225982
        1.2850045000         4.2000000000         2.0091012918         1.7912697826        17.5636240043
        1.2900028000         4.2000000000         2.0218629261         1.8601704740        17.8960606255
        1.2950047000         4.2000000000         2.0142059455         1.9214155330        17.6965986528
        1.3000052000         4.2000000000         2.0193105992         1.9928681019        17.8295733012
        1.3050073000         4.2000000000         2.0065489649         2.0541131609        17.4971366801
        1.3100100000         4.2000000000         2.0193105992         2.1306694847        17.8295733012
        1.3150103000         4.2000000000         2.0167582724         2.1944664211        17.7630859770
        1.3200057000         4.2000000000         2.0167582724         2.2659189900        17.7630859770
        1.3250016000         4.2000000000         2.0193105992         2.3348196814        17.8295733012
        1.3300041000         4.2000000000         2.0167582724         2.4011684953        17.7630859770
        1.3350086000         4.2000000000         2.0269675798         2.4700691867        18.0290352739
        1.3400052000         4.2000000000         2.0218629261         2.5338661232        17.8960606255
        1.3450086000         4.2000000000         2.0218629261         2.6078705695        17.8960606255
        1.3500070000         4.2000000000         2.0193105992         2.6767712609        17.8295733012
        1.3550059000         4.2000000000         2.0244152529         2.7482238297        17.9625479497
        1.3600058000         4.2000000000         2.0218629261         2.8043651338        17.8960606255
        1.3650086000         4.2000000000         2.0142059455         2.8758177027        17.6965986528
        1.3700061000         4.2000000000         2.0320722335         2.9523740265        18.1620099224
        1.3750080000         4.2000000000         2.0320722335         3.0263784728        18.1620099224
        1.3800055000         4.2000000000         2.0218629261         3.0927272867        17.8960606255
        1.3850062000         4.2000000000         2.0346245604         3.1565242232        18.2284972466
        1.3900039000         4.2000000000         2.0269675798         3.2330805470        18.0290352739
        1.3950037000         4.2000000000         2.0320722335         3.3019812383        18.1620099224
        1.4000037000         4.2000000000         2.0193105992         3.3555706650        17.8295733012
        1.4050046000         4.2000000000         2.0065489649         3.4244713564        17.4971366801
        1.4100046000         4.2000000000         2.0193105992         3.4984758027        17.8295733012
        1.4150035000         4.2000000000         2.0142059455         3.5648246166        17.6965986528
        1.4200039000         4.2000000000         2.0371768872         3.6439328179        18.2949845708
        1.4250058000         4.2000000000         2.0167582724         3.7000741219        17.7630859770
        1.4300056000         4.2000000000         2.0193105992         3.7740785683        17.8295733012
        1.4350047000         4.2000000000         2.0269675798         3.8429792597        18.0290352739
        1.4400038000         4.2000000000         2.0218629261         3.9118799510        17.8960606255
        1.4450062000         4.2000000000         2.0218629261         3.9858843974        17.8960606255
        1.4500618000         4.2000000000         2.0193105992         4.0445775789        17.8295733012
        1.4550057000         4.2000000000         2.0193105992         4.1160301478        17.8295733012
        1.4600035000         4.2000000000         2.0091012918         4.1823789617        17.5636240043
        1.4650050000         4.2000000000         2.0269675798         4.2614871629        18.0290352739
        1.4700033000         4.2000000000         2.0167582724         4.3252840994        17.7630859770
        1.4750058000         4.2000000000         2.0091012918         4.3992885457        17.5636240043
        1.4800016000         4.2000000000         2.0397292141         4.4681892371        18.3614718951
        1.4850026000         4.2000000000         2.0065489649         4.5268824187        17.4971366801
        1.4900026000         4.2000000000         2.0193105992         4.6034387424        17.8295733012
        1.4950053000         4.2000000000         2.0193105992         4.6697875564        17.8295733012
        1.5000040000         4.2000000000         2.0142059455         4.7437920027        17.6965986528
        1.5050058000         4.2000000000         2.0269675798         4.8126926941        18.0290352739
        1.5100053000         4.2000000000         2.0244152529         4.8943527728        17.9625479497
        1.5150026000         4.2000000000         2.0167582724         4.9555978318        17.7630859770
        1.5200051000         4.2000000000         2.0167582724         5.0066353810        17.7630859770
        1.5250038000         4.2000000000         2.0167582724         5.0117391359        17.7630859770
        1.5300043000         4.2000000000         2.0116536186         1.1048147461        17.6301113286
        1.5350063000         4.2000000000         2.0142059455        -0.0052519485        17.6965986528
        1.5400058000         4.2000000000         2.0167582724         0.0075074388        17.7630859770
        1.5450052000         4.2000000000         2.0167582724         0.0687524978        17.7630859770
        1.5500050000         4.2000000000         2.0142059455         0.1402050666        17.6965986528
        1.5550052000         4.2000000000         2.0091012918         0.2040020031        17.5636240043
        1.5600032000         4.2000000000         2.0167582724         0.2754545720        17.7630859770
        1.5650087000         4.2000000000         2.0065489649         0.3418033859        17.4971366801
        1.5700082000         4.2000000000         2.0167582724         0.4183597097        17.7630859770
        1.5750054000         4.2000000000         2.0065489649         0.4796047687        17.4971366801
        1.5800063000         4.2000000000         2.0116536186         0.5536092150        17.6301113286
        1.5850049000         4.2000000000         2.0091012918         0.6123023966        17.5636240043
        1.5900035000         4.2000000000         2.0295199066         0.6939624752        18.0955225982
        1.5950038000         4.2000000000         2.0193105992         0.7577594117        17.8295733012
        1.6000047000         4.2000000000         2.0091012918         0.8190044707        17.5636240043
        1.6050077000         4.2000000000         2.0244152529         0.9032164269        17.9625479497
        1.6100067000         4.2000000000         2.0218629261         0.9695652408        17.8960606255
        1.6150039000         4.2000000000         2.0193105992         1.0333621773        17.8295733012
        1.6200057000         4.2000000000         2.0218629261         1.0997109912        17.8960606255
        1.6250058000         4.2000000000         2.0116536186         1.1660598052        17.6301113286
        1.6300025000         4.2000000000         2.0142059455         1.2375123740        17.6965986528
        1.6350058000         4.2000000000         2.0218629261         1.3115168203        17.8960606255
        1.6400031000         4.2000000000         2.0193105992         1.3676581244        17.8295733012
        1.6450050000         4.2000000000         2.0295199066         1.4467663256        18.0955225982
        1.6500059000         4.2000000000         2.0244152529         1.5156670170        17.9625479497
        1.6550054000         4.2000000000         2.0116536186         1.5718083211        17.6301113286
        1.6600059000         4.2000000000         2.0142059455         1.6407090125        17.6965986528
        1.6650042000         4.2000000000         2.0167582724         1.7121615814        17.7630859770
        1.6700024000         4.2000000000         2.0244152529         1.7785103953        17.9625479497
        1.6750410000         4.2000000000         2.0091012918         1.8397554543        17.5636240043
        1.6800074000         4.2000000000         2.0091012918         1.9086561457        17.5636240043
        1.6850036000         4.2000000000         2.0320722335         1.9903162244        18.1620099224
        1.6900073000         4.2000000000         2.0218629261         2.0490094060        17.8960606255
        1.6950078000         4.2000000000         2.0295199066         2.1255657297        18.0955225982
        1.7000089000         4.2000000000         2.0269675798         2.1893626662        18.0290352739
        1.7050034000         4.2000000000         2.0295199066         2.2608152351        18.0955225982
        1.7100045000         4.2000000000         2.0244152529         2.3271640490        17.9625479497
        1.7150043000         4.2000000000         2.0244152529         2.3960647404        17.9625479497
        1.7200069000         4.2000000000         2.0065489649         2.4649654318        17.4971366801
        1.7250046000         4.2000000000         2.0371768872         2.5389698781        18.2949845708
        1.7300071000         4.2000000000         2.0269675798         2.6053186920        18.0290352739
        1.7350043000         4.2000000000         2.0320722335         2.6716675060        18.1620099224
        1.7400058000         4.2000000000         2.0269675798         2.7380163199        18.0290352739
        1.7450055000         4.2000000000         2.0269675798         2.8145726437        18.0290352739
        1.7500061000         4.2000000000         2.0218629261         2.8809214576        17.8960606255
        1.7550043000         4.2000000000         2.0422815409         2.9574777814        18.4279592193
        1.7600055000         4.2000000000         2.0422815409         3.0238265953        18.4279592193
        1.7650029000         4.2000000000         2.0320722335         3.0978310416        18.1620099224
        1.7700063000         4.2000000000         2.0218629261         3.1590761006        17.8960606255
        1.7750064000         4.2000000000         2.0422815409         3.2279767920        18.4279592193
        1.7800060000         4.2000000000         2.0320722335         3.2968774834        18.1620099224
        1.7850060000         4.2000000000         2.0320722335         3.3683300523        18.1620099224
        1.7900061000         4.2000000000         2.0397292141         3.4448863760        18.3614718951
        1.7950071000         4.2000000000         2.0167582724         3.5010276801        17.7630859770
        1.8000039000         4.2000000000         2.0218629261         3.5673764941        17.8960606255
        1.8050058000         4.2000000000         2.0320722335         3.6464846953        18.1620099224
        1.8100054000         4.2000000000         2.0269675798         3.7204891416        18.0290352739
        1.8150063000         4.2000000000         2.0320722335         3.7817342006        18.1620099224
        1.8200034000         4.2000000000         2.0218629261         3.8506348920        17.8960606255
        1.8250063000         4.2000000000         2.0167582724         3.9118799510        17.7630859770
        1.8300050000         4.2000000000         2.0193105992         3.9833325199        17.8295733012
        1.8350043000         4.2000000000         2.0142059455         4.0547850888        17.6965986528
        1.8400057000         4.2000000000         2.0371768872         4.1287895351        18.2949845708
        1.8450067000         4.2000000000         2.0295199066         4.1976902265        18.0955225982
        1.8500050000         4.2000000000         2.0167582724         4.2614871629        17.7630859770
        1.8550049000         4.2000000000         2.0193105992         4.3329397318        17.8295733012
        1.8600032000         4.2000000000         2.0116536186         4.3941847908        17.6301113286
        1.8650113000         4.2000000000         2.0371768872         4.4758448695        18.2949845708
        1.8700100000         4.2000000000         2.0320722335         4.5447455609        18.1620099224
        1.8750073000         4.2000000000         2.0320722335         4.6110943748        18.1620099224
        1.8800408000         4.2000000000         2.0167582724         4.6850988211        17.7630859770
        1.8850219000         4.2000000000         2.0116536186         4.7514476351        17.6301113286
        1.8900052000         4.2000000000         2.0167582724         4.8331077137        17.7630859770
        1.8950060000         4.2000000000         2.0269675798         4.8994565277        18.0290352739
        1.9000081000         4.2000000000         2.0269675798         4.9683572191        18.0290352739
        1.9050061000         4.2000000000         2.0167582724         5.0168428908        17.7630859770
        1.9100044000         4.2000000000         2.0065489649         4.9989797486        17.4971366801
        1.9150070000         4.2000000000         2.0218629261         1.1124703785        17.8960606255
        1.9200064000         4.2000000000         2.0014443112        -0.0027000711        17.3641620317
        1.9250079000         4.2000000000         2.0244152529         0.0126111937        17.9625479497
        1.9300062000         4.2000000000         2.0167582724         0.0764081302        17.7630859770
        1.9350059000         4.2000000000         2.0116536186         0.1453088216        17.6301113286
        1.9400066000         4.2000000000         2.0167582724         0.2193132679        17.7630859770
        1.9450079000         4.2000000000         2.0193105992         0.2882139593        17.8295733012
        1.9500057000         4.2000000000         2.0116536186         0.3647702830        17.6301113286
        1.9550083000         4.2000000000         2.0142059455         0.4311190970        17.6965986528
        1.9600071000         4.2000000000         2.0142059455         0.4974679109        17.6965986528
        1.9650073000         4.2000000000         2.0167582724         0.5689204797        17.7630859770
        1.9700082000         4.2000000000         2.0193105992         0.6378211711        17.8295733012
        1.9750070000         4.2000000000         2.0065489649         0.6990662302        17.4971366801
        1.9800079000         4.2000000000         2.0295199066         0.7807263088        18.0955225982
        1.9850091000         4.2000000000         2.0269675798         0.8521788777        18.0290352739
        1.9900099000         4.2000000000         2.0193105992         0.9134239367        17.8295733012
        1.9950088000         4.2000000000         2.0320722335         0.9899802605        18.1620099224
        2.0000087000         4.2000000000         2.0269675798         1.0563290744        18.0290352739
        2.0050134000         4.2000000000         2.0218629261         1.1252297658        17.8960606255
        2.0100541000         4.2000000000         2.0244152529         1.1941304572        17.9625479497
        2.0150131000         4.2000000000         2.0244152529         1.2579273937        17.9625479497
        2.0200117000         4.2000000000         2.0244152529         1.3370355949        17.9625479497
        2.0250132000         4.2000000000         2.0269675798         1.3931768990        18.0290352739
        2.0300085000         4.2000000000         2.0193105992         1.4646294679        17.8295733012
        2.0350114000         4.2000000000         2.0346245604         1.5309782818        18.2284972466
        2.0400120000         4.2000000000         2.0193105992         1.5998789732        17.8295733012
        2.0450145000         4.2000000000         2.0167582724         1.6713315420        17.7630859770
        2.0500124000         4.2000000000         2.0346245604         1.7376803560        18.2284972466
        2.0550137000         4.2000000000         2.0218629261         1.8040291699        17.8960606255
        2.0600101000         4.2000000000         2.0167582724         1.8729298613        17.7630859770
        2.0650129000         4.2000000000         2.0371768872         1.9443824302        18.2949845708
        2.0700132000         4.2000000000         2.0320722335         2.0132831215        18.1620099224
        2.0750135000         4.2000000000         2.0218629261         2.0770800580        17.8960606255
        2.0800091000         4.2000000000         2.0244152529         2.1434288720        17.9625479497
        2.0850115000         4.2000000000         2.0244152529         2.2097776859        17.9625479497
        2.0900075000         4.2000000000         2.0269675798         2.2863340097        18.0290352739
        2.0950093000         4.2000000000         2.0371768872         2.3603384560        18.2949845708
        2.1000111000         4.2000000000         2.0295199066         2.4266872699        18.0955225982
        2.1050079000         4.2000000000         2.0346245604         2.4879323289        18.2284972466
        2.1100094000         4.2000000000         2.0244152529         2.5568330203        17.9625479497
        2.1150124000         4.2000000000         2.0320722335         2.6308374666        18.1620099224
        2.1200090000         4.2000000000         2.0397292141         2.7022900355        18.3614718951
        2.1250079000         4.2000000000         2.0371768872         2.7762944818        18.2949845708
        2.1300141000         4.2000000000         2.0320722335         2.8400914183        18.1620099224
        2.1350088000         4.2000000000         2.0397292141         2.9089921097        18.3614718951
        2.1400116000         4.2000000000         2.0269675798         2.9778928011        18.0290352739
        2.1450129000         4.2000000000         2.0346245604         3.0467934924        18.2284972466
        2.1500119000         4.2000000000         2.0269675798         3.1156941838        18.0290352739
        2.1550101000         4.2000000000         2.0193105992         3.1820429978        17.8295733012
        2.1600073000         4.2000000000         2.0269675798         3.2534955666        18.0290352739
        2.1650113000         4.2000000000         2.0295199066         3.3300518904        18.0955225982
        2.1700115000         4.2000000000         2.0295199066         3.3861931945        18.0955225982
        2.1750107000         4.2000000000         2.0295199066         3.4601976408        18.0955225982
        2.1800108000         4.2000000000         2.0218629261         3.5290983322        17.8960606255
        2.1850090000         4.2000000000         2.0269675798         3.5954471461        18.0290352739
        2.1900117000         4.2000000000         2.0218629261         3.6694515924        17.8960606255
        2.1950120000         4.2000000000         2.0167582724         3.7383522838        17.7630859770
        2.2000102000         4.2000000000         2.0346245604         3.8098048527        18.2284972466
        2.2050047000         4.2000000000         2.0371768872         3.8838092990        18.2949845708
        2.2100082000         4.2000000000         2.0244152529         3.9476062355        17.9625479497
        2.2150064000         4.2000000000         2.0371768872         4.0216106818        18.2949845708
        2.2200100000         4.2000000000         2.0116536186         4.0752001084        17.6301113286
        2.2250111000         4.2000000000         2.0397292141         4.1568601871        18.3614718951
        2.2300115000         4.2000000000         2.0269675798         4.2206571236        18.0290352739
        2.2350076000         4.2000000000         2.0193105992         4.2870059375        17.8295733012
        2.2400041000         4.2000000000         2.0371768872         4.3635622613        18.2949845708
        2.2450043000         4.2000000000         2.0218629261         4.4324629527        17.8960606255
        2.2500049000         4.2000000000         2.0244152529         4.5013636441        17.9625479497
        2.2550075000         4.2000000000         2.0269675798         4.5753680904        18.0290352739
        2.2600064000         4.2000000000         2.0269675798         4.6417169043        18.0290352739
        2.2650049000         4.2000000000         2.0167582724         4.7131694732        17.7630859770
        2.2700066000         4.2000000000         2.0091012918         4.7820701646        17.5636240043
        2.2750044000         4.2000000000         2.0116536186         4.8586264883        17.6301113286
        2.2800065000         4.2000000000         2.0269675798         4.9275271797        18.0290352739
        2.2850056000         4.2000000000         2.0167582724         4.9938759937        17.7630859770
        2.2900070000         4.2000000000         2.0193105992         5.0040835035        17.8295733012
        2.2950062000         4.2000000000         2.0167582724         1.1073666236        17.7630859770
        2.3000061000         4.2000000000         2.0269675798         0.0075074388        18.0290352739
        2.3050273000         4.2000000000         2.0167582724         0.0024036839        17.7630859770
        2.3100073000         4.2000000000         1.9861303501         0.0406818457        16.9652380863
        2.3151271000         4.2000000000         2.0218629261         0.1146862920        17.8960606255
        2.3200064000         4.2000000000         2.0142059455         0.1810351060        17.6965986528
        2.3250065000         4.2000000000         2.0091012918         0.2524876748        17.5636240043
        2.3300083000         4.2000000000         2.0167582724         0.3213883662        17.7630859770
        2.3350575000         4.2000000000         2.0244152529         0.4004965675        17.9625479497
        2.3400084000         4.2000000000         2.0193105992         0.4617416265        17.8295733012
        2.3450140000         4.2000000000         2.0295199066         0.5382979502        18.0955225982
        2.3500080000         4.2000000000         2.0193105992         0.5995430093        17.8295733012
        2.3550104000         4.2000000000         2.0142059455         0.6709955781        17.6965986528
        2.3600071000         4.2000000000         2.0142059455         0.7347925146        17.6965986528
        2.3650074000         4.2000000000         2.0167582724         0.8011413285        17.7630859770
        2.3700037000         4.2000000000         2.0218629261         0.8751457748        17.8960606255
        2.3750037000         4.2000000000         2.0218629261         0.9440464662        17.8960606255
        2.3800039000         4.2000000000         2.0193105992         1.0206027900        17.8295733012
        2.3850040000         4.2000000000         2.0295199066         1.0869516039        18.0955225982
        2.3900046000         4.2000000000         2.0269675798         1.1584041728        18.0290352739
        2.3950068000         4.2000000000         2.0193105992         1.2247529867        17.8295733012
        2.4000057000         4.2000000000         2.0218629261         1.2885499232        17.8960606255
        2.4050144000         4.2000000000         2.0320722335         1.3676581244        18.1620099224
        2.4100063000         4.2000000000         2.0167582724         1.4289031834        17.7630859770
        2.4150141000         4.2000000000         2.0346245604         1.5003557523        18.2284972466
        2.4200031000         4.2000000000         2.0193105992         1.5667045662        17.8295733012
        2.4250047000         4.2000000000         2.0295199066         1.6356052576        18.0955225982
        2.4300034000         4.2000000000         2.0346245604         1.7045059490        18.2284972466
        2.4350055000         4.2000000000         2.0422815409         1.7785103953        18.4279592193
        2.4400029000         4.2000000000         2.0295199066         1.8397554543        18.0955225982
        2.4450041000         4.2000000000         2.0193105992         1.9035523908        17.8295733012
        2.4500036000         4.2000000000         2.0295199066         1.9750049597        18.0955225982
        2.4550040000         4.2000000000         2.0371768872         2.0464575285        18.2949845708
        2.4600056000         4.2000000000         2.0397292141         2.1230138523        18.3614718951
        2.4650032000         4.2000000000         2.0269675798         2.1868107888        18.0290352739
        2.4700057000         4.2000000000         2.0346245604         2.2480558478        18.2284972466
        2.4750038000         4.2000000000         2.0295199066         2.3271640490        18.0955225982
        2.4800077000         4.2000000000         2.0295199066         2.3909609855        18.0955225982
        2.4850068000         4.2000000000         2.0499385215         2.4726210642        18.6274211920
        2.4900044000         4.2000000000         2.0269675798         2.5287623683        18.0290352739
        2.4950042000         4.2000000000         2.0269675798         2.6053186920        18.0290352739
        2.5000025000         4.2000000000         2.0422815409         2.6767712609        18.4279592193
        2.5050201000         4.2000000000         2.0320722335         2.7482238297        18.1620099224
        2.5100034000         4.2000000000         2.0065489649         2.8222282761        17.4971366801
        2.5150052000         4.2000000000         2.0244152529         2.8783695801        17.9625479497
        2.5200037000         4.2000000000         2.0269675798         2.9523740265        18.0290352739
        2.5250092000         4.2000000000         2.0116536186         3.0187228404        17.6301113286
        2.5300037000         4.2000000000         2.0295199066         3.0876235318        18.0955225982
        2.5350116000         4.2000000000         2.0397292141         3.1616279781        18.3614718951
        2.5400030000         4.2000000000         2.0269675798         3.2330805470        18.0290352739
        2.5450041000         4.2000000000         2.0422815409         3.3045331158        18.4279592193
        2.5500033000         4.2000000000         1.9937873306         3.3683300523        17.1647000590
        2.5550038000         4.2000000000         2.0371768872         3.4397826211        18.2949845708
        2.5600023000         4.2000000000         2.0269675798         3.5061314351        18.0290352739
        2.5650065000         4.2000000000         2.0371768872         3.5801358814        18.2949845708
        2.5700029000         4.2000000000         2.0269675798         3.6439328179        18.0290352739
        2.5750036000         4.2000000000         2.0397292141         3.7230410191        18.3614718951
        2.5800482000         4.2000000000         2.0295199066         3.7919417105        18.0955225982
        2.5850037000         4.2000000000         2.0320722335         3.8557386469        18.1620099224
        2.5900051000         4.2000000000         2.0295199066         3.9246393383        18.0955225982
        2.5950044000         4.2000000000         2.0269675798         3.9960919072        18.0290352739
        2.6000064000         4.2000000000         2.0218629261         4.0573369662        17.8960606255
        2.6050048000         4.2000000000         2.0397292141         4.1338932900        18.3614718951
        2.6100088000         4.2000000000         2.0269675798         4.2078977363        18.0290352739
        2.6150080000         4.2000000000         2.0473861946         4.2793503051        18.5609338677
        2.6200082000         4.2000000000         2.0295199066         4.3456991191        18.0955225982
        2.6250035000         4.2000000000         2.0346245604         4.4145998105        18.2284972466
        2.6300042000         4.2000000000         2.0397292141         4.4886042568        18.3614718951
        2.6350027000         4.2000000000         2.0142059455         4.5472974383        17.6965986528
        2.6400036000         4.2000000000         2.0269675798         4.6213018847        18.0290352739
        2.6450045000         4.2000000000         2.0269675798         4.6927544535        18.0290352739
        2.6500038000         4.2000000000         2.0244152529         4.7769664097        17.9625479497
        2.6550040000         4.2000000000         2.0371768872         4.8433152236        18.2949845708
        2.6600041000         4.2000000000         2.0244152529         4.9198715474        17.9625479497
        2.6650064000         4.2000000000         2.0371768872         4.9887722387        18.2949845708
        2.6700069000         4.2000000000         2.0295199066         5.0117391359        18.0955225982
        2.6750032000         4.2000000000         2.0295199066         4.9709090965        18.0955225982
        2.6800036000         4.2000000000         2.0320722335         0.0075074388        18.1620099224
        2.6850024000         4.2000000000         2.0269675798         0.0049555613        18.0290352739
        2.6900040000         4.2000000000         2.0269675798         0.0304743359        18.0290352739
        2.6950052000         4.2000000000         2.0167582724         0.0968231498        17.7630859770
        2.7000037000         4.2000000000         2.0065489649         0.1682757187        17.4971366801
        2.7050029000         4.2000000000         2.0218629261         0.2473839199        17.8960606255
        2.7100040000         4.2000000000         2.0193105992         0.3162846113        17.8295733012
        2.7150024000         4.2000000000         2.0295199066         0.3953928125        18.0955225982
        2.7200039000         4.2000000000         2.0193105992         0.4591897490        17.8295733012
        2.7250035000         4.2000000000         2.0193105992         0.5229866855        17.8295733012
        2.7300039000         4.2000000000         2.0244152529         0.5995430093        17.9625479497
        2.7350043000         4.2000000000         2.0193105992         0.6658918232        17.8295733012
        2.7400037000         4.2000000000         2.0320722335         0.7450000244        18.1620099224
        2.7450044000         4.2000000000         2.0244152529         0.8062450834        17.9625479497
        2.7500034000         4.2000000000         2.0269675798         0.8751457748        18.0290352739
        2.7550043000         4.2000000000         2.0193105992         0.9414945888        17.8295733012
        2.7600022000         4.2000000000         2.0193105992         1.0154990351        17.8295733012
        2.7650013000         4.2000000000         2.0193105992         1.0792959716        17.8295733012
        2.7700087000         4.2000000000         2.0218629261         1.1507485404        17.8960606255
        2.7750034000         4.2000000000         2.0295199066         1.2273048642        18.0955225982
        2.7800025000         4.2000000000         2.0371768872         1.2885499232        18.2949845708
        2.7850034000         4.2000000000         2.0218629261         1.3523468597        17.8960606255
        2.7900045000         4.2000000000         2.0320722335         1.4289031834        18.1620099224
        2.7950025000         4.2000000000         2.0295199066         1.4952519974        18.0955225982
        2.8000069000         4.2000000000         2.0269675798         1.5667045662        18.0290352739
        2.8050036000         4.2000000000         2.0422815409         1.6381571351        18.4279592193
        2.8100038000         4.2000000000         2.0320722335         1.7045059490        18.1620099224
        2.8150046000         4.2000000000         2.0371768872         1.7708547629        18.2949845708
        2.8200064000         4.2000000000         2.0397292141         1.8397554543        18.3614718951
        2.8250050000         4.2000000000         2.0269675798         1.9086561457        18.0290352739
        2.8300062000         4.2000000000         2.0346245604         1.9826605920        18.2284972466
        2.8350079000         4.2000000000         2.0473861946         2.0515612834        18.5609338677
        2.8400067000         4.2000000000         2.0448338678         2.1230138523        18.4944465435
        2.8450031000         4.2000000000         2.0269675798         2.1766032789        18.0290352739
        2.8500085000         4.2000000000         2.0397292141         2.2582633576        18.3614718951
        2.8550073000         4.2000000000         2.0295199066         2.3271640490        18.0955225982
        2.8600047000         4.2000000000         2.0371768872         2.4037203728        18.2949845708
        2.8650065000         4.2000000000         2.0499385215         2.4649654318        18.6274211920
        2.8700048000         4.2000000000         2.0295199066         2.5313142457        18.0955225982
        2.8750064000         4.2000000000         2.0193105992         2.6002149371        17.8295733012
        2.8800060000         4.2000000000         2.0397292141         2.6844268933        18.3614718951
        2.8850044000         4.2000000000         2.0295199066         2.7507757072        18.0955225982
        2.8900054000         4.2000000000         2.0422815409         2.8222282761        18.4279592193
        2.8950040000         4.2000000000         2.0422815409         2.8936808449        18.4279592193
        2.9000037000         4.2000000000         2.0397292141         2.9549259039        18.3614718951
        2.9050036000         4.2000000000         2.0269675798         3.0187228404        18.0290352739
        2.9100040000         4.2000000000         2.0320722335         3.0927272867        18.1620099224
        2.9150044000         4.2000000000         2.0397292141         3.1641798556        18.3614718951
        2.9200025000         4.2000000000         2.0422815409         3.2432880568        18.4279592193
        2.9250037000         4.2000000000         2.0473861946         3.3070849933        18.5609338677
        2.9300040000         4.2000000000         2.0295199066         3.3734338072        18.0955225982
        2.9350151000         4.2000000000         2.0371768872         3.4525420084        18.2949845708
        2.9400768000         4.2000000000         2.0371768872         3.5239945773        18.2949845708
        2.9450391000         4.2000000000         2.0397292141         3.5877915138        18.3614718951
        2.9500023000         4.2000000000         2.0397292141         3.6515884502        18.3614718951
        2.9550038000         4.2000000000         2.0346245604         3.7306966515        18.2284972466
        2.9600030000         4.2000000000         2.0295199066         3.7919417105        18.0955225982
        2.9650889000         4.2000000000         2.0473861946         3.8710499117        18.5609338677
        2.9700295000         4.2000000000         2.0320722335         3.9373987256        18.1620099224
        2.9750038000         4.2000000000         2.0397292141         4.0037475396        18.3614718951
        2.9800023000         4.2000000000         2.0244152529         4.0700963535        17.9625479497
        2.9850036000         4.2000000000         2.0397292141         4.1389970449        18.3614718951
        2.9900032000         4.2000000000         2.0371768872         4.2155533687        18.2949845708
        2.9950077000         4.2000000000         2.0218629261         4.2716946728        17.8960606255
        3.0000036000         4.2000000000         2.0167582724         4.3431472416        17.7630859770
        3.0050045000         4.2000000000         2.0320722335         4.4171516879        18.1620099224
        3.0100020000         4.2000000000         1.9861303501         4.4886042568        16.9652380863
        3.0150050000         4.2000000000         2.0295199066         4.5677124580        18.0955225982
        3.0200036000         4.2000000000         2.0295199066         4.6289575170        18.0955225982
        3.0250050000         4.2000000000         2.0167582724         4.7029619633        17.7630859770
        3.0300543000         4.2000000000         2.0295199066         4.7795182871        18.0955225982
        3.0350039000         4.2000000000         2.0295199066         4.8535227334        18.0955225982
        3.0400042000         4.2000000000         2.0193105992         4.9224234248        17.8295733012
        3.0450041000         4.2000000000         2.0193105992         4.9836684838        17.8295733012
        3.0500052000         4.2000000000         2.0193105992         5.0091872584        17.8295733012
        3.0550229000         4.2000000000         2.0244152529         4.9811166064        17.9625479497
        3.0600087000         4.2000000000         2.0244152529        -0.0027000711        17.9625479497
        3.0650038000         4.2000000000         2.0167582724         0.0024036839        17.7630859770
        3.0700622000         4.2000000000         2.0116536186         0.0279224584        17.6301113286
        3.0750057000         4.2000000000         2.0218629261         0.0968231498        17.8960606255
        3.0800067000         4.2000000000         2.0116536186         0.1682757187        17.6301113286
        3.0850069000         4.2000000000         2.0269675798         0.2422801650        18.0290352739
        3.0900106000         4.2000000000         2.0142059455         0.3086289789        17.6965986528
        3.0950061000         4.2000000000         2.0167582724         0.3826334252        17.7630859770
        3.1000043000         4.2000000000         2.0167582724         0.4489822392        17.7630859770
        3.1050048000         4.2000000000         2.0269675798         0.5229866855        18.0290352739
        3.1100071000         4.2000000000         2.0218629261         0.6020948867        17.8960606255
        3.1150061000         4.2000000000         2.0269675798         0.6633399457        18.0290352739
        3.1200068000         4.2000000000         2.0193105992         0.7322406371        17.8295733012
        3.1250069000         4.2000000000         2.0193105992         0.8011413285        17.8295733012
        3.1300210000         4.2000000000         2.0244152529         0.8751457748        17.9625479497
        3.1350036000         4.2000000000         2.0295199066         0.9465983437        18.0955225982
        3.1400044000         4.2000000000         2.0295199066         1.0078434027        18.0955225982
        3.1450042000         4.2000000000         2.0244152529         1.0792959716        17.9625479497
        3.1500037000         4.2000000000         2.0193105992         1.1507485404        17.8295733012
        3.1550046000         4.2000000000         2.0269675798         1.2145454769        18.0290352739
        3.1600036000         4.2000000000         2.0295199066         1.2885499232        18.0955225982
        3.1650089000         4.2000000000         2.0269675798         1.3523468597        18.0290352739
        3.1700216000         4.2000000000         2.0320722335         1.4212475511        18.1620099224
        3.1750032000         4.2000000000         2.0320722335         1.4875963650        18.1620099224
        3.1800395000         4.2000000000         2.0218629261         1.5539451789        17.8960606255
        3.1850060000         4.2000000000         2.0244152529         1.6228458703        17.9625479497
        3.1900055000         4.2000000000         2.0244152529         1.6942984392        17.9625479497
        3.1950331000         4.2000000000         2.0346245604         1.7580953756        18.2284972466
        3.2000037000         4.2000000000         2.0371768872         1.8295479445        18.2949845708
        3.2050031000         4.2000000000         2.0193105992         1.8958967584        17.8295733012
        3.2100037000         4.2000000000         2.0269675798         1.9622455724        18.0290352739
        3.2150060000         4.2000000000         2.0371768872         2.0439056511        18.2949845708
        3.2201446000         4.2000000000         2.0320722335         2.1128063424        18.1620099224
        3.2250069000         4.2000000000         2.0346245604         2.1817070338        18.2284972466
        3.2300055000         4.2000000000         2.0371768872         2.2480558478        18.2949845708
        3.2350041000         4.2000000000         2.0295199066         2.3195084166        18.0955225982
        3.2400155000         4.2000000000         2.0346245604         2.3986166179        18.2284972466
        3.2450066000         4.2000000000         2.0371768872         2.4649654318        18.2949845708
        3.2500111000         4.2000000000         2.0269675798         2.5262104908        18.0290352739
        3.2550628000         4.2000000000         2.0320722335         2.6027668146        18.1620099224
        3.2600095000         4.2000000000         2.0371768872         2.6691156285        18.2949845708
        3.2650032000         4.2000000000         2.0346245604         2.7456719523        18.2284972466
        3.2700042000         4.2000000000         2.0346245604         2.8069170113        18.2284972466
        3.2750030000         4.2000000000         2.0244152529         2.8732658252        17.9625479497
        3.2800059000         4.2000000000         2.0473861946         2.9472702715        18.5609338677
        3.2850036000         4.2000000000         2.0269675798         3.0161709629        18.0290352739
        3.2900024000         4.2000000000         2.0346245604         3.0927272867        18.2284972466
        3.2951176000         4.2000000000         2.0371768872         3.1488685908        18.2949845708
        3.3000046000         4.2000000000         1.9988919844         3.2203211597        17.2976747074
        3.3050036000         4.2000000000         2.0320722335         3.2968774834        18.1620099224
        3.3100036000         4.2000000000         2.0422815409         3.3734338072        18.4279592193
        3.3150029000         4.2000000000         2.0269675798         3.4270232338        18.0290352739
        3.3200044000         4.2000000000         2.0346245604         3.5112351900        18.2284972466
        3.3250339000         4.2000000000         2.0397292141         3.5852396363        18.3614718951
        3.3300027000         4.2000000000         2.0371768872         3.6362771855        18.2949845708
        3.3350036000         4.2000000000         2.0320722335         3.7153853867        18.1620099224
        3.3400064000         4.2000000000         2.0371768872         3.7791823232        18.2949845708
        3.3450031000         4.2000000000         2.0346245604         3.8531867695        18.2284972466
        3.3500055000         4.2000000000         2.0269675798         3.9169837060        18.0290352739
        3.3550066000         4.2000000000         2.0397292141         3.9884362748        18.3614718951
        3.3600069000         4.2000000000         2.0346245604         4.0700963535        18.2284972466
        3.3650051000         4.2000000000         2.0499385215         4.1389970449        18.6274211920
        3.3700210000         4.2000000000         2.0218629261         4.1976902265        17.8960606255
        3.3750051000         4.2000000000         2.0167582724         4.2691427953        17.7630859770
        3.3800045000         4.2000000000         2.0397292141         4.3508028740        18.3614718951
        3.3850048000         4.2000000000         2.0397292141         4.4171516879        18.3614718951
        3.3900052000         4.2000000000         2.0371768872         4.4835005019        18.2949845708
        3.3950055000         4.2000000000         2.0218629261         4.5575049482        17.8960606255
        3.4000068000         4.2000000000         2.0244152529         4.6264056396        17.9625479497
        3.4050061000         4.2000000000         2.0295199066         4.6978582084        18.0955225982
        3.4100033000         4.2000000000         2.0244152529         4.7693107773        17.9625479497
        3.4150046000         4.2000000000         2.0346245604         4.8458671010        18.2284972466
        3.4200035000         4.2000000000         2.0295199066         4.9147677924        18.0955225982
        3.4250046000         4.2000000000         2.0269675798         4.9811166064        18.0290352739
        3.4300030000         4.2000000000         2.0218629261         5.0142910133        17.8960606255
        3.4350046000         4.2000000000         1.9937873306         4.9964278711        17.1647000590
        3.4400046000         4.2000000000         2.0244152529         0.0049555613        17.9625479497
        3.4450046000         4.2000000000         2.0193105992        -0.0001481936        17.8295733012
        3.4500028000         4.2000000000         2.0193105992         0.0202668261        17.8295733012
        3.4550047000         4.2000000000         2.0269675798         0.1044787822        18.0290352739
        3.4600027000         4.2000000000         2.0116536186         0.1682757187        17.6301113286
        3.4650048000         4.2000000000         2.0346245604         0.2473839199        18.2284972466
        3.4700046000         4.2000000000         2.0244152529         0.3111808564        17.9625479497
        3.4750063000         4.2000000000         2.0244152529         0.3775296703        17.9625479497
        3.4800051000         4.2000000000         2.0218629261         0.4489822392        17.8960606255
        3.4850047000         4.2000000000         2.0218629261         0.5255385629        17.8960606255
        3.4900064000         4.2000000000         2.0142059455         0.5918873769        17.6965986528
        3.4950052000         4.2000000000         2.0218629261         0.6607880683        17.8960606255
        3.5000050000         4.2000000000         2.0193105992         0.7271368822        17.8295733012
        3.5050046000         4.2000000000         2.0269675798         0.8011413285        18.0290352739
        3.5100617000         4.2000000000         2.0193105992         0.8725938974        17.8295733012
        3.5150065000         4.2000000000         2.0244152529         0.9389427113        17.9625479497
        3.5200058000         4.2000000000         2.0269675798         1.0154990351        18.0290352739
        3.5250056000         4.2000000000         2.0320722335         1.0843997265        18.1620099224
        3.5300056000         4.2000000000         2.0295199066         1.1456447855        18.0955225982
        3.5350042000         4.2000000000         2.0295199066         1.2196492318        18.0955225982
        3.5400064000         4.2000000000         2.0269675798         1.2859980457        18.0290352739
        3.5450060000         4.2000000000         2.0295199066         1.3574506146        18.0955225982
        3.5500053000         4.2000000000         2.0244152529         1.4135919187        17.9625479497
        3.5550067000         4.2000000000         2.0244152529         1.4824926101        17.9625479497
        3.5600717000         4.2000000000         2.0320722335         1.5564970564        18.1620099224
        3.5650056000         4.2000000000         2.0269675798         1.6279496252        18.0290352739
        3.5700555000         4.2000000000         2.0269675798         1.6968503166        18.0290352739
        3.5750042000         4.2000000000         2.0346245604         1.7631991306        18.2284972466
        3.5800062000         4.2000000000         2.0371768872         1.8295479445        18.2949845708
        3.5850088000         4.2000000000         2.0320722335         1.9010005134        18.1620099224
        3.5900062000         4.2000000000         2.0397292141         1.9673493273        18.3614718951
        3.5950057000         4.2000000000         2.0295199066         2.0388018961        18.0955225982
        3.6000077000         4.2000000000         2.0448338678         2.1153582199        18.4944465435
        3.6050071000         4.2000000000         2.0167582724         2.1766032789        17.7630859770
        3.6100066000         4.2000000000         2.0448338678         2.2506077252        18.4944465435
        3.6150060000         4.2000000000         2.0346245604         2.3195084166        18.2284972466
        3.6200062000         4.2000000000         2.0269675798         2.3909609855        18.0290352739
        3.6250047000         4.2000000000         2.0371768872         2.4649654318        18.2949845708
        3.6300062000         4.2000000000         2.0269675798         2.5211067359        18.0290352739
        3.6350057000         4.2000000000         2.0295199066         2.5976630597        18.0955225982
        3.6400059000         4.2000000000         2.0473861946         2.6691156285        18.5609338677
        3.6450076000         4.2000000000         2.0346245604         2.7354644424        18.2284972466
        3.6500081000         4.2000000000         2.0320722335         2.8094688888        18.1620099224
        3.6550051000         4.2000000000         2.0269675798         2.8681620703        18.0290352739
        3.6600058000         4.2000000000         1.9988919844         2.9421665166        17.2976747074
        3.6650064000         4.2000000000         2.0397292141         3.0161709629        18.3614718951
        3.6700066000         4.2000000000         2.0320722335         3.0876235318        18.1620099224
        3.6750063000         4.2000000000         2.0397292141         3.1565242232        18.3614718951
        3.6800091000         4.2000000000         2.0448338678         3.2305286695        18.4944465435
        3.6850070000         4.2000000000         2.0397292141         3.3019812383        18.3614718951
        3.6900063000         4.2000000000         2.0448338678         3.3657781748        18.4944465435
        3.6950073000         4.2000000000         2.0346245604         3.4270232338        18.2284972466
        3.7000052000         4.2000000000         2.0295199066         3.5010276801        18.0955225982
        3.7050041000         4.2000000000         2.0448338678         3.5801358814        18.4944465435
        3.7100064000         4.2000000000         2.0371768872         3.6439328179        18.2949845708
        3.7150038000         4.2000000000         2.0346245604         3.7179372642        18.2284972466
        3.7200057000         4.2000000000         2.0473861946         3.7944935879        18.5609338677
        3.7250055000         4.2000000000         2.0422815409         3.8608424019        18.4279592193
        3.7300069000         4.2000000000         2.0371768872         3.9271912158        18.2949845708
        3.7350044000         4.2000000000         1.9912350038         3.9884362748        17.0982127348
        3.7400066000         4.2000000000         2.0269675798         4.0675444760        18.0290352739
        3.7450042000         4.2000000000         2.0397292141         4.1313414125        18.3614718951
        3.7500083000         4.2000000000         2.0346245604         4.2002421039        18.2284972466
        3.7550046000         4.2000000000         2.0371768872         4.2742465502        18.2949845708
        3.7600146000         4.2000000000         2.0422815409         4.3559066289        18.4279592193
        3.7650055000         4.2000000000         2.0295199066         4.4171516879        18.0955225982
        3.7700048000         4.2000000000         2.0346245604         4.4809486244        18.2284972466
        3.7750035000         4.2000000000         2.0295199066         4.5549530707        18.0955225982
        3.7800053000         4.2000000000         2.0244152529         4.6289575170        17.9625479497
        3.7850062000         4.2000000000         2.0346245604         4.6978582084        18.2284972466
        3.7900019000         4.2000000000         2.0193105992         4.7769664097        17.8295733012
        3.7950025000         4.2000000000         2.0244152529         4.8407633461        17.9625479497
        3.8000046000         4.2000000000         2.0448338678         4.9326309346        18.4944465435
        3.8050034000         4.2000000000         2.0142059455         4.9913241162        17.6965986528
        3.8100061000         4.2000000000         2.0346245604         5.0142910133        18.2284972466
        3.8150058000         4.2000000000         2.0346245604         1.1124703785        18.2284972466
        3.8200064000         4.2000000000         2.0167582724        -0.0027000711        17.7630859770
        3.8250055000         4.2000000000         2.0218629261        -0.0052519485        17.8960606255
        3.8300035000         4.2000000000         2.0269675798         0.0355780908        18.0290352739
        3.8350045000         4.2000000000         2.0244152529         0.1044787822        17.9625479497
        3.8400040000         4.2000000000         2.0014443112         0.1784832285        17.3641620317
        3.8450049000         4.2000000000         2.0269675798         0.2448320425        18.0290352739
        3.8500039000         4.2000000000         2.0142059455         0.3188364888        17.6965986528
        3.8550058000         4.2000000000         2.0193105992         0.3902890576        17.8295733012
        3.8600032000         4.2000000000         2.0167582724         0.4566378716        17.7630859770
        3.8650053000         4.2000000000         2.0346245604         0.5408498277        18.2284972466
        3.8700450000         4.2000000000         2.0218629261         0.6123023966        17.8960606255
        3.8750082000         4.2000000000         2.0269675798         0.6735474556        18.0290352739
        3.8800070000         4.2000000000         2.0295199066         0.7526556568        18.0955225982
        3.8850056000         4.2000000000         2.0244152529         0.8113488384        17.9625479497
        3.8900051000         4.2000000000         2.0269675798         0.8802495297        18.0290352739
        3.8950046000         4.2000000000         2.0218629261         0.9542539761        17.8960606255
        3.9000028000         4.2000000000         2.0167582724         1.0206027900        17.7630859770
        3.9050049000         4.2000000000         2.0371768872         1.0971591138        18.2949845708
        3.9100040000         4.2000000000         2.0269675798         1.1584041728        18.0290352739
        3.9150058000         4.2000000000         2.0269675798         1.2273048642        18.0290352739
        3.9200046000         4.2000000000         2.0269675798         1.2987574330        18.0290352739
        3.9250048000         4.2000000000         2.0244152529         1.3600024920        17.9625479497
        3.9300031000         4.2000000000         2.0218629261         1.4314550609        17.8960606255
        3.9350048000         4.2000000000         2.0295199066         1.5003557523        18.0955225982
        3.9400047000         4.2000000000         2.0295199066         1.5667045662        18.0955225982
        3.9450052000         4.2000000000         2.0397292141         1.6458127674        18.3614718951
        3.9500032000         4.2000000000         2.0371768872         1.7045059490        18.2949845708
        3.9550019000         4.2000000000         2.0371768872         1.7836141502        18.2949845708
        3.9600029000         4.2000000000         2.0269675798         1.8372035769        18.0290352739
        3.9650047000         4.2000000000         2.0346245604         1.9163117781        18.2284972466
        3.9700052000         4.2000000000         2.0397292141         1.9750049597        18.3614718951
        3.9750099000         4.2000000000         2.0320722335         2.0515612834        18.1620099224
        3.9800070000         4.2000000000         2.0218629261         2.1204619748        17.8960606255
        3.9850040000         4.2000000000         2.0346245604         2.1970182986        18.2284972466
        3.9900051000         4.2000000000         2.0295199066         2.2557114802        18.0955225982
        3.9950069000         4.2000000000         2.0320722335         2.3271640490        18.1620099224
        4.0000073000         4.2000000000         2.0397292141         2.4037203728        18.3614718951
        4.0050062000         4.2000000000         2.0422815409         2.4751729416        18.4279592193
        4.0100037000         4.2000000000         2.0320722335         2.5389698781        18.1620099224
        4.0150063000         4.2000000000         2.0295199066         2.6027668146        18.0955225982
        4.0200053000         4.2000000000         2.0371768872         2.6767712609        18.2949845708
        4.0250117000         4.2000000000         2.0473861946         2.7558794621        18.5609338677
        4.0300047000         4.2000000000         2.0346245604         2.8222282761        18.2284972466
        4.0350374000         4.2000000000         2.0295199066         2.8860252125        18.0955225982
        4.0400056000         4.2000000000         2.0346245604         2.9549259039        18.2284972466
        4.0450111000         4.2000000000         2.0499385215         3.0391378601        18.6274211920
        4.0500037000         4.2000000000         2.0524908483         3.1080385515        18.6939085162
        4.0550060000         4.2000000000         2.0142059455         3.1769392429        17.6965986528
        4.0600061000         4.2000000000         2.0422815409         3.2407361793        18.4279592193
        4.0650070000         4.2000000000         2.0295199066         3.3045331158        18.0955225982
        4.0700066000         4.2000000000         2.0473861946         3.3836413170        18.5609338677
        4.0750087000         4.2000000000         2.0397292141         3.4499901310        18.3614718951
        4.0800084000         4.2000000000         2.0397292141         3.5214426998        18.3614718951
        4.0850052000         4.2000000000         2.0320722335         3.5877915138        18.1620099224
        4.0900141000         4.2000000000         2.0320722335         3.6643478375        18.1620099224
        4.0950073000         4.2000000000         2.0320722335         3.7332485289        18.1620099224
        4.1000058000         4.2000000000         2.0269675798         3.7995973429        18.0290352739
        4.1050057000         4.2000000000         2.0473861946         3.8761536666        18.5609338677
        4.1100127000         4.2000000000         2.0346245604         3.9476062355        18.2284972466
        4.1150107000         4.2000000000         2.0346245604         4.0114031719        18.2284972466
        4.1200103000         4.2000000000         2.0320722335         4.0803038633        18.1620099224
        4.1250093000         4.2000000000         2.0371768872         4.1492045547        18.2949845708
        4.1300078000         4.2000000000         2.0065489649         4.2155533687        17.4971366801
        4.1350087000         4.2000000000         2.0371768872         4.2946615699        18.2949845708
        4.1400067000         4.2000000000         2.0244152529         4.3610103838        17.9625479497
        4.1450064000         4.2000000000         2.0397292141         4.4401185851        18.3614718951
        4.1500067000         4.2000000000         2.0346245604         4.4988117666        18.2284972466
        4.1550065000         4.2000000000         2.0269675798         4.5855756002        18.0290352739
        4.1600120000         4.2000000000         2.0448338678         4.6442687818        18.4944465435
        4.1650065000         4.2000000000         2.0269675798         4.7208251056        18.0290352739
        4.1700071000         4.2000000000         2.0193105992         4.7922776744        17.8295733012
        4.1750086000         4.2000000000         2.0346245604         4.8611783658        18.2284972466
        4.1800071000         4.2000000000         2.0244152529         4.9326309346        17.9625479497
        4.1850058000         4.2000000000         2.0320722335         5.0040835035        18.1620099224
        4.1900068000         4.2000000000         2.0371768872         5.0117391359        18.2949845708
        4.1950050000         4.2000000000         2.0244152529         1.1124703785        17.9625479497
        4.2000071000         4.2000000000         2.0014443112         0.0049555613        17.3641620317
        4.2050041000         4.2000000000         2.0167582724         0.0024036839        17.7630859770
        4.2100071000         4.2000000000         2.0295199066         0.0534412330        18.0955225982
        4.2150045000         4.2000000000         2.0244152529         0.1146862920        17.9625479497
        4.2200059000         4.2000000000         2.0193105992         0.1886907384        17.8295733012
        4.2250241000         4.2000000000         2.0295199066         0.2703508170        18.0955225982
        4.2300121000         4.2000000000         2.0244152529         0.3392515084        17.9625479497
        4.2350130000         4.2000000000         2.0269675798         0.4107040773        18.0290352739
        4.2400061000         4.2000000000         2.0244152529         0.4745010138        17.9625479497
        4.2450058000         4.2000000000         2.0371768872         0.5510573375        18.2949845708
        4.2500042000         4.2000000000         2.0244152529         0.6123023966        17.9625479497
        4.2550081000         4.2000000000         2.0142059455         0.6760993330        17.6965986528
        4.2600048000         4.2000000000         2.0193105992         0.7424481470        17.8295733012
        4.2650098000         4.2000000000         2.0269675798         0.8266601031        18.0290352739
        4.2700080000         4.2000000000         2.0193105992         0.8853532847        17.8295733012
        4.2750072000         4.2000000000         1.9861303501         0.9619096084        16.9652380863
        4.2800046000         4.2000000000         2.0244152529         1.0308102998        17.9625479497
        4.2850061000         4.2000000000         2.0295199066         1.1073666236        18.0955225982
        4.2900063000         4.2000000000         2.0244152529         1.1686116826        17.9625479497
        4.2950112000         4.2000000000         2.0269675798         1.2298567416        18.0290352739
        4.3000062000         4.2000000000         2.0244152529         1.3013093105        17.9625479497
        4.3050067000         4.2000000000         2.0295199066         1.3676581244        18.0955225982
        4.3100047000         4.2000000000         2.0371768872         1.4518700806        18.2949845708
        4.3150067000         4.2000000000         2.0346245604         1.5182188945        18.2284972466
        4.3200254000         4.2000000000         2.0269675798         1.5845677084        18.0290352739
        4.3250071000         4.2000000000         2.0346245604         1.6483646449        18.2284972466
        4.3300069000         4.2000000000         2.0269675798         1.7096097039        18.0290352739
        4.3350080000         4.2000000000         2.0295199066         1.7861660277        18.0955225982
        4.3400066000         4.2000000000         2.0244152529         1.8525148416        17.9625479497
        4.3450118000         4.2000000000         2.0269675798         1.9239674105        18.0290352739
        4.3500090000         4.2000000000         2.0397292141         1.9903162244        18.3614718951
        4.3550096000         4.2000000000         2.0116536186         2.0592169158        17.6301113286
        4.3600062000         4.2000000000         2.0295199066         2.1332213621        18.0955225982
        4.3650064000         4.2000000000         2.0295199066         2.1970182986        18.0955225982
        4.3700054000         4.2000000000         2.0371768872         2.2659189900        18.2949845708
        4.3750120000         4.2000000000         2.0320722335         2.3373715588        18.1620099224
        4.3800064000         4.2000000000         2.0397292141         2.4037203728        18.3614718951
        4.3850073000         4.2000000000         2.0269675798         2.4726210642        18.0290352739
        4.3900065000         4.2000000000         2.0269675798         2.5440736330        18.0290352739
        4.3950069000         4.2000000000         2.0320722335         2.6180780793        18.1620099224
        4.4000071000         4.2000000000         2.0397292141         2.6946344031        18.3614718951
        4.4050058000         4.2000000000         2.0397292141         2.7660869720        18.3614718951
        4.4100041000         4.2000000000         2.0346245604         2.8247801535        18.2284972466
        4.4150068000         4.2000000000         2.0244152529         2.8936808449        17.9625479497
        4.4200041000         4.2000000000         2.0295199066         2.9625815363        18.0955225982
        4.4250060000         4.2000000000         2.0269675798         3.0289303502        18.0290352739
        4.4300047000         4.2000000000         2.0346245604         3.1054866740        18.2284972466
        4.4350055000         4.2000000000         2.0346245604         3.1743873654        18.2284972466
        4.4400035000         4.2000000000         2.0320722335         3.2432880568        18.1620099224
        4.4450107000         4.2000000000         2.0269675798         3.3070849933        18.0290352739
        4.4500033000         4.2000000000         2.0397292141         3.3861931945        18.3614718951
        4.4550130000         4.2000000000         2.0269675798         3.4525420084        18.0290352739
        4.4600039000         4.2000000000         2.0422815409         3.5316502097        18.4279592193
        4.4650051000         4.2000000000         2.0473861946         3.6056546560        18.5609338677
        4.4700045000         4.2000000000         2.0397292141         3.6720034699        18.3614718951
        4.4750049000         4.2000000000         2.0295199066         3.7358004064        18.0955225982
        4.4800042000         4.2000000000         2.0295199066         3.8021492203        18.0955225982
        4.4850046000         4.2000000000         2.0295199066         3.8710499117        18.0955225982
        4.4900051000         4.2000000000         2.0346245604         3.9425024806        18.2284972466
        4.4950064000         4.2000000000         2.0397292141         4.0190588043        18.3614718951
        4.5000032000         4.2000000000         2.0295199066         4.0905113732        18.0955225982
        4.5050047000         4.2000000000         2.0346245604         4.1517564322        18.2284972466
        4.5100036000         4.2000000000         2.0320722335         4.2206571236        18.1620099224
        4.5150052000         4.2000000000         2.0269675798         4.2946615699        18.0290352739
        4.5200044000         4.2000000000         2.0346245604         4.3712178937        18.2284972466
        4.5250092000         4.2000000000         2.0295199066         4.4324629527        18.0955225982
        4.5300062000         4.2000000000         2.0244152529         4.5039155215        17.9625479497
        4.5350060000         4.2000000000         2.0371768872         4.5830237228        18.2949845708
        4.5400096000         4.2000000000         2.0269675798         4.6468206592        18.0290352739
        4.5450048000         4.2000000000         2.0295199066         4.7233769830        18.0955225982
        4.5500096000         4.2000000000         2.0244152529         4.7871739195        17.9625479497
        4.5550055000         4.2000000000         2.0218629261         4.8637302433        17.8960606255
        4.5600062000         4.2000000000         2.0371768872         4.9402865670        18.2949845708
        4.5650051000         4.2000000000         2.0295199066         5.0117391359        18.0955225982
        4.5700050000         4.2000000000         2.0320722335         5.0117391359        18.1620099224
        4.5750055000         4.2000000000         2.0346245604         1.1099185011        18.2284972466
        4.5800049000         4.2000000000         2.0167582724        -0.0052519485        17.7630859770
        4.5850032000         4.2000000000         2.0167582724        -0.0052519485        17.7630859770
        4.5900353000         4.2000000000         2.0371768872         0.0585449879        18.2949845708
        4.5950051000         4.2000000000         2.0295199066         0.1299975568        18.0955225982
        4.6000050000         4.2000000000         2.0295199066         0.2014501257        18.0955225982
        4.6050026000         4.2000000000         2.0346245604         0.2754545720        18.2284972466
        4.6100044000         4.2000000000         2.0167582724         0.3315958761        17.7630859770
        4.6150041000         4.2000000000         2.0269675798         0.4030484449        18.0290352739
        4.6200033000         4.2000000000         2.0269675798         0.4745010138        18.0290352739
        4.6250049000         4.2000000000         2.0193105992         0.5485054601        17.8295733012
        4.6300049000         4.2000000000         2.0397292141         0.6174061515        18.3614718951
        4.6350037000         4.2000000000         2.0116536186         0.6837549654        17.6301113286
        4.6400058000         4.2000000000         2.0218629261         0.7526556568        17.8960606255
        4.6450046000         4.2000000000         2.0346245604         0.8292119806        18.2284972466
        4.6500093000         4.2000000000         2.0320722335         0.9057683043        18.1620099224
        4.6550036000         4.2000000000         2.0295199066         0.9695652408        18.0955225982
        4.6600059000         4.2000000000         2.0397292141         1.0384659322        18.3614718951
        4.6650041000         4.2000000000         2.0295199066         1.1099185011        18.0955225982
        4.6700058000         4.2000000000         2.0142059455         1.1711635601        17.6965986528
        4.6750050000         4.2000000000         2.0397292141         1.2528236388        18.3614718951
        4.6800065000         4.2000000000         2.0295199066         1.3166205752        18.0955225982
        4.6850067000         4.2000000000         2.0371768872         1.3753137568        18.2949845708
        4.6900413000         4.2000000000         2.0320722335         1.4646294679        18.1620099224
        4.6950065000         4.2000000000         2.0269675798         1.5131151396        18.0290352739
        4.7000054000         4.2000000000         2.0167582724         1.5845677084        17.7630859770
        4.7050047000         4.2000000000         2.0295199066         1.6662277871        18.0955225982
        4.7100065000         4.2000000000         2.0499385215         1.7300247236        18.6274211920
        4.7150086000         4.2000000000         2.0397292141         1.8014772924        18.3614718951
        4.7200073000         4.2000000000         2.0269675798         1.8652742289        18.0290352739
        4.7250070000         4.2000000000         2.0346245604         1.9367267978        18.2284972466
        4.7300055000         4.2000000000         2.0295199066         1.9928681019        18.0955225982
        4.7350056000         4.2000000000         2.0167582724         2.0694244256        17.7630859770
        4.7400038000         4.2000000000         2.0346245604         2.1408769945        18.2284972466
        4.7450064000         4.2000000000         2.0397292141         2.2174333183        18.3614718951
        4.7500050000         4.2000000000         2.0320722335         2.2786783773        18.1620099224
        4.7550061000         4.2000000000         2.0295199066         2.3475790687        18.0955225982
        4.7600037000         4.2000000000         2.0320722335         2.4113760052        18.1620099224
        4.7650056000         4.2000000000         2.0422815409         2.4853804515        18.4279592193
        4.7700072000         4.2000000000         2.0397292141         2.5670405302        18.3614718951
        4.7750059000         4.2000000000         2.0346245604         2.6308374666        18.2284972466
        4.7800059000         4.2000000000         2.0397292141         2.6997381580        18.3614718951
        4.7850071000         4.2000000000         2.0320722335         2.7711907269        18.1620099224
        4.7900055000         4.2000000000         2.0473861946         2.8426432957        18.5609338677
        4.7950059000         4.2000000000         2.0397292141         2.9038883547        18.3614718951
        4.8000050000         4.2000000000         2.0422815409         2.9855484334        18.4279592193
        4.8050059000         4.2000000000         2.0346245604         3.0416897375        18.2284972466
        4.8100038000         4.2000000000         2.0371768872         3.1207979388        18.2949845708
        4.8150078000         4.2000000000         2.0320722335         3.1820429978        18.1620099224
        4.8200038000         4.2000000000         2.0371768872         3.2509436892        18.2949845708
        4.8250062000         4.2000000000         2.0422815409         3.3326037679        18.4279592193
        4.8300085000         4.2000000000         2.0397292141         3.3989525818        18.3614718951
        4.8350063000         4.2000000000         2.0295199066         3.4755089056        18.0955225982
        4.8400080000         4.2000000000         2.0320722335         3.5316502097        18.1620099224
        4.8450060000         4.2000000000         2.0422815409         3.6082065334        18.4279592193
        4.8500081000         4.2000000000         2.0320722335         3.6771072248        18.1620099224
        4.8550221000         4.2000000000         2.0499385215         3.7485597937        18.6274211920
        4.8600048000         4.2000000000         2.0218629261         3.8123567301        17.8960606255
        4.8650073000         4.2000000000         2.0397292141         3.8965686863        18.3614718951
        4.8700055000         4.2000000000         2.0193105992         3.9501581129        17.8295733012
        4.8750061000         4.2000000000         2.0346245604         4.0190588043        18.2284972466
        4.8800125000         4.2000000000         2.0320722335         4.0930632506        18.1620099224
        4.8850084000         4.2000000000         2.0269675798         4.1568601871        18.0290352739
        4.8900059000         4.2000000000         2.0320722335         4.2334165109        18.1620099224
        4.8950062000         4.2000000000         2.0397292141         4.3099728347        18.3614718951
        4.9000048000         4.2000000000         2.0269675798         4.3712178937        18.0290352739
        4.9050061000         4.2000000000         2.0473861946         4.4528779724        18.5609338677
        4.9100066000         4.2000000000         2.0269675798         4.5090192765        18.0290352739
        4.9150067000         4.2000000000         2.0295199066         4.5881274777        18.0955225982
        4.9200039000         4.2000000000         2.0320722335         4.6595800465        18.1620099224
        4.9250566000         4.2000000000         2.0167582724         4.7284807379        17.7630859770
        4.9300077000         4.2000000000         2.0269675798         4.7999333068        18.0290352739
        4.9350058000         4.2000000000         2.0320722335         4.8739377531        18.1620099224
        4.9400069000         4.2000000000         2.0269675798         4.9530459543        18.0290352739
        4.9450051000         4.2000000000         2.0193105992         5.0015316260        17.8295733012
        4.9500032000         4.2000000000         2.0295199066         5.0040835035        18.0955225982
        4.9550047000         4.2000000000         2.0244152529         1.1073666236        17.9625479497
        4.9600044000         4.2000000000         2.0397292141         0.0100593162        18.3614718951
        4.9650054000         4.2000000000         2.0244152529        -0.0001481936        17.9625479497
        4.9700057000         4.2000000000         2.0397292141         0.0687524978        18.3614718951
        4.9750085000         4.2000000000         2.0218629261         0.1351013117        17.8960606255
        4.9800052000         4.2000000000         2.0244152529         0.2065538806        17.9625479497
        4.9850076000         4.2000000000         2.0167582724         0.2729026945        17.7630859770
        4.9900033000         4.2000000000         2.0218629261         0.3443552634        17.8960606255
        4.9950051000         4.2000000000         2.0218629261         0.4183597097        17.8960606255
        5.0000058000         4.2000000000         2.0244152529         0.4949160334        17.9625479497
        5.0050083000         4.2000000000         2.0193105992         0.5612648474        17.8295733012
        5.0100036000         4.2000000000         2.0193105992         0.6276136613        17.8295733012
        5.0150046000         4.2000000000         2.0218629261         0.6914105978        17.8960606255
        5.0200033000         4.2000000000         2.0371768872         0.7705187990        18.2949845708
        5.0250064000         4.2000000000         2.0167582724         0.8394194904        17.7630859770
        5.0300046000         4.2000000000         2.0320722335         0.9159758142        18.1620099224
        5.0350050000         4.2000000000         2.0320722335         0.9746689957        18.1620099224
        5.0400044000         4.2000000000         2.0218629261         1.0461215646        17.8960606255
        5.0450046000         4.2000000000         2.0295199066         1.1124703785        18.0955225982
        5.0500037000         4.2000000000         2.0116536186         1.1890267023        17.6301113286
        5.0550050000         4.2000000000         2.0295199066         1.2630311486        18.0955225982
        5.0600037000         4.2000000000         2.0346245604         1.3319318400        18.2284972466
        5.0650049000         4.2000000000         2.0269675798         1.3931768990        18.0290352739
        5.0700109000         4.2000000000         2.0422815409         1.4697332228        18.4279592193
        5.0750069000         4.2000000000         2.0346245604         1.5335301593        18.2284972466
        5.0800177000         4.2000000000         2.0346245604         1.6075346056        18.2284972466
        5.0850061000         4.2000000000         2.0295199066         1.6764352970        18.0955225982
        5.0900064000         4.2000000000         2.0346245604         1.7300247236        18.2284972466
        5.0950099000         4.2000000000         2.0295199066         1.8014772924        18.0955225982
        5.1000056000         4.2000000000         2.0295199066         1.8703779838        18.0955225982
        5.1050042000         4.2000000000         2.0244152529         1.9418305527        17.9625479497
        5.1100092000         4.2000000000         2.0397292141         2.0183868765        18.3614718951
        5.1150066000         4.2000000000         2.0422815409         2.0872875679        18.4279592193
        5.1200048000         4.2000000000         2.0473861946         2.1561882593        18.5609338677
        5.1250040000         4.2000000000         2.0039966381         2.2225370732        17.4306493559
        5.1300098000         4.2000000000         2.0295199066         2.2888858871        18.0955225982
        5.1350039000         4.2000000000         2.0346245604         2.3628903334        18.2284972466
        5.1400049000         4.2000000000         2.0448338678         2.4343429023        18.4944465435
        5.1450049000         4.2000000000         2.0371768872         2.4955879613        18.2949845708
        5.1500051000         4.2000000000         2.0371768872         2.5772480400        18.2949845708
        5.1550076000         4.2000000000         2.0575955021         2.6487006088        18.8268831647
        5.1600049000         4.2000000000         2.0397292141         2.7073937904        18.3614718951
        5.1650045000         4.2000000000         2.0371768872         2.7865019916        18.2949845708
        5.1700060000         4.2000000000         2.0499385215         2.8605064379        18.6274211920
        5.1750034000         4.2000000000         2.0448338678         2.9243033744        18.4944465435
        5.1800100000         4.2000000000         2.0397292141         2.9881003109        18.3614718951
        5.1850076000         4.2000000000         2.0397292141         3.0672085121        18.3614718951
        5.1900117000         4.2000000000         2.0448338678         3.1437648359        18.4944465435
        5.1950062000         4.2000000000         2.0397292141         3.2152174047        18.3614718951
        5.2000105000         4.2000000000         2.0397292141         3.2790143412        18.3614718951
        5.2050067000         4.2000000000         2.0371768872         3.3479150326        18.2949845708
        5.2100143000         4.2000000000         2.0448338678         3.4168157240        18.4944465435
        5.2150048000         4.2000000000         2.0244152529         3.4831645379        17.9625479497
        5.2200063000         4.2000000000         2.0269675798         3.5495133519        18.0290352739
        5.2250063000         4.2000000000         2.0397292141         3.6311734306        18.3614718951
        5.2300135000         4.2000000000         2.0244152529         3.6898666121        17.9625479497
        5.2350036000         4.2000000000         2.0473861946         3.7740785683        18.5609338677
        5.2400116000         4.2000000000         2.0295199066         3.8327717498        18.0955225982
        5.2450054000         4.2000000000         2.0346245604         3.8991205638        18.2284972466
        5.2500078000         4.2000000000         2.0269675798         3.9833325199        18.0290352739
        5.2550063000         4.2000000000         2.0371768872         4.0496813338        18.2949845708
        5.2600077000         4.2000000000         2.0524908483         4.1185820252        18.6939085162
        5.2650046000         4.2000000000         2.0397292141         4.1900345941        18.3614718951
        5.2700101000         4.2000000000         2.0320722335         4.2563834080        18.1620099224
        5.2750128000         4.2000000000         2.0371768872         4.3329397318        18.2949845708
        5.2800046000         4.2000000000         2.0269675798         4.3941847908        18.0290352739
        5.2850123000         4.2000000000         2.0422815409         4.4758448695        18.4279592193
        5.2900027000         4.2000000000         2.0346245604         4.5396418060        18.2284972466
        5.2951578000         4.2000000000         2.0269675798         4.6136462523        18.0290352739
        5.3000058000         4.2000000000         2.0295199066         4.6850988211        18.0955225982
        5.3050049000         4.2000000000         2.0320722335         4.7616551449        18.1620099224
        5.3100046000         4.2000000000         2.0295199066         4.8229002039        18.0955225982
        5.3150040000         4.2000000000         2.0269675798         4.8969046502        18.0290352739
        5.3200055000         4.2000000000         2.0346245604         4.9683572191        18.2284972466
        5.3250049000         4.2000000000         2.0218629261         5.0066353810        17.8960606255
        5.3300048000         4.2000000000         2.0218629261         4.9964278711        17.8960606255
        5.3350050000         4.2000000000         1.9963396575         1.1099185011        17.2311873832
        5.3400058000         4.2000000000         2.0218629261        -0.0001481936        17.8960606255
        5.3450060000         4.2000000000         2.0295199066         0.0151630711        18.0955225982
        5.3500051000         4.2000000000         2.0269675798         0.0840637625        18.0290352739
        5.3550048000         4.2000000000         2.0167582724         0.1555163314        17.7630859770
        5.3600065000         4.2000000000         2.0193105992         0.2269689002        17.8295733012
        5.3650056000         4.2000000000         2.0193105992         0.2958695916        17.8295733012
        5.3700038000         4.2000000000         2.0218629261         0.3622184056        17.8960606255
        5.3750053000         4.2000000000         2.0269675798         0.4464303617        18.0290352739
        5.3800051000         4.2000000000         2.0295199066         0.5178829306        18.0955225982
        5.3850057000         4.2000000000         2.0269675798         0.5816798670        18.0290352739
        5.3900048000         4.2000000000         2.0193105992         0.6480286810        17.8295733012
        5.3950062000         4.2000000000         2.0193105992         0.7169293724        17.8295733012
        5.4000038000         4.2000000000         2.0397292141         0.7934856961        18.3614718951
        5.4050063000         4.2000000000         2.0269675798         0.8674901425        18.0290352739
        5.4100062000         4.2000000000         2.0218629261         0.9312870789        17.8960606255
        5.4150070000         4.2000000000         2.0167582724         0.9950840154        17.7630859770
        5.4200055000         4.2000000000         2.0346245604         1.0767440941        18.2284972466
        5.4250076000         4.2000000000         2.0371768872         1.1430929080        18.2949845708
        5.4300070000         4.2000000000         2.0244152529         1.2017860896        17.9625479497
        5.4350059000         4.2000000000         2.0244152529         1.2681349035        17.9625479497
        5.4400048000         4.2000000000         2.0142059455         1.3370355949        17.6965986528
        5.4450064000         4.2000000000         2.0269675798         1.4059362863        18.0290352739
        5.4500035000         4.2000000000         2.0269675798         1.4748369777        18.0290352739
        5.4550078000         4.2000000000         2.0371768872         1.5488414240        18.2949845708
        5.4600065000         4.2000000000         2.0397292141         1.6253977478        18.3614718951
        5.4650133000         4.2000000000         2.0371768872         1.6866428068        18.2949845708
        5.4700045000         4.2000000000         2.0269675798         1.7504397433        18.0290352739
        5.4750060000         4.2000000000         2.0422815409         1.8244441896        18.4279592193
        5.4800054000         4.2000000000         2.0346245604         1.8907930035        18.2284972466
        5.4850116000         4.2000000000         2.0320722335         1.9545899400        18.1620099224
        5.4900035000         4.2000000000         2.0422815409         2.0311462638        18.4279592193
        5.4950119000         4.2000000000         2.0371768872         2.1051507101        18.2949845708
        5.5000044000         4.2000000000         2.0371768872         2.1689476465        18.2949845708
        5.5050049000         4.2000000000         2.0448338678         2.2429520929        18.4944465435
        5.5100046000         4.2000000000         2.0371768872         2.3118527843        18.2949845708
        5.5150124000         4.2000000000         2.0473861946         2.3909609855        18.5609338677
        5.5200055000         4.2000000000         2.0448338678         2.4547579220        18.4944465435
        5.5250055000         4.2000000000         2.0295199066         2.5262104908        18.0955225982
        5.5300050000         4.2000000000         2.0422815409         2.5951111822        18.4279592193
        5.5350114000         4.2000000000         2.0397292141         2.6640118736        18.3614718951
        5.5400038000         4.2000000000         2.0448338678         2.7405681974        18.4944465435
        5.5450121000         4.2000000000         2.0397292141         2.8069170113        18.3614718951
        5.5500041000         4.2000000000         2.0346245604         2.8681620703        18.2284972466
        5.5550061000         4.2000000000         2.0473861946         2.9472702715        18.5609338677
        5.5600058000         4.2000000000         2.0269675798         3.0085153306        18.0290352739
        5.5650060000         4.2000000000         2.0448338678         3.0850716543        18.4944465435
        5.5700063000         4.2000000000         2.0422815409         3.1514204683        18.4279592193
        5.5750043000         4.2000000000         2.0371768872         3.2305286695        18.2949845708
        5.5800063000         4.2000000000         2.0422815409         3.2943256060        18.4279592193
        5.5850065000         4.2000000000         2.0422815409         3.3708819297        18.4279592193
        5.5900064000         4.2000000000         2.0397292141         3.4397826211        18.3614718951
        5.5950060000         4.2000000000         2.0346245604         3.5061314351        18.2284972466
        5.6000067000         4.2000000000         2.0371768872         3.5826877588        18.2949845708
        5.6050062000         4.2000000000         2.0422815409         3.6464846953        18.4279592193
        5.6100084000         4.2000000000         2.0269675798         3.7179372642        18.0290352739
        5.6150058000         4.2000000000         2.0346245604         3.7868379556        18.2284972466
        5.6200063000         4.2000000000         2.0422815409         3.8608424019        18.4279592193
        5.6250042000         4.2000000000         2.0269675798         3.9246393383        18.0290352739
        5.6300169000         4.2000000000         2.0397292141         3.9986437847        18.3614718951
        5.6350063000         4.2000000000         2.0269675798         4.0700963535        18.0290352739
        5.6400116000         4.2000000000         2.0524908483         4.1466526773        18.6939085162
        5.6450077000         4.2000000000         2.0473861946         4.2130014912        18.5609338677
        5.6500097000         4.2000000000         2.0295199066         4.2742465502        18.0955225982
        5.6550074000         4.2000000000         2.0244152529         4.3456991191        17.9625479497
        5.6600095000         4.2000000000         2.0320722335         4.4222554428        18.1620099224
        5.6650070000         4.2000000000         2.0295199066         4.4911561342        18.0955225982
        5.6700099000         4.2000000000         2.0397292141         4.5677124580        18.3614718951
        5.6750049000         4.2000000000         2.0346245604         4.6340612719        18.2284972466
        5.6800071000         4.2000000000         2.0218629261         4.7029619633        17.8960606255
        5.6850070000         4.2000000000         2.0193105992         4.7744145322        17.8295733012
        5.6900062000         4.2000000000         2.0346245604         4.8433152236        18.2284972466
        5.6950060000         4.2000000000         2.0269675798         4.9224234248        18.0290352739
        5.7000057000         4.2000000000         2.0397292141         4.9964278711        18.3614718951
        5.7050054000         4.2000000000         2.0295199066         5.0117391359        18.0955225982
        5.7100063000         4.2000000000         2.0193105992         1.1099185011        17.8295733012
        5.7150070000         4.2000000000         2.0397292141         0.0126111937        18.3614718951
        5.7200057000         4.2000000000         2.0295199066         0.0049555613        18.0955225982
        5.7250036000         4.2000000000         2.0269675798         0.0381299683        18.0290352739
        5.7300045000         4.2000000000         2.0371768872         0.1095825371        18.2949845708
        5.7350046000         4.2000000000         2.0091012918         0.1810351060        17.5636240043
        5.7400047000         4.2000000000         2.0167582724         0.2448320425        17.7630859770
        5.7450049000         4.2000000000         2.0320722335         0.3290439986        18.1620099224
        5.7500076000         4.2000000000         2.0167582724         0.3928409351        17.7630859770
        5.7550075000         4.2000000000         2.0244152529         0.4617416265        17.9625479497
        5.7600057000         4.2000000000         2.0320722335         0.5331941953        18.1620099224
        5.7650079000         4.2000000000         2.0218629261         0.6097505191        17.8960606255
        5.7700036000         4.2000000000         2.0167582724         0.6709955781        17.7630859770
        5.7750751000         4.2000000000         2.0346245604         0.7501037793        18.2284972466
        5.7800034000         4.2000000000         2.0167582724         0.8062450834        17.7630859770
        5.7850108000         4.2000000000         2.0244152529         0.8802495297        17.9625479497
        5.7900084000         4.2000000000         2.0218629261         0.9491502211        17.8960606255
        5.7950045000         4.2000000000         2.0269675798         1.0282584224        18.0290352739
        5.8000041000         4.2000000000         2.0218629261         1.0920553588        17.8960606255
        5.8050048000         4.2000000000         2.0295199066         1.1558522953        18.0955225982
        5.8100045000         4.2000000000         2.0295199066         1.2247529867        18.0955225982
        5.8150037000         4.2000000000         2.0295199066         1.3013093105        18.0955225982
        5.8200047000         4.2000000000         2.0167582724         1.3574506146        17.7630859770
        5.8250051000         4.2000000000         2.0346245604         1.4391106933        18.2284972466
        5.8300033000         4.2000000000         2.0269675798         1.4927001199        18.0290352739
        5.8350047000         4.2000000000         2.0346245604         1.5743601986        18.2284972466
        5.8400045000         4.2000000000         2.0371768872         1.6356052576        18.2949845708
        5.8450049000         4.2000000000         2.0269675798         1.7070578265        18.0290352739
        5.8500053000         4.2000000000         2.0320722335         1.7759585179        18.1620099224
        5.8550049000         4.2000000000         2.0320722335         1.8423073318        18.1620099224
        5.8600038000         4.2000000000         2.0244152529         1.9010005134        17.9625479497
        5.8650061000         4.2000000000         2.0397292141         1.9775568371        18.3614718951
        5.8700034000         4.2000000000         2.0320722335         2.0490094060        18.1620099224
        5.8750064000         4.2000000000         2.0371768872         2.1281176072        18.2949845708
        5.8800060000         4.2000000000         2.0346245604         2.1893626662        18.2284972466
        5.8850060000         4.2000000000         2.0397292141         2.2582633576        18.3614718951
        5.8902200000         4.2000000000         2.0320722335         2.3271640490        18.1620099224
        5.8950042000         4.2000000000         2.0269675798         2.3960647404        18.0290352739
        5.9000062000         4.2000000000         2.0397292141         2.4777248191        18.3614718951
        5.9050065000         4.2000000000         2.0193105992         2.5338661232        17.8295733012
        5.9100071000         4.2000000000         2.0244152529         2.6078705695        17.9625479497
        5.9150063000         4.2000000000         2.0473861946         2.6793231383        18.5609338677
        5.9200089000         4.2000000000         2.0295199066         2.7431200748        18.0955225982
        5.9250080000         4.2000000000         2.0397292141         2.8222282761        18.3614718951
        5.9300058000         4.2000000000         2.0371768872         2.8860252125        18.2949845708
        5.9350093000         4.2000000000         2.0422815409         2.9574777814        18.4279592193
        5.9400061000         4.2000000000         2.0346245604         3.0212747179        18.2284972466
        5.9450074000         4.2000000000         2.0448338678         3.1054866740        18.4944465435
        5.9500070000         4.2000000000         2.0422815409         3.1667317330        18.4279592193
        5.9550052000         4.2000000000         2.0346245604         3.2305286695        18.2284972466
        5.9600068000         4.2000000000         2.0346245604         3.3019812383        18.2284972466
        5.9650052000         4.2000000000         2.0575955021         3.3836413170        18.8268831647
        5.9700065000         4.2000000000         2.0346245604         3.4499901310        18.2284972466
        5.9750046000         4.2000000000         2.0448338678         3.5239945773        18.4944465435
        5.9800123000         4.2000000000         2.0499385215         3.5903433912        18.6274211920
        5.9850103000         4.2000000000         2.0473861946         3.6668997150        18.5609338677
        5.9900120000         4.2000000000         2.0269675798         3.7281447740        18.0290352739
        5.9950039000         4.2000000000         2.0320722335         3.7970454654        18.1620099224
        6.0000058000         4.2000000000         2.0524908483         3.8812574215        18.6939085162
        6.0050052000         4.2000000000         2.0346245604         3.9501581129        18.2284972466
        6.0100148000         4.2000000000         2.0397292141         4.0037475396        18.3614718951
        6.0150049000         4.2000000000         2.0244152529         4.0752001084        17.9625479497
        6.0200088000         4.2000000000         2.0422815409         4.1594120646        18.4279592193
        6.0250042000         4.2000000000         2.0371768872         4.2206571236        18.2949845708
        6.0300066000         4.2000000000         2.0371768872         4.2921096924        18.2949845708
        6.0350062000         4.2000000000         2.0397292141         4.3584585064        18.3614718951
        6.0400059000         4.2000000000         2.0397292141         4.4401185851        18.3614718951
        6.0450064000         4.2000000000         2.0244152529         4.5013636441        17.9625479497
        6.0500094000         4.2000000000         2.0397292141         4.5753680904        18.3614718951
        6.0550069000         4.2000000000         2.0320722335         4.6442687818        18.1620099224
        6.0600071000         4.2000000000         2.0346245604         4.7208251056        18.2284972466
        6.0650067000         4.2000000000         2.0295199066         4.7871739195        18.0955225982
        6.0700134000         4.2000000000         2.0142059455         4.8611783658        17.6965986528
        6.0750087000         4.2000000000         2.0320722335         4.9428384445        18.1620099224
        6.0800066000         4.2000000000         2.0295199066         5.0117391359        18.0955225982
        6.0850052000         4.2000000000         2.0193105992         4.9989797486        17.8295733012
        6.0900069000         4.2000000000         2.0346245604         1.1073666236        18.2284972466
        6.0950083000         4.2000000000         2.0218629261         0.0049555613        17.8960606255
        6.1000067000         4.2000000000         2.0167582724        -0.0052519485        17.7630859770
        6.1050046000         4.2000000000         2.0269675798         0.0508893556        18.0290352739
        6.1100072000         4.2000000000         2.0269675798         0.1274456793        18.0290352739
        6.1150044000         4.2000000000         2.0193105992         0.1861388609        17.8295733012
        6.1200132000         4.2000000000         2.0218629261         0.2652470621        17.8960606255
        6.1250069000         4.2000000000         2.0167582724         0.3366996310        17.7630859770
        6.1300042000         4.2000000000         2.0193105992         0.4056003224        17.8295733012
        6.1350151000         4.2000000000         2.0167582724         0.4745010138        17.7630859770
        6.1400076000         4.2000000000         2.0244152529         0.5434017052        17.9625479497
        6.1450069000         4.2000000000         2.0116536186         0.6046467642        17.6301113286
        6.1500047000         4.2000000000         2.0218629261         0.6888587203        17.8960606255
        6.1550119000         4.2000000000         2.0218629261         0.7450000244        17.8960606255
        6.1600112000         4.2000000000         2.0167582724         0.8292119806        17.7630859770
        6.1650073000         4.2000000000         2.0346245604         0.8955607945        18.2284972466
        6.1700068000         4.2000000000         1.9886826769         0.9542539761        17.0317254105
        6.1750096000         4.2000000000         2.0269675798         1.0384659322        18.0290352739
        6.1800043000         4.2000000000         2.0218629261         1.1022628687        17.8960606255
        6.1850138000         4.2000000000         2.0193105992         1.1660598052        17.8295733012
        6.1900072000         4.2000000000         2.0244152529         1.2324086191        17.9625479497
        6.1950073000         4.2000000000         2.0218629261         1.2987574330        17.8960606255
        6.2000080000         4.2000000000         2.0295199066         1.3753137568        18.0955225982
        6.2050146000         4.2000000000         2.0218629261         1.4416625707        17.8960606255
        6.2100068000         4.2000000000         2.0218629261         1.5105632621        17.8960606255
        6.2150051000         4.2000000000         2.0320722335         1.5769120761        18.1620099224
        6.2200033000         4.2000000000         2.0269675798         1.6458127674        18.0290352739
        6.2250047000         4.2000000000         2.0371768872         1.7147134588        18.2949845708
        6.2300050000         4.2000000000         2.0371768872         1.7836141502        18.2949845708
        6.2350046000         4.2000000000         2.0193105992         1.8499629642        17.8295733012
        6.2400062000         4.2000000000         2.0065489649         1.9214155330        17.4971366801
        6.2450131000         4.2000000000         2.0371768872         1.9903162244        18.2949845708
        6.2500083000         4.2000000000         2.0346245604         2.0592169158        18.2284972466
        6.2550107000         4.2000000000         2.0295199066         2.1255657297        18.0955225982
        6.2600070000         4.2000000000         2.0320722335         2.1995701761        18.1620099224
        6.2650064000         4.2000000000         2.0371768872         2.2761264998        18.2949845708
        6.2700069000         4.2000000000         2.0269675798         2.3373715588        18.0290352739
        6.2750062000         4.2000000000         2.0397292141         2.4139278826        18.3614718951
        6.2800064000         4.2000000000         2.0422815409         2.4751729416        18.4279592193
        6.2850139000         4.2000000000         2.0295199066         2.5466255105        18.0955225982
        6.2900097000         4.2000000000         2.0218629261         2.6180780793        17.8960606255
        6.2950118000         4.2000000000         2.0371768872         2.6767712609        18.2949845708
        6.3000050000         4.2000000000         2.0397292141         2.7635350945        18.3614718951
        6.3050109000         4.2000000000         2.0371768872         2.8273320310        18.2949845708
        6.3100044000         4.2000000000         2.0422815409         2.9038883547        18.4279592193
        6.3150119000         4.2000000000         2.0320722335         2.9600296588        18.1620099224
        6.3200088000         4.2000000000         2.0371768872         3.0416897375        18.2949845708
        6.3250116000         4.2000000000         2.0397292141         3.1029347965        18.3614718951
        6.3300368000         4.2000000000         2.0448338678         3.1845948752        18.4944465435
        6.3350050000         4.2000000000         2.0422815409         3.2534955666        18.4279592193
        6.3400036000         4.2000000000         2.0371768872         3.3147406256        18.2949845708
        6.3450061000         4.2000000000         2.0422815409         3.3887450720        18.4279592193
        6.3500108000         4.2000000000         2.0269675798         3.4474382535        18.0290352739
        6.3550047000         4.2000000000         2.0346245604         3.5239945773        18.2284972466
        6.3600047000         4.2000000000         2.0448338678         3.5954471461        18.4944465435
        6.3650102000         4.2000000000         2.0371768872         3.6643478375        18.2949845708
        6.3700056000         4.2000000000         2.0320722335         3.7332485289        18.1620099224
        6.3750029000         4.2000000000         2.0346245604         3.7995973429        18.2284972466
        6.3800064000         4.2000000000         2.0371768872         3.8736017892        18.2949845708
        6.3850042000         4.2000000000         2.0295199066         3.9450543580        18.0955225982
        6.3900029000         4.2000000000         2.0371768872         4.0139550494        18.2949845708
        6.3950040000         4.2000000000         2.0320722335         4.0905113732        18.1620099224
        6.4000038000         4.2000000000         2.0397292141         4.1517564322        18.3614718951
        6.4050055000         4.2000000000         2.0244152529         4.2206571236        17.9625479497
        6.4100046000         4.2000000000         2.0371768872         4.2895578150        18.2949845708
        6.4150038000         4.2000000000         2.0448338678         4.3686660162        18.4944465435
        6.4200057000         4.2000000000         2.0346245604         4.4324629527        18.2284972466
        6.4250053000         4.2000000000         2.0346245604         4.5115711539        18.2284972466
        6.4300059000         4.2000000000         2.0269675798         4.5779199678        18.0290352739
        6.4350044000         4.2000000000         2.0193105992         4.6391650269        17.8295733012
        6.4400065000         4.2000000000         2.0371768872         4.7182732281        18.2949845708
        6.4450061000         4.2000000000         2.0218629261         4.7846220420        17.8960606255
        6.4500050000         4.2000000000         2.0269675798         4.8560746109        18.0290352739
        6.4550068000         4.2000000000         2.0371768872         4.9453903219        18.2949845708
        6.4600060000         4.2000000000         2.0244152529         5.0040835035        17.9625479497
        6.4650071000         4.2000000000         2.0320722335         5.0091872584        18.1620099224
        6.4700052000         4.2000000000         2.0269675798         1.1048147461        18.0290352739
        6.4750041000         4.2000000000         2.0269675798        -0.0001481936        18.0290352739
        6.4800066000         4.2000000000         2.0193105992         0.0024036839        17.8295733012
        6.4850059000         4.2000000000         2.0218629261         0.0508893556        17.8960606255
        6.4900061000         4.2000000000         2.0065489649         0.1197900470        17.4971366801
        6.4950047000         4.2000000000         2.0193105992         0.1912426158        17.8295733012
        6.5000058000         4.2000000000         2.0320722335         0.2703508170        18.1620099224
        6.5050063000         4.2000000000         2.0218629261         0.3366996310        17.8960606255
        6.5100065000         4.2000000000         2.0091012918         0.4004965675        17.5636240043
        6.5150069000         4.2000000000         2.0244152529         0.4821566461        17.9625479497
        6.5200062000         4.2000000000         2.0193105992         0.5434017052        17.8295733012
        6.5250036000         4.2000000000         2.0193105992         0.6174061515        17.8295733012
        6.5300056000         4.2000000000         2.0244152529         0.6812030879        17.9625479497
        6.5350038000         4.2000000000         2.0346245604         0.7603112892        18.2284972466
        6.5400041000         4.2000000000         2.0193105992         0.8215563482        17.8295733012
        6.5450037000         4.2000000000         2.0346245604         0.8930089170        18.2284972466
        6.5500027000         4.2000000000         2.0269675798         0.9619096084        18.0290352739
        6.5550057000         4.2000000000         2.0218629261         1.0333621773        17.8960606255
        6.5600047000         4.2000000000         2.0397292141         1.1099185011        18.3614718951
        6.5650031000         4.2000000000         2.0193105992         1.1660598052        17.8295733012
        6.5700033000         4.2000000000         2.0269675798         1.2426161289        18.0290352739
        6.5750028000         4.2000000000         2.0346245604         1.3064130654        18.2284972466
        6.5800023000         4.2000000000         2.0397292141         1.3778656343        18.3614718951
        6.5850040000         4.2000000000         2.0269675798         1.4442144482        18.0290352739
        6.5900029000         4.2000000000         2.0371768872         1.5131151396        18.2949845708
        6.5950029000         4.2000000000         2.0167582724         1.5794639535        17.7630859770
        6.6000017000         4.2000000000         2.0218629261         1.6458127674        17.8960606255
        6.6050013000         4.2000000000         2.0346245604         1.7172653363        18.2284972466
        6.6100042000         4.2000000000         2.0371768872         1.7861660277        18.2949845708
        6.6150017000         4.2000000000         2.0397292141         1.8601704740        18.3614718951
        6.6200035000         4.2000000000         2.0269675798         1.9214155330        18.0290352739
        6.6250051000         4.2000000000         2.0295199066         1.9954199793        18.0955225982
        6.6300055000         4.2000000000         2.0371768872         2.0592169158        18.2949845708
        6.6350057000         4.2000000000         2.0422815409         2.1383251170        18.4279592193
        6.6400039000         4.2000000000         2.0397292141         2.1995701761        18.3614718951
        6.6450029000         4.2000000000         2.0320722335         2.2710227449        18.1620099224
        6.6500056000         4.2000000000         2.0295199066         2.3399234363        18.0955225982
        6.6550052000         4.2000000000         2.0422815409         2.4190316375        18.4279592193
        6.6600043000         4.2000000000         2.0371768872         2.4802766965        18.2949845708
        6.6650020000         4.2000000000         2.0371768872         2.5466255105        18.2949845708
        6.6700057000         4.2000000000         2.0346245604         2.6206299568        18.2284972466
        6.6750057000         4.2000000000         2.0397292141         2.6895306482        18.3614718951
        6.6800059000         4.2000000000         2.0269675798         2.7558794621        18.0290352739
        6.6850055000         4.2000000000         2.0397292141         2.8349876633        18.3614718951
        6.6900043000         4.2000000000         2.0524908483         2.9064402322        18.6939085162
        6.6950026000         4.2000000000         2.0397292141         2.9702371687        18.3614718951
        6.7000026000         4.2000000000         2.0346245604         3.0340341051        18.2284972466
        6.7050115000         4.2000000000         2.0346245604         3.1080385515        18.2284972466
        6.7100036000         4.2000000000         2.0397292141         3.1845948752        18.3614718951
        6.7150058000         4.2000000000         2.0346245604         3.2509436892        18.2284972466
        6.7200053000         4.2000000000         2.0397292141         3.3198443806        18.3614718951
        6.7250030000         4.2000000000         2.0550431752         3.3887450720        18.7603958404
        6.7300056000         4.2000000000         2.0397292141         3.4653013957        18.3614718951
        6.7350087000         4.2000000000         2.0295199066         3.5290983322        18.0955225982
        6.7400045000         4.2000000000         2.0269675798         3.5954471461        18.0290352739
        6.7450027000         4.2000000000         2.0346245604         3.6720034699        18.2284972466
        6.7500041000         4.2000000000         2.0422815409         3.7511116711        18.4279592193
        6.7550029000         4.2000000000         2.0295199066         3.8149086076        18.0955225982
        6.7600031000         4.2000000000         2.0448338678         3.8889130539        18.4944465435
        6.7650041000         4.2000000000         2.0346245604         3.9552618679        18.2284972466
        6.7700036000         4.2000000000         2.0346245604         4.0165069269        18.2284972466
        6.7750028000         4.2000000000         2.0320722335         4.0828557408        18.1620099224
        6.7800019000         4.2000000000         2.0320722335         4.1568601871        18.1620099224
        6.7850030000         4.2000000000         2.0320722335         4.2283127560        18.1620099224
        6.7900059000         4.2000000000         2.0346245604         4.2997653248        18.2284972466
        6.7950049000         4.2000000000         2.0193105992         4.3635622613        17.8295733012
        6.8000919000         4.2000000000         2.0397292141         4.4426704625        18.3614718951
        6.8050047000         4.2000000000         2.0269675798         4.5166749088        18.0290352739
        6.8100046000         4.2000000000         2.0193105992         4.5779199678        17.8295733012
        6.8150046000         4.2000000000         2.0269675798         4.6442687818        18.0290352739
        6.8200045000         4.2000000000         2.0193105992         4.7233769830        17.8295733012
        6.8250038000         4.2000000000         2.0320722335         4.8024851842        18.1620099224
        6.8300036000         4.2000000000         2.0320722335         4.8764896306        18.1620099224
        6.8350063000         4.2000000000         2.0116536186         4.9351828121        17.6301113286
        6.8400046000         4.2000000000         2.0244152529         4.9989797486        17.9625479497
        6.8450035000         4.2000000000         2.0142059455         5.0015316260        17.6965986528
        6.8500031000         4.2000000000         2.0167582724         1.1048147461        17.7630859770
        6.8550039000         4.2000000000         2.0269675798         0.0024036839        18.0290352739
        6.8600037000         4.2000000000         2.0218629261        -0.0001481936        17.8960606255
        6.8650041000         4.2000000000         2.0116536186         0.0508893556        17.6301113286
        6.8700045000         4.2000000000         2.0116536186         0.1172381695        17.6301113286
        6.8750052000         4.2000000000         2.0193105992         0.1963463707        17.8295733012
        6.8800057000         4.2000000000         2.0269675798         0.2703508170        18.0290352739
        6.8850048000         4.2000000000         2.0218629261         0.3366996310        17.8960606255
        6.8900020000         4.2000000000         2.0218629261         0.4132559548        17.8960606255
        6.8950040000         4.2000000000         2.0091012918         0.4642935039        17.5636240043
        6.9000060000         4.2000000000         2.0193105992         0.5382979502        17.8295733012
        6.9050048000         4.2000000000         2.0193105992         0.6123023966        17.8295733012
        6.9100063000         4.2000000000         2.0346245604         0.6888587203        18.2284972466
        6.9150053000         4.2000000000         2.0244152529         0.7501037793        17.9625479497
        6.9200060000         4.2000000000         2.0167582724         0.8215563482        17.7630859770
        6.9250050000         4.2000000000         2.0167582724         0.8828014072        17.7630859770
        6.9300073000         4.2000000000         2.0218629261         0.9619096084        17.8960606255
        6.9350052000         4.2000000000         2.0193105992         1.0308102998        17.8295733012
        6.9400061000         4.2000000000         2.0397292141         1.1073666236        18.3614718951
        6.9450077000         4.2000000000         2.0218629261         1.1686116826        17.8960606255
        6.9500119000         4.2000000000         2.0167582724         1.2273048642        17.7630859770
        6.9550063000         4.2000000000         2.0218629261         1.3038611879        17.8960606255
        6.9600072000         4.2000000000         2.0269675798         1.3753137568        18.0290352739
        6.9650093000         4.2000000000         2.0039966381         1.4467663256        17.4306493559
        6.9700101000         4.2000000000         2.0397292141         1.5156670170        18.3614718951
        6.9750073000         4.2000000000         2.0269675798         1.5794639535        18.0290352739
        6.9800070000         4.2000000000         2.0218629261         1.6458127674        17.8960606255
        6.9850049000         4.2000000000         2.0193105992         1.7070578265        17.8295733012
        6.9900125000         4.2000000000         2.0422815409         1.7912697826        18.4279592193
        6.9950059000         4.2000000000         2.0244152529         1.8499629642        17.9625479497
        7.0000128000         4.2000000000         2.0320722335         1.9239674105        18.1620099224
        7.0050071000         4.2000000000         2.0371768872         1.9877643470        18.2949845708
        7.0100060000         4.2000000000         2.0167582724         2.0541131609        17.7630859770
        7.0150071000         4.2000000000         2.0244152529         2.1204619748        17.9625479497
        7.0200137000         4.2000000000         2.0320722335         2.1919145437        18.1620099224
        7.0250062000         4.2000000000         2.0397292141         2.2684708674        18.3614718951
        7.0300122000         4.2000000000         2.0269675798         2.3373715588        18.0290352739
        7.0350103000         4.2000000000         2.0295199066         2.4037203728        18.0955225982
        7.0400074000         4.2000000000         2.0371768872         2.4802766965        18.2949845708
        7.0451223000         4.2000000000         2.0269675798         2.5364180006        18.0290352739
        7.0500107000         4.2000000000         2.0346245604         2.6104224470        18.2284972466
        7.0550163000         4.2000000000         2.0422815409         2.6818750158        18.4279592193
        7.0600062000         4.2000000000         2.0295199066         2.7456719523        18.0955225982
        7.0650096000         4.2000000000         2.0142059455         2.8222282761        17.6965986528
        7.0700041000         4.2000000000         2.0448338678         2.8962327224        18.4944465435
        7.0750060000         4.2000000000         2.0448338678         2.9651334138        18.4944465435
        7.0800040000         4.2000000000         2.0295199066         3.0263784728        18.0955225982
        7.0850180000         4.2000000000         2.0397292141         3.1054866740        18.3614718951
        7.0900072000         4.2000000000         2.0397292141         3.1718354879        18.3614718951
        7.0950070000         4.2000000000         2.0448338678         3.2483918117        18.4944465435
        7.1000043000         4.2000000000         2.0371768872         3.3121887482        18.2949845708
        7.1050076000         4.2000000000         2.0473861946         3.3887450720        18.5609338677
        7.1100042000         4.2000000000         2.0397292141         3.4525420084        18.3614718951
        7.1150062000         4.2000000000         2.0244152529         3.5163389449        17.9625479497
        7.1200051000         4.2000000000         2.0320722335         3.5928952687        18.1620099224
        7.1250073000         4.2000000000         2.0371768872         3.6566922051        18.2949845708
        7.1300054000         4.2000000000         2.0295199066         3.7306966515        18.0955225982
        7.1350069000         4.2000000000         1.9963396575         3.7944935879        17.2311873832
        7.1400044000         4.2000000000         2.0422815409         3.8710499117        18.4279592193
        7.1450063000         4.2000000000         2.0295199066         3.9322949707        18.0955225982
        7.1500043000         4.2000000000         2.0346245604         4.0114031719        18.2284972466
        7.1550063000         4.2000000000         2.0295199066         4.0803038633        18.0955225982
        7.1600071000         4.2000000000         2.0371768872         4.1415489224        18.2949845708
        7.1650062000         4.2000000000         2.0371768872         4.2206571236        18.2949845708
        7.1700110000         4.2000000000         2.0295199066         4.2870059375        18.0955225982
        7.1750062000         4.2000000000         2.0244152529         4.3559066289        17.9625479497
        7.1800068000         4.2000000000         2.0397292141         4.4375667076        18.3614718951
        7.1850105000         4.2000000000         2.0397292141         4.5013636441        18.3614718951
        7.1901641000         4.2000000000         2.0346245604         4.5702643355        18.2284972466
        7.1950053000         4.2000000000         2.0218629261         4.6391650269        17.8960606255
        7.2000076000         4.2000000000         2.0346245604         4.7233769830        18.2284972466
        7.2050042000         4.2000000000         2.0269675798         4.7897257969        18.0290352739
        7.2100062000         4.2000000000         2.0091012918         4.8535227334        17.5636240043
        7.2150044000         4.2000000000         2.0448338678         4.9402865670        18.4944465435
        7.2200310000         4.2000000000         2.0295199066         5.0040835035        18.0955225982
        7.2250043000         4.2000000000         2.0116536186         5.0015316260        17.6301113286
        7.2300065000         4.2000000000         2.0346245604         1.1150222560        18.2284972466
        7.2350076000         4.2000000000         2.0142059455        -0.0052519485        17.6965986528
        7.2400063000         4.2000000000         2.0167582724        -0.0052519485        17.7630859770
        7.2450058000         4.2000000000         2.0346245604         0.0483374781        18.2284972466
        7.2500064000         4.2000000000         2.0142059455         0.1095825371        17.6965986528
        7.2550034000         4.2000000000         2.0142059455         0.1861388609        17.6965986528
        7.2600064000         4.2000000000         2.0244152529         0.2601433072        17.9625479497
        7.2650085000         4.2000000000         2.0244152529         0.3341477535        17.9625479497
        7.2700061000         4.2000000000         2.0346245604         0.4081521998        18.2284972466
        7.2750060000         4.2000000000         2.0244152529         0.4668453814        17.9625479497
        7.2800066000         4.2000000000         1.9861303501         0.5485054601        16.9652380863
        7.2850068000         4.2000000000         2.0295199066         0.6174061515        18.0955225982
        7.2900051000         4.2000000000         2.0295199066         0.6786512105        18.0955225982
        7.2950040000         4.2000000000         2.0167582724         0.7501037793        17.7630859770
        7.3000054000         4.2000000000         2.0346245604         0.8215563482        18.2284972466
        7.3050042000         4.2000000000         2.0320722335         0.8955607945        18.1620099224
        7.3100062000         4.2000000000         2.0167582724         0.9568058535        17.7630859770
        7.3150041000         4.2000000000         2.0295199066         1.0359140547        18.0955225982
        7.3200092000         4.2000000000         2.0218629261         1.0946072363        17.8960606255
        7.3250055000         4.2000000000         2.0295199066         1.1737154375        18.0955225982
        7.3300063000         4.2000000000         2.0346245604         1.2324086191        18.2284972466
        7.3350057000         4.2000000000         2.0295199066         1.3064130654        18.0955225982
        7.3400056000         4.2000000000         2.0346245604         1.3804175117        18.2284972466
        7.3450053000         4.2000000000         2.0193105992         1.4442144482        17.8295733012
        7.3500091000         4.2000000000         2.0422815409         1.5156670170        18.4279592193
        7.3550050000         4.2000000000         2.0218629261         1.5743601986        17.8960606255
        7.3600038000         4.2000000000         2.0244152529         1.6458127674        17.9625479497
        7.3650237000         4.2000000000         2.0422815409         1.7223690912        18.4279592193
        7.3700172000         4.2000000000         2.0422815409         1.7887179052        18.4279592193
        7.3750084000         4.2000000000         2.0218629261         1.8448592093        17.8960606255
        7.3800119000         4.2000000000         2.0346245604         1.9239674105        18.2284972466
        7.3850075000         4.2000000000         2.0397292141         1.9903162244        18.3614718951
        7.3900061000         4.2000000000         2.0218629261         2.0566650383        17.8960606255
        7.3950030000         4.2000000000         2.0320722335         2.1306694847        18.1620099224
        7.4000066000         4.2000000000         2.0397292141         2.1970182986        18.3614718951
        7.4050066000         4.2000000000         2.0397292141         2.2684708674        18.3614718951
        7.4100056000         4.2000000000         2.0397292141         2.3399234363        18.3614718951
        7.4150060000         4.2000000000         2.0422815409         2.4164797601        18.4279592193
        7.4200036000         4.2000000000         2.0448338678         2.4853804515        18.4944465435
        7.4250052000         4.2000000000         2.0397292141         2.5517292654        18.3614718951
        7.4300077000         4.2000000000         2.0397292141         2.6231818342        18.3614718951
        7.4350072000         4.2000000000         2.0499385215         2.6946344031        18.6274211920
        7.4400046000         4.2000000000         2.0473861946         2.7711907269        18.5609338677
        7.4450052000         4.2000000000         2.0346245604         2.8298839084        18.2284972466
        7.4500059000         4.2000000000         2.0371768872         2.8962327224        18.2949845708
        7.4550052000         4.2000000000         1.9963396575         2.9676852912        17.2311873832
        7.4600073000         4.2000000000         2.0448338678         3.0493453699        18.4944465435
        7.4650060000         4.2000000000         2.0473861946         3.1182460613        18.5609338677
        7.4700050000         4.2000000000         2.0397292141         3.1896986301        18.3614718951
        7.4750048000         4.2000000000         2.0397292141         3.2585993215        18.3614718951
        7.4800027000         4.2000000000         2.0371768872         3.3198443806        18.2949845708
        7.4850095000         4.2000000000         2.0371768872         3.3836413170        18.2949845708
        7.4900034000         4.2000000000         2.0320722335         3.4601976408        18.1620099224
        7.4950051000         4.2000000000         2.0397292141         3.5290983322        18.3614718951
        7.5000039000         4.2000000000         2.0550431752         3.6082065334        18.7603958404
        7.5050047000         4.2000000000         2.0397292141         3.6771072248        18.3614718951
        7.5100030000         4.2000000000         2.0422815409         3.7434560388        18.4279592193
        7.5150046000         4.2000000000         2.0371768872         3.8123567301        18.2949845708
        7.5200051000         4.2000000000         2.0601478289         3.8863611765        18.8933704889
        7.5250051000         4.2000000000         2.0167582724         3.9450543580        17.7630859770
        7.5300038000         4.2000000000         2.0397292141         4.0292663142        18.3614718951
        7.5350045000         4.2000000000         2.0346245604         4.0828557408        18.2284972466
        7.5400041000         4.2000000000         2.0448338678         4.1670676969        18.4944465435
        7.5450045000         4.2000000000         2.0346245604         4.2308646334        18.2284972466
        7.5500046000         4.2000000000         2.0422815409         4.3023172023        18.4279592193
        7.5550039000         4.2000000000         2.0295199066         4.3737697711        18.0955225982
        7.5602232000         4.2000000000         2.0295199066         4.4426704625        18.0955225982
        7.5650025000         4.2000000000         2.0371768872         4.5141230314        18.2949845708
        7.5700251000         4.2000000000         2.0422815409         4.5957831101        18.4279592193
        7.5750053000         4.2000000000         2.0524908483         4.6672356789        18.6939085162
        7.5800120000         4.2000000000         2.0244152529         4.7284807379        17.9625479497
        7.5850035000         4.2000000000         2.0371768872         4.8024851842        18.2949845708
        7.5900042000         4.2000000000         2.0397292141         4.8841452629        18.3614718951
        7.5950036000         4.2000000000         2.0269675798         4.9453903219        18.0290352739
        7.6000051000         4.2000000000         2.0371768872         5.0040835035        18.2949845708
        7.6050067000         4.2000000000         2.0295199066         4.9964278711        18.0955225982
        7.6100044000         4.2000000000         2.0346245604         1.1124703785        18.2284972466
        7.6150043000         4.2000000000         2.0269675798        -0.0001481936        18.0290352739
        7.6200047000         4.2000000000         2.0244152529        -0.0052519485        17.9625479497
        7.6250031000         4.2000000000         2.0422815409         0.0738562527        18.4279592193
        7.6300025000         4.2000000000         2.0320722335         0.1402050666        18.1620099224
        7.6350057000         4.2000000000         2.0397292141         0.2167613904        18.3614718951
        7.6400055000         4.2000000000         2.0193105992         0.2831102043        17.8295733012
        7.6450042000         4.2000000000         2.0320722335         0.3545627732        18.1620099224
        7.6500049000         4.2000000000         2.0269675798         0.4285672195        18.0290352739
        7.6550033000         4.2000000000         2.0218629261         0.4872604011        17.8960606255
        7.6600025000         4.2000000000         2.0295199066         0.5663686023        18.0955225982
        7.6650053000         4.2000000000         2.0193105992         0.6403730486        17.8295733012
        7.6700035000         4.2000000000         2.0218629261         0.7041699851        17.8960606255
        7.6750057000         4.2000000000         2.0346245604         0.7781744314        18.2284972466
        7.6800048000         4.2000000000         2.0218629261         0.8445232453        17.8960606255
        7.6850846000         4.2000000000         2.0397292141         0.9134239367        18.3614718951
        7.6900050000         4.2000000000         2.0295199066         0.9874283830        18.0955225982
        7.6950055000         4.2000000000         2.0295199066         1.0639847068        18.0955225982
        7.7000043000         4.2000000000         2.0269675798         1.1303335207        18.0290352739
        7.7050031000         4.2000000000         2.0244152529         1.1915785797        17.9625479497
        7.7100020000         4.2000000000         2.0346245604         1.2604792711        18.2284972466
        7.7150033000         4.2000000000         2.0244152529         1.3268280851        17.9625479497
        7.7200015000         4.2000000000         2.0167582724         1.3931768990        17.7630859770
        7.7250041000         4.2000000000         2.0295199066         1.4697332228        18.0955225982
        7.7300034000         4.2000000000         2.0269675798         1.5335301593        18.0290352739
        7.7350018000         4.2000000000         2.0269675798         1.6024308506        18.0290352739
        7.7400021000         4.2000000000         2.0371768872         1.6789871744        18.2949845708
        7.7450041000         4.2000000000         2.0320722335         1.7325766011        18.1620099224
        7.7500046000         4.2000000000         2.0218629261         1.8014772924        17.8960606255
        7.7550033000         4.2000000000         2.0244152529         1.8754817388        17.9625479497
        7.7600053000         4.2000000000         2.0422815409         1.9545899400        18.4279592193
        7.7650034000         4.2000000000         2.0371768872         2.0158349990        18.2949845708
        7.7700066000         4.2000000000         2.0448338678         2.0898394453        18.4944465435
        7.7750103000         4.2000000000         2.0269675798         2.1561882593        18.0290352739
        7.7800074000         4.2000000000         2.0218629261         2.2199851957        17.8960606255
        7.7850018000         4.2000000000         2.0473861946         2.3016452744        18.5609338677
        7.7900040000         4.2000000000         2.0244152529         2.3577865785        17.9625479497
        7.7950056000         4.2000000000         2.0499385215         2.4343429023        18.6274211920
        7.8000060000         4.2000000000         2.0448338678         2.5108992261        18.4944465435
        7.8050037000         4.2000000000         2.0397292141         2.5797999174        18.3614718951
        7.8100036000         4.2000000000         2.0422815409         2.6487006088        18.4279592193
        7.8150030000         4.2000000000         2.0448338678         2.7150494228        18.4944465435
        7.8200047000         4.2000000000         2.0320722335         2.7813982367        18.1620099224
        7.8250040000         4.2000000000         2.0320722335         2.8502989281        18.1620099224
        7.8300037000         4.2000000000         2.0371768872         2.9191996195        18.2949845708
        7.8350019000         4.2000000000         2.0346245604         2.9957559433        18.2284972466
        7.8400041000         4.2000000000         2.0346245604         3.0544491248        18.2284972466
        7.8450022000         4.2000000000         2.0397292141         3.1284535711        18.3614718951
        7.8500032000         4.2000000000         2.0397292141         3.2101136498        18.3614718951
        7.8550023000         4.2000000000         2.0422815409         3.2815662187        18.4279592193
        7.8600039000         4.2000000000         2.0269675798         3.3428112777        18.0290352739
        7.8650023000         4.2000000000         2.0346245604         3.4142638465        18.2284972466
        7.8700173000         4.2000000000         2.0320722335         3.4755089056        18.1620099224
        7.8750036000         4.2000000000         2.0295199066         3.5546171068        18.0955225982
        7.8800028000         4.2000000000         2.0448338678         3.6286215531        18.4944465435
        7.8850056000         4.2000000000         2.0269675798         3.6949703670        18.0290352739
        7.8900036000         4.2000000000         2.0371768872         3.7638710584        18.2949845708
        7.8950056000         4.2000000000         2.0269675798         3.8327717498        18.0290352739
        7.9000054000         4.2000000000         2.0320722335         3.8940168088        18.1620099224
        7.9050053000         4.2000000000         2.0346245604         3.9731250101        18.2284972466
        7.9100029000         4.2000000000         2.0371768872         4.0471294564        18.2949845708
        7.9150044000         4.2000000000         2.0371768872         4.1032707605        18.2949845708
        7.9200054000         4.2000000000         2.0295199066         4.1823789617        18.0955225982
        7.9250048000         4.2000000000         2.0346245604         4.2487277756        18.2284972466
        7.9300054000         4.2000000000         2.0371768872         4.3252840994        18.2949845708
        7.9350050000         4.2000000000         2.0346245604         4.3941847908        18.2284972466
        7.9400031000         4.2000000000         2.0346245604         4.4630854822        18.2284972466
        7.9450043000         4.2000000000         2.0269675798         4.5294342961        18.0290352739
        7.9500054000         4.2000000000         2.0320722335         4.6059906199        18.1620099224
        7.9550032000         4.2000000000         2.0269675798         4.6697875564        18.0290352739
        7.9600046000         4.2000000000         2.0397292141         4.7565513900        18.3614718951
        7.9650053000         4.2000000000         2.0193105992         4.8152445715        17.8295733012
        7.9700050000         4.2000000000         2.0218629261         4.8943527728        17.8960606255
        7.9750058000         4.2000000000         2.0320722335         4.9760128515        18.1620099224
        7.9800056000         4.2000000000         2.0193105992         5.0040835035        17.8295733012
        7.9850052000         4.2000000000         2.0397292141         5.0091872584        18.3614718951
        7.9900046000         4.2000000000         2.0193105992         1.1022628687        17.8295733012
        7.9950053000         4.2000000000         2.0295199066         0.0075074388        18.0955225982
        8.0000047000         4.2000000000         2.0244152529         0.0100593162        17.9625479497
        8.0050038000         4.2000000000         2.0193105992         0.0713043752        17.8295733012
        8.0100058000         4.2000000000         2.0320722335         0.1580682088        18.1620099224
        8.0150057000         4.2000000000         2.0193105992         0.2167613904        17.8295733012
        8.0200064000         4.2000000000         2.0218629261         0.2907658367        17.8960606255
        8.0250059000         4.2000000000         2.0320722335         0.3749777929        18.1620099224
        8.0300501000         4.2000000000         2.0269675798         0.4464303617        18.0290352739
        8.0350045000         4.2000000000         2.0371768872         0.5127791757        18.2949845708
        8.0400055000         4.2000000000         2.0116536186         0.5714723572        17.6301113286
        8.0450033000         4.2000000000         2.0193105992         0.6403730486        17.8295733012
        8.0500048000         4.2000000000         2.0218629261         0.7169293724        17.8960606255
        8.0550056000         4.2000000000         2.0320722335         0.7909338187        18.1620099224
        8.0600049000         4.2000000000         2.0371768872         0.8623863875        18.2949845708
        8.0650046000         4.2000000000         2.0269675798         0.9287352015        18.0290352739
        8.0700038000         4.2000000000         2.0295199066         0.9950840154        18.0955225982
        8.0750045000         4.2000000000         2.0218629261         1.0614328293        17.8960606255
        8.0800042000         4.2000000000         2.0218629261         1.1277816433        17.8960606255
        8.0850052000         4.2000000000         2.0167582724         1.1992342121        17.7630859770
        8.0900034000         4.2000000000         2.0371768872         1.2757905359        18.2949845708
        8.0950067000         4.2000000000         2.0167582724         1.3344837175        17.7630859770
        8.1000035000         4.2000000000         2.0346245604         1.4110400412        18.2284972466
        8.1050047000         4.2000000000         2.0295199066         1.4799407326        18.0955225982
        8.1100038000         4.2000000000         2.0371768872         1.5539451789        18.2949845708
        8.1150040000         4.2000000000         2.0397292141         1.6151902379        18.3614718951
        8.1200055000         4.2000000000         2.0346245604         1.6891946843        18.2284972466
        8.1250047000         4.2000000000         2.0397292141         1.7504397433        18.3614718951
        8.1300030000         4.2000000000         2.0320722335         1.8244441896        18.1620099224
        8.1350046000         4.2000000000         1.9861303501         1.8907930035        16.9652380863
        8.1400035000         4.2000000000         2.0320722335         1.9545899400        18.1620099224
        8.1450080000         4.2000000000         2.0397292141         2.0285943863        18.3614718951
        8.1500034000         4.2000000000         2.0473861946         2.1025988326        18.5609338677
        8.1550046000         4.2000000000         2.0346245604         2.1663957691        18.2284972466
        8.1600045000         4.2000000000         2.0448338678         2.2455039703        18.4944465435
        8.1650045000         4.2000000000         2.0371768872         2.3067490293        18.2949845708
        8.1700048000         4.2000000000         2.0371768872         2.3782015982        18.2949845708
        8.1750059000         4.2000000000         2.0473861946         2.4496541670        18.5609338677
        8.1800034000         4.2000000000         2.0371768872         2.5108992261        18.2949845708
        8.1850066000         4.2000000000         2.0422815409         2.5976630597        18.4279592193
        8.1900176000         4.2000000000         2.0244152529         2.6512524863        17.9625479497
        8.1950053000         4.2000000000         2.0371768872         2.7303606875        18.2949845708
        8.2000058000         4.2000000000         2.0269675798         2.7916057465        18.0290352739
        8.2050050000         4.2000000000         2.0371768872         2.8707139478        18.2949845708
        8.2100058000         4.2000000000         2.0422815409         2.9319590068        18.4279592193
        8.2150068000         4.2000000000         2.0269675798         3.0085153306        18.0290352739
        8.2200042000         4.2000000000         2.0269675798         3.0774160220        18.0290352739
        8.2250068000         4.2000000000         2.0448338678         3.1412129584        18.4944465435
        8.2300051000         4.2000000000         2.0371768872         3.2177692822        18.2949845708
        8.2350061000         4.2000000000         2.0473861946         3.2866699736        18.5609338677
        8.2400044000         4.2000000000         2.0422815409         3.3632262974        18.4279592193
        8.2450045000         4.2000000000         2.0397292141         3.4346788662        18.3614718951
        8.2500059000         4.2000000000         2.0218629261         3.4959239252        17.8960606255
        8.2550038000         4.2000000000         2.0295199066         3.5571689842        18.0955225982
        8.2600060000         4.2000000000         2.0295199066         3.6413809404        18.0955225982
        8.2650064000         4.2000000000         2.0295199066         3.7102816318        18.0955225982
        8.2700071000         4.2000000000         2.0397292141         3.7817342006        18.3614718951
        8.2750052000         4.2000000000         2.0397292141         3.8531867695        18.3614718951
        8.2800064000         4.2000000000         1.9988919844         3.9169837060        17.2976747074
        8.2850063000         4.2000000000         2.0218629261         3.9858843974        17.8960606255
        8.2901505000         4.2000000000         2.0295199066         4.0624407211        18.0955225982
        8.2950045000         4.2000000000         2.0371768872         4.1160301478        18.2949845708
        8.3000044000         4.2000000000         2.0295199066         4.1951383490        18.0955225982
        8.3050047000         4.2000000000         2.0397292141         4.2716946728        18.3614718951
        8.3100046000         4.2000000000         2.0269675798         4.3354916092        18.0290352739
        8.3150034000         4.2000000000         2.0397292141         4.4069441781        18.3614718951
        8.3200057000         4.2000000000         2.0320722335         4.4707411146        18.1620099224
        8.3250051000         4.2000000000         2.0218629261         4.5498493158        17.8960606255
        8.3300064000         4.2000000000         2.0371768872         4.6238537621        18.2949845708
        8.3350063000         4.2000000000         2.0218629261         4.6902025760        17.8960606255
        8.3400058000         4.2000000000         2.0295199066         4.7616551449        18.0955225982
        8.3450071000         4.2000000000         2.0499385215         4.8433152236        18.6274211920
        8.3500063000         4.2000000000         2.0167582724         4.9020084051        17.7630859770
        8.3550073000         4.2000000000         2.0448338678         4.9862203613        18.4944465435
        8.3600067000         4.2000000000         2.0295199066         5.0066353810        18.0955225982
        8.3650049000         4.2000000000         2.0193105992         4.9989797486        17.8295733012
        8.3700073000         4.2000000000         2.0346245604        -0.0027000711        18.2284972466
        8.3750046000         4.2000000000         2.0295199066         0.0100593162        18.0955225982
        8.3800057000         4.2000000000         2.0218629261         0.0228187035        17.8960606255
        8.3850060000         4.2000000000         2.0346245604         0.0942712724        18.2284972466
        8.3900064000         4.2000000000         2.0065489649         0.1631719638        17.4971366801
        8.3950144000         4.2000000000         2.0269675798         0.2397282875        18.0290352739
        8.4000125000         4.2000000000         2.0193105992         0.3086289789        17.8295733012
        8.4050059000         4.2000000000         2.0244152529         0.3800815478        17.9625479497
        8.4100074000         4.2000000000         2.0269675798         0.4489822392        18.0290352739
        8.4150094000         4.2000000000         2.0244152529         0.5229866855        17.9625479497
        8.4200076000         4.2000000000         2.0167582724         0.5842317445        17.7630859770
        8.4250068000         4.2000000000         2.0244152529         0.6556843134        17.9625479497
        8.4300065000         4.2000000000         2.0167582724         0.7245850047        17.7630859770
        8.4350042000         4.2000000000         2.0269675798         0.8036932060        18.0290352739
        8.4400075000         4.2000000000         2.0346245604         0.8751457748        18.2284972466
        8.4450095000         4.2000000000         2.0116536186         0.9338389564        17.6301113286
        8.4500073000         4.2000000000         2.0218629261         1.0078434027        17.8960606255
        8.4550053000         4.2000000000         2.0448338678         1.0869516039        18.4944465435
        8.4600068000         4.2000000000         2.0371768872         1.1584041728        18.2949845708
        8.4650047000         4.2000000000         2.0193105992         1.2145454769        17.8295733012
        8.4700089000         4.2000000000         2.0346245604         1.2859980457        18.2284972466
        8.4750067000         4.2000000000         2.0320722335         1.3497949822        18.1620099224
        8.4800086000         4.2000000000         2.0422815409         1.4314550609        18.4279592193
        8.4850072000         4.2000000000         2.0371768872         1.4927001199        18.2949845708
        8.4900070000         4.2000000000         2.0397292141         1.5667045662        18.3614718951
        8.4950075000         4.2000000000         2.0371768872         1.6356052576        18.2949845708
        8.5000061000         4.2000000000         2.0218629261         1.6942984392        17.8960606255
        8.5050069000         4.2000000000         2.0448338678         1.7734066404        18.4944465435
        8.5100125000         4.2000000000         2.0524908483         1.8474110867        18.6939085162
        8.5150055000         4.2000000000         2.0397292141         1.9137599006        18.3614718951
        8.5200103000         4.2000000000         2.0371768872         1.9801087146        18.2949845708
        8.5250062000         4.2000000000         2.0499385215         2.0566650383        18.6274211920
        8.5300052000         4.2000000000         2.0371768872         2.1153582199        18.2949845708
        8.5350061000         4.2000000000         2.0473861946         2.1893626662        18.5609338677
        8.5400038000         4.2000000000         2.0473861946         2.2608152351        18.5609338677
        8.5450046000         4.2000000000         2.0448338678         2.3424753138        18.4944465435
        8.5500053000         4.2000000000         2.0244152529         2.3986166179        17.9625479497
        8.5550077000         4.2000000000         2.0448338678         2.4751729416        18.4944465435
        8.5600046000         4.2000000000         2.0397292141         2.5466255105        18.3614718951
        8.5650048000         4.2000000000         2.0320722335         2.6104224470        18.1620099224
        8.5700026000         4.2000000000         2.0601478289         2.6920825256        18.8933704889
        8.5750047000         4.2000000000         2.0269675798         2.7533275847        18.0290352739
        8.5800051000         4.2000000000         2.0422815409         2.8273320310        18.4279592193
        8.5850047000         4.2000000000         2.0422815409         2.8962327224        18.4279592193
        8.5900161000         4.2000000000         2.0422815409         2.9676852912        18.4279592193
        8.5950048000         4.2000000000         2.0499385215         3.0467934924        18.6274211920
        8.6000054000         4.2000000000         2.0422815409         3.1080385515        18.4279592193
        8.6050047000         4.2000000000         2.0550431752         3.1871467527        18.7603958404
        8.6100060000         4.2000000000         2.0091012918         3.2509436892        17.5636240043
        8.6150048000         4.2000000000         2.0371768872         3.3198443806        18.2949845708
        8.6200041000         4.2000000000         2.0550431752         3.3836413170        18.7603958404
        8.6250057000         4.2000000000         2.0295199066         3.4550938859        18.0955225982
        8.6300050000         4.2000000000         2.0422815409         3.5316502097        18.4279592193
        8.6350070000         4.2000000000         2.0550431752         3.6082065334        18.7603958404
        8.6402936000         4.2000000000         2.0397292141         3.6796591023        18.3614718951
        8.6450054000         4.2000000000         2.0422815409         3.7358004064        18.4279592193
        8.6500093000         4.2000000000         2.0422815409         3.8149086076        18.4279592193
        8.6550063000         4.2000000000         2.0499385215         3.8940168088        18.6274211920
        8.6600137000         4.2000000000         2.0422815409         3.9527099904        18.4279592193
        8.6650053000         4.2000000000         2.0371768872         4.0267144367        18.2949845708
        8.6700166000         4.2000000000         2.0371768872         4.0930632506        18.2949845708
        8.6750051000         4.2000000000         2.0346245604         4.1594120646        18.2284972466
        8.6800069000         4.2000000000         2.0371768872         4.2385202658        18.2949845708
        8.6850045000         4.2000000000         2.0473861946         4.3150765896        18.5609338677
        8.6900051000         4.2000000000         2.0295199066         4.3737697711        18.0955225982
        8.6950039000         4.2000000000         2.0371768872         4.4426704625        18.2949845708
        8.7000051000         4.2000000000         2.0397292141         4.5217786637        18.3614718951
        8.7050060000         4.2000000000         2.0499385215         4.6008868650        18.6274211920
        8.7100047000         4.2000000000         2.0397292141         4.6748913113        18.3614718951
        8.7150050000         4.2000000000         2.0320722335         4.7335844928        18.1620099224
        8.7200062000         4.2000000000         2.0269675798         4.8101408166        18.0290352739
        8.7250051000         4.2000000000         2.0346245604         4.8790415080        18.2284972466
        8.7300053000         4.2000000000         2.0473861946         4.9658053416        18.5609338677
        8.7350042000         4.2000000000         2.0167582724         5.0015316260        17.7630859770
        8.7400047000         4.2000000000         2.0269675798         5.0040835035        18.0290352739
        8.7450042000         4.2000000000         2.0422815409         1.1150222560        18.4279592193
        8.7500314000         4.2000000000         2.0269675798         0.0049555613        18.0290352739
        8.7550050000         4.2000000000         2.0244152529        -0.0001481936        17.9625479497
        8.7600061000         4.2000000000         2.0269675798         0.0662006203        18.0290352739
        8.7650067000         4.2000000000         2.0167582724         0.1453088216        17.7630859770
        8.7700063000         4.2000000000         2.0244152529         0.2116576355        17.9625479497
        8.7750068000         4.2000000000         2.0269675798         0.2907658367        18.0290352739
        8.7800073000         4.2000000000         2.0320722335         0.3673221605        18.1620099224
        8.7850069000         4.2000000000         2.0269675798         0.4311190970        18.0290352739
        8.7900082000         4.2000000000         2.0244152529         0.5025716658        17.9625479497
        8.7950068000         4.2000000000         2.0269675798         0.5791279896        18.0290352739
        8.8000076000         4.2000000000         2.0218629261         0.6352692937        17.8960606255
        8.8050044000         4.2000000000         2.0116536186         0.7118256175        17.6301113286
        8.8100107000         4.2000000000         2.0371768872         0.7781744314        18.2949845708
        8.8150107000         4.2000000000         2.0218629261         0.8572826326        17.8960606255
        8.8200061000         4.2000000000         2.0295199066         0.9287352015        18.0955225982
        8.8250046000         4.2000000000         2.0295199066         0.9899802605        18.0955225982
        8.8300065000         4.2000000000         2.0371768872         1.0690884617        18.2949845708
        8.8350072000         4.2000000000         2.0320722335         1.1201260109        18.1620099224
        8.8400051000         4.2000000000         2.0320722335         1.1992342121        18.1620099224
        8.8450056000         4.2000000000         2.0218629261         1.2681349035        17.8960606255
        8.8500048000         4.2000000000         2.0193105992         1.3268280851        17.8295733012
        8.8550060000         4.2000000000         2.0371768872         1.4059362863        18.2949845708
        8.8600048000         4.2000000000         2.0295199066         1.4722851002        18.0955225982
        8.8650044000         4.2000000000         2.0346245604         1.5462895465        18.2284972466
        8.8700051000         4.2000000000         2.0269675798         1.6049827281        18.0290352739
        8.8750058000         4.2000000000         2.0320722335         1.6815390519        18.1620099224
        8.8800047000         4.2000000000         2.0448338678         1.7580953756        18.4944465435
        8.8850097000         4.2000000000         2.0346245604         1.8218923121        18.2284972466
        8.8900050000         4.2000000000         2.0371768872         1.8831373711        18.2949845708
        8.8950055000         4.2000000000         2.0397292141         1.9545899400        18.3614718951
        8.9000040000         4.2000000000         2.0448338678         2.0285943863        18.4944465435
        8.9050050000         4.2000000000         2.0346245604         2.0923913228        18.2284972466
        8.9100035000         4.2000000000         2.0193105992         2.1587401367        17.8295733012
        8.9150043000         4.2000000000         2.0397292141         2.2276408281        18.3614718951
        8.9200053000         4.2000000000         2.0397292141         2.3041971519        18.3614718951
        8.9250046000         4.2000000000         2.0244152529         2.3705459658        17.9625479497
        8.9300028000         4.2000000000         2.0346245604         2.4368947797        18.2284972466
        8.9350046000         4.2000000000         2.0371768872         2.5134511035        18.2949845708
        8.9400029000         4.2000000000         2.0320722335         2.5849036724        18.1620099224
        8.9450028000         4.2000000000         2.0499385215         2.6538043638        18.6274211920
        8.9500052000         4.2000000000         2.0397292141         2.7278088101        18.3614718951
        8.9550052000         4.2000000000         2.0320722335         2.7992613789        18.1620099224
        8.9602956000         4.2000000000         2.0524908483         2.8732658252        18.6939085162
        8.9650046000         4.2000000000         2.0422815409         2.9370627617        18.4279592193
        8.9700028000         4.2000000000         2.0371768872         3.0059634531        18.2949845708
        8.9750047000         4.2000000000         2.0499385215         3.0799678994        18.6274211920
        8.9800031000         4.2000000000         2.0397292141         3.1437648359        18.3614718951
        8.9850046000         4.2000000000         2.0448338678         3.2203211597        18.4944465435
        8.9900082000         4.2000000000         2.0499385215         3.2943256060        18.6274211920
        8.9950047000         4.2000000000         2.0346245604         3.3581225424        18.2284972466
        9.0000034000         4.2000000000         2.0524908483         3.4270232338        18.6939085162
        9.0050058000         4.2000000000         2.0448338678         3.5061314351        18.4944465435
        9.0100046000         4.2000000000         2.0397292141         3.5750321265        18.3614718951
        9.0150024000         4.2000000000         2.0448338678         3.6388290629        18.4944465435
        9.0200022000         4.2000000000         2.0244152529         3.7026259994        17.9625479497
        9.0250024000         4.2000000000         2.0397292141         3.7689748133        18.3614718951
        9.0300020000         4.2000000000         2.0371768872         3.8480830146        18.2949845708
        9.0350048000         4.2000000000         2.0422815409         3.9271912158        18.4279592193
        9.0400050000         4.2000000000         2.0346245604         3.9909881523        18.2284972466
        9.0450043000         4.2000000000         2.0346245604         4.0573369662        18.2284972466
        9.0500062000         4.2000000000         2.0346245604         4.1185820252        18.2284972466
        9.0550052000         4.2000000000         2.0397292141         4.2027939814        18.3614718951
        9.0600063000         4.2000000000         2.0346245604         4.2614871629        18.2284972466
        9.0650038000         4.2000000000         2.0320722335         4.3405953642        18.1620099224
        9.0700064000         4.2000000000         2.0218629261         4.4043923006        17.8960606255
        9.0750041000         4.2000000000         2.0499385215         4.4911561342        18.6274211920
        9.0800062000         4.2000000000         2.0269675798         4.5524011933        18.0290352739
        9.0850056000         4.2000000000         2.0371768872         4.6238537621        18.2949845708
        9.0900063000         4.2000000000         2.0371768872         4.6978582084        18.2949845708
        9.0950062000         4.2000000000         2.0142059455         4.7667588998        17.6965986528
        9.1000058000         4.2000000000         2.0295199066         4.8356595912        18.0955225982
        9.1050081000         4.2000000000         2.0422815409         4.9198715474        18.4279592193
        9.1100064000         4.2000000000         2.0346245604         4.9913241162        18.2284972466
        9.1150043000         4.2000000000         2.0371768872         5.0066353810        18.2949845708
        9.1200060000         4.2000000000         2.0295199066         4.9862203613        18.0955225982
        9.1250124000         4.2000000000         2.0346245604         0.0075074388        18.2284972466
        9.1300062000         4.2000000000         2.0193105992        -0.0052519485        17.8295733012
        9.1350064000         4.2000000000         2.0371768872         0.0381299683        18.2949845708
        9.1400139000         4.2000000000         2.0295199066         0.1044787822        18.0955225982
        9.1450093000         4.2000000000         2.0244152529         0.1733794736        17.9625479497
        9.1500075000         4.2000000000         2.0269675798         0.2473839199        18.0290352739
        9.1550062000         4.2000000000         2.0244152529         0.3188364888        17.9625479497
        9.1600061000         4.2000000000         2.0269675798         0.3877371802        18.0290352739
        9.1650040000         4.2000000000         2.0320722335         0.4668453814        18.1620099224
        9.1700072000         4.2000000000         2.0320722335         0.5229866855        18.1620099224
        9.1750051000         4.2000000000         2.0193105992         0.6020948867        17.8295733012
        9.1800065000         4.2000000000         2.0193105992         0.6607880683        17.8295733012
        9.1850070000         4.2000000000         2.0244152529         0.7424481470        17.9625479497
        9.1900068000         4.2000000000         2.0346245604         0.8036932060        18.2284972466
        9.1950043000         4.2000000000         2.0244152529         0.8725938974        17.9625479497
        9.2000059000         4.2000000000         2.0371768872         0.9593577310        18.2949845708
        9.2050326000         4.2000000000         2.0244152529         1.0180509125        17.9625479497
        9.2100060000         4.2000000000         2.0244152529         1.0869516039        17.9625479497
        9.2150057000         4.2000000000         2.0320722335         1.1609560502        18.1620099224
        9.2200057000         4.2000000000         2.0320722335         1.2298567416        18.1620099224
        9.2250060000         4.2000000000         2.0397292141         1.3038611879        18.3614718951
        9.2300048000         4.2000000000         2.0371768872         1.3727618793        18.2949845708
        9.2350063000         4.2000000000         2.0295199066         1.4340069384        18.0955225982
        9.2400038000         4.2000000000         2.0269675798         1.4978038748        18.0290352739
        9.2450101000         4.2000000000         2.0346245604         1.5718083211        18.2284972466
        9.2500071000         4.2000000000         2.0397292141         1.6381571351        18.3614718951
        9.2550063000         4.2000000000         2.0371768872         1.7096097039        18.2949845708
        9.2600047000         4.2000000000         2.0320722335         1.7759585179        18.1620099224
        9.2650059000         4.2000000000         2.0371768872         1.8397554543        18.2949845708
        9.2700033000         4.2000000000         2.0244152529         1.9112080232        17.9625479497
        9.2750046000         4.2000000000         2.0422815409         1.9877643470        18.4279592193
        9.2800055000         4.2000000000         2.0346245604         2.0541131609        18.2284972466
        9.2850046000         4.2000000000         2.0320722335         2.1281176072        18.1620099224
        9.2900028000         4.2000000000         2.0397292141         2.1919145437        18.3614718951
        9.2950051000         4.2000000000         2.0346245604         2.2684708674        18.2284972466
        9.3000057000         4.2000000000         2.0371768872         2.3373715588        18.2949845708
        9.3050047000         4.2000000000         2.0397292141         2.4037203728        18.3614718951
        9.3100038000         4.2000000000         2.0422815409         2.4777248191        18.4279592193
        9.3150051000         4.2000000000         2.0346245604         2.5466255105        18.2284972466
        9.3200042000         4.2000000000         2.0371768872         2.6206299568        18.2949845708
        9.3250045000         4.2000000000         2.0397292141         2.6818750158        18.3614718951
        9.3300029000         4.2000000000         2.0448338678         2.7660869720        18.4944465435
        9.3350046000         4.2000000000         2.0346245604         2.8222282761        18.2284972466
        9.3400057000         4.2000000000         2.0422815409         2.9038883547        18.4279592193
        9.3450050000         4.2000000000         2.0422815409         2.9676852912        18.4279592193
        9.3500043000         4.2000000000         2.0448338678         3.0416897375        18.4944465435
        9.3550026000         4.2000000000         2.0397292141         3.1080385515        18.3614718951
        9.3600036000         4.2000000000         2.0601478289         3.1871467527        18.8933704889
        9.3650046000         4.2000000000         2.0091012918         3.2509436892        17.5636240043
        9.3700053000         4.2000000000         2.0269675798         3.3172925031        18.0290352739
        9.3750088000         4.2000000000         2.0575955021         3.3938488269        18.8268831647
        9.3800031000         4.2000000000         2.0422815409         3.4653013957        18.4279592193
        9.3850047000         4.2000000000         2.0422815409         3.5290983322        18.4279592193
        9.3900055000         4.2000000000         2.0473861946         3.6082065334        18.5609338677
        9.3950051000         4.2000000000         2.0397292141         3.6720034699        18.3614718951
        9.4000038000         4.2000000000         2.0422815409         3.7485597937        18.4279592193
        9.4050048000         4.2000000000         2.0295199066         3.8098048527        18.0955225982
        9.4100035000         4.2000000000         2.0550431752         3.8838092990        18.7603958404
        9.4150063000         4.2000000000         2.0295199066         3.9552618679        18.0955225982
        9.4200034000         4.2000000000         2.0320722335         4.0216106818        18.1620099224
        9.4250048000         4.2000000000         2.0371768872         4.0930632506        18.2949845708
        9.4300050000         4.2000000000         2.0448338678         4.1670676969        18.4944465435
        9.4350047000         4.2000000000         2.0524908483         4.2385202658        18.6939085162
        9.4401241000         4.2000000000         2.0320722335         4.3023172023        18.1620099224
        9.4450035000         4.2000000000         2.0320722335         4.3737697711        18.1620099224
        9.4500046000         4.2000000000         2.0346245604         4.4477742174        18.2284972466
        9.4550034000         4.2000000000         2.0295199066         4.5166749088        18.0955225982
        9.4600038000         4.2000000000         2.0371768872         4.5906793551        18.2949845708
        9.4650049000         4.2000000000         2.0371768872         4.6621319240        18.2949845708
        9.4700049000         4.2000000000         2.0244152529         4.7310326154        17.9625479497
        9.4750060000         4.2000000000         2.0397292141         4.8152445715        18.3614718951
        9.4800053000         4.2000000000         2.0218629261         4.8739377531        17.8960606255
        9.4850029000         4.2000000000         2.0346245604         4.9555978318        18.2284972466
        9.4900043000         4.2000000000         2.0269675798         5.0040835035        18.0290352739
        9.4950027000         4.2000000000         2.0346245604         5.0040835035        18.2284972466
        9.5000019000         4.2000000000         2.0193105992         1.1048147461        17.8295733012
        9.5050041000         4.2000000000         2.0269675798         0.0024036839        18.0290352739
        9.5100018000         4.2000000000         2.0269675798        -0.0001481936        18.0290352739
        9.5150023000         4.2000000000         2.0244152529         0.0687524978        17.9625479497
        9.5200055000         4.2000000000         2.0346245604         0.1427569441        18.2284972466
        9.5250037000         4.2000000000         2.0244152529         0.2091057580        17.9625479497
        9.5300019000         4.2000000000         1.9988919844         0.2780064494        17.2976747074
        9.5350059000         4.2000000000         2.0218629261         0.3494590183        17.8960606255
        9.5400031000         4.2000000000         2.0193105992         0.4311190970        17.8295733012
        9.5450023000         4.2000000000         2.0346245604         0.4974679109        18.2284972466
        9.5500041000         4.2000000000         2.0244152529         0.5561610925        17.9625479497
        9.5550043000         4.2000000000         2.0295199066         0.6378211711        18.0955225982
        9.5600032000         4.2000000000         2.0320722335         0.7067218625        18.1620099224
        9.5650021000         4.2000000000         2.0193105992         0.7654150441        17.8295733012
        9.5700041000         4.2000000000         2.0193105992         0.8419713679        17.8295733012
        9.5750053000         4.2000000000         2.0295199066         0.9134239367        18.0955225982
        9.5800043000         4.2000000000         2.0269675798         0.9823246281        18.0290352739
        9.5850036000         4.2000000000         2.0218629261         1.0512253195        17.8960606255
        9.5900025000         4.2000000000         2.0295199066         1.1277816433        18.0955225982
        9.5950026000         4.2000000000         2.0167582724         1.1813710699        17.7630859770
        9.6000040000         4.2000000000         2.0397292141         1.2630311486        18.3614718951
        9.6050025000         4.2000000000         2.0295199066         1.3242762076        18.0955225982
        9.6100020000         4.2000000000         2.0244152529         1.3880731441        17.9625479497
        9.6150021000         4.2000000000         2.0269675798         1.4646294679        18.0290352739
        9.6200012000         4.2000000000         2.0371768872         1.5360820367        18.2949845708
        9.6250041000         4.2000000000         2.0295199066         1.6024308506        18.0955225982
        9.6300051000         4.2000000000         2.0244152529         1.6687796646        17.9625479497
        9.6350039000         4.2000000000         2.0371768872         1.7351284785        18.2949845708
        9.6400024000         4.2000000000         2.0320722335         1.8065810474        18.1620099224
        9.6450595000         4.2000000000         2.0244152529         1.8678261064        17.9625479497
        9.6500047000         4.2000000000         2.0269675798         1.9418305527        18.0290352739
        9.6550059000         4.2000000000         2.0320722335         2.0030756117        18.1620099224
        9.6600040000         4.2000000000         2.0371768872         2.0796319355        18.2949845708
        9.6650933000         4.2000000000         2.0397292141         2.1587401367        18.3614718951
        9.6700052000         4.2000000000         2.0346245604         2.2199851957        18.2284972466
        9.6750048000         4.2000000000         2.0346245604         2.2888858871        18.2284972466
        9.6800036000         4.2000000000         2.0371768872         2.3679940883        18.2949845708
        9.6850016000         4.2000000000         2.0448338678         2.4266872699        18.4944465435
        9.6900028000         4.2000000000         2.0295199066         2.4955879613        18.0955225982
        9.6950033000         4.2000000000         2.0397292141         2.5746961625        18.3614718951
        9.7000055000         4.2000000000         2.0320722335         2.6410449765        18.1620099224
        9.7050057000         4.2000000000         2.0371768872         2.7073937904        18.2949845708
        9.7100039000         4.2000000000         2.0397292141         2.7711907269        18.3614718951
        9.7150050000         4.2000000000         2.0346245604         2.8502989281        18.2284972466
        9.7200036000         4.2000000000         2.0371768872         2.9140958646        18.2949845708
        9.7250018000         4.2000000000         2.0371768872         2.9881003109        18.2949845708
        9.7300054000         4.2000000000         2.0320722335         3.0544491248        18.1620099224
        9.7350039000         4.2000000000         2.0397292141         3.1310054486        18.3614718951
        9.7400025000         4.2000000000         2.0397292141         3.1948023851        18.3614718951
        9.7450034000         4.2000000000         2.0167582724         3.2764624638        17.7630859770
        9.7500033000         4.2000000000         2.0320722335         3.3402594002        18.1620099224
        9.7550057000         4.2000000000         2.0371768872         3.4040563367        18.2949845708
        9.7600047000         4.2000000000         2.0295199066         3.4780607830        18.0955225982
        9.7650029000         4.2000000000         2.0295199066         3.5495133519        18.0955225982
        9.7700054000         4.2000000000         2.0422815409         3.6158621658        18.4279592193
        9.7750048000         4.2000000000         2.0320722335         3.6949703670        18.1620099224
        9.7800026000         4.2000000000         2.0346245604         3.7613191810        18.2284972466
        9.7850018000         4.2000000000         2.0397292141         3.8404273822        18.3614718951
        9.7900407000         4.2000000000         2.0422815409         3.9067761961        18.4279592193
        9.7950024000         4.2000000000         2.0397292141         3.9654693777        18.3614718951
        9.8000043000         4.2000000000         2.0320722335         4.0394738240        18.1620099224
        9.8050051000         4.2000000000         2.0346245604         4.1058226379        18.2284972466
        9.8100036000         4.2000000000         2.0295199066         4.1798270842        18.0955225982
        9.8150045000         4.2000000000         2.0397292141         4.2538315306        18.3614718951
        9.8200029000         4.2000000000         2.0346245604         4.3125247121        18.2284972466
        9.8250048000         4.2000000000         2.0448338678         4.3967366683        18.4944465435
        9.8300035000         4.2000000000         2.0397292141         4.4630854822        18.3614718951
        9.8350060000         4.2000000000         2.0244152529         4.5319861736        17.9625479497
        9.8401599000         4.2000000000         2.0397292141         4.6008868650        18.3614718951
        9.8450053000         4.2000000000         2.0346245604         4.6799950662        18.2284972466
        9.8500030000         4.2000000000         2.0371768872         4.7488957576        18.2949845708
        9.8550041000         4.2000000000         2.0346245604         4.8152445715        18.2284972466
        9.8600048000         4.2000000000         2.0371768872         4.8969046502        18.2949845708
        9.8650040000         4.2000000000         2.0269675798         4.9658053416        18.0290352739
        9.8700022000         4.2000000000         2.0244152529         5.0015316260        17.9625479497
        9.8750051000         4.2000000000         2.0167582724         4.9964278711        17.7630859770
        9.8800047000         4.2000000000         2.0473861946         1.1073666236        18.5609338677
        9.8850036000         4.2000000000         2.0116536186        -0.0027000711        17.6301113286
        9.8900029000         4.2000000000         1.9988919844         0.0126111937        17.2976747074
        9.8950052000         4.2000000000         2.0397292141         0.0840637625        18.3614718951
        9.9000058000         4.2000000000         2.0167582724         0.1453088216        17.7630859770
        9.9050041000         4.2000000000         2.0244152529         0.2244170228        17.9625479497
        9.9100015000         4.2000000000         2.0397292141         0.3009733466        18.3614718951
        9.9150054000         4.2000000000         2.0295199066         0.3724259154        18.0955225982
        9.9200047000         4.2000000000         2.0320722335         0.4413266068        18.1620099224
        9.9250044000         4.2000000000         2.0193105992         0.5051235433        17.8295733012
        9.9300024000         4.2000000000         2.0193105992         0.5740242347        17.8295733012
        9.9350038000         4.2000000000         2.0320722335         0.6454768035        18.1620099224
        9.9400047000         4.2000000000         2.0116536186         0.7092737400        17.6301113286
        9.9450044000         4.2000000000         2.0295199066         0.7883819412        18.0955225982
        9.9500032000         4.2000000000         2.0269675798         0.8623863875        18.0290352739
        9.9550028000         4.2000000000         2.0193105992         0.9210795691        17.8295733012
        9.9600033000         4.2000000000         2.0244152529         0.9874283830        17.9625479497
        9.9650039000         4.2000000000         2.0244152529         1.0588809519        17.9625479497
        9.9700050000         4.2000000000         2.0193105992         1.1328853982        17.8295733012
        9.9750031000         4.2000000000         2.0244152529         1.2094417220        17.9625479497
        9.9800029000         4.2000000000         2.0371768872         1.2757905359        18.2949845708
        9.9850036000         4.2000000000         2.0320722335         1.3370355949        18.1620099224
        9.9900023000         4.2000000000         2.0295199066         1.4084881638        18.0955225982
        9.9950037000         4.2000000000         2.0193105992         1.4697332228        17.8295733012
