% Motor Sweep Step 32/50
% Vcmd       = 0.9000 [V]
% Direction  = CCW
% Vg_offset  = 1.334866 [V]
% K_gimbal   = 26.049690 [(rad/s)/V]

Time[s]              Vcmd[V]              Vg_raw[V]            Pot[V]               Omega[rad/s]
        0.0000087000         0.9000000000         1.3352870017         4.6442687818         0.0109704085
        0.0050858000         0.9000000000         1.3352870017         4.6442687818         0.0109704085
        0.0100056000         0.9000000000         1.3480486360         4.6544762916         0.3434070296
        0.0150060000         0.9000000000         1.2204322931         4.6468206592        -2.9809591817
        0.0200057000         0.9000000000         1.0136938178         4.6161981297        -8.3664324441
        0.0250071000         0.9000000000         1.1208915457         4.5881274777        -5.5739648265
        0.0300071000         0.9000000000         1.0264554521         4.5626087031        -8.0339958229
        0.0350048000         0.9000000000         0.9396763389         4.5268824187       -10.2945648466
        0.0400053000         0.9000000000         1.0187984715         4.4962598892        -8.2334577956
        0.0450055000         0.9000000000         0.9371240121         4.4503260949       -10.3610521709
        0.0500067000         0.9000000000         0.8937344555         4.4120479330       -11.4913366827
        0.0550069000         0.9000000000         0.9320193584         4.3686660162       -10.4940268193
        0.0600085000         0.9000000000         0.8784204944         4.3201803445       -11.8902606281
        0.0650050000         0.9000000000         0.8758681675         4.2716946728       -11.9567479523
        0.0700044000         0.9000000000         0.8656588601         4.2206571236       -12.2226972492
        0.0750057000         0.9000000000         0.8375832647         4.1772752068       -12.9540578157
        0.0800044000         0.9000000000         0.8554495527         4.1287895351       -12.4886465461
        0.0850049000         0.9000000000         0.8350309378         4.0803038633       -13.0205451399
        0.0900033000         0.9000000000         0.8248216304         4.0369219465       -13.2864944368
        0.0950055000         0.9000000000         0.8222693035         3.9756768875       -13.3529817611
        0.1000051000         0.9000000000         0.8273739573         3.9373987256       -13.2200071126
        0.1050074000         0.9000000000         0.8018506887         3.8736017892       -13.8848803549
        0.1100047000         0.9000000000         0.8248216304         3.8302198724       -13.2864944368
        0.1150073000         0.9000000000         0.7890890544         3.7715266908       -14.2173169760
        0.1200050000         0.9000000000         0.7890890544         3.7102816318       -14.2173169760
        0.1250076000         0.9000000000         0.7967460350         3.6592440826       -14.0178550033
        0.1301445000         0.9000000000         0.7814320738         3.6082065334       -14.4167789487
        0.1350072000         0.9000000000         0.7890890544         3.5495133519       -14.2173169760
        0.1400071000         0.9000000000         0.7635657858         3.4882682929       -14.8821902183
        0.1450059000         0.9000000000         0.7763274201         3.4372307437       -14.5497535971
        0.1500049000         0.9000000000         0.7635657858         3.3759856847       -14.8821902183
        0.1550069000         0.9000000000         0.7635657858         3.3198443806       -14.8821902183
        0.1600058000         0.9000000000         0.7559088053         3.2688068314       -15.0816521910
        0.1650060000         0.9000000000         0.7559088053         3.2024580174       -15.0816521910
        0.1700059000         0.9000000000         0.7405948441         3.1539723457       -15.4805761363
        0.1750039000         0.9000000000         0.7610134590         3.1029347965       -14.9486775425
        0.1800044000         0.9000000000         0.7508041516         3.0314822277       -15.2146268394
        0.1850047000         0.9000000000         0.7354901904         2.9829965560       -15.6135507848
        0.1900052000         0.9000000000         0.7405948441         2.9115439871       -15.4805761363
        0.1950041000         0.9000000000         0.7380425173         2.8554026830       -15.5470634605
        0.2000035000         0.9000000000         0.7329378636         2.7916057465       -15.6800381090
        0.2050154000         0.9000000000         0.7508041516         2.7405681974       -15.2146268394
        0.2100038000         0.9000000000         0.7278332099         2.6844268933       -15.8130127575
        0.2150053000         0.9000000000         0.7456994979         2.6231818342       -15.3476014879
        0.2200033000         0.9000000000         0.7405948441         2.5568330203       -15.4805761363
        0.2250069000         0.9000000000         0.7252808830         2.4981398388       -15.8795000817
        0.2300038000         0.9000000000         0.7201762293         2.4343429023       -16.0124747301
        0.2350074000         0.9000000000         0.7252808830         2.3679940883       -15.8795000817
        0.2400049000         0.9000000000         0.7074145950         2.3067490293       -16.3449113513
        0.2450056000         0.9000000000         0.7227285561         2.2531596027       -15.9459874059
        0.2500046000         0.9000000000         0.7278332099         2.1893626662       -15.8130127575
        0.2550039000         0.9000000000         0.6869959802         2.1281176072       -16.8768099451
        0.2600047000         0.9000000000         0.7074145950         2.0668725482       -16.3449113513
        0.2650051000         0.9000000000         0.7227285561         2.0107312441       -15.9459874059
        0.2700055000         0.9000000000         0.7023099413         1.9367267978       -16.4778859997
        0.2750061000         0.9000000000         0.7074145950         1.8754817388       -16.3449113513
        0.2800069000         0.9000000000         0.7099669219         1.8269960670       -16.2784240270
        0.2850054000         0.9000000000         0.7023099413         1.7529916207       -16.4778859997
        0.2900045000         0.9000000000         0.6921006339         1.6917465617       -16.7438352966
        0.2950050000         0.9000000000         0.6895483070         1.6330533802       -16.8103226209
        0.3000064000         0.9000000000         0.6895483070         1.5692564437       -16.8103226209
        0.3050032000         0.9000000000         0.6895483070         1.4978038748       -16.8103226209
        0.3100049000         0.9000000000         0.6921006339         1.4442144482       -16.7438352966
        0.3150041000         0.9000000000         0.6895483070         1.3676581244       -16.8103226209
        0.3200055000         0.9000000000         0.6921006339         1.3217243302       -16.7438352966
        0.3250073000         0.9000000000         0.6665773653         1.2400642515       -17.4087085389
        0.3300048000         0.9000000000         0.6818913264         1.1737154375       -17.0097845935
        0.3350033000         0.9000000000         0.6869959802         1.1124703785       -16.8768099451
        0.3400045000         0.9000000000         0.6895483070         1.0563290744       -16.8103226209
        0.3450031000         0.9000000000         0.6793389996         0.9950840154       -17.0762719178
        0.3500051000         0.9000000000         0.6793389996         0.9185276916       -17.0762719178
        0.3550043000         0.9000000000         0.6742343459         0.8521788777       -17.2092465662
        0.3600047000         0.9000000000         0.6869959802         0.7832781863       -16.8768099451
        0.3650042000         0.9000000000         0.6869959802         0.7194812498       -16.8768099451
        0.3700032000         0.9000000000         0.6793389996         0.6531324359       -17.0762719178
        0.3750034000         0.9000000000         0.6869959802         0.5867836220       -16.8768099451
        0.3800048000         0.9000000000         0.6716820190         0.5178829306       -17.2757338904
        0.3850044000         0.9000000000         0.6793389996         0.4438784843       -17.0762719178
        0.3900046000         0.9000000000         0.6793389996         0.3826334252       -17.0762719178
        0.3950044000         0.9000000000         0.6844436533         0.3137327338       -16.9432972693
        0.4000084000         0.9000000000         0.6869959802         0.2473839199       -16.8768099451
        0.4050039000         0.9000000000         0.6742343459         0.1784832285       -17.2092465662
        0.4100050000         0.9000000000         0.6716820190         0.1070306597       -17.2757338904
        0.4150038000         0.9000000000         0.6793389996         0.0483374781       -17.0762719178
        0.4200050000         0.9000000000         0.6869959802        -0.0001481936       -16.8768099451
        0.4250077000         0.9000000000         0.6691296922        -0.0052519485       -17.3422212147
        0.4300140000         0.9000000000         0.6844436533         1.1073666236       -16.9432972693
        0.4350034000         0.9000000000         0.6742343459         5.0142910133       -17.2092465662
        0.4400121000         0.9000000000         0.6742343459         5.0040835035       -17.2092465662
        0.4450049000         0.9000000000         0.6895483070         4.9504940769       -16.8103226209
        0.4500127000         0.9000000000         0.6869959802         4.8815933855       -16.8768099451
        0.4550027000         0.9000000000         0.6895483070         4.8177964490       -16.8103226209
        0.4600125000         0.9000000000         0.6921006339         4.7412401252       -16.7438352966
        0.4650062000         0.9000000000         0.6793389996         4.6672356789       -17.0762719178
        0.4700123000         0.9000000000         0.6844436533         4.6110943748       -16.9432972693
        0.4750038000         0.9000000000         0.7074145950         4.5472974383       -16.3449113513
        0.4800047000         0.9000000000         0.6895483070         4.4758448695       -16.8103226209
        0.4850187000         0.9000000000         0.6818913264         4.4043923006       -17.0097845935
        0.4900040000         0.9000000000         0.6921006339         4.3456991191       -16.7438352966
        0.4950050000         0.9000000000         0.6869959802         4.2793503051       -16.8768099451
        0.5000046000         0.9000000000         0.6869959802         4.2130014912       -16.8768099451
        0.5050031000         0.9000000000         0.6997576144         4.1492045547       -16.5443733239
        0.5100041000         0.9000000000         0.6972052876         4.0828557408       -16.6108606482
        0.5150037000         0.9000000000         0.6921006339         4.0241625592       -16.7438352966
        0.5200034000         0.9000000000         0.6997576144         3.9552618679       -16.5443733239
        0.5250032000         0.9000000000         0.6921006339         3.8940168088       -16.7438352966
        0.5300031000         0.9000000000         0.6921006339         3.8327717498       -16.7438352966
        0.5350060000         0.9000000000         0.6997576144         3.7715266908       -16.5443733239
        0.5400060000         0.9000000000         0.6895483070         3.6949703670       -16.8103226209
        0.5450039000         0.9000000000         0.6972052876         3.6362771855       -16.6108606482
        0.5500040000         0.9000000000         0.7074145950         3.5801358814       -16.3449113513
        0.5550048000         0.9000000000         0.6946529607         3.5086833125       -16.6773479724
        0.5600061000         0.9000000000         0.6972052876         3.4448863760       -16.6108606482
        0.5650036000         0.9000000000         0.7048622681         3.3912969494       -16.4113986755
        0.5700070000         0.9000000000         0.6972052876         3.3223962580       -16.6108606482
        0.5750045000         0.9000000000         0.6921006339         3.2483918117       -16.7438352966
        0.5800083000         0.9000000000         0.7150715756         3.1973542625       -16.1454493786
        0.5850062000         0.9000000000         0.6895483070         3.1310054486       -16.8103226209
        0.5900066000         0.9000000000         0.6997576144         3.0672085121       -16.5443733239
        0.5950090000         0.9000000000         0.6997576144         2.9983078207       -16.5443733239
        0.6000055000         0.9000000000         0.6921006339         2.9319590068       -16.7438352966
        0.6050082000         0.9000000000         0.6895483070         2.8758177027       -16.8103226209
        0.6100084000         0.9000000000         0.7099669219         2.8145726437       -16.2784240270
        0.6150087000         0.9000000000         0.6921006339         2.7456719523       -16.7438352966
        0.6200064000         0.9000000000         0.6895483070         2.6844268933       -16.8103226209
        0.6250789000         0.9000000000         0.6921006339         2.6180780793       -16.7438352966
        0.6300149000         0.9000000000         0.7023099413         2.5542811429       -16.4778859997
        0.6350077000         0.9000000000         0.7074145950         2.4955879613       -16.3449113513
        0.6400056000         0.9000000000         0.6793389996         2.4241353924       -17.0762719178
        0.6450078000         0.9000000000         0.6972052876         2.3679940883       -16.6108606482
        0.6501387000         0.9000000000         0.6946529607         2.2990933970       -16.6773479724
        0.6550080000         0.9000000000         0.6844436533         2.2352964605       -16.9432972693
        0.6600057000         0.9000000000         0.6818913264         2.1612920142       -17.0097845935
        0.6650054000         0.9000000000         0.6997576144         2.1102544650       -16.5443733239
        0.6700035000         0.9000000000         0.6818913264         2.0336981412       -17.0097845935
        0.6750113000         0.9000000000         0.6818913264         1.9673493273       -17.0097845935
        0.6800074000         0.9000000000         0.6818913264         1.9086561457       -17.0097845935
        0.6850063000         0.9000000000         0.6818913264         1.8423073318       -17.0097845935
        0.6900050000         0.9000000000         0.6818913264         1.7785103953       -17.0097845935
        0.6950076000         0.9000000000         0.6921006339         1.7249209687       -16.7438352966
        0.7000075000         0.9000000000         0.6767866727         1.6509165224       -17.1427592420
        0.7050062000         0.9000000000         0.6691296922         1.5922233408       -17.3422212147
        0.7100051000         0.9000000000         0.6844436533         1.5182188945       -16.9432972693
        0.7150036000         0.9000000000         0.6869959802         1.4569738355       -16.8768099451
        0.7200032000         0.9000000000         0.6614727116         1.3906250215       -17.5416831873
        0.7250107000         0.9000000000         0.6818913264         1.3293799625       -17.0097845935
        0.7300036000         0.9000000000         0.6767866727         1.2553755162       -17.1427592420
        0.7350052000         0.9000000000         0.6818913264         1.1890267023       -17.0097845935
        0.7400030000         0.9000000000         0.6742343459         1.1277816433       -17.2092465662
        0.7450030000         0.9000000000         0.6844436533         1.0716403392       -16.9432972693
        0.7500031000         0.9000000000         0.6716820190         0.9976358929       -17.2757338904
        0.7550036000         0.9000000000         0.6793389996         0.9287352015       -17.0762719178
        0.7600051000         0.9000000000         0.6640250384         0.8598345101       -17.4751958631
        0.7650043000         0.9000000000         0.6665773653         0.7909338187       -17.4087085389
        0.7700034000         0.9000000000         0.6716820190         0.7296887597       -17.2757338904
        0.7750034000         0.9000000000         0.6742343459         0.6684437007       -17.2092465662
        0.7800048000         0.9000000000         0.6818913264         0.5918873769       -17.0097845935
        0.7850046000         0.9000000000         0.6665773653         0.5204348080       -17.4087085389
        0.7900035000         0.9000000000         0.6716820190         0.4566378716       -17.2757338904
        0.7950033000         0.9000000000         0.6665773653         0.3902890576       -17.4087085389
        0.8000045000         0.9000000000         0.6793389996         0.3188364888       -17.0762719178
        0.8050037000         0.9000000000         0.6716820190         0.2499357974       -17.2757338904
        0.8100033000         0.9000000000         0.6665773653         0.1733794736       -17.4087085389
        0.8150039000         0.9000000000         0.6742343459         0.1172381695       -17.2092465662
        0.8200042000         0.9000000000         0.6716820190         0.0406818457       -17.2757338904
        0.8250068000         0.9000000000         0.6691296922         0.0024036839       -17.3422212147
        0.8300046000         0.9000000000         0.6767866727        -0.0001481936       -17.1427592420
        0.8350040000         0.9000000000         0.6742343459         1.1048147461       -17.2092465662
        0.8400743000         0.9000000000         0.6691296922         4.9989797486       -17.3422212147
        0.8450351000         0.9000000000         0.6767866727         5.0040835035       -17.1427592420
        0.8500063000         0.9000000000         0.6716820190         4.9479421994       -17.2757338904
        0.8550041000         0.9000000000         0.6716820190         4.8739377531       -17.2757338904
        0.8600037000         0.9000000000         0.6691296922         4.8024851842       -17.3422212147
        0.8650028000         0.9000000000         0.6640250384         4.7386882478       -17.4751958631
        0.8700023000         0.9000000000         0.6793389996         4.6697875564       -17.0762719178
        0.8750047000         0.9000000000         0.6640250384         4.5983349875       -17.4751958631
        0.8800027000         0.9000000000         0.6869959802         4.5370899285       -16.8768099451
        0.8850021000         0.9000000000         0.6461587505         4.4630854822       -17.9406071327
        0.8900015000         0.9000000000         0.6869959802         4.3941847908       -16.8768099451
        0.8950038000         0.9000000000         0.6921006339         4.3380434867       -16.7438352966
        0.9000034000         0.9000000000         0.6818913264         4.2665909178       -17.0097845935
        0.9050029000         0.9000000000         0.6793389996         4.2002421039       -17.0762719178
        0.9100059000         0.9000000000         0.6895483070         4.1313414125       -16.8103226209
        0.9150030000         0.9000000000         0.6818913264         4.0624407211       -17.0097845935
        0.9200037000         0.9000000000         0.6869959802         4.0037475396       -16.8768099451
        0.9250068000         0.9000000000         0.6921006339         3.9425024806       -16.7438352966
        0.9300050000         0.9000000000         0.6844436533         3.8684980342       -16.9432972693
        0.9350025000         0.9000000000         0.6997576144         3.8200123625       -16.5443733239
        0.9400021000         0.9000000000         0.6895483070         3.7485597937       -16.8103226209
        0.9450040000         0.9000000000         0.6972052876         3.6898666121       -16.6108606482
        0.9500040000         0.9000000000         0.7023099413         3.6235177982       -16.4778859997
        0.9550049000         0.9000000000         0.6869959802         3.5495133519       -16.8768099451
        0.9600053000         0.9000000000         0.6869959802         3.4857164154       -16.8768099451
        0.9650028000         0.9000000000         0.6869959802         3.4193676015       -16.8768099451
        0.9700026000         0.9000000000         0.6895483070         3.3632262974       -16.8103226209
        0.9750028000         0.9000000000         0.6972052876         3.3096368707       -16.6108606482
        0.9800026000         0.9000000000         0.6946529607         3.2407361793       -16.6773479724
        0.9850057000         0.9000000000         0.7023099413         3.1692836105       -16.4778859997
        0.9900063000         0.9000000000         0.6895483070         3.1054866740       -16.8103226209
        0.9950723000         0.9000000000         0.6793389996         3.0467934924       -17.0762719178
        1.0000030000         0.9000000000         0.6869959802         2.9753409236       -16.8768099451
        1.0050038000         0.9000000000         0.6946529607         2.9064402322       -16.6773479724
        1.0100030000         0.9000000000         0.6818913264         2.8477470506       -17.0097845935
        1.0150015000         0.9000000000         0.6818913264         2.7813982367       -17.0097845935
        1.0200035000         0.9000000000         0.6844436533         2.7124975453       -16.9432972693
        1.0250039000         0.9000000000         0.6818913264         2.6538043638       -17.0097845935
        1.0300046000         0.9000000000         0.6869959802         2.5849036724       -16.8768099451
        1.0350055000         0.9000000000         0.6793389996         2.5160029810       -17.0762719178
        1.0400065000         0.9000000000         0.6921006339         2.4700691867       -16.7438352966
        1.0450042000         0.9000000000         0.6869959802         2.4011684953       -16.8768099451
        1.0500062000         0.9000000000         0.6921006339         2.3297159265       -16.7438352966
        1.0550060000         0.9000000000         0.6793389996         2.2684708674       -17.0762719178
        1.0600070000         0.9000000000         0.6793389996         2.1944664211       -17.0762719178
        1.0650065000         0.9000000000         0.6869959802         2.1383251170       -16.8768099451
        1.0700064000         0.9000000000         0.6793389996         2.0668725482       -17.0762719178
        1.0750054000         0.9000000000         0.6818913264         1.9979718568       -17.0097845935
        1.0800063000         0.9000000000         0.6716820190         1.9367267978       -17.2757338904
        1.0850050000         0.9000000000         0.6818913264         1.8780336162       -17.0097845935
        1.0900045000         0.9000000000         0.6869959802         1.8091329248       -16.8768099451
        1.0950031000         0.9000000000         0.6921006339         1.7402322334       -16.7438352966
        1.1000030000         0.9000000000         0.6895483070         1.6840909293       -16.8103226209
        1.1050027000         0.9000000000         0.6512634042         1.6126383605       -17.8076324843
        1.1100024000         0.9000000000         0.6844436533         1.5564970564       -16.9432972693
        1.1150022000         0.9000000000         0.6895483070         1.4850444875       -16.8103226209
        1.1200052000         0.9000000000         0.6921006339         1.4263513060       -16.7438352966
        1.1250031000         0.9000000000         0.6691296922         1.3574506146       -17.3422212147
        1.1300054000         0.9000000000         0.6972052876         1.2987574330       -16.6108606482
        1.1350049000         0.9000000000         0.6895483070         1.2247529867       -16.8103226209
        1.1400037000         0.9000000000         0.6589203847         1.1533004179       -17.6081705116
        1.1450017000         0.9000000000         0.6665773653         1.0895034814       -17.4087085389
        1.1500073000         0.9000000000         0.6921006339         1.0359140547       -16.7438352966
        1.1550050000         0.9000000000         0.6921006339         0.9670133634       -16.7438352966
        1.1600042000         0.9000000000         0.6665773653         0.8981126720       -17.4087085389
        1.1650036000         0.9000000000         0.6921006339         0.8292119806       -16.7438352966
        1.1700031000         0.9000000000         0.6385017699         0.7577594117       -18.1400691054
        1.1750020000         0.9000000000         0.6742343459         0.6888587203       -17.2092465662
        1.1800054000         0.9000000000         0.6691296922         0.6276136613       -17.3422212147
        1.1850049000         0.9000000000         0.6844436533         0.5561610925       -16.9432972693
        1.1900038000         0.9000000000         0.6767866727         0.4847085236       -17.1427592420
        1.1950038000         0.9000000000         0.6742343459         0.4209115871       -17.2092465662
        1.2000039000         0.9000000000         0.6844436533         0.3596665281       -16.9432972693
        1.2050022000         0.9000000000         0.6767866727         0.2933177142       -17.1427592420
        1.2100187000         0.9000000000         0.6742343459         0.2193132679       -17.2092465662
        1.2150039000         0.9000000000         0.6844436533         0.1580682088       -16.9432972693
        1.2200024000         0.9000000000         0.6793389996         0.0713043752       -17.0762719178
        1.2250019000         0.9000000000         0.6665773653         0.0151630711       -17.4087085389
        1.2300689000         0.9000000000         0.6793389996         0.0024036839       -17.0762719178
        1.2350027000         0.9000000000         0.6665773653         1.1099185011       -17.4087085389
        1.2400021000         0.9000000000         0.6716820190         5.0066353810       -17.2757338904
        1.2450049000         0.9000000000         0.6614727116         5.0066353810       -17.5416831873
        1.2500038000         0.9000000000         0.6614727116         4.9760128515       -17.5416831873
        1.2550044000         0.9000000000         0.6895483070         4.9173196699       -16.8103226209
        1.2600052000         0.9000000000         0.6640250384         4.8382114687       -17.4751958631
        1.2650042000         0.9000000000         0.6742343459         4.7769664097       -17.2092465662
        1.2700018000         0.9000000000         0.6844436533         4.7055138408       -16.9432972693
        1.2750037000         0.9000000000         0.6895483070         4.6442687818       -16.8103226209
        1.2800042000         0.9000000000         0.6818913264         4.5702643355       -17.0097845935
        1.2850027000         0.9000000000         0.6818913264         4.5013636441       -17.0097845935
        1.2900021000         0.9000000000         0.6869959802         4.4350148301       -16.8768099451
        1.2950029000         0.9000000000         0.6767866727         4.3635622613       -17.1427592420
        1.3000023000         0.9000000000         0.6946529607         4.3074209572       -16.6773479724
        1.3050038000         0.9000000000         0.6921006339         4.2461758982       -16.7438352966
        1.3100041000         0.9000000000         0.6895483070         4.1772752068       -16.8103226209
        1.3150027000         0.9000000000         0.6844436533         4.1083745154       -16.9432972693
        1.3200017000         0.9000000000         0.6921006339         4.0471294564       -16.7438352966
        1.3250097000         0.9000000000         0.6716820190         3.9705731326       -17.2757338904
        1.3300043000         0.9000000000         0.6972052876         3.9169837060       -16.6108606482
        1.3350025000         0.9000000000         0.6869959802         3.8582905244       -16.8768099451
        1.3400026000         0.9000000000         0.6946529607         3.7919417105       -16.6773479724
        1.3450487000         0.9000000000         0.6921006339         3.7306966515       -16.7438352966
        1.3500027000         0.9000000000         0.6844436533         3.6515884502       -16.9432972693
        1.3550054000         0.9000000000         0.6921006339         3.5928952687       -16.7438352966
        1.3600043000         0.9000000000         0.6921006339         3.5265464547       -16.7438352966
        1.3650037000         0.9000000000         0.6793389996         3.4576457633       -17.0762719178
        1.3700024000         0.9000000000         0.6895483070         3.3938488269       -16.8103226209
        1.3750025000         0.9000000000         0.6793389996         3.3377075228       -17.0762719178
        1.3800017000         0.9000000000         0.6767866727         3.2637030765       -17.1427592420
        1.3850038000         0.9000000000         0.6997576144         3.2050098949       -16.5443733239
        1.3900045000         0.9000000000         0.6818913264         3.1361092035       -17.0097845935
        1.3950304000         0.9000000000         0.6793389996         3.0774160220       -17.0762719178
        1.4000045000         0.9000000000         0.6895483070         3.0085153306       -16.8103226209
        1.4051558000         0.9000000000         0.6869959802         2.9345108842       -16.8768099451
        1.4100023000         0.9000000000         0.6767866727         2.8809214576       -17.1427592420
        1.4150013000         0.9000000000         0.6844436533         2.8145726437       -16.9432972693
        1.4200029000         0.9000000000         0.6895483070         2.7507757072       -16.8103226209
        1.4250038000         0.9000000000         0.6869959802         2.6869787707       -16.8768099451
        1.4300033000         0.9000000000         0.6767866727         2.6282855892       -17.1427592420
        1.4350048000         0.9000000000         0.6818913264         2.5517292654       -17.0097845935
        1.4400043000         0.9000000000         0.6767866727         2.4828285740       -17.1427592420
        1.4450030000         0.9000000000         0.6767866727         2.4241353924       -17.1427592420
        1.4500070000         0.9000000000         0.6844436533         2.3526828236       -16.9432972693
        1.4550045000         0.9000000000         0.6793389996         2.2837821322       -17.0762719178
        1.4600038000         0.9000000000         0.6793389996         2.2352964605       -17.0762719178
        1.4650026000         0.9000000000         0.6742343459         2.1638438916       -17.2092465662
        1.4700042000         0.9000000000         0.6818913264         2.0974950777       -17.0097845935
        1.4750054000         0.9000000000         0.6767866727         2.0311462638       -17.1427592420
        1.4800059000         0.9000000000         0.6793389996         1.9647974498       -17.0762719178
        1.4850044000         0.9000000000         0.6767866727         1.9061042683       -17.1427592420
        1.4900038000         0.9000000000         0.6614727116         1.8269960670       -17.5416831873
        1.4950016000         0.9000000000         0.6767866727         1.7708547629       -17.1427592420
        1.5000030000         0.9000000000         0.6691296922         1.7019540715       -17.3422212147
        1.5050036000         0.9000000000         0.6818913264         1.6483646449       -17.0097845935
        1.5100025000         0.9000000000         0.6793389996         1.5794639535       -17.0762719178
        1.5150018000         0.9000000000         0.6767866727         1.5105632621       -17.1427592420
        1.5200034000         0.9000000000         0.6665773653         1.4416625707       -17.4087085389
        1.5250025000         0.9000000000         0.6614727116         1.3727618793       -17.5416831873
        1.5300044000         0.9000000000         0.6767866727         1.3115168203       -17.1427592420
        1.5350053000         0.9000000000         0.6716820190         1.2451680064       -17.2757338904
        1.5400053000         0.9000000000         0.6793389996         1.1788191925       -17.0762719178
        1.5450037000         0.9000000000         0.6691296922         1.1175741334       -17.3422212147
        1.5500039000         0.9000000000         0.6665773653         1.0435696871       -17.4087085389
        1.5550035000         0.9000000000         0.6742343459         0.9746689957       -17.2092465662
        1.5600055000         0.9000000000         0.6640250384         0.9108720593       -17.4751958631
        1.5650044000         0.9000000000         0.6742343459         0.8419713679       -17.2092465662
        1.5700040000         0.9000000000         0.6793389996         0.7807263088       -17.0762719178
        1.5750024000         0.9000000000         0.6716820190         0.7143774949       -17.2757338904
        1.5800038000         0.9000000000         0.6461587505         0.6301655388       -17.9406071327
        1.5850042000         0.9000000000         0.6742343459         0.5638167248       -17.2092465662
        1.5900054000         0.9000000000         0.6589203847         0.5000197884       -17.6081705116
        1.5950039000         0.9000000000         0.6716820190         0.4336709744       -17.2757338904
        1.6000054000         0.9000000000         0.6793389996         0.3698740379       -17.0762719178
        1.6050034000         0.9000000000         0.6640250384         0.3035252240       -17.4751958631
        1.6100039000         0.9000000000         0.6716820190         0.2193132679       -17.2757338904
        1.6150041000         0.9000000000         0.6487110773         0.1504125765       -17.8741198085
        1.6200055000         0.9000000000         0.6793389996         0.0942712724       -17.0762719178
        1.6250030000         0.9000000000         0.6691296922         0.0253705810       -17.3422212147
        1.6300028000         0.9000000000         0.6716820190         0.0024036839       -17.2757338904
        1.6350022000         0.9000000000         0.6512634042         1.1073666236       -17.8076324843
        1.6400038000         0.9000000000         0.6767866727         5.0040835035       -17.1427592420
        1.6450044000         0.9000000000         0.6538157310         5.0040835035       -17.7411451600
        1.6500046000         0.9000000000         0.6665773653         4.9862203613       -17.4087085389
        1.6550028000         0.9000000000         0.6869959802         4.9249753023       -16.8768099451
        1.6600044000         0.9000000000         0.6742343459         4.8509708560       -17.2092465662
        1.6650051000         0.9000000000         0.6691296922         4.7795182871       -17.3422212147
        1.6700039000         0.9000000000         0.6793389996         4.7004100859       -17.0762719178
        1.6750038000         0.9000000000         0.6869959802         4.6391650269       -16.8768099451
        1.6800050000         0.9000000000         0.6691296922         4.5753680904       -17.3422212147
        1.6850025000         0.9000000000         0.6895483070         4.5039155215       -16.8103226209
        1.6900015000         0.9000000000         0.6793389996         4.4452223400       -17.0762719178
        1.6950044000         0.9000000000         0.6691296922         4.3635622613       -17.3422212147
        1.7000052000         0.9000000000         0.6767866727         4.2997653248       -17.1427592420
        1.7050052000         0.9000000000         0.6614727116         4.2308646334       -17.5416831873
        1.7100069000         0.9000000000         0.6895483070         4.1747233293       -16.8103226209
        1.7150067000         0.9000000000         0.6767866727         4.1058226379       -17.1427592420
        1.7200026000         0.9000000000         0.6793389996         4.0471294564       -17.0762719178
        1.7250047000         0.9000000000         0.6793389996         3.9756768875       -17.0762719178
        1.7300027000         0.9000000000         0.6921006339         3.9093280736       -16.7438352966
        1.7350026000         0.9000000000         0.6742343459         3.8429792597       -17.2092465662
        1.7400031000         0.9000000000         0.6869959802         3.7817342006       -16.8768099451
        1.7450039000         0.9000000000         0.6665773653         3.7102816318       -17.4087085389
        1.7500061000         0.9000000000         0.6869959802         3.6541403277       -16.8768099451
        1.7550039000         0.9000000000         0.6869959802         3.5903433912       -16.8768099451
        1.7600031000         0.9000000000         0.6869959802         3.5239945773       -16.8768099451
        1.7650017000         0.9000000000         0.6742343459         3.4550938859       -17.2092465662
        1.7700013000         0.9000000000         0.6869959802         3.3836413170       -16.8768099451
        1.7750038000         0.9000000000         0.6818913264         3.3223962580       -17.0097845935
        1.7800071000         0.9000000000         0.6640250384         3.2458399342       -17.4751958631
        1.7850051000         0.9000000000         0.6869959802         3.1871467527       -16.8768099451
        1.7900054000         0.9000000000         0.6844436533         3.1259016937       -16.9432972693
        1.7950029000         0.9000000000         0.6818913264         3.0672085121       -17.0097845935
        1.8000025000         0.9000000000         0.6844436533         2.9957559433       -16.9432972693
        1.8050050000         0.9000000000         0.6921006339         2.9345108842       -16.7438352966
        1.8100039000         0.9000000000         0.6742343459         2.8707139478       -17.2092465662
        1.8150041000         0.9000000000         0.6767866727         2.7992613789       -17.1427592420
        1.8200054000         0.9000000000         0.6921006339         2.7354644424       -16.7438352966
        1.8250062000         0.9000000000         0.6767866727         2.6614599961       -17.1427592420
        1.8300049000         0.9000000000         0.6665773653         2.5976630597       -17.4087085389
        1.8350042000         0.9000000000         0.6844436533         2.5466255105       -16.9432972693
        1.8400056000         0.9000000000         0.6793389996         2.4802766965       -17.0762719178
        1.8450050000         0.9000000000         0.6614727116         2.4037203728       -17.5416831873
        1.8500032000         0.9000000000         0.6818913264         2.3373715588       -17.0097845935
        1.8550051000         0.9000000000         0.6742343459         2.2684708674       -17.2092465662
        1.8600018000         0.9000000000         0.6716820190         2.2021220535       -17.2757338904
        1.8650023000         0.9000000000         0.6767866727         2.1408769945       -17.1427592420
        1.8700037000         0.9000000000         0.6665773653         2.0796319355       -17.4087085389
        1.8750037000         0.9000000000         0.6767866727         2.0107312441       -17.1427592420
        1.8800047000         0.9000000000         0.6716820190         1.9469343076       -17.2757338904
        1.8850054000         0.9000000000         0.6767866727         1.8780336162       -17.1427592420
        1.8900046000         0.9000000000         0.6665773653         1.8116848023       -17.4087085389
        1.8950050000         0.9000000000         0.6563680579         1.7402322334       -17.6746578358
        1.9000048000         0.9000000000         0.6640250384         1.6789871744       -17.4751958631
        1.9050031000         0.9000000000         0.6691296922         1.6151902379       -17.3422212147
        1.9100847000         0.9000000000         0.6512634042         1.5386339142       -17.8076324843
        1.9150037000         0.9000000000         0.6844436533         1.4850444875       -16.9432972693
        1.9200056000         0.9000000000         0.6691296922         1.4110400412       -17.3422212147
        1.9250373000         0.9000000000         0.6665773653         1.3548987371       -17.4087085389
        1.9300042000         0.9000000000         0.6921006339         1.2911018006       -16.7438352966
        1.9350029000         0.9000000000         0.6640250384         1.2196492318       -17.4751958631
        1.9400037000         0.9000000000         0.6793389996         1.1558522953       -17.0762719178
        1.9450235000         0.9000000000         0.6640250384         1.0818478490       -17.4751958631
        1.9500036000         0.9000000000         0.6767866727         1.0282584224       -17.1427592420
        1.9550042000         0.9000000000         0.6665773653         0.9517020986       -17.4087085389
        1.9600031000         0.9000000000         0.6563680579         0.8776976523       -17.6746578358
        1.9650032000         0.9000000000         0.6742343459         0.8113488384       -17.2092465662
        1.9700033000         0.9000000000         0.6691296922         0.7526556568       -17.3422212147
        1.9750028000         0.9000000000         0.6793389996         0.6863068429       -17.0762719178
        1.9800030000         0.9000000000         0.6665773653         0.6123023966       -17.4087085389
        1.9850055000         0.9000000000         0.6716820190         0.5459535826       -17.2757338904
        1.9900040000         0.9000000000         0.6742343459         0.4821566461       -17.2092465662
        1.9950027000         0.9000000000         0.6716820190         0.4107040773       -17.2757338904
        2.0000026000         0.9000000000         0.6665773653         0.3418033859       -17.4087085389
        2.0050161000         0.9000000000         0.6716820190         0.2703508170       -17.2757338904
        2.0100021000         0.9000000000         0.6818913264         0.2091057580       -17.0097845935
        2.0150028000         0.9000000000         0.6691296922         0.1376531892       -17.3422212147
        2.0200039000         0.9000000000         0.6818913264         0.0636487429       -17.0097845935
        2.0250043000         0.9000000000         0.6895483070         0.0075074388       -16.8103226209
        2.0300038000         0.9000000000         0.6691296922         0.0024036839       -17.3422212147
        2.0350025000         0.9000000000         0.6538157310         1.1124703785       -17.7411451600
        2.0400037000         0.9000000000         0.6742343459         5.0040835035       -17.2092465662
        2.0450195000         0.9000000000         0.6691296922         5.0040835035       -17.3422212147
        2.0500024000         0.9000000000         0.6844436533         4.9734609740       -16.9432972693
        2.0550018000         0.9000000000         0.6793389996         4.8943527728       -17.0762719178
        2.0600018000         0.9000000000         0.6716820190         4.8356595912       -17.2757338904
        2.0650043000         0.9000000000         0.6793389996         4.7667588998       -17.0762719178
        2.0700023000         0.9000000000         0.6691296922         4.6902025760       -17.3422212147
        2.0750036000         0.9000000000         0.6691296922         4.6238537621       -17.3422212147
        2.0800036000         0.9000000000         0.6793389996         4.5549530707       -17.0762719178
        2.0850237000         0.9000000000         0.6716820190         4.4783967469       -17.2757338904
        2.0900054000         0.9000000000         0.6691296922         4.4120479330       -17.3422212147
        2.0950052000         0.9000000000         0.6691296922         4.3456991191       -17.3422212147
        2.1000033000         0.9000000000         0.6742343459         4.2870059375       -17.2092465662
        2.1050257000         0.9000000000         0.6844436533         4.2206571236       -16.9432972693
        2.1100030000         0.9000000000         0.6895483070         4.1594120646       -16.8103226209
        2.1150061000         0.9000000000         0.6793389996         4.0905113732       -17.0762719178
        2.1200048000         0.9000000000         0.6614727116         4.0190588043       -17.5416831873
        2.1250206000         0.9000000000         0.6793389996         3.9654693777       -17.0762719178
        2.1300034000         0.9000000000         0.6895483070         3.8965686863       -16.8103226209
        2.1350027000         0.9000000000         0.6793389996         3.8302198724       -17.0762719178
        2.1400036000         0.9000000000         0.6869959802         3.7689748133       -16.8768099451
        2.1450039000         0.9000000000         0.6742343459         3.6898666121       -17.2092465662
        2.1500051000         0.9000000000         0.6895483070         3.6388290629       -16.8103226209
        2.1550048000         0.9000000000         0.6793389996         3.5724802490       -17.0762719178
        2.1600063000         0.9000000000         0.6665773653         3.4933720478       -17.4087085389
        2.1650039000         0.9000000000         0.6844436533         3.4372307437       -16.9432972693
        2.1700039000         0.9000000000         0.6818913264         3.3632262974       -17.0097845935
        2.1750038000         0.9000000000         0.6742343459         3.2968774834       -17.2092465662
        2.1800046000         0.9000000000         0.6869959802         3.2407361793       -16.8768099451
        2.1850039000         0.9000000000         0.6793389996         3.1743873654       -17.0762719178
        2.1900038000         0.9000000000         0.6716820190         3.1080385515       -17.2757338904
        2.1950047000         0.9000000000         0.6818913264         3.0391378601       -17.0097845935
        2.2000029000         0.9000000000         0.6844436533         2.9778928011       -16.9432972693
        2.2050357000         0.9000000000         0.6767866727         2.9115439871       -17.1427592420
        2.2100031000         0.9000000000         0.6665773653         2.8528508056       -17.4087085389
        2.2150039000         0.9000000000         0.6716820190         2.7711907269       -17.2757338904
        2.2200033000         0.9000000000         0.6818913264         2.7201531777       -17.0097845935
        2.2250195000         0.9000000000         0.6538157310         2.6435968539       -17.7411451600
        2.2300037000         0.9000000000         0.6742343459         2.5797999174       -17.2092465662
        2.2350031000         0.9000000000         0.6895483070         2.5236586133       -16.8103226209
        2.2400044000         0.9000000000         0.6767866727         2.4496541670       -17.1427592420
        2.2450039000         0.9000000000         0.6665773653         2.3909609855       -17.4087085389
        2.2500042000         0.9000000000         0.6716820190         2.3144046617       -17.2757338904
        2.2550030000         0.9000000000         0.6742343459         2.2506077252       -17.2092465662
        2.2600034000         0.9000000000         0.6640250384         2.1893626662       -17.4751958631
        2.2650033000         0.9000000000         0.6793389996         2.1204619748       -17.0762719178
        2.2700031000         0.9000000000         0.6742343459         2.0490094060       -17.2092465662
        2.2750051000         0.9000000000         0.6742343459         1.9877643470       -17.2092465662
        2.2801851000         0.9000000000         0.6716820190         1.9163117781       -17.2757338904
        2.2850051000         0.9000000000         0.6742343459         1.8474110867       -17.2092465662
        2.2900024000         0.9000000000         0.6793389996         1.7912697826       -17.0762719178
        2.2950043000         0.9000000000         0.6742343459         1.7325766011       -17.2092465662
        2.3000046000         0.9000000000         0.6665773653         1.6585721547       -17.4087085389
        2.3050033000         0.9000000000         0.6589203847         1.5973270957       -17.6081705116
        2.3100022000         0.9000000000         0.6767866727         1.5335301593       -17.1427592420
        2.3150063000         0.9000000000         0.6614727116         1.4646294679       -17.5416831873
        2.3200041000         0.9000000000         0.6767866727         1.3931768990       -17.1427592420
        2.3250028000         0.9000000000         0.6614727116         1.3242762076       -17.5416831873
        2.3300023000         0.9000000000         0.6691296922         1.2681349035       -17.3422212147
        2.3350058000         0.9000000000         0.6640250384         1.1966823347       -17.4751958631
        2.3400044000         0.9000000000         0.6691296922         1.1303335207       -17.3422212147
        2.3450025000         0.9000000000         0.6691296922         1.0588809519       -17.3422212147
        2.3500052000         0.9000000000         0.6589203847         0.9976358929       -17.6081705116
        2.3550027000         0.9000000000         0.6640250384         0.9261833240       -17.4751958631
        2.3600024000         0.9000000000         0.6716820190         0.8623863875       -17.2757338904
        2.3650043000         0.9000000000         0.6665773653         0.7883819412       -17.4087085389
        2.3700043000         0.9000000000         0.6716820190         0.7220331273       -17.2757338904
        2.3750056000         0.9000000000         0.6767866727         0.6607880683       -17.1427592420
        2.3800050000         0.9000000000         0.6742343459         0.5867836220       -17.2092465662
        2.3850037000         0.9000000000         0.6512634042         0.5178829306       -17.8076324843
        2.3900040000         0.9000000000         0.6895483070         0.4591897490       -16.8103226209
        2.3950029000         0.9000000000         0.6665773653         0.3902890576       -17.4087085389
        2.4000042000         0.9000000000         0.6691296922         0.3086289789       -17.3422212147
        2.4050030000         0.9000000000         0.6793389996         0.2473839199       -17.0762719178
        2.4100022000         0.9000000000         0.6589203847         0.1759313511       -17.6081705116
        2.4150051000         0.9000000000         0.6691296922         0.1044787822       -17.3422212147
        2.4200038000         0.9000000000         0.6640250384         0.0355780908       -17.4751958631
        2.4250033000         0.9000000000         0.6640250384        -0.0052519485       -17.4751958631
        2.4300063000         0.9000000000         0.6691296922        -0.0001481936       -17.3422212147
        2.4350032000         0.9000000000         0.6844436533         1.1124703785       -16.9432972693
        2.4400025000         0.9000000000         0.6563680579         5.0015316260       -17.6746578358
        2.4450052000         0.9000000000         0.6767866727         5.0066353810       -17.1427592420
        2.4500043000         0.9000000000         0.6640250384         4.9351828121       -17.4751958631
        2.4550029000         0.9000000000         0.6716820190         4.8637302433       -17.2757338904
        2.4600044000         0.9000000000         0.6767866727         4.7999333068       -17.1427592420
        2.4650037000         0.9000000000         0.6767866727         4.7310326154       -17.1427592420
        2.4700022000         0.9000000000         0.6691296922         4.6595800465       -17.3422212147
        2.4750060000         0.9000000000         0.6665773653         4.5881274777       -17.4087085389
        2.4800050000         0.9000000000         0.6742343459         4.5294342961       -17.2092465662
        2.4850040000         0.9000000000         0.6895483070         4.4630854822       -16.8103226209
        2.4900037000         0.9000000000         0.6742343459         4.3865291584       -17.2092465662
        2.4950038000         0.9000000000         0.6742343459         4.3227322219       -17.2092465662
        2.5000016000         0.9000000000         0.6742343459         4.2538315306       -17.2092465662
        2.5050012000         0.9000000000         0.6716820190         4.1951383490       -17.2757338904
        2.5100041000         0.9000000000         0.6818913264         4.1338932900       -17.0097845935
        2.5150028000         0.9000000000         0.6793389996         4.0573369662       -17.0762719178
        2.5200044000         0.9000000000         0.6640250384         3.9909881523       -17.4751958631
        2.5250057000         0.9000000000         0.6869959802         3.9297430933       -16.8768099451
        2.5300064000         0.9000000000         0.6742343459         3.8659461568       -17.2092465662
        2.5350052000         0.9000000000         0.6844436533         3.8047010978       -16.9432972693
        2.5400033000         0.9000000000         0.6818913264         3.7409041613       -17.0097845935
        2.5450037000         0.9000000000         0.6793389996         3.6668997150       -17.0762719178
        2.5500043000         0.9000000000         0.6793389996         3.5954471461       -17.0762719178
        2.5550052000         0.9000000000         0.6716820190         3.5342020871       -17.2757338904
        2.5600037000         0.9000000000         0.6665773653         3.4678532732       -17.4087085389
        2.5650045000         0.9000000000         0.6793389996         3.3989525818       -17.0762719178
        2.5700033000         0.9000000000         0.6665773653         3.3326037679       -17.4087085389
        2.5750046000         0.9000000000         0.6793389996         3.2764624638       -17.0762719178
        2.5800045000         0.9000000000         0.6869959802         3.2152174047       -16.8768099451
        2.5850048000         0.9000000000         0.6818913264         3.1488685908       -17.0097845935
        2.5900036000         0.9000000000         0.6665773653         3.0799678994       -17.4087085389
        2.5950046000         0.9000000000         0.6716820190         3.0110672080       -17.2757338904
        2.6000028000         0.9000000000         0.6716820190         2.9421665166       -17.2757338904
        2.6050044000         0.9000000000         0.6614727116         2.8732658252       -17.5416831873
        2.6100031000         0.9000000000         0.6691296922         2.8171245211       -17.3422212147
        2.6150054000         0.9000000000         0.6767866727         2.7380163199       -17.1427592420
        2.6200037000         0.9000000000         0.6767866727         2.6793231383       -17.1427592420
        2.6250044000         0.9000000000         0.6691296922         2.6129743244       -17.3422212147
        2.6300030000         0.9000000000         0.6818913264         2.5619367752       -17.0097845935
        2.6350051000         0.9000000000         0.6742343459         2.4751729416       -17.2092465662
        2.6400030000         0.9000000000         0.6589203847         2.4164797601       -17.6081705116
        2.6450046000         0.9000000000         0.6767866727         2.3501309461       -17.1427592420
        2.6500039000         0.9000000000         0.6767866727         2.2812302547       -17.1427592420
        2.6550047000         0.9000000000         0.6691296922         2.2250889506       -17.3422212147
        2.6600055000         0.9000000000         0.6665773653         2.1408769945       -17.4087085389
        2.6650049000         0.9000000000         0.6742343459         2.0821838129       -17.2092465662
        2.6700032000         0.9000000000         0.6818913264         2.0158349990       -17.0097845935
        2.6750048000         0.9000000000         0.6512634042         1.9443824302       -17.8076324843
        2.6800041000         0.9000000000         0.6716820190         1.8831373711       -17.2757338904
        2.6850046000         0.9000000000         0.6716820190         1.8218923121       -17.2757338904
        2.6900042000         0.9000000000         0.6844436533         1.7606472531       -16.9432972693
        2.6950046000         0.9000000000         0.6742343459         1.6942984392       -17.2092465662
        2.7000051000         0.9000000000         0.6614727116         1.6202939929       -17.5416831873
        2.7050039000         0.9000000000         0.6589203847         1.5590489338       -17.6081705116
        2.7100051000         0.9000000000         0.6742343459         1.4875963650       -17.2092465662
        2.7150033000         0.9000000000         0.6691296922         1.4212475511       -17.3422212147
        2.7200040000         0.9000000000         0.6512634042         1.3574506146       -17.8076324843
        2.7250034000         0.9000000000         0.6818913264         1.2936536781       -17.0097845935
        2.7300031000         0.9000000000         0.6767866727         1.2324086191       -17.1427592420
        2.7350039000         0.9000000000         0.6716820190         1.1660598052       -17.2757338904
        2.7400030000         0.9000000000         0.6716820190         1.0946072363       -17.2757338904
        2.7450017000         0.9000000000         0.6793389996         1.0282584224       -17.0762719178
        2.7500025000         0.9000000000         0.6665773653         0.9542539761       -17.4087085389
        2.7550026000         0.9000000000         0.6614727116         0.8904570396       -17.5416831873
        2.7600034000         0.9000000000         0.6742343459         0.8266601031       -17.2092465662
        2.7650059000         0.9000000000         0.6333971162         0.7501037793       -18.2730437538
        2.7700041000         0.9000000000         0.6716820190         0.6837549654       -17.2757338904
        2.7750043000         0.9000000000         0.6767866727         0.6276136613       -17.1427592420
        2.7800033000         0.9000000000         0.6665773653         0.5587129699       -17.4087085389
        2.7850027000         0.9000000000         0.6716820190         0.4821566461       -17.2757338904
        2.7900019000         0.9000000000         0.6665773653         0.4158078322       -17.4087085389
        2.7950048000         0.9000000000         0.6614727116         0.3392515084       -17.5416831873
        2.8000038000         0.9000000000         0.6640250384         0.2780064494       -17.4751958631
        2.8050053000         0.9000000000         0.6869959802         0.2116576355       -16.8768099451
        2.8100046000         0.9000000000         0.6614727116         0.1478606990       -17.5416831873
        2.8150033000         0.9000000000         0.6793389996         0.0713043752       -17.0762719178
        2.8200051000         0.9000000000         0.6691296922         0.0100593162       -17.3422212147
        2.8250067000         0.9000000000         0.6691296922         0.0024036839       -17.3422212147
        2.8300070000         0.9000000000         0.6691296922         1.1124703785       -17.3422212147
        2.8350045000         0.9000000000         0.6946529607         5.0066353810       -16.6773479724
        2.8400066000         0.9000000000         0.6716820190         5.0066353810       -17.2757338904
        2.8450042000         0.9000000000         0.6665773653         4.9734609740       -17.4087085389
        2.8500052000         0.9000000000         0.6742343459         4.9020084051       -17.2092465662
        2.8550030000         0.9000000000         0.6614727116         4.8305558363       -17.5416831873
        2.8600057000         0.9000000000         0.6716820190         4.7565513900       -17.2757338904
        2.8650028000         0.9000000000         0.6869959802         4.6927544535       -16.8768099451
        2.8700038000         0.9000000000         0.6691296922         4.6289575170       -17.3422212147
        2.8750055000         0.9000000000         0.6665773653         4.5524011933       -17.4087085389
        2.8800065000         0.9000000000         0.6742343459         4.4937080117       -17.2092465662
        2.8850086000         0.9000000000         0.6614727116         4.4120479330       -17.5416831873
        2.8900214000         0.9000000000         0.6742343459         4.3508028740       -17.2092465662
        2.8950111000         0.9000000000         0.6767866727         4.2870059375       -17.1427592420
        2.9000085000         0.9000000000         0.6716820190         4.2232090010       -17.2757338904
        2.9050067000         0.9000000000         0.6691296922         4.1441007998       -17.3422212147
        2.9100114000         0.9000000000         0.6793389996         4.0905113732       -17.0762719178
        2.9150077000         0.9000000000         0.6716820190         4.0190588043       -17.2757338904
        2.9200111000         0.9000000000         0.6742343459         3.9552618679       -17.2092465662
        2.9250083000         0.9000000000         0.6844436533         3.8889130539       -16.9432972693
        2.9300091000         0.9000000000         0.6742343459         3.8251161174       -17.2092465662
        2.9350104000         0.9000000000         0.6691296922         3.7562154260       -17.3422212147
        2.9400087000         0.9000000000         0.6716820190         3.6898666121       -17.2757338904
        2.9450085000         0.9000000000         0.6691296922         3.6235177982       -17.3422212147
        2.9500085000         0.9000000000         0.6742343459         3.5520652293       -17.2092465662
        2.9550106000         0.9000000000         0.6767866727         3.4882682929       -17.1427592420
        2.9600062000         0.9000000000         0.6665773653         3.4142638465       -17.4087085389
        2.9650067000         0.9000000000         0.6793389996         3.3657781748       -17.0762719178
        2.9700103000         0.9000000000         0.6716820190         3.2917737285       -17.2757338904
        2.9750060000         0.9000000000         0.6716820190         3.2254249146       -17.2757338904
        2.9800108000         0.9000000000         0.6742343459         3.1590761006       -17.2092465662
        2.9850075000         0.9000000000         0.6691296922         3.1029347965       -17.3422212147
        2.9900084000         0.9000000000         0.6691296922         3.0238265953       -17.3422212147
        2.9950068000         0.9000000000         0.6869959802         2.9702371687       -16.8768099451
        3.0000072000         0.9000000000         0.6742343459         2.8962327224       -17.2092465662
        3.0050068000         0.9000000000         0.6640250384         2.8273320310       -17.4751958631
        3.0100086000         0.9000000000         0.6793389996         2.7737426043       -17.0762719178
        3.0150051000         0.9000000000         0.6767866727         2.6997381580       -17.1427592420
        3.0200107000         0.9000000000         0.6512634042         2.6257337117       -17.8076324843
        3.0250095000         0.9000000000         0.6767866727         2.5721442851       -17.1427592420
        3.0300124000         0.9000000000         0.6665773653         2.4981398388       -17.4087085389
        3.0350073000         0.9000000000         0.6589203847         2.4266872699       -17.6081705116
        3.0400056000         0.9000000000         0.6461587505         2.3603384560       -17.9406071327
        3.0450050000         0.9000000000         0.6742343459         2.2990933970       -17.2092465662
        3.0500060000         0.9000000000         0.6614727116         2.2301927056       -17.5416831873
        3.0550120000         0.9000000000         0.6742343459         2.1689476465       -17.2092465662
        3.0600119000         0.9000000000         0.6665773653         2.0974950777       -17.4087085389
        3.0650046000         0.9000000000         0.6716820190         2.0336981412       -17.2757338904
        3.0700105000         0.9000000000         0.6614727116         1.9622455724       -17.5416831873
        3.0750047000         0.9000000000         0.6716820190         1.9035523908       -17.2757338904
        3.0800054000         0.9000000000         0.6589203847         1.8320998220       -17.6081705116
        3.0850053000         0.9000000000         0.6742343459         1.7734066404       -17.2092465662
        3.0900047000         0.9000000000         0.6640250384         1.6968503166       -17.4751958631
        3.0950048000         0.9000000000         0.6716820190         1.6356052576       -17.2757338904
        3.1000063000         0.9000000000         0.6716820190         1.5743601986       -17.2757338904
        3.1050058000         0.9000000000         0.6742343459         1.5054595072       -17.2092465662
        3.1100069000         0.9000000000         0.6487110773         1.4340069384       -17.8741198085
        3.1150133000         0.9000000000         0.6665773653         1.3753137568       -17.4087085389
        3.1200048000         0.9000000000         0.6716820190         1.3038611879       -17.2757338904
        3.1250994000         0.9000000000         0.6665773653         1.2298567416       -17.4087085389
        3.1300052000         0.9000000000         0.6512634042         1.1660598052       -17.8076324843
        3.1350052000         0.9000000000         0.6512634042         1.0971591138       -17.8076324843
        3.1400077000         0.9000000000         0.6716820190         1.0359140547       -17.2757338904
        3.1450062000         0.9000000000         0.6665773653         0.9721171183       -17.4087085389
        3.1500057000         0.9000000000         0.6589203847         0.8981126720       -17.6081705116
        3.1550047000         0.9000000000         0.6691296922         0.8368676129       -17.3422212147
        3.1600050000         0.9000000000         0.6512634042         0.7679669216       -17.8076324843
        3.1650070000         0.9000000000         0.6614727116         0.6888587203       -17.5416831873
        3.1700095000         0.9000000000         0.6665773653         0.6327174162       -17.4087085389
        3.1750098000         0.9000000000         0.6716820190         0.5561610925       -17.2757338904
        3.1800045000         0.9000000000         0.6512634042         0.4821566461       -17.8076324843
        3.1850062000         0.9000000000         0.6691296922         0.4132559548       -17.3422212147
        3.1900068000         0.9000000000         0.6716820190         0.3571146507       -17.2757338904
        3.1950094000         0.9000000000         0.6512634042         0.2754545720       -17.8076324843
        3.2000036000         0.9000000000         0.6767866727         0.2116576355       -17.1427592420
        3.2050056000         0.9000000000         0.6665773653         0.1427569441       -17.4087085389
        3.2100033000         0.9000000000         0.6793389996         0.0738562527       -17.0762719178
        3.2150058000         0.9000000000         0.6640250384        -0.0001481936       -17.4751958631
        3.2200042000         0.9000000000         0.6589203847         0.0049555613       -17.6081705116
        3.2250048000         0.9000000000         0.6691296922         1.1124703785       -17.3422212147
        3.2300048000         0.9000000000         0.6716820190         5.0040835035       -17.2757338904
        3.2350058000         0.9000000000         0.6461587505         4.9964278711       -17.9406071327
        3.2403108000         0.9000000000         0.6793389996         4.9632534642       -17.0762719178
        3.2450249000         0.9000000000         0.6589203847         4.8969046502       -17.6081705116
        3.2500031000         0.9000000000         0.6640250384         4.8356595912       -17.4751958631
        3.2550047000         0.9000000000         0.6640250384         4.7591032674       -17.4751958631
        3.2600033000         0.9000000000         0.6614727116         4.6876506986       -17.5416831873
        3.2650047000         0.9000000000         0.6589203847         4.6238537621       -17.6081705116
        3.2700354000         0.9000000000         0.6716820190         4.5498493158       -17.2757338904
        3.2750051000         0.9000000000         0.6589203847         4.4886042568       -17.6081705116
        3.2800040000         0.9000000000         0.6767866727         4.4248073203       -17.1427592420
        3.2850043000         0.9000000000         0.6691296922         4.3482509965       -17.3422212147
        3.2900081000         0.9000000000         0.6742343459         4.2844540601       -17.2092465662
        3.2950076000         0.9000000000         0.6767866727         4.2155533687       -17.1427592420
        3.3000065000         0.9000000000         0.6716820190         4.1441007998       -17.2757338904
        3.3050035000         0.9000000000         0.6793389996         4.0930632506       -17.0762719178
        3.3100078000         0.9000000000         0.6742343459         4.0292663142       -17.2092465662
        3.3150070000         0.9000000000         0.6793389996         3.9552618679       -17.0762719178
        3.3200067000         0.9000000000         0.6869959802         3.8965686863       -16.8768099451
        3.3250093000         0.9000000000         0.6818913264         3.8276679949       -17.0097845935
        3.3300067000         0.9000000000         0.6691296922         3.7536635486       -17.3422212147
        3.3350062000         0.9000000000         0.6716820190         3.6949703670       -17.2757338904
        3.3400068000         0.9000000000         0.6818913264         3.6260696756       -17.0097845935
        3.3450054000         0.9000000000         0.6818913264         3.5622727392       -17.0097845935
        3.3500063000         0.9000000000         0.6742343459         3.4984758027       -17.2092465662
        3.3550055000         0.9000000000         0.6844436533         3.4270232338       -16.9432972693
        3.3600066000         0.9000000000         0.6742343459         3.3632262974       -17.2092465662
        3.3650045000         0.9000000000         0.6640250384         3.2917737285       -17.4751958631
        3.3700046000         0.9000000000         0.6869959802         3.2432880568       -16.8768099451
        3.3750033000         0.9000000000         0.6716820190         3.1641798556       -17.2757338904
        3.3800046000         0.9000000000         0.6614727116         3.0952791642       -17.5416831873
        3.3850061000         0.9000000000         0.6793389996         3.0340341051       -17.0762719178
        3.3900088000         0.9000000000         0.6869959802         2.9804446785       -16.8768099451
        3.3950047000         0.9000000000         0.6665773653         2.9038883547       -17.4087085389
        3.4000097000         0.9000000000         0.6691296922         2.8349876633       -17.3422212147
        3.4050036000         0.9000000000         0.6742343459         2.7711907269       -17.2092465662
        3.4100114000         0.9000000000         0.6869959802         2.7124975453       -16.8768099451
        3.4150061000         0.9000000000         0.6665773653         2.6461487314       -17.4087085389
        3.4200058000         0.9000000000         0.6767866727         2.5823517949       -17.1427592420
        3.4251315000         0.9000000000         0.6767866727         2.5108992261       -17.1427592420
        3.4300201000         0.9000000000         0.6691296922         2.4419985347       -17.3422212147
        3.4350048000         0.9000000000         0.6665773653         2.3782015982       -17.4087085389
        3.4400044000         0.9000000000         0.6716820190         2.3067490293       -17.2757338904
        3.4450509000         0.9000000000         0.6716820190         2.2455039703       -17.2757338904
        3.4500050000         0.9000000000         0.6691296922         2.1689476465       -17.3422212147
        3.4550047000         0.9000000000         0.6767866727         2.1179100974       -17.1427592420
        3.4600049000         0.9000000000         0.6640250384         2.0439056511       -17.4751958631
        3.4650050000         0.9000000000         0.6691296922         1.9750049597       -17.3422212147
        3.4700041000         0.9000000000         0.6716820190         1.9035523908       -17.2757338904
        3.4750048000         0.9000000000         0.6589203847         1.8372035769       -17.6081705116
        3.4800058000         0.9000000000         0.6716820190         1.7810622728       -17.2757338904
        3.4850045000         0.9000000000         0.6538157310         1.7045059490       -17.7411451600
        3.4900035000         0.9000000000         0.6640250384         1.6432608900       -17.4751958631
        3.4950047000         0.9000000000         0.6640250384         1.5794639535       -17.4751958631
        3.5000036000         0.9000000000         0.6818913264         1.5131151396       -17.0097845935
        3.5050036000         0.9000000000         0.6640250384         1.4493182031       -17.4751958631
        3.5100044000         0.9000000000         0.6410540967         1.3702100019       -18.0735817812
        3.5150054000         0.9000000000         0.6742343459         1.3191724527       -17.2092465662
        3.5200031000         0.9000000000         0.6614727116         1.2451680064       -17.5416831873
        3.5250046000         0.9000000000         0.6742343459         1.1788191925       -17.2092465662
        3.5300029000         0.9000000000         0.6589203847         1.1175741334       -17.6081705116
        3.5350043000         0.9000000000         0.6589203847         1.0384659322       -17.6081705116
        3.5400030000         0.9000000000         0.6665773653         0.9797727506       -17.4087085389
        3.5450049000         0.9000000000         0.6614727116         0.9032164269       -17.5416831873
        3.5500033000         0.9000000000         0.6665773653         0.8394194904       -17.4087085389
        3.5550047000         0.9000000000         0.6665773653         0.7679669216       -17.4087085389
        3.5600670000         0.9000000000         0.6691296922         0.6939624752       -17.3422212147
        3.5650045000         0.9000000000         0.6589203847         0.6327174162       -17.6081705116
        3.5701459000         0.9000000000         0.6793389996         0.5714723572       -17.0762719178
        3.5750045000         0.9000000000         0.6691296922         0.5051235433       -17.3422212147
        3.5800050000         0.9000000000         0.6691296922         0.4260153420       -17.3422212147
        3.5850046000         0.9000000000         0.6691296922         0.3622184056       -17.3422212147
        3.5900069000         0.9000000000         0.6589203847         0.2856620818       -17.6081705116
        3.5950048000         0.9000000000         0.6640250384         0.2244170228       -17.4751958631
        3.6000029000         0.9000000000         0.6614727116         0.1580682088       -17.5416831873
        3.6050051000         0.9000000000         0.6742343459         0.0738562527       -17.2092465662
        3.6100052000         0.9000000000         0.6691296922         0.0228187035       -17.3422212147
        3.6150048000         0.9000000000         0.6665773653        -0.0001481936       -17.4087085389
        3.6200206000         0.9000000000         0.6691296922         1.1150222560       -17.3422212147
        3.6250083000         0.9000000000         0.6665773653         5.0040835035       -17.4087085389
        3.6300081000         0.9000000000         0.6691296922         5.0117391359       -17.3422212147
        3.6350045000         0.9000000000         0.6844436533         4.9887722387       -16.9432972693
        3.6400082000         0.9000000000         0.6742343459         4.9122159150       -17.2092465662
        3.6450034000         0.9000000000         0.6665773653         4.8407633461       -17.4087085389
        3.6500045000         0.9000000000         0.6716820190         4.7718626547       -17.2757338904
        3.6550052000         0.9000000000         0.6742343459         4.7106175957       -17.2092465662
        3.6600067000         0.9000000000         0.6614727116         4.6315093945       -17.5416831873
        3.6650032000         0.9000000000         0.6742343459         4.5677124580       -17.2092465662
        3.6700092000         0.9000000000         0.6767866727         4.5039155215       -17.1427592420
        3.6750160000         0.9000000000         0.6716820190         4.4273591978       -17.2757338904
        3.6800050000         0.9000000000         0.6563680579         4.3610103838       -17.6746578358
        3.6850052000         0.9000000000         0.6742343459         4.2997653248       -17.2092465662
        3.6900052000         0.9000000000         0.6691296922         4.2283127560       -17.3422212147
        3.6950212000         0.9000000000         0.6869959802         4.1696195744       -16.8768099451
        3.7000033000         0.9000000000         0.6640250384         4.0905113732       -17.4751958631
        3.7050049000         0.9000000000         0.6767866727         4.0318181916       -17.1427592420
        3.7100040000         0.9000000000         0.6691296922         3.9705731326       -17.3422212147
        3.7150070000         0.9000000000         0.6767866727         3.8991205638       -17.1427592420
        3.7200041000         0.9000000000         0.6691296922         3.8327717498       -17.3422212147
        3.7250040000         0.9000000000         0.6691296922         3.7638710584       -17.3422212147
        3.7300040000         0.9000000000         0.6691296922         3.7026259994       -17.3422212147
        3.7350095000         0.9000000000         0.6793389996         3.6413809404       -17.0762719178
        3.7400032000         0.9000000000         0.6716820190         3.5750321265       -17.2757338904
        3.7450045000         0.9000000000         0.6793389996         3.5010276801       -17.0762719178
        3.7500042000         0.9000000000         0.6767866727         3.4346788662       -17.1427592420
        3.7550042000         0.9000000000         0.6640250384         3.3683300523       -17.4751958631
        3.7600041000         0.9000000000         0.6640250384         3.2968774834       -17.4751958631
        3.7650031000         0.9000000000         0.6716820190         3.2432880568       -17.2757338904
        3.7700051000         0.9000000000         0.6793389996         3.1769392429       -17.0762719178
        3.7750196000         0.9000000000         0.6563680579         3.1003829191       -17.6746578358
        3.7800037000         0.9000000000         0.6793389996         3.0442416150       -17.0762719178
        3.7850044000         0.9000000000         0.6640250384         2.9702371687       -17.4751958631
        3.7900050000         0.9000000000         0.6614727116         2.8962327224       -17.5416831873
        3.7950042000         0.9000000000         0.6589203847         2.8375395408       -17.6081705116
        3.8000034000         0.9000000000         0.6640250384         2.7711907269       -17.4751958631
        3.8050050000         0.9000000000         0.6716820190         2.7048419129       -17.2757338904
        3.8100034000         0.9000000000         0.6665773653         2.6410449765       -17.4087085389
        3.8150142000         0.9000000000         0.6691296922         2.5772480400       -17.3422212147
        3.8200037000         0.9000000000         0.6767866727         2.5108992261       -17.1427592420
        3.8250043000         0.9000000000         0.6589203847         2.4419985347       -17.6081705116
        3.8300039000         0.9000000000         0.6614727116         2.3628903334       -17.5416831873
        3.8350198000         0.9000000000         0.6716820190         2.3118527843       -17.2757338904
        3.8400034000         0.9000000000         0.6716820190         2.2378483379       -17.2757338904
        3.8450046000         0.9000000000         0.6716820190         2.1766032789       -17.2757338904
        3.8500033000         0.9000000000         0.6691296922         2.1077025875       -17.3422212147
        3.8550075000         0.9000000000         0.6614727116         2.0311462638       -17.5416831873
        3.8600069000         0.9000000000         0.6538157310         1.9622455724       -17.7411451600
        3.8650069000         0.9000000000         0.6487110773         1.8958967584       -17.8741198085
        3.8700057000         0.9000000000         0.6538157310         1.8295479445       -17.7411451600
        3.8750082000         0.9000000000         0.6793389996         1.7759585179       -17.0762719178
        3.8800057000         0.9000000000         0.6512634042         1.7019540715       -17.8076324843
        3.8850068000         0.9000000000         0.6589203847         1.6305015027       -17.6081705116
        3.8900032000         0.9000000000         0.6538157310         1.5718083211       -17.7411451600
        3.8950166000         0.9000000000         0.6665773653         1.5003557523       -17.4087085389
        3.9000055000         0.9000000000         0.6767866727         1.4442144482       -17.1427592420
        3.9050050000         0.9000000000         0.6538157310         1.3702100019       -17.7411451600
        3.9100064000         0.9000000000         0.6742343459         1.3013093105       -17.2092465662
        3.9150081000         0.9000000000         0.6461587505         1.2298567416       -17.9406071327
        3.9200046000         0.9000000000         0.6665773653         1.1711635601       -17.4087085389
        3.9250040000         0.9000000000         0.6614727116         1.1073666236       -17.5416831873
        3.9300026000         0.9000000000         0.6742343459         1.0359140547       -17.2092465662
        3.9350280000         0.9000000000         0.6640250384         0.9695652408       -17.4751958631
        3.9400061000         0.9000000000         0.6563680579         0.8955607945       -17.6746578358
        3.9450055000         0.9000000000         0.6665773653         0.8317638580       -17.4087085389
        3.9500043000         0.9000000000         0.6614727116         0.7705187990       -17.5416831873
        3.9550162000         0.9000000000         0.6742343459         0.6965143527       -17.2092465662
        3.9600032000         0.9000000000         0.6512634042         0.6250617838       -17.8076324843
        3.9650059000         0.9000000000         0.6640250384         0.5510573375       -17.4751958631
        3.9700063000         0.9000000000         0.6512634042         0.4796047687       -17.8076324843
        3.9750057000         0.9000000000         0.6538157310         0.4107040773       -17.7411451600
        3.9800077000         0.9000000000         0.6589203847         0.3443552634       -17.6081705116
        3.9850053000         0.9000000000         0.6589203847         0.2754545720       -17.6081705116
        3.9900081000         0.9000000000         0.6665773653         0.2142095129       -17.4087085389
        3.9950064000         0.9000000000         0.6716820190         0.1427569441       -17.2757338904
        4.0000047000         0.9000000000         0.6793389996         0.0815118851       -17.0762719178
        4.0050067000         0.9000000000         0.6691296922         0.0049555613       -17.3422212147
        4.0100072000         0.9000000000         0.6665773653        -0.0001481936       -17.4087085389
        4.0150090000         0.9000000000         0.6538157310         1.1099185011       -17.7411451600
        4.0200056000         0.9000000000         0.6665773653         5.0091872584       -17.4087085389
        4.0250053000         0.9000000000         0.6665773653         5.0066353810       -17.4087085389
        4.0301882000         0.9000000000         0.6614727116         4.9683572191       -17.5416831873
        4.0350032000         0.9000000000         0.6614727116         4.8969046502       -17.5416831873
        4.0400046000         0.9000000000         0.6614727116         4.8331077137       -17.5416831873
        4.0450042000         0.9000000000         0.6614727116         4.7539995125       -17.5416831873
        4.0500048000         0.9000000000         0.6563680579         4.6850988211       -17.6746578358
        4.0550037000         0.9000000000         0.6640250384         4.6187500072       -17.4751958631
        4.0600053000         0.9000000000         0.6640250384         4.5498493158       -17.4751958631
        4.0650038000         0.9000000000         0.6640250384         4.4758448695       -17.4751958631
        4.0700058000         0.9000000000         0.6716820190         4.4069441781       -17.2757338904
        4.0750047000         0.9000000000         0.6665773653         4.3508028740       -17.4087085389
        4.0800054000         0.9000000000         0.6818913264         4.2793503051       -17.0097845935
        4.0850049000         0.9000000000         0.6538157310         4.2053458588       -17.7411451600
        4.0900073000         0.9000000000         0.6818913264         4.1466526773       -17.0097845935
        4.0950064000         0.9000000000         0.6716820190         4.0803038633       -17.2757338904
        4.1000053000         0.9000000000         0.6742343459         4.0139550494       -17.2092465662
        4.1050037000         0.9000000000         0.6716820190         3.9399506031       -17.2757338904
        4.1100035000         0.9000000000         0.6640250384         3.8761536666       -17.4751958631
        4.1150080000         0.9000000000         0.6716820190         3.8225642400       -17.2757338904
        4.1200068000         0.9000000000         0.6895483070         3.7562154260       -16.8103226209
        4.1250053000         0.9000000000         0.6767866727         3.6847628572       -17.1427592420
        4.1300064000         0.9000000000         0.6640250384         3.6082065334       -17.4751958631
        4.1350043000         0.9000000000         0.6716820190         3.5444095970       -17.2757338904
        4.1400061000         0.9000000000         0.6640250384         3.4857164154       -17.4751958631
        4.1450035000         0.9000000000         0.6818913264         3.4168157240       -17.0097845935
        4.1500063000         0.9000000000         0.6818913264         3.3581225424       -17.0097845935
        4.1550059000         0.9000000000         0.6614727116         3.2841180961       -17.5416831873
        4.1600062000         0.9000000000         0.6767866727         3.2177692822       -17.1427592420
        4.1650060000         0.9000000000         0.6844436533         3.1616279781       -16.9432972693
        4.1700065000         0.9000000000         0.6716820190         3.0952791642       -17.2757338904
        4.1750057000         0.9000000000         0.6742343459         3.0263784728       -17.2092465662
        4.1800055000         0.9000000000         0.6691296922         2.9523740265       -17.3422212147
        4.1850066000         0.9000000000         0.6742343459         2.8809214576       -17.2092465662
        4.1900045000         0.9000000000         0.6716820190         2.8273320310       -17.2757338904
        4.1950054000         0.9000000000         0.6691296922         2.7584313396       -17.3422212147
        4.2000054000         0.9000000000         0.6742343459         2.6920825256       -17.2092465662
        4.2050067000         0.9000000000         0.6665773653         2.6282855892       -17.4087085389
        4.2100066000         0.9000000000         0.6818913264         2.5644886527       -17.0097845935
        4.2150064000         0.9000000000         0.6767866727         2.4853804515       -17.1427592420
        4.2200053000         0.9000000000         0.6538157310         2.4241353924       -17.7411451600
        4.2250040000         0.9000000000         0.6614727116         2.3552347011       -17.5416831873
        4.2300040000         0.9000000000         0.6691296922         2.2888858871       -17.3422212147
        4.2350485000         0.9000000000         0.6589203847         2.2199851957       -17.6081705116
        4.2400030000         0.9000000000         0.6589203847         2.1561882593       -17.6081705116
        4.2450029000         0.9000000000         0.6716820190         2.0949432002       -17.2757338904
        4.2500036000         0.9000000000         0.6716820190         2.0285943863       -17.2757338904
        4.2550045000         0.9000000000         0.6614727116         1.9545899400       -17.5416831873
        4.2600067000         0.9000000000         0.6665773653         1.8933448810       -17.4087085389
        4.2650062000         0.9000000000         0.6614727116         1.8218923121       -17.5416831873
        4.2700064000         0.9000000000         0.6742343459         1.7657510080       -17.2092465662
        4.2750039000         0.9000000000         0.6665773653         1.6994021941       -17.4087085389
        4.2800046000         0.9000000000         0.6640250384         1.6330533802       -17.4751958631
        4.2850030000         0.9000000000         0.6589203847         1.5641526888       -17.6081705116
        4.2900046000         0.9000000000         0.6716820190         1.4978038748       -17.2757338904
        4.2950037000         0.9000000000         0.6716820190         1.4314550609       -17.2757338904
        4.3000031000         0.9000000000         0.6563680579         1.3727618793       -17.6746578358
        4.3050057000         0.9000000000         0.6716820190         1.2936536781       -17.2757338904
        4.3100042000         0.9000000000         0.6640250384         1.2349604965       -17.4751958631
        4.3150305000         0.9000000000         0.6589203847         1.1609560502       -17.6081705116
        4.3200039000         0.9000000000         0.6538157310         1.0946072363       -17.7411451600
        4.3250784000         0.9000000000         0.6716820190         1.0384659322       -17.2757338904
        4.3300029000         0.9000000000         0.6589203847         0.9593577310       -17.6081705116
        4.3350043000         0.9000000000         0.6538157310         0.8981126720       -17.7411451600
        4.3400042000         0.9000000000         0.6614727116         0.8241082257       -17.5416831873
        4.3450030000         0.9000000000         0.6563680579         0.7654150441       -17.6746578358
        4.3500104000         0.9000000000         0.6742343459         0.6965143527       -17.2092465662
        4.3550049000         0.9000000000         0.6640250384         0.6225099064       -17.4751958631
        4.3600050000         0.9000000000         0.6640250384         0.5510573375       -17.4751958631
        4.3650048000         0.9000000000         0.6512634042         0.4847085236       -17.8076324843
        4.3700048000         0.9000000000         0.6563680579         0.4056003224       -17.6746578358
        4.3750042000         0.9000000000         0.6665773653         0.3469071408       -17.4087085389
        4.3800027000         0.9000000000         0.6716820190         0.2805583269       -17.2757338904
        4.3850022000         0.9000000000         0.6665773653         0.2040020031       -17.4087085389
        4.3900043000         0.9000000000         0.6665773653         0.1427569441       -17.4087085389
        4.3950043000         0.9000000000         0.6512634042         0.0585449879       -17.8076324843
        4.4000047000         0.9000000000         0.6716820190         0.0075074388       -17.2757338904
        4.4050098000         0.9000000000         0.6359494430        -0.0001481936       -18.2065564296
        4.4100038000         0.9000000000         0.6665773653         1.1073666236       -17.4087085389
        4.4150043000         0.9000000000         0.6614727116         5.0117391359       -17.5416831873
        4.4200033000         0.9000000000         0.6691296922         5.0015316260       -17.3422212147
        4.4250016000         0.9000000000         0.6410540967         4.9530459543       -18.0735817812
        4.4300017000         0.9000000000         0.6742343459         4.8918008953       -17.2092465662
        4.4350025000         0.9000000000         0.6614727116         4.8152445715       -17.5416831873
        4.4400021000         0.9000000000         0.6538157310         4.7514476351       -17.7411451600
        4.4450082000         0.9000000000         0.6844436533         4.6850988211       -16.9432972693
        4.4500037000         0.9000000000         0.6589203847         4.6059906199       -17.6081705116
        4.4550057000         0.9000000000         0.6742343459         4.5472974383       -17.2092465662
        4.4600066000         0.9000000000         0.6614727116         4.4681892371       -17.5416831873
        4.4650068000         0.9000000000         0.6742343459         4.4043923006       -17.2092465662
        4.4700054000         0.9000000000         0.6793389996         4.3380434867       -17.0762719178
        4.4750068000         0.9000000000         0.6512634042         4.2691427953       -17.8076324843
        4.4800048000         0.9000000000         0.6640250384         4.2027939814       -17.4751958631
        4.4850068000         0.9000000000         0.6716820190         4.1364451674       -17.2757338904
        4.4900047000         0.9000000000         0.6614727116         4.0726482310       -17.5416831873
        4.4950059000         0.9000000000         0.6793389996         4.0062994170       -17.0762719178
        4.5000075000         0.9000000000         0.6716820190         3.9373987256       -17.2757338904
        4.5050073000         0.9000000000         0.6742343459         3.8787055441       -17.2092465662
        4.5100049000         0.9000000000         0.6716820190         3.8021492203       -17.2757338904
        4.5150066000         0.9000000000         0.6614727116         3.7383522838       -17.5416831873
        4.5200080000         0.9000000000         0.6716820190         3.6694515924       -17.2757338904
        4.5250080000         0.9000000000         0.6793389996         3.6056546560       -17.0762719178
        4.5300040000         0.9000000000         0.6716820190         3.5444095970       -17.2757338904
        4.5350067000         0.9000000000         0.6716820190         3.4831645379       -17.2757338904
        4.5400065000         0.9000000000         0.6716820190         3.4040563367       -17.2757338904
        4.5450066000         0.9000000000         0.6640250384         3.3428112777       -17.4751958631
        4.5500086000         0.9000000000         0.6589203847         3.2713587088       -17.6081705116
        4.5550060000         0.9000000000         0.6691296922         3.2024580174       -17.3422212147
        4.5600066000         0.9000000000         0.6767866727         3.1437648359       -17.1427592420
        4.5650070000         0.9000000000         0.6589203847         3.0774160220       -17.6081705116
        4.5700047000         0.9000000000         0.6691296922         3.0110672080       -17.3422212147
        4.5750077000         0.9000000000         0.6742343459         2.9421665166       -17.2092465662
        4.5800068000         0.9000000000         0.6614727116         2.8707139478       -17.5416831873
        4.5850060000         0.9000000000         0.6716820190         2.8120207662       -17.2757338904
        4.5900047000         0.9000000000         0.6716820190         2.7482238297       -17.2757338904
        4.5950097000         0.9000000000         0.6563680579         2.6793231383       -17.6746578358
        4.6001283000         0.9000000000         0.6589203847         2.6078705695       -17.6081705116
        4.6050065000         0.9000000000         0.6716820190         2.5415217556       -17.2757338904
        4.6100065000         0.9000000000         0.6716820190         2.4726210642       -17.2757338904
        4.6150132000         0.9000000000         0.6640250384         2.4190316375       -17.4751958631
        4.6200103000         0.9000000000         0.6640250384         2.3322678039       -17.4751958631
        4.6250055000         0.9000000000         0.6640250384         2.2761264998       -17.4751958631
        4.6300066000         0.9000000000         0.6614727116         2.2097776859       -17.5416831873
        4.6350049000         0.9000000000         0.6691296922         2.1485326269       -17.3422212147
        4.6400069000         0.9000000000         0.6665773653         2.0745281806       -17.4087085389
        4.6450055000         0.9000000000         0.6614727116         2.0030756117       -17.5416831873
        4.6500062000         0.9000000000         0.6385017699         1.9316230429       -18.1400691054
        4.6550059000         0.9000000000         0.6640250384         1.8729298613       -17.4751958631
        4.6600075000         0.9000000000         0.6640250384         1.8065810474       -17.4751958631
        4.6650062000         0.9000000000         0.6640250384         1.7453359884       -17.4751958631
        4.6700079000         0.9000000000         0.6563680579         1.6662277871       -17.6746578358
        4.6750070000         0.9000000000         0.6461587505         1.6075346056       -17.9406071327
        4.6800066000         0.9000000000         0.6640250384         1.5411857916       -17.4751958631
        4.6850054000         0.9000000000         0.6716820190         1.4824926101       -17.2757338904
        4.6900049000         0.9000000000         0.6614727116         1.4059362863       -17.5416831873
        4.6950052000         0.9000000000         0.6563680579         1.3395874724       -17.6746578358
        4.7000060000         0.9000000000         0.6614727116         1.2655830261       -17.5416831873
        4.7050066000         0.9000000000         0.6538157310         1.2043379670       -17.7411451600
        4.7100067000         0.9000000000         0.6436064236         1.1354372756       -18.0070944569
        4.7150080000         0.9000000000         0.6589203847         1.0690884617       -17.6081705116
        4.7200050000         0.9000000000         0.6665773653         1.0052915252       -17.4087085389
        4.7250121000         0.9000000000         0.6691296922         0.9363908338       -17.3422212147
        4.7300048000         0.9000000000         0.6614727116         0.8725938974       -17.5416831873
        4.7350049000         0.9000000000         0.6589203847         0.7909338187       -17.6081705116
        4.7400045000         0.9000000000         0.6512634042         0.7271368822       -17.8076324843
        4.7450049000         0.9000000000         0.6640250384         0.6633399457       -17.4751958631
        4.7500059000         0.9000000000         0.6665773653         0.5867836220       -17.4087085389
        4.7550051000         0.9000000000         0.6589203847         0.5280904404       -17.6081705116
        4.7600048000         0.9000000000         0.6614727116         0.4566378716       -17.5416831873
        4.7650036000         0.9000000000         0.6665773653         0.3928409351       -17.4087085389
        4.7700052000         0.9000000000         0.6665773653         0.3162846113       -17.4087085389
        4.7750049000         0.9000000000         0.6512634042         0.2422801650       -17.8076324843
        4.7800047000         0.9000000000         0.6614727116         0.1708275961       -17.5416831873
        4.7850060000         0.9000000000         0.6665773653         0.1044787822       -17.4087085389
        4.7900060000         0.9000000000         0.6563680579         0.0330262134       -17.6746578358
        4.7950453000         0.9000000000         0.6640250384        -0.0052519485       -17.4751958631
        4.8000076000         0.9000000000         0.6563680579         0.0049555613       -17.6746578358
        4.8050069000         0.9000000000         0.6767866727         1.1150222560       -17.1427592420
        4.8100059000         0.9000000000         0.6818913264         5.0091872584       -17.0097845935
        4.8150062000         0.9000000000         0.6665773653         5.0117391359       -17.4087085389
        4.8200040000         0.9000000000         0.6793389996         4.9428384445       -17.0762719178
        4.8250046000         0.9000000000         0.6512634042         4.8611783658       -17.8076324843
        4.8300044000         0.9000000000         0.6691296922         4.7922776744       -17.3422212147
        4.8350047000         0.9000000000         0.6563680579         4.7131694732       -17.6746578358
        4.8400050000         0.9000000000         0.6818913264         4.6595800465       -17.0097845935
        4.8450051000         0.9000000000         0.6640250384         4.5906793551       -17.4751958631
        4.8500034000         0.9000000000         0.6640250384         4.5141230314       -17.4751958631
        4.8550050000         0.9000000000         0.6614727116         4.4477742174       -17.5416831873
        4.8600039000         0.9000000000         0.6691296922         4.3865291584       -17.3422212147
        4.8650036000         0.9000000000         0.6589203847         4.3099728347       -17.6081705116
        4.8700042000         0.9000000000         0.6716820190         4.2410721433       -17.2757338904
        4.8750041000         0.9000000000         0.6716820190         4.1798270842       -17.2757338904
        4.8800049000         0.9000000000         0.6410540967         4.1007188830       -18.0735817812
        4.8850048000         0.9000000000         0.6793389996         4.0445775789       -17.0762719178
        4.8900033000         0.9000000000         0.6538157310         3.9731250101       -17.7411451600
        4.8950035000         0.9000000000         0.6844436533         3.9144318285       -16.9432972693
        4.9000049000         0.9000000000         0.6665773653         3.8404273822       -17.4087085389
        4.9050040000         0.9000000000         0.6691296922         3.7791823232       -17.3422212147
        4.9100047000         0.9000000000         0.6538157310         3.7000741219       -17.7411451600
        4.9150073000         0.9000000000         0.6691296922         3.6388290629       -17.3422212147
        4.9200040000         0.9000000000         0.6665773653         3.5699283715       -17.4087085389
        4.9250053000         0.9000000000         0.6767866727         3.5163389449       -17.1427592420
        4.9300038000         0.9000000000         0.6691296922         3.4372307437       -17.3422212147
        4.9351267000         0.9000000000         0.6640250384         3.3657781748       -17.4751958631
        4.9400045000         0.9000000000         0.6665773653         3.3121887482       -17.4087085389
        4.9450038000         0.9000000000         0.6716820190         3.2356324244       -17.2757338904
        4.9500052000         0.9000000000         0.6716820190         3.1743873654       -17.2757338904
        4.9550278000         0.9000000000         0.6512634042         3.0978310416       -17.8076324843
        4.9600041000         0.9000000000         0.6640250384         3.0314822277       -17.4751958631
        4.9650035000         0.9000000000         0.6640250384         2.9676852912       -17.4751958631
        4.9700023000         0.9000000000         0.6563680579         2.9013364773       -17.6746578358
        4.9750018000         0.9000000000         0.6589203847         2.8324357859       -17.6081705116
        4.9800033000         0.9000000000         0.6665773653         2.7788463592       -17.4087085389
        4.9850034000         0.9000000000         0.6640250384         2.6997381580       -17.4751958631
        4.9900055000         0.9000000000         0.6538157310         2.6461487314       -17.7411451600
        4.9950044000         0.9000000000         0.6589203847         2.5695924076       -17.6081705116
        5.0000059000         0.9000000000         0.6640250384         2.5057954711       -17.4751958631
        5.0050067000         0.9000000000         0.6589203847         2.4368947797       -17.6081705116
        5.0100062000         0.9000000000         0.6563680579         2.3628903334       -17.6746578358
        5.0150034000         0.9000000000         0.6640250384         2.3041971519       -17.4751958631
        5.0200048000         0.9000000000         0.6512634042         2.2301927056       -17.8076324843
        5.0250049000         0.9000000000         0.6589203847         2.1714995240       -17.6081705116
        5.0300047000         0.9000000000         0.6640250384         2.0949432002       -17.4751958631
        5.0350028000         0.9000000000         0.6640250384         2.0285943863       -17.4751958631
        5.0400038000         0.9000000000         0.6487110773         1.9673493273       -17.8741198085
        5.0450034000         0.9000000000         0.6563680579         1.8933448810       -17.6746578358
        5.0500045000         0.9000000000         0.6589203847         1.8295479445       -17.6081705116
        5.0550031000         0.9000000000         0.6563680579         1.7606472531       -17.6746578358
        5.0600054000         0.9000000000         0.6589203847         1.6994021941       -17.6081705116
        5.0650037000         0.9000000000         0.6691296922         1.6381571351       -17.3422212147
        5.0700050000         0.9000000000         0.6589203847         1.5564970564       -17.6081705116
        5.0750050000         0.9000000000         0.6691296922         1.5054595072       -17.3422212147
        5.0800055000         0.9000000000         0.6563680579         1.4212475511       -17.6746578358
        5.0850054000         0.9000000000         0.6512634042         1.3676581244       -17.8076324843
        5.0900060000         0.9000000000         0.6716820190         1.3013093105       -17.2757338904
        5.0950077000         0.9000000000         0.6691296922         1.2273048642       -17.3422212147
        5.1000058000         0.9000000000         0.6461587505         1.1584041728       -17.9406071327
        5.1050045000         0.9000000000         0.6614727116         1.1048147461       -17.5416831873
        5.1100075000         0.9000000000         0.6665773653         1.0308102998       -17.4087085389
        5.1150046000         0.9000000000         0.6563680579         0.9542539761       -17.6746578358
        5.1200067000         0.9000000000         0.6538157310         0.8879051621       -17.7411451600
        5.1250041000         0.9000000000         0.6691296922         0.8139007158       -17.3422212147
        5.1300061000         0.9000000000         0.6487110773         0.7501037793       -17.8741198085
        5.1350050000         0.9000000000         0.6589203847         0.6786512105       -17.6081705116
        5.1400063000         0.9000000000         0.6512634042         0.6097505191       -17.8076324843
        5.1450061000         0.9000000000         0.6589203847         0.5357460728       -17.6081705116
        5.1500065000         0.9000000000         0.6512634042         0.4668453814       -17.8076324843
        5.1550037000         0.9000000000         0.6512634042         0.4030484449       -17.8076324843
        5.1600063000         0.9000000000         0.6665773653         0.3315958761       -17.4087085389
        5.1650040000         0.9000000000         0.6614727116         0.2652470621       -17.5416831873
        5.1700084000         0.9000000000         0.6512634042         0.1861388609       -17.8076324843
        5.1750063000         0.9000000000         0.6716820190         0.1274456793       -17.2757338904
        5.1800142000         0.9000000000         0.6691296922         0.0483374781       -17.3422212147
        5.1850034000         0.9000000000         0.6614727116        -0.0052519485       -17.5416831873
        5.1900086000         0.9000000000         0.6512634042        -0.0052519485       -17.8076324843
        5.1950046000         0.9000000000         0.6691296922         1.1022628687       -17.3422212147
        5.2000040000         0.9000000000         0.6257401356         5.0066353810       -18.4725057265
        5.2050049000         0.9000000000         0.6818913264         5.0142910133       -17.0097845935
        5.2100049000         0.9000000000         0.6691296922         4.9555978318       -17.3422212147
        5.2150050000         0.9000000000         0.6614727116         4.8841452629       -17.5416831873
        5.2200032000         0.9000000000         0.6563680579         4.8050370617       -17.6746578358
        5.2250046000         0.9000000000         0.6512634042         4.7412401252       -17.8076324843
        5.2300040000         0.9000000000         0.6665773653         4.6697875564       -17.4087085389
        5.2350074000         0.9000000000         0.6614727116         4.6008868650       -17.5416831873
        5.2400041000         0.9000000000         0.6614727116         4.5268824187       -17.5416831873
        5.2450063000         0.9000000000         0.6640250384         4.4630854822       -17.4751958631
        5.2500046000         0.9000000000         0.6665773653         4.3916329133       -17.4087085389
        5.2550053000         0.9000000000         0.6767866727         4.3329397318       -17.1427592420
        5.2600068000         0.9000000000         0.6716820190         4.2589352855       -17.2757338904
        5.2650065000         0.9000000000         0.6793389996         4.2002421039       -17.0762719178
        5.2700065000         0.9000000000         0.6691296922         4.1160301478       -17.3422212147
        5.2750120000         0.9000000000         0.6716820190         4.0624407211       -17.2757338904
        5.2800052000         0.9000000000         0.6563680579         3.9935400297       -17.6746578358
        5.2850136000         0.9000000000         0.6818913264         3.9348468482       -17.0097845935
        5.2900048000         0.9000000000         0.6793389996         3.8684980342       -17.0762719178
        5.2950143000         0.9000000000         0.6716820190         3.7970454654       -17.2757338904
        5.3000094000         0.9000000000         0.6716820190         3.7306966515       -17.2757338904
        5.3050149000         0.9000000000         0.6767866727         3.6694515924       -17.1427592420
        5.3100080000         0.9000000000         0.6742343459         3.6056546560       -17.2092465662
        5.3150062000         0.9000000000         0.6691296922         3.5239945773       -17.3422212147
        5.3200105000         0.9000000000         0.6767866727         3.4627495183       -17.1427592420
        5.3250100000         0.9000000000         0.6716820190         3.3964007043       -17.2757338904
        5.3300101000         0.9000000000         0.6742343459         3.3326037679       -17.2092465662
        5.3350146000         0.9000000000         0.6589203847         3.2637030765       -17.6081705116
        5.3400092000         0.9000000000         0.6691296922         3.1948023851       -17.3422212147
        5.3450063000         0.9000000000         0.6691296922         3.1310054486       -17.3422212147
        5.3500071000         0.9000000000         0.6716820190         3.0672085121       -17.2757338904
        5.3550047000         0.9000000000         0.6640250384         2.9957559433       -17.4751958631
        5.3600031000         0.9000000000         0.6742343459         2.9370627617       -17.2092465662
        5.3650046000         0.9000000000         0.6487110773         2.8656101929       -17.8741198085
        5.3700045000         0.9000000000         0.6742343459         2.8069170113       -17.2092465662
        5.3750050000         0.9000000000         0.6742343459         2.7329125650       -17.2092465662
        5.3800995000         0.9000000000         0.6665773653         2.6614599961       -17.4087085389
        5.3850057000         0.9000000000         0.6614727116         2.6027668146       -17.5416831873
        5.3900036000         0.9000000000         0.6589203847         2.5338661232       -17.6081705116
        5.3950127000         0.9000000000         0.6640250384         2.4675173092       -17.4751958631
        5.4000030000         0.9000000000         0.6538157310         2.3986166179       -17.7411451600
        5.4050056000         0.9000000000         0.6665773653         2.3297159265       -17.4087085389
        5.4100061000         0.9000000000         0.6589203847         2.2659189900       -17.6081705116
        5.4150058000         0.9000000000         0.6614727116         2.1944664211       -17.5416831873
        5.4200077000         0.9000000000         0.6716820190         2.1383251170       -17.2757338904
        5.4250061000         0.9000000000         0.6640250384         2.0592169158       -17.4751958631
        5.4300045000         0.9000000000         0.6665773653         1.9928681019       -17.4087085389
        5.4350076000         0.9000000000         0.6716820190         1.9341749203       -17.2757338904
        5.4400056000         0.9000000000         0.6691296922         1.8550667191       -17.3422212147
        5.4450062000         0.9000000000         0.6589203847         1.7912697826       -17.6081705116
        5.4500055000         0.9000000000         0.6538157310         1.7325766011       -17.7411451600
        5.4550074000         0.9000000000         0.6563680579         1.6662277871       -17.6746578358
        5.4600039000         0.9000000000         0.6538157310         1.5973270957       -17.7411451600
        5.4650071000         0.9000000000         0.6640250384         1.5258745269       -17.4751958631
        5.4700042000         0.9000000000         0.6691296922         1.4697332228       -17.3422212147
        5.4750073000         0.9000000000         0.6614727116         1.4033844088       -17.5416831873
        5.4800066000         0.9000000000         0.6461587505         1.3242762076       -17.9406071327
        5.4850061000         0.9000000000         0.6691296922         1.2681349035       -17.3422212147
        5.4900041000         0.9000000000         0.6589203847         1.2043379670       -17.6081705116
        5.4950062000         0.9000000000         0.6512634042         1.1201260109       -17.8076324843
        5.5000071000         0.9000000000         0.6716820190         1.0665365843       -17.2757338904
        5.5050065000         0.9000000000         0.6563680579         0.9950840154       -17.6746578358
        5.5100041000         0.9000000000         0.6512634042         0.9236314466       -17.8076324843
        5.5150066000         0.9000000000         0.6614727116         0.8572826326       -17.5416831873
        5.5200563000         0.9000000000         0.6640250384         0.7883819412       -17.4751958631
        5.5250122000         0.9000000000         0.6665773653         0.7169293724       -17.4087085389
        5.5300229000         0.9000000000         0.6538157310         0.6505805584       -17.7411451600
        5.5350059000         0.9000000000         0.6589203847         0.5740242347       -17.6081705116
        5.5400048000         0.9000000000         0.6538157310         0.5051235433       -17.7411451600
        5.5450040000         0.9000000000         0.6640250384         0.4438784843       -17.4751958631
        5.5500122000         0.9000000000         0.6538157310         0.3647702830       -17.7411451600
        5.5550042000         0.9000000000         0.6640250384         0.2933177142       -17.4751958631
        5.5600062000         0.9000000000         0.6538157310         0.2218651453       -17.7411451600
        5.5650056000         0.9000000000         0.6512634042         0.1555163314       -17.8076324843
        5.5700054000         0.9000000000         0.6716820190         0.0866156400       -17.2757338904
        5.5750042000         0.9000000000         0.6461587505         0.0126111937       -17.9406071327
        5.5800058000         0.9000000000         0.6665773653        -0.0078038260       -17.4087085389
        5.5850060000         0.9000000000         0.6589203847         1.1150222560       -17.6081705116
        5.5900070000         0.9000000000         0.6589203847         4.9989797486       -17.6081705116
        5.5950050000         0.9000000000         0.6538157310         5.0066353810       -17.7411451600
        5.6000035000         0.9000000000         0.6487110773         4.9785647289       -17.8741198085
        5.6050042000         0.9000000000         0.6691296922         4.9071121601       -17.3422212147
        5.6100116000         0.9000000000         0.6589203847         4.8382114687       -17.6081705116
        5.6150054000         0.9000000000         0.6512634042         4.7718626547       -17.8076324843
        5.6200046000         0.9000000000         0.6410540967         4.6902025760       -18.0735817812
        5.6250040000         0.9000000000         0.6589203847         4.6238537621       -17.6081705116
        5.6300052000         0.9000000000         0.6538157310         4.5549530707       -17.7411451600
        5.6350033000         0.9000000000         0.6691296922         4.4937080117       -17.3422212147
        5.6400051000         0.9000000000         0.6691296922         4.4273591978       -17.3422212147
        5.6450048000         0.9000000000         0.6589203847         4.3482509965       -17.6081705116
        5.6500052000         0.9000000000         0.6640250384         4.2870059375       -17.4751958631
        5.6550036000         0.9000000000         0.6563680579         4.2155533687       -17.6746578358
        5.6600048000         0.9000000000         0.6614727116         4.1492045547       -17.5416831873
        5.6650031000         0.9000000000         0.6691296922         4.0828557408       -17.3422212147
        5.6700023000         0.9000000000         0.6665773653         4.0165069269       -17.4087085389
        5.6750050000         0.9000000000         0.6563680579         3.9450543580       -17.6746578358
        5.6800046000         0.9000000000         0.6767866727         3.8863611765       -17.1427592420
        5.6850067000         0.9000000000         0.6589203847         3.8149086076       -17.6081705116
        5.6900028000         0.9000000000         0.6614727116         3.7460079162       -17.5416831873
        5.6950028000         0.9000000000         0.6818913264         3.6924184896       -17.0097845935
        5.7000025000         0.9000000000         0.6614727116         3.6158621658       -17.5416831873
        5.7050047000         0.9000000000         0.6767866727         3.5571689842       -17.1427592420
        5.7100034000         0.9000000000         0.6538157310         3.4780607830       -17.7411451600
        5.7150039000         0.9000000000         0.6716820190         3.4244713564       -17.2757338904
        5.7200045000         0.9000000000         0.6818913264         3.3581225424       -17.0097845935
        5.7250038000         0.9000000000         0.6691296922         3.2943256060       -17.3422212147
        5.7300282000         0.9000000000         0.6665773653         3.2177692822       -17.4087085389
        5.7350053000         0.9000000000         0.6614727116         3.1488685908       -17.5416831873
        5.7400059000         0.9000000000         0.6487110773         3.0876235318       -17.8741198085
        5.7452084000         0.9000000000         0.6742343459         3.0161709629       -17.2092465662
        5.7500032000         0.9000000000         0.6793389996         2.9523740265       -17.0762719178
        5.7550037000         0.9000000000         0.6563680579         2.8809214576       -17.6746578358
        5.7600039000         0.9000000000         0.6563680579         2.8171245211       -17.6746578358
        5.7650661000         0.9000000000         0.6589203847         2.7456719523       -17.6081705116
        5.7700022000         0.9000000000         0.6665773653         2.6869787707       -17.4087085389
        5.7750042000         0.9000000000         0.6640250384         2.6257337117       -17.4751958631
        5.7800060000         0.9000000000         0.6665773653         2.5440736330       -17.4087085389
        5.7850053000         0.9000000000         0.6716820190         2.4802766965       -17.2757338904
        5.7900035000         0.9000000000         0.6436064236         2.4139278826       -18.0070944569
        5.7950024000         0.9000000000         0.6640250384         2.3424753138       -17.4751958631
        5.8000034000         0.9000000000         0.6691296922         2.2837821322       -17.3422212147
        5.8050062000         0.9000000000         0.6640250384         2.2174333183       -17.4751958631
        5.8100056000         0.9000000000         0.6716820190         2.1510845043       -17.2757338904
        5.8150043000         0.9000000000         0.6640250384         2.0847356904       -17.4751958631
        5.8200068000         0.9000000000         0.6589203847         2.0056274892       -17.6081705116
        5.8250041000         0.9000000000         0.6512634042         1.9443824302       -17.8076324843
        5.8300035000         0.9000000000         0.6691296922         1.8831373711       -17.3422212147
        5.8350038000         0.9000000000         0.6665773653         1.8269960670       -17.4087085389
        5.8400042000         0.9000000000         0.6767866727         1.7555434982       -17.1427592420
        5.8450026000         0.9000000000         0.6691296922         1.6917465617       -17.3422212147
        5.8500041000         0.9000000000         0.6436064236         1.6126383605       -18.0070944569
        5.8550032000         0.9000000000         0.6563680579         1.5462895465       -17.6746578358
        5.8600030000         0.9000000000         0.6665773653         1.4773888552       -17.4087085389
        5.8650019000         0.9000000000         0.6512634042         1.4161437961       -17.8076324843
        5.8703420000         0.9000000000         0.6538157310         1.3446912273       -17.7411451600
        5.8752826000         0.9000000000         0.6767866727         1.2808942908       -17.1427592420
        5.8811744000         0.9000000000         0.6589203847         1.1941304572       -17.6081705116
        5.8850407000         0.9000000000         0.6614727116         1.1533004179       -17.5416831873
        5.8901595000         0.9000000000         0.6716820190         1.0895034814       -17.2757338904
        5.8951107000         0.9000000000         0.6614727116         1.0154990351       -17.5416831873
        5.9000035000         0.9000000000         0.6665773653         0.9491502211       -17.4087085389
        5.9050053000         0.9000000000         0.6563680579         0.8853532847       -17.6746578358
        5.9100056000         0.9000000000         0.6665773653         0.8113488384       -17.4087085389
        5.9150047000         0.9000000000         0.6665773653         0.7475519019       -17.4087085389
        5.9200034000         0.9000000000         0.6665773653         0.6786512105       -17.4087085389
        5.9250366000         0.9000000000         0.6640250384         0.6046467642       -17.4751958631
        5.9300046000         0.9000000000         0.6691296922         0.5357460728       -17.3422212147
        5.9350053000         0.9000000000         0.6614727116         0.4668453814       -17.5416831873
        5.9400035000         0.9000000000         0.6691296922         0.4056003224       -17.3422212147
        5.9450133000         0.9000000000         0.6767866727         0.3366996310       -17.1427592420
        5.9500088000         0.9000000000         0.6589203847         0.2626951847       -17.6081705116
        5.9550049000         0.9000000000         0.6716820190         0.1912426158       -17.2757338904
        5.9600042000         0.9000000000         0.6512634042         0.1146862920       -17.8076324843
        5.9650042000         0.9000000000         0.6742343459         0.0559931105       -17.2092465662
        5.9700048000         0.9000000000         0.6716820190         0.0024036839       -17.2757338904
        5.9750050000         0.9000000000         0.6665773653         0.0075074388       -17.4087085389
        5.9800044000         0.9000000000         0.6691296922         1.1048147461       -17.3422212147
        5.9850095000         0.9000000000         0.6716820190         5.0117391359       -17.2757338904
        5.9900042000         0.9000000000         0.6614727116         5.0142910133       -17.5416831873
        5.9950047000         0.9000000000         0.6793389996         4.9530459543       -17.0762719178
        6.0000060000         0.9000000000         0.6589203847         4.8764896306       -17.6081705116
        6.0050044000         0.9000000000         0.6563680579         4.8024851842       -17.6746578358
        6.0100029000         0.9000000000         0.6691296922         4.7386882478       -17.3422212147
        6.0150083000         0.9000000000         0.6640250384         4.6697875564       -17.4751958631
        6.0200046000         0.9000000000         0.6436064236         4.5906793551       -18.0070944569
        6.0250064000         0.9000000000         0.6742343459         4.5268824187       -17.2092465662
        6.0301353000         0.9000000000         0.6640250384         4.4656373597       -17.4751958631
        6.0350100000         0.9000000000         0.6614727116         4.3865291584       -17.5416831873
        6.0400067000         0.9000000000         0.6793389996         4.3303878543       -17.0762719178
        6.0450302000         0.9000000000         0.6563680579         4.2563834080       -17.6746578358
        6.0500094000         0.9000000000         0.6767866727         4.1976902265       -17.1427592420
        6.0550068000         0.9000000000         0.6869959802         4.1313414125       -16.8768099451
        6.0600032000         0.9000000000         0.6691296922         4.0573369662       -17.3422212147
        6.0650104000         0.9000000000         0.6844436533         3.9986437847       -16.9432972693
        6.0700062000         0.9000000000         0.6844436533         3.9271912158       -16.9432972693
        6.0750029000         0.9000000000         0.6716820190         3.8684980342       -17.2757338904
        6.0800037000         0.9000000000         0.6895483070         3.8021492203       -16.8103226209
        6.0850084000         0.9000000000         0.6665773653         3.7255928965       -17.4087085389
        6.0900069000         0.9000000000         0.6742343459         3.6643478375       -17.2092465662
        6.0950044000         0.9000000000         0.6895483070         3.5979990236       -16.8103226209
        6.1000087000         0.9000000000         0.6767866727         3.5367539646       -17.1427592420
        6.1050035000         0.9000000000         0.6793389996         3.4755089056       -17.0762719178
        6.1100048000         0.9000000000         0.6869959802         3.4066082142       -16.8768099451
        6.1150085000         0.9000000000         0.6665773653         3.3351556453       -17.4087085389
        6.1200123000         0.9000000000         0.6793389996         3.2739105863       -17.0762719178
        6.1250043000         0.9000000000         0.6818913264         3.1999061400       -17.0097845935
        6.1300037000         0.9000000000         0.6691296922         3.1335573261       -17.3422212147
        6.1350036000         0.9000000000         0.6716820190         3.0774160220       -17.2757338904
        6.1400046000         0.9000000000         0.6818913264         3.0110672080       -17.0097845935
        6.1450046000         0.9000000000         0.6767866727         2.9370627617       -17.1427592420
        6.1500040000         0.9000000000         0.6742343459         2.8809214576       -17.2092465662
        6.1550044000         0.9000000000         0.6716820190         2.8094688888       -17.2757338904
        6.1600059000         0.9000000000         0.6691296922         2.7431200748       -17.3422212147
        6.1650046000         0.9000000000         0.6640250384         2.6742193834       -17.4751958631
        6.1700116000         0.9000000000         0.6716820190         2.6155262019       -17.2757338904
        6.1750086000         0.9000000000         0.6793389996         2.5466255105       -17.0762719178
        6.1800086000         0.9000000000         0.6793389996         2.4777248191       -17.0762719178
        6.1850034000         0.9000000000         0.6614727116         2.4113760052       -17.5416831873
        6.1900072000         0.9000000000         0.6665773653         2.3399234363       -17.4087085389
        6.1950044000         0.9000000000         0.6716820190         2.2812302547       -17.2757338904
        6.2000106000         0.9000000000         0.6614727116         2.2021220535       -17.5416831873
        6.2051739000         0.9000000000         0.6742343459         2.1459807494       -17.2092465662
        6.2100045000         0.9000000000         0.6716820190         2.0847356904       -17.2757338904
        6.2150500000         0.9000000000         0.6640250384         2.0005237343       -17.4751958631
        6.2200053000         0.9000000000         0.6461587505         1.9341749203       -17.9406071327
        6.2250030000         0.9000000000         0.6589203847         1.8754817388       -17.6081705116
        6.2300051000         0.9000000000         0.6640250384         1.8091329248       -17.4751958631
        6.2350031000         0.9000000000         0.6716820190         1.7453359884       -17.2757338904
        6.2400038000         0.9000000000         0.6640250384         1.6815390519       -17.4751958631
        6.2450032000         0.9000000000         0.6538157310         1.6100864830       -17.7411451600
        6.2500058000         0.9000000000         0.6614727116         1.5462895465       -17.5416831873
        6.2550424000         0.9000000000         0.6716820190         1.4850444875       -17.2757338904
        6.2600033000         0.9000000000         0.6614727116         1.4110400412       -17.5416831873
        6.2650020000         0.9000000000         0.6589203847         1.3497949822       -17.6081705116
        6.2700030000         0.9000000000         0.6614727116         1.2732386584       -17.5416831873
        6.2750036000         0.9000000000         0.6640250384         1.2196492318       -17.4751958631
        6.2800067000         0.9000000000         0.6512634042         1.1379891531       -17.8076324843
        6.2850043000         0.9000000000         0.6665773653         1.0843997265       -17.4087085389
        6.2900063000         0.9000000000         0.6512634042         1.0052915252       -17.8076324843
        6.2950065000         0.9000000000         0.6665773653         0.9414945888       -17.4087085389
        6.3000062000         0.9000000000         0.6487110773         0.8700420199       -17.8741198085
        6.3050072000         0.9000000000         0.6665773653         0.8011413285       -17.4087085389
        6.3100058000         0.9000000000         0.6538157310         0.7322406371       -17.7411451600
        6.3150043000         0.9000000000         0.6538157310         0.6607880683       -17.7411451600
        6.3200042000         0.9000000000         0.6691296922         0.6046467642       -17.3422212147
        6.3250068000         0.9000000000         0.6538157310         0.5229866855       -17.7411451600
        6.3300336000         0.9000000000         0.6665773653         0.4591897490       -17.4087085389
        6.3350080000         0.9000000000         0.6589203847         0.3902890576       -17.6081705116
        6.3400064000         0.9000000000         0.6665773653         0.3162846113       -17.4087085389
        6.3450066000         0.9000000000         0.6563680579         0.2448320425       -17.6746578358
        6.3500052000         0.9000000000         0.6691296922         0.1784832285       -17.3422212147
        6.3550055000         0.9000000000         0.6665773653         0.1121344146       -17.4087085389
        6.3600033000         0.9000000000         0.6640250384         0.0457856007       -17.4751958631
        6.3650042000         0.9000000000         0.6614727116        -0.0001481936       -17.5416831873
        6.3700049000         0.9000000000         0.6614727116        -0.0001481936       -17.5416831873
        6.3750055000         0.9000000000         0.6742343459         1.1073666236       -17.2092465662
        6.3800074000         0.9000000000         0.6614727116         5.0015316260       -17.5416831873
        6.3850067000         0.9000000000         0.6512634042         4.9964278711       -17.8076324843
        6.3900057000         0.9000000000         0.6614727116         4.9377346896       -17.5416831873
        6.3950045000         0.9000000000         0.6487110773         4.8688339982       -17.8741198085
        6.4000058000         0.9000000000         0.6716820190         4.8024851842       -17.2757338904
        6.4050062000         0.9000000000         0.6793389996         4.7361363703       -17.0762719178
        6.4100059000         0.9000000000         0.6665773653         4.6570281691       -17.4087085389
        6.4150067000         0.9000000000         0.6691296922         4.5906793551       -17.3422212147
        6.4200063000         0.9000000000         0.6691296922         4.5115711539       -17.3422212147
        6.4250070000         0.9000000000         0.6614727116         4.4477742174       -17.5416831873
        6.4300052000         0.9000000000         0.6818913264         4.3865291584       -17.0097845935
        6.4350058000         0.9000000000         0.6793389996         4.3201803445       -17.0762719178
        6.4400419000         0.9000000000         0.6742343459         4.2487277756       -17.2092465662
        6.4456800000         0.9000000000         0.6742343459         4.1696195744       -17.2092465662
        6.4500575000         0.9000000000         0.6640250384         4.1185820252       -17.4751958631
        6.4550511000         0.9000000000         0.6844436533         4.0547850888       -16.9432972693
        6.4600067000         0.9000000000         0.6665773653         3.9884362748       -17.4087085389
        6.4650242000         0.9000000000         0.6818913264         3.9220874609       -17.0097845935
        6.4700297000         0.9000000000         0.6716820190         3.8506348920       -17.2757338904
        6.4750033000         0.9000000000         0.6742343459         3.7944935879       -17.2092465662
        6.4800042000         0.9000000000         0.6844436533         3.7332485289       -16.9432972693
        6.4850127000         0.9000000000         0.6716820190         3.6668997150       -17.2757338904
        6.4900041000         0.9000000000         0.6691296922         3.5954471461       -17.3422212147
        6.4950053000         0.9000000000         0.6895483070         3.5367539646       -16.8103226209
        6.5000034000         0.9000000000         0.6818913264         3.4704051506       -17.0097845935
        6.5050039000         0.9000000000         0.6691296922         3.3989525818       -17.3422212147
        6.5100165000         0.9000000000         0.6742343459         3.3326037679       -17.2092465662
        6.5151133000         0.9000000000         0.6640250384         3.2637030765       -17.4751958631
        6.5200502000         0.9000000000         0.6869959802         3.1973542625       -16.8768099451
        6.5250050000         0.9000000000         0.6793389996         3.1335573261       -17.0762719178
        6.5300199000         0.9000000000         0.6691296922         3.0697603896       -17.3422212147
        6.5350039000         0.9000000000         0.6716820190         3.0059634531       -17.2757338904
        6.5400062000         0.9000000000         0.6767866727         2.9370627617       -17.1427592420
        6.5450070000         0.9000000000         0.6716820190         2.8707139478       -17.2757338904
        6.5500048000         0.9000000000         0.6869959802         2.8094688888       -16.8768099451
        6.5550089000         0.9000000000         0.6767866727         2.7354644424       -17.1427592420
        6.5600068000         0.9000000000         0.6767866727         2.6818750158       -17.1427592420
        6.5650041000         0.9000000000         0.6640250384         2.6078705695       -17.4751958631
        6.5700098000         0.9000000000         0.6716820190         2.5415217556       -17.2757338904
        6.5750081000         0.9000000000         0.6614727116         2.4675173092       -17.5416831873
        6.5800075000         0.9000000000         0.6691296922         2.4037203728       -17.3422212147
        6.5850092000         0.9000000000         0.6742343459         2.3399234363       -17.2092465662
        6.5900062000         0.9000000000         0.6538157310         2.2684708674       -17.7411451600
        6.5951467000         0.9000000000         0.6691296922         2.2097776859       -17.3422212147
        6.6000060000         0.9000000000         0.6665773653         2.1383251170       -17.4087085389
        6.6050051000         0.9000000000         0.6742343459         2.0770800580       -17.2092465662
        6.6100040000         0.9000000000         0.6716820190         2.0132831215       -17.2757338904
        6.6150072000         0.9000000000         0.6512634042         1.9316230429       -17.8076324843
        6.6200059000         0.9000000000         0.6563680579         1.8729298613       -17.6746578358
        6.6250035000         0.9000000000         0.6691296922         1.8065810474       -17.3422212147
        6.6300035000         0.9000000000         0.6665773653         1.7351284785       -17.4087085389
        6.6350041000         0.9000000000         0.6614727116         1.6738834195       -17.5416831873
        6.6400026000         0.9000000000         0.6436064236         1.6075346056       -18.0070944569
        6.6450081000         0.9000000000         0.6665773653         1.5411857916       -17.4087085389
        6.6500096000         0.9000000000         0.6589203847         1.4748369777       -17.6081705116
        6.6550043000         0.9000000000         0.6614727116         1.4135919187       -17.5416831873
        6.6600072000         0.9000000000         0.6512634042         1.3421393498       -17.8076324843
        6.6650066000         0.9000000000         0.6691296922         1.2732386584       -17.3422212147
        6.6700084000         0.9000000000         0.6614727116         1.2094417220       -17.5416831873
        6.6750030000         0.9000000000         0.6538157310         1.1379891531       -17.7411451600
        6.6800039000         0.9000000000         0.6640250384         1.0716403392       -17.4751958631
        6.6850142000         0.9000000000         0.6614727116         1.0027396478       -17.5416831873
        6.6900044000         0.9000000000         0.6691296922         0.9414945888       -17.3422212147
        6.6950062000         0.9000000000         0.6614727116         0.8674901425       -17.5416831873
        6.7000077000         0.9000000000         0.6640250384         0.7985894511       -17.4751958631
        6.7050025000         0.9000000000         0.6487110773         0.7245850047       -17.8741198085
        6.7100103000         0.9000000000         0.6538157310         0.6607880683       -17.7411451600
        6.7150063000         0.9000000000         0.6716820190         0.5995430093       -17.2757338904
        6.7200052000         0.9000000000         0.6538157310         0.5178829306       -17.7411451600
        6.7250036000         0.9000000000         0.6589203847         0.4489822392       -17.6081705116
        6.7300048000         0.9000000000         0.6538157310         0.3800815478       -17.7411451600
        6.7350030000         0.9000000000         0.6512634042         0.3086289789       -17.8076324843
        6.7400039000         0.9000000000         0.6563680579         0.2499357974       -17.6746578358
        6.7450044000         0.9000000000         0.6665773653         0.1784832285       -17.4087085389
        6.7500031000         0.9000000000         0.6691296922         0.1044787822       -17.3422212147
        6.7550385000         0.9000000000         0.6487110773         0.0355780908       -17.8741198085
        6.7600026000         0.9000000000         0.6640250384         0.0024036839       -17.4751958631
        6.7650049000         0.9000000000         0.6410540967        -0.0052519485       -18.0735817812
        6.7700034000         0.9000000000         0.6614727116         1.1099185011       -17.5416831873
        6.7750037000         0.9000000000         0.6589203847         4.9989797486       -17.6081705116
        6.7800038000         0.9000000000         0.6538157310         4.9938759937       -17.7411451600
        6.7850041000         0.9000000000         0.6640250384         4.9300790572       -17.4751958631
        6.7900034000         0.9000000000         0.6487110773         4.8586264883       -17.8741198085
        6.7950039000         0.9000000000         0.6691296922         4.7871739195       -17.3422212147
        6.8000044000         0.9000000000         0.6691296922         4.7208251056       -17.3422212147
        6.8050050000         0.9000000000         0.6895483070         4.6442687818       -16.8103226209
        6.8100049000         0.9000000000         0.6563680579         4.5855756002       -17.6746578358
        6.8150032000         0.9000000000         0.6640250384         4.5090192765       -17.4751958631
        6.8200043000         0.9000000000         0.6691296922         4.4452223400       -17.3422212147
        6.8250064000         0.9000000000         0.6614727116         4.3788735260       -17.5416831873
        6.8300025000         0.9000000000         0.6742343459         4.3099728347       -17.2092465662
        6.8350043000         0.9000000000         0.6818913264         4.2461758982       -17.0097845935
        6.8400042000         0.9000000000         0.6640250384         4.1696195744       -17.4751958631
        6.8450050000         0.9000000000         0.6640250384         4.0981670056       -17.4751958631
        6.8500058000         0.9000000000         0.6793389996         4.0471294564       -17.0762719178
        6.8550054000         0.9000000000         0.6512634042         3.9705731326       -17.8076324843
        6.8600043000         0.9000000000         0.6767866727         3.9016724412       -17.1427592420
        6.8650042000         0.9000000000         0.6691296922         3.8429792597       -17.3422212147
        6.8700036000         0.9000000000         0.6793389996         3.7817342006       -17.0762719178
        6.8750055000         0.9000000000         0.6691296922         3.7153853867       -17.3422212147
        6.8800042000         0.9000000000         0.6844436533         3.6464846953       -16.9432972693
        6.8850139000         0.9000000000         0.6716820190         3.5750321265       -17.2757338904
        6.8900035000         0.9000000000         0.6691296922         3.5086833125       -17.3422212147
        6.8950051000         0.9000000000         0.6742343459         3.4525420084       -17.2092465662
        6.9000028000         0.9000000000         0.6793389996         3.3836413170       -17.0762719178
        6.9050037000         0.9000000000         0.6589203847         3.3147406256       -17.6081705116
        6.9100042000         0.9000000000         0.6563680579         3.2407361793       -17.6746578358
        6.9150044000         0.9000000000         0.6640250384         3.1692836105       -17.4751958631
        6.9200049000         0.9000000000         0.6538157310         3.1080385515       -17.7411451600
        6.9250057000         0.9000000000         0.6716820190         3.0442416150       -17.2757338904
        6.9300054000         0.9000000000         0.6716820190         2.9778928011       -17.2757338904
        6.9350052000         0.9000000000         0.6665773653         2.9089921097       -17.4087085389
        6.9400068000         0.9000000000         0.6589203847         2.8554026830       -17.6081705116
        6.9450052000         0.9000000000         0.6691296922         2.7839501142       -17.3422212147
        6.9500031000         0.9000000000         0.6691296922         2.7073937904       -17.3422212147
        6.9550037000         0.9000000000         0.6512634042         2.6410449765       -17.8076324843
        6.9600042000         0.9000000000         0.6614727116         2.5772480400       -17.5416831873
        6.9650053000         0.9000000000         0.6665773653         2.5160029810       -17.4087085389
        6.9700041000         0.9000000000         0.6716820190         2.4522060445       -17.2757338904
        6.9750059000         0.9000000000         0.6716820190         2.3858572306       -17.2757338904
        6.9800063000         0.9000000000         0.6665773653         2.3067490293       -17.4087085389
        6.9850036000         0.9000000000         0.6563680579         2.2378483379       -17.6746578358
        6.9900026000         0.9000000000         0.6614727116         2.1791551564       -17.5416831873
        6.9950037000         0.9000000000         0.6665773653         2.1077025875       -17.4087085389
        7.0000036000         0.9000000000         0.6512634042         2.0336981412       -17.8076324843
        7.0050072000         0.9000000000         0.6589203847         1.9673493273       -17.6081705116
        7.0100026000         0.9000000000         0.6589203847         1.8958967584       -17.6081705116
        7.0150024000         0.9000000000         0.6359494430         1.8397554543       -18.2065564296
        7.0200031000         0.9000000000         0.6640250384         1.7734066404       -17.4751958631
        7.0250037000         0.9000000000         0.6563680579         1.7096097039       -17.6746578358
        7.0300025000         0.9000000000         0.6665773653         1.6356052576       -17.4087085389
        7.0350031000         0.9000000000         0.6563680579         1.5743601986       -17.6746578358
        7.0400025000         0.9000000000         0.6589203847         1.5003557523       -17.6081705116
        7.0450039000         0.9000000000         0.6640250384         1.4365588158       -17.4751958631
        7.0500044000         0.9000000000         0.6461587505         1.3676581244       -17.9406071327
        7.0550033000         0.9000000000         0.6742343459         1.3064130654       -17.2092465662
        7.0600037000         0.9000000000         0.6614727116         1.2349604965       -17.5416831873
        7.0650040000         0.9000000000         0.6640250384         1.1686116826       -17.4751958631
        7.0700041000         0.9000000000         0.6512634042         1.1022628687       -17.8076324843
        7.0750042000         0.9000000000         0.6614727116         1.0333621773       -17.5416831873
        7.0800024000         0.9000000000         0.6512634042         0.9568058535       -17.8076324843
        7.0850041000         0.9000000000         0.6410540967         0.8955607945       -18.0735817812
        7.0900016000         0.9000000000         0.6665773653         0.8266601031       -17.4087085389
        7.0950064000         0.9000000000         0.6563680579         0.7577594117       -17.6746578358
        7.1000039000         0.9000000000         0.6563680579         0.6888587203       -17.6746578358
        7.1050025000         0.9000000000         0.6538157310         0.6174061515       -17.7411451600
        7.1100033000         0.9000000000         0.6614727116         0.5459535826       -17.5416831873
        7.1150040000         0.9000000000         0.6563680579         0.4847085236       -17.6746578358
        7.1200038000         0.9000000000         0.6589203847         0.4056003224       -17.6081705116
        7.1250042000         0.9000000000         0.6716820190         0.3469071408       -17.2757338904
        7.1300039000         0.9000000000         0.6538157310         0.2754545720       -17.7411451600
        7.1350049000         0.9000000000         0.6614727116         0.2040020031       -17.5416831873
        7.1400027000         0.9000000000         0.6614727116         0.1325494343       -17.5416831873
        7.1450037000         0.9000000000         0.6589203847         0.0559931105       -17.6081705116
        7.1500047000         0.9000000000         0.6614727116        -0.0027000711       -17.5416831873
        7.1550022000         0.9000000000         0.6665773653         0.0049555613       -17.4087085389
        7.1600013000         0.9000000000         0.6640250384         1.1175741334       -17.4751958631
        7.1650042000         0.9000000000         0.6716820190         5.0117391359       -17.2757338904
        7.1700041000         0.9000000000         0.6487110773         5.0040835035       -17.8741198085
        7.1750051000         0.9000000000         0.6665773653         4.9658053416       -17.4087085389
        7.1800041000         0.9000000000         0.6793389996         4.8892490178       -17.0762719178
        7.1850030000         0.9000000000         0.6563680579         4.8152445715       -17.6746578358
        7.1900013000         0.9000000000         0.6563680579         4.7514476351       -17.6746578358
        7.1950014000         0.9000000000         0.6844436533         4.6850988211       -16.9432972693
        7.2000072000         0.9000000000         0.6589203847         4.6110943748       -17.6081705116
        7.2050032000         0.9000000000         0.6793389996         4.5447455609       -17.0762719178
        7.2100014000         0.9000000000         0.6665773653         4.4681892371       -17.4087085389
        7.2150030000         0.9000000000         0.6665773653         4.4069441781       -17.4087085389
        7.2200022000         0.9000000000         0.6716820190         4.3329397318       -17.2757338904
        7.2250065000         0.9000000000         0.6665773653         4.2640390404       -17.4087085389
        7.2300329000         0.9000000000         0.6640250384         4.1900345941       -17.4751958631
        7.2350415000         0.9000000000         0.6793389996         4.1389970449       -17.0762719178
        7.2400039000         0.9000000000         0.6563680579         4.0624407211       -17.6746578358
        7.2450031000         0.9000000000         0.6640250384         3.9909881523       -17.4751958631
        7.2500045000         0.9000000000         0.6716820190         3.9322949707       -17.2757338904
        7.2550032000         0.9000000000         0.6716820190         3.8659461568       -17.2757338904
        7.2600036000         0.9000000000         0.6410540967         3.8021492203       -18.0735817812
        7.2650045000         0.9000000000         0.6691296922         3.7332485289       -17.3422212147
        7.2700031000         0.9000000000         0.6818913264         3.6720034699       -17.0097845935
        7.2750034000         0.9000000000         0.6793389996         3.6056546560       -17.0762719178
        7.2800034000         0.9000000000         0.6665773653         3.5290983322       -17.4087085389
        7.2850036000         0.9000000000         0.6640250384         3.4678532732       -17.4751958631
        7.2900031000         0.9000000000         0.6793389996         3.4040563367       -17.0762719178
        7.2950043000         0.9000000000         0.6742343459         3.3402594002       -17.2092465662
        7.3000044000         0.9000000000         0.6563680579         3.2662549539       -17.6746578358
        7.3050031000         0.9000000000         0.6691296922         3.1999061400       -17.3422212147
        7.3100030000         0.9000000000         0.6793389996         3.1463167133       -17.0762719178
        7.3150035000         0.9000000000         0.6665773653         3.0799678994       -17.4087085389
        7.3200024000         0.9000000000         0.6767866727         3.0059634531       -17.1427592420
        7.3250039000         0.9000000000         0.6793389996         2.9447183941       -17.0762719178
        7.3300034000         0.9000000000         0.6512634042         2.8758177027       -17.8076324843
        7.3350033000         0.9000000000         0.6716820190         2.8120207662       -17.2757338904
        7.3400056000         0.9000000000         0.6640250384         2.7354644424       -17.4751958631
        7.3450518000         0.9000000000         0.6691296922         2.6716675060       -17.3422212147
        7.3500042000         0.9000000000         0.6614727116         2.6129743244       -17.5416831873
        7.3550059000         0.9000000000         0.6716820190         2.5389698781       -17.2757338904
        7.3600029000         0.9000000000         0.6716820190         2.4726210642       -17.2757338904
        7.3650034000         0.9000000000         0.6359494430         2.3960647404       -18.2065564296
        7.3700032000         0.9000000000         0.6614727116         2.3399234363       -17.5416831873
        7.3750122000         0.9000000000         0.6742343459         2.2710227449       -17.2092465662
        7.3800054000         0.9000000000         0.6665773653         2.2021220535       -17.4087085389
        7.3850062000         0.9000000000         0.6589203847         2.1383251170       -17.6081705116
        7.3900054000         0.9000000000         0.6538157310         2.0694244256       -17.7411451600
        7.3950066000         0.9000000000         0.6589203847         1.9928681019       -17.6081705116
        7.4000077000         0.9000000000         0.6614727116         1.9341749203       -17.5416831873
        7.4050045000         0.9000000000         0.6716820190         1.8678261064       -17.2757338904
        7.4100195000         0.9000000000         0.6665773653         1.8014772924       -17.4087085389
        7.4150042000         0.9000000000         0.6614727116         1.7402322334       -17.5416831873
        7.4200052000         0.9000000000         0.6538157310         1.6662277871       -17.7411451600
        7.4250065000         0.9000000000         0.6563680579         1.6049827281       -17.6746578358
        7.4300049000         0.9000000000         0.6461587505         1.5309782818       -17.9406071327
        7.4350076000         0.9000000000         0.6640250384         1.4646294679       -17.4751958631
        7.4400040000         0.9000000000         0.6589203847         1.3957287765       -17.6081705116
        7.4450150000         0.9000000000         0.6614727116         1.3421393498       -17.5416831873
        7.4500073000         0.9000000000         0.6691296922         1.2732386584       -17.3422212147
        7.4550064000         0.9000000000         0.6461587505         1.1966823347       -17.9406071327
        7.4600061000         0.9000000000         0.6589203847         1.1303335207       -17.6081705116
        7.4650075000         0.9000000000         0.6614727116         1.0690884617       -17.5416831873
        7.4700038000         0.9000000000         0.6385017699         0.9925321379       -18.1400691054
        7.4750062000         0.9000000000         0.6665773653         0.9312870789       -17.4087085389
        7.4800052000         0.9000000000         0.6436064236         0.8521788777       -18.0070944569
        7.4850060000         0.9000000000         0.6589203847         0.7858300638       -17.6081705116
        7.4900609000         0.9000000000         0.6538157310         0.7194812498       -17.7411451600
        7.4951325000         0.9000000000         0.6563680579         0.6480286810       -17.6746578358
        7.5000056000         0.9000000000         0.6665773653         0.5816798670       -17.4087085389
        7.5050054000         0.9000000000         0.6538157310         0.5204348080       -17.7411451600
        7.5100036000         0.9000000000         0.6538157310         0.4387747293       -17.7411451600
        7.5150036000         0.9000000000         0.6512634042         0.3673221605       -17.8076324843
        7.5200031000         0.9000000000         0.6589203847         0.3009733466       -17.6081705116
        7.5250019000         0.9000000000         0.6716820190         0.2371764101       -17.2757338904
        7.5300040000         0.9000000000         0.6410540967         0.1580682088       -18.0735817812
        7.5350041000         0.9000000000         0.6691296922         0.0942712724       -17.3422212147
        7.5400020000         0.9000000000         0.6589203847         0.0228187035       -17.6081705116
        7.5450034000         0.9000000000         0.6512634042        -0.0052519485       -17.8076324843
        7.5500041000         0.9000000000         0.6563680579         0.0049555613       -17.6746578358
        7.5550052000         0.9000000000         0.6793389996         5.0066353810       -17.0762719178
        7.5600055000         0.9000000000         0.6512634042         5.0142910133       -17.8076324843
        7.5650056000         0.9000000000         0.6614727116         4.9862203613       -17.5416831873
        7.5700040000         0.9000000000         0.6691296922         4.9173196699       -17.3422212147
        7.5750027000         0.9000000000         0.6538157310         4.8535227334       -17.7411451600
        7.5800023000         0.9000000000         0.6563680579         4.7820701646       -17.6746578358
        7.5850032000         0.9000000000         0.6614727116         4.7055138408       -17.5416831873
        7.5900026000         0.9000000000         0.6512634042         4.6289575170       -17.8076324843
        7.5950032000         0.9000000000         0.6691296922         4.5677124580       -17.3422212147
        7.6000045000         0.9000000000         0.6665773653         4.4962598892       -17.4087085389
        7.6050059000         0.9000000000         0.6665773653         4.4273591978       -17.4087085389
        7.6100046000         0.9000000000         0.6742343459         4.3635622613       -17.2092465662
        7.6150045000         0.9000000000         0.6589203847         4.2997653248       -17.6081705116
        7.6200041000         0.9000000000         0.6767866727         4.2232090010       -17.1427592420
        7.6250050000         0.9000000000         0.6767866727         4.1645158195       -17.1427592420
        7.6300057000         0.9000000000         0.6716820190         4.0930632506       -17.2757338904
        7.6350038000         0.9000000000         0.6665773653         4.0241625592       -17.4087085389
        7.6400034000         0.9000000000         0.6614727116         3.9603656228       -17.5416831873
        7.6450038000         0.9000000000         0.6665773653         3.8940168088       -17.4087085389
        7.6500060000         0.9000000000         0.6640250384         3.8251161174       -17.4751958631
        7.6550043000         0.9000000000         0.6793389996         3.7664229359       -17.0762719178
        7.6600066000         0.9000000000         0.6640250384         3.6873147347       -17.4751958631
        7.6650064000         0.9000000000         0.6665773653         3.6235177982       -17.4087085389
        7.6700043000         0.9000000000         0.6589203847         3.5520652293       -17.6081705116
        7.6750053000         0.9000000000         0.6512634042         3.4933720478       -17.8076324843
        7.6800060000         0.9000000000         0.6742343459         3.4219194789       -17.2092465662
        7.6850067000         0.9000000000         0.6818913264         3.3632262974       -17.0097845935
        7.6900036000         0.9000000000         0.6742343459         3.2994293609       -17.2092465662
        7.6950047000         0.9000000000         0.6640250384         3.2203211597       -17.4751958631
        7.7000067000         0.9000000000         0.6614727116         3.1514204683       -17.5416831873
        7.7050063000         0.9000000000         0.6512634042         3.0901754092       -17.8076324843
        7.7100074000         0.9000000000         0.6691296922         3.0263784728       -17.3422212147
        7.7150046000         0.9000000000         0.6640250384         2.9498221490       -17.4751958631
        7.7200025000         0.9000000000         0.6359494430         2.8936808449       -18.2065564296
        7.7250051000         0.9000000000         0.6691296922         2.8324357859       -17.3422212147
        7.7300066000         0.9000000000         0.6640250384         2.7660869720       -17.4751958631
        7.7350045000         0.9000000000         0.6640250384         2.6946344031       -17.4751958631
        7.7400067000         0.9000000000         0.6410540967         2.6155262019       -18.0735817812
        7.7450040000         0.9000000000         0.6614727116         2.5466255105       -17.5416831873
        7.7500060000         0.9000000000         0.6691296922         2.4828285740       -17.3422212147
        7.7550050000         0.9000000000         0.6614727116         2.4292391474       -17.5416831873
        7.7600061000         0.9000000000         0.6640250384         2.3577865785       -17.4751958631
        7.7650048000         0.9000000000         0.6487110773         2.2812302547       -17.8741198085
        7.7700062000         0.9000000000         0.6614727116         2.2148814408       -17.5416831873
        7.7750044000         0.9000000000         0.6538157310         2.1587401367       -17.7411451600
        7.7800055000         0.9000000000         0.6614727116         2.0898394453       -17.5416831873
        7.7850041000         0.9000000000         0.6614727116         2.0132831215       -17.5416831873
        7.7900064000         0.9000000000         0.6436064236         1.9443824302       -18.0070944569
        7.7950041000         0.9000000000         0.6563680579         1.8780336162       -17.6746578358
        7.8000022000         0.9000000000         0.6487110773         1.8091329248       -17.8741198085
        7.8050031000         0.9000000000         0.6614727116         1.7504397433       -17.5416831873
        7.8100060000         0.9000000000         0.6614727116         1.6840909293       -17.5416831873
        7.8150506000         0.9000000000         0.6410540967         1.6151902379       -18.0735817812
        7.8200056000         0.9000000000         0.6589203847         1.5462895465       -17.6081705116
        7.8250066000         0.9000000000         0.6665773653         1.4850444875       -17.4087085389
        7.8300056000         0.9000000000         0.6640250384         1.4110400412       -17.4751958631
        7.8350046000         0.9000000000         0.6461587505         1.3421393498       -17.9406071327
        7.8400063000         0.9000000000         0.6589203847         1.2706867810       -17.6081705116
        7.8450038000         0.9000000000         0.6512634042         1.1992342121       -17.8076324843
        7.8500056000         0.9000000000         0.6538157310         1.1430929080       -17.7411451600
        7.8551085000         0.9000000000         0.6665773653         1.0716403392       -17.4087085389
        7.8600060000         0.9000000000         0.6640250384         1.0052915252       -17.4751958631
        7.8650061000         0.9000000000         0.6538157310         0.9389427113       -17.7411451600
        7.8700045000         0.9000000000         0.6487110773         0.8598345101       -17.8741198085
        7.8750064000         0.9000000000         0.6691296922         0.8011413285       -17.3422212147
        7.8800039000         0.9000000000         0.6461587505         0.7322406371       -17.9406071327
        7.8850041000         0.9000000000         0.6538157310         0.6556843134       -17.7411451600
        7.8900043000         0.9000000000         0.6716820190         0.5918873769       -17.2757338904
        7.8950059000         0.9000000000         0.6538157310         0.5306423179       -17.7411451600
        7.9000050000         0.9000000000         0.6767866727         0.4591897490       -17.1427592420
        7.9050061000         0.9000000000         0.6487110773         0.3851853027       -17.8741198085
        7.9100064000         0.9000000000         0.6665773653         0.3137327338       -17.4087085389
        7.9150062000         0.9000000000         0.6563680579         0.2397282875       -17.6746578358
        7.9200061000         0.9000000000         0.6461587505         0.1733794736       -17.9406071327
        7.9250068000         0.9000000000         0.6589203847         0.0968231498       -17.6081705116
        7.9300041000         0.9000000000         0.6589203847         0.0304743359       -17.6081705116
        7.9350042000         0.9000000000         0.6563680579        -0.0027000711       -17.6746578358
        7.9400071000         0.9000000000         0.6716820190         0.0049555613       -17.2757338904
        7.9450046000         0.9000000000         0.6538157310         1.1124703785       -17.7411451600
        7.9500039000         0.9000000000         0.6742343459         5.0091872584       -17.2092465662
        7.9550020000         0.9000000000         0.6665773653         5.0015316260       -17.4087085389
        7.9600030000         0.9000000000         0.6640250384         4.9275271797       -17.4751958631
        7.9650035000         0.9000000000         0.6614727116         4.8637302433       -17.5416831873
        7.9700068000         0.9000000000         0.6691296922         4.7897257969       -17.3422212147
        7.9750036000         0.9000000000         0.6563680579         4.7208251056       -17.6746578358
        7.9800035000         0.9000000000         0.6589203847         4.6493725367       -17.6081705116
        7.9850067000         0.9000000000         0.6614727116         4.5881274777       -17.5416831873
        7.9900035000         0.9000000000         0.6665773653         4.5192267863       -17.4087085389
        7.9950043000         0.9000000000         0.6767866727         4.4528779724       -17.1427592420
        8.0000061000         0.9000000000         0.6614727116         4.3763216486       -17.5416831873
        8.0050044000         0.9000000000         0.6665773653         4.3125247121       -17.4087085389
        8.0100036000         0.9000000000         0.6614727116         4.2512796531       -17.5416831873
        8.0150044000         0.9000000000         0.6691296922         4.1798270842       -17.3422212147
        8.0200027000         0.9000000000         0.6640250384         4.1160301478       -17.4751958631
        8.0250021000         0.9000000000         0.6793389996         4.0420257015       -17.0762719178
        8.0300029000         0.9000000000         0.6640250384         3.9756768875       -17.4751958631
        8.0350036000         0.9000000000         0.6767866727         3.9118799510       -17.1427592420
        8.0400047000         0.9000000000         0.6665773653         3.8429792597       -17.4087085389
        8.0450038000         0.9000000000         0.6716820190         3.7740785683       -17.2757338904
        8.0500039000         0.9000000000         0.6716820190         3.7179372642       -17.2757338904
        8.0550040000         0.9000000000         0.6844436533         3.6490365728       -16.9432972693
        8.0600032000         0.9000000000         0.6640250384         3.5750321265       -17.4751958631
        8.0650048000         0.9000000000         0.6818913264         3.5163389449       -17.0097845935
        8.0700036000         0.9000000000         0.6716820190         3.4525420084       -17.2757338904
        8.0750027000         0.9000000000         0.6742343459         3.3836413170       -17.2092465662
        8.0800028000         0.9000000000         0.6691296922         3.3121887482       -17.3422212147
        8.0850016000         0.9000000000         0.6665773653         3.2432880568       -17.4087085389
        8.0900021000         0.9000000000         0.6691296922         3.1718354879       -17.3422212147
        8.0950041000         0.9000000000         0.6589203847         3.1131423064       -17.6081705116
        8.1000018000         0.9000000000         0.6665773653         3.0493453699       -17.4087085389
        8.1050022000         0.9000000000         0.6742343459         2.9855484334       -17.2092465662
        8.1100037000         0.9000000000         0.6640250384         2.9089921097       -17.4751958631
        8.1150036000         0.9000000000         0.6614727116         2.8400914183       -17.5416831873
        8.1200048000         0.9000000000         0.6691296922         2.7813982367       -17.3422212147
        8.1250032000         0.9000000000         0.6716820190         2.7099456679       -17.2757338904
        8.1300059000         0.9000000000         0.6563680579         2.6461487314       -17.6746578358
        8.1350035000         0.9000000000         0.6614727116         2.5772480400       -17.5416831873
        8.1400054000         0.9000000000         0.6716820190         2.5185548584       -17.2757338904
        8.1450045000         0.9000000000         0.6742343459         2.4445504121       -17.2092465662
        8.1500049000         0.9000000000         0.6665773653         2.3756497207       -17.4087085389
        8.1550035000         0.9000000000         0.6563680579         2.3067490293       -17.6746578358
        8.1600027000         0.9000000000         0.6512634042         2.2404002154       -17.8076324843
        8.1650045000         0.9000000000         0.6589203847         2.1766032789       -17.6081705116
        8.1700058000         0.9000000000         0.6665773653         2.1077025875       -17.4087085389
        8.1750068000         0.9000000000         0.6538157310         2.0336981412       -17.7411451600
        8.1800085000         0.9000000000         0.6512634042         1.9724530822       -17.8076324843
        8.1850040000         0.9000000000         0.6487110773         1.8984486359       -17.8741198085
        8.1900068000         0.9000000000         0.6640250384         1.8346516994       -17.4751958631
        8.1950057000         0.9000000000         0.6614727116         1.7759585179       -17.5416831873
        8.2000066000         0.9000000000         0.6563680579         1.7019540715       -17.6746578358
        8.2050055000         0.9000000000         0.6716820190         1.6483646449       -17.2757338904
        8.2100065000         0.9000000000         0.6410540967         1.5692564437       -18.0735817812
        8.2150041000         0.9000000000         0.6716820190         1.5156670170       -17.2757338904
        8.2200061000         0.9000000000         0.6589203847         1.4391106933       -17.6081705116
        8.2250037000         0.9000000000         0.6487110773         1.3727618793       -17.8741198085
        8.2300057000         0.9000000000         0.6665773653         1.3064130654       -17.4087085389
        8.2350042000         0.9000000000         0.6665773653         1.2477198838       -17.4087085389
        8.2400137000         0.9000000000         0.6385017699         1.1660598052       -18.1400691054
        8.2450107000         0.9000000000         0.6512634042         1.1048147461       -17.8076324843
        8.2546542000         0.9000000000         0.6614727116         0.9695652408       -17.5416831873
        8.2554330000         0.9000000000         0.6665773653         0.9695652408       -17.4087085389
        8.2600046000         0.9000000000         0.6385017699         0.8930089170       -18.1400691054
        8.2650039000         0.9000000000         0.6538157310         0.8215563482       -17.7411451600
        8.2700047000         0.9000000000         0.6385017699         0.7577594117       -18.1400691054
        8.2750057000         0.9000000000         0.6563680579         0.6863068429       -17.6746578358
        8.2800066000         0.9000000000         0.6563680579         0.6199580289       -17.6746578358
        8.2850070000         0.9000000000         0.6563680579         0.5485054601       -17.6746578358
        8.2900040000         0.9000000000         0.6538157310         0.4821566461       -17.7411451600
        8.2950066000         0.9000000000         0.6716820190         0.4183597097       -17.2757338904
        8.3000049000         0.9000000000         0.6614727116         0.3443552634       -17.5416831873
        8.3050214000         0.9000000000         0.6614727116         0.2754545720       -17.5416831873
        8.3100047000         0.9000000000         0.6614727116         0.1963463707       -17.5416831873
        8.3150046000         0.9000000000         0.6640250384         0.1299975568       -17.4751958631
        8.3200053000         0.9000000000         0.6589203847         0.0585449879       -17.6081705116
        8.3250058000         0.9000000000         0.6589203847         0.0024036839       -17.6081705116
        8.3300049000         0.9000000000         0.6538157310         0.0024036839       -17.7411451600
        8.3350066000         0.9000000000         0.6614727116         1.1022628687       -17.5416831873
        8.3400076000         0.9000000000         0.6691296922         5.0015316260       -17.3422212147
        8.3450063000         0.9000000000         0.6589203847         5.0168428908       -17.6081705116
        8.3500096000         0.9000000000         0.6665773653         4.9683572191       -17.4087085389
        8.3550063000         0.9000000000         0.6589203847         4.8943527728       -17.6081705116
        8.3600115000         0.9000000000         0.6563680579         4.8203483265       -17.6746578358
        8.3650130000         0.9000000000         0.6538157310         4.7361363703       -17.7411451600
        8.3700109000         0.9000000000         0.6665773653         4.6723394338       -17.4087085389
        8.3750141000         0.9000000000         0.6512634042         4.6034387424       -17.8076324843
        8.3800085000         0.9000000000         0.6665773653         4.5345380510       -17.4087085389
        8.3850050000         0.9000000000         0.6512634042         4.4579817273       -17.8076324843
        8.3900061000         0.9000000000         0.6665773653         4.3941847908       -17.4087085389
        8.3950052000         0.9000000000         0.6691296922         4.3303878543       -17.3422212147
        8.4000030000         0.9000000000         0.6716820190         4.2614871629       -17.2757338904
        8.4050092000         0.9000000000         0.6614727116         4.1951383490       -17.5416831873
        8.4100048000         0.9000000000         0.6691296922         4.1262376576       -17.3422212147
        8.4150114000         0.9000000000         0.6691296922         4.0573369662       -17.3422212147
        8.4200061000         0.9000000000         0.6538157310         3.9986437847       -17.7411451600
        8.4250118000         0.9000000000         0.6869959802         3.9348468482       -16.8768099451
        8.4300051000         0.9000000000         0.6691296922         3.8633942793       -17.3422212147
        8.4350127000         0.9000000000         0.6716820190         3.8021492203       -17.2757338904
        8.4400404000         0.9000000000         0.6614727116         3.7179372642       -17.5416831873
        8.4450067000         0.9000000000         0.6665773653         3.6617959601       -17.4087085389
        8.4500093000         0.9000000000         0.6716820190         3.5954471461       -17.2757338904
        8.4550123000         0.9000000000         0.6818913264         3.5290983322       -17.0097845935
        8.4600063000         0.9000000000         0.6691296922         3.4704051506       -17.3422212147
        8.4650039000         0.9000000000         0.6818913264         3.4040563367       -17.0097845935
        8.4700078000         0.9000000000         0.6589203847         3.3351556453       -17.6081705116
        8.4750052000         0.9000000000         0.6691296922         3.2611511990       -17.3422212147
        8.4800031000         0.9000000000         0.6793389996         3.1973542625       -17.0762719178
        8.4850047000         0.9000000000         0.6563680579         3.1259016937       -17.6746578358
        8.4900091000         0.9000000000         0.6665773653         3.0621047572       -17.4087085389
        8.4950113000         0.9000000000         0.6793389996         3.0008596982       -17.0762719178
        8.5000074000         0.9000000000         0.6691296922         2.9243033744       -17.3422212147
        8.5050043000         0.9000000000         0.6487110773         2.8630583154       -17.8741198085
        8.5100052000         0.9000000000         0.6716820190         2.8018132564       -17.2757338904
        8.5150050000         0.9000000000         0.6716820190         2.7303606875       -17.2757338904
        8.5200051000         0.9000000000         0.6640250384         2.6640118736       -17.4751958631
        8.5250049000         0.9000000000         0.6512634042         2.5925593047       -17.8076324843
        8.5300027000         0.9000000000         0.6665773653         2.5338661232       -17.4087085389
        8.5350048000         0.9000000000         0.6614727116         2.4624135543       -17.5416831873
        8.5400035000         0.9000000000         0.6614727116         2.3960647404       -17.5416831873
        8.5450057000         0.9000000000         0.6614727116         2.3297159265       -17.5416831873
        8.5500037000         0.9000000000         0.6665773653         2.2582633576       -17.4087085389
        8.5550051000         0.9000000000         0.6436064236         2.1893626662       -18.0070944569
        8.5600583000         0.9000000000         0.6589203847         2.1179100974       -17.6081705116
        8.5650047000         0.9000000000         0.6589203847         2.0464575285       -17.6081705116
        8.5700046000         0.9000000000         0.6716820190         1.9954199793       -17.2757338904
        8.5750046000         0.9000000000         0.6589203847         1.9290711654       -17.6081705116
        8.5800047000         0.9000000000         0.6716820190         1.8627223515       -17.2757338904
        8.5850042000         0.9000000000         0.6589203847         1.7861660277       -17.6081705116
        8.5900073000         0.9000000000         0.6461587505         1.7172653363       -17.9406071327
        8.5950054000         0.9000000000         0.6538157310         1.6509165224       -17.7411451600
        8.6000050000         0.9000000000         0.6538157310         1.5947752183       -17.7411451600
        8.6050060000         0.9000000000         0.6665773653         1.5233226494       -17.4087085389
        8.6100047000         0.9000000000         0.6359494430         1.4544219580       -18.2065564296
        8.6150031000         0.9000000000         0.6512634042         1.3906250215       -17.8076324843
        8.6200053000         0.9000000000         0.6589203847         1.3268280851       -17.6081705116
        8.6250032000         0.9000000000         0.6742343459         1.2604792711       -17.2092465662
        8.6300056000         0.9000000000         0.6614727116         1.1890267023       -17.5416831873
        8.6350039000         0.9000000000         0.6385017699         1.1175741334       -18.1400691054
        8.6400051000         0.9000000000         0.6589203847         1.0435696871       -17.6081705116
        8.6450036000         0.9000000000         0.6665773653         0.9899802605       -17.4087085389
        8.6500049000         0.9000000000         0.6487110773         0.9134239367       -17.8741198085
        8.6550042000         0.9000000000         0.6563680579         0.8394194904       -17.6746578358
        8.6600061000         0.9000000000         0.6614727116         0.7756225539       -17.5416831873
        8.6650050000         0.9000000000         0.6665773653         0.7169293724       -17.4087085389
        8.6700068000         0.9000000000         0.6461587505         0.6454768035       -17.9406071327
        8.6750042000         0.9000000000         0.6691296922         0.5689204797       -17.3422212147
        8.6800059000         0.9000000000         0.6742343459         0.5051235433       -17.2092465662
        8.6850057000         0.9000000000         0.6640250384         0.4387747293       -17.4751958631
        8.6900061000         0.9000000000         0.6665773653         0.3724259154       -17.4087085389
        8.6950050000         0.9000000000         0.6589203847         0.2933177142       -17.6081705116
        8.7000062000         0.9000000000         0.6665773653         0.2295207777       -17.4087085389
        8.7050065000         0.9000000000         0.6487110773         0.1555163314       -17.8741198085
        8.7100061000         0.9000000000         0.6767866727         0.0789600076       -17.1427592420
        8.7150067000         0.9000000000         0.6512634042         0.0177149486       -17.8076324843
        8.7200074000         0.9000000000         0.6640250384        -0.0001481936       -17.4751958631
        8.7250050000         0.9000000000         0.6538157310         1.0946072363       -17.7411451600
        8.7300059000         0.9000000000         0.6665773653         5.0091872584       -17.4087085389
        8.7350657000         0.9000000000         0.6538157310         5.0066353810       -17.7411451600
        8.7400049000         0.9000000000         0.6742343459         4.9836684838       -17.2092465662
        8.7450030000         0.9000000000         0.6665773653         4.9071121601       -17.4087085389
        8.7500062000         0.9000000000         0.6512634042         4.8356595912       -17.8076324843
        8.7550183000         0.9000000000         0.6665773653         4.7642070224       -17.4087085389
        8.7600055000         0.9000000000         0.6691296922         4.6927544535       -17.3422212147
        8.7651988000         0.9000000000         0.6538157310         4.6187500072       -17.7411451600
        8.7700067000         0.9000000000         0.6742343459         4.5575049482       -17.2092465662
        8.7750066000         0.9000000000         0.6691296922         4.4886042568       -17.3422212147
        8.7800060000         0.9000000000         0.6614727116         4.4222554428       -17.5416831873
        8.7850063000         0.9000000000         0.6767866727         4.3584585064       -17.1427592420
        8.7900045000         0.9000000000         0.6716820190         4.2895578150       -17.2757338904
        8.7950063000         0.9000000000         0.6487110773         4.2104496138       -17.8741198085
        8.8000049000         0.9000000000         0.6793389996         4.1466526773       -17.0762719178
        8.8050058000         0.9000000000         0.6665773653         4.0854076183       -17.4087085389
        8.8100056000         0.9000000000         0.6589203847         4.0216106818       -17.6081705116
        8.8150061000         0.9000000000         0.6716820190         3.9450543580       -17.2757338904
        8.8200062000         0.9000000000         0.6716820190         3.8889130539       -17.2757338904
        8.8250076000         0.9000000000         0.6742343459         3.8251161174       -17.2092465662
        8.8300061000         0.9000000000         0.6665773653         3.7511116711       -17.4087085389
        8.8350075000         0.9000000000         0.6640250384         3.6975222445       -17.4751958631
        8.8400035000         0.9000000000         0.6844436533         3.6260696756       -16.9432972693
        8.8450037000         0.9000000000         0.6665773653         3.5571689842       -17.4087085389
        8.8500043000         0.9000000000         0.6742343459         3.4933720478       -17.2092465662
        8.8550030000         0.9000000000         0.6818913264         3.4295751113       -17.0097845935
        8.8600062000         0.9000000000         0.6614727116         3.3555706650       -17.5416831873
        8.8650058000         0.9000000000         0.6716820190         3.2917737285       -17.2757338904
        8.8700053000         0.9000000000         0.6793389996         3.2305286695       -17.0762719178
        8.8750061000         0.9000000000         0.6691296922         3.1590761006       -17.3422212147
        8.8800060000         0.9000000000         0.6512634042         3.0850716543       -17.8076324843
        8.8850065000         0.9000000000         0.6767866727         3.0340341051       -17.1427592420
        8.8900034000         0.9000000000         0.6844436533         2.9651334138       -16.9432972693
        8.8950115000         0.9000000000         0.6589203847         2.8911289674       -17.6081705116
        8.9000062000         0.9000000000         0.6691296922         2.8349876633       -17.3422212147
        8.9050129000         0.9000000000         0.6614727116         2.7507757072       -17.5416831873
        8.9100104000         0.9000000000         0.6716820190         2.6920825256       -17.2757338904
        8.9150049000         0.9000000000         0.6512634042         2.6206299568       -17.8076324843
        8.9200085000         0.9000000000         0.6665773653         2.5542811429       -17.4087085389
        8.9250050000         0.9000000000         0.6665773653         2.4930360838       -17.4087085389
        8.9300054000         0.9000000000         0.6589203847         2.4190316375       -17.6081705116
        8.9350061000         0.9000000000         0.6691296922         2.3654422109       -17.3422212147
        8.9400047000         0.9000000000         0.6614727116         2.2812302547       -17.5416831873
        8.9450059000         0.9000000000         0.6716820190         2.2250889506       -17.2757338904
        8.9500036000         0.9000000000         0.6563680579         2.1485326269       -17.6746578358
        8.9550068000         0.9000000000         0.6589203847         2.0847356904       -17.6081705116
        8.9600040000         0.9000000000         0.6665773653         2.0234906314       -17.4087085389
        8.9650060000         0.9000000000         0.6614727116         1.9571418174       -17.5416831873
        8.9700059000         0.9000000000         0.6665773653         1.8831373711       -17.4087085389
        8.9750220000         0.9000000000         0.6538157310         1.8193404347       -17.7411451600
        8.9800068000         0.9000000000         0.6614727116         1.7504397433       -17.5416831873
        8.9850062000         0.9000000000         0.6487110773         1.6840909293       -17.8741198085
        8.9901505000         0.9000000000         0.6512634042         1.6177421154       -17.8076324843
        8.9950061000         0.9000000000         0.6691296922         1.5539451789       -17.3422212147
        9.0000070000         0.9000000000         0.6563680579         1.4773888552       -17.6746578358
        9.0050078000         0.9000000000         0.6512634042         1.4084881638       -17.8076324843
        9.0100130000         0.9000000000         0.6487110773         1.3548987371       -17.8741198085
        9.0150034000         0.9000000000         0.6665773653         1.2834461683       -17.4087085389
        9.0200149000         0.9000000000         0.6614727116         1.2145454769       -17.5416831873
        9.0250057000         0.9000000000         0.6282924625         1.1533004179       -18.4060184023
        9.0300135000         0.9000000000         0.6665773653         1.0869516039       -17.4087085389
        9.0350050000         0.9000000000         0.6487110773         1.0052915252       -17.8741198085
        9.0400043000         0.9000000000         0.6512634042         0.9414945888       -17.8076324843
        9.0450058000         0.9000000000         0.6487110773         0.8751457748       -17.8741198085
        9.0500096000         0.9000000000         0.6589203847         0.7985894511       -17.6081705116
        9.0550064000         0.9000000000         0.6665773653         0.7450000244       -17.4087085389
        9.0600128000         0.9000000000         0.6410540967         0.6607880683       -18.0735817812
        9.0650068000         0.9000000000         0.6614727116         0.6046467642       -17.5416831873
        9.0700110000         0.9000000000         0.6512634042         0.5255385629       -17.8076324843
        9.0750055000         0.9000000000         0.6512634042         0.4515341166       -17.8076324843
        9.0800114000         0.9000000000         0.6512634042         0.3851853027       -17.8076324843
        9.0850047000         0.9000000000         0.6665773653         0.3162846113       -17.4087085389
        9.0900046000         0.9000000000         0.6538157310         0.2473839199       -17.7411451600
        9.0950051000         0.9000000000         0.6461587505         0.1784832285       -17.9406071327
        9.1000067000         0.9000000000         0.6589203847         0.0968231498       -17.6081705116
        9.1050027000         0.9000000000         0.6589203847         0.0381299683       -17.6081705116
        9.1100045000         0.9000000000         0.6563680579        -0.0001481936       -17.6746578358
        9.1150033000         0.9000000000         0.6614727116         0.0024036839       -17.5416831873
        9.1200039000         0.9000000000         0.6512634042         1.1073666236       -17.8076324843
        9.1250051000         0.9000000000         0.6589203847         5.0142910133       -17.6081705116
        9.1300058000         0.9000000000         0.6538157310         4.9938759937       -17.7411451600
        9.1350053000         0.9000000000         0.6538157310         4.9249753023       -17.7411451600
        9.1400050000         0.9000000000         0.6410540967         4.8484189785       -18.0735817812
        9.1450043000         0.9000000000         0.6614727116         4.7846220420       -17.5416831873
        9.1500049000         0.9000000000         0.6487110773         4.7182732281       -17.8741198085
        9.1550051000         0.9000000000         0.6665773653         4.6493725367       -17.4087085389
        9.1600049000         0.9000000000         0.6640250384         4.5830237228       -17.4751958631
        9.1650049000         0.9000000000         0.6538157310         4.5039155215       -17.7411451600
        9.1700050000         0.9000000000         0.6589203847         4.4324629527       -17.6081705116
        9.1750037000         0.9000000000         0.6563680579         4.3635622613       -17.6746578358
        9.1800058000         0.9000000000         0.6589203847         4.2972134474       -17.6081705116
        9.1850038000         0.9000000000         0.6640250384         4.2283127560       -17.4751958631
        9.1900060000         0.9000000000         0.6614727116         4.1568601871       -17.5416831873
        9.1950062000         0.9000000000         0.6742343459         4.1007188830       -17.2092465662
        9.2000060000         0.9000000000         0.6793389996         4.0318181916       -17.0762719178
        9.2050489000         0.9000000000         0.6512634042         3.9578137453       -17.8076324843
        9.2100058000         0.9000000000         0.6767866727         3.9067761961       -17.1427592420
        9.2150071000         0.9000000000         0.6665773653         3.8327717498       -17.4087085389
        9.2200061000         0.9000000000         0.6742343459         3.7689748133       -17.2092465662
        9.2250063000         0.9000000000         0.6614727116         3.6975222445       -17.5416831873
        9.2300055000         0.9000000000         0.6665773653         3.6362771855       -17.4087085389
        9.2350059000         0.9000000000         0.6640250384         3.5673764941       -17.4751958631
        9.2400076000         0.9000000000         0.6716820190         3.4933720478       -17.2757338904
        9.2450117000         0.9000000000         0.6691296922         3.4244713564       -17.3422212147
        9.2500115000         0.9000000000         0.6538157310         3.3657781748       -17.7411451600
        9.2550131000         0.9000000000         0.6640250384         3.3019812383       -17.4751958631
        9.2600115000         0.9000000000         0.6716820190         3.2407361793       -17.2757338904
        9.2650038000         0.9000000000         0.6640250384         3.1667317330       -17.4751958631
        9.2700099000         0.9000000000         0.6538157310         3.0978310416       -17.7411451600
        9.2750069000         0.9000000000         0.6691296922         3.0365859826       -17.3422212147
        9.2800049000         0.9000000000         0.6614727116         2.9651334138       -17.5416831873
        9.2850061000         0.9000000000         0.6716820190         2.9140958646       -17.2757338904
        9.2900044000         0.9000000000         0.6589203847         2.8273320310       -17.6081705116
        9.2950076000         0.9000000000         0.6512634042         2.7635350945       -17.8076324843
        9.3000040000         0.9000000000         0.6614727116         2.6971862806       -17.5416831873
        9.3050063000         0.9000000000         0.6563680579         2.6410449765       -17.6746578358
        9.3100055000         0.9000000000         0.6665773653         2.5670405302       -17.4087085389
        9.3150067000         0.9000000000         0.6665773653         2.5032435937       -17.4087085389
        9.3200061000         0.9000000000         0.6589203847         2.4343429023       -17.6081705116
        9.3250064000         0.9000000000         0.6512634042         2.3628903334       -17.8076324843
        9.3300042000         0.9000000000         0.6691296922         2.2990933970       -17.3422212147
        9.3350741000         0.9000000000         0.6665773653         2.2301927056       -17.4087085389
        9.3400059000         0.9000000000         0.6589203847         2.1663957691       -17.6081705116
        9.3450058000         0.9000000000         0.6691296922         2.1077025875       -17.3422212147
        9.3500042000         0.9000000000         0.6512634042         2.0311462638       -17.8076324843
        9.3550034000         0.9000000000         0.6563680579         1.9647974498       -17.6746578358
        9.3600044000         0.9000000000         0.6461587505         1.8882411261       -17.9406071327
        9.3650104000         0.9000000000         0.6665773653         1.8320998220       -17.4087085389
        9.3700059000         0.9000000000         0.6665773653         1.7708547629       -17.4087085389
        9.3750150000         0.9000000000         0.6487110773         1.6891946843       -17.8741198085
        9.3800091000         0.9000000000         0.6512634042         1.6356052576       -17.8076324843
        9.3850048000         0.9000000000         0.6410540967         1.5564970564       -18.0735817812
        9.3900043000         0.9000000000         0.6563680579         1.4927001199       -17.6746578358
        9.3950062000         0.9000000000         0.6691296922         1.4340069384       -17.3422212147
        9.4000038000         0.9000000000         0.6461587505         1.3676581244       -17.9406071327
        9.4050046000         0.9000000000         0.6716820190         1.2987574330       -17.2757338904
        9.4100072000         0.9000000000         0.6461587505         1.2298567416       -17.9406071327
        9.4150058000         0.9000000000         0.6665773653         1.1660598052       -17.4087085389
        9.4200043000         0.9000000000         0.6538157310         1.0920553588       -17.7411451600
        9.4250046000         0.9000000000         0.6614727116         1.0257065449       -17.5416831873
        9.4300028000         0.9000000000         0.6512634042         0.9491502211       -17.8076324843
        9.4350045000         0.9000000000         0.6385017699         0.8776976523       -18.1400691054
        9.4400038000         0.9000000000         0.6589203847         0.8113488384       -17.6081705116
        9.4450027000         0.9000000000         0.6257401356         0.7526556568       -18.4725057265
        9.4500018000         0.9000000000         0.6538157310         0.6735474556       -17.7411451600
        9.4550055000         0.9000000000         0.6589203847         0.6046467642       -17.6081705116
        9.4600041000         0.9000000000         0.6512634042         0.5357460728       -17.8076324843
        9.4650029000         0.9000000000         0.6614727116         0.4617416265       -17.5416831873
        9.4700041000         0.9000000000         0.6563680579         0.3979446900       -17.6746578358
        9.4750025000         0.9000000000         0.6665773653         0.3239402437       -17.4087085389
        9.4800013000         0.9000000000         0.6614727116         0.2601433072       -17.5416831873
        9.4850046000         0.9000000000         0.6512634042         0.1835869834       -17.8076324843
        9.4900070000         0.9000000000         0.6691296922         0.1172381695       -17.3422212147
        9.4950064000         0.9000000000         0.6436064236         0.0381299683       -18.0070944569
        9.5000049000         0.9000000000         0.6614727116         0.0024036839       -17.5416831873
        9.5050042000         0.9000000000         0.6487110773        -0.0052519485       -17.8741198085
        9.5100056000         0.9000000000         0.6512634042         1.1022628687       -17.8076324843
        9.5150044000         0.9000000000         0.6512634042         5.0040835035       -17.8076324843
        9.5200063000         0.9000000000         0.6563680579         4.9989797486       -17.6746578358
        9.5250050000         0.9000000000         0.6563680579         4.9326309346       -17.6746578358
        9.5300060000         0.9000000000         0.6538157310         4.8662821207       -17.7411451600
        9.5350087000         0.9000000000         0.6716820190         4.7999333068       -17.2757338904
        9.5400066000         0.9000000000         0.6487110773         4.7208251056       -17.8741198085
        9.5450050000         0.9000000000         0.6716820190         4.6519244142       -17.2757338904
        9.5500071000         0.9000000000         0.6512634042         4.5779199678       -17.8076324843
        9.5550064000         0.9000000000         0.6614727116         4.5115711539       -17.5416831873
        9.5600060000         0.9000000000         0.6742343459         4.4426704625       -17.2092465662
        9.5650059000         0.9000000000         0.6563680579         4.3686660162       -17.6746578358
        9.5700060000         0.9000000000         0.6665773653         4.3023172023       -17.4087085389
        9.5750045000         0.9000000000         0.6589203847         4.2436240207       -17.6081705116
        9.5800068000         0.9000000000         0.6640250384         4.1798270842       -17.4751958631
        9.5850062000         0.9000000000         0.6691296922         4.1083745154       -17.3422212147
        9.5900059000         0.9000000000         0.6742343459         4.0420257015       -17.2092465662
        9.5950047000         0.9000000000         0.6538157310         3.9654693777       -17.7411451600
        9.6000042000         0.9000000000         0.6716820190         3.9016724412       -17.2757338904
        9.6050062000         0.9000000000         0.6538157310         3.8506348920       -17.7411451600
        9.6100046000         0.9000000000         0.6716820190         3.7715266908       -17.2757338904
        9.6150041000         0.9000000000         0.6691296922         3.7102816318       -17.3422212147
        9.6200047000         0.9000000000         0.6640250384         3.6337253080       -17.4751958631
        9.6250029000         0.9000000000         0.6640250384         3.5699283715       -17.4751958631
        9.6300060000         0.9000000000         0.6589203847         3.5035795576       -17.6081705116
        9.6350145000         0.9000000000         0.6767866727         3.4474382535       -17.1427592420
        9.6400048000         0.9000000000         0.6716820190         3.3836413170       -17.2757338904
        9.6450208000         0.9000000000         0.6614727116         3.3070849933       -17.5416831873
        9.6500064000         0.9000000000         0.6589203847         3.2356324244       -17.6081705116
        9.6550044000         0.9000000000         0.6691296922         3.1718354879       -17.3422212147
        9.6600053000         0.9000000000         0.6589203847         3.1080385515       -17.6081705116
        9.6650051000         0.9000000000         0.6589203847         3.0416897375       -17.6081705116
        9.6700057000         0.9000000000         0.6716820190         2.9804446785       -17.2757338904
        9.6750063000         0.9000000000         0.6614727116         2.8962327224       -17.5416831873
        9.6800049000         0.9000000000         0.6614727116         2.8349876633       -17.5416831873
        9.6850053000         0.9000000000         0.6614727116         2.7711907269       -17.5416831873
        9.6900047000         0.9000000000         0.6640250384         2.7124975453       -17.4751958631
        9.6950058000         0.9000000000         0.6512634042         2.6384930990       -17.8076324843
        9.7000062000         0.9000000000         0.6589203847         2.5721442851       -17.6081705116
        9.7050066000         0.9000000000         0.6665773653         2.5057954711       -17.4087085389
        9.7100076000         0.9000000000         0.6538157310         2.4368947797       -17.7411451600
        9.7150058000         0.9000000000         0.6563680579         2.3705459658       -17.6746578358
        9.7200029000         0.9000000000         0.6589203847         2.3016452744       -17.6081705116
        9.7250058000         0.9000000000         0.6614727116         2.2352964605       -17.5416831873
        9.7300066000         0.9000000000         0.6512634042         2.1612920142       -17.8076324843
        9.7350066000         0.9000000000         0.6563680579         2.0898394453       -17.6746578358
        9.7400054000         0.9000000000         0.6589203847         2.0209387539       -17.6081705116
        9.7450051000         0.9000000000         0.6461587505         1.9596936949       -17.9406071327
        9.7500054000         0.9000000000         0.6589203847         1.8984486359       -17.6081705116
        9.7550051000         0.9000000000         0.6487110773         1.8244441896       -17.8741198085
        9.7600034000         0.9000000000         0.6563680579         1.7580953756       -17.6746578358
        9.7650100000         0.9000000000         0.6640250384         1.6968503166       -17.4751958631
        9.7700093000         0.9000000000         0.6512634042         1.6279496252       -17.8076324843
        9.7750138000         0.9000000000         0.6410540967         1.5539451789       -18.0735817812
        9.7800052000         0.9000000000         0.6589203847         1.4850444875       -17.6081705116
        9.7850062000         0.9000000000         0.6614727116         1.4237994285       -17.5416831873
        9.7900050000         0.9000000000         0.6385017699         1.3548987371       -18.1400691054
        9.7950070000         0.9000000000         0.6691296922         1.2885499232       -17.3422212147
        9.8000061000         0.9000000000         0.6665773653         1.2273048642       -17.4087085389
        9.8050063000         0.9000000000         0.6487110773         1.1635079277       -17.8741198085
        9.8100071000         0.9000000000         0.6563680579         1.0843997265       -17.6746578358
        9.8150061000         0.9000000000         0.6589203847         1.0206027900       -17.6081705116
        9.8200049000         0.9000000000         0.6742343459         0.9568058535       -17.2092465662
        9.8250066000         0.9000000000         0.6563680579         0.8879051621       -17.6746578358
        9.8300052000         0.9000000000         0.6538157310         0.8113488384       -17.7411451600
        9.8350132000         0.9000000000         0.6487110773         0.7450000244       -17.8741198085
        9.8400032000         0.9000000000         0.6614727116         0.6735474556       -17.5416831873
        9.8450049000         0.9000000000         0.6614727116         0.6046467642       -17.5416831873
        9.8500172000         0.9000000000         0.6665773653         0.5382979502       -17.4087085389
        9.8550073000         0.9000000000         0.6487110773         0.4693972588       -17.8741198085
        9.8609174000         0.9000000000         0.6614727116         0.3851853027       -17.5416831873
        9.8650056000         0.9000000000         0.6563680579         0.3188364888       -17.6746578358
        9.8700046000         0.9000000000         0.6410540967         0.2524876748       -18.0735817812
        9.8750059000         0.9000000000         0.6589203847         0.1835869834       -17.6081705116
        9.8800122000         0.9000000000         0.6614727116         0.1172381695       -17.5416831873
        9.8850046000         0.9000000000         0.6436064236         0.0432337232       -18.0070944569
        9.8900053000         0.9000000000         0.6691296922         0.0049555613       -17.3422212147
        9.8950102000         0.9000000000         0.6563680579         0.0049555613       -17.6746578358
        9.9000036000         0.9000000000         0.6563680579         1.1073666236       -17.6746578358
        9.9050058000         0.9000000000         0.6589203847         5.0015316260       -17.6081705116
        9.9100042000         0.9000000000         0.6614727116         5.0066353810       -17.5416831873
        9.9150061000         0.9000000000         0.6614727116         4.9377346896       -17.5416831873
        9.9200059000         0.9000000000         0.6665773653         4.8611783658       -17.4087085389
        9.9250063000         0.9000000000         0.6614727116         4.7922776744       -17.5416831873
        9.9300062000         0.9000000000         0.6614727116         4.7208251056       -17.5416831873
        9.9350063000         0.9000000000         0.6818913264         4.6544762916       -17.0097845935
        9.9400134000         0.9000000000         0.6461587505         4.5855756002       -17.9406071327
        9.9450082000         0.9000000000         0.6640250384         4.5141230314       -17.4751958631
        9.9500130000         0.9000000000         0.6563680579         4.4477742174       -17.6746578358
        9.9550047000         0.9000000000         0.6538157310         4.3763216486       -17.7411451600
        9.9600133000         0.9000000000         0.6716820190         4.3176284670       -17.2757338904
        9.9650110000         0.9000000000         0.6614727116         4.2436240207       -17.5416831873
        9.9700149000         0.9000000000         0.6538157310         4.1670676969       -17.7411451600
        9.9750086000         0.9000000000         0.6563680579         4.1058226379       -17.6746578358
        9.9800076000         0.9000000000         0.6538157310         4.0343700691       -17.7411451600
        9.9850072000         0.9000000000         0.6665773653         3.9807806424       -17.4087085389
        9.9900110000         0.9000000000         0.6767866727         3.9067761961       -17.1427592420
        9.9950085000         0.9000000000         0.6614727116         3.8429792597       -17.5416831873
