% Motor Sweep Step 38/50
% Vcmd       = 0.6000 [V]
% Direction  = CCW
% Vg_offset  = 1.334866 [V]
% K_gimbal   = 26.049690 [(rad/s)/V]

Time[s]              Vcmd[V]              Vg_raw[V]            Pot[V]               Omega[rad/s]
        0.0000117000         0.6000000000         1.3301823480         3.2662549539        -0.1220042400
        0.0050128000         0.6000000000         1.3352870017         3.2739105863         0.0109704085
        0.0100068000         0.6000000000         1.3327346748         3.2637030765        -0.0555169157
        0.0150086000         0.6000000000         1.2689265034         3.2611511990        -1.7177000214
        0.0200438000         0.6000000000         1.0085891641         3.2381843019        -8.4994070925
        0.0250077000         0.6000000000         1.1259961995         3.2203211597        -5.4409901781
        0.0300055000         0.6000000000         1.0826066429         3.1973542625        -6.5712746899
        0.0350075000         0.6000000000         0.9600949538         3.1692836105        -9.7626662528
        0.0400075000         0.6000000000         1.0060368372         3.1284535711        -8.5658944167
        0.0450083000         0.6000000000         0.9039437630         3.0850716543       -11.2253873858
        0.0500064000         0.6000000000         0.8886298018         3.0391378601       -11.6243113312
        0.0550060000         0.6000000000         0.8656588601         3.0008596982       -12.2226972492
        0.0600319000         0.6000000000         0.8299262841         2.9472702715       -13.1535197884
        0.0650067000         0.6000000000         0.8222693035         2.9089921097       -13.3529817611
        0.0700055000         0.6000000000         0.7992983618         2.8528508056       -13.9513676791
        0.0750047000         0.6000000000         0.7635657858         2.7967095015       -14.8821902183
        0.0800046000         0.6000000000         0.7661181127         2.7329125650       -14.8157028941
        0.0850044000         0.6000000000         0.7405948441         2.6742193834       -15.4805761363
        0.0900028000         0.6000000000         0.7201762293         2.6104224470       -16.0124747301
        0.0950047000         0.6000000000         0.7201762293         2.5491773879       -16.0124747301
        0.1000048000         0.6000000000         0.6972052876         2.4879323289       -16.6108606482
        0.1050066000         0.6000000000         0.6997576144         2.4317910248       -16.5443733239
        0.1100041000         0.6000000000         0.7176239024         2.3756497207       -16.0789620544
        0.1150034000         0.6000000000         0.6767866727         2.3016452744       -17.1427592420
        0.1200045000         0.6000000000         0.6895483070         2.2352964605       -16.8103226209
        0.1250043000         0.6000000000         0.6844436533         2.1766032789       -16.9432972693
        0.1300046000         0.6000000000         0.6691296922         2.1102544650       -17.3422212147
        0.1350032000         0.6000000000         0.6767866727         2.0490094060       -17.1427592420
        0.1400046000         0.6000000000         0.6716820190         1.9750049597       -17.2757338904
        0.1450037000         0.6000000000         0.6487110773         1.9035523908       -17.8741198085
        0.1500060000         0.6000000000         0.6614727116         1.8474110867       -17.5416831873
        0.1550047000         0.6000000000         0.6614727116         1.7683028855       -17.5416831873
        0.1600052000         0.6000000000         0.6487110773         1.7096097039       -17.8741198085
        0.1650031000         0.6000000000         0.6563680579         1.6432608900       -17.6746578358
        0.1700048000         0.6000000000         0.6282924625         1.5641526888       -18.4060184023
        0.1750040000         0.6000000000         0.6129785013         1.4952519974       -18.8049423477
        0.1800046000         0.6000000000         0.6436064236         1.4416625707       -18.0070944569
        0.1850029000         0.6000000000         0.6231878087         1.3625543695       -18.5389930507
        0.1900048000         0.6000000000         0.6461587505         1.2987574330       -17.9406071327
        0.1950034000         0.6000000000         0.6180831550         1.2170973543       -18.6719676992
        0.2000051000         0.6000000000         0.6257401356         1.1558522953       -18.4725057265
        0.2050080000         0.6000000000         0.6231878087         1.0895034814       -18.5389930507
        0.2100118000         0.6000000000         0.6257401356         1.0129471576       -18.4725057265
        0.2150033000         0.6000000000         0.6155308282         0.9312870789       -18.7384550234
        0.2200052000         0.6000000000         0.6078738476         0.8674901425       -18.9379169961
        0.2250048000         0.6000000000         0.6180831550         0.7934856961       -18.6719676992
        0.2300066000         0.6000000000         0.6002168670         0.7194812498       -19.1373789688
        0.2350067000         0.6000000000         0.6180831550         0.6480286810       -18.6719676992
        0.2400083000         0.6000000000         0.6231878087         0.5714723572       -18.5389930507
        0.2450042000         0.6000000000         0.6180831550         0.4949160334       -18.6719676992
        0.2500071000         0.6000000000         0.5925598865         0.4158078322       -19.3368409415
        0.2550072000         0.6000000000         0.6053215207         0.3418033859       -19.0044043203
        0.2600062000         0.6000000000         0.5695889448         0.2729026945       -19.9352268595
        0.2650045000         0.6000000000         0.5951122133         0.1861388609       -19.2703536172
        0.2700066000         0.6000000000         0.6027691939         0.1197900470       -19.0708916446
        0.2750054000         0.6000000000         0.5951122133         0.0381299683       -19.2703536172
        0.2800059000         0.6000000000         0.5925598865        -0.0001481936       -19.3368409415
        0.2850041000         0.6000000000         0.5874552328        -0.0052519485       -19.4698155899
        0.2900047000         0.6000000000         0.5925598865         4.9964278711       -19.3368409415
        0.2950047000         0.6000000000         0.5951122133         5.0066353810       -19.2703536172
        0.3000054000         0.6000000000         0.5900075596         4.9785647289       -19.4033282657
        0.3050050000         0.6000000000         0.5900075596         4.8892490178       -19.4033282657
        0.3100047000         0.6000000000         0.5874552328         4.8126926941       -19.4698155899
        0.3150036000         0.6000000000         0.5823505790         4.7284807379       -19.6027902384
        0.3200052000         0.6000000000         0.6027691939         4.6595800465       -19.0708916446
        0.3250181000         0.6000000000         0.5900075596         4.5753680904       -19.4033282657
        0.3300045000         0.6000000000         0.5874552328         4.5039155215       -19.4698155899
        0.3350377000         0.6000000000         0.5976645402         4.4222554428       -19.2038662930
        0.3400041000         0.6000000000         0.5951122133         4.3456991191       -19.2703536172
        0.3450437000         0.6000000000         0.5900075596         4.2819021826       -19.4033282657
        0.3500050000         0.6000000000         0.6002168670         4.2053458588       -19.1373789688
        0.3550051000         0.6000000000         0.5797982522         4.1236857801       -19.6692775626
        0.3600042000         0.6000000000         0.5976645402         4.0522332113       -19.2038662930
        0.3650038000         0.6000000000         0.5900075596         3.9807806424       -19.4033282657
        0.3700030000         0.6000000000         0.6027691939         3.9144318285       -19.0708916446
        0.3750020000         0.6000000000         0.6002168670         3.8404273822       -19.1373789688
        0.3800055000         0.6000000000         0.5900075596         3.7536635486       -19.4033282657
        0.3850041000         0.6000000000         0.5823505790         3.6771072248       -19.6027902384
        0.3900055000         0.6000000000         0.6104261745         3.6158621658       -18.8714296719
        0.3950038000         0.6000000000         0.5900075596         3.5367539646       -19.4033282657
        0.4000059000         0.6000000000         0.6002168670         3.4627495183       -19.1373789688
        0.4050047000         0.6000000000         0.6002168670         3.3861931945       -19.1373789688
        0.4100027000         0.6000000000         0.5900075596         3.3147406256       -19.4033282657
        0.4150038000         0.6000000000         0.5874552328         3.2381843019       -19.4698155899
        0.4200025000         0.6000000000         0.6027691939         3.1616279781       -19.0708916446
        0.4250015000         0.6000000000         0.5900075596         3.0952791642       -19.4033282657
        0.4300071000         0.6000000000         0.6002168670         3.0161709629       -19.1373789688
        0.4350040000         0.6000000000         0.5925598865         2.9447183941       -19.3368409415
        0.4400040000         0.6000000000         0.5874552328         2.8656101929       -19.4698155899
        0.4450040000         0.6000000000         0.5976645402         2.7992613789       -19.2038662930
        0.4500057000         0.6000000000         0.5976645402         2.7252569326       -19.2038662930
        0.4550037000         0.6000000000         0.5797982522         2.6461487314       -19.6692775626
        0.4600029000         0.6000000000         0.5951122133         2.5849036724       -19.2703536172
        0.4650041000         0.6000000000         0.5951122133         2.4955879613       -19.2703536172
        0.4700042000         0.6000000000         0.6053215207         2.4292391474       -19.0044043203
        0.4750043000         0.6000000000         0.6002168670         2.3577865785       -19.1373789688
        0.4800038000         0.6000000000         0.5874552328         2.2786783773       -19.4698155899
        0.4850040000         0.6000000000         0.5900075596         2.1995701761       -19.4033282657
        0.4900029000         0.6000000000         0.5849029059         2.1281176072       -19.5363029141
        0.4950039000         0.6000000000         0.5925598865         2.0592169158       -19.3368409415
        0.5000034000         0.6000000000         0.6002168670         1.9903162244       -19.1373789688
        0.5050016000         0.6000000000         0.5900075596         1.9163117781       -19.4033282657
        0.5100044000         0.6000000000         0.5772459253         1.8269960670       -19.7357648868
        0.5150031000         0.6000000000         0.5900075596         1.7606472531       -19.4033282657
        0.5200023000         0.6000000000         0.5874552328         1.6840909293       -19.4698155899
        0.5250024000         0.6000000000         0.5772459253         1.6151902379       -19.7357648868
        0.5300030000         0.6000000000         0.5951122133         1.5462895465       -19.2703536172
        0.5350018000         0.6000000000         0.5925598865         1.4722851002       -19.3368409415
        0.5400034000         0.6000000000         0.5797982522         1.3906250215       -19.6692775626
        0.5450034000         0.6000000000         0.5797982522         1.3166205752       -19.6692775626
        0.5500064000         0.6000000000         0.5951122133         1.2400642515       -19.2703536172
        0.5550094000         0.6000000000         0.5925598865         1.1737154375       -19.3368409415
        0.5600064000         0.6000000000         0.5721412716         1.0946072363       -19.8687395353
        0.5650050000         0.6000000000         0.5874552328         1.0180509125       -19.4698155899
        0.5700030000         0.6000000000         0.5823505790         0.9363908338       -19.6027902384
        0.5750033000         0.6000000000         0.5772459253         0.8649382650       -19.7357648868
        0.5800034000         0.6000000000         0.5823505790         0.7858300638       -19.6027902384
        0.5850018000         0.6000000000         0.5772459253         0.7067218625       -19.7357648868
        0.5900033000         0.6000000000         0.5695889448         0.6378211711       -19.9352268595
        0.5950042000         0.6000000000         0.5874552328         0.5587129699       -19.4698155899
        0.6000050000         0.6000000000         0.5925598865         0.4821566461       -19.3368409415
        0.6050051000         0.6000000000         0.5619319642         0.3979446900       -20.1346888322
        0.6100029000         0.6000000000         0.5823505790         0.3162846113       -19.6027902384
        0.6150043000         0.6000000000         0.5823505790         0.2448320425       -19.6027902384
        0.6200020000         0.6000000000         0.5746935985         0.1657238412       -19.8022522111
        0.6250041000         0.6000000000         0.5900075596         0.0891675175       -19.4033282657
        0.6300038000         0.6000000000         0.5925598865         0.0049555613       -19.3368409415
        0.6350026000         0.6000000000         0.5644842910        -0.0027000711       -20.0682015080
        0.6400044000         0.6000000000         0.5900075596         1.1073666236       -19.4033282657
        0.6450056000         0.6000000000         0.5951122133         5.0066353810       -19.2703536172
        0.6500039000         0.6000000000         0.5951122133         5.0117391359       -19.2703536172
        0.6550042000         0.6000000000         0.5874552328         4.9377346896       -19.4698155899
        0.6600020000         0.6000000000         0.5849029059         4.8586264883       -19.5363029141
        0.6650046000         0.6000000000         0.5772459253         4.7820701646       -19.7357648868
        0.6700042000         0.6000000000         0.5849029059         4.6978582084       -19.5363029141
        0.6750050000         0.6000000000         0.5900075596         4.6238537621       -19.4033282657
        0.6800048000         0.6000000000         0.5746935985         4.5447455609       -19.8022522111
        0.6850032000         0.6000000000         0.5874552328         4.4656373597       -19.4698155899
        0.6900038000         0.6000000000         0.5900075596         4.3865291584       -19.4033282657
        0.6950024000         0.6000000000         0.5772459253         4.3099728347       -19.7357648868
        0.7000024000         0.6000000000         0.5874552328         4.2308646334       -19.4698155899
        0.7050035000         0.6000000000         0.5925598865         4.1670676969       -19.3368409415
        0.7100068000         0.6000000000         0.5797982522         4.0854076183       -19.6692775626
        0.7150038000         0.6000000000         0.5900075596         4.0114031719       -19.4033282657
        0.7200037000         0.6000000000         0.5772459253         3.9322949707       -19.7357648868
        0.7250027000         0.6000000000         0.5976645402         3.8659461568       -19.2038662930
        0.7300018000         0.6000000000         0.5925598865         3.7919417105       -19.3368409415
        0.7350036000         0.6000000000         0.5797982522         3.7153853867       -19.6692775626
        0.7400024000         0.6000000000         0.6027691939         3.6413809404       -19.0708916446
        0.7450026000         0.6000000000         0.5772459253         3.5622727392       -19.7357648868
        0.7500039000         0.6000000000         0.5976645402         3.4857164154       -19.2038662930
        0.7550029000         0.6000000000         0.5849029059         3.4168157240       -19.5363029141
        0.7600050000         0.6000000000         0.6002168670         3.3530187875       -19.1373789688
        0.7650028000         0.6000000000         0.5849029059         3.2713587088       -19.5363029141
        0.7700038000         0.6000000000         0.5976645402         3.1948023851       -19.2038662930
        0.7750064000         0.6000000000         0.5976645402         3.1310054486       -19.2038662930
        0.7800047000         0.6000000000         0.6053215207         3.0570010023       -19.0044043203
        0.7850037000         0.6000000000         0.5976645402         2.9778928011       -19.2038662930
        0.7900020000         0.6000000000         0.5874552328         2.9038883547       -19.4698155899
        0.7950029000         0.6000000000         0.5900075596         2.8273320310       -19.4033282657
        0.8000039000         0.6000000000         0.5976645402         2.7507757072       -19.2038662930
        0.8050047000         0.6000000000         0.6078738476         2.6793231383       -18.9379169961
        0.8100025000         0.6000000000         0.5849029059         2.6027668146       -19.5363029141
        0.8150039000         0.6000000000         0.5925598865         2.5389698781       -19.3368409415
        0.8200028000         0.6000000000         0.5951122133         2.4522060445       -19.2703536172
        0.8250077000         0.6000000000         0.5849029059         2.3782015982       -19.5363029141
        0.8300093000         0.6000000000         0.5976645402         2.3093009068       -19.2038662930
        0.8350039000         0.6000000000         0.6002168670         2.2404002154       -19.1373789688
        0.8400041000         0.6000000000         0.5900075596         2.1587401367       -19.4033282657
        0.8450031000         0.6000000000         0.5925598865         2.0898394453       -19.3368409415
        0.8500039000         0.6000000000         0.5951122133         2.0056274892       -19.2703536172
        0.8550038000         0.6000000000         0.5900075596         1.9418305527       -19.4033282657
        0.8600053000         0.6000000000         0.5900075596         1.8627223515       -19.4033282657
        0.8650038000         0.6000000000         0.5925598865         1.7887179052       -19.3368409415
        0.8700031000         0.6000000000         0.5849029059         1.7172653363       -19.5363029141
        0.8750025000         0.6000000000         0.5823505790         1.6381571351       -19.6027902384
        0.8800026000         0.6000000000         0.5874552328         1.5718083211       -19.4698155899
        0.8850035000         0.6000000000         0.5925598865         1.4850444875       -19.3368409415
        0.8900057000         0.6000000000         0.5797982522         1.4212475511       -19.6692775626
        0.8950034000         0.6000000000         0.5772459253         1.3421393498       -19.7357648868
        0.9000051000         0.6000000000         0.6002168670         1.2757905359       -19.1373789688
        0.9050048000         0.6000000000         0.5772459253         1.1966823347       -19.7357648868
        0.9100045000         0.6000000000         0.5849029059         1.1226778884       -19.5363029141
        0.9150045000         0.6000000000         0.5900075596         1.0486734420       -19.4033282657
        0.9230299000         0.6000000000         0.5670366179         0.9185276916       -20.0017141837
        0.9250049000         0.6000000000         0.5772459253         0.8930089170       -19.7357648868
        0.9300048000         0.6000000000         0.5925598865         0.8241082257       -19.3368409415
        0.9350046000         0.6000000000         0.5900075596         0.7450000244       -19.4033282657
        0.9400050000         0.6000000000         0.5644842910         0.6531324359       -20.0682015080
        0.9450053000         0.6000000000         0.5721412716         0.5842317445       -19.8687395353
        0.9500057000         0.6000000000         0.5900075596         0.5076754207       -19.4033282657
        0.9550056000         0.6000000000         0.5797982522         0.4336709744       -19.6692775626
        0.9600053000         0.6000000000         0.5670366179         0.3469071408       -20.0017141837
        0.9650064000         0.6000000000         0.5849029059         0.2601433072       -19.5363029141
        0.9700043000         0.6000000000         0.5721412716         0.1861388609       -19.8687395353
        0.9750031000         0.6000000000         0.5721412716         0.1070306597       -19.8687395353
        0.9800032000         0.6000000000         0.5721412716         0.0304743359       -19.8687395353
        0.9850027000         0.6000000000         0.5797982522        -0.0078038260       -19.6692775626
        0.9900052000         0.6000000000         0.5695889448         1.1073666236       -19.9352268595
        0.9950049000         0.6000000000         0.5797982522         5.0066353810       -19.6692775626
        1.0000032000         0.6000000000         0.5797982522         5.0066353810       -19.6692775626
        1.0050063000         0.6000000000         0.5772459253         4.9581497092       -19.7357648868
        1.0100051000         0.6000000000         0.5823505790         4.8739377531       -19.6027902384
        1.0150060000         0.6000000000         0.5695889448         4.8024851842       -19.9352268595
        1.0200045000         0.6000000000         0.5695889448         4.7106175957       -19.9352268595
        1.0250068000         0.6000000000         0.5900075596         4.6391650269       -19.4033282657
        1.0300041000         0.6000000000         0.5721412716         4.5626087031       -19.8687395353
        1.0350063000         0.6000000000         0.5797982522         4.4758448695       -19.6692775626
        1.0400080000         0.6000000000         0.5721412716         4.4043923006       -19.8687395353
        1.0450137000         0.6000000000         0.5721412716         4.3252840994       -19.8687395353
        1.0500047000         0.6000000000         0.6078738476         4.2589352855       -18.9379169961
        1.0550064000         0.6000000000         0.5746935985         4.1747233293       -19.8022522111
        1.0600061000         0.6000000000         0.5874552328         4.1007188830       -19.4698155899
        1.0650070000         0.6000000000         0.5925598865         4.0267144367       -19.3368409415
        1.0700046000         0.6000000000         0.5721412716         3.9476062355       -19.8687395353
        1.0750144000         0.6000000000         0.6053215207         3.8787055441       -19.0044043203
        1.0800069000         0.6000000000         0.5823505790         3.8021492203       -19.6027902384
        1.0850148000         0.6000000000         0.5849029059         3.7255928965       -19.5363029141
        1.0900033000         0.6000000000         0.6027691939         3.6566922051       -19.0708916446
        1.0950061000         0.6000000000         0.5772459253         3.5801358814       -19.7357648868
        1.1000042000         0.6000000000         0.6002168670         3.5137870674       -19.1373789688
        1.1050038000         0.6000000000         0.5925598865         3.4321269888       -19.3368409415
        1.1100341000         0.6000000000         0.5951122133         3.3530187875       -19.2703536172
        1.1150048000         0.6000000000         0.5925598865         3.2866699736       -19.3368409415
        1.1200211000         0.6000000000         0.5823505790         3.2075617724       -19.6027902384
        1.1250094000         0.6000000000         0.5900075596         3.1361092035       -19.4033282657
        1.1300056000         0.6000000000         0.5925598865         3.0646566347       -19.3368409415
        1.1350053000         0.6000000000         0.5951122133         2.9855484334       -19.2703536172
        1.1400048000         0.6000000000         0.6002168670         2.9115439871       -19.1373789688
        1.1450055000         0.6000000000         0.5874552328         2.8451951732       -19.4698155899
        1.1500047000         0.6000000000         0.5925598865         2.7686388494       -19.3368409415
        1.1550036000         0.6000000000         0.6078738476         2.6997381580       -18.9379169961
        1.1600046000         0.6000000000         0.5874552328         2.6231818342       -19.4698155899
        1.1650058000         0.6000000000         0.5900075596         2.5440736330       -19.4033282657
        1.1700049000         0.6000000000         0.5925598865         2.4700691867       -19.3368409415
        1.1750037000         0.6000000000         0.5823505790         2.3986166179       -19.6027902384
        1.1800091000         0.6000000000         0.5951122133         2.3297159265       -19.2703536172
        1.1850070000         0.6000000000         0.5925598865         2.2506077252       -19.3368409415
        1.1900047000         0.6000000000         0.6078738476         2.1817070338       -18.9379169961
        1.1950035000         0.6000000000         0.5900075596         2.1000469552       -19.4033282657
        1.2000057000         0.6000000000         0.5797982522         2.0209387539       -19.6692775626
        1.2050043000         0.6000000000         0.5900075596         1.9520380625       -19.4033282657
        1.2100064000         0.6000000000         0.6002168670         1.8856892486       -19.1373789688
        1.2150061000         0.6000000000         0.5925598865         1.8091329248       -19.3368409415
        1.2200047000         0.6000000000         0.5900075596         1.7376803560       -19.4033282657
        1.2250028000         0.6000000000         0.5797982522         1.6585721547       -19.6692775626
        1.2300117000         0.6000000000         0.5746935985         1.5820158310       -19.8022522111
        1.2350039000         0.6000000000         0.5951122133         1.5156670170       -19.2703536172
        1.2400059000         0.6000000000         0.5823505790         1.4340069384       -19.6027902384
        1.2450055000         0.6000000000         0.5670366179         1.3523468597       -20.0017141837
        1.2500049000         0.6000000000         0.5925598865         1.2834461683       -19.3368409415
        1.2550051000         0.6000000000         0.5670366179         1.2043379670       -20.0017141837
        1.2600062000         0.6000000000         0.5746935985         1.1354372756       -19.8022522111
        1.2650188000         0.6000000000         0.5849029059         1.0588809519       -19.5363029141
        1.2700057000         0.6000000000         0.5797982522         0.9797727506       -19.6692775626
        1.2750059000         0.6000000000         0.5644842910         0.9032164269       -20.0682015080
        1.2800203000         0.6000000000         0.5797982522         0.8266601031       -19.6692775626
        1.2850041000         0.6000000000         0.5849029059         0.7501037793       -19.5363029141
        1.2900060000         0.6000000000         0.5797982522         0.6735474556       -19.6692775626
        1.2950049000         0.6000000000         0.5874552328         0.6020948867       -19.4698155899
        1.3000051000         0.6000000000         0.5797982522         0.5178829306       -19.6692775626
        1.3050030000         0.6000000000         0.5695889448         0.4336709744       -19.9352268595
        1.3100053000         0.6000000000         0.5772459253         0.3596665281       -19.7357648868
        1.3150031000         0.6000000000         0.5874552328         0.2780064494       -19.4698155899
        1.3200045000         0.6000000000         0.5849029059         0.2091057580       -19.5363029141
        1.3250040000         0.6000000000         0.5772459253         0.1325494343       -19.7357648868
        1.3300054000         0.6000000000         0.5721412716         0.0457856007       -19.8687395353
        1.3350053000         0.6000000000         0.5874552328         0.0075074388       -19.4698155899
        1.3400116000         0.6000000000         0.5670366179        -0.0052519485       -20.0017141837
        1.3450048000         0.6000000000         0.5797982522         4.9938759937       -19.6692775626
        1.3500048000         0.6000000000         0.5542749836         5.0040835035       -20.3341508049
        1.3550382000         0.6000000000         0.5823505790         4.9709090965       -19.6027902384
        1.3600111000         0.6000000000         0.5925598865         4.8918008953       -19.3368409415
        1.3650038000         0.6000000000         0.5797982522         4.8152445715       -19.6692775626
        1.3700051000         0.6000000000         0.5542749836         4.7310326154       -20.3341508049
        1.3750035000         0.6000000000         0.5976645402         4.6595800465       -19.2038662930
        1.3800051000         0.6000000000         0.5721412716         4.5753680904       -19.8687395353
        1.3850949000         0.6000000000         0.5900075596         4.4962598892       -19.4033282657
        1.3900051000         0.6000000000         0.5874552328         4.4222554428       -19.4698155899
        1.3950048000         0.6000000000         0.5849029059         4.3482509965       -19.5363029141
        1.4000033000         0.6000000000         0.5900075596         4.2691427953       -19.4033282657
        1.4050054000         0.6000000000         0.5849029059         4.1976902265       -19.5363029141
        1.4100035000         0.6000000000         0.5976645402         4.1262376576       -19.2038662930
        1.4150046000         0.6000000000         0.6002168670         4.0496813338       -19.1373789688
        1.4200030000         0.6000000000         0.5746935985         3.9705731326       -19.8022522111
        1.4250046000         0.6000000000         0.5976645402         3.8991205638       -19.2038662930
        1.4300031000         0.6000000000         0.5746935985         3.8200123625       -19.8022522111
        1.4350046000         0.6000000000         0.5976645402         3.7562154260       -19.2038662930
        1.4400043000         0.6000000000         0.5925598865         3.6668997150       -19.3368409415
        1.4450045000         0.6000000000         0.5900075596         3.6005509010       -19.4033282657
        1.4500030000         0.6000000000         0.5951122133         3.5239945773       -19.2703536172
        1.4550047000         0.6000000000         0.5925598865         3.4601976408       -19.3368409415
        1.4600045000         0.6000000000         0.6002168670         3.3785375621       -19.1373789688
        1.4650046000         0.6000000000         0.5951122133         3.3045331158       -19.2703536172
        1.4700039000         0.6000000000         0.5874552328         3.2330805470       -19.4698155899
        1.4750046000         0.6000000000         0.6002168670         3.1539723457       -19.1373789688
        1.4800028000         0.6000000000         0.5797982522         3.0799678994       -19.6692775626
        1.4850063000         0.6000000000         0.5849029059         2.9983078207       -19.5363029141
        1.4900181000         0.6000000000         0.6002168670         2.9396146392       -19.1373789688
        1.4950046000         0.6000000000         0.5874552328         2.8630583154       -19.4698155899
        1.5000048000         0.6000000000         0.5874552328         2.7813982367       -19.4698155899
        1.5050047000         0.6000000000         0.5823505790         2.7073937904       -19.6027902384
        1.5100032000         0.6000000000         0.5874552328         2.6384930990       -19.4698155899
        1.5150048000         0.6000000000         0.5900075596         2.5644886527       -19.4033282657
        1.5200047000         0.6000000000         0.6053215207         2.4955879613       -19.0044043203
        1.5250020000         0.6000000000         0.6002168670         2.4190316375       -19.1373789688
        1.5300037000         0.6000000000         0.5797982522         2.3399234363       -19.6692775626
        1.5350072000         0.6000000000         0.5849029059         2.2684708674       -19.5363029141
        1.5400883000         0.6000000000         0.5900075596         2.1893626662       -19.4033282657
        1.5450033000         0.6000000000         0.5849029059         2.1153582199       -19.5363029141
        1.5500025000         0.6000000000         0.5823505790         2.0388018961       -19.6027902384
        1.5550025000         0.6000000000         0.5797982522         1.9571418174       -19.6692775626
        1.5600013000         0.6000000000         0.5721412716         1.8856892486       -19.8687395353
        1.5650031000         0.6000000000         0.5874552328         1.8218923121       -19.4698155899
        1.5700056000         0.6000000000         0.5925598865         1.7453359884       -19.3368409415
        1.5750029000         0.6000000000         0.5746935985         1.6713315420       -19.8022522111
        1.5800025000         0.6000000000         0.5670366179         1.5922233408       -20.0017141837
        1.5850031000         0.6000000000         0.5797982522         1.5131151396       -19.6692775626
        1.5900020000         0.6000000000         0.5900075596         1.4391106933       -19.4033282657
        1.5950063000         0.6000000000         0.5721412716         1.3702100019       -19.8687395353
        1.6000044000         0.6000000000         0.5951122133         1.3013093105       -19.2703536172
        1.6050058000         0.6000000000         0.5823505790         1.2145454769       -19.6027902384
        1.6100042000         0.6000000000         0.5721412716         1.1379891531       -19.8687395353
        1.6150037000         0.6000000000         0.5823505790         1.0741922166       -19.6027902384
        1.6200017000         0.6000000000         0.5874552328         0.9899802605       -19.4698155899
        1.6250028000         0.6000000000         0.5721412716         0.9083201818       -19.8687395353
        1.6300021000         0.6000000000         0.5797982522         0.8368676129       -19.6692775626
        1.6350024000         0.6000000000         0.5695889448         0.7552075343       -19.9352268595
        1.6400060000         0.6000000000         0.5823505790         0.6888587203       -19.6027902384
        1.6450050000         0.6000000000         0.5746935985         0.6020948867       -19.8022522111
        1.6500048000         0.6000000000         0.5874552328         0.5306423179       -19.4698155899
        1.6550034000         0.6000000000         0.5772459253         0.4591897490       -19.7357648868
        1.6600053000         0.6000000000         0.5695889448         0.3673221605       -19.9352268595
        1.6650051000         0.6000000000         0.5849029059         0.2958695916       -19.5363029141
        1.6700044000         0.6000000000         0.5797982522         0.2167613904       -19.6692775626
        1.6750048000         0.6000000000         0.5746935985         0.1376531892       -19.8022522111
        1.6800076000         0.6000000000         0.5823505790         0.0662006203       -19.6027902384
        1.6850160000         0.6000000000         0.5772459253         0.0024036839       -19.7357648868
        1.6900046000         0.6000000000         0.5823505790        -0.0001481936       -19.6027902384
        1.6950063000         0.6000000000         0.5823505790         1.1048147461       -19.6027902384
        1.7000050000         0.6000000000         0.5849029059         5.0066353810       -19.5363029141
        1.7050035000         0.6000000000         0.5670366179         4.9760128515       -20.0017141837
        1.7100049000         0.6000000000         0.5772459253         4.8969046502       -19.7357648868
        1.7150490000         0.6000000000         0.5644842910         4.8126926941       -20.0682015080
        1.7200046000         0.6000000000         0.5772459253         4.7386882478       -19.7357648868
        1.7250036000         0.6000000000         0.5823505790         4.6697875564       -19.6027902384
        1.7300035000         0.6000000000         0.5695889448         4.5906793551       -19.9352268595
        1.7350049000         0.6000000000         0.5721412716         4.5013636441       -19.8687395353
        1.7400039000         0.6000000000         0.5849029059         4.4299110752       -19.5363029141
        1.7450043000         0.6000000000         0.5797982522         4.3482509965       -19.6692775626
        1.7500040000         0.6000000000         0.5900075596         4.2793503051       -19.4033282657
        1.7550046000         0.6000000000         0.5721412716         4.2002421039       -19.8687395353
        1.7600038000         0.6000000000         0.5900075596         4.1262376576       -19.4033282657
        1.7650047000         0.6000000000         0.5900075596         4.0573369662       -19.4033282657
        1.7700032000         0.6000000000         0.5900075596         3.9858843974       -19.4033282657
        1.7750044000         0.6000000000         0.5976645402         3.9093280736       -19.2038662930
        1.7800038000         0.6000000000         0.5823505790         3.8327717498       -19.6027902384
        1.7850047000         0.6000000000         0.5874552328         3.7511116711       -19.4698155899
        1.7900039000         0.6000000000         0.5874552328         3.6796591023       -19.4698155899
        1.7950052000         0.6000000000         0.5976645402         3.6056546560       -19.2038662930
        1.8000068000         0.6000000000         0.5951122133         3.5367539646       -19.2703536172
        1.8050059000         0.6000000000         0.5976645402         3.4601976408       -19.2038662930
        1.8100027000         0.6000000000         0.5900075596         3.3759856847       -19.4033282657
        1.8150045000         0.6000000000         0.5976645402         3.3096368707       -19.2038662930
        1.8200038000         0.6000000000         0.5874552328         3.2356324244       -19.4698155899
        1.8250051000         0.6000000000         0.6104261745         3.1641798556       -18.8714296719
        1.8300029000         0.6000000000         0.5976645402         3.0901754092       -19.2038662930
        1.8350045000         0.6000000000         0.5900075596         3.0263784728       -19.4033282657
        1.8400042000         0.6000000000         0.5976645402         2.9421665166       -19.2038662930
        1.8450094000         0.6000000000         0.5925598865         2.8630583154       -19.3368409415
        1.8500069000         0.6000000000         0.5925598865         2.7967095015       -19.3368409415
        1.8550042000         0.6000000000         0.6002168670         2.7227050552       -19.1373789688
        1.8600032000         0.6000000000         0.5900075596         2.6487006088       -19.4033282657
        1.8650047000         0.6000000000         0.5900075596         2.5772480400       -19.4033282657
        1.8700052000         0.6000000000         0.5900075596         2.4981398388       -19.4033282657
        1.8750048000         0.6000000000         0.6002168670         2.4266872699       -19.1373789688
        1.8800038000         0.6000000000         0.5900075596         2.3501309461       -19.4033282657
        1.8850058000         0.6000000000         0.5746935985         2.2735746224       -19.8022522111
        1.8900037000         0.6000000000         0.5874552328         2.1944664211       -19.4698155899
        1.8950047000         0.6000000000         0.6002168670         2.1306694847       -19.1373789688
        1.9000032000         0.6000000000         0.5849029059         2.0413537736       -19.5363029141
        1.9050045000         0.6000000000         0.5976645402         1.9826605920       -19.2038662930
        1.9100036000         0.6000000000         0.5772459253         1.8958967584       -19.7357648868
        1.9150029000         0.6000000000         0.5823505790         1.8269960670       -19.6027902384
        1.9200059000         0.6000000000         0.6002168670         1.7529916207       -19.1373789688
        1.9250033000         0.6000000000         0.5976645402         1.6789871744       -19.2038662930
        1.9300023000         0.6000000000         0.5823505790         1.6177421154       -19.6027902384
        1.9350065000         0.6000000000         0.5797982522         1.5335301593       -19.6692775626
        1.9400051000         0.6000000000         0.5925598865         1.4646294679       -19.3368409415
        1.9450051000         0.6000000000         0.5695889448         1.3804175117       -19.9352268595
        1.9500055000         0.6000000000         0.5925598865         1.3115168203       -19.3368409415
        1.9550046000         0.6000000000         0.5772459253         1.2324086191       -19.7357648868
        1.9600049000         0.6000000000         0.5900075596         1.1711635601       -19.4033282657
        1.9650041000         0.6000000000         0.5772459253         1.0843997265       -19.7357648868
        1.9700038000         0.6000000000         0.5900075596         1.0103952802       -19.4033282657
        1.9750316000         0.6000000000         0.5951122133         0.9389427113       -19.2703536172
        1.9800051000         0.6000000000         0.5746935985         0.8598345101       -19.8022522111
        1.9850039000         0.6000000000         0.5849029059         0.7807263088       -19.5363029141
        1.9900040000         0.6000000000         0.5797982522         0.7016181076       -19.6692775626
        1.9950040000         0.6000000000         0.5823505790         0.6301655388       -19.6027902384
        2.0000030000         0.6000000000         0.6002168670         0.5536092150       -19.1373789688
        2.0050032000         0.6000000000         0.5900075596         0.4745010138       -19.4033282657
        2.0100051000         0.6000000000         0.5823505790         0.3928409351       -19.6027902384
        2.0150035000         0.6000000000         0.5746935985         0.3137327338       -19.8022522111
        2.0200047000         0.6000000000         0.5874552328         0.2448320425       -19.4698155899
        2.0250032000         0.6000000000         0.5849029059         0.1580682088       -19.5363029141
        2.0300064000         0.6000000000         0.6027691939         0.0840637625       -19.0708916446
        2.0350048000         0.6000000000         0.5772459253         0.0024036839       -19.7357648868
        2.0400060000         0.6000000000         0.5772459253        -0.0052519485       -19.7357648868
        2.0450038000         0.6000000000         0.5797982522         1.1099185011       -19.6692775626
        2.0500062000         0.6000000000         0.5849029059         5.0015316260       -19.5363029141
        2.0550050000         0.6000000000         0.5874552328         5.0066353810       -19.4698155899
        2.0600039000         0.6000000000         0.5874552328         4.9275271797       -19.4698155899
        2.0650043000         0.6000000000         0.5721412716         4.8535227334       -19.8687395353
        2.0700046000         0.6000000000         0.5823505790         4.7642070224       -19.6027902384
        2.0750048000         0.6000000000         0.5900075596         4.6953063310       -19.4033282657
        2.0800069000         0.6000000000         0.5900075596         4.6059906199       -19.4033282657
        2.0851642000         0.6000000000         0.5849029059         4.5319861736       -19.5363029141
        2.0900112000         0.6000000000         0.5900075596         4.4554298498       -19.4033282657
        2.0950071000         0.6000000000         0.5951122133         4.3839772810       -19.2703536172
        2.1000161000         0.6000000000         0.5900075596         4.2997653248       -19.4033282657
        2.1050047000         0.6000000000         0.6002168670         4.2308646334       -19.1373789688
        2.1100050000         0.6000000000         0.5797982522         4.1594120646       -19.6692775626
        2.1150024000         0.6000000000         0.5900075596         4.0777519859       -19.4033282657
        2.1200028000         0.6000000000         0.5925598865         4.0114031719       -19.3368409415
        2.1250054000         0.6000000000         0.5976645402         3.9348468482       -19.2038662930
        2.1300032000         0.6000000000         0.6053215207         3.8633942793       -19.0044043203
        2.1350121000         0.6000000000         0.5874552328         3.7893898330       -19.4698155899
        2.1400093000         0.6000000000         0.6053215207         3.7153853867       -19.0044043203
        2.1450046000         0.6000000000         0.6027691939         3.6413809404       -19.0708916446
        2.1500072000         0.6000000000         0.5925598865         3.5597208617       -19.3368409415
        2.1550054000         0.6000000000         0.5951122133         3.4857164154       -19.2703536172
        2.1600063000         0.6000000000         0.6053215207         3.4244713564       -19.0044043203
        2.1650051000         0.6000000000         0.5951122133         3.3479150326       -19.2703536172
        2.1700084000         0.6000000000         0.5874552328         3.2662549539       -19.4698155899
        2.1750090000         0.6000000000         0.6104261745         3.2050098949       -18.8714296719
        2.1800041000         0.6000000000         0.5951122133         3.1182460613       -19.2703536172
        2.1850099000         0.6000000000         0.5951122133         3.0544491248       -19.2703536172
        2.1900054000         0.6000000000         0.5976645402         2.9753409236       -19.2038662930
        2.1950150000         0.6000000000         0.5976645402         2.9013364773       -19.2038662930
        2.2000053000         0.6000000000         0.5823505790         2.8222282761       -19.6027902384
        2.2050168000         0.6000000000         0.6053215207         2.7533275847       -19.0044043203
        2.2100041000         0.6000000000         0.6053215207         2.6895306482       -19.0044043203
        2.2150202000         0.6000000000         0.5849029059         2.6053186920       -19.5363029141
        2.2200105000         0.6000000000         0.5568273105         2.5338661232       -20.2676634806
        2.2250373000         0.6000000000         0.6027691939         2.4700691867       -19.0708916446
        2.2300034000         0.6000000000         0.5951122133         2.3833053531       -19.2703536172
        2.2350099000         0.6000000000         0.5900075596         2.3118527843       -19.4033282657
        2.2400098000         0.6000000000         0.5874552328         2.2352964605       -19.4698155899
        2.2450119000         0.6000000000         0.5797982522         2.1612920142       -19.6692775626
        2.2500085000         0.6000000000         0.5900075596         2.0847356904       -19.4033282657
        2.2550066000         0.6000000000         0.5951122133         2.0158349990       -19.2703536172
        2.2600035000         0.6000000000         0.5849029059         1.9341749203       -19.5363029141
        2.2650058000         0.6000000000         0.5849029059         1.8652742289       -19.5363029141
        2.2700060000         0.6000000000         0.5695889448         1.7836141502       -19.9352268595
        2.2750337000         0.6000000000         0.5695889448         1.7045059490       -19.9352268595
        2.2800051000         0.6000000000         0.5772459253         1.6305015027       -19.7357648868
        2.2850059000         0.6000000000         0.5823505790         1.5667045662       -19.6027902384
        2.2900047000         0.6000000000         0.5721412716         1.4850444875       -19.8687395353
        2.2950064000         0.6000000000         0.5797982522         1.4135919187       -19.6692775626
        2.3000041000         0.6000000000         0.5695889448         1.3421393498       -19.9352268595
        2.3050056000         0.6000000000         0.6002168670         1.2732386584       -19.1373789688
        2.3100073000         0.6000000000         0.5900075596         1.1941304572       -19.4033282657
        2.3150066000         0.6000000000         0.5670366179         1.1175741334       -20.0017141837
        2.3200191000         0.6000000000         0.5797982522         1.0333621773       -19.6692775626
        2.3250063000         0.6000000000         0.5849029059         0.9619096084       -19.5363029141
        2.3300044000         0.6000000000         0.5670366179         0.8776976523       -20.0017141837
        2.3350131000         0.6000000000         0.5951122133         0.8036932060       -19.2703536172
        2.3401164000         0.6000000000         0.5721412716         0.7245850047       -19.8687395353
        2.3450061000         0.6000000000         0.5542749836         0.6505805584       -20.3341508049
        2.3500057000         0.6000000000         0.5849029059         0.5765761121       -19.5363029141
        2.3550078000         0.6000000000         0.5849029059         0.5051235433       -19.5363029141
        2.3600067000         0.6000000000         0.5849029059         0.4285672195       -19.5363029141
        2.3650066000         0.6000000000         0.5849029059         0.3469071408       -19.5363029141
        2.3700065000         0.6000000000         0.5721412716         0.2703508170       -19.8687395353
        2.3750053000         0.6000000000         0.5874552328         0.1937944933       -19.4698155899
        2.3800064000         0.6000000000         0.5849029059         0.1172381695       -19.5363029141
        2.3850059000         0.6000000000         0.5670366179         0.0304743359       -20.0017141837
        2.3900063000         0.6000000000         0.5900075596         0.0049555613       -19.4033282657
        2.3950068000         0.6000000000         0.5593796373         1.0971591138       -20.2011761564
        2.4000082000         0.6000000000         0.5874552328         5.0040835035       -19.4698155899
        2.4050051000         0.6000000000         0.5797982522         5.0066353810       -19.6692775626
        2.4100069000         0.6000000000         0.5849029059         4.9607015867       -19.5363029141
        2.4150049000         0.6000000000         0.6002168670         4.8815933855       -19.1373789688
        2.4200056000         0.6000000000         0.5849029059         4.7922776744       -19.5363029141
        2.4250053000         0.6000000000         0.5721412716         4.7080657183       -19.8687395353
        2.4300052000         0.6000000000         0.5925598865         4.6340612719       -19.3368409415
        2.4350048000         0.6000000000         0.5874552328         4.5626087031       -19.4698155899
        2.4400045000         0.6000000000         0.5874552328         4.4835005019       -19.4698155899
        2.4450045000         0.6000000000         0.5951122133         4.4145998105       -19.2703536172
        2.4500041000         0.6000000000         0.5823505790         4.3405953642       -19.6027902384
        2.4550031000         0.6000000000         0.5925598865         4.2487277756       -19.3368409415
        2.4600050000         0.6000000000         0.5925598865         4.1874827166       -19.3368409415
        2.4650037000         0.6000000000         0.5976645402         4.1134782703       -19.2038662930
        2.4700047000         0.6000000000         0.5849029059         4.0267144367       -19.5363029141
        2.4750026000         0.6000000000         0.5772459253         3.9527099904       -19.7357648868
        2.4800063000         0.6000000000         0.6027691939         3.8812574215       -19.0708916446
        2.4850044000         0.6000000000         0.5900075596         3.8047010978       -19.4033282657
        2.4900046000         0.6000000000         0.5797982522         3.7306966515       -19.6692775626
        2.4950694000         0.6000000000         0.5976645402         3.6617959601       -19.2038662930
        2.5000046000         0.6000000000         0.5925598865         3.5954471461       -19.3368409415
        2.5050046000         0.6000000000         0.5951122133         3.5086833125       -19.2703536172
        2.5100047000         0.6000000000         0.5976645402         3.4423344986       -19.2038662930
        2.5150044000         0.6000000000         0.6078738476         3.3581225424       -18.9379169961
        2.5200050000         0.6000000000         0.5874552328         3.2917737285       -19.4698155899
        2.5250045000         0.6000000000         0.6027691939         3.2177692822       -19.0708916446
        2.5300050000         0.6000000000         0.5976645402         3.1437648359       -19.2038662930
        2.5350036000         0.6000000000         0.5900075596         3.0723122670       -19.4033282657
        2.5400028000         0.6000000000         0.6027691939         2.9957559433       -19.0708916446
        2.5450038000         0.6000000000         0.6002168670         2.9319590068       -19.1373789688
        2.5500036000         0.6000000000         0.5695889448         2.8477470506       -19.9352268595
        2.5550022000         0.6000000000         0.5900075596         2.7711907269       -19.4033282657
        2.5600072000         0.6000000000         0.6002168670         2.6971862806       -19.1373789688
        2.5650027000         0.6000000000         0.5874552328         2.6282855892       -19.4698155899
        2.5700023000         0.6000000000         0.5849029059         2.5517292654       -19.5363029141
        2.5750039000         0.6000000000         0.5951122133         2.4853804515       -19.2703536172
        2.5800039000         0.6000000000         0.5517226568         2.3986166179       -20.4006381291
        2.5850039000         0.6000000000         0.5823505790         2.3271640490       -19.6027902384
        2.5900041000         0.6000000000         0.5925598865         2.2557114802       -19.3368409415
        2.5950017000         0.6000000000         0.6002168670         2.1893626662       -19.1373789688
        2.6000020000         0.6000000000         0.5849029059         2.1102544650       -19.5363029141
        2.6050026000         0.6000000000         0.5670366179         2.0234906314       -20.0017141837
        2.6100046000         0.6000000000         0.5823505790         1.9545899400       -19.6027902384
        2.6150029000         0.6000000000         0.5951122133         1.8882411261       -19.2703536172
        2.6200027000         0.6000000000         0.5797982522         1.8040291699       -19.6692775626
        2.6250057000         0.6000000000         0.5721412716         1.7325766011       -19.8687395353
        2.6300435000         0.6000000000         0.5746935985         1.6560202773       -19.8022522111
        2.6350043000         0.6000000000         0.5721412716         1.5794639535       -19.8687395353
        2.6400047000         0.6000000000         0.5951122133         1.5156670170       -19.2703536172
        2.6450033000         0.6000000000         0.5900075596         1.4467663256       -19.4033282657
        2.6500022000         0.6000000000         0.5644842910         1.3574506146       -20.0682015080
        2.6550067000         0.6000000000         0.5823505790         1.2808942908       -19.6027902384
        2.6600041000         0.6000000000         0.5849029059         1.2119935994       -19.5363029141
        2.6650021000         0.6000000000         0.5772459253         1.1379891531       -19.7357648868
        2.6700045000         0.6000000000         0.5797982522         1.0563290744       -19.6692775626
        2.6750025000         0.6000000000         0.5797982522         0.9848765056       -19.6692775626
        2.6800071000         0.6000000000         0.5542749836         0.8981126720       -20.3341508049
        2.6850043000         0.6000000000         0.5849029059         0.8292119806       -19.5363029141
        2.6900042000         0.6000000000         0.5849029059         0.7552075343       -19.5363029141
        2.6950027000         0.6000000000         0.5797982522         0.6812030879       -19.6692775626
        2.7000028000         0.6000000000         0.5797982522         0.5969911318       -19.6692775626
        2.7050025000         0.6000000000         0.5772459253         0.5153310531       -19.7357648868
        2.7100020000         0.6000000000         0.5797982522         0.4464303617       -19.6692775626
        2.7150039000         0.6000000000         0.5746935985         0.3596665281       -19.8022522111
        2.7200077000         0.6000000000         0.5849029059         0.2958695916       -19.5363029141
        2.7250044000         0.6000000000         0.5849029059         0.2091057580       -19.5363029141
        2.7300022000         0.6000000000         0.5797982522         0.1376531892       -19.6692775626
        2.7350036000         0.6000000000         0.5823505790         0.0457856007       -19.6027902384
        2.7400020000         0.6000000000         0.5900075596         0.0024036839       -19.4033282657
        2.7450036000         0.6000000000         0.5746935985         0.0049555613       -19.8022522111
        2.7500043000         0.6000000000         0.5900075596         4.9811166064       -19.4033282657
        2.7550022000         0.6000000000         0.5874552328         5.0091872584       -19.4698155899
        2.7600040000         0.6000000000         0.5746935985         4.9683572191       -19.8022522111
        2.7650056000         0.6000000000         0.6078738476         4.9071121601       -18.9379169961
        2.7700056000         0.6000000000         0.5746935985         4.8126926941       -19.8022522111
        2.7750040000         0.6000000000         0.5772459253         4.7412401252       -19.7357648868
        2.7800048000         0.6000000000         0.5874552328         4.6621319240       -19.4698155899
        2.7850048000         0.6000000000         0.5797982522         4.5881274777       -19.6692775626
        2.7900105000         0.6000000000         0.5900075596         4.4988117666       -19.4033282657
        2.7950045000         0.6000000000         0.5849029059         4.4324629527       -19.5363029141
        2.8000053000         0.6000000000         0.5900075596         4.3584585064       -19.4033282657
        2.8050043000         0.6000000000         0.5900075596         4.2844540601       -19.4033282657
        2.8100079000         0.6000000000         0.5900075596         4.1951383490       -19.4033282657
        2.8150339000         0.6000000000         0.5900075596         4.1287895351       -19.4033282657
        2.8200042000         0.6000000000         0.5951122133         4.0573369662       -19.2703536172
        2.8250103000         0.6000000000         0.5823505790         3.9782287650       -19.6027902384
        2.8300041000         0.6000000000         0.6002168670         3.9067761961       -19.1373789688
        2.8350052000         0.6000000000         0.5874552328         3.8276679949       -19.4698155899
        2.8400020000         0.6000000000         0.5900075596         3.7562154260       -19.4033282657
        2.8450052000         0.6000000000         0.5823505790         3.6898666121       -19.6027902384
        2.8500129000         0.6000000000         0.6002168670         3.6107584109       -19.1373789688
        2.8552044000         0.6000000000         0.5874552328         3.5367539646       -19.4698155899
        2.8600041000         0.6000000000         0.6027691939         3.4704051506       -19.0708916446
        2.8650052000         0.6000000000         0.6053215207         3.3887450720       -19.0044043203
        2.8700038000         0.6000000000         0.5951122133         3.3096368707       -19.2703536172
        2.8750047000         0.6000000000         0.5925598865         3.2407361793       -19.3368409415
        2.8800060000         0.6000000000         0.5951122133         3.1641798556       -19.2703536172
        2.8850026000         0.6000000000         0.5849029059         3.0952791642       -19.5363029141
        2.8900043000         0.6000000000         0.6002168670         3.0238265953       -19.1373789688
        2.8950050000         0.6000000000         0.6078738476         2.9574777814       -18.9379169961
        2.9000050000         0.6000000000         0.5849029059         2.8707139478       -19.5363029141
        2.9050048000         0.6000000000         0.5976645402         2.8018132564       -19.2038662930
        2.9100048000         0.6000000000         0.5849029059         2.7278088101       -19.5363029141
        2.9150042000         0.6000000000         0.5797982522         2.6487006088       -19.6692775626
        2.9200039000         0.6000000000         0.6002168670         2.5849036724       -19.1373789688
        2.9250036000         0.6000000000         0.6078738476         2.5108992261       -18.9379169961
        2.9300023000         0.6000000000         0.5874552328         2.4317910248       -19.4698155899
        2.9350014000         0.6000000000         0.5925598865         2.3628903334       -19.3368409415
        2.9400067000         0.6000000000         0.5874552328         2.2863340097       -19.4698155899
        2.9450046000         0.6000000000         0.5951122133         2.2097776859       -19.2703536172
        2.9500058000         0.6000000000         0.5874552328         2.1357732396       -19.4698155899
        2.9550048000         0.6000000000         0.5772459253         2.0515612834       -19.7357648868
        2.9600050000         0.6000000000         0.5900075596         1.9852124695       -19.4033282657
        2.9650066000         0.6000000000         0.5874552328         1.9035523908       -19.4698155899
        2.9700061000         0.6000000000         0.5874552328         1.8244441896       -19.4698155899
        2.9750079000         0.6000000000         0.5951122133         1.7631991306       -19.2703536172
        2.9800055000         0.6000000000         0.5797982522         1.6891946843       -19.6692775626
        2.9850051000         0.6000000000         0.5644842910         1.6049827281       -20.0682015080
        2.9900056000         0.6000000000         0.5823505790         1.5360820367       -19.6027902384
        2.9950038000         0.6000000000         0.5772459253         1.4569738355       -19.7357648868
        3.0000055000         0.6000000000         0.5925598865         1.3931768990       -19.3368409415
        3.0050067000         0.6000000000         0.5823505790         1.3115168203       -19.6027902384
        3.0100053000         0.6000000000         0.5670366179         1.2349604965       -20.0017141837
        3.0150069000         0.6000000000         0.5772459253         1.1558522953       -19.7357648868
        3.0200036000         0.6000000000         0.5746935985         1.0818478490       -19.8022522111
        3.0250068000         0.6000000000         0.5823505790         1.0154990351       -19.6027902384
        3.0300067000         0.6000000000         0.5695889448         0.9312870789       -19.9352268595
        3.0350061000         0.6000000000         0.5797982522         0.8521788777       -19.6692775626
        3.0402391000         0.6000000000         0.5797982522         0.7705187990       -19.6692775626
        3.0450061000         0.6000000000         0.5849029059         0.6990662302       -19.5363029141
        3.0501261000         0.6000000000         0.5746935985         0.6225099064       -19.8022522111
        3.0550070000         0.6000000000         0.5900075596         0.5561610925       -19.4033282657
        3.0600047000         0.6000000000         0.5746935985         0.4668453814       -19.8022522111
        3.0650045000         0.6000000000         0.5772459253         0.3928409351       -19.7357648868
        3.0700040000         0.6000000000         0.5746935985         0.3086289789       -19.8022522111
        3.0750043000         0.6000000000         0.5823505790         0.2320726552       -19.6027902384
        3.0800046000         0.6000000000         0.5644842910         0.1555163314       -20.0682015080
        3.0850062000         0.6000000000         0.5823505790         0.0764081302       -19.6027902384
        3.0900056000         0.6000000000         0.5772459253         0.0024036839       -19.7357648868
        3.0950029000         0.6000000000         0.5823505790         0.0100593162       -19.6027902384
        3.1000058000         0.6000000000         0.5925598865         1.1175741334       -19.3368409415
        3.1050052000         0.6000000000         0.5695889448         5.0066353810       -19.9352268595
        3.1100061000         0.6000000000         0.5797982522         4.9989797486       -19.6692775626
        3.1150050000         0.6000000000         0.5900075596         4.9300790572       -19.4033282657
        3.1200036000         0.6000000000         0.5797982522         4.8407633461       -19.6692775626
        3.1250068000         0.6000000000         0.5874552328         4.7591032674       -19.4698155899
        3.1300057000         0.6000000000         0.5874552328         4.6850988211       -19.4698155899
        3.1350047000         0.6000000000         0.5772459253         4.6008868650       -19.7357648868
        3.1400048000         0.6000000000         0.5874552328         4.5294342961       -19.4698155899
        3.1450030000         0.6000000000         0.5976645402         4.4503260949       -19.2038662930
        3.1500057000         0.6000000000         0.5951122133         4.3788735260       -19.2703536172
        3.1550043000         0.6000000000         0.5951122133         4.3074209572       -19.2703536172
        3.1600047000         0.6000000000         0.5772459253         4.2257608785       -19.7357648868
        3.1650041000         0.6000000000         0.5849029059         4.1492045547       -19.5363029141
        3.1700038000         0.6000000000         0.5874552328         4.0700963535       -19.4698155899
        3.1750047000         0.6000000000         0.5823505790         4.0011956621       -19.6027902384
        3.1800048000         0.6000000000         0.5976645402         3.9246393383       -19.2038662930
        3.1850037000         0.6000000000         0.5874552328         3.8531867695       -19.4698155899
        3.1900045000         0.6000000000         0.5900075596         3.7715266908       -19.4033282657
        3.1950031000         0.6000000000         0.5951122133         3.7051778769       -19.2703536172
        3.2000049000         0.6000000000         0.6027691939         3.6260696756       -19.0708916446
        3.2050035000         0.6000000000         0.5849029059         3.5520652293       -19.5363029141
        3.2100050000         0.6000000000         0.5976645402         3.4806126605       -19.2038662930
        3.2150073000         0.6000000000         0.5976645402         3.4040563367       -19.2038662930
        3.2200052000         0.6000000000         0.5976645402         3.3351556453       -19.2038662930
        3.2250030000         0.6000000000         0.6002168670         3.2662549539       -19.1373789688
        3.2300043000         0.6000000000         0.5976645402         3.1794911203       -19.2038662930
        3.2350038000         0.6000000000         0.5925598865         3.1131423064       -19.3368409415
        3.2400047000         0.6000000000         0.5976645402         3.0391378601       -19.2038662930
        3.2450061000         0.6000000000         0.5925598865         2.9625815363       -19.3368409415
        3.2500042000         0.6000000000         0.5951122133         2.8911289674       -19.2703536172
        3.2550035000         0.6000000000         0.5874552328         2.8171245211       -19.4698155899
        3.2600048000         0.6000000000         0.5900075596         2.7405681974       -19.4033282657
        3.2650032000         0.6000000000         0.5900075596         2.6691156285       -19.4033282657
        3.2700051000         0.6000000000         0.5900075596         2.5925593047       -19.4033282657
        3.2750037000         0.6000000000         0.6002168670         2.5160029810       -19.1373789688
        3.2800048000         0.6000000000         0.6053215207         2.4547579220       -19.0044043203
        3.2850032000         0.6000000000         0.5925598865         2.3807534756       -19.3368409415
        3.2900062000         0.6000000000         0.5900075596         2.2965415195       -19.4033282657
        3.2950049000         0.6000000000         0.5797982522         2.2250889506       -19.6692775626
        3.3000066000         0.6000000000         0.5900075596         2.1459807494       -19.4033282657
        3.3050056000         0.6000000000         0.5823505790         2.0745281806       -19.6027902384
        3.3100061000         0.6000000000         0.5874552328         1.9903162244       -19.4698155899
        3.3150043000         0.6000000000         0.5797982522         1.9214155330       -19.6692775626
        3.3200060000         0.6000000000         0.5695889448         1.8448592093       -19.9352268595
        3.3250058000         0.6000000000         0.5849029059         1.7734066404       -19.5363029141
        3.3300072000         0.6000000000         0.5900075596         1.6994021941       -19.4033282657
        3.3350036000         0.6000000000         0.5797982522         1.6279496252       -19.6692775626
        3.3400059000         0.6000000000         0.5644842910         1.5462895465       -20.0682015080
        3.3450055000         0.6000000000         0.5874552328         1.4824926101       -19.4698155899
        3.3500054000         0.6000000000         0.5849029059         1.3982806539       -19.5363029141
        3.3550047000         0.6000000000         0.5746935985         1.3268280851       -19.8022522111
        3.3600043000         0.6000000000         0.5900075596         1.2579273937       -19.4033282657
        3.3650045000         0.6000000000         0.5772459253         1.1813710699       -19.7357648868
        3.3700030000         0.6000000000         0.5746935985         1.1022628687       -19.8022522111
        3.3750035000         0.6000000000         0.5849029059         1.0154990351       -19.5363029141
        3.3800069000         0.6000000000         0.5874552328         0.9517020986       -19.4698155899
        3.3850065000         0.6000000000         0.5746935985         0.8751457748       -19.8022522111
        3.3900082000         0.6000000000         0.5772459253         0.7909338187       -19.7357648868
        3.3950066000         0.6000000000         0.5746935985         0.7143774949       -19.8022522111
        3.4000084000         0.6000000000         0.5746935985         0.6378211711       -19.8022522111
        3.4050068000         0.6000000000         0.5925598865         0.5663686023       -19.3368409415
        3.4100067000         0.6000000000         0.5797982522         0.4923641560       -19.6692775626
        3.4150099000         0.6000000000         0.5721412716         0.4004965675       -19.8687395353
        3.4200054000         0.6000000000         0.5772459253         0.3239402437       -19.7357648868
        3.4250050000         0.6000000000         0.5797982522         0.2448320425       -19.6692775626
        3.4300031000         0.6000000000         0.5823505790         0.1708275961       -19.6027902384
        3.4350053000         0.6000000000         0.5849029059         0.0968231498       -19.5363029141
        3.4400055000         0.6000000000         0.5721412716         0.0100593162       -19.8687395353
        3.4450046000         0.6000000000         0.5772459253        -0.0052519485       -19.7357648868
        3.4500035000         0.6000000000         0.5772459253         1.1099185011       -19.7357648868
        3.4550048000         0.6000000000         0.5925598865         5.0091872584       -19.3368409415
        3.4600035000         0.6000000000         0.5797982522         5.0066353810       -19.6692775626
        3.4650049000         0.6000000000         0.5772459253         4.9326309346       -19.7357648868
        3.4700038000         0.6000000000         0.5721412716         4.8484189785       -19.8687395353
        3.4750053000         0.6000000000         0.5721412716         4.7795182871       -19.8687395353
        3.4800029000         0.6000000000         0.5951122133         4.6953063310       -19.2703536172
        3.4850057000         0.6000000000         0.5797982522         4.6161981297       -19.6692775626
        3.4900032000         0.6000000000         0.5797982522         4.5421936834       -19.6692775626
        3.4950046000         0.6000000000         0.5797982522         4.4656373597       -19.6692775626
        3.5000040000         0.6000000000         0.5849029059         4.3941847908       -19.5363029141
        3.5050045000         0.6000000000         0.5874552328         4.3125247121       -19.4698155899
        3.5100041000         0.6000000000         0.5874552328         4.2359683883       -19.4698155899
        3.5150107000         0.6000000000         0.5797982522         4.1594120646       -19.6692775626
        3.5201020000         0.6000000000         0.5874552328         4.0854076183       -19.4698155899
        3.5250212000         0.6000000000         0.5874552328         4.0114031719       -19.4698155899
        3.5300614000         0.6000000000         0.5951122133         3.9399506031       -19.2703536172
        3.5350051000         0.6000000000         0.6027691939         3.8633942793       -19.0708916446
        3.5401682000         0.6000000000         0.5797982522         3.7842860781       -19.6692775626
        3.5450030000         0.6000000000         0.5925598865         3.7179372642       -19.3368409415
        3.5500056000         0.6000000000         0.6002168670         3.6490365728       -19.1373789688
        3.5550034000         0.6000000000         0.5951122133         3.5673764941       -19.2703536172
        3.5600040000         0.6000000000         0.6053215207         3.4959239252       -19.0044043203
        3.5650046000         0.6000000000         0.5797982522         3.4142638465       -19.6692775626
        3.5700040000         0.6000000000         0.6002168670         3.3428112777       -19.1373789688
        3.5750026000         0.6000000000         0.5874552328         3.2688068314       -19.4698155899
        3.5800049000         0.6000000000         0.6053215207         3.2075617724       -19.0044043203
        3.5850037000         0.6000000000         0.5925598865         3.1259016937       -19.3368409415
        3.5900046000         0.6000000000         0.6002168670         3.0518972474       -19.1373789688
        3.5950039000         0.6000000000         0.5951122133         2.9778928011       -19.2703536172
        3.6000050000         0.6000000000         0.5976645402         2.9038883547       -19.2038662930
        3.6050030000         0.6000000000         0.5849029059         2.8247801535       -19.5363029141
        3.6100046000         0.6000000000         0.6053215207         2.7609832170       -19.0044043203
        3.6150070000         0.6000000000         0.5900075596         2.6767712609       -19.4033282657
        3.6200046000         0.6000000000         0.5491703299         2.6078705695       -20.4671254533
        3.6250063000         0.6000000000         0.5874552328         2.5338661232       -19.4698155899
        3.6300051000         0.6000000000         0.5951122133         2.4547579220       -19.2703536172
        3.6350055000         0.6000000000         0.6027691939         2.3909609855       -19.0708916446
        3.6400050000         0.6000000000         0.5951122133         2.3169565392       -19.2703536172
        3.6450042000         0.6000000000         0.5849029059         2.2378483379       -19.5363029141
        3.6500049000         0.6000000000         0.5900075596         2.1689476465       -19.4033282657
        3.6550073000         0.6000000000         0.5823505790         2.0770800580       -19.6027902384
        3.6600049000         0.6000000000         0.6002168670         2.0183868765       -19.1373789688
        3.6650029000         0.6000000000         0.5900075596         1.9418305527       -19.4033282657
        3.6700061000         0.6000000000         0.5772459253         1.8627223515       -19.7357648868
        3.6750042000         0.6000000000         0.5772459253         1.7785103953       -19.7357648868
        3.6800064000         0.6000000000         0.5951122133         1.7249209687       -19.2703536172
        3.6850048000         0.6000000000         0.5900075596         1.6432608900       -19.4033282657
        3.6900046000         0.6000000000         0.5670366179         1.5641526888       -20.0017141837
        3.6950033000         0.6000000000         0.5797982522         1.4901482425       -19.6692775626
        3.7000046000         0.6000000000         0.5797982522         1.4237994285       -19.6692775626
        3.7050026000         0.6000000000         0.5721412716         1.3395874724       -19.8687395353
        3.7100047000         0.6000000000         0.5874552328         1.2604792711       -19.4698155899
        3.7150041000         0.6000000000         0.5874552328         1.1941304572       -19.4698155899
        3.7200068000         0.6000000000         0.5491703299         1.1124703785       -20.4671254533
        3.7250459000         0.6000000000         0.5772459253         1.0333621773       -19.7357648868
        3.7300054000         0.6000000000         0.5797982522         0.9568058535       -19.6692775626
        3.7350031000         0.6000000000         0.5695889448         0.8802495297       -19.9352268595
        3.7400050000         0.6000000000         0.5951122133         0.8139007158       -19.2703536172
        3.7450050000         0.6000000000         0.5644842910         0.7296887597       -20.0682015080
        3.7500051000         0.6000000000         0.5695889448         0.6480286810       -19.9352268595
        3.7550051000         0.6000000000         0.5874552328         0.5791279896       -19.4698155899
        3.7600046000         0.6000000000         0.5797982522         0.5076754207       -19.6692775626
        3.7650032000         0.6000000000         0.5797982522         0.4132559548       -19.6692775626
        3.7700046000         0.6000000000         0.5849029059         0.3520108957       -19.5363029141
        3.7750043000         0.6000000000         0.5772459253         0.2677989396       -19.7357648868
        3.7800047000         0.6000000000         0.5874552328         0.1886907384       -19.4698155899
        3.7850032000         0.6000000000         0.5797982522         0.1121344146       -19.6692775626
        3.7900046000         0.6000000000         0.5797982522         0.0304743359       -19.6692775626
        3.7950041000         0.6000000000         0.5772459253        -0.0078038260       -19.7357648868
        3.8000039000         0.6000000000         0.5695889448         1.1022628687       -19.9352268595
        3.8050049000         0.6000000000         0.5900075596         5.0117391359       -19.4033282657
        3.8100046000         0.6000000000         0.5695889448         5.0142910133       -19.9352268595
        3.8150048000         0.6000000000         0.5951122133         4.9530459543       -19.2703536172
        3.8200051000         0.6000000000         0.5746935985         4.8713858756       -19.8022522111
        3.8250038000         0.6000000000         0.5772459253         4.7897257969       -19.7357648868
        3.8300046000         0.6000000000         0.5772459253         4.7182732281       -19.7357648868
        3.8350046000         0.6000000000         0.5874552328         4.6366131494       -19.4698155899
        3.8400042000         0.6000000000         0.5849029059         4.5677124580       -19.5363029141
        3.8450046000         0.6000000000         0.5925598865         4.4835005019       -19.3368409415
        3.8500105000         0.6000000000         0.5746935985         4.4043923006       -19.8022522111
        3.8550053000         0.6000000000         0.6053215207         4.3380434867       -19.0044043203
        3.8600036000         0.6000000000         0.5849029059         4.2563834080       -19.5363029141
        3.8650032000         0.6000000000         0.6002168670         4.1823789617       -19.1373789688
        3.8700050000         0.6000000000         0.6002168670         4.1083745154       -19.1373789688
        3.8750046000         0.6000000000         0.5925598865         4.0369219465       -19.3368409415
        3.8800044000         0.6000000000         0.5874552328         3.9578137453       -19.4698155899
        3.8850060000         0.6000000000         0.5900075596         3.8838092990       -19.4033282657
        3.8900055000         0.6000000000         0.6002168670         3.8149086076       -19.1373789688
        3.8950047000         0.6000000000         0.5874552328         3.7409041613       -19.4698155899
        3.9000059000         0.6000000000         0.5976645402         3.6694515924       -19.2038662930
        3.9050061000         0.6000000000         0.5976645402         3.5928952687       -19.2038662930
        3.9100051000         0.6000000000         0.6078738476         3.5239945773       -18.9379169961
        3.9150061000         0.6000000000         0.5925598865         3.4397826211       -19.3368409415
        3.9200070000         0.6000000000         0.6027691939         3.3683300523       -19.0708916446
        3.9250050000         0.6000000000         0.5925598865         3.2968774834       -19.3368409415
        3.9300032000         0.6000000000         0.6053215207         3.2203211597       -19.0044043203
        3.9350047000         0.6000000000         0.6027691939         3.1488685908       -19.0708916446
        3.9400030000         0.6000000000         0.6027691939         3.0748641445       -19.0708916446
        3.9450046000         0.6000000000         0.6078738476         3.0034115756       -18.9379169961
        3.9500046000         0.6000000000         0.6002168670         2.9294071293       -19.1373789688
        3.9550045000         0.6000000000         0.5849029059         2.8477470506       -19.5363029141
        3.9600043000         0.6000000000         0.5951122133         2.7711907269       -19.2703536172
        3.9650055000         0.6000000000         0.6104261745         2.7099456679       -18.8714296719
        3.9700045000         0.6000000000         0.5900075596         2.6282855892       -19.4033282657
        3.9750046000         0.6000000000         0.5874552328         2.5619367752       -19.4698155899
        3.9800033000         0.6000000000         0.5925598865         2.4777248191       -19.3368409415
        3.9850049000         0.6000000000         0.5849029059         2.4113760052       -19.5363029141
        3.9900041000         0.6000000000         0.5900075596         2.3373715588       -19.4033282657
        3.9950049000         0.6000000000         0.5976645402         2.2710227449       -19.2038662930
        4.0000039000         0.6000000000         0.5849029059         2.1842589113       -19.5363029141
        4.0050048000         0.6000000000         0.5925598865         2.1179100974       -19.3368409415
        4.0100035000         0.6000000000         0.5823505790         2.0388018961       -19.6027902384
        4.0150094000         0.6000000000         0.5849029059         1.9622455724       -19.5363029141
        4.0200056000         0.6000000000         0.5900075596         1.8882411261       -19.4033282657
        4.0250071000         0.6000000000         0.5823505790         1.8116848023       -19.6027902384
        4.0300062000         0.6000000000         0.5849029059         1.7504397433       -19.5363029141
        4.0350067000         0.6000000000         0.5797982522         1.6764352970       -19.6692775626
        4.0400062000         0.6000000000         0.5823505790         1.5947752183       -19.6027902384
        4.0450138000         0.6000000000         0.5951122133         1.5258745269       -19.2703536172
        4.0500046000         0.6000000000         0.5823505790         1.4442144482       -19.6027902384
        4.0550097000         0.6000000000         0.5619319642         1.3676581244       -20.1346888322
        4.0600055000         0.6000000000         0.5874552328         1.3013093105       -19.4698155899
        4.0650044000         0.6000000000         0.5900075596         1.2222011093       -19.4033282657
        4.0700056000         0.6000000000         0.5670366179         1.1405410306       -20.0017141837
        4.0750088000         0.6000000000         0.5797982522         1.0665365843       -19.6692775626
        4.0800058000         0.6000000000         0.5925598865         0.9925321379       -19.3368409415
        4.0850117000         0.6000000000         0.5797982522         0.9210795691       -19.6692775626
        4.0900045000         0.6000000000         0.5746935985         0.8343157355       -19.8022522111
        4.0950045000         0.6000000000         0.5976645402         0.7603112892       -19.2038662930
        4.1000051000         0.6000000000         0.5925598865         0.6914105978       -19.3368409415
        4.1050027000         0.6000000000         0.5721412716         0.6097505191       -19.8687395353
        4.1100065000         0.6000000000         0.5951122133         0.5382979502       -19.2703536172
        4.1150075000         0.6000000000         0.5849029059         0.4591897490       -19.5363029141
        4.1200105000         0.6000000000         0.5797982522         0.3800815478       -19.6692775626
        4.1250065000         0.6000000000         0.5849029059         0.3086289789       -19.5363029141
        4.1300103000         0.6000000000         0.5721412716         0.2167613904       -19.8687395353
        4.1350085000         0.6000000000         0.5721412716         0.1529644539       -19.8687395353
        4.1400113000         0.6000000000         0.5874552328         0.0559931105       -19.4698155899
        4.1450053000         0.6000000000         0.5695889448        -0.0052519485       -19.9352268595
        4.1500101000         0.6000000000         0.5772459253         0.0024036839       -19.7357648868
        4.1550034000         0.6000000000         0.5849029059         1.1073666236       -19.5363029141
        4.1600087000         0.6000000000         0.5746935985         5.0066353810       -19.8022522111
        4.1650032000         0.6000000000         0.5823505790         4.9887722387       -19.6027902384
        4.1700064000         0.6000000000         0.6027691939         4.9147677924       -19.0708916446
        4.1750061000         0.6000000000         0.5746935985         4.8356595912       -19.8022522111
        4.1800053000         0.6000000000         0.5900075596         4.7514476351       -19.4033282657
        4.1850039000         0.6000000000         0.5874552328         4.6697875564       -19.4698155899
        4.1900080000         0.6000000000         0.5772459253         4.5932312326       -19.7357648868
        4.1950047000         0.6000000000         0.5976645402         4.5141230314       -19.2038662930
        4.2000048000         0.6000000000         0.5849029059         4.4401185851       -19.5363029141
        4.2050054000         0.6000000000         0.5772459253         4.3661141388       -19.7357648868
        4.2100049000         0.6000000000         0.5925598865         4.2895578150       -19.3368409415
        4.2150038000         0.6000000000         0.5823505790         4.2155533687       -19.6027902384
        4.2200101000         0.6000000000         0.5900075596         4.1338932900       -19.4033282657
        4.2250043000         0.6000000000         0.5874552328         4.0573369662       -19.4698155899
        4.2300062000         0.6000000000         0.5695889448         3.9909881523       -19.9352268595
        4.2350071000         0.6000000000         0.5925598865         3.9093280736       -19.3368409415
        4.2400091000         0.6000000000         0.5900075596         3.8429792597       -19.4033282657
        4.2450058000         0.6000000000         0.5976645402         3.7689748133       -19.2038662930
        4.2500108000         0.6000000000         0.5925598865         3.6898666121       -19.3368409415
        4.2550044000         0.6000000000         0.5951122133         3.6184140433       -19.2703536172
        4.2600112000         0.6000000000         0.5976645402         3.5520652293       -19.2038662930
        4.2650107000         0.6000000000         0.6104261745         3.4755089056       -18.8714296719
        4.2700124000         0.6000000000         0.6027691939         3.3964007043       -19.0708916446
        4.2750037000         0.6000000000         0.5976645402         3.3223962580       -19.2038662930
        4.2800123000         0.6000000000         0.5925598865         3.2534955666       -19.3368409415
        4.2850086000         0.6000000000         0.6027691939         3.1743873654       -19.0708916446
        4.2900062000         0.6000000000         0.5900075596         3.1054866740       -19.4033282657
        4.2950068000         0.6000000000         0.6104261745         3.0365859826       -18.8714296719
        4.3000061000         0.6000000000         0.6027691939         2.9625815363       -19.0708916446
        4.3050048000         0.6000000000         0.6027691939         2.8885770900       -19.0708916446
        4.3100052000         0.6000000000         0.5900075596         2.8094688888       -19.4033282657
        4.3150067000         0.6000000000         0.6078738476         2.7380163199       -18.9379169961
        4.3200045000         0.6000000000         0.5951122133         2.6589081187       -19.2703536172
        4.3250047000         0.6000000000         0.5951122133         2.5874555498       -19.2703536172
        4.3300061000         0.6000000000         0.6053215207         2.5185548584       -19.0044043203
        4.3350075000         0.6000000000         0.6002168670         2.4496541670       -19.1373789688
        4.3400029000         0.6000000000         0.5951122133         2.3730978433       -19.2703536172
        4.3450050000         0.6000000000         0.5925598865         2.2888858871       -19.3368409415
        4.3500047000         0.6000000000         0.5976645402         2.2174333183       -19.2038662930
        4.3550048000         0.6000000000         0.5900075596         2.1434288720       -19.4033282657
        4.3600041000         0.6000000000         0.5797982522         2.0668725482       -19.6692775626
        4.3650053000         0.6000000000         0.5900075596         1.9903162244       -19.4033282657
        4.3700039000         0.6000000000         0.5721412716         1.9163117781       -19.8687395353
        4.3750085000         0.6000000000         0.5900075596         1.8499629642       -19.4033282657
        4.3800049000         0.6000000000         0.5900075596         1.7683028855       -19.4033282657
        4.3850047000         0.6000000000         0.5797982522         1.6942984392       -19.6692775626
        4.3900032000         0.6000000000         0.5670366179         1.6177421154       -20.0017141837
        4.3950058000         0.6000000000         0.5797982522         1.5462895465       -19.6692775626
        4.4000051000         0.6000000000         0.5900075596         1.4773888552       -19.4033282657
        4.4050046000         0.6000000000         0.5951122133         1.4033844088       -19.2703536172
        4.4100068000         0.6000000000         0.5874552328         1.3268280851       -19.4698155899
        4.4150055000         0.6000000000         0.5849029059         1.2451680064       -19.5363029141
        4.4200062000         0.6000000000         0.5797982522         1.1737154375       -19.6692775626
        4.4250052000         0.6000000000         0.5797982522         1.0971591138       -19.6692775626
        4.4300036000         0.6000000000         0.5951122133         1.0206027900       -19.2703536172
        4.4350046000         0.6000000000         0.5823505790         0.9491502211       -19.6027902384
        4.4400042000         0.6000000000         0.5695889448         0.8674901425       -19.9352268595
        4.4450050000         0.6000000000         0.5797982522         0.7883819412       -19.6692775626
        4.4500031000         0.6000000000         0.5823505790         0.7067218625       -19.6027902384
        4.4550060000         0.6000000000         0.5670366179         0.6327174162       -20.0017141837
        4.4600075000         0.6000000000         0.5925598865         0.5663686023       -19.3368409415
        4.4650046000         0.6000000000         0.5797982522         0.4847085236       -19.6692775626
        4.4700053000         0.6000000000         0.5797982522         0.4030484449       -19.6692775626
        4.4750098000         0.6000000000         0.5772459253         0.3188364888       -19.7357648868
        4.4800044000         0.6000000000         0.5900075596         0.2524876748       -19.4033282657
        4.4850050000         0.6000000000         0.5849029059         0.1708275961       -19.5363029141
        4.4900046000         0.6000000000         0.5517226568         0.0840637625       -20.4006381291
        4.4950082000         0.6000000000         0.5849029059         0.0075074388       -19.5363029141
        4.5000051000         0.6000000000         0.5797982522         0.0024036839       -19.6692775626
        4.5050127000         0.6000000000         0.5797982522         1.1048147461       -19.6692775626
        4.5100060000         0.6000000000         0.5797982522         5.0091872584       -19.6692775626
        4.5150109000         0.6000000000         0.5721412716         4.9989797486       -19.8687395353
        4.5200075000         0.6000000000         0.5823505790         4.9300790572       -19.6027902384
        4.5250150000         0.6000000000         0.5721412716         4.8535227334       -19.8687395353
        4.5300040000         0.6000000000         0.5900075596         4.7795182871       -19.4033282657
        4.5350047000         0.6000000000         0.5721412716         4.6927544535       -19.8687395353
        4.5400047000         0.6000000000         0.5823505790         4.6187500072       -19.6027902384
        4.5450049000         0.6000000000         0.5874552328         4.5421936834       -19.4698155899
        4.5500058000         0.6000000000         0.5874552328         4.4656373597       -19.4698155899
        4.5550046000         0.6000000000         0.5849029059         4.3839772810       -19.5363029141
        4.5600075000         0.6000000000         0.5874552328         4.3074209572       -19.4698155899
        4.5650031000         0.6000000000         0.5823505790         4.2334165109       -19.6027902384
        4.5700046000         0.6000000000         0.5772459253         4.1543083097       -19.7357648868
        4.5750046000         0.6000000000         0.6002168670         4.0956151281       -19.1373789688
        4.5800028000         0.6000000000         0.5925598865         4.0088512945       -19.3368409415
        4.5850065000         0.6000000000         0.5823505790         3.9399506031       -19.6027902384
        4.5900048000         0.6000000000         0.5900075596         3.8582905244       -19.4033282657
        4.5950038000         0.6000000000         0.5874552328         3.7944935879       -19.4698155899
        4.6000046000         0.6000000000         0.5900075596         3.7128335092       -19.4033282657
        4.6050040000         0.6000000000         0.6002168670         3.6439328179       -19.1373789688
        4.6100046000         0.6000000000         0.5900075596         3.5673764941       -19.4033282657
        4.6150029000         0.6000000000         0.5976645402         3.5010276801       -19.2038662930
        4.6200053000         0.6000000000         0.5951122133         3.4219194789       -19.2703536172
        4.6250040000         0.6000000000         0.5951122133         3.3402594002       -19.2703536172
        4.6300030000         0.6000000000         0.5951122133         3.2739105863       -19.2703536172
        4.6350026000         0.6000000000         0.6053215207         3.1973542625       -19.0044043203
        4.6400040000         0.6000000000         0.6002168670         3.1335573261       -19.1373789688
        4.6450028000         0.6000000000         0.5772459253         3.0595528797       -19.7357648868
        4.6500017000         0.6000000000         0.5951122133         2.9778928011       -19.2703536172
        4.6550059000         0.6000000000         0.6053215207         2.9038883547       -19.0044043203
        4.6600025000         0.6000000000         0.5900075596         2.8298839084       -19.4033282657
        4.6650053000         0.6000000000         0.5925598865         2.7686388494       -19.3368409415
        4.6700052000         0.6000000000         0.5976645402         2.6920825256       -19.2038662930
        4.6750036000         0.6000000000         0.5849029059         2.6129743244       -19.5363029141
        4.6800040000         0.6000000000         0.5976645402         2.5364180006       -19.2038662930
        4.6850041000         0.6000000000         0.5976645402         2.4649654318       -19.2038662930
        4.6900031000         0.6000000000         0.5823505790         2.3935128629       -19.6027902384
        4.6950034000         0.6000000000         0.5797982522         2.3093009068       -19.6692775626
        4.7000021000         0.6000000000         0.5925598865         2.2352964605       -19.3368409415
        4.7050116000         0.6000000000         0.5849029059         2.1638438916       -19.5363029141
        4.7100026000         0.6000000000         0.5925598865         2.0949432002       -19.3368409415
        4.7150013000         0.6000000000         0.5874552328         2.0056274892       -19.4698155899
        4.7200025000         0.6000000000         0.5900075596         1.9418305527       -19.4033282657
        4.7250014000         0.6000000000         0.5823505790         1.8678261064       -19.6027902384
        4.7300059000         0.6000000000         0.5874552328         1.7963735375       -19.4698155899
        4.7350059000         0.6000000000         0.5874552328         1.7198172138       -19.4698155899
        4.7400046000         0.6000000000         0.5874552328         1.6458127674       -19.4698155899
        4.7450045000         0.6000000000         0.5619319642         1.5641526888       -20.1346888322
        4.7500043000         0.6000000000         0.5797982522         1.4952519974       -19.6692775626
        4.7550037000         0.6000000000         0.5874552328         1.4186956736       -19.4698155899
        4.7600047000         0.6000000000         0.5721412716         1.3421393498       -19.8687395353
        4.7650062000         0.6000000000         0.5900075596         1.2706867810       -19.4033282657
        4.7700044000         0.6000000000         0.5849029059         1.2017860896       -19.5363029141
        4.7750067000         0.6000000000         0.5746935985         1.1175741334       -19.8022522111
        4.7800045000         0.6000000000         0.5925598865         1.0512253195       -19.3368409415
        4.7850058000         0.6000000000         0.5823505790         0.9670133634       -19.6027902384
        4.7900049000         0.6000000000         0.5695889448         0.8879051621       -19.9352268595
        4.7950026000         0.6000000000         0.5772459253         0.8164525933       -19.7357648868
        4.8000040000         0.6000000000         0.5670366179         0.7424481470       -20.0017141837
        4.8050035000         0.6000000000         0.5772459253         0.6582361908       -19.7357648868
        4.8100062000         0.6000000000         0.5849029059         0.5816798670       -19.5363029141
        4.8150034000         0.6000000000         0.5695889448         0.5025716658       -19.9352268595
        4.8200046000         0.6000000000         0.5670366179         0.4209115871       -20.0017141837
        4.8250018000         0.6000000000         0.5874552328         0.3443552634       -19.4698155899
        4.8300031000         0.6000000000         0.5746935985         0.2601433072       -19.8022522111
        4.8350024000         0.6000000000         0.5695889448         0.1835869834       -19.9352268595
        4.8400047000         0.6000000000         0.5823505790         0.1095825371       -19.6027902384
        4.8450053000         0.6000000000         0.5644842910         0.0304743359       -20.0682015080
        4.8500076000         0.6000000000         0.5874552328         0.0024036839       -19.4698155899
        4.8550047000         0.6000000000         0.5849029059         1.1099185011       -19.5363029141
        4.8600052000         0.6000000000         0.5695889448         5.0015316260       -19.9352268595
        4.8650049000         0.6000000000         0.5925598865         5.0142910133       -19.3368409415
        4.8700038000         0.6000000000         0.5695889448         4.9555978318       -19.9352268595
        4.8750041000         0.6000000000         0.5874552328         4.8713858756       -19.4698155899
        4.8800038000         0.6000000000         0.5772459253         4.7897257969       -19.7357648868
        4.8850060000         0.6000000000         0.5695889448         4.7106175957       -19.9352268595
        4.8901166000         0.6000000000         0.5823505790         4.6289575170       -19.6027902384
        4.8950050000         0.6000000000         0.5874552328         4.5702643355       -19.4698155899
        4.9000211000         0.6000000000         0.5772459253         4.4758448695       -19.7357648868
        4.9050079000         0.6000000000         0.5976645402         4.4145998105       -19.2038662930
        4.9100053000         0.6000000000         0.5976645402         4.3380434867       -19.2038662930
        4.9150051000         0.6000000000         0.5925598865         4.2563834080       -19.3368409415
        4.9200063000         0.6000000000         0.5772459253         4.1747233293       -19.7357648868
        4.9250054000         0.6000000000         0.5849029059         4.0981670056       -19.5363029141
        4.9300037000         0.6000000000         0.5874552328         4.0267144367       -19.4698155899
        4.9350048000         0.6000000000         0.6002168670         3.9629175002       -19.1373789688
        4.9400171000         0.6000000000         0.6002168670         3.8838092990       -19.1373789688
        4.9450047000         0.6000000000         0.5951122133         3.8174604851       -19.2703536172
        4.9501246000         0.6000000000         0.5849029059         3.7332485289       -19.5363029141
        4.9550047000         0.6000000000         0.6002168670         3.6617959601       -19.1373789688
        4.9600046000         0.6000000000         0.5900075596         3.5826877588       -19.4033282657
        4.9650045000         0.6000000000         0.6027691939         3.5214426998       -19.0708916446
        4.9700046000         0.6000000000         0.5823505790         3.4423344986       -19.6027902384
        4.9750042000         0.6000000000         0.6027691939         3.3657781748       -19.0708916446
        4.9800059000         0.6000000000         0.5823505790         3.2841180961       -19.6027902384
        4.9850041000         0.6000000000         0.5925598865         3.2101136498       -19.3368409415
        4.9900047000         0.6000000000         0.6053215207         3.1412129584       -19.0044043203
        4.9950027000         0.6000000000         0.5772459253         3.0723122670       -19.7357648868
        5.0000046000         0.6000000000         0.5976645402         2.9957559433       -19.2038662930
        5.0050047000         0.6000000000         0.6078738476         2.9294071293       -18.9379169961
        5.0100041000         0.6000000000         0.5951122133         2.8579545605       -19.2703536172
        5.0150045000         0.6000000000         0.5976645402         2.7737426043       -19.2038662930
        5.0200048000         0.6000000000         0.5849029059         2.6946344031       -19.5363029141
        5.0250025000         0.6000000000         0.5849029059         2.6308374666       -19.5363029141
        5.0300046000         0.6000000000         0.5900075596         2.5466255105       -19.4033282657
        5.0350043000         0.6000000000         0.6002168670         2.4777248191       -19.1373789688
        5.0400047000         0.6000000000         0.5874552328         2.4062722502       -19.4698155899
        5.0450040000         0.6000000000         0.5849029059         2.3220602941       -19.5363029141
        5.0500047000         0.6000000000         0.5849029059         2.2557114802       -19.5363029141
        5.0550030000         0.6000000000         0.5874552328         2.1817070338       -19.4698155899
        5.0600049000         0.6000000000         0.5823505790         2.0974950777       -19.6027902384
        5.0650044000         0.6000000000         0.5772459253         2.0234906314       -19.7357648868
        5.0700061000         0.6000000000         0.5797982522         1.9520380625       -19.6692775626
        5.0750052000         0.6000000000         0.5849029059         1.8882411261       -19.5363029141
        5.0800050000         0.6000000000         0.5823505790         1.8116848023       -19.6027902384
        5.0850039000         0.6000000000         0.5900075596         1.7402322334       -19.4033282657
        5.0900057000         0.6000000000         0.5874552328         1.6636759097       -19.4698155899
        5.0950040000         0.6000000000         0.5670366179         1.5820158310       -20.0017141837
        5.1000045000         0.6000000000         0.5900075596         1.5156670170       -19.4033282657
        5.1050032000         0.6000000000         0.5900075596         1.4442144482       -19.4033282657
        5.1100046000         0.6000000000         0.5721412716         1.3574506146       -19.8687395353
        5.1150049000         0.6000000000         0.5900075596         1.2834461683       -19.4033282657
        5.1200070000         0.6000000000         0.5746935985         1.2043379670       -19.8022522111
        5.1250034000         0.6000000000         0.5670366179         1.1354372756       -20.0017141837
        5.1300049000         0.6000000000         0.5746935985         1.0537771970       -19.8022522111
        5.1350070000         0.6000000000         0.5874552328         0.9772208732       -19.4698155899
        5.1400046000         0.6000000000         0.5874552328         0.9032164269       -19.4698155899
        5.1450035000         0.6000000000         0.5874552328         0.8343157355       -19.4698155899
        5.1500113000         0.6000000000         0.5644842910         0.7475519019       -20.0682015080
        5.1550255000         0.6000000000         0.5874552328         0.6760993330       -19.4698155899
        5.1600123000         0.6000000000         0.5746935985         0.5893354994       -19.8022522111
        5.1650065000         0.6000000000         0.5797982522         0.5127791757       -19.6692775626
        5.1700047000         0.6000000000         0.5695889448         0.4438784843       -19.9352268595
        5.1750045000         0.6000000000         0.5746935985         0.3596665281       -19.8022522111
        5.1800107000         0.6000000000         0.5772459253         0.2856620818       -19.7357648868
        5.1850032000         0.6000000000         0.5925598865         0.2116576355       -19.3368409415
        5.1900045000         0.6000000000         0.5695889448         0.1223419244       -19.9352268595
        5.1950032000         0.6000000000         0.5772459253         0.0457856007       -19.7357648868
        5.2000050000         0.6000000000         0.5772459253         0.0049555613       -19.7357648868
        5.2050033000         0.6000000000         0.5695889448         0.0024036839       -19.9352268595
        5.2100055000         0.6000000000         0.5900075596         5.0040835035       -19.4033282657
        5.2150047000         0.6000000000         0.5823505790         4.9964278711       -19.6027902384
        5.2200054000         0.6000000000         0.5874552328         4.9760128515       -19.4698155899
        5.2250065000         0.6000000000         0.5721412716         4.8866971404       -19.8687395353
        5.2300058000         0.6000000000         0.5797982522         4.8126926941       -19.6692775626
        5.2350071000         0.6000000000         0.5823505790         4.7335844928       -19.6027902384
        5.2400053000         0.6000000000         0.5976645402         4.6646838015       -19.2038662930
        5.2450041000         0.6000000000         0.5721412716         4.5753680904       -19.8687395353
        5.2500039000         0.6000000000         0.5797982522         4.4988117666       -19.6692775626
        5.2550046000         0.6000000000         0.5797982522         4.4248073203       -19.6692775626
        5.2600069000         0.6000000000         0.5797982522         4.3456991191       -19.6692775626
        5.2650036000         0.6000000000         0.5823505790         4.2691427953       -19.6027902384
        5.2700059000         0.6000000000         0.5976645402         4.1976902265       -19.2038662930
        5.2750044000         0.6000000000         0.5695889448         4.1083745154       -19.9352268595
        5.2800045000         0.6000000000         0.5900075596         4.0471294564       -19.4033282657
        5.2850039000         0.6000000000         0.5695889448         3.9756768875       -19.9352268595
        5.2900045000         0.6000000000         0.6078738476         3.9067761961       -18.9379169961
        5.2950041000         0.6000000000         0.5849029059         3.8149086076       -19.5363029141
        5.3000125000         0.6000000000         0.5695889448         3.7383522838       -19.9352268595
        5.3050046000         0.6000000000         0.5976645402         3.6771072248       -19.2038662930
        5.3100060000         0.6000000000         0.6053215207         3.6005509010       -19.0044043203
        5.3150052000         0.6000000000         0.5900075596         3.5265464547       -19.4033282657
        5.3200052000         0.6000000000         0.5925598865         3.4474382535       -19.3368409415
        5.3250058000         0.6000000000         0.6053215207         3.3836413170       -19.0044043203
        5.3300027000         0.6000000000         0.5823505790         3.2994293609       -19.6027902384
        5.3350046000         0.6000000000         0.5976645402         3.2279767920       -19.2038662930
        5.3400055000         0.6000000000         0.6002168670         3.1590761006       -19.1373789688
        5.3450059000         0.6000000000         0.5925598865         3.0799678994       -19.3368409415
        5.3500041000         0.6000000000         0.5900075596         3.0059634531       -19.4033282657
        5.3550045000         0.6000000000         0.5925598865         2.9319590068       -19.3368409415
        5.3600048000         0.6000000000         0.5874552328         2.8579545605       -19.4698155899
        5.3650032000         0.6000000000         0.6002168670         2.7916057465       -19.1373789688
        5.3700060000         0.6000000000         0.5951122133         2.7099456679       -19.2703536172
        5.3750046000         0.6000000000         0.5849029059         2.6435968539       -19.5363029141
        5.3800058000         0.6000000000         0.5849029059         2.5568330203       -19.5363029141
        5.3850032000         0.6000000000         0.5976645402         2.4828285740       -19.2038662930
        5.3900033000         0.6000000000         0.5925598865         2.4139278826       -19.3368409415
        5.3950015000         0.6000000000         0.5874552328         2.3322678039       -19.4698155899
        5.4000025000         0.6000000000         0.5900075596         2.2659189900       -19.4033282657
        5.4050053000         0.6000000000         0.5874552328         2.1842589113       -19.4698155899
        5.4100040000         0.6000000000         0.5900075596         2.1204619748       -19.4033282657
        5.4150056000         0.6000000000         0.5772459253         2.0311462638       -19.7357648868
        5.4200033000         0.6000000000         0.5797982522         1.9622455724       -19.6692775626
        5.4250061000         0.6000000000         0.5772459253         1.8882411261       -19.7357648868
        5.4300059000         0.6000000000         0.5772459253         1.8116848023       -19.7357648868
        5.4350061000         0.6000000000         0.5874552328         1.7453359884       -19.4698155899
        5.4400053000         0.6000000000         0.5797982522         1.6636759097       -19.6692775626
        5.4450044000         0.6000000000         0.5695889448         1.5871195859       -19.9352268595
        5.4500041000         0.6000000000         0.5925598865         1.5207707720       -19.3368409415
        5.4550052000         0.6000000000         0.5772459253         1.4391106933       -19.7357648868
        5.4600033000         0.6000000000         0.5619319642         1.3625543695       -20.1346888322
        5.4650049000         0.6000000000         0.5797982522         1.2859980457       -19.6692775626
        5.4700041000         0.6000000000         0.5976645402         1.2222011093       -19.2038662930
        5.4750049000         0.6000000000         0.5670366179         1.1430929080       -20.0017141837
        5.4800042000         0.6000000000         0.5823505790         1.0716403392       -19.6027902384
        5.4850055000         0.6000000000         0.5772459253         0.9874283830       -19.7357648868
        5.4900055000         0.6000000000         0.5593796373         0.9032164269       -20.2011761564
        5.4950046000         0.6000000000         0.5797982522         0.8266601031       -19.6692775626
        5.5000045000         0.6000000000         0.5823505790         0.7552075343       -19.6027902384
        5.5050028000         0.6000000000         0.5670366179         0.6760993330       -20.0017141837
        5.5100030000         0.6000000000         0.5619319642         0.5918873769       -20.1346888322
        5.5150028000         0.6000000000         0.5797982522         0.5204348080       -19.6692775626
        5.5200064000         0.6000000000         0.5849029059         0.4515341166       -19.5363029141
        5.5250044000         0.6000000000         0.5670366179         0.3698740379       -20.0017141837
        5.5300045000         0.6000000000         0.5823505790         0.2882139593       -19.6027902384
        5.5350042000         0.6000000000         0.5874552328         0.2065538806       -19.4698155899
        5.5400121000         0.6000000000         0.5721412716         0.1274456793       -19.8687395353
        5.5450029000         0.6000000000         0.6053215207         0.0585449879       -19.0044043203
        5.5500043000         0.6000000000         0.5900075596         0.0075074388       -19.4033282657
        5.5550039000         0.6000000000         0.5568273105        -0.0052519485       -20.2676634806
        5.5600037000         0.6000000000         0.5925598865         4.9862203613       -19.3368409415
        5.5650039000         0.6000000000         0.5695889448         5.0015316260       -19.9352268595
        5.5700037000         0.6000000000         0.5797982522         4.9760128515       -19.6692775626
        5.5750027000         0.6000000000         0.5925598865         4.8943527728       -19.3368409415
        5.5800019000         0.6000000000         0.5593796373         4.8101408166       -20.2011761564
        5.5850033000         0.6000000000         0.5797982522         4.7437920027       -19.6692775626
        5.5900059000         0.6000000000         0.5874552328         4.6544762916       -19.4698155899
        5.5950046000         0.6000000000         0.5797982522         4.5881274777       -19.6692775626
        5.6000040000         0.6000000000         0.5874552328         4.4988117666       -19.4698155899
        5.6050022000         0.6000000000         0.5772459253         4.4222554428       -19.7357648868
        5.6100016000         0.6000000000         0.5900075596         4.3533547515       -19.4033282657
        5.6150033000         0.6000000000         0.5874552328         4.2640390404       -19.4698155899
        5.6200018000         0.6000000000         0.5951122133         4.1976902265       -19.2703536172
        5.6250045000         0.6000000000         0.5568273105         4.1134782703       -20.2676634806
        5.6300039000         0.6000000000         0.5976645402         4.0471294564       -19.2038662930
        5.6350040000         0.6000000000         0.5746935985         3.9756768875       -19.8022522111
        5.6400032000         0.6000000000         0.5925598865         3.8940168088       -19.3368409415
        5.6450054000         0.6000000000         0.6002168670         3.8327717498       -19.1373789688
        5.6500038000         0.6000000000         0.5772459253         3.7536635486       -19.7357648868
        5.6550035000         0.6000000000         0.6053215207         3.6847628572       -19.0044043203
        5.6600019000         0.6000000000         0.5900075596         3.6031027785       -19.4033282657
        5.6650051000         0.6000000000         0.5951122133         3.5290983322       -19.2703536172
        5.6700015000         0.6000000000         0.5951122133         3.4525420084       -19.2703536172
        5.6750052000         0.6000000000         0.5976645402         3.3810894396       -19.2038662930
        5.6800040000         0.6000000000         0.6002168670         3.3070849933       -19.1373789688
        5.6850058000         0.6000000000         0.5900075596         3.2407361793       -19.4033282657
        5.6900051000         0.6000000000         0.5925598865         3.1565242232       -19.3368409415
        5.6950044000         0.6000000000         0.6002168670         3.0927272867       -19.1373789688
        5.7000023000         0.6000000000         0.5951122133         3.0110672080       -19.2703536172
        5.7050033000         0.6000000000         0.5976645402         2.9396146392       -19.2038662930
        5.7100048000         0.6000000000         0.5746935985         2.8630583154       -19.8022522111
        5.7150033000         0.6000000000         0.5849029059         2.7839501142       -19.5363029141
        5.7200050000         0.6000000000         0.6129785013         2.7201531777       -18.8049423477
        5.7250053000         0.6000000000         0.5746935985         2.6384930990       -19.8022522111
        5.7300051000         0.6000000000         0.5695889448         2.5746961625       -19.9352268595
        5.7350064000         0.6000000000         0.5900075596         2.4930360838       -19.4033282657
        5.7400062000         0.6000000000         0.5797982522         2.4190316375       -19.6692775626
        5.7450040000         0.6000000000         0.5849029059         2.3348196814       -19.5363029141
        5.7500032000         0.6000000000         0.5823505790         2.2761264998       -19.6027902384
        5.7550074000         0.6000000000         0.5797982522         2.1842589113       -19.6692775626
        5.7600081000         0.6000000000         0.5823505790         2.1204619748       -19.6027902384
        5.7650056000         0.6000000000         0.5772459253         2.0413537736       -19.7357648868
        5.7700067000         0.6000000000         0.5925598865         1.9699012047       -19.3368409415
        5.7750046000         0.6000000000         0.5900075596         1.9010005134       -19.4033282657
        5.7800064000         0.6000000000         0.5797982522         1.8142366797       -19.6692775626
        5.7850056000         0.6000000000         0.5849029059         1.7453359884       -19.5363029141
        5.7900063000         0.6000000000         0.5746935985         1.6713315420       -19.8022522111
        5.7950035000         0.6000000000         0.5746935985         1.5973270957       -19.8022522111
        5.8000058000         0.6000000000         0.5823505790         1.5156670170       -19.6027902384
        5.8050042000         0.6000000000         0.5797982522         1.4416625707       -19.6692775626
        5.8100036000         0.6000000000         0.5619319642         1.3625543695       -20.1346888322
        5.8150042000         0.6000000000         0.5874552328         1.3038611879       -19.4698155899
        5.8200026000         0.6000000000         0.5695889448         1.2222011093       -19.9352268595
        5.8250040000         0.6000000000         0.5772459253         1.1456447855       -19.7357648868
        5.8300018000         0.6000000000         0.5849029059         1.0767440941       -19.5363029141
        5.8350020000         0.6000000000         0.5797982522         0.9950840154       -19.6692775626
        5.8400039000         0.6000000000         0.5517226568         0.9108720593       -20.4006381291
        5.8450024000         0.6000000000         0.5670366179         0.8317638580       -20.0017141837
        5.8500016000         0.6000000000         0.5874552328         0.7628631666       -19.4698155899
        5.8550038000         0.6000000000         0.5874552328         0.6914105978       -19.4698155899
        5.8600029000         0.6000000000         0.5670366179         0.6071986416       -20.0017141837
        5.8650015000         0.6000000000         0.5849029059         0.5280904404       -19.5363029141
        5.8700041000         0.6000000000         0.5772459253         0.4515341166       -19.7357648868
        5.8750034000         0.6000000000         0.5746935985         0.3647702830       -19.8022522111
        5.8800067000         0.6000000000         0.5925598865         0.2984214691       -19.3368409415
        5.8850062000         0.6000000000         0.5721412716         0.2091057580       -19.8687395353
        5.8900061000         0.6000000000         0.5644842910         0.1351013117       -20.0682015080
        5.8950042000         0.6000000000         0.5772459253         0.0534412330       -19.7357648868
        5.9000026000         0.6000000000         0.5721412716        -0.0052519485       -19.8687395353
        5.9050041000         0.6000000000         0.5746935985         0.0024036839       -19.8022522111
        5.9100062000         0.6000000000         0.5874552328         1.1150222560       -19.4698155899
        5.9150347000         0.6000000000         0.5695889448         5.0066353810       -19.9352268595
        5.9221636000         0.6000000000         0.5849029059         4.9453903219       -19.5363029141
        5.9250050000         0.6000000000         0.5874552328         4.9096640375       -19.4698155899
        5.9300030000         0.6000000000         0.5695889448         4.8126926941       -19.9352268595
        5.9350039000         0.6000000000         0.5746935985         4.7412401252       -19.8022522111
        5.9400059000         0.6000000000         0.5849029059         4.6595800465       -19.5363029141
        5.9450046000         0.6000000000         0.5823505790         4.5855756002       -19.6027902384
        5.9500035000         0.6000000000         0.5925598865         4.5166749088       -19.3368409415
        5.9550054000         0.6000000000         0.5849029059         4.4299110752       -19.5363029141
        5.9600025000         0.6000000000         0.5695889448         4.3508028740       -19.9352268595
        5.9650058000         0.6000000000         0.5874552328         4.2767984277       -19.4698155899
        5.9700040000         0.6000000000         0.5721412716         4.1976902265       -19.8687395353
        5.9750063000         0.6000000000         0.5874552328         4.1338932900       -19.4698155899
        5.9800049000         0.6000000000         0.6027691939         4.0598888437       -19.0708916446
        5.9850041000         0.6000000000         0.5670366179         3.9756768875       -20.0017141837
        5.9900038000         0.6000000000         0.6027691939         3.9042243187       -19.0708916446
        5.9950062000         0.6000000000         0.5874552328         3.8302198724       -19.4698155899
        6.0000067000         0.6000000000         0.5874552328         3.7562154260       -19.4698155899
        6.0050063000         0.6000000000         0.6129785013         3.6924184896       -18.8049423477
        6.0100062000         0.6000000000         0.5797982522         3.6031027785       -19.6692775626
        6.0150067000         0.6000000000         0.6002168670         3.5393058420       -19.1373789688
        6.0200042000         0.6000000000         0.5849029059         3.4525420084       -19.5363029141
        6.0250061000         0.6000000000         0.5874552328         3.3810894396       -19.4698155899
        6.0300062000         0.6000000000         0.6027691939         3.3172925031       -19.0708916446
        6.0350065000         0.6000000000         0.5900075596         3.2432880568       -19.4033282657
        6.0400051000         0.6000000000         0.6002168670         3.1641798556       -19.1373789688
        6.0450053000         0.6000000000         0.5797982522         3.0876235318       -19.6692775626
        6.0500041000         0.6000000000         0.6002168670         3.0187228404       -19.1373789688
        6.0550059000         0.6000000000         0.5976645402         2.9421665166       -19.2038662930
        6.0600039000         0.6000000000         0.5849029059         2.8707139478       -19.5363029141
        6.0650051000         0.6000000000         0.6002168670         2.8018132564       -19.1373789688
        6.0700035000         0.6000000000         0.6002168670         2.7201531777       -19.1373789688
        6.0750030000         0.6000000000         0.5900075596         2.6538043638       -19.4033282657
        6.0800039000         0.6000000000         0.5951122133         2.5746961625       -19.2703536172
        6.0850017000         0.6000000000         0.5951122133         2.4981398388       -19.2703536172
        6.0900030000         0.6000000000         0.5849029059         2.4241353924       -19.5363029141
        6.0950037000         0.6000000000         0.5797982522         2.3424753138       -19.6692775626
        6.1000021000         0.6000000000         0.5849029059         2.2684708674       -19.5363029141
        6.1050015000         0.6000000000         0.5925598865         2.1995701761       -19.3368409415
        6.1100040000         0.6000000000         0.6002168670         2.1306694847       -19.1373789688
        6.1150030000         0.6000000000         0.5874552328         2.0541131609       -19.4698155899
        6.1200036000         0.6000000000         0.5772459253         1.9647974498       -19.7357648868
        6.1250057000         0.6000000000         0.5874552328         1.9086561457       -19.4698155899
        6.1300046000         0.6000000000         0.5874552328         1.8320998220       -19.4698155899
        6.1350031000         0.6000000000         0.5951122133         1.7606472531       -19.2703536172
        6.1400046000         0.6000000000         0.5772459253         1.6713315420       -19.7357648868
        6.1450051000         0.6000000000         0.5670366179         1.6024308506       -20.0017141837
        6.1500045000         0.6000000000         0.5900075596         1.5309782818       -19.4033282657
        6.1550040000         0.6000000000         0.5900075596         1.4620775904       -19.4033282657
        6.1600052000         0.6000000000         0.5670366179         1.3702100019       -20.0017141837
        6.1650049000         0.6000000000         0.5797982522         1.3038611879       -19.6692775626
        6.1700063000         0.6000000000         0.5772459253         1.2273048642       -19.7357648868
        6.1750053000         0.6000000000         0.5746935985         1.1558522953       -19.8022522111
        6.1800019000         0.6000000000         0.5772459253         1.0792959716       -19.7357648868
        6.1850022000         0.6000000000         0.5823505790         1.0052915252       -19.6027902384
        6.1900033000         0.6000000000         0.5670366179         0.9159758142       -20.0017141837
        6.1950025000         0.6000000000         0.5695889448         0.8496270002       -19.9352268595
        6.2000058000         0.6000000000         0.5874552328         0.7705187990       -19.4698155899
        6.2050040000         0.6000000000         0.5772459253         0.6965143527       -19.7357648868
        6.2100059000         0.6000000000         0.5695889448         0.6071986416       -19.9352268595
        6.2150068000         0.6000000000         0.5874552328         0.5331941953       -19.4698155899
        6.2200061000         0.6000000000         0.5721412716         0.4591897490       -19.8687395353
        6.2250039000         0.6000000000         0.5695889448         0.3826334252       -19.9352268595
        6.2300057000         0.6000000000         0.5797982522         0.2984214691       -19.6692775626
        6.2350061000         0.6000000000         0.5900075596         0.2320726552       -19.4033282657
        6.2400054000         0.6000000000         0.5695889448         0.1453088216       -19.9352268595
        6.2450038000         0.6000000000         0.5900075596         0.0764081302       -19.4033282657
        6.2500056000         0.6000000000         0.5797982522         0.0024036839       -19.6692775626
        6.2550106000         0.6000000000         0.5670366179        -0.0052519485       -20.0017141837
        6.2600045000         0.6000000000         0.5823505790         1.0997109912       -19.6027902384
        6.2650040000         0.6000000000         0.5670366179         4.9989797486       -20.0017141837
        6.2700046000         0.6000000000         0.5695889448         4.9887722387       -19.9352268595
        6.2750048000         0.6000000000         0.6002168670         4.9173196699       -19.1373789688
        6.2800051000         0.6000000000         0.5772459253         4.8305558363       -19.7357648868
        6.2850026000         0.6000000000         0.5797982522         4.7591032674       -19.6692775626
        6.2900052000         0.6000000000         0.5900075596         4.6723394338       -19.4033282657
        6.2950033000         0.6000000000         0.5593796373         4.5983349875       -20.2011761564
        6.3000049000         0.6000000000         0.5823505790         4.5115711539       -19.6027902384
        6.3050038000         0.6000000000         0.5849029059         4.4375667076       -19.5363029141
        6.3100053000         0.6000000000         0.5772459253         4.3661141388       -19.7357648868
        6.3150028000         0.6000000000         0.6002168670         4.2946615699       -19.1373789688
        6.3200043000         0.6000000000         0.5746935985         4.2181052461       -19.8022522111
        6.3250042000         0.6000000000         0.5823505790         4.1313414125       -19.6027902384
        6.3300050000         0.6000000000         0.5925598865         4.0573369662       -19.3368409415
        6.3350041000         0.6000000000         0.5772459253         3.9909881523       -19.7357648868
        6.3400031000         0.6000000000         0.6027691939         3.9118799510       -19.0708916446
        6.3450024000         0.6000000000         0.5772459253         3.8378755047       -19.7357648868
        6.3500029000         0.6000000000         0.5900075596         3.7562154260       -19.4033282657
        6.3550037000         0.6000000000         0.5849029059         3.6822109797       -19.5363029141
        6.3600031000         0.6000000000         0.6027691939         3.6133102883       -19.0708916446
        6.3650050000         0.6000000000         0.5900075596         3.5444095970       -19.4033282657
        6.3700042000         0.6000000000         0.5900075596         3.4704051506       -19.4033282657
        6.3750025000         0.6000000000         0.6002168670         3.3912969494       -19.1373789688
        6.3800021000         0.6000000000         0.5951122133         3.3198443806       -19.2703536172
        6.3850028000         0.6000000000         0.6027691939         3.2509436892       -19.0708916446
        6.3900035000         0.6000000000         0.6129785013         3.1769392429       -18.8049423477
        6.3950014000         0.6000000000         0.5874552328         3.1080385515       -19.4698155899
        6.4000041000         0.6000000000         0.5925598865         3.0187228404       -19.3368409415
        6.4050017000         0.6000000000         0.5900075596         2.9472702715       -19.4033282657
        6.4100050000         0.6000000000         0.5925598865         2.8758177027       -19.3368409415
        6.4150055000         0.6000000000         0.5951122133         2.8018132564       -19.2703536172
        6.4200040000         0.6000000000         0.5900075596         2.7278088101       -19.4033282657
        6.4250028000         0.6000000000         0.5849029059         2.6563562412       -19.5363029141
        6.4300031000         0.6000000000         0.5900075596         2.5772480400       -19.4033282657
        6.4350037000         0.6000000000         0.5925598865         2.5006917162       -19.3368409415
        6.4400028000         0.6000000000         0.5925598865         2.4292391474       -19.3368409415
        6.4450026000         0.6000000000         0.5874552328         2.3577865785       -19.4698155899
        6.4500033000         0.6000000000         0.5900075596         2.2786783773       -19.4033282657
        6.4550016000         0.6000000000         0.5823505790         2.1995701761       -19.6027902384
        6.4600033000         0.6000000000         0.5976645402         2.1357732396       -19.2038662930
        6.4650069000         0.6000000000         0.5849029059         2.0566650383       -19.5363029141
        6.4700052000         0.6000000000         0.5925598865         1.9903162244       -19.3368409415
        6.4750049000         0.6000000000         0.5746935985         1.9086561457       -19.8022522111
        6.4800037000         0.6000000000         0.5823505790         1.8295479445       -19.6027902384
        6.4850025000         0.6000000000         0.5925598865         1.7606472531       -19.3368409415
        6.4900031000         0.6000000000         0.5823505790         1.6815390519       -19.6027902384
        6.4950025000         0.6000000000         0.5644842910         1.6075346056       -20.0682015080
        6.5000029000         0.6000000000         0.5823505790         1.5386339142       -19.6027902384
        6.5050016000         0.6000000000         0.5619319642         1.4697332228       -20.1346888322
        6.5100039000         0.6000000000         0.5695889448         1.3829693892       -19.9352268595
        6.5150038000         0.6000000000         0.5746935985         1.3064130654       -19.8022522111
        6.5200069000         0.6000000000         0.5849029059         1.2451680064       -19.5363029141
        6.5250065000         0.6000000000         0.5797982522         1.1635079277       -19.6692775626
        6.5300069000         0.6000000000         0.5695889448         1.0895034814       -19.9352268595
        6.5350051000         0.6000000000         0.5874552328         1.0129471576       -19.4698155899
        6.5400041000         0.6000000000         0.5746935985         0.9287352015       -19.8022522111
        6.5450057000         0.6000000000         0.5797982522         0.8623863875       -19.6692775626
        6.5500038000         0.6000000000         0.5772459253         0.7781744314       -19.7357648868
        6.5550052000         0.6000000000         0.5772459253         0.7016181076       -19.7357648868
        6.5600051000         0.6000000000         0.5746935985         0.6250617838       -19.8022522111
        6.5650047000         0.6000000000         0.5874552328         0.5459535826       -19.4698155899
        6.5700040000         0.6000000000         0.5746935985         0.4642935039       -19.8022522111
        6.5750043000         0.6000000000         0.5670366179         0.3877371802       -20.0017141837
        6.5800066000         0.6000000000         0.5874552328         0.3188364888       -19.4698155899
        6.5850060000         0.6000000000         0.5900075596         0.2448320425       -19.4033282657
        6.5900058000         0.6000000000         0.5670366179         0.1529644539       -20.0017141837
        6.5950026000         0.6000000000         0.5823505790         0.0789600076       -19.6027902384
        6.6000039000         0.6000000000         0.5695889448         0.0100593162       -19.9352268595
        6.6050052000         0.6000000000         0.5823505790         0.0075074388       -19.6027902384
        6.6100051000         0.6000000000         0.5823505790         1.0997109912       -19.6027902384
        6.6150031000         0.6000000000         0.5772459253         5.0066353810       -19.7357648868
        6.6200039000         0.6000000000         0.5568273105         4.9913241162       -20.2676634806
        6.6250040000         0.6000000000         0.5746935985         4.9173196699       -19.8022522111
        6.6300747000         0.6000000000         0.5542749836         4.8382114687       -20.3341508049
        6.6350054000         0.6000000000         0.5797982522         4.7616551449       -19.6692775626
        6.6400042000         0.6000000000         0.5797982522         4.6774431887       -19.6692775626
        6.6450045000         0.6000000000         0.5695889448         4.6008868650       -19.9352268595
        6.6500043000         0.6000000000         0.5900075596         4.5294342961       -19.4033282657
        6.6550053000         0.6000000000         0.5874552328         4.4477742174       -19.4698155899
        6.6600030000         0.6000000000         0.5849029059         4.3635622613       -19.5363029141
        6.6650080000         0.6000000000         0.5976645402         4.3023172023       -19.2038662930
        6.6700069000         0.6000000000         0.5874552328         4.2206571236       -19.4698155899
        6.6750044000         0.6000000000         0.5849029059         4.1466526773       -19.5363029141
        6.6800023000         0.6000000000         0.5925598865         4.0700963535       -19.3368409415
        6.6850056000         0.6000000000         0.5823505790         3.9884362748       -19.6027902384
        6.6900040000         0.6000000000         0.5976645402         3.9246393383       -19.2038662930
        6.6950040000         0.6000000000         0.5900075596         3.8531867695       -19.4033282657
        6.7000049000         0.6000000000         0.5925598865         3.7715266908       -19.3368409415
        6.7050049000         0.6000000000         0.5951122133         3.7077297543       -19.2703536172
        6.7100046000         0.6000000000         0.5900075596         3.6209659207       -19.4033282657
        6.7150048000         0.6000000000         0.6053215207         3.5597208617       -19.0044043203
        6.7200048000         0.6000000000         0.6002168670         3.4831645379       -19.1373789688
        6.7250042000         0.6000000000         0.5874552328         3.4040563367       -19.4698155899
        6.7300044000         0.6000000000         0.5976645402         3.3249481355       -19.2038662930
        6.7350051000         0.6000000000         0.5619319642         3.2611511990       -20.1346888322
        6.7400048000         0.6000000000         0.6129785013         3.1845948752       -18.8049423477
        6.7450060000         0.6000000000         0.5925598865         3.1029347965       -19.3368409415
        6.7500056000         0.6000000000         0.5900075596         3.0365859826       -19.4033282657
        6.7550035000         0.6000000000         0.5976645402         2.9651334138       -19.2038662930
        6.7600046000         0.6000000000         0.5976645402         2.8834733351       -19.2038662930
        6.7650058000         0.6000000000         0.5849029059         2.8120207662       -19.5363029141
        6.7700046000         0.6000000000         0.5976645402         2.7456719523       -19.2038662930
        6.7750037000         0.6000000000         0.6053215207         2.6742193834       -19.0044043203
        6.7800056000         0.6000000000         0.5823505790         2.5874555498       -19.6027902384
        6.7850045000         0.6000000000         0.5951122133         2.5262104908       -19.2703536172
        6.7900048000         0.6000000000         0.5900075596         2.4394466572       -19.4033282657
        6.7950043000         0.6000000000         0.6053215207         2.3782015982       -19.0044043203
        6.8000047000         0.6000000000         0.5900075596         2.2990933970       -19.4033282657
        6.8050041000         0.6000000000         0.5644842910         2.2225370732       -20.0682015080
        6.8100050000         0.6000000000         0.5900075596         2.1459807494       -19.4033282657
        6.8150436000         0.6000000000         0.5951122133         2.0847356904       -19.2703536172
        6.8200062000         0.6000000000         0.5849029059         1.9928681019       -19.5363029141
        6.8250060000         0.6000000000         0.5695889448         1.9188636556       -19.9352268595
        6.8300073000         0.6000000000         0.5797982522         1.8525148416       -19.6692775626
        6.8350063000         0.6000000000         0.5874552328         1.7759585179       -19.4698155899
        6.8400065000         0.6000000000         0.5951122133         1.6994021941       -19.2703536172
        6.8450084000         0.6000000000         0.5849029059         1.6381571351       -19.5363029141
        6.8500035000         0.6000000000         0.5797982522         1.5641526888       -19.6692775626
        6.8550064000         0.6000000000         0.5772459253         1.4748369777       -19.7357648868
        6.8600042000         0.6000000000         0.5900075596         1.4084881638       -19.4033282657
        6.8650067000         0.6000000000         0.5746935985         1.3319318400       -19.8022522111
        6.8700051000         0.6000000000         0.5925598865         1.2528236388       -19.3368409415
        6.8750061000         0.6000000000         0.5823505790         1.1788191925       -19.6027902384
        6.8800068000         0.6000000000         0.5593796373         1.1048147461       -20.2011761564
        6.8850070000         0.6000000000         0.5900075596         1.0359140547       -19.4033282657
        6.8900068000         0.6000000000         0.5925598865         0.9491502211       -19.3368409415
        6.8950146000         0.6000000000         0.5823505790         0.8776976523       -19.6027902384
        6.9000109000         0.6000000000         0.5849029059         0.7909338187       -19.5363029141
        6.9050078000         0.6000000000         0.5772459253         0.7245850047       -19.7357648868
        6.9100071000         0.6000000000         0.5772459253         0.6505805584       -19.7357648868
        6.9150056000         0.6000000000         0.5951122133         0.5740242347       -19.2703536172
        6.9200053000         0.6000000000         0.5797982522         0.4898122785       -19.6692775626
        6.9250055000         0.6000000000         0.5772459253         0.4132559548       -19.7357648868
        6.9300035000         0.6000000000         0.5695889448         0.3290439986       -19.9352268595
        6.9350054000         0.6000000000         0.5670366179         0.2473839199       -20.0017141837
        6.9400043000         0.6000000000         0.5772459253         0.1759313511       -19.7357648868
        6.9450050000         0.6000000000         0.5900075596         0.0968231498       -19.4033282657
        6.9500036000         0.6000000000         0.5517226568         0.0279224584       -20.4006381291
        6.9550051000         0.6000000000         0.5849029059         0.0049555613       -19.5363029141
        6.9600034000         0.6000000000         0.5772459253         1.1073666236       -19.7357648868
        6.9650099000         0.6000000000         0.5874552328         5.0091872584       -19.4698155899
        6.9700054000         0.6000000000         0.5900075596         5.0142910133       -19.4033282657
        6.9750098000         0.6000000000         0.5797982522         4.9351828121       -19.6692775626
        6.9800067000         0.6000000000         0.5695889448         4.8611783658       -19.9352268595
        6.9850090000         0.6000000000         0.5976645402         4.7897257969       -19.2038662930
        6.9900041000         0.6000000000         0.5900075596         4.7055138408       -19.4033282657
        6.9950065000         0.6000000000         0.5925598865         4.6187500072       -19.3368409415
        7.0000852000         0.6000000000         0.5900075596         4.5472974383       -19.4033282657
        7.0050057000         0.6000000000         0.5721412716         4.4656373597       -19.8687395353
        7.0102766000         0.6000000000         0.5900075596         4.3941847908       -19.4033282657
        7.0150059000         0.6000000000         0.5746935985         4.3125247121       -19.8022522111
        7.0200064000         0.6000000000         0.5976645402         4.2410721433       -19.2038662930
        7.0250057000         0.6000000000         0.5797982522         4.1594120646       -19.6692775626
        7.0300057000         0.6000000000         0.5874552328         4.0956151281       -19.4698155899
        7.0350061000         0.6000000000         0.5874552328         4.0190588043       -19.4698155899
        7.0400087000         0.6000000000         0.5900075596         3.9399506031       -19.4033282657
        7.0450051000         0.6000000000         0.6078738476         3.8761536666       -18.9379169961
        7.0500050000         0.6000000000         0.5925598865         3.7970454654       -19.3368409415
        7.0550038000         0.6000000000         0.5925598865         3.7332485289       -19.3368409415
        7.0600054000         0.6000000000         0.5951122133         3.6413809404       -19.2703536172
        7.0650070000         0.6000000000         0.6002168670         3.5801358814       -19.1373789688
        7.0700076000         0.6000000000         0.5976645402         3.4984758027       -19.2038662930
        7.0750064000         0.6000000000         0.5874552328         3.4193676015       -19.4698155899
        7.0800062000         0.6000000000         0.5925598865         3.3530187875       -19.3368409415
        7.0850061000         0.6000000000         0.5849029059         3.2764624638       -19.5363029141
        7.0900049000         0.6000000000         0.5976645402         3.2024580174       -19.2038662930
        7.0950078000         0.6000000000         0.5925598865         3.1310054486       -19.3368409415
        7.1000054000         0.6000000000         0.6027691939         3.0646566347       -19.0708916446
        7.1050074000         0.6000000000         0.5925598865         2.9778928011       -19.3368409415
        7.1101109000         0.6000000000         0.5849029059         2.9064402322       -19.5363029141
        7.1150069000         0.6000000000         0.5900075596         2.8426432957       -19.4033282657
        7.1202234000         0.6000000000         0.5874552328         2.7558794621       -19.4698155899
        7.1250048000         0.6000000000         0.6129785013         2.6920825256       -18.8049423477
        7.1300047000         0.6000000000         0.5823505790         2.6155262019       -19.6027902384
        7.1350050000         0.6000000000         0.5797982522         2.5338661232       -19.6692775626
        7.1400064000         0.6000000000         0.5925598865         2.4649654318       -19.3368409415
        7.1450033000         0.6000000000         0.5874552328         2.3935128629       -19.4698155899
        7.1500017000         0.6000000000         0.5976645402         2.3220602941       -19.2038662930
        7.1550032000         0.6000000000         0.5874552328         2.2404002154       -19.4698155899
        7.1600021000         0.6000000000         0.5772459253         2.1638438916       -19.7357648868
        7.1650048000         0.6000000000         0.5797982522         2.0872875679       -19.6692775626
        7.1700053000         0.6000000000         0.5874552328         2.0132831215       -19.4698155899
        7.1750059000         0.6000000000         0.5874552328         1.9469343076       -19.4698155899
        7.1800068000         0.6000000000         0.5874552328         1.8729298613       -19.4698155899
        7.1850071000         0.6000000000         0.5721412716         1.7836141502       -19.8687395353
        7.1900051000         0.6000000000         0.5670366179         1.7121615814       -20.0017141837
        7.1950062000         0.6000000000         0.5823505790         1.6432608900       -19.6027902384
        7.2000064000         0.6000000000         0.5874552328         1.5743601986       -19.4698155899
        7.2050041000         0.6000000000         0.5874552328         1.5003557523       -19.4698155899
        7.2100032000         0.6000000000         0.5874552328         1.4237994285       -19.4698155899
        7.2150030000         0.6000000000         0.5670366179         1.3395874724       -20.0017141837
        7.2200018000         0.6000000000         0.5900075596         1.2706867810       -19.4033282657
        7.2250044000         0.6000000000         0.5849029059         1.1941304572       -19.5363029141
        7.2300041000         0.6000000000         0.5695889448         1.1175741334       -19.9352268595
        7.2350058000         0.6000000000         0.5874552328         1.0512253195       -19.4698155899
        7.2400039000         0.6000000000         0.5797982522         0.9721171183       -19.6692775626
        7.2450063000         0.6000000000         0.5568273105         0.8828014072       -20.2676634806
        7.2500036000         0.6000000000         0.5823505790         0.8036932060       -19.6027902384
        7.2550203000         0.6000000000         0.5772459253         0.7322406371       -19.7357648868
        7.2600068000         0.6000000000         0.5568273105         0.6556843134       -20.2676634806
        7.2650050000         0.6000000000         0.5823505790         0.5791279896       -19.6027902384
        7.2700065000         0.6000000000         0.5849029059         0.5000197884       -19.5363029141
        7.2750038000         0.6000000000         0.5772459253         0.4234634646       -19.7357648868
        7.2800028000         0.6000000000         0.5900075596         0.3494590183       -19.4033282657
        7.2850281000         0.6000000000         0.5900075596         0.2729026945       -19.4033282657
        7.2900054000         0.6000000000         0.5772459253         0.1886907384       -19.7357648868
        7.2952030000         0.6000000000         0.5900075596         0.1146862920       -19.4033282657
        7.3000097000         0.6000000000         0.5849029059         0.0304743359       -19.5363029141
        7.3050062000         0.6000000000         0.5976645402         0.0100593162       -19.2038662930
        7.3100063000         0.6000000000         0.5670366179         1.1048147461       -20.0017141837
        7.3150061000         0.6000000000         0.5746935985         4.9989797486       -19.8022522111
        7.3200062000         0.6000000000         0.5874552328         5.0117391359       -19.4698155899
        7.3250070000         0.6000000000         0.5823505790         4.9530459543       -19.6027902384
        7.3300041000         0.6000000000         0.5976645402         4.8790415080       -19.2038662930
        7.3350061000         0.6000000000         0.5797982522         4.7973814293       -19.6692775626
        7.3400043000         0.6000000000         0.5772459253         4.7208251056       -19.7357648868
        7.3450060000         0.6000000000         0.5900075596         4.6340612719       -19.4033282657
        7.3500036000         0.6000000000         0.5644842910         4.5677124580       -20.0682015080
        7.3550057000         0.6000000000         0.5797982522         4.4809486244       -19.6692775626
        7.3600049000         0.6000000000         0.5951122133         4.4171516879       -19.2703536172
        7.3650019000         0.6000000000         0.5797982522         4.3354916092       -19.6692775626
        7.3700031000         0.6000000000         0.5976645402         4.2589352855       -19.2038662930
        7.3750035000         0.6000000000         0.5925598865         4.1849308392       -19.3368409415
        7.3800027000         0.6000000000         0.5925598865         4.1083745154       -19.3368409415
        7.3850013000         0.6000000000         0.5849029059         4.0369219465       -19.5363029141
        7.3900049000         0.6000000000         0.5849029059         3.9603656228       -19.5363029141
        7.3950019000         0.6000000000         0.6002168670         3.8838092990       -19.1373789688
        7.4000056000         0.6000000000         0.5925598865         3.8149086076       -19.3368409415
        7.4050072000         0.6000000000         0.5925598865         3.7358004064       -19.3368409415
        7.4100051000         0.6000000000         0.6002168670         3.6694515924       -19.1373789688
        7.4150030000         0.6000000000         0.5849029059         3.5877915138       -19.5363029141
        7.4200032000         0.6000000000         0.5951122133         3.5163389449       -19.2703536172
        7.4250042000         0.6000000000         0.5874552328         3.4448863760       -19.4698155899
        7.4300027000         0.6000000000         0.6180831550         3.3810894396       -18.6719676992
        7.4350032000         0.6000000000         0.6078738476         3.3019812383       -18.9379169961
        7.4400016000         0.6000000000         0.6002168670         3.2330805470       -19.1373789688
        7.4450028000         0.6000000000         0.6053215207         3.1539723457       -19.0044043203
        7.4500015000         0.6000000000         0.5900075596         3.0799678994       -19.4033282657
        7.4550051000         0.6000000000         0.6053215207         3.0034115756       -19.0044043203
        7.4600019000         0.6000000000         0.6027691939         2.9345108842       -19.0708916446
        7.4650056000         0.6000000000         0.5797982522         2.8554026830       -19.6692775626
        7.4700040000         0.6000000000         0.5925598865         2.7839501142       -19.3368409415
        7.4750029000         0.6000000000         0.6027691939         2.7099456679       -19.0708916446
        7.4800016000         0.6000000000         0.5823505790         2.6384930990       -19.6027902384
        7.4850032000         0.6000000000         0.5925598865         2.5542811429       -19.3368409415
        7.4900046000         0.6000000000         0.5874552328         2.4828285740       -19.4698155899
        7.4950043000         0.6000000000         0.5797982522         2.4190316375       -19.6692775626
        7.5000037000         0.6000000000         0.5925598865         2.3450271912       -19.3368409415
        7.5050036000         0.6000000000         0.5976645402         2.2633671125       -19.2038662930
        7.5100046000         0.6000000000         0.5900075596         2.1893626662       -19.4033282657
        7.5150065000         0.6000000000         0.5772459253         2.1128063424       -19.7357648868
        7.5200065000         0.6000000000         0.5823505790         2.0413537736       -19.6027902384
        7.5250063000         0.6000000000         0.5976645402         1.9724530822       -19.2038662930
        7.5300029000         0.6000000000         0.5976645402         1.8907930035       -19.2038662930
        7.5350035000         0.6000000000         0.5976645402         1.8269960670       -19.2038662930
        7.5400065000         0.6000000000         0.5797982522         1.7402322334       -19.6692775626
        7.5450060000         0.6000000000         0.5746935985         1.6687796646       -19.8022522111
        7.5500062000         0.6000000000         0.5721412716         1.5947752183       -19.8687395353
        7.5550049000         0.6000000000         0.5823505790         1.5156670170       -19.6027902384
        7.5600063000         0.6000000000         0.5874552328         1.4467663256       -19.4698155899
        7.5650061000         0.6000000000         0.5925598865         1.3778656343       -19.3368409415
        7.5700051000         0.6000000000         0.5976645402         1.3064130654       -19.2038662930
        7.5750062000         0.6000000000         0.5721412716         1.2222011093       -19.8687395353
        7.5800059000         0.6000000000         0.5849029059         1.1533004179       -19.5363029141
        7.5850132000         0.6000000000         0.5874552328         1.0767440941       -19.4698155899
        7.5900071000         0.6000000000         0.5746935985         1.0027396478       -19.8022522111
        7.5950064000         0.6000000000         0.5797982522         0.9287352015       -19.6692775626
        7.6000063000         0.6000000000         0.5874552328         0.8521788777       -19.4698155899
        7.6050066000         0.6000000000         0.5797982522         0.7654150441       -19.6692775626
        7.6100075000         0.6000000000         0.5695889448         0.6863068429       -19.9352268595
        7.6150070000         0.6000000000         0.5721412716         0.6071986416       -19.8687395353
        7.6200056000         0.6000000000         0.5900075596         0.5357460728       -19.4033282657
        7.6250062000         0.6000000000         0.5746935985         0.4591897490       -19.8022522111
        7.6300062000         0.6000000000         0.5874552328         0.3902890576       -19.4698155899
        7.6350040000         0.6000000000         0.5849029059         0.3035252240       -19.5363029141
        7.6400048000         0.6000000000         0.5849029059         0.2167613904       -19.5363029141
        7.6450064000         0.6000000000         0.5542749836         0.1402050666       -20.3341508049
        7.6500061000         0.6000000000         0.5874552328         0.0687524978       -19.4698155899
        7.6550060000         0.6000000000         0.5823505790        -0.0001481936       -19.6027902384
        7.6600070000         0.6000000000         0.5721412716        -0.0001481936       -19.8687395353
        7.6650062000         0.6000000000         0.5925598865         1.1099185011       -19.3368409415
        7.6700065000         0.6000000000         0.5823505790         5.0117391359       -19.6027902384
        7.6750061000         0.6000000000         0.5695889448         4.9862203613       -19.9352268595
        7.6800077000         0.6000000000         0.5900075596         4.9071121601       -19.4033282657
        7.6850067000         0.6000000000         0.5670366179         4.8280039588       -20.0017141837
        7.6900046000         0.6000000000         0.5772459253         4.7514476351       -19.7357648868
        7.6950068000         0.6000000000         0.5925598865         4.6799950662       -19.3368409415
        7.7000068000         0.6000000000         0.5721412716         4.5932312326       -19.8687395353
        7.7050064000         0.6000000000         0.5925598865         4.5192267863       -19.3368409415
        7.7100049000         0.6000000000         0.5925598865         4.4452223400       -19.3368409415
        7.7150066000         0.6000000000         0.5823505790         4.3686660162       -19.6027902384
        7.7200051000         0.6000000000         0.5874552328         4.2997653248       -19.4698155899
        7.7250060000         0.6000000000         0.5849029059         4.2104496138       -19.5363029141
        7.7300058000         0.6000000000         0.5746935985         4.1364451674       -19.8022522111
        7.7350051000         0.6000000000         0.5900075596         4.0624407211       -19.4033282657
        7.7400041000         0.6000000000         0.5823505790         3.9935400297       -19.6027902384
        7.7450047000         0.6000000000         0.5925598865         3.9169837060       -19.3368409415
        7.7500036000         0.6000000000         0.5797982522         3.8455311371       -19.6692775626
        7.7550031000         0.6000000000         0.5951122133         3.7689748133       -19.2703536172
        7.7600052000         0.6000000000         0.5900075596         3.6949703670       -19.4033282657
        7.7650048000         0.6000000000         0.6002168670         3.6209659207       -19.1373789688
        7.7700068000         0.6000000000         0.5797982522         3.5469614744       -19.6692775626
        7.7750052000         0.6000000000         0.5976645402         3.4780607830       -19.2038662930
        7.7800049000         0.6000000000         0.6078738476         3.4066082142       -18.9379169961
        7.7850072000         0.6000000000         0.5823505790         3.3198443806       -19.6027902384
        7.7900063000         0.6000000000         0.5900075596         3.2458399342       -19.4033282657
        7.7950044000         0.6000000000         0.6027691939         3.1794911203       -19.0708916446
        7.8000063000         0.6000000000         0.5746935985         3.0978310416       -19.8022522111
        7.8050057000         0.6000000000         0.6078738476         3.0365859826       -18.9379169961
        7.8100061000         0.6000000000         0.5976645402         2.9651334138       -19.2038662930
        7.8150044000         0.6000000000         0.5951122133         2.8758177027       -19.2703536172
        7.8200062000         0.6000000000         0.5925598865         2.8171245211       -19.3368409415
        7.8250060000         0.6000000000         0.5900075596         2.7354644424       -19.4033282657
        7.8300058000         0.6000000000         0.5874552328         2.6614599961       -19.4698155899
        7.8350082000         0.6000000000         0.5951122133         2.5900074273       -19.2703536172
        7.8400097000         0.6000000000         0.5925598865         2.5083473486       -19.3368409415
        7.8450047000         0.6000000000         0.6027691939         2.4419985347       -19.0708916446
        7.8500045000         0.6000000000         0.5797982522         2.3628903334       -19.6692775626
        7.8550056000         0.6000000000         0.5823505790         2.2863340097       -19.6027902384
        7.8600035000         0.6000000000         0.5976645402         2.2174333183       -19.2038662930
        7.8650038000         0.6000000000         0.5772459253         2.1332213621       -19.7357648868
        7.8700042000         0.6000000000         0.5849029059         2.0643206707       -19.5363029141
        7.8750051000         0.6000000000         0.5772459253         1.9801087146       -19.7357648868
        7.8800016000         0.6000000000         0.5721412716         1.9086561457       -19.8687395353
        7.8850052000         0.6000000000         0.5849029059         1.8397554543       -19.5363029141
        7.8900055000         0.6000000000         0.5925598865         1.7631991306       -19.3368409415
        7.8950037000         0.6000000000         0.5772459253         1.6840909293       -19.7357648868
        7.9000048000         0.6000000000         0.5670366179         1.6177421154       -20.0017141837
        7.9050030000         0.6000000000         0.5695889448         1.5335301593       -19.9352268595
        7.9100090000         0.6000000000         0.5849029059         1.4646294679       -19.5363029141
        7.9150056000         0.6000000000         0.5849029059         1.3957287765       -19.5363029141
        7.9200057000         0.6000000000         0.5746935985         1.3064130654       -19.8022522111
        7.9250045000         0.6000000000         0.5772459253         1.2375123740       -19.7357648868
        7.9300056000         0.6000000000         0.5849029059         1.1635079277       -19.5363029141
        7.9350158000         0.6000000000         0.5772459253         1.0869516039       -19.7357648868
        7.9400064000         0.6000000000         0.5823505790         1.0103952802       -19.6027902384
        7.9450055000         0.6000000000         0.5746935985         0.9389427113       -19.8022522111
        7.9500043000         0.6000000000         0.5746935985         0.8649382650       -19.8022522111
        7.9550048000         0.6000000000         0.5823505790         0.7807263088       -19.6027902384
        7.9600046000         0.6000000000         0.5772459253         0.7016181076       -19.7357648868
        7.9650044000         0.6000000000         0.5670366179         0.6199580289       -20.0017141837
        7.9700047000         0.6000000000         0.5874552328         0.5536092150       -19.4698155899
        7.9750062000         0.6000000000         0.5772459253         0.4770528912       -19.7357648868
        7.9800061000         0.6000000000         0.5593796373         0.3902890576       -20.2011761564
        7.9850064000         0.6000000000         0.5797982522         0.3188364888       -19.6692775626
        7.9900067000         0.6000000000         0.5874552328         0.2448320425       -19.4698155899
        7.9950056000         0.6000000000         0.5695889448         0.1657238412       -19.9352268595
        8.0000053000         0.6000000000         0.5874552328         0.0764081302       -19.4698155899
        8.0050071000         0.6000000000         0.5695889448        -0.0027000711       -19.9352268595
        8.0100041000         0.6000000000         0.5721412716        -0.0052519485       -19.8687395353
        8.0150073000         0.6000000000         0.5925598865         1.1099185011       -19.3368409415
        8.0200042000         0.6000000000         0.5925598865         5.0091872584       -19.3368409415
        8.0250096000         0.6000000000         0.5797982522         4.9964278711       -19.6692775626
        8.0300063000         0.6000000000         0.5874552328         4.9275271797       -19.4698155899
        8.0350083000         0.6000000000         0.5721412716         4.8382114687       -19.8687395353
        8.0400045000         0.6000000000         0.5823505790         4.7565513900       -19.6027902384
        8.0450037000         0.6000000000         0.5849029059         4.6774431887       -19.5363029141
        8.0500062000         0.6000000000         0.5721412716         4.6034387424       -19.8687395353
        8.0550061000         0.6000000000         0.5746935985         4.5294342961       -19.8022522111
        8.0600050000         0.6000000000         0.5951122133         4.4503260949       -19.2703536172
        8.0650066000         0.6000000000         0.5874552328         4.3839772810       -19.4698155899
        8.0700063000         0.6000000000         0.5874552328         4.2997653248       -19.4698155899
        8.0750058000         0.6000000000         0.5746935985         4.2181052461       -19.8022522111
        8.0800608000         0.6000000000         0.5823505790         4.1492045547       -19.6027902384
        8.0850068000         0.6000000000         0.5874552328         4.0777519859       -19.4698155899
        8.0900061000         0.6000000000         0.5951122133         4.0062994170       -19.2703536172
        8.0950061000         0.6000000000         0.5925598865         3.9322949707       -19.3368409415
        8.1000047000         0.6000000000         0.5925598865         3.8531867695       -19.3368409415
        8.1050097000         0.6000000000         0.5874552328         3.7791823232       -19.4698155899
        8.1100076000         0.6000000000         0.5900075596         3.7077297543       -19.4033282657
        8.1150077000         0.6000000000         0.6078738476         3.6362771855       -18.9379169961
        8.1200055000         0.6000000000         0.5849029059         3.5546171068       -19.5363029141
        8.1250101000         0.6000000000         0.6129785013         3.4857164154       -18.8049423477
        8.1300046000         0.6000000000         0.5746935985         3.4015044592       -19.8022522111
        8.1350059000         0.6000000000         0.5951122133         3.3351556453       -19.2703536172
        8.1400047000         0.6000000000         0.5874552328         3.2585993215       -19.4698155899
        8.1450065000         0.6000000000         0.6002168670         3.1794911203       -19.1373789688
        8.1500094000         0.6000000000         0.5874552328         3.1105904289       -19.4698155899
        8.1550090000         0.6000000000         0.5900075596         3.0289303502       -19.4033282657
        8.1601455000         0.6000000000         0.6002168670         2.9651334138       -19.1373789688
        8.1650073000         0.6000000000         0.5976645402         2.8936808449       -19.2038662930
        8.1700054000         0.6000000000         0.5874552328         2.8145726437       -19.4698155899
        8.1750045000         0.6000000000         0.6027691939         2.7380163199       -19.0708916446
        8.1800062000         0.6000000000         0.5874552328         2.6665637511       -19.4698155899
        8.1850077000         0.6000000000         0.5823505790         2.5900074273       -19.6027902384
        8.1900071000         0.6000000000         0.5900075596         2.5211067359       -19.4033282657
        8.1950097000         0.6000000000         0.5925598865         2.4343429023       -19.3368409415
        8.2000068000         0.6000000000         0.6002168670         2.3756497207       -19.1373789688
        8.2050039000         0.6000000000         0.5823505790         2.2990933970       -19.6027902384
        8.2100069000         0.6000000000         0.5542749836         2.2174333183       -20.3341508049
        8.2150065000         0.6000000000         0.5849029059         2.1434288720       -19.5363029141
        8.2200066000         0.6000000000         0.5849029059         2.0643206707       -19.5363029141
        8.2250065000         0.6000000000         0.5849029059         1.9852124695       -19.5363029141
        8.2300065000         0.6000000000         0.5874552328         1.9239674105       -19.4698155899
        8.2350034000         0.6000000000         0.5746935985         1.8423073318       -19.8022522111
        8.2400069000         0.6000000000         0.5925598865         1.7708547629       -19.3368409415
        8.2450046000         0.6000000000         0.6002168670         1.6994021941       -19.1373789688
        8.2500087000         0.6000000000         0.5849029059         1.6279496252       -19.5363029141
        8.2550042000         0.6000000000         0.5721412716         1.5462895465       -19.8687395353
        8.2600047000         0.6000000000         0.5849029059         1.4748369777       -19.5363029141
        8.2651839000         0.6000000000         0.5772459253         1.3880731441       -19.7357648868
        8.2700052000         0.6000000000         0.5746935985         1.3217243302       -19.8022522111
        8.2750041000         0.6000000000         0.5900075596         1.2477198838       -19.4033282657
        8.2800053000         0.6000000000         0.5746935985         1.1762673150       -19.8022522111
        8.2850077000         0.6000000000         0.5772459253         1.1048147461       -19.7357648868
        8.2900055000         0.6000000000         0.5900075596         1.0282584224       -19.4033282657
        8.2950047000         0.6000000000         0.5925598865         0.9542539761       -19.3368409415
        8.3000055000         0.6000000000         0.5619319642         0.8674901425       -20.1346888322
        8.3050029000         0.6000000000         0.5849029059         0.7909338187       -19.5363029141
        8.3100052000         0.6000000000         0.5695889448         0.7092737400       -19.9352268595
        8.3150574000         0.6000000000         0.5772459253         0.6352692937       -19.7357648868
        8.3200040000         0.6000000000         0.5797982522         0.5485054601       -19.6692775626
        8.3250053000         0.6000000000         0.5849029059         0.4796047687       -19.5363029141
        8.3300051000         0.6000000000         0.5797982522         0.4030484449       -19.6692775626
        8.3350053000         0.6000000000         0.5797982522         0.3162846113       -19.6692775626
        8.3400045000         0.6000000000         0.5849029059         0.2422801650       -19.5363029141
        8.3450060000         0.6000000000         0.5772459253         0.1631719638       -19.7357648868
        8.3500047000         0.6000000000         0.5874552328         0.0840637625       -19.4698155899
        8.3550063000         0.6000000000         0.5695889448         0.0126111937       -19.9352268595
        8.3600048000         0.6000000000         0.5772459253         0.0024036839       -19.7357648868
        8.3650064000         0.6000000000         0.5849029059         1.1150222560       -19.5363029141
        8.3700068000         0.6000000000         0.5849029059         4.9989797486       -19.5363029141
        8.3750063000         0.6000000000         0.5772459253         5.0040835035       -19.7357648868
        8.3800047000         0.6000000000         0.5849029059         4.9275271797       -19.5363029141
        8.3850066000         0.6000000000         0.5695889448         4.8509708560       -19.9352268595
        8.3900081000         0.6000000000         0.5695889448         4.7667588998       -19.9352268595
        8.3950077000         0.6000000000         0.5900075596         4.6927544535       -19.4033282657
        8.4000073000         0.6000000000         0.5849029059         4.6110943748       -19.5363029141
        8.4050063000         0.6000000000         0.5797982522         4.5319861736       -19.6692775626
        8.4100071000         0.6000000000         0.5874552328         4.4579817273       -19.4698155899
        8.4150070000         0.6000000000         0.5721412716         4.3737697711       -19.8687395353
        8.4200113000         0.6000000000         0.5874552328         4.2972134474       -19.4698155899
        8.4250061000         0.6000000000         0.5925598865         4.2283127560       -19.3368409415
        8.4300061000         0.6000000000         0.5772459253         4.1517564322       -19.7357648868
        8.4350069000         0.6000000000         0.6027691939         4.0879594957       -19.0708916446
        8.4400054000         0.6000000000         0.5746935985         4.0062994170       -19.8022522111
        8.4450067000         0.6000000000         0.6027691939         3.9373987256       -19.0708916446
        8.4500094000         0.6000000000         0.6104261745         3.8608424019       -18.8714296719
        8.4550066000         0.6000000000         0.5695889448         3.7766304457       -19.9352268595
        8.4600051000         0.6000000000         0.5925598865         3.7102816318       -19.3368409415
        8.4650045000         0.6000000000         0.5849029059         3.6286215531       -19.5363029141
        8.4700073000         0.6000000000         0.6027691939         3.5622727392       -19.0708916446
        8.4750073000         0.6000000000         0.6002168670         3.4857164154       -19.1373789688
        8.4800058000         0.6000000000         0.5874552328         3.4117119691       -19.4698155899
        8.4850074000         0.6000000000         0.6027691939         3.3428112777       -19.0708916446
        8.4900049000         0.6000000000         0.5900075596         3.2637030765       -19.4033282657
        8.4950067000         0.6000000000         0.5976645402         3.1896986301       -19.2038662930
        8.5000043000         0.6000000000         0.5772459253         3.1156941838       -19.7357648868
        8.5050062000         0.6000000000         0.5951122133         3.0365859826       -19.2703536172
        8.5100046000         0.6000000000         0.5976645402         2.9702371687       -19.2038662930
        8.5150065000         0.6000000000         0.5874552328         2.8987845998       -19.4698155899
        8.5200058000         0.6000000000         0.5874552328         2.8273320310       -19.4698155899
        8.5250063000         0.6000000000         0.5976645402         2.7482238297       -19.2038662930
        8.5300054000         0.6000000000         0.6027691939         2.6793231383       -19.0708916446
        8.5350064000         0.6000000000         0.5695889448         2.6027668146       -19.9352268595
        8.5400048000         0.6000000000         0.5823505790         2.5160029810       -19.6027902384
        8.5450052000         0.6000000000         0.5849029059         2.4419985347       -19.5363029141
        8.5500041000         0.6000000000         0.5925598865         2.3705459658       -19.3368409415
        8.5550060000         0.6000000000         0.5925598865         2.3067490293       -19.3368409415
        8.5600038000         0.6000000000         0.5925598865         2.2301927056       -19.3368409415
        8.5650059000         0.6000000000         0.5772459253         2.1485326269       -19.7357648868
        8.5700041000         0.6000000000         0.5797982522         2.0719763031       -19.6692775626
        8.5750064000         0.6000000000         0.5874552328         1.9954199793       -19.4698155899
        8.5800778000         0.6000000000         0.5746935985         1.9137599006       -19.8022522111
        8.5850090000         0.6000000000         0.5874552328         1.8601704740       -19.4698155899
        8.5900071000         0.6000000000         0.5823505790         1.7810622728       -19.6027902384
        8.5950060000         0.6000000000         0.5823505790         1.7070578265       -19.6027902384
        8.6000099000         0.6000000000         0.5797982522         1.6305015027       -19.6692775626
        8.6050047000         0.6000000000         0.5823505790         1.5564970564       -19.6027902384
        8.6100047000         0.6000000000         0.5823505790         1.4875963650       -19.6027902384
        8.6150038000         0.6000000000         0.5670366179         1.4008325314       -20.0017141837
        8.6200097000         0.6000000000         0.5746935985         1.3268280851       -19.8022522111
        8.6250048000         0.6000000000         0.5925598865         1.2502717613       -19.3368409415
        8.6300074000         0.6000000000         0.5823505790         1.1762673150       -19.6027902384
        8.6350028000         0.6000000000         0.5491703299         1.0971591138       -20.4671254533
        8.6400067000         0.6000000000         0.5874552328         1.0333621773       -19.4698155899
        8.6450066000         0.6000000000         0.5925598865         0.9517020986       -19.3368409415
        8.6500081000         0.6000000000         0.5746935985         0.8700420199       -19.8022522111
        8.6550039000         0.6000000000         0.5925598865         0.7960375736       -19.3368409415
        8.6600028000         0.6000000000         0.5849029059         0.7169293724       -19.5363029141
        8.6650027000         0.6000000000         0.5644842910         0.6378211711       -20.0682015080
        8.6700050000         0.6000000000         0.5849029059         0.5587129699       -19.5363029141
        8.6750044000         0.6000000000         0.5925598865         0.4872604011       -19.3368409415
        8.6800056000         0.6000000000         0.5695889448         0.4107040773       -19.9352268595
        8.6850058000         0.6000000000         0.5721412716         0.3264921211       -19.8687395353
        8.6900057000         0.6000000000         0.5849029059         0.2550395523       -19.5363029141
        8.6950058000         0.6000000000         0.5670366179         0.1759313511       -20.0017141837
        8.7000049000         0.6000000000         0.5976645402         0.0993750273       -19.2038662930
        8.7050035000         0.6000000000         0.5797982522         0.0202668261       -19.6692775626
        8.7100060000         0.6000000000         0.5542749836        -0.0052519485       -20.3341508049
        8.7150063000         0.6000000000         0.5797982522         1.1124703785       -19.6692775626
        8.7200072000         0.6000000000         0.5797982522         4.9989797486       -19.6692775626
        8.7250043000         0.6000000000         0.5670366179         5.0066353810       -20.0017141837
        8.7300062000         0.6000000000         0.6002168670         4.9377346896       -19.1373789688
        8.7350062000         0.6000000000         0.5721412716         4.8535227334       -19.8687395353
        8.7400062000         0.6000000000         0.5746935985         4.7820701646       -19.8022522111
        8.7450070000         0.6000000000         0.5849029059         4.6953063310       -19.5363029141
        8.7500053000         0.6000000000         0.5849029059         4.6264056396       -19.5363029141
        8.7550065000         0.6000000000         0.5900075596         4.5549530707       -19.4033282657
        8.7600039000         0.6000000000         0.5900075596         4.4732929920       -19.4033282657
        8.7650066000         0.6000000000         0.5670366179         4.3916329133       -20.0017141837
        8.7700044000         0.6000000000         0.5900075596         4.3125247121       -19.4033282657
        8.7750056000         0.6000000000         0.5849029059         4.2436240207       -19.5363029141
        8.7800070000         0.6000000000         0.5925598865         4.1594120646       -19.3368409415
        8.7850067000         0.6000000000         0.6002168670         4.1007188830       -19.1373789688
        8.7900059000         0.6000000000         0.5772459253         4.0190588043       -19.7357648868
        8.7950044000         0.6000000000         0.5976645402         3.9527099904       -19.2038662930
        8.8000057000         0.6000000000         0.6002168670         3.8736017892       -19.1373789688
        8.8050057000         0.6000000000         0.5900075596         3.7919417105       -19.4033282657
        8.8100038000         0.6000000000         0.5797982522         3.7153853867       -19.6692775626
        8.8150078000         0.6000000000         0.5976645402         3.6464846953       -19.2038662930
        8.8200042000         0.6000000000         0.5925598865         3.5750321265       -19.3368409415
        8.8250065000         0.6000000000         0.5951122133         3.5010276801       -19.2703536172
        8.8300056000         0.6000000000         0.5900075596         3.4244713564       -19.4033282657
        8.8350077000         0.6000000000         0.5976645402         3.3632262974       -19.2038662930
        8.8400036000         0.6000000000         0.5976645402         3.2815662187       -19.2038662930
        8.8450076000         0.6000000000         0.5900075596         3.1973542625       -19.4033282657
        8.8500038000         0.6000000000         0.5951122133         3.1335573261       -19.2703536172
        8.8550047000         0.6000000000         0.5849029059         3.0493453699       -19.5363029141
        8.8600051000         0.6000000000         0.5976645402         2.9855484334       -19.2038662930
        8.8650049000         0.6000000000         0.5900075596         2.9089921097       -19.4033282657
        8.8700042000         0.6000000000         0.5900075596         2.8349876633       -19.4033282657
        8.8750060000         0.6000000000         0.5900075596         2.7609832170       -19.4033282657
        8.8800030000         0.6000000000         0.5900075596         2.6767712609       -19.4033282657
        8.8850051000         0.6000000000         0.5951122133         2.6104224470       -19.2703536172
        8.8900053000         0.6000000000         0.5900075596         2.5415217556       -19.4033282657
        8.8950050000         0.6000000000         0.6002168670         2.4675173092       -19.1373789688
        8.9000044000         0.6000000000         0.5849029059         2.3935128629       -19.5363029141
        8.9050060000         0.6000000000         0.5823505790         2.3067490293       -19.6027902384
        8.9100067000         0.6000000000         0.5925598865         2.2404002154       -19.3368409415
        8.9150140000         0.6000000000         0.5900075596         2.1612920142       -19.4033282657
        8.9200061000         0.6000000000         0.5772459253         2.0974950777       -19.7357648868
        8.9250085000         0.6000000000         0.5849029059         2.0107312441       -19.5363029141
        8.9300073000         0.6000000000         0.5900075596         1.9418305527       -19.4033282657
        8.9350074000         0.6000000000         0.5874552328         1.8627223515       -19.4698155899
        8.9400062000         0.6000000000         0.5772459253         1.7810622728       -19.7357648868
        8.9450065000         0.6000000000         0.5670366179         1.7096097039       -20.0017141837
        8.9500074000         0.6000000000         0.5695889448         1.6407090125       -19.9352268595
        8.9550063000         0.6000000000         0.5797982522         1.5667045662       -19.6692775626
        8.9600073000         0.6000000000         0.5874552328         1.4850444875       -19.4698155899
        8.9650061000         0.6000000000         0.5772459253         1.4186956736       -19.7357648868
        8.9700068000         0.6000000000         0.5670366179         1.3421393498       -20.0017141837
        8.9750114000         0.6000000000         0.5925598865         1.2706867810       -19.3368409415
        8.9800048000         0.6000000000         0.5925598865         1.1992342121       -19.3368409415
        8.9850324000         0.6000000000         0.5695889448         1.1175741334       -19.9352268595
        8.9900055000         0.6000000000         0.5849029059         1.0461215646       -19.5363029141
        8.9950056000         0.6000000000         0.5874552328         0.9695652408       -19.4698155899
        9.0000065000         0.6000000000         0.5619319642         0.8930089170       -20.1346888322
        9.0050072000         0.6000000000         0.5797982522         0.8036932060       -19.6692775626
        9.0100052000         0.6000000000         0.5823505790         0.7296887597       -19.6027902384
        9.0150039000         0.6000000000         0.5670366179         0.6582361908       -20.0017141837
        9.0200065000         0.6000000000         0.5849029059         0.5765761121       -19.5363029141
        9.0250051000         0.6000000000         0.5670366179         0.4974679109       -20.0017141837
        9.0300062000         0.6000000000         0.5695889448         0.4209115871       -19.9352268595
        9.0350063000         0.6000000000         0.5746935985         0.3443552634       -19.8022522111
        9.0400050000         0.6000000000         0.5849029059         0.2677989396       -19.5363029141
        9.0450583000         0.6000000000         0.5695889448         0.1861388609       -19.9352268595
        9.0500059000         0.6000000000         0.5849029059         0.1172381695       -19.5363029141
        9.0550042000         0.6000000000         0.5849029059         0.0279224584       -19.5363029141
        9.0600064000         0.6000000000         0.5695889448        -0.0052519485       -19.9352268595
        9.0650057000         0.6000000000         0.5797982522         1.1124703785       -19.6692775626
        9.0700056000         0.6000000000         0.5823505790         5.0066353810       -19.6027902384
        9.0751764000         0.6000000000         0.5619319642         4.9989797486       -20.1346888322
        9.0800044000         0.6000000000         0.5900075596         4.9555978318       -19.4033282657
        9.0850015000         0.6000000000         0.5823505790         4.8739377531       -19.6027902384
        9.0900025000         0.6000000000         0.5593796373         4.7897257969       -20.2011761564
        9.0950022000         0.6000000000         0.5670366179         4.7106175957       -20.0017141837
        9.1000026000         0.6000000000         0.5772459253         4.6366131494       -19.7357648868
        9.1050108000         0.6000000000         0.5746935985         4.5549530707       -19.8022522111
        9.1100042000         0.6000000000         0.5797982522         4.4911561342       -19.6692775626
        9.1150016000         0.6000000000         0.5925598865         4.4018404232       -19.3368409415
        9.1200037000         0.6000000000         0.5823505790         4.3329397318       -19.6027902384
        9.1250060000         0.6000000000         0.5823505790         4.2410721433       -19.6027902384
        9.1300031000         0.6000000000         0.5874552328         4.1721714519       -19.4698155899
        9.1350015000         0.6000000000         0.5874552328         4.1007188830       -19.4698155899
        9.1400069000         0.6000000000         0.5900075596         4.0343700691       -19.4033282657
        9.1450119000         0.6000000000         0.5797982522         3.9501581129       -19.6692775626
        9.1500061000         0.6000000000         0.6027691939         3.8761536666       -19.0708916446
        9.1550105000         0.6000000000         0.5797982522         3.7995973429       -19.6692775626
        9.1600071000         0.6000000000         0.5874552328         3.7281447740       -19.4698155899
        9.1650028000         0.6000000000         0.5900075596         3.6541403277       -19.4033282657
        9.1700047000         0.6000000000         0.5772459253         3.5775840039       -19.7357648868
        9.1750021000         0.6000000000         0.6053215207         3.5061314351       -19.0044043203
        9.1800033000         0.6000000000         0.5976645402         3.4372307437       -19.2038662930
        9.1850067000         0.6000000000         0.6027691939         3.3606744199       -19.0708916446
        9.1900044000         0.6000000000         0.5849029059         3.2866699736       -19.5363029141
        9.1950014000         0.6000000000         0.5951122133         3.2101136498       -19.2703536172
        9.2000055000         0.6000000000         0.5900075596         3.1386610810       -19.4033282657
        9.2050019000         0.6000000000         0.5951122133         3.0646566347       -19.2703536172
        9.2100017000         0.6000000000         0.5874552328         2.9906521883       -19.4698155899
        9.2150016000         0.6000000000         0.6002168670         2.9115439871       -19.1373789688
        9.2200039000         0.6000000000         0.5849029059         2.8400914183       -19.5363029141
        9.2250021000         0.6000000000         0.5823505790         2.7711907269       -19.6027902384
        9.2300042000         0.6000000000         0.6053215207         2.6920825256       -19.0044043203
        9.2350020000         0.6000000000         0.5849029059         2.6155262019       -19.5363029141
        9.2400049000         0.6000000000         0.5951122133         2.5466255105       -19.2703536172
        9.2450064000         0.6000000000         0.5874552328         2.4649654318       -19.4698155899
        9.2500031000         0.6000000000         0.5695889448         2.3858572306       -19.9352268595
        9.2550036000         0.6000000000         0.5874552328         2.3195084166       -19.4698155899
        9.2600134000         0.6000000000         0.5900075596         2.2404002154       -19.4033282657
        9.2650029000         0.6000000000         0.5797982522         2.1638438916       -19.6692775626
        9.2700059000         0.6000000000         0.5823505790         2.0974950777       -19.6027902384
        9.2750039000         0.6000000000         0.5797982522         2.0158349990       -19.6692775626
        9.2800071000         0.6000000000         0.5772459253         1.9367267978       -19.7357648868
        9.2850040000         0.6000000000         0.5746935985         1.8601704740       -19.8022522111
        9.2900026000         0.6000000000         0.5772459253         1.7861660277       -19.7357648868
        9.2950070000         0.6000000000         0.5849029059         1.7198172138       -19.5363029141
        9.3000069000         0.6000000000         0.5849029059         1.6483646449       -19.5363029141
        9.3050052000         0.6000000000         0.5568273105         1.5692564437       -20.2676634806
        9.3100021000         0.6000000000         0.5849029059         1.5029076297       -19.5363029141
        9.3150035000         0.6000000000         0.5874552328         1.4186956736       -19.4698155899
        9.3200023000         0.6000000000         0.5644842910         1.3446912273       -20.0682015080
        9.3250070000         0.6000000000         0.5797982522         1.2757905359       -19.6692775626
        9.3300090000         0.6000000000         0.5721412716         1.1941304572       -19.8687395353
        9.3350037000         0.6000000000         0.5695889448         1.1150222560       -19.9352268595
        9.3400020000         0.6000000000         0.5874552328         1.0486734420       -19.4698155899
        9.3450051000         0.6000000000         0.5644842910         0.9542539761       -20.0682015080
        9.3500070000         0.6000000000         0.5670366179         0.8879051621       -20.0017141837
        9.3550032000         0.6000000000         0.5874552328         0.8113488384       -19.4698155899
        9.3600037000         0.6000000000         0.5644842910         0.7271368822       -20.0682015080
        9.3650030000         0.6000000000         0.5772459253         0.6582361908       -19.7357648868
        9.3700080000         0.6000000000         0.5746935985         0.5689204797       -19.8022522111
        9.3750055000         0.6000000000         0.5695889448         0.4949160334       -19.9352268595
        9.3800098000         0.6000000000         0.5849029059         0.4234634646       -19.5363029141
        9.3850065000         0.6000000000         0.5874552328         0.3494590183       -19.4698155899
        9.3900092000         0.6000000000         0.5772459253         0.2601433072       -19.7357648868
        9.3950048000         0.6000000000         0.5797982522         0.1835869834       -19.6692775626
        9.4000040000         0.6000000000         0.5874552328         0.1070306597       -19.4698155899
        9.4050055000         0.6000000000         0.5695889448         0.0228187035       -19.9352268595
        9.4100049000         0.6000000000         0.5849029059         0.0075074388       -19.5363029141
        9.4150062000         0.6000000000         0.5797982522         1.1124703785       -19.6692775626
        9.4200080000         0.6000000000         0.5721412716         5.0142910133       -19.8687395353
        9.4250035000         0.6000000000         0.5797982522         5.0091872584       -19.6692775626
        9.4300046000         0.6000000000         0.5695889448         4.9377346896       -19.9352268595
        9.4350042000         0.6000000000         0.5619319642         4.8586264883       -20.1346888322
        9.4400056000         0.6000000000         0.5823505790         4.7871739195       -19.6027902384
        9.4450043000         0.6000000000         0.5772459253         4.7055138408       -19.7357648868
        9.4500049000         0.6000000000         0.5593796373         4.6340612719       -20.2011761564
        9.4550054000         0.6000000000         0.5823505790         4.5524011933       -19.6027902384
        9.4600047000         0.6000000000         0.5746935985         4.4656373597       -19.8022522111
        9.4650036000         0.6000000000         0.5900075596         4.3967366683       -19.4033282657
        9.4700062000         0.6000000000         0.5900075596         4.3252840994       -19.4033282657
        9.4750895000         0.6000000000         0.5797982522         4.2436240207       -19.6692775626
        9.4800066000         0.6000000000         0.5746935985         4.1594120646       -19.8022522111
        9.4850060000         0.6000000000         0.5951122133         4.0981670056       -19.2703536172
        9.4900067000         0.6000000000         0.5823505790         4.0139550494       -19.6027902384
        9.4950081000         0.6000000000         0.5925598865         3.9425024806       -19.3368409415
        9.5000068000         0.6000000000         0.5772459253         3.8608424019       -19.7357648868
        9.5050068000         0.6000000000         0.5797982522         3.7893898330       -19.6692775626
        9.5100048000         0.6000000000         0.5925598865         3.7255928965       -19.3368409415
        9.5150063000         0.6000000000         0.5925598865         3.6413809404       -19.3368409415
        9.5200040000         0.6000000000         0.5874552328         3.5699283715       -19.4698155899
        9.5250069000         0.6000000000         0.5823505790         3.4959239252       -19.6027902384
        9.5300039000         0.6000000000         0.5874552328         3.4193676015       -19.4698155899
        9.5350071000         0.6000000000         0.5951122133         3.3581225424       -19.2703536172
        9.5400051000         0.6000000000         0.5925598865         3.2739105863       -19.3368409415
        9.5450065000         0.6000000000         0.6002168670         3.1973542625       -19.1373789688
        9.5500058000         0.6000000000         0.5900075596         3.1233498162       -19.4033282657
        9.5550073000         0.6000000000         0.5900075596         3.0518972474       -19.4033282657
        9.5600068000         0.6000000000         0.5900075596         2.9727890461       -19.4033282657
        9.5650064000         0.6000000000         0.6002168670         2.9038883547       -19.1373789688
        9.5700065000         0.6000000000         0.5900075596         2.8298839084       -19.4033282657
        9.5750065000         0.6000000000         0.5900075596         2.7482238297       -19.4033282657
        9.5800063000         0.6000000000         0.5925598865         2.6869787707       -19.3368409415
        9.5850068000         0.6000000000         0.5823505790         2.5951111822       -19.6027902384
        9.5900041000         0.6000000000         0.5925598865         2.5287623683       -19.3368409415
        9.5950061000         0.6000000000         0.5925598865         2.4598616769       -19.3368409415
        9.6000047000         0.6000000000         0.5746935985         2.3756497207       -19.8022522111
        9.6050071000         0.6000000000         0.5772459253         2.3016452744       -19.7357648868
        9.6100038000         0.6000000000         0.5925598865         2.2404002154       -19.3368409415
        9.6150092000         0.6000000000         0.5721412716         2.1510845043       -19.8687395353
        9.6200196000         0.6000000000         0.5619319642         2.0821838129       -20.1346888322
        9.6250095000         0.6000000000         0.5874552328         2.0107312441       -19.4698155899
        9.6300497000         0.6000000000         0.5746935985         1.9341749203       -19.8022522111
        9.6350049000         0.6000000000         0.5644842910         1.8525148416       -20.0682015080
        9.6400867000         0.6000000000         0.5746935985         1.7759585179       -19.8022522111
        9.6450059000         0.6000000000         0.5976645402         1.7121615814       -19.2038662930
        9.6500049000         0.6000000000         0.5874552328         1.6432608900       -19.4698155899
        9.6550047000         0.6000000000         0.5644842910         1.5616008113       -20.0682015080
        9.6600067000         0.6000000000         0.5849029059         1.4824926101       -19.5363029141
        9.6650030000         0.6000000000         0.5925598865         1.4135919187       -19.3368409415
        9.6700063000         0.6000000000         0.5644842910         1.3293799625       -20.0682015080
        9.6750063000         0.6000000000         0.5900075596         1.2630311486       -19.4033282657
        9.6800071000         0.6000000000         0.5746935985         1.1839229474       -19.8022522111
        9.6850064000         0.6000000000         0.5644842910         1.1073666236       -20.0682015080
        9.6900046000         0.6000000000         0.5823505790         1.0333621773       -19.6027902384
        9.6950075000         0.6000000000         0.5874552328         0.9568058535       -19.4698155899
        9.7000068000         0.6000000000         0.5823505790         0.8776976523       -19.6027902384
        9.7050069000         0.6000000000         0.5695889448         0.7985894511       -19.9352268595
        9.7100067000         0.6000000000         0.5695889448         0.7245850047       -19.9352268595
        9.7150053000         0.6000000000         0.5746935985         0.6403730486       -19.8022522111
        9.7200062000         0.6000000000         0.5797982522         0.5638167248       -19.6692775626
        9.7250038000         0.6000000000         0.5670366179         0.4923641560       -20.0017141837
        9.7300063000         0.6000000000         0.5644842910         0.4056003224       -20.0682015080
        9.7350060000         0.6000000000         0.5849029059         0.3392515084       -19.5363029141
        9.7400071000         0.6000000000         0.5695889448         0.2550395523       -19.9352268595
        9.7450061000         0.6000000000         0.5849029059         0.1810351060       -19.5363029141
        9.7500073000         0.6000000000         0.5772459253         0.0942712724       -19.7357648868
        9.7550240000         0.6000000000         0.5619319642         0.0202668261       -20.1346888322
        9.7600068000         0.6000000000         0.5849029059         0.0024036839       -19.5363029141
        9.7650059000         0.6000000000         0.5797982522         1.1073666236       -19.6692775626
        9.7700058000         0.6000000000         0.5721412716         5.0040835035       -19.8687395353
        9.7750037000         0.6000000000         0.5797982522         5.0015316260       -19.6692775626
        9.7800049000         0.6000000000         0.5874552328         4.9428384445       -19.4698155899
        9.7850058000         0.6000000000         0.5695889448         4.8586264883       -19.9352268595
        9.7900062000         0.6000000000         0.5797982522         4.7718626547       -19.6692775626
        9.7950045000         0.6000000000         0.5849029059         4.7029619633       -19.5363029141
        9.8000084000         0.6000000000         0.5568273105         4.6187500072       -20.2676634806
        9.8050049000         0.6000000000         0.5823505790         4.5472974383       -19.6027902384
        9.8100074000         0.6000000000         0.5797982522         4.4707411146       -19.6692775626
        9.8150047000         0.6000000000         0.5874552328         4.3916329133       -19.4698155899
        9.8200079000         0.6000000000         0.5772459253         4.3125247121       -19.7357648868
        9.8250050000         0.6000000000         0.5900075596         4.2385202658       -19.4033282657
        9.8300071000         0.6000000000         0.5721412716         4.1568601871       -19.8687395353
        9.8350059000         0.6000000000         0.5746935985         4.0879594957       -19.8022522111
        9.8400073000         0.6000000000         0.5874552328         4.0139550494       -19.4698155899
        9.8450068000         0.6000000000         0.5772459253         3.9348468482       -19.7357648868
        9.8500061000         0.6000000000         0.6078738476         3.8736017892       -18.9379169961
        9.8550526000         0.6000000000         0.5925598865         3.7995973429       -19.3368409415
        9.8600068000         0.6000000000         0.5797982522         3.7128335092       -19.6692775626
        9.8650075000         0.6000000000         0.5951122133         3.6464846953       -19.2703536172
        9.8700065000         0.6000000000         0.5925598865         3.5775840039       -19.3368409415
        9.8750066000         0.6000000000         0.6053215207         3.5010276801       -19.0044043203
        9.8800049000         0.6000000000         0.5849029059         3.4219194789       -19.5363029141
        9.8850074000         0.6000000000         0.5900075596         3.3428112777       -19.4033282657
        9.8900041000         0.6000000000         0.5797982522         3.2713587088       -19.6692775626
        9.8950057000         0.6000000000         0.6104261745         3.1973542625       -18.8714296719
        9.9000033000         0.6000000000         0.5849029059         3.1182460613       -19.5363029141
        9.9050043000         0.6000000000         0.5925598865         3.0544491248       -19.3368409415
        9.9100067000         0.6000000000         0.6027691939         2.9829965560       -19.0708916446
        9.9150052000         0.6000000000         0.6027691939         2.9089921097       -19.0708916446
        9.9200051000         0.6000000000         0.5925598865         2.8298839084       -19.3368409415
        9.9250050000         0.6000000000         0.5951122133         2.7558794621       -19.2703536172
        9.9300080000         0.6000000000         0.5925598865         2.6818750158       -19.3368409415
        9.9350067000         0.6000000000         0.5849029059         2.6078705695       -19.5363029141
        9.9400053000         0.6000000000         0.5976645402         2.5415217556       -19.2038662930
        9.9450050000         0.6000000000         0.5951122133         2.4649654318       -19.2703536172
        9.9500046000         0.6000000000         0.5849029059         2.3833053531       -19.5363029141
        9.9550060000         0.6000000000         0.5874552328         2.3016452744       -19.4698155899
        9.9600063000         0.6000000000         0.5823505790         2.2225370732       -19.6027902384
        9.9650077000         0.6000000000         0.5797982522         2.1638438916       -19.6692775626
        9.9700059000         0.6000000000         0.5900075596         2.0898394453       -19.4033282657
        9.9750062000         0.6000000000         0.5951122133         2.0132831215       -19.2703536172
        9.9800052000         0.6000000000         0.5721412716         1.9316230429       -19.8687395353
        9.9850077000         0.6000000000         0.5746935985         1.8499629642       -19.8022522111
        9.9900065000         0.6000000000         0.5849029059         1.7912697826       -19.5363029141
        9.9950096000         0.6000000000         0.5746935985         1.7121615814       -19.8022522111
