% Motor Sweep Step 2/50
% Vcmd       = 2.4000 [V]
% Direction  = CCW
% Vg_offset  = 1.334866 [V]
% K_gimbal   = 26.049690 [(rad/s)/V]

Time[s]              Vcmd[V]              Vg_raw[V]            Pot[V]               Omega[rad/s]
        0.0000092000         2.4000000000         1.3276300211         3.9348468482        -0.1884915642
        0.0050088000         2.4000000000         1.3301823480         3.9348468482        -0.1220042400
        0.0100054000         2.4000000000         1.3301823480         3.9348468482        -0.1220042400
        0.0150053000         2.4000000000         1.3327346748         3.9348468482        -0.0555169157
        0.0200041000         2.4000000000         1.3301823480         3.9348468482        -0.1220042400
        0.0250063000         2.4000000000         1.3352870017         3.9399506031         0.0109704085
        0.0300069000         2.4000000000         1.3352870017         3.9399506031         0.0109704085
        0.0350068000         2.4000000000         1.3454963091         3.9450543580         0.2769197054
        0.0400056000         2.4000000000         1.3352870017         3.9425024806         0.0109704085
        0.0450095000         2.4000000000         1.3378393285         3.9399506031         0.0774577327
        0.0500035000         2.4000000000         1.3352870017         3.9425024806         0.0109704085
        0.0550067000         2.4000000000         1.3327346748         3.9399506031        -0.0555169157
        0.0600049000         2.4000000000         1.3403916554         3.9476062355         0.1439450570
        0.0650061000         2.4000000000         1.3378393285         3.9399506031         0.0774577327
        0.0700063000         2.4000000000         1.3378393285         3.9425024806         0.0774577327
        0.0750070000         2.4000000000         1.3403916554         3.9399506031         0.1439450570
        0.0800035000         2.4000000000         1.3352870017         3.9399506031         0.0109704085
        0.0850061000         2.4000000000         1.3301823480         3.9348468482        -0.1220042400
        0.0900073000         2.4000000000         1.3429439823         3.9450543580         0.2104323812
        0.0950064000         2.4000000000         1.3378393285         3.9425024806         0.0774577327
        0.1000528000         2.4000000000         1.3429439823         3.9476062355         0.2104323812
        0.1050075000         2.4000000000         1.3352870017         3.9425024806         0.0109704085
        0.1100043000         2.4000000000         1.3352870017         3.9399506031         0.0109704085
        0.1150063000         2.4000000000         1.3378393285         3.9399506031         0.0774577327
        0.1200042000         2.4000000000         1.3429439823         3.9450543580         0.2104323812
        0.1250067000         2.4000000000         1.3352870017         3.9399506031         0.0109704085
        0.1300072000         2.4000000000         1.3301823480         3.9348468482        -0.1220042400
        0.1350048000         2.4000000000         1.3250776943         3.9348468482        -0.2549788884
        0.1400046000         2.4000000000         1.3301823480         3.9322949707        -0.1220042400
        0.1450030000         2.4000000000         1.3352870017         3.9399506031         0.0109704085
        0.1500054000         2.4000000000         1.3403916554         3.9476062355         0.1439450570
        0.1550056000         2.4000000000         1.3352870017         3.9399506031         0.0109704085
        0.1600069000         2.4000000000         1.3352870017         3.9399506031         0.0109704085
        0.1650076000         2.4000000000         1.3378393285         3.9373987256         0.0774577327
        0.1700076000         2.4000000000         1.3352870017         3.9399506031         0.0109704085
        0.1750040000         2.4000000000         1.3301823480         3.9348468482        -0.1220042400
        0.1800036000         2.4000000000         1.3301823480         3.9348468482        -0.1220042400
        0.1850074000         2.4000000000         1.3327346748         3.9348468482        -0.0555169157
        0.1900064000         2.4000000000         1.3327346748         3.9348468482        -0.0555169157
        0.1950061000         2.4000000000         1.3378393285         3.9399506031         0.0774577327
        0.2000065000         2.4000000000         1.3352870017         3.9425024806         0.0109704085
        0.2050048000         2.4000000000         1.3454963091         3.9450543580         0.2769197054
        0.2100051000         2.4000000000         1.3403916554         3.9476062355         0.1439450570
        0.2150040000         2.4000000000         1.3378393285         3.9425024806         0.0774577327
        0.2200062000         2.4000000000         1.3327346748         3.9322949707        -0.0555169157
        0.2250061000         2.4000000000         1.3352870017         3.9425024806         0.0109704085
        0.2300060000         2.4000000000         1.3378393285         3.9399506031         0.0774577327
        0.2350046000         2.4000000000         1.3429439823         3.9450543580         0.2104323812
        0.2400058000         2.4000000000         1.3301823480         3.9348468482        -0.1220042400
        0.2450038000         2.4000000000         1.3327346748         3.9348468482        -0.0555169157
        0.2500062000         2.4000000000         1.3429439823         3.9450543580         0.2104323812
        0.2550055000         2.4000000000         1.3378393285         3.9399506031         0.0774577327
        0.2600090000         2.4000000000         1.3276300211         3.9348468482        -0.1884915642
        0.2650068000         2.4000000000         1.3301823480         3.9348468482        -0.1220042400
        0.2700054000         2.4000000000         1.3327346748         3.9348468482        -0.0555169157
        0.2750061000         2.4000000000         1.3378393285         3.9399506031         0.0774577327
        0.2800071000         2.4000000000         1.3480486360         3.9450543580         0.3434070296
        0.2850053000         2.4000000000         1.3352870017         3.9373987256         0.0109704085
        0.2900060000         2.4000000000         1.3378393285         3.9348468482         0.0774577327
        0.2950059000         2.4000000000         1.3378393285         3.9399506031         0.0774577327
        0.3000067000         2.4000000000         1.3378393285         3.9425024806         0.0774577327
        0.3050050000         2.4000000000         1.3301823480         3.9348468482        -0.1220042400
        0.3100096000         2.4000000000         1.3378393285         3.9399506031         0.0774577327
        0.3150052000         2.4000000000         1.3378393285         3.9399506031         0.0774577327
        0.3200058000         2.4000000000         1.3378393285         3.9373987256         0.0774577327
        0.3250063000         2.4000000000         1.3403916554         3.9476062355         0.1439450570
        0.3300071000         2.4000000000         1.3352870017         3.9399506031         0.0109704085
        0.3350065000         2.4000000000         1.3429439823         3.9476062355         0.2104323812
        0.3400067000         2.4000000000         1.3378393285         3.9450543580         0.0774577327
        0.3450070000         2.4000000000         1.3429439823         3.9450543580         0.2104323812
        0.3500047000         2.4000000000         1.3378393285         3.9399506031         0.0774577327
        0.3550061000         2.4000000000         1.3403916554         3.9399506031         0.1439450570
        0.3600050000         2.4000000000         1.3327346748         3.9297430933        -0.0555169157
        0.3650066000         2.4000000000         1.3301823480         3.9348468482        -0.1220042400
        0.3700038000         2.4000000000         1.3301823480         3.9373987256        -0.1220042400
        0.3750063000         2.4000000000         1.3378393285         3.9399506031         0.0774577327
        0.3800056000         2.4000000000         1.3352870017         3.9399506031         0.0109704085
        0.3850049000         2.4000000000         1.3454963091         3.9450543580         0.2769197054
        0.3900050000         2.4000000000         1.3429439823         3.9450543580         0.2104323812
        0.3950067000         2.4000000000         1.3429439823         3.9450543580         0.2104323812
        0.4000051000         2.4000000000         1.3403916554         3.9476062355         0.1439450570
        0.4050058000         2.4000000000         1.3378393285         3.9399506031         0.0774577327
        0.4100048000         2.4000000000         1.3352870017         3.9399506031         0.0109704085
        0.4150057000         2.4000000000         1.3276300211         3.9348468482        -0.1884915642
        0.4200038000         2.4000000000         1.3378393285         3.9425024806         0.0774577327
        0.4250068000         2.4000000000         1.3403916554         3.9425024806         0.1439450570
        0.4300061000         2.4000000000         1.3403916554         3.9399506031         0.1439450570
        0.4350086000         2.4000000000         1.3429439823         3.9450543580         0.2104323812
        0.4400061000         2.4000000000         1.3429439823         3.9450543580         0.2104323812
        0.4450050000         2.4000000000         1.3378393285         3.9425024806         0.0774577327
        0.4500039000         2.4000000000         1.3301823480         3.9373987256        -0.1220042400
        0.4550090000         2.4000000000         1.3352870017         3.9425024806         0.0109704085
        0.4600028000         2.4000000000         1.3301823480         3.9348468482        -0.1220042400
        0.4650083000         2.4000000000         1.3301823480         3.9348468482        -0.1220042400
        0.4700044000         2.4000000000         1.3378393285         3.9399506031         0.0774577327
        0.4750058000         2.4000000000         1.3352870017         3.9425024806         0.0109704085
        0.4800029000         2.4000000000         1.3352870017         3.9399506031         0.0109704085
        0.4850069000         2.4000000000         1.3276300211         3.9373987256        -0.1884915642
        0.4900071000         2.4000000000         1.3327346748         3.9348468482        -0.0555169157
        0.4950083000         2.4000000000         1.3454963091         3.9450543580         0.2769197054
        0.5000067000         2.4000000000         1.3378393285         3.9425024806         0.0774577327
        0.5050050000         2.4000000000         1.3378393285         3.9373987256         0.0774577327
        0.5100035000         2.4000000000         1.3429439823         3.9450543580         0.2104323812
        0.5150031000         2.4000000000         1.3352870017         3.9399506031         0.0109704085
        0.5206587000         2.4000000000         1.3352870017         3.9322949707         0.0109704085
        0.5250044000         2.4000000000         1.3046590794         3.9399506031        -0.7868774822
        0.5300048000         2.4000000000         1.3378393285         3.9399506031         0.0774577327
        0.5350051000         2.4000000000         1.3301823480         3.9322949707        -0.1220042400
        0.5400054000         2.4000000000         1.3403916554         3.9450543580         0.1439450570
        0.5450030000         2.4000000000         1.3352870017         3.9399506031         0.0109704085
        0.5500048000         2.4000000000         1.3352870017         3.9399506031         0.0109704085
        0.5550048000         2.4000000000         1.3429439823         3.9450543580         0.2104323812
        0.5600047000         2.4000000000         1.3378393285         3.9399506031         0.0774577327
        0.5650039000         2.4000000000         1.3352870017         3.9425024806         0.0109704085
        0.5700082000         2.4000000000         1.3301823480         3.9322949707        -0.1220042400
        0.5750043000         2.4000000000         1.3352870017         3.9399506031         0.0109704085
        0.5800066000         2.4000000000         1.3352870017         3.9348468482         0.0109704085
        0.5850046000         2.4000000000         1.3352870017         3.9450543580         0.0109704085
        0.5900064000         2.4000000000         1.3403916554         3.9501581129         0.1439450570
        0.5950061000         2.4000000000         1.2995544257         3.9399506031        -0.9198521307
        0.6000055000         2.4000000000         1.3403916554         3.9450543580         0.1439450570
        0.6050053000         2.4000000000         1.3378393285         3.9399506031         0.0774577327
        0.6100046000         2.4000000000         1.3352870017         3.9399506031         0.0109704085
        0.6150045000         2.4000000000         1.3301823480         3.9348468482        -0.1220042400
        0.6200059000         2.4000000000         1.3327346748         3.9425024806        -0.0555169157
        0.6250058000         2.4000000000         1.3327346748         3.9399506031        -0.0555169157
        0.6300054000         2.4000000000         1.3429439823         3.9476062355         0.2104323812
        0.6350041000         2.4000000000         1.3403916554         3.9476062355         0.1439450570
        0.6400061000         2.4000000000         1.3454963091         3.9450543580         0.2769197054
        0.6450037000         2.4000000000         1.3403916554         3.9476062355         0.1439450570
        0.6500062000         2.4000000000         1.3352870017         3.9450543580         0.0109704085
        0.6550047000         2.4000000000         1.3301823480         3.9348468482        -0.1220042400
        0.6600064000         2.4000000000         1.3301823480         3.9348468482        -0.1220042400
        0.6650046000         2.4000000000         1.3352870017         3.9373987256         0.0109704085
        0.6700062000         2.4000000000         1.3352870017         3.9425024806         0.0109704085
        0.6750048000         2.4000000000         1.3352870017         3.9425024806         0.0109704085
        0.6800059000         2.4000000000         1.3378393285         3.9373987256         0.0774577327
        0.6850048000         2.4000000000         1.3378393285         3.9399506031         0.0774577327
        0.6900043000         2.4000000000         1.3327346748         3.9425024806        -0.0555169157
        0.6950056000         2.4000000000         1.3429439823         3.9450543580         0.2104323812
        0.7000053000         2.4000000000         1.3352870017         3.9425024806         0.0109704085
        0.7050061000         2.4000000000         1.3327346748         3.9348468482        -0.0555169157
        0.7100081000         2.4000000000         1.3352870017         3.9399506031         0.0109704085
        0.7150106000         2.4000000000         1.3403916554         3.9476062355         0.1439450570
        0.7200068000         2.4000000000         1.3352870017         3.9425024806         0.0109704085
        0.7250076000         2.4000000000         1.3352870017         3.9425024806         0.0109704085
        0.7300126000         2.4000000000         1.3301823480         3.9476062355        -0.1220042400
        0.7350785000         2.4000000000         1.3429439823         3.9476062355         0.2104323812
        0.7400069000         2.4000000000         1.3378393285         3.9373987256         0.0774577327
        0.7450064000         2.4000000000         1.3301823480         3.9322949707        -0.1220042400
        0.7500039000         2.4000000000         1.3352870017         3.9399506031         0.0109704085
        0.7550047000         2.4000000000         1.3301823480         3.9348468482        -0.1220042400
        0.7600049000         2.4000000000         1.3352870017         3.9399506031         0.0109704085
        0.7650066000         2.4000000000         1.3429439823         3.9450543580         0.2104323812
        0.7700040000         2.4000000000         1.3352870017         3.9399506031         0.0109704085
        0.7750060000         2.4000000000         1.3352870017         3.9373987256         0.0109704085
        0.7800053000         2.4000000000         1.3301823480         3.9348468482        -0.1220042400
        0.7850067000         2.4000000000         1.3301823480         3.9322949707        -0.1220042400
        0.7900058000         2.4000000000         1.3378393285         3.9399506031         0.0774577327
        0.7950074000         2.4000000000         1.3454963091         3.9501581129         0.2769197054
        0.8000046000         2.4000000000         1.3429439823         3.9476062355         0.2104323812
        0.8050068000         2.4000000000         1.3352870017         3.9399506031         0.0109704085
        0.8100066000         2.4000000000         1.3301823480         3.9348468482        -0.1220042400
        0.8150041000         2.4000000000         1.3276300211         3.9348468482        -0.1884915642
        0.8200056000         2.4000000000         1.3352870017         3.9425024806         0.0109704085
        0.8250048000         2.4000000000         1.3352870017         3.9399506031         0.0109704085
        0.8300031000         2.4000000000         1.3403916554         3.9476062355         0.1439450570
        0.8350185000         2.4000000000         1.3327346748         3.9425024806        -0.0555169157
        0.8400048000         2.4000000000         1.3352870017         3.9425024806         0.0109704085
        0.8450049000         2.4000000000         1.3327346748         3.9399506031        -0.0555169157
        0.8500033000         2.4000000000         1.3276300211         3.9348468482        -0.1884915642
        0.8550048000         2.4000000000         1.3378393285         3.9425024806         0.0774577327
        0.8600041000         2.4000000000         1.3429439823         3.9476062355         0.2104323812
        0.8650051000         2.4000000000         1.3403916554         3.9476062355         0.1439450570
        0.8700028000         2.4000000000         1.3378393285         3.9399506031         0.0774577327
        0.8750049000         2.4000000000         1.3378393285         3.9399506031         0.0774577327
        0.8800030000         2.4000000000         1.3327346748         3.9348468482        -0.0555169157
        0.8850047000         2.4000000000         1.3378393285         3.9425024806         0.0774577327
        0.8900041000         2.4000000000         1.3454963091         3.9450543580         0.2769197054
        0.8950047000         2.4000000000         1.3403916554         3.9450543580         0.1439450570
        0.9000046000         2.4000000000         1.3378393285         3.9425024806         0.0774577327
        0.9050051000         2.4000000000         1.3301823480         3.9348468482        -0.1220042400
        0.9100035000         2.4000000000         1.3301823480         3.9348468482        -0.1220042400
        0.9150058000         2.4000000000         1.3352870017         3.9425024806         0.0109704085
        0.9200048000         2.4000000000         1.3429439823         3.9476062355         0.2104323812
        0.9250058000         2.4000000000         1.3352870017         3.9399506031         0.0109704085
        0.9300044000         2.4000000000         1.3352870017         3.9399506031         0.0109704085
        0.9350057000         2.4000000000         1.3454963091         3.9425024806         0.2769197054
        0.9400040000         2.4000000000         1.3352870017         3.9399506031         0.0109704085
        0.9450060000         2.4000000000         1.3352870017         3.9425024806         0.0109704085
        0.9500032000         2.4000000000         1.3276300211         3.9348468482        -0.1884915642
        0.9550067000         2.4000000000         1.3454963091         3.9476062355         0.2769197054
        0.9600044000         2.4000000000         1.3301823480         3.9399506031        -0.1220042400
        0.9650054000         2.4000000000         1.3378393285         3.9399506031         0.0774577327
        0.9700079000         2.4000000000         1.3250776943         3.9399506031        -0.2549788884
        0.9750062000         2.4000000000         1.3429439823         3.9450543580         0.2104323812
        0.9800048000         2.4000000000         1.3301823480         3.9348468482        -0.1220042400
        0.9850050000         2.4000000000         1.3301823480         3.9348468482        -0.1220042400
        0.9900033000         2.4000000000         1.3276300211         3.9348468482        -0.1884915642
        0.9950049000         2.4000000000         1.3352870017         3.9399506031         0.0109704085
        1.0000068000         2.4000000000         1.3327346748         3.9348468482        -0.0555169157
        1.0050038000         2.4000000000         1.3403916554         3.9501581129         0.1439450570
        1.0100253000         2.4000000000         1.3352870017         3.9425024806         0.0109704085
        1.0150050000         2.4000000000         1.3352870017         3.9399506031         0.0109704085
        1.0200052000         2.4000000000         1.3352870017         3.9425024806         0.0109704085
        1.0250061000         2.4000000000         1.3454963091         3.9476062355         0.2769197054
        1.0300068000         2.4000000000         1.3429439823         3.9399506031         0.2104323812
        1.0350051000         2.4000000000         1.3327346748         3.9348468482        -0.0555169157
        1.0400059000         2.4000000000         1.3429439823         3.9425024806         0.2104323812
        1.0450049000         2.4000000000         1.3352870017         3.9425024806         0.0109704085
        1.0500048000         2.4000000000         1.3378393285         3.9399506031         0.0774577327
        1.0550043000         2.4000000000         1.3403916554         3.9476062355         0.1439450570
        1.0600058000         2.4000000000         1.3352870017         3.9399506031         0.0109704085
        1.0650051000         2.4000000000         1.3276300211         3.9373987256        -0.1884915642
        1.0700065000         2.4000000000         1.3378393285         3.9399506031         0.0774577327
        1.0750067000         2.4000000000         1.3352870017         3.9399506031         0.0109704085
        1.0800063000         2.4000000000         1.3301823480         3.9348468482        -0.1220042400
        1.0850069000         2.4000000000         1.3301823480         3.9425024806        -0.1220042400
        1.0900063000         2.4000000000         1.3301823480         3.9348468482        -0.1220042400
        1.0950059000         2.4000000000         1.3378393285         3.9399506031         0.0774577327
        1.1000063000         2.4000000000         1.3327346748         3.9322949707        -0.0555169157
        1.1050039000         2.4000000000         1.3327346748         3.9348468482        -0.0555169157
        1.1100063000         2.4000000000         1.3403916554         3.9476062355         0.1439450570
        1.1150067000         2.4000000000         1.3403916554         3.9450543580         0.1439450570
        1.1200572000         2.4000000000         1.3301823480         3.9348468482        -0.1220042400
        1.1250134000         2.4000000000         1.3403916554         3.9476062355         0.1439450570
        1.1300074000         2.4000000000         1.3378393285         3.9399506031         0.0774577327
        1.1350080000         2.4000000000         1.3429439823         3.9476062355         0.2104323812
        1.1400068000         2.4000000000         1.3301823480         3.9348468482        -0.1220042400
        1.1450070000         2.4000000000         1.3301823480         3.9322949707        -0.1220042400
        1.1500067000         2.4000000000         1.3352870017         3.9399506031         0.0109704085
        1.1550045000         2.4000000000         1.3378393285         3.9399506031         0.0774577327
        1.1600065000         2.4000000000         1.3429439823         3.9450543580         0.2104323812
        1.1650040000         2.4000000000         1.3454963091         3.9476062355         0.2769197054
        1.1700063000         2.4000000000         1.3327346748         3.9476062355        -0.0555169157
        1.1750042000         2.4000000000         1.3403916554         3.9399506031         0.1439450570
        1.1800063000         2.4000000000         1.3378393285         3.9399506031         0.0774577327
        1.1850051000         2.4000000000         1.3301823480         3.9373987256        -0.1220042400
        1.1900080000         2.4000000000         1.3378393285         3.9399506031         0.0774577327
        1.1950079000         2.4000000000         1.3403916554         3.9501581129         0.1439450570
        1.2000063000         2.4000000000         1.3352870017         3.9399506031         0.0109704085
        1.2050038000         2.4000000000         1.3352870017         3.9399506031         0.0109704085
        1.2100056000         2.4000000000         1.3352870017         3.9425024806         0.0109704085
        1.2150036000         2.4000000000         1.3429439823         3.9450543580         0.2104323812
        1.2200047000         2.4000000000         1.3454963091         3.9450543580         0.2769197054
        1.2250037000         2.4000000000         1.3403916554         3.9450543580         0.1439450570
        1.2300046000         2.4000000000         1.3276300211         3.9373987256        -0.1884915642
        1.2350046000         2.4000000000         1.3352870017         3.9348468482         0.0109704085
        1.2400047000         2.4000000000         1.3327346748         3.9399506031        -0.0555169157
        1.2450035000         2.4000000000         1.3403916554         3.9501581129         0.1439450570
        1.2500053000         2.4000000000         1.3276300211         3.9373987256        -0.1884915642
        1.2550037000         2.4000000000         1.3403916554         3.9501581129         0.1439450570
        1.2600054000         2.4000000000         1.3378393285         3.9399506031         0.0774577327
        1.2650039000         2.4000000000         1.3429439823         3.9476062355         0.2104323812
        1.2700020000         2.4000000000         1.3429439823         3.9450543580         0.2104323812
        1.2750953000         2.4000000000         1.3352870017         3.9399506031         0.0109704085
        1.2800064000         2.4000000000         1.3352870017         3.9425024806         0.0109704085
        1.2850040000         2.4000000000         1.3352870017         3.9425024806         0.0109704085
        1.2900026000         2.4000000000         1.3352870017         3.9425024806         0.0109704085
        1.2950013000         2.4000000000         1.3301823480         3.9348468482        -0.1220042400
        1.3000041000         2.4000000000         1.3378393285         3.9399506031         0.0774577327
        1.3050027000         2.4000000000         1.3352870017         3.9425024806         0.0109704085
        1.3100070000         2.4000000000         1.3352870017         3.9399506031         0.0109704085
        1.3150038000         2.4000000000         1.3352870017         3.9399506031         0.0109704085
        1.3200051000         2.4000000000         1.3301823480         3.9322949707        -0.1220042400
        1.3250106000         2.4000000000         1.3352870017         3.9425024806         0.0109704085
        1.3300043000         2.4000000000         1.3301823480         3.9322949707        -0.1220042400
        1.3350028000         2.4000000000         1.3352870017         3.9425024806         0.0109704085
        1.3400064000         2.4000000000         1.3403916554         3.9476062355         0.1439450570
        1.3450070000         2.4000000000         1.3429439823         3.9450543580         0.2104323812
        1.3500059000         2.4000000000         1.3301823480         3.9348468482        -0.1220042400
        1.3550054000         2.4000000000         1.3301823480         3.9348468482        -0.1220042400
        1.3600069000         2.4000000000         1.3352870017         3.9399506031         0.0109704085
        1.3650046000         2.4000000000         1.3429439823         3.9399506031         0.2104323812
        1.3700038000         2.4000000000         1.3352870017         3.9425024806         0.0109704085
        1.3750017000         2.4000000000         1.3403916554         3.9501581129         0.1439450570
        1.3800032000         2.4000000000         1.3403916554         3.9399506031         0.1439450570
        1.3850116000         2.4000000000         1.3301823480         3.9373987256        -0.1220042400
        1.3900061000         2.4000000000         1.3327346748         3.9399506031        -0.0555169157
        1.3950076000         2.4000000000         1.3454963091         3.9450543580         0.2769197054
        1.4000066000         2.4000000000         1.3454963091         3.9450543580         0.2769197054
        1.4050064000         2.4000000000         1.3429439823         3.9476062355         0.2104323812
        1.4100066000         2.4000000000         1.3429439823         3.9450543580         0.2104323812
        1.4150074000         2.4000000000         1.3352870017         3.9399506031         0.0109704085
        1.4200062000         2.4000000000         1.3454963091         3.9450543580         0.2769197054
        1.4250100000         2.4000000000         1.3378393285         3.9399506031         0.0774577327
        1.4300066000         2.4000000000         1.3352870017         3.9399506031         0.0109704085
        1.4350078000         2.4000000000         1.3327346748         3.9348468482        -0.0555169157
        1.4400081000         2.4000000000         1.3352870017         3.9348468482         0.0109704085
        1.4450106000         2.4000000000         1.3378393285         3.9373987256         0.0774577327
        1.4500096000         2.4000000000         1.3327346748         3.9348468482        -0.0555169157
        1.4550095000         2.4000000000         1.3225253674         3.9348468482        -0.3214662126
        1.4600796000         2.4000000000         1.3352870017         3.9425024806         0.0109704085
        1.4650073000         2.4000000000         1.3352870017         3.9425024806         0.0109704085
        1.4700068000         2.4000000000         1.3352870017         3.9399506031         0.0109704085
        1.4750056000         2.4000000000         1.3276300211         3.9348468482        -0.1884915642
        1.4800060000         2.4000000000         1.3301823480         3.9348468482        -0.1220042400
        1.4850050000         2.4000000000         1.3352870017         3.9399506031         0.0109704085
        1.4900054000         2.4000000000         1.3352870017         3.9373987256         0.0109704085
        1.4950063000         2.4000000000         1.3403916554         3.9476062355         0.1439450570
        1.5000064000         2.4000000000         1.3429439823         3.9450543580         0.2104323812
        1.5050049000         2.4000000000         1.3301823480         3.9348468482        -0.1220042400
        1.5100056000         2.4000000000         1.3276300211         3.9348468482        -0.1884915642
        1.5150057000         2.4000000000         1.3327346748         3.9425024806        -0.0555169157
        1.5200144000         2.4000000000         1.3378393285         3.9322949707         0.0774577327
        1.5250076000         2.4000000000         1.3352870017         3.9399506031         0.0109704085
        1.5300117000         2.4000000000         1.3378393285         3.9399506031         0.0774577327
        1.5350071000         2.4000000000         1.3174207137         3.9322949707        -0.4544408611
        1.5400064000         2.4000000000         1.3403916554         3.9450543580         0.1439450570
        1.5450086000         2.4000000000         1.3378393285         3.9399506031         0.0774577327
        1.5500064000         2.4000000000         1.3352870017         3.9399506031         0.0109704085
        1.5550060000         2.4000000000         1.3429439823         3.9476062355         0.2104323812
        1.5600061000         2.4000000000         1.3378393285         3.9425024806         0.0774577327
        1.5650051000         2.4000000000         1.3327346748         3.9348468482        -0.0555169157
        1.5700062000         2.4000000000         1.3352870017         3.9399506031         0.0109704085
        1.5750070000         2.4000000000         1.3429439823         3.9476062355         0.2104323812
        1.5800066000         2.4000000000         1.3327346748         3.9322949707        -0.0555169157
        1.5850046000         2.4000000000         1.3352870017         3.9399506031         0.0109704085
        1.5900066000         2.4000000000         1.3403916554         3.9501581129         0.1439450570
        1.5950051000         2.4000000000         1.3352870017         3.9399506031         0.0109704085
        1.6000065000         2.4000000000         1.3429439823         3.9450543580         0.2104323812
        1.6050049000         2.4000000000         1.3174207137         3.9476062355        -0.4544408611
        1.6100084000         2.4000000000         1.3378393285         3.9399506031         0.0774577327
        1.6150425000         2.4000000000         1.3301823480         3.9322949707        -0.1220042400
        1.6200060000         2.4000000000         1.3403916554         3.9476062355         0.1439450570
        1.6250041000         2.4000000000         1.3454963091         3.9450543580         0.2769197054
        1.6300071000         2.4000000000         1.3454963091         3.9450543580         0.2769197054
        1.6350051000         2.4000000000         1.3429439823         3.9476062355         0.2104323812
        1.6400065000         2.4000000000         1.3352870017         3.9373987256         0.0109704085
        1.6450041000         2.4000000000         1.3378393285         3.9399506031         0.0774577327
        1.6500054000         2.4000000000         1.3276300211         3.9348468482        -0.1884915642
        1.6550045000         2.4000000000         1.3301823480         3.9348468482        -0.1220042400
        1.6600065000         2.4000000000         1.3301823480         3.9322949707        -0.1220042400
        1.6650041000         2.4000000000         1.3276300211         3.9399506031        -0.1884915642
        1.6700103000         2.4000000000         1.3301823480         3.9373987256        -0.1220042400
        1.6750074000         2.4000000000         1.3378393285         3.9399506031         0.0774577327
        1.6800086000         2.4000000000         1.3021067526         3.9399506031        -0.8533648064
        1.6850072000         2.4000000000         1.3454963091         3.9450543580         0.2769197054
        1.6900062000         2.4000000000         1.3403916554         3.9501581129         0.1439450570
        1.6950037000         2.4000000000         1.3352870017         3.9399506031         0.0109704085
        1.7000053000         2.4000000000         1.3352870017         3.9476062355         0.0109704085
        1.7050046000         2.4000000000         1.3403916554         3.9450543580         0.1439450570
        1.7100026000         2.4000000000         1.3378393285         3.9399506031         0.0774577327
        1.7150016000         2.4000000000         1.3301823480         3.9348468482        -0.1220042400
        1.7200069000         2.4000000000         1.3352870017         3.9399506031         0.0109704085
        1.7250061000         2.4000000000         1.3378393285         3.9399506031         0.0774577327
        1.7300082000         2.4000000000         1.3352870017         3.9399506031         0.0109704085
        1.7350080000         2.4000000000         1.3352870017         3.9399506031         0.0109704085
        1.7400044000         2.4000000000         1.3378393285         3.9399506031         0.0774577327
        1.7450048000         2.4000000000         1.3352870017         3.9399506031         0.0109704085
        1.7500049000         2.4000000000         1.3276300211         3.9348468482        -0.1884915642
        1.7550065000         2.4000000000         1.3301823480         3.9297430933        -0.1220042400
        1.7600045000         2.4000000000         1.3403916554         3.9476062355         0.1439450570
        1.7650040000         2.4000000000         1.3352870017         3.9399506031         0.0109704085
        1.7700065000         2.4000000000         1.3301823480         3.9348468482        -0.1220042400
        1.7750022000         2.4000000000         1.3352870017         3.9399506031         0.0109704085
        1.7800034000         2.4000000000         1.3327346748         3.9322949707        -0.0555169157
        1.7850089000         2.4000000000         1.3327346748         3.9348468482        -0.0555169157
        1.7900052000         2.4000000000         1.3429439823         3.9501581129         0.2104323812
        1.7950018000         2.4000000000         1.3301823480         3.9348468482        -0.1220042400
        1.8000061000         2.4000000000         1.3301823480         3.9348468482        -0.1220042400
        1.8050071000         2.4000000000         1.3429439823         3.9476062355         0.2104323812
        1.8100051000         2.4000000000         1.3378393285         3.9399506031         0.0774577327
        1.8150063000         2.4000000000         1.3301823480         3.9425024806        -0.1220042400
        1.8200049000         2.4000000000         1.3301823480         3.9348468482        -0.1220042400
        1.8250022000         2.4000000000         1.3378393285         3.9399506031         0.0774577327
        1.8300033000         2.4000000000         1.3352870017         3.9425024806         0.0109704085
        1.8350034000         2.4000000000         1.3378393285         3.9399506031         0.0774577327
        1.8400049000         2.4000000000         1.3352870017         3.9399506031         0.0109704085
        1.8450025000         2.4000000000         1.3352870017         3.9399506031         0.0109704085
        1.8500057000         2.4000000000         1.3301823480         3.9348468482        -0.1220042400
        1.8550041000         2.4000000000         1.3352870017         3.9399506031         0.0109704085
        1.8600063000         2.4000000000         1.3276300211         3.9373987256        -0.1884915642
        1.8650035000         2.4000000000         1.3378393285         3.9425024806         0.0774577327
        1.8700013000         2.4000000000         1.3352870017         3.9399506031         0.0109704085
        1.8750022000         2.4000000000         1.3352870017         3.9373987256         0.0109704085
        1.8800031000         2.4000000000         1.3327346748         3.9348468482        -0.0555169157
        1.8850022000         2.4000000000         1.3403916554         3.9476062355         0.1439450570
        1.8900013000         2.4000000000         1.3301823480         3.9348468482        -0.1220042400
        1.8950042000         2.4000000000         1.3327346748         3.9425024806        -0.0555169157
        1.9000050000         2.4000000000         1.3429439823         3.9450543580         0.2104323812
        1.9050036000         2.4000000000         1.3403916554         3.9501581129         0.1439450570
        1.9100108000         2.4000000000         1.3429439823         3.9501581129         0.2104323812
        1.9150077000         2.4000000000         1.3378393285         3.9399506031         0.0774577327
        1.9200129000         2.4000000000         1.3301823480         3.9348468482        -0.1220042400
        1.9250106000         2.4000000000         1.3327346748         3.9322949707        -0.0555169157
        1.9300070000         2.4000000000         1.3352870017         3.9399506031         0.0109704085
        1.9350038000         2.4000000000         1.3429439823         3.9450543580         0.2104323812
        1.9400127000         2.4000000000         1.3378393285         3.9425024806         0.0774577327
        1.9450034000         2.4000000000         1.3378393285         3.9373987256         0.0774577327
        1.9500049000         2.4000000000         1.3429439823         3.9476062355         0.2104323812
        1.9550030000         2.4000000000         1.3429439823         3.9450543580         0.2104323812
        1.9600054000         2.4000000000         1.3352870017         3.9425024806         0.0109704085
        1.9650042000         2.4000000000         1.3429439823         3.9476062355         0.2104323812
        1.9700051000         2.4000000000         1.3327346748         3.9322949707        -0.0555169157
        1.9750044000         2.4000000000         1.3301823480         3.9348468482        -0.1220042400
        1.9800050000         2.4000000000         1.3403916554         3.9399506031         0.1439450570
        1.9850043000         2.4000000000         1.3403916554         3.9399506031         0.1439450570
        1.9900051000         2.4000000000         1.3352870017         3.9373987256         0.0109704085
        1.9950058000         2.4000000000         1.3327346748         3.9373987256        -0.0555169157
        2.0000058000         2.4000000000         1.3352870017         3.9425024806         0.0109704085
        2.0050054000         2.4000000000         1.3403916554         3.9476062355         0.1439450570
        2.0100065000         2.4000000000         1.3403916554         3.9476062355         0.1439450570
        2.0150053000         2.4000000000         1.3429439823         3.9450543580         0.2104323812
        2.0200045000         2.4000000000         1.3301823480         3.9373987256        -0.1220042400
        2.0250049000         2.4000000000         1.3301823480         3.9348468482        -0.1220042400
        2.0300061000         2.4000000000         1.3352870017         3.9425024806         0.0109704085
        2.0350058000         2.4000000000         1.3352870017         3.9450543580         0.0109704085
        2.0400061000         2.4000000000         1.3403916554         3.9450543580         0.1439450570
        2.0450038000         2.4000000000         1.3429439823         3.9501581129         0.2104323812
        2.0500114000         2.4000000000         1.3378393285         3.9348468482         0.0774577327
        2.0550036000         2.4000000000         1.3403916554         3.9476062355         0.1439450570
        2.0600045000         2.4000000000         1.3174207137         3.9450543580        -0.4544408611
        2.0650032000         2.4000000000         1.3403916554         3.9476062355         0.1439450570
        2.0700048000         2.4000000000         1.3352870017         3.9399506031         0.0109704085
        2.0750043000         2.4000000000         1.3352870017         3.9399506031         0.0109704085
        2.0800049000         2.4000000000         1.3352870017         3.9425024806         0.0109704085
        2.0850038000         2.4000000000         1.3301823480         3.9322949707        -0.1220042400
        2.0900048000         2.4000000000         1.3429439823         3.9476062355         0.2104323812
        2.0950039000         2.4000000000         1.3403916554         3.9476062355         0.1439450570
        2.1000047000         2.4000000000         1.3301823480         3.9348468482        -0.1220042400
        2.1050922000         2.4000000000         1.3378393285         3.9399506031         0.0774577327
        2.1100062000         2.4000000000         1.3352870017         3.9373987256         0.0109704085
        2.1150110000         2.4000000000         1.3327346748         3.9348468482        -0.0555169157
        2.1200070000         2.4000000000         1.3403916554         3.9476062355         0.1439450570
        2.1250069000         2.4000000000         1.3403916554         3.9450543580         0.1439450570
        2.1300046000         2.4000000000         1.3378393285         3.9425024806         0.0774577327
        2.1350066000         2.4000000000         1.3046590794         3.9399506031        -0.7868774822
        2.1400040000         2.4000000000         1.3378393285         3.9373987256         0.0774577327
        2.1450062000         2.4000000000         1.3327346748         3.9348468482        -0.0555169157
        2.1500036000         2.4000000000         1.3301823480         3.9348468482        -0.1220042400
        2.1550076000         2.4000000000         1.3352870017         3.9425024806         0.0109704085
        2.1600091000         2.4000000000         1.3352870017         3.9399506031         0.0109704085
        2.1650057000         2.4000000000         1.3327346748         3.9322949707        -0.0555169157
        2.1700047000         2.4000000000         1.3327346748         3.9399506031        -0.0555169157
        2.1750049000         2.4000000000         1.3378393285         3.9373987256         0.0774577327
        2.1800072000         2.4000000000         1.3352870017         3.9425024806         0.0109704085
        2.1850112000         2.4000000000         1.3352870017         3.9425024806         0.0109704085
        2.1900100000         2.4000000000         1.3352870017         3.9399506031         0.0109704085
        2.1950066000         2.4000000000         1.3454963091         3.9450543580         0.2769197054
        2.2000100000         2.4000000000         1.3352870017         3.9373987256         0.0109704085
        2.2050074000         2.4000000000         1.3403916554         3.9399506031         0.1439450570
        2.2100060000         2.4000000000         1.3327346748         3.9322949707        -0.0555169157
        2.2150111000         2.4000000000         1.3454963091         3.9476062355         0.2769197054
        2.2200060000         2.4000000000         1.3454963091         3.9450543580         0.2769197054
        2.2250090000         2.4000000000         1.3352870017         3.9425024806         0.0109704085
        2.2300083000         2.4000000000         1.3301823480         3.9322949707        -0.1220042400
        2.2350074000         2.4000000000         1.3301823480         3.9348468482        -0.1220042400
        2.2400061000         2.4000000000         1.3301823480         3.9348468482        -0.1220042400
        2.2450065000         2.4000000000         1.3352870017         3.9399506031         0.0109704085
        2.2500094000         2.4000000000         1.3276300211         3.9348468482        -0.1884915642
        2.2550065000         2.4000000000         1.3352870017         3.9373987256         0.0109704085
        2.2600041000         2.4000000000         1.3352870017         3.9399506031         0.0109704085
        2.2650053000         2.4000000000         1.3301823480         3.9322949707        -0.1220042400
        2.2700119000         2.4000000000         1.3352870017         3.9399506031         0.0109704085
        2.2750048000         2.4000000000         1.3454963091         3.9476062355         0.2769197054
        2.2800046000         2.4000000000         1.3403916554         3.9476062355         0.1439450570
        2.2850051000         2.4000000000         1.3403916554         3.9450543580         0.1439450570
        2.2900071000         2.4000000000         1.3403916554         3.9501581129         0.1439450570
        2.2950061000         2.4000000000         1.3352870017         3.9425024806         0.0109704085
        2.3000056000         2.4000000000         1.3352870017         3.9425024806         0.0109704085
        2.3050053000         2.4000000000         1.3352870017         3.9399506031         0.0109704085
        2.3100047000         2.4000000000         1.3276300211         3.9348468482        -0.1884915642
        2.3150042000         2.4000000000         1.3327346748         3.9322949707        -0.0555169157
        2.3200115000         2.4000000000         1.3352870017         3.9399506031         0.0109704085
        2.3250048000         2.4000000000         1.3327346748         3.9322949707        -0.0555169157
        2.3300083000         2.4000000000         1.3301823480         3.9348468482        -0.1220042400
        2.3350104000         2.4000000000         1.3301823480         3.9322949707        -0.1220042400
        2.3418000000         2.4000000000         1.3352870017         3.9425024806         0.0109704085
        2.3450072000         2.4000000000         1.3378393285         3.9399506031         0.0774577327
        2.3500139000         2.4000000000         1.3352870017         3.9399506031         0.0109704085
        2.3550075000         2.4000000000         1.3352870017         3.9373987256         0.0109704085
        2.3600087000         2.4000000000         1.3429439823         3.9476062355         0.2104323812
        2.3650053000         2.4000000000         1.3327346748         3.9348468482        -0.0555169157
        2.3700075000         2.4000000000         1.3276300211         3.9348468482        -0.1884915642
        2.3750086000         2.4000000000         1.3301823480         3.9348468482        -0.1220042400
        2.3800231000         2.4000000000         1.3301823480         3.9348468482        -0.1220042400
        2.3850041000         2.4000000000         1.3352870017         3.9399506031         0.0109704085
        2.3900133000         2.4000000000         1.3378393285         3.9399506031         0.0774577327
        2.3950038000         2.4000000000         1.3352870017         3.9425024806         0.0109704085
        2.4000075000         2.4000000000         1.3429439823         3.9501581129         0.2104323812
        2.4050061000         2.4000000000         1.3352870017         3.9399506031         0.0109704085
        2.4100080000         2.4000000000         1.3403916554         3.9476062355         0.1439450570
        2.4150060000         2.4000000000         1.3352870017         3.9425024806         0.0109704085
        2.4200123000         2.4000000000         1.3276300211         3.9348468482        -0.1884915642
        2.4250087000         2.4000000000         1.3378393285         3.9399506031         0.0774577327
        2.4300141000         2.4000000000         1.3429439823         3.9425024806         0.2104323812
        2.4350078000         2.4000000000         1.3352870017         3.9399506031         0.0109704085
        2.4400067000         2.4000000000         1.3327346748         3.9348468482        -0.0555169157
        2.4450040000         2.4000000000         1.3276300211         3.9348468482        -0.1884915642
        2.4500087000         2.4000000000         1.3352870017         3.9399506031         0.0109704085
        2.4550044000         2.4000000000         1.3327346748         3.9399506031        -0.0555169157
        2.4600061000         2.4000000000         1.3352870017         3.9373987256         0.0109704085
        2.4650106000         2.4000000000         1.3352870017         3.9399506031         0.0109704085
        2.4700079000         2.4000000000         1.3327346748         3.9322949707        -0.0555169157
        2.4750060000         2.4000000000         1.3352870017         3.9373987256         0.0109704085
        2.4800127000         2.4000000000         1.3378393285         3.9399506031         0.0774577327
        2.4850071000         2.4000000000         1.3352870017         3.9425024806         0.0109704085
        2.4900148000         2.4000000000         1.3352870017         3.9399506031         0.0109704085
        2.4950127000         2.4000000000         1.3352870017         3.9399506031         0.0109704085
        2.5000076000         2.4000000000         1.3327346748         3.9399506031        -0.0555169157
        2.5050107000         2.4000000000         1.3250776943         3.9399506031        -0.2549788884
        2.5100064000         2.4000000000         1.3378393285         3.9399506031         0.0774577327
        2.5150065000         2.4000000000         1.3352870017         3.9425024806         0.0109704085
        2.5200070000         2.4000000000         1.3403916554         3.9476062355         0.1439450570
        2.5250061000         2.4000000000         1.3046590794         3.9322949707        -0.7868774822
        2.5300059000         2.4000000000         1.3352870017         3.9399506031         0.0109704085
        2.5350067000         2.4000000000         1.3301823480         3.9348468482        -0.1220042400
        2.5400058000         2.4000000000         1.3301823480         3.9322949707        -0.1220042400
        2.5450118000         2.4000000000         1.3327346748         3.9348468482        -0.0555169157
        2.5500048000         2.4000000000         1.3352870017         3.9425024806         0.0109704085
        2.5550062000         2.4000000000         1.3429439823         3.9476062355         0.2104323812
        2.5600085000         2.4000000000         1.3403916554         3.9450543580         0.1439450570
        2.5650071000         2.4000000000         1.3454963091         3.9450543580         0.2769197054
        2.5700069000         2.4000000000         1.3403916554         3.9450543580         0.1439450570
        2.5750063000         2.4000000000         1.3378393285         3.9322949707         0.0774577327
        2.5800042000         2.4000000000         1.3352870017         3.9450543580         0.0109704085
        2.5850129000         2.4000000000         1.3403916554         3.9476062355         0.1439450570
        2.5900066000         2.4000000000         1.3327346748         3.9399506031        -0.0555169157
        2.5950106000         2.4000000000         1.3352870017         3.9399506031         0.0109704085
        2.6000049000         2.4000000000         1.3429439823         3.9450543580         0.2104323812
        2.6050065000         2.4000000000         1.3429439823         3.9450543580         0.2104323812
        2.6100079000         2.4000000000         1.3429439823         3.9476062355         0.2104323812
        2.6150073000         2.4000000000         1.3429439823         3.9450543580         0.2104323812
        2.6200058000         2.4000000000         1.3352870017         3.9425024806         0.0109704085
        2.6250069000         2.4000000000         1.3301823480         3.9348468482        -0.1220042400
        2.6300049000         2.4000000000         1.3327346748         3.9425024806        -0.0555169157
        2.6350066000         2.4000000000         1.3429439823         3.9399506031         0.2104323812
        2.6400043000         2.4000000000         1.3454963091         3.9476062355         0.2769197054
        2.6450059000         2.4000000000         1.3429439823         3.9425024806         0.2104323812
        2.6500076000         2.4000000000         1.3352870017         3.9399506031         0.0109704085
        2.6550067000         2.4000000000         1.3352870017         3.9425024806         0.0109704085
        2.6600064000         2.4000000000         1.3301823480         3.9348468482        -0.1220042400
        2.6650058000         2.4000000000         1.3352870017         3.9399506031         0.0109704085
        2.6700047000         2.4000000000         1.3429439823         3.9476062355         0.2104323812
        2.6750047000         2.4000000000         1.3429439823         3.9476062355         0.2104323812
        2.6800039000         2.4000000000         1.3352870017         3.9399506031         0.0109704085
        2.6850042000         2.4000000000         1.3301823480         3.9322949707        -0.1220042400
        2.6900047000         2.4000000000         1.3429439823         3.9450543580         0.2104323812
        2.6950067000         2.4000000000         1.3429439823         3.9450543580         0.2104323812
        2.7000052000         2.4000000000         1.3327346748         3.9348468482        -0.0555169157
        2.7050058000         2.4000000000         1.3352870017         3.9399506031         0.0109704085
        2.7100041000         2.4000000000         1.3378393285         3.9373987256         0.0774577327
        2.7150072000         2.4000000000         1.3429439823         3.9476062355         0.2104323812
        2.7200068000         2.4000000000         1.3403916554         3.9450543580         0.1439450570
        2.7250062000         2.4000000000         1.3352870017         3.9399506031         0.0109704085
        2.7300102000         2.4000000000         1.3403916554         3.9450543580         0.1439450570
        2.7350065000         2.4000000000         1.3352870017         3.9425024806         0.0109704085
        2.7400070000         2.4000000000         1.3352870017         3.9425024806         0.0109704085
        2.7450063000         2.4000000000         1.3352870017         3.9399506031         0.0109704085
        2.7500040000         2.4000000000         1.3352870017         3.9399506031         0.0109704085
        2.7550069000         2.4000000000         1.3429439823         3.9476062355         0.2104323812
        2.7600395000         2.4000000000         1.3301823480         3.9348468482        -0.1220042400
        2.7650054000         2.4000000000         1.3301823480         3.9348468482        -0.1220042400
        2.7700047000         2.4000000000         1.3352870017         3.9425024806         0.0109704085
        2.7750056000         2.4000000000         1.3327346748         3.9348468482        -0.0555169157
        2.7800061000         2.4000000000         1.3454963091         3.9450543580         0.2769197054
        2.7850049000         2.4000000000         1.3378393285         3.9425024806         0.0774577327
        2.7900049000         2.4000000000         1.3352870017         3.9425024806         0.0109704085
        2.7950041000         2.4000000000         1.3429439823         3.9450543580         0.2104323812
        2.8000017000         2.4000000000         1.3352870017         3.9399506031         0.0109704085
        2.8050013000         2.4000000000         1.3352870017         3.9425024806         0.0109704085
        2.8100057000         2.4000000000         1.3378393285         3.9425024806         0.0774577327
        2.8150050000         2.4000000000         1.3199730405         3.9476062355        -0.3879535369
        2.8200035000         2.4000000000         1.3429439823         3.9476062355         0.2104323812
        2.8250055000         2.4000000000         1.3429439823         3.9450543580         0.2104323812
        2.8300073000         2.4000000000         1.3327346748         3.9399506031        -0.0555169157
        2.8350043000         2.4000000000         1.3403916554         3.9476062355         0.1439450570
        2.8400022000         2.4000000000         1.3327346748         3.9322949707        -0.0555169157
        2.8450038000         2.4000000000         1.3352870017         3.9425024806         0.0109704085
        2.8500064000         2.4000000000         1.3276300211         3.9348468482        -0.1884915642
        2.8550053000         2.4000000000         1.3301823480         3.9373987256        -0.1220042400
        2.8600064000         2.4000000000         1.3301823480         3.9348468482        -0.1220042400
        2.8650065000         2.4000000000         1.3327346748         3.9348468482        -0.0555169157
        2.8700139000         2.4000000000         1.3352870017         3.9399506031         0.0109704085
        2.8750066000         2.4000000000         1.3378393285         3.9425024806         0.0774577327
        2.8800061000         2.4000000000         1.3097637331         3.9476062355        -0.6539028338
        2.8850041000         2.4000000000         1.3352870017         3.9399506031         0.0109704085
        2.8900071000         2.4000000000         1.3301823480         3.9322949707        -0.1220042400
        2.8950045000         2.4000000000         1.3429439823         3.9450543580         0.2104323812
        2.9000065000         2.4000000000         1.3352870017         3.9425024806         0.0109704085
        2.9050054000         2.4000000000         1.3378393285         3.9399506031         0.0774577327
        2.9100102000         2.4000000000         1.3327346748         3.9348468482        -0.0555169157
        2.9150050000         2.4000000000         1.3429439823         3.9476062355         0.2104323812
        2.9200086000         2.4000000000         1.3429439823         3.9450543580         0.2104323812
        2.9250056000         2.4000000000         1.3352870017         3.9348468482         0.0109704085
        2.9300070000         2.4000000000         1.3352870017         3.9399506031         0.0109704085
        2.9350066000         2.4000000000         1.3403916554         3.9476062355         0.1439450570
        2.9400060000         2.4000000000         1.3403916554         3.9450543580         0.1439450570
        2.9450051000         2.4000000000         1.3352870017         3.9425024806         0.0109704085
        2.9500066000         2.4000000000         1.3327346748         3.9348468482        -0.0555169157
        2.9550058000         2.4000000000         1.3250776943         3.9348468482        -0.2549788884
        2.9600071000         2.4000000000         1.3276300211         3.9348468482        -0.1884915642
        2.9650176000         2.4000000000         1.3301823480         3.9399506031        -0.1220042400
        2.9700077000         2.4000000000         1.3378393285         3.9425024806         0.0774577327
        2.9750042000         2.4000000000         1.3301823480         3.9348468482        -0.1220042400
        2.9800065000         2.4000000000         1.3403916554         3.9450543580         0.1439450570
        2.9850058000         2.4000000000         1.3429439823         3.9476062355         0.2104323812
        2.9900065000         2.4000000000         1.3301823480         3.9348468482        -0.1220042400
        2.9950041000         2.4000000000         1.3352870017         3.9399506031         0.0109704085
        3.0000047000         2.4000000000         1.3429439823         3.9450543580         0.2104323812
        3.0050032000         2.4000000000         1.3429439823         3.9476062355         0.2104323812
        3.0100102000         2.4000000000         1.3276300211         3.9373987256        -0.1884915642
        3.0150140000         2.4000000000         1.3301823480         3.9348468482        -0.1220042400
        3.0200069000         2.4000000000         1.3352870017         3.9425024806         0.0109704085
        3.0250936000         2.4000000000         1.3327346748         3.9348468482        -0.0555169157
        3.0300054000         2.4000000000         1.3301823480         3.9348468482        -0.1220042400
        3.0350045000         2.4000000000         1.3352870017         3.9373987256         0.0109704085
        3.0400082000         2.4000000000         1.3123160600         3.9399506031        -0.5874155095
        3.0450071000         2.4000000000         1.3276300211         3.9348468482        -0.1884915642
        3.0500063000         2.4000000000         1.3327346748         3.9399506031        -0.0555169157
        3.0550058000         2.4000000000         1.3429439823         3.9450543580         0.2104323812
        3.0600031000         2.4000000000         1.3429439823         3.9450543580         0.2104323812
        3.0650046000         2.4000000000         1.3429439823         3.9476062355         0.2104323812
        3.0700048000         2.4000000000         1.3378393285         3.9399506031         0.0774577327
        3.0750026000         2.4000000000         1.3327346748         3.9322949707        -0.0555169157
        3.0800023000         2.4000000000         1.3301823480         3.9322949707        -0.1220042400
        3.0850013000         2.4000000000         1.3429439823         3.9450543580         0.2104323812
        3.0900065000         2.4000000000         1.3276300211         3.9348468482        -0.1884915642
        3.0950035000         2.4000000000         1.3429439823         3.9476062355         0.2104323812
        3.1000025000         2.4000000000         1.3429439823         3.9476062355         0.2104323812
        3.1050018000         2.4000000000         1.3327346748         3.9425024806        -0.0555169157
        3.1100015000         2.4000000000         1.3352870017         3.9399506031         0.0109704085
        3.1150017000         2.4000000000         1.3327346748         3.9348468482        -0.0555169157
        3.1200048000         2.4000000000         1.3403916554         3.9476062355         0.1439450570
        3.1250032000         2.4000000000         1.3352870017         3.9348468482         0.0109704085
        3.1300048000         2.4000000000         1.3378393285         3.9399506031         0.0774577327
        3.1350023000         2.4000000000         1.3352870017         3.9425024806         0.0109704085
        3.1400049000         2.4000000000         1.3301823480         3.9348468482        -0.1220042400
        3.1450032000         2.4000000000         1.3352870017         3.9399506031         0.0109704085
        3.1500030000         2.4000000000         1.3429439823         3.9476062355         0.2104323812
        3.1550088000         2.4000000000         1.3378393285         3.9399506031         0.0774577327
        3.1600059000         2.4000000000         1.3301823480         3.9322949707        -0.1220042400
        3.1650072000         2.4000000000         1.3454963091         3.9476062355         0.2769197054
        3.1700068000         2.4000000000         1.3352870017         3.9399506031         0.0109704085
        3.1750148000         2.4000000000         1.3378393285         3.9399506031         0.0774577327
        3.1800045000         2.4000000000         1.3301823480         3.9348468482        -0.1220042400
        3.1850146000         2.4000000000         1.3327346748         3.9399506031        -0.0555169157
        3.1900057000         2.4000000000         1.3327346748         3.9373987256        -0.0555169157
        3.1950088000         2.4000000000         1.3276300211         3.9373987256        -0.1884915642
        3.2000071000         2.4000000000         1.3301823480         3.9348468482        -0.1220042400
        3.2050063000         2.4000000000         1.3378393285         3.9399506031         0.0774577327
        3.2100035000         2.4000000000         1.3327346748         3.9348468482        -0.0555169157
        3.2150048000         2.4000000000         1.3403916554         3.9501581129         0.1439450570
        3.2200029000         2.4000000000         1.3378393285         3.9399506031         0.0774577327
        3.2250050000         2.4000000000         1.3378393285         3.9399506031         0.0774577327
        3.2300051000         2.4000000000         1.3352870017         3.9399506031         0.0109704085
        3.2350046000         2.4000000000         1.3327346748         3.9425024806        -0.0555169157
        3.2400047000         2.4000000000         1.3327346748         3.9348468482        -0.0555169157
        3.2450057000         2.4000000000         1.3454963091         3.9399506031         0.2769197054
        3.2500038000         2.4000000000         1.3378393285         3.9373987256         0.0774577327
        3.2550065000         2.4000000000         1.3327346748         3.9348468482        -0.0555169157
        3.2600041000         2.4000000000         1.3429439823         3.9450543580         0.2104323812
        3.2650059000         2.4000000000         1.3429439823         3.9450543580         0.2104323812
        3.2700057000         2.4000000000         1.3352870017         3.9425024806         0.0109704085
        3.2750064000         2.4000000000         1.3327346748         3.9348468482        -0.0555169157
        3.2800062000         2.4000000000         1.3429439823         3.9476062355         0.2104323812
        3.2850047000         2.4000000000         1.3352870017         3.9425024806         0.0109704085
        3.2900062000         2.4000000000         1.3378393285         3.9399506031         0.0774577327
        3.2950049000         2.4000000000         1.3403916554         3.9501581129         0.1439450570
        3.3000060000         2.4000000000         1.3352870017         3.9399506031         0.0109704085
        3.3050059000         2.4000000000         1.3352870017         3.9450543580         0.0109704085
        3.3100064000         2.4000000000         1.3327346748         3.9348468482        -0.0555169157
        3.3150065000         2.4000000000         1.3301823480         3.9373987256        -0.1220042400
        3.3200060000         2.4000000000         1.3378393285         3.9399506031         0.0774577327
        3.3250066000         2.4000000000         1.3352870017         3.9425024806         0.0109704085
        3.3300058000         2.4000000000         1.3429439823         3.9476062355         0.2104323812
        3.3350330000         2.4000000000         1.3327346748         3.9322949707        -0.0555169157
        3.3400065000         2.4000000000         1.3429439823         3.9450543580         0.2104323812
        3.3450123000         2.4000000000         1.3352870017         3.9373987256         0.0109704085
        3.3500080000         2.4000000000         1.3352870017         3.9399506031         0.0109704085
        3.3550064000         2.4000000000         1.3352870017         3.9425024806         0.0109704085
        3.3600088000         2.4000000000         1.3352870017         3.9399506031         0.0109704085
        3.3650046000         2.4000000000         1.3301823480         3.9348468482        -0.1220042400
        3.3700090000         2.4000000000         1.3301823480         3.9348468482        -0.1220042400
        3.3750073000         2.4000000000         1.3301823480         3.9348468482        -0.1220042400
        3.3800072000         2.4000000000         1.3378393285         3.9425024806         0.0774577327
        3.3850067000         2.4000000000         1.3429439823         3.9373987256         0.2104323812
        3.3900076000         2.4000000000         1.3429439823         3.9450543580         0.2104323812
        3.3950047000         2.4000000000         1.3429439823         3.9501581129         0.2104323812
        3.4000068000         2.4000000000         1.3429439823         3.9501581129         0.2104323812
        3.4050069000         2.4000000000         1.3429439823         3.9450543580         0.2104323812
        3.4100069000         2.4000000000         1.3352870017         3.9399506031         0.0109704085
        3.4150054000         2.4000000000         1.3378393285         3.9373987256         0.0774577327
        3.4200063000         2.4000000000         1.3301823480         3.9348468482        -0.1220042400
        3.4250032000         2.4000000000         1.3378393285         3.9399506031         0.0774577327
        3.4300063000         2.4000000000         1.3327346748         3.9399506031        -0.0555169157
        3.4350045000         2.4000000000         1.3378393285         3.9373987256         0.0774577327
        3.4400064000         2.4000000000         1.3378393285         3.9399506031         0.0774577327
        3.4450057000         2.4000000000         1.3429439823         3.9476062355         0.2104323812
        3.4500118000         2.4000000000         1.3403916554         3.9501581129         0.1439450570
        3.4550062000         2.4000000000         1.3352870017         3.9425024806         0.0109704085
        3.4600121000         2.4000000000         1.3301823480         3.9348468482        -0.1220042400
        3.4650093000         2.4000000000         1.3378393285         3.9399506031         0.0774577327
        3.4700057000         2.4000000000         1.3352870017         3.9373987256         0.0109704085
        3.4750051000         2.4000000000         1.3352870017         3.9425024806         0.0109704085
        3.4800055000         2.4000000000         1.3429439823         3.9476062355         0.2104323812
        3.4850037000         2.4000000000         1.3123160600         3.9399506031        -0.5874155095
        3.4900098000         2.4000000000         1.3403916554         3.9476062355         0.1439450570
        3.4950097000         2.4000000000         1.3378393285         3.9476062355         0.0774577327
        3.5000054000         2.4000000000         1.3301823480         3.9348468482        -0.1220042400
        3.5050040000         2.4000000000         1.3301823480         3.9348468482        -0.1220042400
        3.5100113000         2.4000000000         1.3352870017         3.9425024806         0.0109704085
        3.5150050000         2.4000000000         1.3352870017         3.9399506031         0.0109704085
        3.5200042000         2.4000000000         1.3378393285         3.9425024806         0.0774577327
        3.5250063000         2.4000000000         1.3352870017         3.9425024806         0.0109704085
        3.5300060000         2.4000000000         1.3378393285         3.9425024806         0.0774577327
        3.5350075000         2.4000000000         1.3352870017         3.9399506031         0.0109704085
        3.5400054000         2.4000000000         1.3429439823         3.9450543580         0.2104323812
        3.5450077000         2.4000000000         1.3352870017         3.9373987256         0.0109704085
        3.5500075000         2.4000000000         1.3378393285         3.9425024806         0.0774577327
        3.5550070000         2.4000000000         1.3327346748         3.9322949707        -0.0555169157
        3.5600071000         2.4000000000         1.3429439823         3.9476062355         0.2104323812
        3.5650050000         2.4000000000         1.3352870017         3.9348468482         0.0109704085
        3.5700038000         2.4000000000         1.3352870017         3.9425024806         0.0109704085
        3.5750128000         2.4000000000         1.3429439823         3.9450543580         0.2104323812
        3.5800069000         2.4000000000         1.3352870017         3.9425024806         0.0109704085
        3.5850068000         2.4000000000         1.3352870017         3.9425024806         0.0109704085
        3.5900091000         2.4000000000         1.3378393285         3.9399506031         0.0774577327
        3.5950115000         2.4000000000         1.3352870017         3.9399506031         0.0109704085
        3.6000046000         2.4000000000         1.3378393285         3.9399506031         0.0774577327
        3.6050066000         2.4000000000         1.3327346748         3.9399506031        -0.0555169157
        3.6100086000         2.4000000000         1.3352870017         3.9399506031         0.0109704085
        3.6150071000         2.4000000000         1.3352870017         3.9373987256         0.0109704085
        3.6200034000         2.4000000000         1.3403916554         3.9476062355         0.1439450570
        3.6250047000         2.4000000000         1.3403916554         3.9399506031         0.1439450570
        3.6300054000         2.4000000000         1.3123160600         3.9399506031        -0.5874155095
        3.6350056000         2.4000000000         1.3378393285         3.9399506031         0.0774577327
        3.6400074000         2.4000000000         1.3454963091         3.9476062355         0.2769197054
        3.6450070000         2.4000000000         1.3378393285         3.9399506031         0.0774577327
        3.6500109000         2.4000000000         1.3378393285         3.9373987256         0.0774577327
        3.6550149000         2.4000000000         1.3352870017         3.9425024806         0.0109704085
        3.6600042000         2.4000000000         1.3352870017         3.9425024806         0.0109704085
        3.6650063000         2.4000000000         1.3352870017         3.9425024806         0.0109704085
        3.6700035000         2.4000000000         1.3378393285         3.9399506031         0.0774577327
        3.6750066000         2.4000000000         1.3327346748         3.9348468482        -0.0555169157
        3.6800064000         2.4000000000         1.3378393285         3.9348468482         0.0774577327
        3.6850062000         2.4000000000         1.3429439823         3.9501581129         0.2104323812
        3.6900069000         2.4000000000         1.3352870017         3.9399506031         0.0109704085
        3.6950133000         2.4000000000         1.3352870017         3.9399506031         0.0109704085
        3.7000085000         2.4000000000         1.3352870017         3.9399506031         0.0109704085
        3.7050142000         2.4000000000         1.3352870017         3.9425024806         0.0109704085
        3.7100104000         2.4000000000         1.3301823480         3.9348468482        -0.1220042400
        3.7150084000         2.4000000000         1.3352870017         3.9399506031         0.0109704085
        3.7200066000         2.4000000000         1.3352870017         3.9425024806         0.0109704085
        3.7250062000         2.4000000000         1.3352870017         3.9425024806         0.0109704085
        3.7300042000         2.4000000000         1.3429439823         3.9450543580         0.2104323812
        3.7350091000         2.4000000000         1.3352870017         3.9399506031         0.0109704085
        3.7400530000         2.4000000000         1.3429439823         3.9501581129         0.2104323812
        3.7450059000         2.4000000000         1.3301823480         3.9348468482        -0.1220042400
        3.7500072000         2.4000000000         1.3378393285         3.9373987256         0.0774577327
        3.7550050000         2.4000000000         1.3403916554         3.9425024806         0.1439450570
        3.7600048000         2.4000000000         1.3378393285         3.9425024806         0.0774577327
        3.7650036000         2.4000000000         1.3352870017         3.9399506031         0.0109704085
        3.7700047000         2.4000000000         1.3327346748         3.9322949707        -0.0555169157
        3.7750045000         2.4000000000         1.3378393285         3.9425024806         0.0774577327
        3.7800048000         2.4000000000         1.3352870017         3.9425024806         0.0109704085
        3.7850051000         2.4000000000         1.3352870017         3.9373987256         0.0109704085
        3.7900047000         2.4000000000         1.3327346748         3.9425024806        -0.0555169157
        3.7950047000         2.4000000000         1.3352870017         3.9399506031         0.0109704085
        3.8000053000         2.4000000000         1.3327346748         3.9425024806        -0.0555169157
        3.8050048000         2.4000000000         1.3378393285         3.9399506031         0.0774577327
        3.8100053000         2.4000000000         1.3403916554         3.9501581129         0.1439450570
        3.8150042000         2.4000000000         1.3301823480         3.9373987256        -0.1220042400
        3.8200021000         2.4000000000         1.3403916554         3.9450543580         0.1439450570
        3.8250051000         2.4000000000         1.3301823480         3.9348468482        -0.1220042400
        3.8300039000         2.4000000000         1.3378393285         3.9399506031         0.0774577327
        3.8350026000         2.4000000000         1.3378393285         3.9399506031         0.0774577327
        3.8400019000         2.4000000000         1.3352870017         3.9399506031         0.0109704085
        3.8450020000         2.4000000000         1.3352870017         3.9399506031         0.0109704085
        3.8500014000         2.4000000000         1.3429439823         3.9476062355         0.2104323812
        3.8550041000         2.4000000000         1.3378393285         3.9348468482         0.0774577327
        3.8600023000         2.4000000000         1.3429439823         3.9450543580         0.2104323812
        3.8650025000         2.4000000000         1.3429439823         3.9450543580         0.2104323812
        3.8700019000         2.4000000000         1.3429439823         3.9373987256         0.2104323812
        3.8750018000         2.4000000000         1.3378393285         3.9373987256         0.0774577327
        3.8800041000         2.4000000000         1.3352870017         3.9399506031         0.0109704085
        3.8850056000         2.4000000000         1.3378393285         3.9399506031         0.0774577327
        3.8900024000         2.4000000000         1.3301823480         3.9348468482        -0.1220042400
        3.8950020000         2.4000000000         1.3352870017         3.9399506031         0.0109704085
        3.9000025000         2.4000000000         1.3352870017         3.9399506031         0.0109704085
        3.9050020000         2.4000000000         1.3327346748         3.9425024806        -0.0555169157
        3.9100024000         2.4000000000         1.3378393285         3.9399506031         0.0774577327
        3.9150046000         2.4000000000         1.3250776943         3.9373987256        -0.2549788884
        3.9200020000         2.4000000000         1.3352870017         3.9425024806         0.0109704085
        3.9250037000         2.4000000000         1.3352870017         3.9348468482         0.0109704085
        3.9300049000         2.4000000000         1.3352870017         3.9399506031         0.0109704085
        3.9350030000         2.4000000000         1.3429439823         3.9450543580         0.2104323812
        3.9400021000         2.4000000000         1.3250776943         3.9399506031        -0.2549788884
        3.9450041000         2.4000000000         1.3352870017         3.9399506031         0.0109704085
        3.9500048000         2.4000000000         1.3276300211         3.9348468482        -0.1884915642
        3.9550031000         2.4000000000         1.3301823480         3.9348468482        -0.1220042400
        3.9600035000         2.4000000000         1.3378393285         3.9399506031         0.0774577327
        3.9650017000         2.4000000000         1.3429439823         3.9450543580         0.2104323812
        3.9700058000         2.4000000000         1.3378393285         3.9399506031         0.0774577327
        3.9750028000         2.4000000000         1.3352870017         3.9399506031         0.0109704085
        3.9800021000         2.4000000000         1.3276300211         3.9373987256        -0.1884915642
        3.9850014000         2.4000000000         1.3352870017         3.9399506031         0.0109704085
        3.9900029000         2.4000000000         1.3352870017         3.9425024806         0.0109704085
        3.9950072000         2.4000000000         1.3378393285         3.9399506031         0.0774577327
        4.0000050000         2.4000000000         1.3352870017         3.9425024806         0.0109704085
        4.0050115000         2.4000000000         1.3454963091         3.9450543580         0.2769197054
        4.0100067000         2.4000000000         1.3276300211         3.9348468482        -0.1884915642
        4.0150054000         2.4000000000         1.3352870017         3.9425024806         0.0109704085
        4.0200103000         2.4000000000         1.3429439823         3.9450543580         0.2104323812
        4.0250139000         2.4000000000         1.3352870017         3.9399506031         0.0109704085
        4.0300074000         2.4000000000         1.3378393285         3.9501581129         0.0774577327
        4.0350039000         2.4000000000         1.3327346748         3.9348468482        -0.0555169157
        4.0400042000         2.4000000000         1.3301823480         3.9373987256        -0.1220042400
        4.0450049000         2.4000000000         1.3352870017         3.9399506031         0.0109704085
        4.0500041000         2.4000000000         1.3378393285         3.9399506031         0.0774577327
        4.0550052000         2.4000000000         1.3352870017         3.9399506031         0.0109704085
        4.0600061000         2.4000000000         1.3352870017         3.9399506031         0.0109704085
        4.0650068000         2.4000000000         1.3429439823         3.9450543580         0.2104323812
        4.0700054000         2.4000000000         1.3352870017         3.9425024806         0.0109704085
        4.0750065000         2.4000000000         1.3327346748         3.9322949707        -0.0555169157
        4.0800048000         2.4000000000         1.3454963091         3.9450543580         0.2769197054
        4.0850061000         2.4000000000         1.3352870017         3.9399506031         0.0109704085
        4.0900048000         2.4000000000         1.3352870017         3.9399506031         0.0109704085
        4.0950048000         2.4000000000         1.3097637331         3.9501581129        -0.6539028338
        4.1000033000         2.4000000000         1.3352870017         3.9399506031         0.0109704085
        4.1050052000         2.4000000000         1.3352870017         3.9399506031         0.0109704085
        4.1100029000         2.4000000000         1.3429439823         3.9450543580         0.2104323812
        4.1150052000         2.4000000000         1.3327346748         3.9399506031        -0.0555169157
        4.1200035000         2.4000000000         1.3403916554         3.9501581129         0.1439450570
        4.1250047000         2.4000000000         1.3276300211         3.9348468482        -0.1884915642
        4.1300534000         2.4000000000         1.3378393285         3.9425024806         0.0774577327
        4.1350049000         2.4000000000         1.3378393285         3.9399506031         0.0774577327
        4.1400036000         2.4000000000         1.3301823480         3.9348468482        -0.1220042400
        4.1450115000         2.4000000000         1.3301823480         3.9373987256        -0.1220042400
        4.1500134000         2.4000000000         1.3327346748         3.9425024806        -0.0555169157
        4.1550091000         2.4000000000         1.3352870017         3.9373987256         0.0109704085
        4.1600140000         2.4000000000         1.3429439823         3.9450543580         0.2104323812
        4.1650059000         2.4000000000         1.3378393285         3.9399506031         0.0774577327
        4.1700142000         2.4000000000         1.3352870017         3.9425024806         0.0109704085
        4.1750074000         2.4000000000         1.3301823480         3.9348468482        -0.1220042400
        4.1800059000         2.4000000000         1.3403916554         3.9476062355         0.1439450570
        4.1850066000         2.4000000000         1.3454963091         3.9450543580         0.2769197054
        4.1900113000         2.4000000000         1.3378393285         3.9399506031         0.0774577327
        4.1950077000         2.4000000000         1.3429439823         3.9450543580         0.2104323812
        4.2000061000         2.4000000000         1.3352870017         3.9425024806         0.0109704085
        4.2050049000         2.4000000000         1.3352870017         3.9399506031         0.0109704085
        4.2100135000         2.4000000000         1.3327346748         3.9322949707        -0.0555169157
        4.2150073000         2.4000000000         1.3378393285         3.9399506031         0.0774577327
        4.2200066000         2.4000000000         1.3429439823         3.9476062355         0.2104323812
        4.2250056000         2.4000000000         1.3378393285         3.9399506031         0.0774577327
        4.2300067000         2.4000000000         1.3378393285         3.9399506031         0.0774577327
        4.2350045000         2.4000000000         1.3352870017         3.9399506031         0.0109704085
        4.2400097000         2.4000000000         1.3429439823         3.9476062355         0.2104323812
        4.2450104000         2.4000000000         1.3327346748         3.9476062355        -0.0555169157
        4.2500142000         2.4000000000         1.3429439823         3.9476062355         0.2104323812
        4.2550080000         2.4000000000         1.3352870017         3.9373987256         0.0109704085
        4.2600063000         2.4000000000         1.3327346748         3.9373987256        -0.0555169157
        4.2650054000         2.4000000000         1.3403916554         3.9476062355         0.1439450570
        4.2700137000         2.4000000000         1.3352870017         3.9425024806         0.0109704085
        4.2750099000         2.4000000000         1.3352870017         3.9399506031         0.0109704085
        4.2800120000         2.4000000000         1.3378393285         3.9348468482         0.0774577327
        4.2850033000         2.4000000000         1.3403916554         3.9476062355         0.1439450570
        4.2900061000         2.4000000000         1.3429439823         3.9476062355         0.2104323812
        4.2950080000         2.4000000000         1.3403916554         3.9450543580         0.1439450570
        4.3000079000         2.4000000000         1.3403916554         3.9476062355         0.1439450570
        4.3050037000         2.4000000000         1.3327346748         3.9373987256        -0.0555169157
        4.3100048000         2.4000000000         1.3454963091         3.9373987256         0.2769197054
        4.3150039000         2.4000000000         1.3429439823         3.9399506031         0.2104323812
        4.3200058000         2.4000000000         1.3301823480         3.9373987256        -0.1220042400
        4.3250063000         2.4000000000         1.3301823480         3.9297430933        -0.1220042400
        4.3300083000         2.4000000000         1.3327346748         3.9348468482        -0.0555169157
        4.3350096000         2.4000000000         1.3276300211         3.9348468482        -0.1884915642
        4.3400059000         2.4000000000         1.3327346748         3.9399506031        -0.0555169157
        4.3450073000         2.4000000000         1.3403916554         3.9373987256         0.1439450570
        4.3500064000         2.4000000000         1.3378393285         3.9399506031         0.0774577327
        4.3550063000         2.4000000000         1.3429439823         3.9501581129         0.2104323812
        4.3600113000         2.4000000000         1.3429439823         3.9450543580         0.2104323812
        4.3650079000         2.4000000000         1.3378393285         3.9399506031         0.0774577327
        4.3700067000         2.4000000000         1.3276300211         3.9373987256        -0.1884915642
        4.3750060000         2.4000000000         1.3352870017         3.9425024806         0.0109704085
        4.3800050000         2.4000000000         1.3403916554         3.9450543580         0.1439450570
        4.3850272000         2.4000000000         1.3301823480         3.9348468482        -0.1220042400
        4.3900229000         2.4000000000         1.3301823480         3.9348468482        -0.1220042400
        4.3950060000         2.4000000000         1.3352870017         3.9425024806         0.0109704085
        4.4000047000         2.4000000000         1.3352870017         3.9425024806         0.0109704085
        4.4050047000         2.4000000000         1.3378393285         3.9373987256         0.0774577327
        4.4100047000         2.4000000000         1.3352870017         3.9399506031         0.0109704085
        4.4150048000         2.4000000000         1.3352870017         3.9399506031         0.0109704085
        4.4200025000         2.4000000000         1.3352870017         3.9425024806         0.0109704085
        4.4250019000         2.4000000000         1.3429439823         3.9476062355         0.2104323812
        4.4300016000         2.4000000000         1.3352870017         3.9399506031         0.0109704085
        4.4350011000         2.4000000000         1.3352870017         3.9399506031         0.0109704085
        4.4400042000         2.4000000000         1.3403916554         3.9450543580         0.1439450570
        4.4450048000         2.4000000000         1.3352870017         3.9425024806         0.0109704085
        4.4500068000         2.4000000000         1.3301823480         3.9348468482        -0.1220042400
        4.4550031000         2.4000000000         1.3378393285         3.9399506031         0.0774577327
        4.4600025000         2.4000000000         1.3352870017         3.9399506031         0.0109704085
        4.4650017000         2.4000000000         1.3403916554         3.9450543580         0.1439450570
        4.4700021000         2.4000000000         1.3403916554         3.9476062355         0.1439450570
        4.4750025000         2.4000000000         1.3378393285         3.9399506031         0.0774577327
        4.4800041000         2.4000000000         1.3403916554         3.9476062355         0.1439450570
        4.4850023000         2.4000000000         1.3352870017         3.9399506031         0.0109704085
        4.4900016000         2.4000000000         1.3301823480         3.9348468482        -0.1220042400
        4.4950011000         2.4000000000         1.3378393285         3.9373987256         0.0774577327
        4.5000028000         2.4000000000         1.3301823480         3.9348468482        -0.1220042400
        4.5050017000         2.4000000000         1.3378393285         3.9399506031         0.0774577327
        4.5100057000         2.4000000000         1.3301823480         3.9348468482        -0.1220042400
        4.5150031000         2.4000000000         1.3429439823         3.9450543580         0.2104323812
        4.5200039000         2.4000000000         1.3429439823         3.9476062355         0.2104323812
        4.5250051000         2.4000000000         1.3429439823         3.9476062355         0.2104323812
        4.5300036000         2.4000000000         1.3301823480         3.9348468482        -0.1220042400
        4.5350058000         2.4000000000         1.3301823480         3.9348468482        -0.1220042400
        4.5400063000         2.4000000000         1.3301823480         3.9322949707        -0.1220042400
        4.5450036000         2.4000000000         1.3352870017         3.9399506031         0.0109704085
        4.5500016000         2.4000000000         1.3403916554         3.9476062355         0.1439450570
        4.5550065000         2.4000000000         1.3352870017         3.9399506031         0.0109704085
        4.5600049000         2.4000000000         1.3429439823         3.9476062355         0.2104323812
        4.5650028000         2.4000000000         1.3327346748         3.9425024806        -0.0555169157
        4.5700022000         2.4000000000         1.3378393285         3.9425024806         0.0774577327
        4.5750079000         2.4000000000         1.3403916554         3.9501581129         0.1439450570
        4.5800030000         2.4000000000         1.3327346748         3.9348468482        -0.0555169157
        4.5850023000         2.4000000000         1.3327346748         3.9348468482        -0.0555169157
        4.5900014000         2.4000000000         1.3352870017         3.9399506031         0.0109704085
        4.5950027000         2.4000000000         1.3352870017         3.9425024806         0.0109704085
        4.6000016000         2.4000000000         1.3429439823         3.9450543580         0.2104323812
        4.6050045000         2.4000000000         1.3403916554         3.9399506031         0.1439450570
        4.6100043000         2.4000000000         1.3429439823         3.9450543580         0.2104323812
        4.6150032000         2.4000000000         1.3403916554         3.9476062355         0.1439450570
        4.6200023000         2.4000000000         1.3378393285         3.9399506031         0.0774577327
        4.6250026000         2.4000000000         1.3378393285         3.9399506031         0.0774577327
        4.6300022000         2.4000000000         1.3352870017         3.9425024806         0.0109704085
        4.6350051000         2.4000000000         1.3021067526         3.9399506031        -0.8533648064
        4.6400035000         2.4000000000         1.3403916554         3.9501581129         0.1439450570
        4.6450012000         2.4000000000         1.3429439823         3.9450543580         0.2104323812
        4.6500033000         2.4000000000         1.3301823480         3.9348468482        -0.1220042400
        4.6550069000         2.4000000000         1.3378393285         3.9399506031         0.0774577327
        4.6600080000         2.4000000000         1.3429439823         3.9476062355         0.2104323812
        4.6650067000         2.4000000000         1.3352870017         3.9399506031         0.0109704085
        4.6700123000         2.4000000000         1.3301823480         3.9348468482        -0.1220042400
        4.6750053000         2.4000000000         1.3378393285         3.9399506031         0.0774577327
        4.6800160000         2.4000000000         1.3352870017         3.9425024806         0.0109704085
        4.6850053000         2.4000000000         1.3327346748         3.9425024806        -0.0555169157
        4.6900065000         2.4000000000         1.3378393285         3.9399506031         0.0774577327
        4.6950050000         2.4000000000         1.3403916554         3.9476062355         0.1439450570
        4.7000067000         2.4000000000         1.3276300211         3.9373987256        -0.1884915642
        4.7050091000         2.4000000000         1.3327346748         3.9348468482        -0.0555169157
        4.7100056000         2.4000000000         1.3378393285         3.9399506031         0.0774577327
        4.7150056000         2.4000000000         1.3276300211         3.9348468482        -0.1884915642
        4.7200116000         2.4000000000         1.3429439823         3.9476062355         0.2104323812
        4.7250086000         2.4000000000         1.3301823480         3.9348468482        -0.1220042400
        4.7300081000         2.4000000000         1.3327346748         3.9348468482        -0.0555169157
        4.7350050000         2.4000000000         1.3352870017         3.9399506031         0.0109704085
        4.7400070000         2.4000000000         1.3301823480         3.9348468482        -0.1220042400
        4.7450072000         2.4000000000         1.3301823480         3.9348468482        -0.1220042400
        4.7500068000         2.4000000000         1.3378393285         3.9399506031         0.0774577327
        4.7550052000         2.4000000000         1.3352870017         3.9399506031         0.0109704085
        4.7600061000         2.4000000000         1.3352870017         3.9399506031         0.0109704085
        4.7650603000         2.4000000000         1.3327346748         3.9348468482        -0.0555169157
        4.7700066000         2.4000000000         1.3276300211         3.9348468482        -0.1884915642
        4.7750056000         2.4000000000         1.3454963091         3.9476062355         0.2769197054
        4.7800063000         2.4000000000         1.3301823480         3.9425024806        -0.1220042400
        4.7850814000         2.4000000000         1.3352870017         3.9399506031         0.0109704085
        4.7900061000         2.4000000000         1.3352870017         3.9399506031         0.0109704085
        4.7950075000         2.4000000000         1.3301823480         3.9348468482        -0.1220042400
        4.8000060000         2.4000000000         1.3378393285         3.9399506031         0.0774577327
        4.8050056000         2.4000000000         1.3301823480         3.9348468482        -0.1220042400
        4.8100053000         2.4000000000         1.3429439823         3.9450543580         0.2104323812
        4.8150049000         2.4000000000         1.3352870017         3.9399506031         0.0109704085
        4.8200043000         2.4000000000         1.3301823480         3.9348468482        -0.1220042400
        4.8250062000         2.4000000000         1.3276300211         3.9373987256        -0.1884915642
        4.8300069000         2.4000000000         1.3327346748         3.9348468482        -0.0555169157
        4.8350072000         2.4000000000         1.3301823480         3.9348468482        -0.1220042400
        4.8400062000         2.4000000000         1.3378393285         3.9399506031         0.0774577327
        4.8450059000         2.4000000000         1.3454963091         3.9450543580         0.2769197054
        4.8500040000         2.4000000000         1.3454963091         3.9476062355         0.2769197054
        4.8550051000         2.4000000000         1.3378393285         3.9348468482         0.0774577327
        4.8600030000         2.4000000000         1.3301823480         3.9348468482        -0.1220042400
        4.8650050000         2.4000000000         1.3301823480         3.9348468482        -0.1220042400
        4.8700038000         2.4000000000         1.3276300211         3.9322949707        -0.1884915642
        4.8750047000         2.4000000000         1.3378393285         3.9373987256         0.0774577327
        4.8800056000         2.4000000000         1.3276300211         3.9348468482        -0.1884915642
        4.8850038000         2.4000000000         1.3352870017         3.9425024806         0.0109704085
        4.8900040000         2.4000000000         1.3403916554         3.9450543580         0.1439450570
        4.8950016000         2.4000000000         1.3429439823         3.9450543580         0.2104323812
        4.9000034000         2.4000000000         1.3378393285         3.9425024806         0.0774577327
        4.9050047000         2.4000000000         1.3378393285         3.9399506031         0.0774577327
        4.9100024000         2.4000000000         1.3352870017         3.9399506031         0.0109704085
        4.9150020000         2.4000000000         1.3352870017         3.9425024806         0.0109704085
        4.9200036000         2.4000000000         1.3352870017         3.9399506031         0.0109704085
        4.9250042000         2.4000000000         1.3352870017         3.9399506031         0.0109704085
        4.9300034000         2.4000000000         1.3327346748         3.9322949707        -0.0555169157
        4.9350028000         2.4000000000         1.3301823480         3.9348468482        -0.1220042400
        4.9400046000         2.4000000000         1.3403916554         3.9476062355         0.1439450570
        4.9450035000         2.4000000000         1.3352870017         3.9373987256         0.0109704085
        4.9500023000         2.4000000000         1.3301823480         3.9322949707        -0.1220042400
        4.9550052000         2.4000000000         1.3378393285         3.9399506031         0.0774577327
        4.9600052000         2.4000000000         1.3429439823         3.9476062355         0.2104323812
        4.9650052000         2.4000000000         1.3403916554         3.9476062355         0.1439450570
        4.9700055000         2.4000000000         1.3454963091         3.9450543580         0.2769197054
        4.9750067000         2.4000000000         1.3352870017         3.9425024806         0.0109704085
        4.9800065000         2.4000000000         1.3378393285         3.9399506031         0.0774577327
        4.9850068000         2.4000000000         1.3352870017         3.9425024806         0.0109704085
        4.9900066000         2.4000000000         1.3403916554         3.9399506031         0.1439450570
        4.9950065000         2.4000000000         1.3429439823         3.9450543580         0.2104323812
        5.0000055000         2.4000000000         1.3301823480         3.9348468482        -0.1220042400
        5.0050048000         2.4000000000         1.3301823480         3.9348468482        -0.1220042400
        5.0100040000         2.4000000000         1.3352870017         3.9425024806         0.0109704085
        5.0150047000         2.4000000000         1.3352870017         3.9399506031         0.0109704085
        5.0200038000         2.4000000000         1.3352870017         3.9399506031         0.0109704085
        5.0250048000         2.4000000000         1.3352870017         3.9399506031         0.0109704085
        5.0300047000         2.4000000000         1.3352870017         3.9399506031         0.0109704085
        5.0350048000         2.4000000000         1.3352870017         3.9399506031         0.0109704085
        5.0400051000         2.4000000000         1.3429439823         3.9450543580         0.2104323812
        5.0450047000         2.4000000000         1.3429439823         3.9450543580         0.2104323812
        5.0500048000         2.4000000000         1.3429439823         3.9476062355         0.2104323812
        5.0550053000         2.4000000000         1.3403916554         3.9399506031         0.1439450570
        5.0600057000         2.4000000000         1.3429439823         3.9399506031         0.2104323812
        5.0650048000         2.4000000000         1.3454963091         3.9450543580         0.2769197054
        5.0700013000         2.4000000000         1.3378393285         3.9425024806         0.0774577327
        5.0750020000         2.4000000000         1.3429439823         3.9450543580         0.2104323812
        5.0800018000         2.4000000000         1.3454963091         3.9476062355         0.2769197054
        5.0850013000         2.4000000000         1.3301823480         3.9348468482        -0.1220042400
        5.0900011000         2.4000000000         1.3352870017         3.9399506031         0.0109704085
        5.0950058000         2.4000000000         1.3352870017         3.9399506031         0.0109704085
        5.1000048000         2.4000000000         1.3352870017         3.9425024806         0.0109704085
        5.1050055000         2.4000000000         1.3301823480         3.9348468482        -0.1220042400
        5.1100065000         2.4000000000         1.3301823480         3.9348468482        -0.1220042400
        5.1150047000         2.4000000000         1.3352870017         3.9373987256         0.0109704085
        5.1200019000         2.4000000000         1.3378393285         3.9399506031         0.0774577327
        5.1250071000         2.4000000000         1.3352870017         3.9399506031         0.0109704085
        5.1300040000         2.4000000000         1.3454963091         3.9450543580         0.2769197054
        5.1350044000         2.4000000000         1.3454963091         3.9476062355         0.2769197054
        5.1400067000         2.4000000000         1.3276300211         3.9450543580        -0.1884915642
        5.1450071000         2.4000000000         1.3352870017         3.9425024806         0.0109704085
        5.1500060000         2.4000000000         1.3352870017         3.9373987256         0.0109704085
        5.1550062000         2.4000000000         1.3429439823         3.9501581129         0.2104323812
        5.1600148000         2.4000000000         1.3378393285         3.9399506031         0.0774577327
        5.1650059000         2.4000000000         1.3429439823         3.9450543580         0.2104323812
        5.1700102000         2.4000000000         1.3429439823         3.9450543580         0.2104323812
        5.1750047000         2.4000000000         1.3429439823         3.9450543580         0.2104323812
        5.1800071000         2.4000000000         1.3352870017         3.9399506031         0.0109704085
        5.1850072000         2.4000000000         1.3352870017         3.9399506031         0.0109704085
        5.1900062000         2.4000000000         1.3301823480         3.9348468482        -0.1220042400
        5.1950044000         2.4000000000         1.3301823480         3.9322949707        -0.1220042400
        5.2000067000         2.4000000000         1.3378393285         3.9425024806         0.0774577327
        5.2050040000         2.4000000000         1.3403916554         3.9450543580         0.1439450570
        5.2100057000         2.4000000000         1.3352870017         3.9399506031         0.0109704085
        5.2150029000         2.4000000000         1.3352870017         3.9399506031         0.0109704085
        5.2200046000         2.4000000000         1.3352870017         3.9425024806         0.0109704085
        5.2250046000         2.4000000000         1.3378393285         3.9425024806         0.0774577327
        5.2300047000         2.4000000000         1.3352870017         3.9399506031         0.0109704085
        5.2350039000         2.4000000000         1.3352870017         3.9399506031         0.0109704085
        5.2400051000         2.4000000000         1.3327346748         3.9450543580        -0.0555169157
        5.2450049000         2.4000000000         1.3378393285         3.9373987256         0.0774577327
        5.2500047000         2.4000000000         1.3403916554         3.9450543580         0.1439450570
        5.2550032000         2.4000000000         1.3429439823         3.9501581129         0.2104323812
        5.2600047000         2.4000000000         1.3429439823         3.9450543580         0.2104323812
        5.2650031000         2.4000000000         1.3352870017         3.9373987256         0.0109704085
        5.2700021000         2.4000000000         1.3327346748         3.9322949707        -0.0555169157
        5.2750029000         2.4000000000         1.3378393285         3.9399506031         0.0774577327
        5.2800024000         2.4000000000         1.3327346748         3.9322949707        -0.0555169157
        5.2850039000         2.4000000000         1.3378393285         3.9373987256         0.0774577327
        5.2900022000         2.4000000000         1.3301823480         3.9348468482        -0.1220042400
        5.2950042000         2.4000000000         1.3301823480         3.9348468482        -0.1220042400
        5.3000049000         2.4000000000         1.3352870017         3.9399506031         0.0109704085
        5.3050020000         2.4000000000         1.3429439823         3.9501581129         0.2104323812
        5.3100026000         2.4000000000         1.3403916554         3.9450543580         0.1439450570
        5.3150030000         2.4000000000         1.3352870017         3.9399506031         0.0109704085
        5.3200060000         2.4000000000         1.3352870017         3.9399506031         0.0109704085
        5.3250026000         2.4000000000         1.3378393285         3.9373987256         0.0774577327
        5.3300020000         2.4000000000         1.3352870017         3.9425024806         0.0109704085
        5.3350047000         2.4000000000         1.3352870017         3.9373987256         0.0109704085
        5.3400049000         2.4000000000         1.3429439823         3.9450543580         0.2104323812
        5.3450423000         2.4000000000         1.3276300211         3.9297430933        -0.1884915642
        5.3500065000         2.4000000000         1.3454963091         3.9450543580         0.2769197054
        5.3550070000         2.4000000000         1.3352870017         3.9425024806         0.0109704085
        5.3600038000         2.4000000000         1.3378393285         3.9425024806         0.0774577327
        5.3650048000         2.4000000000         1.3301823480         3.9348468482        -0.1220042400
        5.3700118000         2.4000000000         1.3378393285         3.9399506031         0.0774577327
        5.3750088000         2.4000000000         1.3352870017         3.9425024806         0.0109704085
        5.3800060000         2.4000000000         1.3352870017         3.9399506031         0.0109704085
        5.3850048000         2.4000000000         1.3301823480         3.9373987256        -0.1220042400
        5.3900039000         2.4000000000         1.3327346748         3.9322949707        -0.0555169157
        5.3950049000         2.4000000000         1.3327346748         3.9348468482        -0.0555169157
        5.4000045000         2.4000000000         1.3429439823         3.9450543580         0.2104323812
        5.4050050000         2.4000000000         1.3352870017         3.9399506031         0.0109704085
        5.4100052000         2.4000000000         1.3403916554         3.9476062355         0.1439450570
        5.4150060000         2.4000000000         1.3352870017         3.9399506031         0.0109704085
        5.4200050000         2.4000000000         1.3378393285         3.9399506031         0.0774577327
        5.4250059000         2.4000000000         1.3403916554         3.9476062355         0.1439450570
        5.4300059000         2.4000000000         1.3352870017         3.9399506031         0.0109704085
        5.4350074000         2.4000000000         1.3352870017         3.9399506031         0.0109704085
        5.4400070000         2.4000000000         1.3352870017         3.9399506031         0.0109704085
        5.4450138000         2.4000000000         1.3352870017         3.9399506031         0.0109704085
        5.4500107000         2.4000000000         1.3352870017         3.9425024806         0.0109704085
        5.4550060000         2.4000000000         1.3301823480         3.9399506031        -0.1220042400
        5.4600041000         2.4000000000         1.3046590794         3.9373987256        -0.7868774822
        5.4650066000         2.4000000000         1.3352870017         3.9425024806         0.0109704085
        5.4700066000         2.4000000000         1.3327346748         3.9399506031        -0.0555169157
        5.4750059000         2.4000000000         1.3327346748         3.9348468482        -0.0555169157
        5.4800050000         2.4000000000         1.3301823480         3.9348468482        -0.1220042400
        5.4850050000         2.4000000000         1.3429439823         3.9450543580         0.2104323812
        5.4900189000         2.4000000000         1.3352870017         3.9425024806         0.0109704085
        5.4950092000         2.4000000000         1.3327346748         3.9348468482        -0.0555169157
        5.5000066000         2.4000000000         1.3352870017         3.9399506031         0.0109704085
        5.5050061000         2.4000000000         1.3352870017         3.9425024806         0.0109704085
        5.5100042000         2.4000000000         1.3403916554         3.9476062355         0.1439450570
        5.5150052000         2.4000000000         1.3429439823         3.9450543580         0.2104323812
        5.5200047000         2.4000000000         1.3403916554         3.9373987256         0.1439450570
        5.5250044000         2.4000000000         1.3454963091         3.9450543580         0.2769197054
        5.5300080000         2.4000000000         1.3301823480         3.9348468482        -0.1220042400
        5.5350046000         2.4000000000         1.3352870017         3.9373987256         0.0109704085
        5.5400047000         2.4000000000         1.3352870017         3.9373987256         0.0109704085
        5.5450047000         2.4000000000         1.3352870017         3.9373987256         0.0109704085
        5.5500047000         2.4000000000         1.3429439823         3.9450543580         0.2104323812
        5.5550033000         2.4000000000         1.3250776943         3.9501581129        -0.2549788884
        5.5600014000         2.4000000000         1.3352870017         3.9399506031         0.0109704085
        5.5650057000         2.4000000000         1.3352870017         3.9399506031         0.0109704085
        5.5700048000         2.4000000000         1.3429439823         3.9476062355         0.2104323812
        5.5750044000         2.4000000000         1.3352870017         3.9399506031         0.0109704085
        5.5800070000         2.4000000000         1.3301823480         3.9348468482        -0.1220042400
        5.5850039000         2.4000000000         1.3301823480         3.9373987256        -0.1220042400
        5.5900039000         2.4000000000         1.3276300211         3.9348468482        -0.1884915642
        5.5950019000         2.4000000000         1.3327346748         3.9399506031        -0.0555169157
        5.6000015000         2.4000000000         1.3352870017         3.9399506031         0.0109704085
        5.6050022000         2.4000000000         1.3327346748         3.9348468482        -0.0555169157
        5.6100025000         2.4000000000         1.3378393285         3.9399506031         0.0774577327
        5.6150024000         2.4000000000         1.3378393285         3.9425024806         0.0774577327
        5.6200068000         2.4000000000         1.3352870017         3.9399506031         0.0109704085
        5.6250015000         2.4000000000         1.3403916554         3.9450543580         0.1439450570
        5.6300012000         2.4000000000         1.3403916554         3.9450543580         0.1439450570
        5.6350011000         2.4000000000         1.3378393285         3.9425024806         0.0774577327
        5.6400061000         2.4000000000         1.3327346748         3.9348468482        -0.0555169157
        5.6450026000         2.4000000000         1.3352870017         3.9399506031         0.0109704085
        5.6500016000         2.4000000000         1.3403916554         3.9476062355         0.1439450570
        5.6550023000         2.4000000000         1.3429439823         3.9476062355         0.2104323812
        5.6600023000         2.4000000000         1.3403916554         3.9476062355         0.1439450570
        5.6650028000         2.4000000000         1.3327346748         3.9348468482        -0.0555169157
        5.6700017000         2.4000000000         1.3301823480         3.9348468482        -0.1220042400
        5.6750031000         2.4000000000         1.3276300211         3.9348468482        -0.1884915642
        5.6800028000         2.4000000000         1.3352870017         3.9399506031         0.0109704085
        5.6850025000         2.4000000000         1.3301823480         3.9348468482        -0.1220042400
        5.6900015000         2.4000000000         1.3378393285         3.9399506031         0.0774577327
        5.6950030000         2.4000000000         1.3378393285         3.9399506031         0.0774577327
        5.7000039000         2.4000000000         1.3403916554         3.9476062355         0.1439450570
        5.7050024000         2.4000000000         1.3429439823         3.9450543580         0.2104323812
        5.7100059000         2.4000000000         1.3301823480         3.9322949707        -0.1220042400
        5.7150022000         2.4000000000         1.3301823480         3.9322949707        -0.1220042400
        5.7200024000         2.4000000000         1.3352870017         3.9322949707         0.0109704085
        5.7250035000         2.4000000000         1.3378393285         3.9399506031         0.0774577327
        5.7300049000         2.4000000000         1.3378393285         3.9399506031         0.0774577327
        5.7350037000         2.4000000000         1.3352870017         3.9399506031         0.0109704085
        5.7400014000         2.4000000000         1.3352870017         3.9425024806         0.0109704085
        5.7450023000         2.4000000000         1.3352870017         3.9399506031         0.0109704085
        5.7500016000         2.4000000000         1.3378393285         3.9399506031         0.0774577327
        5.7550045000         2.4000000000         1.3301823480         3.9322949707        -0.1220042400
        5.7600022000         2.4000000000         1.3403916554         3.9399506031         0.1439450570
        5.7650034000         2.4000000000         1.3403916554         3.9399506031         0.1439450570
        5.7700023000         2.4000000000         1.3403916554         3.9399506031         0.1439450570
        5.7750020000         2.4000000000         1.3352870017         3.9425024806         0.0109704085
        5.7800013000         2.4000000000         1.3352870017         3.9399506031         0.0109704085
        5.7850021000         2.4000000000         1.3276300211         3.9348468482        -0.1884915642
        5.7900017000         2.4000000000         1.3327346748         3.9322949707        -0.0555169157
        5.7950129000         2.4000000000         1.3403916554         3.9450543580         0.1439450570
        5.8000019000         2.4000000000         1.3352870017         3.9425024806         0.0109704085
        5.8050033000         2.4000000000         1.3352870017         3.9399506031         0.0109704085
        5.8100020000         2.4000000000         1.3352870017         3.9399506031         0.0109704085
        5.8150020000         2.4000000000         1.3352870017         3.9399506031         0.0109704085
        5.8200054000         2.4000000000         1.3301823480         3.9373987256        -0.1220042400
        5.8250079000         2.4000000000         1.3301823480         3.9348468482        -0.1220042400
        5.8300051000         2.4000000000         1.3378393285         3.9373987256         0.0774577327
        5.8350099000         2.4000000000         1.3429439823         3.9476062355         0.2104323812
        5.8400090000         2.4000000000         1.3352870017         3.9373987256         0.0109704085
        5.8450149000         2.4000000000         1.3429439823         3.9450543580         0.2104323812
        5.8500114000         2.4000000000         1.3352870017         3.9399506031         0.0109704085
        5.8550120000         2.4000000000         1.3429439823         3.9450543580         0.2104323812
        5.8600043000         2.4000000000         1.3352870017         3.9425024806         0.0109704085
        5.8650074000         2.4000000000         1.3301823480         3.9348468482        -0.1220042400
        5.8700057000         2.4000000000         1.3352870017         3.9399506031         0.0109704085
        5.8750070000         2.4000000000         1.3352870017         3.9373987256         0.0109704085
        5.8800047000         2.4000000000         1.3378393285         3.9399506031         0.0774577327
        5.8850069000         2.4000000000         1.3352870017         3.9399506031         0.0109704085
        5.8900078000         2.4000000000         1.3378393285         3.9399506031         0.0774577327
        5.8950063000         2.4000000000         1.3327346748         3.9399506031        -0.0555169157
        5.9000056000         2.4000000000         1.3327346748         3.9297430933        -0.0555169157
        5.9050069000         2.4000000000         1.3352870017         3.9425024806         0.0109704085
        5.9100062000         2.4000000000         1.3327346748         3.9399506031        -0.0555169157
        5.9150149000         2.4000000000         1.3429439823         3.9450543580         0.2104323812
        5.9200071000         2.4000000000         1.3301823480         3.9348468482        -0.1220042400
        5.9250059000         2.4000000000         1.3352870017         3.9399506031         0.0109704085
        5.9300051000         2.4000000000         1.3352870017         3.9399506031         0.0109704085
        5.9350068000         2.4000000000         1.3429439823         3.9476062355         0.2104323812
        5.9400069000         2.4000000000         1.3429439823         3.9450543580         0.2104323812
        5.9450116000         2.4000000000         1.3327346748         3.9348468482        -0.0555169157
        5.9500093000         2.4000000000         1.3352870017         3.9425024806         0.0109704085
        5.9550061000         2.4000000000         1.3352870017         3.9425024806         0.0109704085
        5.9600078000         2.4000000000         1.3301823480         3.9373987256        -0.1220042400
        5.9650078000         2.4000000000         1.3352870017         3.9399506031         0.0109704085
        5.9700055000         2.4000000000         1.3327346748         3.9348468482        -0.0555169157
        5.9750121000         2.4000000000         1.3327346748         3.9348468482        -0.0555169157
        5.9800058000         2.4000000000         1.3403916554         3.9476062355         0.1439450570
        5.9850123000         2.4000000000         1.3352870017         3.9399506031         0.0109704085
        5.9900064000         2.4000000000         1.3276300211         3.9425024806        -0.1884915642
        5.9950065000         2.4000000000         1.3454963091         3.9476062355         0.2769197054
        6.0000037000         2.4000000000         1.3352870017         3.9425024806         0.0109704085
        6.0050058000         2.4000000000         1.3352870017         3.9425024806         0.0109704085
        6.0100048000         2.4000000000         1.3403916554         3.9476062355         0.1439450570
        6.0150064000         2.4000000000         1.3403916554         3.9450543580         0.1439450570
        6.0200060000         2.4000000000         1.3352870017         3.9425024806         0.0109704085
        6.0250047000         2.4000000000         1.3301823480         3.9322949707        -0.1220042400
        6.0300048000         2.4000000000         1.3352870017         3.9425024806         0.0109704085
        6.0350060000         2.4000000000         1.3429439823         3.9450543580         0.2104323812
        6.0400053000         2.4000000000         1.3429439823         3.9450543580         0.2104323812
        6.0450033000         2.4000000000         1.3378393285         3.9425024806         0.0774577327
        6.0500047000         2.4000000000         1.3403916554         3.9476062355         0.1439450570
        6.0550046000         2.4000000000         1.3378393285         3.9399506031         0.0774577327
        6.0600048000         2.4000000000         1.3378393285         3.9425024806         0.0774577327
        6.0650030000         2.4000000000         1.3403916554         3.9373987256         0.1439450570
        6.0700047000         2.4000000000         1.3301823480         3.9348468482        -0.1220042400
        6.0750050000         2.4000000000         1.3429439823         3.9450543580         0.2104323812
        6.0800047000         2.4000000000         1.3301823480         3.9348468482        -0.1220042400
        6.0850046000         2.4000000000         1.3276300211         3.9348468482        -0.1884915642
        6.0900047000         2.4000000000         1.3352870017         3.9425024806         0.0109704085
        6.0950035000         2.4000000000         1.3454963091         3.9476062355         0.2769197054
        6.1000047000         2.4000000000         1.3429439823         3.9450543580         0.2104323812
        6.1050047000         2.4000000000         1.3352870017         3.9399506031         0.0109704085
        6.1100047000         2.4000000000         1.3403916554         3.9476062355         0.1439450570
        6.1150039000         2.4000000000         1.3403916554         3.9476062355         0.1439450570
        6.1200052000         2.4000000000         1.3403916554         3.9450543580         0.1439450570
        6.1250036000         2.4000000000         1.3429439823         3.9476062355         0.2104323812
        6.1300104000         2.4000000000         1.3429439823         3.9450543580         0.2104323812
        6.1350055000         2.4000000000         1.3429439823         3.9450543580         0.2104323812
        6.1400064000         2.4000000000         1.3454963091         3.9476062355         0.2769197054
        6.1450061000         2.4000000000         1.3301823480         3.9501581129        -0.1220042400
        6.1500134000         2.4000000000         1.3429439823         3.9450543580         0.2104323812
        6.1550067000         2.4000000000         1.3429439823         3.9450543580         0.2104323812
        6.1600112000         2.4000000000         1.3378393285         3.9399506031         0.0774577327
        6.1650089000         2.4000000000         1.3276300211         3.9348468482        -0.1884915642
        6.1700053000         2.4000000000         1.3352870017         3.9425024806         0.0109704085
        6.1750035000         2.4000000000         1.3301823480         3.9322949707        -0.1220042400
        6.1800049000         2.4000000000         1.3352870017         3.9373987256         0.0109704085
        6.1850051000         2.4000000000         1.3301823480         3.9373987256        -0.1220042400
        6.1900043000         2.4000000000         1.3429439823         3.9450543580         0.2104323812
        6.1950048000         2.4000000000         1.3429439823         3.9450543580         0.2104323812
        6.2000053000         2.4000000000         1.3301823480         3.9348468482        -0.1220042400
        6.2050049000         2.4000000000         1.3429439823         3.9476062355         0.2104323812
        6.2100043000         2.4000000000         1.3352870017         3.9399506031         0.0109704085
        6.2150051000         2.4000000000         1.3429439823         3.9450543580         0.2104323812
        6.2200034000         2.4000000000         1.3429439823         3.9476062355         0.2104323812
        6.2250020000         2.4000000000         1.3454963091         3.9476062355         0.2769197054
        6.2300054000         2.4000000000         1.3352870017         3.9425024806         0.0109704085
        6.2350050000         2.4000000000         1.3352870017         3.9348468482         0.0109704085
        6.2400032000         2.4000000000         1.3378393285         3.9399506031         0.0774577327
        6.2450015000         2.4000000000         1.3403916554         3.9476062355         0.1439450570
        6.2500036000         2.4000000000         1.3403916554         3.9450543580         0.1439450570
        6.2550021000         2.4000000000         1.3352870017         3.9425024806         0.0109704085
        6.2600035000         2.4000000000         1.3352870017         3.9425024806         0.0109704085
        6.2650040000         2.4000000000         1.3429439823         3.9450543580         0.2104323812
        6.2700029000         2.4000000000         1.3403916554         3.9476062355         0.1439450570
        6.2750039000         2.4000000000         1.3352870017         3.9425024806         0.0109704085
        6.2800069000         2.4000000000         1.3301823480         3.9348468482        -0.1220042400
        6.2850041000         2.4000000000         1.3352870017         3.9425024806         0.0109704085
        6.2900035000         2.4000000000         1.3403916554         3.9450543580         0.1439450570
        6.2950019000         2.4000000000         1.3352870017         3.9425024806         0.0109704085
        6.3000038000         2.4000000000         1.3301823480         3.9348468482        -0.1220042400
        6.3050025000         2.4000000000         1.3352870017         3.9399506031         0.0109704085
        6.3100041000         2.4000000000         1.3301823480         3.9425024806        -0.1220042400
        6.3150045000         2.4000000000         1.3301823480         3.9348468482        -0.1220042400
        6.3200054000         2.4000000000         1.3429439823         3.9476062355         0.2104323812
        6.3250028000         2.4000000000         1.3378393285         3.9399506031         0.0774577327
        6.3300044000         2.4000000000         1.3327346748         3.9399506031        -0.0555169157
        6.3350019000         2.4000000000         1.3378393285         3.9399506031         0.0774577327
        6.3400042000         2.4000000000         1.3352870017         3.9399506031         0.0109704085
        6.3450040000         2.4000000000         1.3403916554         3.9501581129         0.1439450570
        6.3500048000         2.4000000000         1.3403916554         3.9399506031         0.1439450570
        6.3550030000         2.4000000000         1.3378393285         3.9399506031         0.0774577327
        6.3600055000         2.4000000000         1.3429439823         3.9450543580         0.2104323812
        6.3650043000         2.4000000000         1.3454963091         3.9476062355         0.2769197054
        6.3700036000         2.4000000000         1.3301823480         3.9348468482        -0.1220042400
        6.3750062000         2.4000000000         1.3403916554         3.9399506031         0.1439450570
        6.3800022000         2.4000000000         1.3378393285         3.9322949707         0.0774577327
        6.3850013000         2.4000000000         1.3454963091         3.9476062355         0.2769197054
        6.3900086000         2.4000000000         1.3301823480         3.9348468482        -0.1220042400
        6.3950050000         2.4000000000         1.3378393285         3.9399506031         0.0774577327
        6.4000047000         2.4000000000         1.3403916554         3.9476062355         0.1439450570
        6.4050041000         2.4000000000         1.3403916554         3.9501581129         0.1439450570
        6.4100052000         2.4000000000         1.3378393285         3.9399506031         0.0774577327
        6.4150033000         2.4000000000         1.3429439823         3.9450543580         0.2104323812
        6.4200053000         2.4000000000         1.3327346748         3.9348468482        -0.0555169157
        6.4250042000         2.4000000000         1.3352870017         3.9425024806         0.0109704085
        6.4300043000         2.4000000000         1.3301823480         3.9348468482        -0.1220042400
        6.4350064000         2.4000000000         1.3327346748         3.9271912158        -0.0555169157
        6.4400046000         2.4000000000         1.3301823480         3.9348468482        -0.1220042400
        6.4450030000         2.4000000000         1.3327346748         3.9348468482        -0.0555169157
        6.4500027000         2.4000000000         1.3352870017         3.9476062355         0.0109704085
        6.4550063000         2.4000000000         1.3352870017         3.9399506031         0.0109704085
        6.4600047000         2.4000000000         1.3072114063         3.9348468482        -0.7203901580
        6.4650059000         2.4000000000         1.3352870017         3.9399506031         0.0109704085
        6.4700622000         2.4000000000         1.3301823480         3.9348468482        -0.1220042400
        6.4750068000         2.4000000000         1.3301823480         3.9348468482        -0.1220042400
        6.4800057000         2.4000000000         1.3378393285         3.9399506031         0.0774577327
        6.4850049000         2.4000000000         1.3327346748         3.9322949707        -0.0555169157
        6.4900075000         2.4000000000         1.3352870017         3.9399506031         0.0109704085
        6.4950067000         2.4000000000         1.3378393285         3.9399506031         0.0774577327
        6.5000058000         2.4000000000         1.3327346748         3.9322949707        -0.0555169157
        6.5050069000         2.4000000000         1.3327346748         3.9348468482        -0.0555169157
        6.5100069000         2.4000000000         1.3352870017         3.9450543580         0.0109704085
        6.5150059000         2.4000000000         1.3352870017         3.9399506031         0.0109704085
        6.5200063000         2.4000000000         1.3454963091         3.9450543580         0.2769197054
        6.5250127000         2.4000000000         1.3327346748         3.9322949707        -0.0555169157
        6.5300064000         2.4000000000         1.3327346748         3.9348468482        -0.0555169157
        6.5350056000         2.4000000000         1.3097637331         3.9425024806        -0.6539028338
        6.5400092000         2.4000000000         1.3403916554         3.9476062355         0.1439450570
        6.5450080000         2.4000000000         1.3352870017         3.9425024806         0.0109704085
        6.5500070000         2.4000000000         1.3327346748         3.9399506031        -0.0555169157
        6.5550052000         2.4000000000         1.3352870017         3.9373987256         0.0109704085
        6.5600073000         2.4000000000         1.3301823480         3.9348468482        -0.1220042400
        6.5650068000         2.4000000000         1.3327346748         3.9348468482        -0.0555169157
        6.5700078000         2.4000000000         1.3352870017         3.9425024806         0.0109704085
        6.5750066000         2.4000000000         1.3429439823         3.9450543580         0.2104323812
        6.5800069000         2.4000000000         1.3352870017         3.9373987256         0.0109704085
        6.5850028000         2.4000000000         1.3429439823         3.9450543580         0.2104323812
        6.5900015000         2.4000000000         1.3378393285         3.9450543580         0.0774577327
        6.5950043000         2.4000000000         1.3378393285         3.9399506031         0.0774577327
        6.6000016000         2.4000000000         1.3276300211         3.9322949707        -0.1884915642
        6.6050042000         2.4000000000         1.3403916554         3.9476062355         0.1439450570
        6.6100060000         2.4000000000         1.3429439823         3.9501581129         0.2104323812
        6.6150037000         2.4000000000         1.3454963091         3.9476062355         0.2769197054
        6.6200067000         2.4000000000         1.3327346748         3.9450543580        -0.0555169157
        6.6250037000         2.4000000000         1.3403916554         3.9476062355         0.1439450570
        6.6300028000         2.4000000000         1.3403916554         3.9501581129         0.1439450570
        6.6350047000         2.4000000000         1.3301823480         3.9348468482        -0.1220042400
        6.6400110000         2.4000000000         1.3352870017         3.9425024806         0.0109704085
        6.6450105000         2.4000000000         1.3403916554         3.9450543580         0.1439450570
        6.6500113000         2.4000000000         1.3276300211         3.9399506031        -0.1884915642
        6.6550119000         2.4000000000         1.3327346748         3.9425024806        -0.0555169157
        6.6600133000         2.4000000000         1.3327346748         3.9271912158        -0.0555169157
        6.6650071000         2.4000000000         1.3301823480         3.9373987256        -0.1220042400
        6.6700124000         2.4000000000         1.3276300211         3.9348468482        -0.1884915642
        6.6750047000         2.4000000000         1.3301823480         3.9348468482        -0.1220042400
        6.6800124000         2.4000000000         1.3301823480         3.9348468482        -0.1220042400
        6.6850063000         2.4000000000         1.3352870017         3.9399506031         0.0109704085
        6.6900056000         2.4000000000         1.3276300211         3.9348468482        -0.1884915642
        6.6950032000         2.4000000000         1.3301823480         3.9348468482        -0.1220042400
        6.7000051000         2.4000000000         1.3327346748         3.9322949707        -0.0555169157
        6.7050059000         2.4000000000         1.3378393285         3.9399506031         0.0774577327
        6.7100058000         2.4000000000         1.3352870017         3.9399506031         0.0109704085
        6.7150094000         2.4000000000         1.3352870017         3.9399506031         0.0109704085
        6.7200059000         2.4000000000         1.3352870017         3.9399506031         0.0109704085
        6.7250068000         2.4000000000         1.3378393285         3.9399506031         0.0774577327
        6.7300054000         2.4000000000         1.3327346748         3.9399506031        -0.0555169157
        6.7350058000         2.4000000000         1.3301823480         3.9322949707        -0.1220042400
        6.7400047000         2.4000000000         1.3378393285         3.9373987256         0.0774577327
        6.7450058000         2.4000000000         1.3378393285         3.9425024806         0.0774577327
        6.7500029000         2.4000000000         1.3378393285         3.9399506031         0.0774577327
        6.7550044000         2.4000000000         1.3429439823         3.9476062355         0.2104323812
        6.7600013000         2.4000000000         1.3301823480         3.9348468482        -0.1220042400
        6.7650042000         2.4000000000         1.3429439823         3.9476062355         0.2104323812
        6.7700052000         2.4000000000         1.3352870017         3.9399506031         0.0109704085
        6.7750385000         2.4000000000         1.3378393285         3.9425024806         0.0774577327
        6.7800048000         2.4000000000         1.3352870017         3.9373987256         0.0109704085
        6.7850044000         2.4000000000         1.3378393285         3.9399506031         0.0774577327
        6.7900051000         2.4000000000         1.3378393285         3.9425024806         0.0774577327
        6.7950017000         2.4000000000         1.3378393285         3.9399506031         0.0774577327
        6.8000051000         2.4000000000         1.3301823480         3.9399506031        -0.1220042400
        6.8050057000         2.4000000000         1.3327346748         3.9399506031        -0.0555169157
        6.8100040000         2.4000000000         1.3352870017         3.9425024806         0.0109704085
        6.8150066000         2.4000000000         1.3429439823         3.9450543580         0.2104323812
        6.8200058000         2.4000000000         1.3403916554         3.9399506031         0.1439450570
        6.8250048000         2.4000000000         1.3352870017         3.9399506031         0.0109704085
        6.8300028000         2.4000000000         1.3378393285         3.9399506031         0.0774577327
        6.8350016000         2.4000000000         1.3378393285         3.9399506031         0.0774577327
        6.8400015000         2.4000000000         1.3327346748         3.9348468482        -0.0555169157
        6.8450011000         2.4000000000         1.3301823480         3.9348468482        -0.1220042400
        6.8500050000         2.4000000000         1.3276300211         3.9348468482        -0.1884915642
        6.8550015000         2.4000000000         1.3378393285         3.9399506031         0.0774577327
        6.8600033000         2.4000000000         1.3301823480         3.9348468482        -0.1220042400
        6.8650019000         2.4000000000         1.3301823480         3.9348468482        -0.1220042400
        6.8700012000         2.4000000000         1.3352870017         3.9373987256         0.0109704085
        6.8750014000         2.4000000000         1.3301823480         3.9322949707        -0.1220042400
        6.8800011000         2.4000000000         1.3301823480         3.9348468482        -0.1220042400
        6.8850014000         2.4000000000         1.3352870017         3.9425024806         0.0109704085
        6.8900041000         2.4000000000         1.3378393285         3.9399506031         0.0774577327
        6.8950024000         2.4000000000         1.3327346748         3.9425024806        -0.0555169157
        6.9000023000         2.4000000000         1.3429439823         3.9450543580         0.2104323812
        6.9050044000         2.4000000000         1.3378393285         3.9399506031         0.0774577327
        6.9100024000         2.4000000000         1.3301823480         3.9425024806        -0.1220042400
        6.9150012000         2.4000000000         1.3378393285         3.9399506031         0.0774577327
        6.9200042000         2.4000000000         1.3403916554         3.9501581129         0.1439450570
        6.9250023000         2.4000000000         1.3301823480         3.9373987256        -0.1220042400
        6.9300022000         2.4000000000         1.3301823480         3.9373987256        -0.1220042400
        6.9350052000         2.4000000000         1.3301823480         3.9373987256        -0.1220042400
        6.9400039000         2.4000000000         1.3352870017         3.9425024806         0.0109704085
        6.9450118000         2.4000000000         1.3352870017         3.9425024806         0.0109704085
        6.9500033000         2.4000000000         1.3403916554         3.9450543580         0.1439450570
        6.9550126000         2.4000000000         1.3378393285         3.9373987256         0.0774577327
        6.9600064000         2.4000000000         1.3429439823         3.9476062355         0.2104323812
        6.9650095000         2.4000000000         1.3301823480         3.9348468482        -0.1220042400
        6.9700053000         2.4000000000         1.3429439823         3.9450543580         0.2104323812
        6.9750048000         2.4000000000         1.3301823480         3.9322949707        -0.1220042400
        6.9800099000         2.4000000000         1.3301823480         3.9348468482        -0.1220042400
        6.9850055000         2.4000000000         1.3327346748         3.9425024806        -0.0555169157
        6.9900104000         2.4000000000         1.3352870017         3.9399506031         0.0109704085
        6.9950076000         2.4000000000         1.3378393285         3.9399506031         0.0774577327
        7.0000117000         2.4000000000         1.3352870017         3.9399506031         0.0109704085
        7.0050036000         2.4000000000         1.3327346748         3.9399506031        -0.0555169157
        7.0100048000         2.4000000000         1.3352870017         3.9425024806         0.0109704085
        7.0150058000         2.4000000000         1.3352870017         3.9399506031         0.0109704085
        7.0200050000         2.4000000000         1.3301823480         3.9322949707        -0.1220042400
        7.0250041000         2.4000000000         1.3301823480         3.9322949707        -0.1220042400
        7.0300054000         2.4000000000         1.3301823480         3.9348468482        -0.1220042400
        7.0350065000         2.4000000000         1.3301823480         3.9348468482        -0.1220042400
        7.0400061000         2.4000000000         1.3378393285         3.9399506031         0.0774577327
        7.0450070000         2.4000000000         1.3429439823         3.9501581129         0.2104323812
        7.0500068000         2.4000000000         1.3429439823         3.9450543580         0.2104323812
        7.0550053000         2.4000000000         1.3378393285         3.9399506031         0.0774577327
        7.0600081000         2.4000000000         1.3352870017         3.9425024806         0.0109704085
        7.0650086000         2.4000000000         1.3301823480         3.9322949707        -0.1220042400
        7.0700055000         2.4000000000         1.3276300211         3.9348468482        -0.1884915642
        7.0750032000         2.4000000000         1.3327346748         3.9322949707        -0.0555169157
        7.0800062000         2.4000000000         1.3352870017         3.9399506031         0.0109704085
        7.0850050000         2.4000000000         1.3429439823         3.9450543580         0.2104323812
        7.0900069000         2.4000000000         1.3403916554         3.9425024806         0.1439450570
        7.0950066000         2.4000000000         1.3378393285         3.9373987256         0.0774577327
        7.1000063000         2.4000000000         1.3327346748         3.9425024806        -0.0555169157
        7.1050079000         2.4000000000         1.3378393285         3.9425024806         0.0774577327
        7.1100068000         2.4000000000         1.3429439823         3.9476062355         0.2104323812
        7.1150082000         2.4000000000         1.3429439823         3.9476062355         0.2104323812
        7.1200066000         2.4000000000         1.3378393285         3.9399506031         0.0774577327
        7.1250053000         2.4000000000         1.3429439823         3.9476062355         0.2104323812
        7.1300075000         2.4000000000         1.3378393285         3.9399506031         0.0774577327
        7.1350044000         2.4000000000         1.3327346748         3.9425024806        -0.0555169157
        7.1400066000         2.4000000000         1.3352870017         3.9425024806         0.0109704085
        7.1450056000         2.4000000000         1.3327346748         3.9425024806        -0.0555169157
        7.1500080000         2.4000000000         1.3429439823         3.9450543580         0.2104323812
        7.1550056000         2.4000000000         1.3429439823         3.9450543580         0.2104323812
        7.1600072000         2.4000000000         1.3352870017         3.9450543580         0.0109704085
        7.1650037000         2.4000000000         1.3429439823         3.9450543580         0.2104323812
        7.1700061000         2.4000000000         1.3403916554         3.9476062355         0.1439450570
        7.1750040000         2.4000000000         1.3429439823         3.9476062355         0.2104323812
        7.1800064000         2.4000000000         1.3454963091         3.9476062355         0.2769197054
        7.1850050000         2.4000000000         1.3352870017         3.9399506031         0.0109704085
        7.1900061000         2.4000000000         1.3352870017         3.9399506031         0.0109704085
        7.1950076000         2.4000000000         1.3301823480         3.9348468482        -0.1220042400
        7.2000065000         2.4000000000         1.3429439823         3.9450543580         0.2104323812
        7.2050046000         2.4000000000         1.3454963091         3.9450543580         0.2769197054
        7.2100079000         2.4000000000         1.3378393285         3.9399506031         0.0774577327
        7.2150055000         2.4000000000         1.3072114063         3.9322949707        -0.7203901580
        7.2200067000         2.4000000000         1.3327346748         3.9348468482        -0.0555169157
        7.2250071000         2.4000000000         1.3352870017         3.9425024806         0.0109704085
        7.2300068000         2.4000000000         1.3403916554         3.9476062355         0.1439450570
        7.2350054000         2.4000000000         1.3429439823         3.9476062355         0.2104323812
        7.2400122000         2.4000000000         1.3327346748         3.9348468482        -0.0555169157
        7.2450051000         2.4000000000         1.3429439823         3.9450543580         0.2104323812
        7.2500120000         2.4000000000         1.3301823480         3.9348468482        -0.1220042400
        7.2550063000         2.4000000000         1.3276300211         3.9348468482        -0.1884915642
        7.2600065000         2.4000000000         1.3301823480         3.9348468482        -0.1220042400
        7.2650045000         2.4000000000         1.3301823480         3.9297430933        -0.1220042400
        7.2700106000         2.4000000000         1.3327346748         3.9373987256        -0.0555169157
        7.2750104000         2.4000000000         1.3301823480         3.9348468482        -0.1220042400
        7.2800115000         2.4000000000         1.3352870017         3.9399506031         0.0109704085
        7.2850081000         2.4000000000         1.3352870017         3.9399506031         0.0109704085
        7.2900111000         2.4000000000         1.3403916554         3.9501581129         0.1439450570
        7.2950042000         2.4000000000         1.3352870017         3.9425024806         0.0109704085
        7.3000061000         2.4000000000         1.3378393285         3.9373987256         0.0774577327
        7.3050094000         2.4000000000         1.3352870017         3.9373987256         0.0109704085
        7.3100131000         2.4000000000         1.3429439823         3.9450543580         0.2104323812
        7.3150042000         2.4000000000         1.3403916554         3.9450543580         0.1439450570
        7.3200137000         2.4000000000         1.3352870017         3.9399506031         0.0109704085
        7.3250048000         2.4000000000         1.3301823480         3.9348468482        -0.1220042400
        7.3300074000         2.4000000000         1.3352870017         3.9425024806         0.0109704085
        7.3350057000         2.4000000000         1.3352870017         3.9373987256         0.0109704085
        7.3400045000         2.4000000000         1.3429439823         3.9476062355         0.2104323812
        7.3450070000         2.4000000000         1.3352870017         3.9399506031         0.0109704085
        7.3500059000         2.4000000000         1.3250776943         3.9425024806        -0.2549788884
        7.3550066000         2.4000000000         1.3352870017         3.9399506031         0.0109704085
        7.3600059000         2.4000000000         1.3327346748         3.9348468482        -0.0555169157
        7.3650067000         2.4000000000         1.3378393285         3.9373987256         0.0774577327
        7.3700065000         2.4000000000         1.3378393285         3.9373987256         0.0774577327
        7.3750061000         2.4000000000         1.3352870017         3.9399506031         0.0109704085
        7.3800049000         2.4000000000         1.3352870017         3.9399506031         0.0109704085
        7.3850103000         2.4000000000         1.3403916554         3.9450543580         0.1439450570
        7.3900099000         2.4000000000         1.3378393285         3.9373987256         0.0774577327
        7.3950078000         2.4000000000         1.3429439823         3.9476062355         0.2104323812
        7.4000063000         2.4000000000         1.3454963091         3.9476062355         0.2769197054
        7.4050066000         2.4000000000         1.3352870017         3.9399506031         0.0109704085
        7.4100045000         2.4000000000         1.3429439823         3.9425024806         0.2104323812
        7.4150061000         2.4000000000         1.3403916554         3.9501581129         0.1439450570
        7.4200034000         2.4000000000         1.3327346748         3.9425024806        -0.0555169157
        7.4250074000         2.4000000000         1.3327346748         3.9399506031        -0.0555169157
        7.4300064000         2.4000000000         1.3352870017         3.9425024806         0.0109704085
        7.4350059000         2.4000000000         1.3301823480         3.9322949707        -0.1220042400
        7.4400062000         2.4000000000         1.3352870017         3.9399506031         0.0109704085
        7.4450147000         2.4000000000         1.3378393285         3.9399506031         0.0774577327
        7.4500070000         2.4000000000         1.3429439823         3.9450543580         0.2104323812
        7.4550062000         2.4000000000         1.3429439823         3.9450543580         0.2104323812
        7.4600062000         2.4000000000         1.3378393285         3.9425024806         0.0774577327
        7.4650136000         2.4000000000         1.3429439823         3.9450543580         0.2104323812
        7.4700069000         2.4000000000         1.3378393285         3.9399506031         0.0774577327
        7.4750132000         2.4000000000         1.3352870017         3.9425024806         0.0109704085
        7.4800046000         2.4000000000         1.3378393285         3.9373987256         0.0774577327
        7.4850066000         2.4000000000         1.3352870017         3.9425024806         0.0109704085
        7.4900094000         2.4000000000         1.3352870017         3.9348468482         0.0109704085
        7.4950065000         2.4000000000         1.3403916554         3.9399506031         0.1439450570
        7.5000069000         2.4000000000         1.3378393285         3.9399506031         0.0774577327
        7.5050064000         2.4000000000         1.3429439823         3.9450543580         0.2104323812
        7.5100055000         2.4000000000         1.3352870017         3.9425024806         0.0109704085
        7.5150074000         2.4000000000         1.3276300211         3.9348468482        -0.1884915642
        7.5200063000         2.4000000000         1.3352870017         3.9399506031         0.0109704085
        7.5250070000         2.4000000000         1.3352870017         3.9425024806         0.0109704085
        7.5300093000         2.4000000000         1.3352870017         3.9425024806         0.0109704085
        7.5350042000         2.4000000000         1.3429439823         3.9476062355         0.2104323812
        7.5400070000         2.4000000000         1.3403916554         3.9476062355         0.1439450570
        7.5450060000         2.4000000000         1.3429439823         3.9476062355         0.2104323812
        7.5500063000         2.4000000000         1.3429439823         3.9450543580         0.2104323812
        7.5550051000         2.4000000000         1.3429439823         3.9476062355         0.2104323812
        7.5600045000         2.4000000000         1.3378393285         3.9399506031         0.0774577327
        7.5650051000         2.4000000000         1.3327346748         3.9348468482        -0.0555169157
        7.5700047000         2.4000000000         1.3301823480         3.9322949707        -0.1220042400
        7.5750035000         2.4000000000         1.3403916554         3.9450543580         0.1439450570
        7.5800050000         2.4000000000         1.3429439823         3.9476062355         0.2104323812
        7.5850030000         2.4000000000         1.3352870017         3.9399506031         0.0109704085
        7.5900054000         2.4000000000         1.3301823480         3.9348468482        -0.1220042400
        7.5950039000         2.4000000000         1.3429439823         3.9450543580         0.2104323812
        7.6000059000         2.4000000000         1.3352870017         3.9399506031         0.0109704085
        7.6050048000         2.4000000000         1.3352870017         3.9399506031         0.0109704085
        7.6100046000         2.4000000000         1.3429439823         3.9476062355         0.2104323812
        7.6150048000         2.4000000000         1.3301823480         3.9373987256        -0.1220042400
        7.6200047000         2.4000000000         1.3378393285         3.9425024806         0.0774577327
        7.6250037000         2.4000000000         1.3378393285         3.9399506031         0.0774577327
        7.6300048000         2.4000000000         1.3429439823         3.9476062355         0.2104323812
        7.6350035000         2.4000000000         1.3352870017         3.9373987256         0.0109704085
        7.6400039000         2.4000000000         1.3403916554         3.9399506031         0.1439450570
        7.6450047000         2.4000000000         1.3352870017         3.9373987256         0.0109704085
        7.6500046000         2.4000000000         1.3327346748         3.9322949707        -0.0555169157
        7.6550039000         2.4000000000         1.3352870017         3.9399506031         0.0109704085
        7.6600037000         2.4000000000         1.3327346748         3.9425024806        -0.0555169157
        7.6650058000         2.4000000000         1.3301823480         3.9348468482        -0.1220042400
        7.6700084000         2.4000000000         1.3301823480         3.9322949707        -0.1220042400
        7.6750031000         2.4000000000         1.3429439823         3.9476062355         0.2104323812
        7.6800113000         2.4000000000         1.3378393285         3.9373987256         0.0774577327
        7.6850063000         2.4000000000         1.3327346748         3.9348468482        -0.0555169157
        7.6900128000         2.4000000000         1.3301823480         3.9425024806        -0.1220042400
        7.6950098000         2.4000000000         1.3327346748         3.9348468482        -0.0555169157
        7.7000149000         2.4000000000         1.3403916554         3.9501581129         0.1439450570
        7.7050108000         2.4000000000         1.3429439823         3.9450543580         0.2104323812
        7.7100115000         2.4000000000         1.3352870017         3.9399506031         0.0109704085
        7.7150083000         2.4000000000         1.3301823480         3.9348468482        -0.1220042400
        7.7200250000         2.4000000000         1.3454963091         3.9450543580         0.2769197054
        7.7250083000         2.4000000000         1.3352870017         3.9425024806         0.0109704085
        7.7300057000         2.4000000000         1.3327346748         3.9399506031        -0.0555169157
        7.7350188000         2.4000000000         1.3301823480         3.9348468482        -0.1220042400
        7.7400067000         2.4000000000         1.3327346748         3.9425024806        -0.0555169157
        7.7450044000         2.4000000000         1.3352870017         3.9399506031         0.0109704085
        7.7500120000         2.4000000000         1.3352870017         3.9399506031         0.0109704085
        7.7550257000         2.4000000000         1.3301823480         3.9348468482        -0.1220042400
        7.7600073000         2.4000000000         1.3429439823         3.9450543580         0.2104323812
        7.7650104000         2.4000000000         1.3276300211         3.9348468482        -0.1884915642
        7.7700071000         2.4000000000         1.3327346748         3.9348468482        -0.0555169157
        7.7750068000         2.4000000000         1.3378393285         3.9373987256         0.0774577327
        7.7800072000         2.4000000000         1.3378393285         3.9399506031         0.0774577327
        7.7850079000         2.4000000000         1.3352870017         3.9399506031         0.0109704085
        7.7900069000         2.4000000000         1.3454963091         3.9501581129         0.2769197054
        7.7950061000         2.4000000000         1.3352870017         3.9425024806         0.0109704085
        7.8000057000         2.4000000000         1.3352870017         3.9399506031         0.0109704085
        7.8050065000         2.4000000000         1.3403916554         3.9476062355         0.1439450570
        7.8100061000         2.4000000000         1.3352870017         3.9399506031         0.0109704085
        7.8150042000         2.4000000000         1.3174207137         3.9450543580        -0.4544408611
        7.8200062000         2.4000000000         1.3352870017         3.9476062355         0.0109704085
        7.8250059000         2.4000000000         1.3352870017         3.9399506031         0.0109704085
        7.8300051000         2.4000000000         1.3352870017         3.9425024806         0.0109704085
        7.8350045000         2.4000000000         1.3352870017         3.9425024806         0.0109704085
        7.8400036000         2.4000000000         1.3378393285         3.9373987256         0.0774577327
        7.8450047000         2.4000000000         1.3403916554         3.9373987256         0.1439450570
        7.8500043000         2.4000000000         1.3327346748         3.9425024806        -0.0555169157
        7.8550052000         2.4000000000         1.3276300211         3.9348468482        -0.1884915642
        7.8600043000         2.4000000000         1.3301823480         3.9373987256        -0.1220042400
        7.8650049000         2.4000000000         1.3352870017         3.9399506031         0.0109704085
        7.8700032000         2.4000000000         1.3352870017         3.9399506031         0.0109704085
        7.8750061000         2.4000000000         1.3327346748         3.9399506031        -0.0555169157
        7.8800062000         2.4000000000         1.3276300211         3.9348468482        -0.1884915642
        7.8850066000         2.4000000000         1.3403916554         3.9399506031         0.1439450570
        7.8900039000         2.4000000000         1.3352870017         3.9425024806         0.0109704085
        7.8950063000         2.4000000000         1.3352870017         3.9425024806         0.0109704085
        7.9000042000         2.4000000000         1.3403916554         3.9476062355         0.1439450570
        7.9050056000         2.4000000000         1.3378393285         3.9425024806         0.0774577327
        7.9100049000         2.4000000000         1.3378393285         3.9399506031         0.0774577327
        7.9150039000         2.4000000000         1.3429439823         3.9501581129         0.2104323812
        7.9200032000         2.4000000000         1.3403916554         3.9476062355         0.1439450570
        7.9250053000         2.4000000000         1.3352870017         3.9425024806         0.0109704085
        7.9300032000         2.4000000000         1.3352870017         3.9425024806         0.0109704085
        7.9350071000         2.4000000000         1.3352870017         3.9425024806         0.0109704085
        7.9400058000         2.4000000000         1.3378393285         3.9399506031         0.0774577327
        7.9450053000         2.4000000000         1.3276300211         3.9348468482        -0.1884915642
        7.9500053000         2.4000000000         1.3403916554         3.9476062355         0.1439450570
        7.9550039000         2.4000000000         1.3352870017         3.9399506031         0.0109704085
        7.9600057000         2.4000000000         1.3403916554         3.9425024806         0.1439450570
        7.9650047000         2.4000000000         1.3301823480         3.9322949707        -0.1220042400
        7.9701131000         2.4000000000         1.3378393285         3.9373987256         0.0774577327
        7.9750082000         2.4000000000         1.3352870017         3.9373987256         0.0109704085
        7.9800064000         2.4000000000         1.3378393285         3.9450543580         0.0774577327
        7.9850044000         2.4000000000         1.3378393285         3.9399506031         0.0774577327
        7.9900059000         2.4000000000         1.3429439823         3.9450543580         0.2104323812
        7.9950062000         2.4000000000         1.3429439823         3.9476062355         0.2104323812
        8.0000061000         2.4000000000         1.3378393285         3.9399506031         0.0774577327
        8.0050055000         2.4000000000         1.3378393285         3.9425024806         0.0774577327
        8.0100058000         2.4000000000         1.3378393285         3.9373987256         0.0774577327
        8.0150050000         2.4000000000         1.3403916554         3.9399506031         0.1439450570
        8.0200057000         2.4000000000         1.3429439823         3.9450543580         0.2104323812
        8.0250052000         2.4000000000         1.3352870017         3.9399506031         0.0109704085
        8.0300060000         2.4000000000         1.3454963091         3.9450543580         0.2769197054
        8.0350063000         2.4000000000         1.3454963091         3.9450543580         0.2769197054
        8.0400093000         2.4000000000         1.3378393285         3.9425024806         0.0774577327
        8.0450070000         2.4000000000         1.3429439823         3.9450543580         0.2104323812
        8.0500092000         2.4000000000         1.3429439823         3.9476062355         0.2104323812
        8.0550052000         2.4000000000         1.3378393285         3.9399506031         0.0774577327
        8.0600055000         2.4000000000         1.3327346748         3.9425024806        -0.0555169157
        8.0650029000         2.4000000000         1.3199730405         3.9373987256        -0.3879535369
        8.0700048000         2.4000000000         1.3301823480         3.9348468482        -0.1220042400
        8.0750034000         2.4000000000         1.3378393285         3.9399506031         0.0774577327
        8.0800058000         2.4000000000         1.3301823480         3.9348468482        -0.1220042400
        8.0850043000         2.4000000000         1.3327346748         3.9425024806        -0.0555169157
        8.0900075000         2.4000000000         1.3378393285         3.9399506031         0.0774577327
        8.0950045000         2.4000000000         1.3327346748         3.9348468482        -0.0555169157
        8.1000076000         2.4000000000         1.3276300211         3.9348468482        -0.1884915642
        8.1050045000         2.4000000000         1.3327346748         3.9373987256        -0.0555169157
        8.1100047000         2.4000000000         1.3327346748         3.9399506031        -0.0555169157
        8.1150044000         2.4000000000         1.3352870017         3.9425024806         0.0109704085
        8.1200054000         2.4000000000         1.3429439823         3.9476062355         0.2104323812
        8.1250034000         2.4000000000         1.3352870017         3.9399506031         0.0109704085
        8.1300048000         2.4000000000         1.3378393285         3.9476062355         0.0774577327
        8.1350046000         2.4000000000         1.3378393285         3.9450543580         0.0774577327
        8.1400050000         2.4000000000         1.3276300211         3.9425024806        -0.1884915642
        8.1450036000         2.4000000000         1.3378393285         3.9399506031         0.0774577327
        8.1500048000         2.4000000000         1.3301823480         3.9348468482        -0.1220042400
        8.1551478000         2.4000000000         1.3301823480         3.9373987256        -0.1220042400
        8.1600029000         2.4000000000         1.3301823480         3.9348468482        -0.1220042400
        8.1650013000         2.4000000000         1.3352870017         3.9399506031         0.0109704085
        8.1700046000         2.4000000000         1.3352870017         3.9399506031         0.0109704085
        8.1750027000         2.4000000000         1.3378393285         3.9399506031         0.0774577327
        8.1800018000         2.4000000000         1.3301823480         3.9348468482        -0.1220042400
        8.1850013000         2.4000000000         1.3352870017         3.9399506031         0.0109704085
        8.1900044000         2.4000000000         1.3352870017         3.9373987256         0.0109704085
        8.1950022000         2.4000000000         1.3403916554         3.9450543580         0.1439450570
        8.2000047000         2.4000000000         1.3352870017         3.9425024806         0.0109704085
        8.2050050000         2.4000000000         1.3327346748         3.9348468482        -0.0555169157
        8.2100053000         2.4000000000         1.3378393285         3.9399506031         0.0774577327
        8.2150050000         2.4000000000         1.3327346748         3.9322949707        -0.0555169157
        8.2200052000         2.4000000000         1.3301823480         3.9322949707        -0.1220042400
        8.2250064000         2.4000000000         1.3378393285         3.9425024806         0.0774577327
        8.2300043000         2.4000000000         1.3403916554         3.9399506031         0.1439450570
        8.2350090000         2.4000000000         1.3352870017         3.9425024806         0.0109704085
        8.2400048000         2.4000000000         1.3352870017         3.9399506031         0.0109704085
        8.2450087000         2.4000000000         1.3301823480         3.9348468482        -0.1220042400
        8.2500092000         2.4000000000         1.3352870017         3.9425024806         0.0109704085
        8.2550066000         2.4000000000         1.3301823480         3.9348468482        -0.1220042400
        8.2600061000         2.4000000000         1.3378393285         3.9399506031         0.0774577327
        8.2650147000         2.4000000000         1.3301823480         3.9348468482        -0.1220042400
        8.2700075000         2.4000000000         1.3352870017         3.9373987256         0.0109704085
        8.2750141000         2.4000000000         1.3301823480         3.9348468482        -0.1220042400
        8.2800102000         2.4000000000         1.3378393285         3.9399506031         0.0774577327
        8.2850072000         2.4000000000         1.3276300211         3.9348468482        -0.1884915642
        8.2900062000         2.4000000000         1.3454963091         3.9450543580         0.2769197054
        8.2950063000         2.4000000000         1.3429439823         3.9450543580         0.2104323812
        8.3000046000         2.4000000000         1.3276300211         3.9348468482        -0.1884915642
        8.3050080000         2.4000000000         1.3429439823         3.9476062355         0.2104323812
        8.3100046000         2.4000000000         1.3352870017         3.9399506031         0.0109704085
        8.3150059000         2.4000000000         1.3429439823         3.9476062355         0.2104323812
        8.3200043000         2.4000000000         1.3378393285         3.9399506031         0.0774577327
        8.3250050000         2.4000000000         1.3352870017         3.9399506031         0.0109704085
        8.3300050000         2.4000000000         1.3403916554         3.9476062355         0.1439450570
        8.3350047000         2.4000000000         1.3352870017         3.9373987256         0.0109704085
        8.3400517000         2.4000000000         1.3429439823         3.9476062355         0.2104323812
        8.3450069000         2.4000000000         1.3454963091         3.9450543580         0.2769197054
        8.3500047000         2.4000000000         1.3454963091         3.9476062355         0.2769197054
        8.3550044000         2.4000000000         1.3403916554         3.9450543580         0.1439450570
        8.3600056000         2.4000000000         1.3327346748         3.9399506031        -0.0555169157
        8.3650051000         2.4000000000         1.3352870017         3.9476062355         0.0109704085
        8.3700047000         2.4000000000         1.3352870017         3.9373987256         0.0109704085
        8.3750051000         2.4000000000         1.3301823480         3.9348468482        -0.1220042400
        8.3800065000         2.4000000000         1.3327346748         3.9348468482        -0.0555169157
        8.3850036000         2.4000000000         1.3429439823         3.9476062355         0.2104323812
        8.3900062000         2.4000000000         1.3429439823         3.9501581129         0.2104323812
        8.3950095000         2.4000000000         1.3352870017         3.9399506031         0.0109704085
        8.4000104000         2.4000000000         1.3378393285         3.9373987256         0.0774577327
        8.4050065000         2.4000000000         1.3378393285         3.9399506031         0.0774577327
        8.4100117000         2.4000000000         1.3403916554         3.9425024806         0.1439450570
        8.4150066000         2.4000000000         1.3352870017         3.9425024806         0.0109704085
        8.4200126000         2.4000000000         1.3352870017         3.9425024806         0.0109704085
        8.4250076000         2.4000000000         1.3378393285         3.9399506031         0.0774577327
        8.4300067000         2.4000000000         1.3301823480         3.9348468482        -0.1220042400
        8.4350043000         2.4000000000         1.3378393285         3.9348468482         0.0774577327
        8.4400063000         2.4000000000         1.3301823480         3.9373987256        -0.1220042400
        8.4450066000         2.4000000000         1.3301823480         3.9348468482        -0.1220042400
        8.4500065000         2.4000000000         1.3352870017         3.9425024806         0.0109704085
        8.4550063000         2.4000000000         1.3327346748         3.9425024806        -0.0555169157
        8.4600071000         2.4000000000         1.3429439823         3.9450543580         0.2104323812
        8.4650049000         2.4000000000         1.3429439823         3.9476062355         0.2104323812
        8.4701701000         2.4000000000         1.3378393285         3.9373987256         0.0774577327
        8.4750060000         2.4000000000         1.3403916554         3.9476062355         0.1439450570
        8.4800063000         2.4000000000         1.3352870017         3.9399506031         0.0109704085
        8.4850042000         2.4000000000         1.3352870017         3.9399506031         0.0109704085
        8.4900048000         2.4000000000         1.3301823480         3.9348468482        -0.1220042400
        8.4950033000         2.4000000000         1.3301823480         3.9348468482        -0.1220042400
        8.5000067000         2.4000000000         1.3327346748         3.9399506031        -0.0555169157
        8.5050057000         2.4000000000         1.3327346748         3.9322949707        -0.0555169157
        8.5100047000         2.4000000000         1.3352870017         3.9425024806         0.0109704085
        8.5150031000         2.4000000000         1.3301823480         3.9348468482        -0.1220042400
        8.5200058000         2.4000000000         1.3352870017         3.9425024806         0.0109704085
        8.5250031000         2.4000000000         1.3403916554         3.9476062355         0.1439450570
        8.5300064000         2.4000000000         1.3352870017         3.9425024806         0.0109704085
        8.5350046000         2.4000000000         1.3327346748         3.9373987256        -0.0555169157
        8.5400065000         2.4000000000         1.3072114063         3.9348468482        -0.7203901580
        8.5450127000         2.4000000000         1.3352870017         3.9399506031         0.0109704085
        8.5500058000         2.4000000000         1.3429439823         3.9476062355         0.2104323812
        8.5550073000         2.4000000000         1.3327346748         3.9322949707        -0.0555169157
        8.5600046000         2.4000000000         1.3352870017         3.9373987256         0.0109704085
        8.5650060000         2.4000000000         1.3378393285         3.9399506031         0.0774577327
        8.5700047000         2.4000000000         1.3352870017         3.9425024806         0.0109704085
        8.5750084000         2.4000000000         1.3429439823         3.9476062355         0.2104323812
        8.5800057000         2.4000000000         1.3403916554         3.9501581129         0.1439450570
        8.5850065000         2.4000000000         1.3301823480         3.9348468482        -0.1220042400
        8.5900051000         2.4000000000         1.3403916554         3.9450543580         0.1439450570
        8.5950071000         2.4000000000         1.3327346748         3.9399506031        -0.0555169157
        8.6000099000         2.4000000000         1.3352870017         3.9425024806         0.0109704085
        8.6050084000         2.4000000000         1.3429439823         3.9450543580         0.2104323812
        8.6100064000         2.4000000000         1.3301823480         3.9373987256        -0.1220042400
        8.6150077000         2.4000000000         1.3378393285         3.9399506031         0.0774577327
        8.6200058000         2.4000000000         1.3352870017         3.9399506031         0.0109704085
        8.6250065000         2.4000000000         1.3352870017         3.9373987256         0.0109704085
        8.6300080000         2.4000000000         1.3301823480         3.9348468482        -0.1220042400
        8.6350062000         2.4000000000         1.3301823480         3.9348468482        -0.1220042400
        8.6400064000         2.4000000000         1.3352870017         3.9373987256         0.0109704085
        8.6450060000         2.4000000000         1.3378393285         3.9399506031         0.0774577327
        8.6500070000         2.4000000000         1.3378393285         3.9399506031         0.0774577327
        8.6550198000         2.4000000000         1.3378393285         3.9399506031         0.0774577327
        8.6600050000         2.4000000000         1.3352870017         3.9399506031         0.0109704085
        8.6650112000         2.4000000000         1.3352870017         3.9425024806         0.0109704085
        8.6700050000         2.4000000000         1.3301823480         3.9322949707        -0.1220042400
        8.6750125000         2.4000000000         1.3301823480         3.9322949707        -0.1220042400
        8.6800091000         2.4000000000         1.3352870017         3.9425024806         0.0109704085
        8.6850102000         2.4000000000         1.3301823480         3.9348468482        -0.1220042400
        8.6900041000         2.4000000000         1.3276300211         3.9348468482        -0.1884915642
        8.6950111000         2.4000000000         1.3429439823         3.9450543580         0.2104323812
        8.7000027000         2.4000000000         1.3123160600         3.9399506031        -0.5874155095
        8.7050133000         2.4000000000         1.3327346748         3.9322949707        -0.0555169157
        8.7100085000         2.4000000000         1.3378393285         3.9399506031         0.0774577327
        8.7150049000         2.4000000000         1.3352870017         3.9399506031         0.0109704085
        8.7200083000         2.4000000000         1.3352870017         3.9399506031         0.0109704085
        8.7250126000         2.4000000000         1.3378393285         3.9399506031         0.0774577327
        8.7300079000         2.4000000000         1.3301823480         3.9348468482        -0.1220042400
        8.7350127000         2.4000000000         1.3301823480         3.9373987256        -0.1220042400
        8.7400096000         2.4000000000         1.3301823480         3.9322949707        -0.1220042400
        8.7450106000         2.4000000000         1.3327346748         3.9348468482        -0.0555169157
        8.7500057000         2.4000000000         1.3301823480         3.9373987256        -0.1220042400
        8.7550125000         2.4000000000         1.3352870017         3.9399506031         0.0109704085
        8.7600061000         2.4000000000         1.3378393285         3.9373987256         0.0774577327
        8.7650048000         2.4000000000         1.3276300211         3.9373987256        -0.1884915642
        8.7700051000         2.4000000000         1.3403916554         3.9450543580         0.1439450570
        8.7750129000         2.4000000000         1.3352870017         3.9425024806         0.0109704085
        8.7800036000         2.4000000000         1.3378393285         3.9373987256         0.0774577327
        8.7850052000         2.4000000000         1.3276300211         3.9348468482        -0.1884915642
        8.7900074000         2.4000000000         1.3352870017         3.9425024806         0.0109704085
        8.7950051000         2.4000000000         1.3352870017         3.9399506031         0.0109704085
        8.8005705000         2.4000000000         1.3276300211         3.9348468482        -0.1884915642
        8.8050044000         2.4000000000         1.3378393285         3.9373987256         0.0774577327
        8.8100044000         2.4000000000         1.3327346748         3.9348468482        -0.0555169157
        8.8150047000         2.4000000000         1.3250776943         3.9348468482        -0.2549788884
        8.8201743000         2.4000000000         1.3429439823         3.9450543580         0.2104323812
        8.8250067000         2.4000000000         1.3378393285         3.9450543580         0.0774577327
        8.8300065000         2.4000000000         1.3454963091         3.9450543580         0.2769197054
        8.8350062000         2.4000000000         1.3352870017         3.9399506031         0.0109704085
        8.8400110000         2.4000000000         1.3301823480         3.9348468482        -0.1220042400
        8.8450063000         2.4000000000         1.3301823480         3.9348468482        -0.1220042400
        8.8500067000         2.4000000000         1.3378393285         3.9425024806         0.0774577327
        8.8550062000         2.4000000000         1.3429439823         3.9450543580         0.2104323812
        8.8600063000         2.4000000000         1.3429439823         3.9450543580         0.2104323812
        8.8650064000         2.4000000000         1.3352870017         3.9425024806         0.0109704085
        8.8700062000         2.4000000000         1.3301823480         3.9348468482        -0.1220042400
        8.8750065000         2.4000000000         1.3352870017         3.9399506031         0.0109704085
        8.8800060000         2.4000000000         1.3276300211         3.9348468482        -0.1884915642
        8.8850056000         2.4000000000         1.3378393285         3.9399506031         0.0774577327
        8.8900056000         2.4000000000         1.3327346748         3.9399506031        -0.0555169157
        8.8950046000         2.4000000000         1.3429439823         3.9450543580         0.2104323812
        8.9000047000         2.4000000000         1.3352870017         3.9399506031         0.0109704085
        8.9050037000         2.4000000000         1.3378393285         3.9399506031         0.0774577327
        8.9100047000         2.4000000000         1.3429439823         3.9476062355         0.2104323812
        8.9150046000         2.4000000000         1.3429439823         3.9476062355         0.2104323812
        8.9200047000         2.4000000000         1.3352870017         3.9399506031         0.0109704085
        8.9250047000         2.4000000000         1.3429439823         3.9450543580         0.2104323812
        8.9300047000         2.4000000000         1.3429439823         3.9476062355         0.2104323812
        8.9350041000         2.4000000000         1.3429439823         3.9501581129         0.2104323812
        8.9400049000         2.4000000000         1.3352870017         3.9399506031         0.0109704085
        8.9450039000         2.4000000000         1.3352870017         3.9399506031         0.0109704085
        8.9500140000         2.4000000000         1.3301823480         3.9373987256        -0.1220042400
        8.9550079000         2.4000000000         1.3327346748         3.9425024806        -0.0555169157
        8.9600067000         2.4000000000         1.3454963091         3.9450543580         0.2769197054
        8.9650054000         2.4000000000         1.3403916554         3.9399506031         0.1439450570
        8.9700091000         2.4000000000         1.3352870017         3.9348468482         0.0109704085
        8.9750041000         2.4000000000         1.3276300211         3.9322949707        -0.1884915642
        8.9800099000         2.4000000000         1.3403916554         3.9425024806         0.1439450570
        8.9850052000         2.4000000000         1.3301823480         3.9373987256        -0.1220042400
        8.9900111000         2.4000000000         1.3429439823         3.9399506031         0.2104323812
        8.9950045000         2.4000000000         1.3301823480         3.9348468482        -0.1220042400
        9.0000058000         2.4000000000         1.3352870017         3.9425024806         0.0109704085
        9.0050058000         2.4000000000         1.3352870017         3.9399506031         0.0109704085
        9.0100068000         2.4000000000         1.3301823480         3.9348468482        -0.1220042400
        9.0150065000         2.4000000000         1.3327346748         3.9348468482        -0.0555169157
        9.0200066000         2.4000000000         1.3301823480         3.9348468482        -0.1220042400
        9.0250062000         2.4000000000         1.3276300211         3.9348468482        -0.1884915642
        9.0300087000         2.4000000000         1.3276300211         3.9373987256        -0.1884915642
        9.0350063000         2.4000000000         1.3250776943         3.9425024806        -0.2549788884
        9.0400071000         2.4000000000         1.3327346748         3.9373987256        -0.0555169157
        9.0450060000         2.4000000000         1.3352870017         3.9373987256         0.0109704085
        9.0500064000         2.4000000000         1.3301823480         3.9348468482        -0.1220042400
        9.0550060000         2.4000000000         1.3352870017         3.9373987256         0.0109704085
        9.0600090000         2.4000000000         1.3352870017         3.9425024806         0.0109704085
        9.0650060000         2.4000000000         1.3378393285         3.9399506031         0.0774577327
        9.0700060000         2.4000000000         1.3352870017         3.9425024806         0.0109704085
        9.0750076000         2.4000000000         1.3301823480         3.9348468482        -0.1220042400
        9.0800085000         2.4000000000         1.3429439823         3.9450543580         0.2104323812
        9.0850069000         2.4000000000         1.3352870017         3.9373987256         0.0109704085
        9.0900083000         2.4000000000         1.3429439823         3.9476062355         0.2104323812
        9.0950078000         2.4000000000         1.3378393285         3.9399506031         0.0774577327
        9.1000044000         2.4000000000         1.3327346748         3.9348468482        -0.0555169157
        9.1050066000         2.4000000000         1.3378393285         3.9425024806         0.0774577327
        9.1100052000         2.4000000000         1.3454963091         3.9476062355         0.2769197054
        9.1150073000         2.4000000000         1.3352870017         3.9348468482         0.0109704085
        9.1200082000         2.4000000000         1.3352870017         3.9373987256         0.0109704085
        9.1250135000         2.4000000000         1.3352870017         3.9399506031         0.0109704085
        9.1300087000         2.4000000000         1.3352870017         3.9399506031         0.0109704085
        9.1350067000         2.4000000000         1.3352870017         3.9399506031         0.0109704085
        9.1400054000         2.4000000000         1.3352870017         3.9399506031         0.0109704085
        9.1450114000         2.4000000000         1.3403916554         3.9476062355         0.1439450570
        9.1500092000         2.4000000000         1.3301823480         3.9373987256        -0.1220042400
        9.1550101000         2.4000000000         1.3429439823         3.9450543580         0.2104323812
        9.1600074000         2.4000000000         1.3429439823         3.9450543580         0.2104323812
        9.1650072000         2.4000000000         1.3378393285         3.9399506031         0.0774577327
        9.1700046000         2.4000000000         1.3429439823         3.9450543580         0.2104323812
        9.1750064000         2.4000000000         1.3454963091         3.9450543580         0.2769197054
        9.1800062000         2.4000000000         1.3276300211         3.9425024806        -0.1884915642
        9.1850050000         2.4000000000         1.3403916554         3.9476062355         0.1439450570
        9.1900083000         2.4000000000         1.3327346748         3.9271912158        -0.0555169157
        9.1950038000         2.4000000000         1.3327346748         3.9348468482        -0.0555169157
        9.2000038000         2.4000000000         1.3327346748         3.9425024806        -0.0555169157
        9.2050067000         2.4000000000         1.3301823480         3.9348468482        -0.1220042400
        9.2100048000         2.4000000000         1.3378393285         3.9476062355         0.0774577327
        9.2150068000         2.4000000000         1.3403916554         3.9501581129         0.1439450570
        9.2200046000         2.4000000000         1.3301823480         3.9348468482        -0.1220042400
        9.2250063000         2.4000000000         1.3352870017         3.9373987256         0.0109704085
        9.2300047000         2.4000000000         1.3403916554         3.9476062355         0.1439450570
        9.2350064000         2.4000000000         1.3352870017         3.9399506031         0.0109704085
        9.2400054000         2.4000000000         1.3352870017         3.9399506031         0.0109704085
        9.2450236000         2.4000000000         1.3352870017         3.9425024806         0.0109704085
        9.2500041000         2.4000000000         1.3429439823         3.9450543580         0.2104323812
        9.2550061000         2.4000000000         1.3378393285         3.9399506031         0.0774577327
        9.2600059000         2.4000000000         1.3454963091         3.9476062355         0.2769197054
        9.2650054000         2.4000000000         1.3276300211         3.9348468482        -0.1884915642
        9.2700047000         2.4000000000         1.3378393285         3.9399506031         0.0774577327
        9.2750047000         2.4000000000         1.3454963091         3.9501581129         0.2769197054
        9.2800047000         2.4000000000         1.3480486360         3.9450543580         0.3434070296
        9.2850034000         2.4000000000         1.3352870017         3.9399506031         0.0109704085
        9.2900047000         2.4000000000         1.3378393285         3.9399506031         0.0774577327
        9.2950031000         2.4000000000         1.3301823480         3.9348468482        -0.1220042400
        9.3000014000         2.4000000000         1.3327346748         3.9348468482        -0.0555169157
        9.3050028000         2.4000000000         1.3352870017         3.9399506031         0.0109704085
        9.3100019000         2.4000000000         1.3378393285         3.9373987256         0.0774577327
        9.3150048000         2.4000000000         1.3301823480         3.9348468482        -0.1220042400
        9.3200022000         2.4000000000         1.3327346748         3.9425024806        -0.0555169157
        9.3250021000         2.4000000000         1.3352870017         3.9399506031         0.0109704085
        9.3300056000         2.4000000000         1.3429439823         3.9476062355         0.2104323812
        9.3350057000         2.4000000000         1.3352870017         3.9399506031         0.0109704085
        9.3400031000         2.4000000000         1.3429439823         3.9476062355         0.2104323812
        9.3450022000         2.4000000000         1.3352870017         3.9399506031         0.0109704085
        9.3500012000         2.4000000000         1.3352870017         3.9399506031         0.0109704085
        9.3550033000         2.4000000000         1.3352870017         3.9399506031         0.0109704085
        9.3600066000         2.4000000000         1.3378393285         3.9425024806         0.0774577327
        9.3650041000         2.4000000000         1.3301823480         3.9348468482        -0.1220042400
        9.3700097000         2.4000000000         1.3352870017         3.9399506031         0.0109704085
        9.3773227000         2.4000000000         1.3378393285         3.9425024806         0.0774577327
        9.3912911000         2.4000000000         1.3352870017         3.9399506031         0.0109704085
        9.3918734000         2.4000000000         1.3378393285         3.9399506031         0.0774577327
        9.3925998000         2.4000000000         1.3454963091         3.9450543580         0.2769197054
        9.3950111000         2.4000000000         1.3454963091         3.9450543580         0.2769197054
        9.4000074000         2.4000000000         1.3352870017         3.9399506031         0.0109704085
        9.4050089000         2.4000000000         1.3378393285         3.9425024806         0.0774577327
        9.4100109000         2.4000000000         1.3352870017         3.9348468482         0.0109704085
        9.4151196000         2.4000000000         1.3327346748         3.9348468482        -0.0555169157
        9.4200093000         2.4000000000         1.3276300211         3.9348468482        -0.1884915642
        9.4250060000         2.4000000000         1.3301823480         3.9348468482        -0.1220042400
        9.4300099000         2.4000000000         1.3352870017         3.9425024806         0.0109704085
        9.4350058000         2.4000000000         1.3352870017         3.9399506031         0.0109704085
        9.4400084000         2.4000000000         1.3352870017         3.9399506031         0.0109704085
        9.4450065000         2.4000000000         1.3352870017         3.9399506031         0.0109704085
        9.4500071000         2.4000000000         1.3301823480         3.9348468482        -0.1220042400
        9.4550044000         2.4000000000         1.3301823480         3.9348468482        -0.1220042400
        9.4600048000         2.4000000000         1.3378393285         3.9425024806         0.0774577327
        9.4650037000         2.4000000000         1.3352870017         3.9399506031         0.0109704085
        9.4700580000         2.4000000000         1.3352870017         3.9450543580         0.0109704085
        9.4750506000         2.4000000000         1.3301823480         3.9348468482        -0.1220042400
        9.4800502000         2.4000000000         1.3352870017         3.9399506031         0.0109704085
        9.4850047000         2.4000000000         1.3403916554         3.9476062355         0.1439450570
        9.4900047000         2.4000000000         1.3454963091         3.9450543580         0.2769197054
        9.4950189000         2.4000000000         1.3301823480         3.9348468482        -0.1220042400
        9.5000053000         2.4000000000         1.3301823480         3.9348468482        -0.1220042400
        9.5050056000         2.4000000000         1.3327346748         3.9297430933        -0.0555169157
        9.5100046000         2.4000000000         1.3378393285         3.9425024806         0.0774577327
        9.5150060000         2.4000000000         1.3352870017         3.9399506031         0.0109704085
        9.5200049000         2.4000000000         1.3301823480         3.9348468482        -0.1220042400
        9.5250051000         2.4000000000         1.3352870017         3.9425024806         0.0109704085
        9.5300061000         2.4000000000         1.3429439823         3.9450543580         0.2104323812
        9.5350048000         2.4000000000         1.3403916554         3.9476062355         0.1439450570
        9.5400032000         2.4000000000         1.3327346748         3.9399506031        -0.0555169157
        9.5450050000         2.4000000000         1.3301823480         3.9373987256        -0.1220042400
        9.5500062000         2.4000000000         1.3352870017         3.9399506031         0.0109704085
        9.5550108000         2.4000000000         1.3429439823         3.9450543580         0.2104323812
        9.5600037000         2.4000000000         1.3429439823         3.9450543580         0.2104323812
        9.5650035000         2.4000000000         1.3378393285         3.9476062355         0.0774577327
        9.5700041000         2.4000000000         1.3429439823         3.9501581129         0.2104323812
        9.5750049000         2.4000000000         1.3352870017         3.9399506031         0.0109704085
        9.5800047000         2.4000000000         1.3378393285         3.9399506031         0.0774577327
        9.5850048000         2.4000000000         1.3352870017         3.9399506031         0.0109704085
        9.5900196000         2.4000000000         1.3352870017         3.9425024806         0.0109704085
        9.5950077000         2.4000000000         1.3378393285         3.9399506031         0.0774577327
        9.6000076000         2.4000000000         1.3352870017         3.9425024806         0.0109704085
        9.6050061000         2.4000000000         1.3378393285         3.9399506031         0.0774577327
        9.6100066000         2.4000000000         1.3454963091         3.9450543580         0.2769197054
        9.6150057000         2.4000000000         1.3352870017         3.9399506031         0.0109704085
        9.6200037000         2.4000000000         1.3352870017         3.9373987256         0.0109704085
        9.6250047000         2.4000000000         1.3352870017         3.9399506031         0.0109704085
        9.6300050000         2.4000000000         1.3327346748         3.9399506031        -0.0555169157
        9.6350106000         2.4000000000         1.3352870017         3.9373987256         0.0109704085
        9.6400049000         2.4000000000         1.3429439823         3.9476062355         0.2104323812
        9.6450051000         2.4000000000         1.3352870017         3.9399506031         0.0109704085
        9.6500054000         2.4000000000         1.3301823480         3.9348468482        -0.1220042400
        9.6550052000         2.4000000000         1.3429439823         3.9476062355         0.2104323812
        9.6600076000         2.4000000000         1.3327346748         3.9348468482        -0.0555169157
        9.6650048000         2.4000000000         1.3352870017         3.9425024806         0.0109704085
        9.6700048000         2.4000000000         1.3378393285         3.9399506031         0.0774577327
        9.6750033000         2.4000000000         1.3403916554         3.9501581129         0.1439450570
        9.6800050000         2.4000000000         1.3301823480         3.9348468482        -0.1220042400
        9.6850031000         2.4000000000         1.3429439823         3.9399506031         0.2104323812
        9.6900049000         2.4000000000         1.3378393285         3.9399506031         0.0774577327
        9.6950046000         2.4000000000         1.3378393285         3.9399506031         0.0774577327
        9.7000022000         2.4000000000         1.3301823480         3.9425024806        -0.1220042400
        9.7050049000         2.4000000000         1.3327346748         3.9425024806        -0.0555169157
        9.7100026000         2.4000000000         1.3429439823         3.9476062355         0.2104323812
        9.7150027000         2.4000000000         1.3301823480         3.9348468482        -0.1220042400
        9.7200029000         2.4000000000         1.3327346748         3.9348468482        -0.0555169157
        9.7250056000         2.4000000000         1.3352870017         3.9399506031         0.0109704085
        9.7300023000         2.4000000000         1.3429439823         3.9450543580         0.2104323812
        9.7350022000         2.4000000000         1.3352870017         3.9425024806         0.0109704085
        9.7400061000         2.4000000000         1.3352870017         3.9399506031         0.0109704085
        9.7450051000         2.4000000000         1.3403916554         3.9476062355         0.1439450570
        9.7500063000         2.4000000000         1.3403916554         3.9476062355         0.1439450570
        9.7550081000         2.4000000000         1.3327346748         3.9348468482        -0.0555169157
        9.7600133000         2.4000000000         1.3327346748         3.9322949707        -0.0555169157
        9.7650054000         2.4000000000         1.3352870017         3.9425024806         0.0109704085
        9.7700077000         2.4000000000         1.3327346748         3.9246393383        -0.0555169157
        9.7750119000         2.4000000000         1.3429439823         3.9450543580         0.2104323812
        9.7800124000         2.4000000000         1.3301823480         3.9348468482        -0.1220042400
        9.7850057000         2.4000000000         1.3097637331         3.9348468482        -0.6539028338
        9.7900141000         2.4000000000         1.3429439823         3.9476062355         0.2104323812
        9.7950059000         2.4000000000         1.3429439823         3.9476062355         0.2104323812
        9.8000056000         2.4000000000         1.3429439823         3.9476062355         0.2104323812
        9.8050051000         2.4000000000         1.3429439823         3.9476062355         0.2104323812
        9.8100101000         2.4000000000         1.3378393285         3.9399506031         0.0774577327
        9.8150047000         2.4000000000         1.3352870017         3.9425024806         0.0109704085
        9.8200054000         2.4000000000         1.3352870017         3.9425024806         0.0109704085
        9.8250049000         2.4000000000         1.3403916554         3.9476062355         0.1439450570
        9.8300033000         2.4000000000         1.3352870017         3.9399506031         0.0109704085
        9.8350045000         2.4000000000         1.3429439823         3.9476062355         0.2104323812
        9.8400053000         2.4000000000         1.3429439823         3.9450543580         0.2104323812
        9.8450053000         2.4000000000         1.3403916554         3.9476062355         0.1439450570
        9.8500049000         2.4000000000         1.3378393285         3.9399506031         0.0774577327
        9.8550067000         2.4000000000         1.3352870017         3.9399506031         0.0109704085
        9.8600070000         2.4000000000         1.2995544257         3.9425024806        -0.9198521307
        9.8650075000         2.4000000000         1.3301823480         3.9322949707        -0.1220042400
        9.8700070000         2.4000000000         1.3301823480         3.9348468482        -0.1220042400
        9.8750113000         2.4000000000         1.3429439823         3.9450543580         0.2104323812
        9.8800052000         2.4000000000         1.3378393285         3.9399506031         0.0774577327
        9.8850068000         2.4000000000         1.3403916554         3.9476062355         0.1439450570
        9.8900068000         2.4000000000         1.3352870017         3.9373987256         0.0109704085
        9.8950074000         2.4000000000         1.3378393285         3.9399506031         0.0774577327
        9.9000066000         2.4000000000         1.3327346748         3.9348468482        -0.0555169157
        9.9050061000         2.4000000000         1.3301823480         3.9322949707        -0.1220042400
        9.9100077000         2.4000000000         1.3352870017         3.9399506031         0.0109704085
        9.9150093000         2.4000000000         1.3403916554         3.9476062355         0.1439450570
        9.9200041000         2.4000000000         1.3429439823         3.9450543580         0.2104323812
        9.9250066000         2.4000000000         1.3378393285         3.9425024806         0.0774577327
        9.9300070000         2.4000000000         1.3250776943         3.9425024806        -0.2549788884
        9.9350129000         2.4000000000         1.3352870017         3.9399506031         0.0109704085
        9.9400064000         2.4000000000         1.3352870017         3.9425024806         0.0109704085
        9.9450134000         2.4000000000         1.3327346748         3.9399506031        -0.0555169157
        9.9500102000         2.4000000000         1.3276300211         3.9399506031        -0.1884915642
        9.9550076000         2.4000000000         1.3301823480         3.9373987256        -0.1220042400
        9.9600085000         2.4000000000         1.3378393285         3.9399506031         0.0774577327
        9.9650067000         2.4000000000         1.3454963091         3.9450543580         0.2769197054
        9.9700102000         2.4000000000         1.3352870017         3.9399506031         0.0109704085
        9.9750066000         2.4000000000         1.3378393285         3.9373987256         0.0774577327
        9.9800046000         2.4000000000         1.3403916554         3.9476062355         0.1439450570
        9.9850059000         2.4000000000         1.3403916554         3.9476062355         0.1439450570
        9.9900047000         2.4000000000         1.3327346748         3.9399506031        -0.0555169157
        9.9950070000         2.4000000000         1.3403916554         3.9450543580         0.1439450570
