-2.5	0.5
-2.499	0.501321738168021
-2.498	0.502641903059089
-2.497	0.503960500277924
-2.496	0.505277535396045
-2.495	0.506593013952048
-2.494	0.507906941451877
-2.493	0.509219323369093
-2.492	0.510530165145138
-2.491	0.5118394721896
-2.49	0.513147249880476
-2.489	0.514453503564423
-2.488	0.51575823855702
-2.487	0.517061460143014
-2.486	0.518363173576577
-2.485	0.519663384081549
-2.484	0.520962096851678
-2.483	0.522259317050873
-2.482	0.523555049813432
-2.481	0.52484930024429
-2.48	0.526142073419244
-2.479	0.52743337438519
-2.478	0.528723208160353
-2.477	0.530011579734515
-2.476	0.531298494069236
-2.475	0.532583956098082
-2.474	0.533867970726844
-2.473	0.535150542833755
-2.472	0.536431677269706
-2.471	0.537711378858465
-2.47	0.53898965239688
-2.469	0.540266502655099
-2.468	0.541541934376769
-2.467	0.542815952279247
-2.466	0.544088561053802
-2.465	0.545359765365816
-2.464	0.546629569854983
-2.463	0.547897979135507
-2.462	0.549164997796301
-2.461	0.550430630401176
-2.46	0.551694881489033
-2.459	0.552957755574057
-2.458	0.5542192571459
-2.457	0.555479390669874
-2.456	0.556738160587126
-2.455	0.557995571314827
-2.454	0.559251627246356
-2.453	0.560506332751469
-2.452	0.561759692176485
-2.451	0.563011709844457
-2.45	0.564262390055349
-2.449	0.565511737086208
-2.448	0.566759755191331
-2.447	0.568006448602438
-2.446	0.569251821528837
-2.445	0.570495878157593
-2.444	0.571738622653688
-2.443	0.572980059160186
-2.442	0.574220191798395
-2.441	0.575459024668024
-2.44	0.576696561847344
-2.439	0.577932807393342
-2.438	0.579167765341879
-2.437	0.580401439707841
-2.436	0.581633834485292
-2.435	0.582864953647627
-2.434	0.584094801147718
-2.433	0.585323380918065
-2.432	0.586550696870941
-2.431	0.587776752898537
-2.43	0.589001552873109
-2.429	0.590225100647117
-2.428	0.591447400053368
-2.427	0.592668454905156
-2.426	0.593888268996403
-2.425	0.595106846101791
-2.424	0.596324189976903
-2.423	0.597540304358357
-2.422	0.59875519296394
-2.421	0.599968859492738
-2.42	0.601181307625272
-2.419	0.602392541023623
-2.418	0.603602563331567
-2.417	0.604811378174696
-2.416	0.606018989160551
-2.415	0.607225399878744
-2.414	0.608430613901083
-2.413	0.609634634781698
-2.412	0.610837466057158
-2.411	0.612039111246597
-2.41	0.613239573851832
-2.409	0.614438857357485
-2.408	0.615636965231093
-2.407	0.616833900923235
-2.406	0.618029667867642
-2.405	0.619224269481314
-2.404	0.620417709164632
-2.403	0.621609990301473
-2.402	0.62280111625932
-2.401	0.623991090389377
-2.4	0.625179916026672
-2.399	0.626367596490173
-2.398	0.627554135082893
-2.397	0.628739535091997
-2.396	0.629923799788906
-2.395	0.63110693242941
-2.394	0.632288936253763
-2.393	0.633469814486795
-2.392	0.634649570338007
-2.391	0.635828207001676
-2.39	0.637005727656961
-2.389	0.638182135467994
-2.388	0.639357433583983
-2.387	0.640531625139315
-2.386	0.641704713253646
-2.385	0.642876701032002
-2.384	0.644047591564874
-2.383	0.645217387928312
-2.382	0.646386093184023
-2.381	0.64755371037946
-2.38	0.648720242547915
-2.379	0.649885692708615
-2.378	0.65105006386681
-2.377	0.652213359013864
-2.376	0.653375581127343
-2.375	0.654536733171109
-2.374	0.655696818095401
-2.373	0.656855838836928
-2.372	0.658013798318956
-2.371	0.659170699451388
-2.37	0.660326545130857
-2.369	0.661481338240804
-2.368	0.662635081651566
-2.367	0.663787778220459
-2.366	0.664939430791857
-2.365	0.666090042197281
-2.364	0.667239615255472
-2.363	0.668388152772476
-2.362	0.669535657541722
-2.361	0.670682132344108
-2.36	0.671827579948066
-2.359	0.672972003109655
-2.358	0.674115404572628
-2.357	0.675257787068512
-2.356	0.676399153316687
-2.355	0.677539506024455
-2.354	0.678678847887123
-2.353	0.67981718158807
-2.352	0.680954509798825
-2.351	0.682090835179139
-2.35	0.683226160377056
-2.349	0.684360488028991
-2.348	0.685493820759792
-2.347	0.686626161182817
-2.346	0.687757511900006
-2.345	0.688887875501944
-2.344	0.690017254567938
-2.343	0.691145651666078
-2.342	0.692273069353311
-2.341	0.693399510175507
-2.34	0.694524976667524
-2.339	0.695649471353276
-2.338	0.696772996745801
-2.337	0.697895555347324
-2.336	0.699017149649322
-2.335	0.700137782132589
-2.334	0.701257455267302
-2.333	0.70237617151308
-2.332	0.703493933319053
-2.331	0.704610743123919
-2.33	0.705726603356008
-2.329	0.706841516433346
-2.328	0.707955484763715
-2.327	0.709068510744708
-2.326	0.710180596763799
-2.325	0.711291745198395
-2.324	0.712401958415901
-2.323	0.71351123877377
-2.322	0.714619588619575
-2.321	0.715727010291053
-2.32	0.716833506116172
-2.319	0.717939078413185
-2.318	0.719043729490684
-2.317	0.720147461647662
-2.316	0.721250277173563
-2.315	0.722352178348342
-2.314	0.723453167442516
-2.313	0.724553246717223
-2.312	0.725652418424272
-2.311	0.726750684806199
-2.31	0.727848048096321
-2.309	0.728944510518785
-2.308	0.730040074288628
-2.307	0.73113474161182
-2.306	0.732228514685324
-2.305	0.733321395697142
-2.304	0.734413386826369
-2.303	0.735504490243243
-2.302	0.736594708109194
-2.301	0.737684042576895
-2.3	0.738772495790314
-2.299	0.739860069884757
-2.298	0.740946766986924
-2.297	0.742032589214951
-2.296	0.743117538678467
-2.295	0.744201617478628
-2.294	0.745284827708181
-2.293	0.746367171451497
-2.292	0.747448650784626
-2.291	0.748529267775341
-2.29	0.749609024483183
-2.289	0.750687922959509
-2.288	0.751765965247539
-2.287	0.752843153382391
-2.286	0.753919489391143
-2.285	0.75499497529286
-2.284	0.756069613098651
-2.283	0.757143404811706
-2.282	0.758216352427342
-2.281	0.759288457933045
-2.28	0.760359723308516
-2.279	0.761430150525708
-2.278	0.762499741548874
-2.277	0.763568498334608
-2.276	0.764636422831883
-2.275	0.765703516982095
-2.274	0.766769782719107
-2.273	0.767835221969284
-2.272	0.768899836651539
-2.271	0.76996362867737
-2.27	0.7710265999509
-2.269	0.77208875236892
-2.268	0.773150087820926
-2.267	0.774210608189156
-2.266	0.775270315348634
-2.265	0.776329211167206
-2.264	0.777387297505577
-2.263	0.778444576217352
-2.262	0.779501049149073
-2.261	0.780556718140255
-2.26	0.781611585023425
-2.259	0.782665651624158
-2.258	0.783718919761116
-2.257	0.784771391246083
-2.256	0.785823067884001
-2.255	0.786873951473006
-2.254	0.787924043804465
-2.253	0.788973346663012
-2.252	0.790021861826582
-2.251	0.791069591066444
-2.25	0.792116536147245
-2.249	0.793162698827031
-2.248	0.794208080857294
-2.247	0.795252683982998
-2.246	0.796296509942616
-2.245	0.797339560468166
-2.244	0.79838183728524
-2.243	0.79942334211304
-2.242	0.80046407666441
-2.241	0.80150404264587
-2.24	0.802543241757649
-2.239	0.803581675693715
-2.238	0.80461934614181
-2.237	0.805656254783479
-2.236	0.806692403294106
-2.235	0.807727793342939
-2.234	0.80876242659313
-2.233	0.809796304701759
-2.232	0.810829429319869
-2.231	0.811861802092495
-2.23	0.812893424658693
-2.229	0.813924298651574
-2.228	0.814954425698335
-2.227	0.815983807420279
-2.226	0.817012445432861
-2.225	0.818040341345702
-2.224	0.81906749676263
-2.223	0.8200939132817
-2.222	0.821119592495229
-2.221	0.822144535989827
-2.22	0.823168745346415
-2.219	0.824192222140264
-2.218	0.82521496794102
-2.217	0.82623698431273
-2.216	0.827258272813873
-2.215	0.828278834997385
-2.214	0.829298672410689
-2.213	0.830317786595718
-2.212	0.83133617908895
-2.211	0.832353851421426
-2.21	0.833370805118785
-2.209	0.834387041701284
-2.208	0.835402562683829
-2.207	0.836417369576001
-2.206	0.837431463882076
-2.205	0.838444847101061
-2.204	0.839457520726713
-2.203	0.840469486247568
-2.202	0.841480745146961
-2.201	0.842491298903059
-2.2	0.843501148988882
-2.199	0.844510296872328
-2.198	0.845518744016199
-2.197	0.846526491878225
-2.196	0.847533541911089
-2.195	0.848539895562451
-2.194	0.849545554274972
-2.193	0.850550519486342
-2.192	0.851554792629296
-2.191	0.852558375131645
-2.19	0.853561268416299
-2.189	0.854563473901284
-2.188	0.855564992999774
-2.187	0.856565827120109
-2.186	0.85756597766582
-2.185	0.858565446035651
-2.184	0.859564233623582
-2.183	0.860562341818853
-2.182	0.861559772005984
-2.181	0.8625565255648
-2.18	0.863552603870452
-2.179	0.86454800829344
-2.178	0.865542740199633
-2.177	0.866536800950291
-2.176	0.867530191902092
-2.175	0.868522914407146
-2.174	0.869514969813021
-2.173	0.870506359462763
-2.172	0.871497084694919
-2.171	0.872487146843555
-2.17	0.873476547238278
-2.169	0.87446528720426
-2.168	0.875453368062255
-2.167	0.876440791128618
-2.166	0.877427557715332
-2.165	0.878413669130023
-2.164	0.879399126675982
-2.163	0.880383931652183
-2.162	0.881368085353307
-2.161	0.88235158906976
-2.16	0.883334444087689
-2.159	0.884316651689009
-2.158	0.885298213151416
-2.157	0.88627912974841
-2.156	0.887259402749312
-2.155	0.888239033419286
-2.154	0.889218023019356
-2.153	0.890196372806424
-2.152	0.891174084033292
-2.151	0.892151157948676
-2.15	0.893127595797231
-2.149	0.894103398819564
-2.148	0.895078568252254
-2.147	0.896053105327873
-2.146	0.897027011274998
-2.145	0.898000287318237
-2.144	0.89897293467824
-2.143	0.89994495457172
-2.142	0.900916348211473
-2.141	0.901887116806389
-2.14	0.902857261561477
-2.139	0.903826783677878
-2.138	0.904795684352884
-2.137	0.905763964779953
-2.136	0.906731626148731
-2.135	0.907698669645062
-2.134	0.908665096451012
-2.133	0.909630907744882
-2.132	0.910596104701224
-2.131	0.911560688490861
-2.13	0.912524660280902
-2.129	0.913488021234756
-2.128	0.914450772512152
-2.127	0.915412915269155
-2.126	0.916374450658179
-2.125	0.917335379828006
-2.124	0.918295703923801
-2.123	0.91925542408713
-2.122	0.92021454145597
-2.121	0.921173057164733
-2.12	0.922130972344273
-2.119	0.923088288121911
-2.118	0.924045005621441
-2.117	0.925001125963152
-2.116	0.925956650263841
-2.115	0.926911579636826
-2.114	0.927865915191968
-2.113	0.928819658035676
-2.112	0.929772809270932
-2.111	0.930725369997299
-2.11	0.931677341310938
-2.109	0.932628724304625
-2.108	0.933579520067761
-2.107	0.93452972968639
-2.106	0.935479354243214
-2.105	0.936428394817602
-2.104	0.937376852485613
-2.103	0.938324728320002
-2.102	0.939272023390238
-2.101	0.94021873876252
-2.1	0.941164875499786
-2.099	0.942110434661731
-2.098	0.94305541730482
-2.097	0.943999824482299
-2.096	0.944943657244213
-2.095	0.945886916637418
-2.094	0.946829603705591
-2.093	0.947771719489249
-2.092	0.94871326502576
-2.091	0.949654241349356
-2.09	0.950594649491146
-2.089	0.951534490479129
-2.088	0.95247376533821
-2.087	0.95341247509021
-2.086	0.954350620753879
-2.085	0.95528820334491
-2.084	0.956225223875953
-2.083	0.957161683356624
-2.082	0.958097582793522
-2.081	0.959032923190238
-2.08	0.959967705547372
-2.079	0.960901930862538
-2.078	0.961835600130387
-2.077	0.962768714342608
-2.076	0.963701274487949
-2.075	0.964633281552225
-2.074	0.965564736518331
-2.073	0.966495640366255
-2.072	0.967425994073088
-2.071	0.968355798613039
-2.07	0.969285054957443
-2.069	0.970213764074776
-2.068	0.971141926930667
-2.067	0.972069544487906
-2.066	0.972996617706459
-2.065	0.97392314754348
-2.064	0.97484913495332
-2.063	0.97577458088754
-2.062	0.976699486294922
-2.061	0.97762385212148
-2.06	0.978547679310473
-2.059	0.979470968802413
-2.058	0.980393721535081
-2.057	0.981315938443531
-2.056	0.982237620460111
-2.055	0.983158768514463
-2.054	0.984079383533542
-2.053	0.984999466441623
-2.052	0.985919018160314
-2.051	0.986838039608566
-2.05	0.987756531702682
-2.049	0.988674495356329
-2.048	0.98959193148055
-2.047	0.990508840983773
-2.046	0.991425224771821
-2.045	0.992341083747923
-2.044	0.993256418812727
-2.043	0.994171230864304
-2.042	0.995085520798165
-2.041	0.995999289507268
-2.04	0.996912537882028
-2.039	0.997825266810328
-2.038	0.998737477177528
-2.037	0.999649169866477
-2.036	1.00056034575752
-2.035	1.00147100572851
-2.034	1.00238115065483
-2.033	1.00329078140936
-2.032	1.00419989886255
-2.031	1.00510850388238
-2.03	1.00601659733439
-2.029	1.00692418008167
-2.028	1.00783125298493
-2.027	1.00873781690241
-2.026	1.00964387268998
-2.025	1.01054942120111
-2.024	1.01145446328688
-2.023	1.01235899979599
-2.022	1.01326303157476
-2.021	1.01416655946718
-2.02	1.01506958431488
-2.019	1.01597210695713
-2.018	1.01687412823089
-2.017	1.0177756489708
-2.016	1.01867667000916
-2.015	1.01957719217601
-2.014	1.02047721629905
-2.013	1.02137674320372
-2.012	1.02227577371317
-2.011	1.0231743086483
-2.01	1.02407234882773
-2.009	1.02496989506783
-2.008	1.02586694818273
-2.007	1.02676350898434
-2.006	1.02765957828234
-2.005	1.02855515688416
-2.004	1.02945024559507
-2.003	1.03034484521812
-2.002	1.03123895655415
-2.001	1.03213258040184
-2	1.03302571755769
-1.999	1.03391836881603
-1.998	1.03481053496904
-1.997	1.03570221680673
-1.996	1.036593415117
-1.995	1.03748413068558
-1.994	1.0383743642961
-1.993	1.03926411673006
-1.992	1.04015338876685
-1.991	1.04104218118377
-1.99	1.04193049475602
-1.989	1.04281833025671
-1.988	1.04370568845687
-1.987	1.04459257012546
-1.986	1.04547897602939
-1.985	1.04636490693351
-1.984	1.04725036360061
-1.983	1.04813534679145
-1.982	1.04901985726477
-1.981	1.04990389577726
-1.98	1.05078746308361
-1.979	1.05167055993651
-1.978	1.05255318708662
-1.977	1.05343534528263
-1.976	1.05431703527124
-1.975	1.05519825779716
-1.974	1.05607901360313
-1.973	1.05695930342993
-1.972	1.0578391280164
-1.971	1.05871848809938
-1.97	1.05959738441382
-1.969	1.06047581769271
-1.968	1.06135378866711
-1.967	1.06223129806616
-1.966	1.06310834661709
-1.965	1.06398493504521
-1.964	1.06486106407395
-1.963	1.06573673442484
-1.962	1.0666119468175
-1.961	1.0674867019697
-1.96	1.06836100059732
-1.959	1.06923484341439
-1.958	1.07010823113307
-1.957	1.07098116446365
-1.956	1.0718536441146
-1.955	1.07272567079256
-1.954	1.0735972452023
-1.953	1.07446836804678
-1.952	1.07533904002717
-1.951	1.07620926184278
-1.95	1.07707903419115
-1.949	1.077948357768
-1.948	1.07881723326727
-1.947	1.07968566138111
-1.946	1.08055364279987
-1.945	1.08142117821217
-1.944	1.08228826830481
-1.943	1.08315491376288
-1.942	1.08402111526968
-1.941	1.08488687350676
-1.94	1.08575218915396
-1.939	1.08661706288936
-1.938	1.08748149538931
-1.937	1.08834548732845
-1.936	1.08920903937968
-1.935	1.09007215221421
-1.934	1.09093482650154
-1.933	1.09179706290946
-1.932	1.09265886210409
-1.931	1.09352022474983
-1.93	1.09438115150943
-1.929	1.09524164304395
-1.928	1.09610170001278
-1.927	1.09696132307365
-1.926	1.09782051288263
-1.925	1.09867927009414
-1.924	1.09953759536096
-1.923	1.10039548933422
-1.922	1.10125295266342
-1.921	1.10210998599643
-1.92	1.1029665899795
-1.919	1.10382276525726
-1.918	1.10467851247274
-1.917	1.10553383226733
-1.916	1.10638872528087
-1.915	1.10724319215157
-1.914	1.10809723351606
-1.913	1.10895085000938
-1.912	1.109804042265
-1.911	1.11065681091483
-1.91	1.11150915658918
-1.909	1.11236107991683
-1.908	1.11321258152499
-1.907	1.11406366203931
-1.906	1.11491432208392
-1.905	1.11576456228138
-1.904	1.11661438325273
-1.903	1.11746378561749
-1.902	1.11831276999364
-1.901	1.11916133699765
-1.9	1.12000948724447
-1.899	1.12085722134754
-1.898	1.1217045399188
-1.897	1.1225514435687
-1.896	1.12339793290619
-1.895	1.12424400853872
-1.894	1.12508967107228
-1.893	1.12593492111137
-1.892	1.12677975925901
-1.891	1.12762418611676
-1.89	1.12846820228472
-1.889	1.12931180836153
-1.888	1.13015500494437
-1.887	1.13099779262898
-1.886	1.13184017200966
-1.885	1.13268214367926
-1.884	1.13352370822921
-1.883	1.13436486624949
-1.882	1.13520561832869
-1.881	1.13604596505396
-1.88	1.13688590701103
-1.879	1.13772544478423
-1.878	1.13856457895648
-1.877	1.13940331010932
-1.876	1.14024163882286
-1.875	1.14107956567585
-1.874	1.14191709124565
-1.873	1.14275421610822
-1.872	1.14359094083816
-1.871	1.14442726600869
-1.87	1.14526319219167
-1.869	1.14609871995759
-1.868	1.14693384987559
-1.867	1.14776858251346
-1.866	1.14860291843761
-1.865	1.14943685821314
-1.864	1.1502704024038
-1.863	1.15110355157199
-1.862	1.1519363062788
-1.861	1.15276866708399
-1.86	1.15360063454597
-1.859	1.15443220922187
-1.858	1.15526339166748
-1.857	1.15609418243729
-1.856	1.15692458208449
-1.855	1.15775459116095
-1.854	1.15858421021727
-1.853	1.15941343980273
-1.852	1.16024228046534
-1.851	1.16107073275183
-1.85	1.16189879720764
-1.849	1.16272647437692
-1.848	1.16355376480258
-1.847	1.16438066902625
-1.846	1.16520718758829
-1.845	1.16603332102781
-1.844	1.16685906988265
-1.843	1.16768443468941
-1.842	1.16850941598346
-1.841	1.1693340142989
-1.84	1.1701582301686
-1.839	1.17098206412421
-1.838	1.17180551669612
-1.837	1.17262858841353
-1.836	1.17345127980438
-1.835	1.17427359139541
-1.834	1.17509552371216
-1.833	1.17591707727894
-1.832	1.17673825261884
-1.831	1.17755905025378
-1.83	1.17837947070447
-1.829	1.1791995144904
-1.828	1.1800191821299
-1.827	1.18083847414009
-1.826	1.18165739103694
-1.825	1.18247593333519
-1.824	1.18329410154844
-1.823	1.18411189618911
-1.822	1.18492931776845
-1.821	1.18574636679654
-1.82	1.1865630437823
-1.819	1.1873793492335
-1.818	1.18819528365675
-1.817	1.18901084755751
-1.816	1.18982604144009
-1.815	1.19064086580766
-1.814	1.19145532116226
-1.813	1.19226940800478
-1.812	1.19308312683499
-1.811	1.19389647815151
-1.81	1.19470946245187
-1.809	1.19552208023245
-1.808	1.19633433198851
-1.807	1.19714621821422
-1.806	1.19795773940262
-1.805	1.19876889604565
-1.804	1.19957968863414
-1.803	1.20039011765782
-1.802	1.20120018360534
-1.801	1.20200988696424
-1.8	1.20281922822096
-1.799	1.20362820786088
-1.798	1.20443682636827
-1.797	1.20524508422635
-1.796	1.20605298191723
-1.795	1.20686051992196
-1.794	1.20766769872054
-1.793	1.20847451879188
-1.792	1.20928098061383
-1.791	1.21008708466318
-1.79	1.21089283141567
-1.789	1.21169822134599
-1.788	1.21250325492776
-1.787	1.21330793263357
-1.786	1.21411225493497
-1.785	1.21491622230246
-1.784	1.2157198352055
-1.783	1.21652309411252
-1.782	1.21732599949093
-1.781	1.21812855180709
-1.78	1.21893075152635
-1.779	1.21973259911305
-1.778	1.22053409503048
-1.777	1.22133523974094
-1.776	1.22213603370571
-1.775	1.22293647738507
-1.774	1.22373657123828
-1.773	1.2245363157236
-1.772	1.22533571129831
-1.771	1.22613475841866
-1.77	1.22693345753993
-1.769	1.22773180911641
-1.768	1.22852981360138
-1.767	1.22932747144717
-1.766	1.2301247831051
-1.765	1.23092174902552
-1.764	1.23171836965782
-1.763	1.23251464545038
-1.762	1.23331057685065
-1.761	1.23410616430509
-1.76	1.23490140825921
-1.759	1.23569630915755
-1.758	1.23649086744368
-1.757	1.23728508356025
-1.756	1.23807895794892
-1.755	1.23887249105043
-1.754	1.23966568330456
-1.753	1.24045853515013
-1.752	1.24125104702505
-1.751	1.24204321936628
-1.75	1.24283505260984
-1.749	1.24362654719082
-1.748	1.24441770354338
-1.747	1.24520852210075
-1.746	1.24599900329525
-1.745	1.24678914755826
-1.744	1.24757895532025
-1.743	1.24836842701078
-1.742	1.24915756305849
-1.741	1.2499463638911
-1.74	1.25073482993545
-1.739	1.25152296161745
-1.738	1.25231075936211
-1.737	1.25309822359355
-1.736	1.253885354735
-1.735	1.25467215320876
-1.734	1.25545861943629
-1.733	1.25624475383812
-1.732	1.2570305568339
-1.731	1.25781602884242
-1.73	1.25860117028156
-1.729	1.25938598156834
-1.728	1.2601704631189
-1.727	1.2609546153485
-1.726	1.26173843867153
-1.725	1.26252193350152
-1.724	1.26330510025113
-1.723	1.26408793933216
-1.722	1.26487045115553
-1.721	1.26565263613133
-1.72	1.26643449466878
-1.719	1.26721602717625
-1.718	1.26799723406124
-1.717	1.26877811573045
-1.716	1.26955867258967
-1.715	1.27033890504391
-1.714	1.27111881349729
-1.713	1.27189839835311
-1.712	1.27267766001384
-1.711	1.27345659888112
-1.71	1.27423521535574
-1.709	1.27501350983768
-1.708	1.27579148272607
-1.707	1.27656913441924
-1.706	1.27734646531469
-1.705	1.2781234758091
-1.704	1.27890016629833
-1.703	1.27967653717743
-1.702	1.28045258884064
-1.701	1.28122832168139
-1.7	1.28200373609229
-1.699	1.28277883246516
-1.698	1.28355361119101
-1.697	1.28432807266005
-1.696	1.28510221726169
-1.695	1.28587604538456
-1.694	1.28664955741646
-1.693	1.28742275374444
-1.692	1.28819563475474
-1.691	1.28896820083281
-1.69	1.28974045236333
-1.689	1.29051238973017
-1.688	1.29128401331646
-1.687	1.29205532350451
-1.686	1.29282632067588
-1.685	1.29359700521137
-1.684	1.29436737749096
-1.683	1.2951374378939
-1.682	1.29590718679868
-1.681	1.29667662458298
-1.68	1.29744575162377
-1.679	1.29821456829722
-1.678	1.29898307497876
-1.677	1.29975127204306
-1.676	1.30051915986404
-1.675	1.30128673881486
-1.674	1.30205400926794
-1.673	1.30282097159494
-1.672	1.30358762616678
-1.671	1.30435397335364
-1.67	1.30512001352495
-1.669	1.30588574704942
-1.668	1.30665117429499
-1.667	1.3074162956289
-1.666	1.30818111141763
-1.665	1.30894562202695
-1.664	1.30970982782188
-1.663	1.31047372916672
-1.662	1.31123732642506
-1.661	1.31200061995974
-1.66	1.31276361013291
-1.659	1.31352629730597
-1.658	1.31428868183963
-1.657	1.31505076409386
-1.656	1.31581254442794
-1.655	1.31657402320042
-1.654	1.31733520076916
-1.653	1.31809607749129
-1.652	1.31885665372324
-1.651	1.31961692982077
-1.65	1.32037690613889
-1.649	1.32113658303194
-1.648	1.32189596085355
-1.647	1.32265503995667
-1.646	1.32341382069354
-1.645	1.32417230341571
-1.644	1.32493048847405
-1.643	1.32568837621874
-1.642	1.32644596699926
-1.641	1.32720326116443
-1.64	1.32796025906236
-1.639	1.3287169610405
-1.638	1.32947336744561
-1.637	1.33022947862379
-1.636	1.33098529492044
-1.635	1.33174081668031
-1.634	1.33249604424746
-1.633	1.3332509779653
-1.632	1.33400561817656
-1.631	1.3347599652233
-1.63	1.33551401944693
-1.629	1.33626778118819
-1.628	1.33702125078715
-1.627	1.33777442858325
-1.626	1.33852731491523
-1.625	1.33927991012123
-1.624	1.34003221453868
-1.623	1.3407842285044
-1.622	1.34153595235454
-1.621	1.34228738642461
-1.62	1.34303853104947
-1.619	1.34378938656334
-1.618	1.34453995329979
-1.617	1.34529023159175
-1.616	1.34604022177153
-1.615	1.34678992417078
-1.614	1.34753933912051
-1.613	1.34828846695111
-1.612	1.34903730799235
-1.611	1.34978586257334
-1.61	1.35053413102257
-1.609	1.35128211366792
-1.608	1.35202981083663
-1.607	1.35277722285531
-1.606	1.35352435004996
-1.605	1.35427119274595
-1.604	1.35501775126804
-1.603	1.35576402594037
-1.602	1.35651001708645
-1.601	1.35725572502921
-1.6	1.35800115009092
-1.599	1.35874629259329
-1.598	1.35949115285738
-1.597	1.36023573120367
-1.596	1.360980027952
-1.595	1.36172404342165
-1.594	1.36246777793127
-1.593	1.36321123179891
-1.592	1.36395440534203
-1.591	1.36469729887747
-1.59	1.36543991272151
-1.589	1.3661822471898
-1.588	1.36692430259742
-1.587	1.36766607925885
-1.586	1.36840757748797
-1.585	1.36914879759809
-1.584	1.36988973990192
-1.583	1.37063040471159
-1.582	1.37137079233865
-1.581	1.37211090309404
-1.58	1.37285073728816
-1.579	1.37359029523081
-1.578	1.37432957723121
-1.577	1.375068583598
-1.576	1.37580731463926
-1.575	1.37654577066248
-1.574	1.3772839519746
-1.573	1.37802185888196
-1.572	1.37875949169036
-1.571	1.37949685070501
-1.57	1.38023393623057
-1.569	1.38097074857112
-1.568	1.38170728803019
-1.567	1.38244355491075
-1.566	1.3831795495152
-1.565	1.38391527214538
-1.564	1.38465072310258
-1.563	1.38538590268754
-1.562	1.38612081120043
-1.561	1.38685544894087
-1.56	1.38758981620794
-1.559	1.38832391330016
-1.558	1.38905774051551
-1.557	1.3897912981514
-1.556	1.39052458650473
-1.555	1.39125760587183
-1.554	1.39199035654849
-1.553	1.39272283882996
-1.552	1.39345505301096
-1.551	1.39418699938566
-1.55	1.39491867824768
-1.549	1.39565008989013
-1.548	1.39638123460558
-1.547	1.39711211268605
-1.546	1.39784272442304
-1.545	1.39857307010752
-1.544	1.39930315002992
-1.543	1.40003296448016
-1.542	1.40076251374762
-1.541	1.40149179812115
-1.54	1.4022208178891
-1.539	1.40294957333926
-1.538	1.40367806475894
-1.537	1.40440629243489
-1.536	1.40513425665338
-1.535	1.40586195770013
-1.534	1.40658939586037
-1.533	1.40731657141879
-1.532	1.40804348465958
-1.531	1.40877013586642
-1.53	1.40949652532248
-1.529	1.41022265331041
-1.528	1.41094852011236
-1.527	1.41167412600996
-1.526	1.41239947128437
-1.525	1.4131245562162
-1.524	1.41384938108559
-1.523	1.41457394617215
-1.522	1.41529825175501
-1.521	1.41602229811281
-1.52	1.41674608552366
-1.519	1.41746961426519
-1.518	1.41819288461454
-1.517	1.41891589684834
-1.516	1.41963865124276
-1.515	1.42036114807343
-1.514	1.42108338761552
-1.513	1.4218053701437
-1.512	1.42252709593217
-1.511	1.42324856525461
-1.51	1.42396977838425
-1.509	1.4246907355938
-1.508	1.42541143715552
-1.507	1.42613188334116
-1.506	1.426852074422
-1.505	1.42757201066885
-1.504	1.42829169235203
-1.503	1.42901111974138
-1.502	1.42973029310627
-1.501	1.43044921271558
-1.5	1.43116787883775
-1.499	1.43188629174072
-1.498	1.43260445169195
-1.497	1.43332235895846
-1.496	1.43404001380677
-1.495	1.43475741650295
-1.494	1.43547456731261
-1.493	1.43619146650087
-1.492	1.4369081143324
-1.491	1.43762451107141
-1.49	1.43834065698164
-1.489	1.43905655232636
-1.488	1.43977219736841
-1.487	1.44048759237013
-1.486	1.44120273759343
-1.485	1.44191763329976
-1.484	1.44263227975011
-1.483	1.44334667720502
-1.482	1.44406082592456
-1.481	1.44477472616836
-1.48	1.44548837819561
-1.479	1.44620178226503
-1.478	1.4469149386349
-1.477	1.44762784756306
-1.476	1.44834050930687
-1.475	1.44905292412329
-1.474	1.44976509226881
-1.473	1.45047701399947
-1.472	1.45118868957088
-1.471	1.45190011923821
-1.47	1.45261130325618
-1.469	1.45332224187908
-1.468	1.45403293536074
-1.467	1.45474338395459
-1.466	1.4554535879136
-1.465	1.4561635474903
-1.464	1.45687326293679
-1.463	1.45758273450475
-1.462	1.45829196244542
-1.461	1.4590009470096
-1.46	1.45970968844766
-1.459	1.46041818700957
-1.458	1.46112644294483
-1.457	1.46183445650254
-1.456	1.46254222793137
-1.455	1.46324975747956
-1.454	1.46395704539493
-1.453	1.46466409192488
-1.452	1.46537089731637
-1.451	1.46607746181597
-1.45	1.4667837856698
-1.449	1.46748986912357
-1.448	1.4681957124226
-1.447	1.46890131581174
-1.446	1.46960667953548
-1.445	1.47031180383785
-1.444	1.47101668896249
-1.443	1.47172133515262
-1.442	1.47242574265106
-1.441	1.4731299117002
-1.44	1.47383384254203
-1.439	1.47453753541813
-1.438	1.47524099056967
-1.437	1.47594420823742
-1.436	1.47664718866174
-1.435	1.47734993208257
-1.434	1.47805243873948
-1.433	1.47875470887159
-1.432	1.47945674271767
-1.431	1.48015854051605
-1.43	1.48086010250466
-1.429	1.48156142892107
-1.428	1.4822625200024
-1.427	1.4829633759854
-1.426	1.48366399710643
-1.425	1.48436438360144
-1.424	1.48506453570598
-1.423	1.48576445365523
-1.422	1.48646413768395
-1.421	1.48716358802652
-1.42	1.48786280491694
-1.419	1.4885617885888
-1.418	1.48926053927531
-1.417	1.48995905720929
-1.416	1.49065734262318
-1.415	1.49135539574901
-1.414	1.49205321681847
-1.413	1.49275080606281
-1.412	1.49344816371293
-1.411	1.49414528999934
-1.41	1.49484218515218
-1.409	1.49553884940118
-1.408	1.49623528297571
-1.407	1.49693148610475
-1.406	1.49762745901692
-1.405	1.49832320194044
-1.404	1.49901871510317
-1.403	1.49971399873259
-1.402	1.50040905305579
-1.401	1.50110387829951
-1.4	1.50179847469009
-1.399	1.50249284245352
-1.398	1.50318698181541
-1.397	1.50388089300101
-1.396	1.50457457623517
-1.395	1.5052680317424
-1.394	1.50596125974683
-1.393	1.50665426047222
-1.392	1.50734703414198
-1.391	1.50803958097914
-1.39	1.50873190120635
-1.389	1.50942399504594
-1.388	1.51011586271983
-1.387	1.5108075044496
-1.386	1.51149892045648
-1.385	1.51219011096131
-1.384	1.51288107618459
-1.383	1.51357181634646
-1.382	1.51426233166669
-1.381	1.51495262236471
-1.38	1.51564268865958
-1.379	1.51633253077001
-1.378	1.51702214891435
-1.377	1.5177115433106
-1.376	1.5184007141764
-1.375	1.51908966172905
-1.374	1.51977838618549
-1.373	1.52046688776231
-1.372	1.52115516667575
-1.371	1.5218432231417
-1.37	1.5225310573757
-1.369	1.52321866959294
-1.368	1.52390606000828
-1.367	1.52459322883621
-1.366	1.52528017629088
-1.365	1.52596690258611
-1.364	1.52665340793537
-1.363	1.52733969255176
-1.362	1.52802575664809
-1.361	1.52871160043678
-1.36	1.52939722412994
-1.359	1.53008262793932
-1.358	1.53076781207634
-1.357	1.53145277675208
-1.356	1.53213752217728
-1.355	1.53282204856235
-1.354	1.53350635611736
-1.353	1.53419044505204
-1.352	1.53487431557578
-1.351	1.53555796789766
-1.35	1.53624140222641
-1.349	1.53692461877042
-1.348	1.53760761773776
-1.347	1.53829039933616
-1.346	1.53897296377304
-1.345	1.53965531125546
-1.344	1.54033744199017
-1.343	1.5410193561836
-1.342	1.54170105404183
-1.341	1.54238253577063
-1.34	1.54306380157543
-1.339	1.54374485166135
-1.338	1.54442568623319
-1.337	1.54510630549539
-1.336	1.54578670965211
-1.335	1.54646689890716
-1.334	1.54714687346405
-1.333	1.54782663352594
-1.332	1.5485061792957
-1.331	1.54918551097587
-1.33	1.54986462876865
-1.329	1.55054353287595
-1.328	1.55122222349936
-1.327	1.55190070084014
-1.326	1.55257896509923
-1.325	1.55325701647728
-1.324	1.5539348551746
-1.323	1.5546124813912
-1.322	1.55528989532677
-1.321	1.55596709718069
-1.32	1.55664408715203
-1.319	1.55732086543955
-1.318	1.55799743224169
-1.317	1.55867378775659
-1.316	1.55934993218207
-1.315	1.56002586571566
-1.314	1.56070158855456
-1.313	1.56137710089568
-1.312	1.56205240293562
-1.311	1.56272749487067
-1.31	1.56340237689681
-1.309	1.56407704920972
-1.308	1.56475151200479
-1.307	1.56542576547708
-1.306	1.56609980982138
-1.305	1.56677364523214
-1.304	1.56744727190355
-1.303	1.56812069002946
-1.302	1.56879389980345
-1.301	1.56946690141878
-1.3	1.57013969506843
-1.299	1.57081228094507
-1.298	1.57148465924107
-1.297	1.57215683014851
-1.296	1.57282879385918
-1.295	1.57350055056456
-1.294	1.57417210045585
-1.293	1.57484344372394
-1.292	1.57551458055944
-1.291	1.57618551115266
-1.29	1.57685623569362
-1.289	1.57752675437205
-1.288	1.57819706737738
-1.287	1.57886717489877
-1.286	1.57953707712506
-1.285	1.58020677424484
-1.284	1.58087626644637
-1.283	1.58154555391764
-1.282	1.58221463684637
-1.281	1.58288351541998
-1.28	1.58355218982558
-1.279	1.58422066025003
-1.278	1.58488892687989
-1.277	1.58555698990144
-1.276	1.58622484950066
-1.275	1.58689250586328
-1.274	1.58755995917472
-1.273	1.58822720962012
-1.272	1.58889425738436
-1.271	1.58956110265201
-1.27	1.59022774560737
-1.269	1.59089418643449
-1.268	1.59156042531709
-1.267	1.59222646243866
-1.266	1.59289229798237
-1.265	1.59355793213115
-1.264	1.59422336506763
-1.263	1.59488859697417
-1.262	1.59555362803286
-1.261	1.5962184584255
-1.26	1.59688308833365
-1.259	1.59754751793855
-1.258	1.5982117474212
-1.257	1.59887577696231
-1.256	1.59953960674234
-1.255	1.60020323694146
-1.254	1.60086666773958
-1.253	1.60152989931632
-1.252	1.60219293185105
-1.251	1.60285576552287
-1.25	1.6035184005106
-1.249	1.60418083699281
-1.248	1.60484307514778
-1.247	1.60550511515354
-1.246	1.60616695718786
-1.245	1.60682860142822
-1.244	1.60749004805185
-1.243	1.60815129723571
-1.242	1.60881234915652
-1.241	1.60947320399069
-1.24	1.61013386191441
-1.239	1.61079432310359
-1.238	1.61145458773388
-1.237	1.61211465598067
-1.236	1.61277452801907
-1.235	1.61343420402397
-1.234	1.61409368416997
-1.233	1.61475296863142
-1.232	1.6154120575824
-1.231	1.61607095119676
-1.23	1.61672964964807
-1.229	1.61738815310963
-1.228	1.61804646175453
-1.227	1.61870457575556
-1.226	1.61936249528527
-1.225	1.62002022051595
-1.224	1.62067775161966
-1.223	1.62133508876818
-1.222	1.62199223213304
-1.221	1.62264918188552
-1.22	1.62330593819666
-1.219	1.62396250123723
-1.218	1.62461887117775
-1.217	1.62527504818852
-1.216	1.62593103243954
-1.215	1.62658682410061
-1.214	1.62724242334123
-1.213	1.62789783033071
-1.212	1.62855304523805
-1.211	1.62920806823206
-1.21	1.62986289948126
-1.209	1.63051753915395
-1.208	1.63117198741817
-1.207	1.63182624444171
-1.206	1.63248031039213
-1.205	1.63313418543675
-1.204	1.63378786974261
-1.203	1.63444136347655
-1.202	1.63509466680514
-1.201	1.63574777989472
-1.2	1.63640070291139
-1.199	1.63705343602098
-1.198	1.63770597938912
-1.197	1.63835833318118
-1.196	1.63901049756228
-1.195	1.63966247269732
-1.194	1.64031425875094
-1.193	1.64096585588757
-1.192	1.64161726427137
-1.191	1.64226848406628
-1.19	1.64291951543601
-1.189	1.64357035854401
-1.188	1.64422101355351
-1.187	1.64487148062751
-1.186	1.64552175992876
-1.185	1.64617185161979
-1.184	1.64682175586287
-1.183	1.64747147282006
-1.182	1.64812100265319
-1.181	1.64877034552383
-1.18	1.64941950159335
-1.179	1.65006847102286
-1.178	1.65071725397326
-1.177	1.65136585060521
-1.176	1.65201426107914
-1.175	1.65266248555524
-1.174	1.65331052419348
-1.173	1.65395837715362
-1.172	1.65460604459515
-1.171	1.65525352667736
-1.17	1.65590082355931
-1.169	1.65654793539983
-1.168	1.65719486235752
-1.167	1.65784160459075
-1.166	1.65848816225767
-1.165	1.6591345355162
-1.164	1.65978072452405
-1.163	1.66042672943869
-1.162	1.66107255041737
-1.161	1.66171818761711
-1.16	1.66236364119471
-1.159	1.66300891130677
-1.158	1.66365399810962
-1.157	1.66429890175942
-1.156	1.66494362241207
-1.155	1.66558816022326
-1.154	1.66623251534848
-1.153	1.66687668794296
-1.152	1.66752067816175
-1.151	1.66816448615965
-1.15	1.66880811209126
-1.149	1.66945155611095
-1.148	1.67009481837289
-1.147	1.67073789903101
-1.146	1.67138079823903
-1.145	1.67202351615047
-1.144	1.67266605291861
-1.143	1.67330840869652
-1.142	1.67395058363706
-1.141	1.67459257789288
-1.14	1.6752343916164
-1.139	1.67587602495984
-1.138	1.6765174780752
-1.137	1.67715875111427
-1.136	1.67779984422862
-1.135	1.67844075756961
-1.134	1.6790814912884
-1.133	1.67972204553591
-1.132	1.68036242046288
-1.131	1.68100261621983
-1.13	1.68164263295705
-1.129	1.68228247082465
-1.128	1.6829221299725
-1.127	1.6835616105503
-1.126	1.68420091270749
-1.125	1.68484003659336
-1.124	1.68547898235693
-1.123	1.68611775014707
-1.122	1.6867563401124
-1.121	1.68739475240135
-1.12	1.68803298716215
-1.119	1.68867104454282
-1.118	1.68930892469117
-1.117	1.6899466277548
-1.116	1.69058415388112
-1.115	1.69122150321733
-1.114	1.69185867591041
-1.113	1.69249567210716
-1.112	1.69313249195416
-1.111	1.6937691355978
-1.11	1.69440560318427
-1.109	1.69504189485953
-1.108	1.69567801076937
-1.107	1.69631395105937
-1.106	1.69694971587489
-1.105	1.69758530536112
-1.104	1.69822071966304
-1.103	1.69885595892541
-1.102	1.69949102329282
-1.101	1.70012591290963
-1.1	1.70076062792004
-1.099	1.70139516846801
-1.098	1.70202953469735
-1.097	1.70266372675162
-1.096	1.70329774477421
-1.095	1.70393158890833
-1.094	1.70456525929697
-1.093	1.70519875608292
-1.092	1.70583207940879
-1.091	1.70646522941699
-1.09	1.70709820624973
-1.089	1.70773101004904
-1.088	1.70836364095674
-1.087	1.70899609911446
-1.086	1.70962838466364
-1.085	1.71026049774553
-1.084	1.71089243850119
-1.083	1.71152420707146
-1.082	1.71215580359703
-1.081	1.71278722821837
-1.08	1.71341848107577
-1.079	1.71404956230933
-1.078	1.71468047205894
-1.077	1.71531121046434
-1.076	1.71594177766504
-1.075	1.71657217380038
-1.074	1.71720239900951
-1.073	1.71783245343139
-1.072	1.71846233720479
-1.071	1.7190920504683
-1.07	1.71972159336032
-1.069	1.72035096601904
-1.068	1.7209801685825
-1.067	1.72160920118853
-1.066	1.72223806397478
-1.065	1.72286675707871
-1.064	1.72349528063761
-1.063	1.72412363478856
-1.062	1.72475181966849
-1.061	1.72537983541411
-1.06	1.72600768216196
-1.059	1.7266353600484
-1.058	1.7272628692096
-1.057	1.72789020978157
-1.056	1.72851738190009
-1.055	1.72914438570082
-1.054	1.72977122131917
-1.053	1.73039788889043
-1.052	1.73102438854967
-1.051	1.73165072043179
-1.05	1.73227688467151
-1.049	1.73290288140337
-1.048	1.73352871076174
-1.047	1.73415437288079
-1.046	1.73477986789453
-1.045	1.73540519593678
-1.044	1.73603035714117
-1.043	1.73665535164119
-1.042	1.73728017957011
-1.041	1.73790484106105
-1.04	1.73852933624695
-1.039	1.73915366526055
-1.038	1.73977782823443
-1.037	1.74040182530101
-1.036	1.74102565659251
-1.035	1.74164932224098
-1.034	1.7422728223783
-1.033	1.74289615713617
-1.032	1.74351932664612
-1.031	1.74414233103951
-1.03	1.7447651704475
-1.029	1.74538784500112
-1.028	1.74601035483119
-1.027	1.74663270006836
-1.026	1.74725488084314
-1.025	1.74787689728583
-1.024	1.74849874952657
-1.023	1.74912043769534
-1.022	1.74974196192194
-1.021	1.75036332233599
-1.02	1.75098451906696
-1.019	1.75160555224412
-1.018	1.75222642199661
-1.017	1.75284712845336
-1.016	1.75346767174315
-1.015	1.7540880519946
-1.014	1.75470826933613
-1.013	1.75532832389604
-1.012	1.75594821580241
-1.011	1.75656794518318
-1.01	1.75718751216612
-1.009	1.75780691687884
-1.008	1.75842615944876
-1.007	1.75904524000315
-1.006	1.75966415866911
-1.005	1.76028291557358
-1.004	1.76090151084332
-1.003	1.76151994460494
-1.002	1.76213821698487
-1.001	1.76275632810939
-1	1.76337427810461
-0.999	1.76399206709646
-0.998	1.76460969521074
-0.997	1.76522716257305
-0.996	1.76584446930885
-0.995	1.76646161554343
-0.994	1.76707860140192
-0.993	1.76769542700927
-0.992	1.7683120924903
-0.991	1.76892859796964
-0.99	1.76954494357178
-0.989	1.77016112942102
-0.988	1.77077715564153
-0.987	1.7713930223573
-0.986	1.77200872969217
-0.985	1.77262427776981
-0.984	1.77323966671374
-0.983	1.77385489664731
-0.982	1.77446996769372
-0.981	1.775084879976
-0.98	1.77569963361704
-0.979	1.77631422873956
-0.978	1.77692866546612
-0.977	1.77754294391911
-0.976	1.7781570642208
-0.975	1.77877102649327
-0.974	1.77938483085844
-0.973	1.7799984774381
-0.972	1.78061196635387
-0.971	1.78122529772721
-0.97	1.78183847167942
-0.969	1.78245148833166
-0.968	1.78306434780493
-0.967	1.78367705022005
-0.966	1.78428959569773
-0.965	1.7849019843585
-0.964	1.78551421632273
-0.963	1.78612629171064
-0.962	1.7867382106423
-0.961	1.78734997323764
-0.96	1.78796157961642
-0.959	1.78857302989824
-0.958	1.78918432420257
-0.957	1.78979546264871
-0.956	1.79040644535581
-0.955	1.79101727244289
-0.954	1.79162794402878
-0.953	1.79223846023219
-0.952	1.79284882117166
-0.951	1.7934590269656
-0.95	1.79406907773226
-0.949	1.79467897358972
-0.948	1.79528871465594
-0.947	1.79589830104872
-0.946	1.7965077328857
-0.945	1.79711701028439
-0.944	1.79772613336213
-0.943	1.79833510223613
-0.942	1.79894391702343
-0.941	1.79955257784096
-0.94	1.80016108480546
-0.939	1.80076943803355
-0.938	1.80137763764168
-0.937	1.80198568374618
-0.936	1.80259357646322
-0.935	1.80320131590882
-0.934	1.80380890219885
-0.933	1.80441633544905
-0.932	1.805023615775
-0.931	1.80563074329215
-0.93	1.80623771811578
-0.929	1.80684454036105
-0.928	1.80745121014297
-0.927	1.80805772757639
-0.926	1.80866409277603
-0.925	1.80927030585647
-0.924	1.80987636693213
-0.923	1.8104822761173
-0.922	1.81108803352612
-0.921	1.81169363927259
-0.92	1.81229909347058
-0.919	1.81290439623378
-0.918	1.81350954767579
-0.917	1.81411454791002
-0.916	1.81471939704977
-0.915	1.81532409520819
-0.914	1.81592864249827
-0.913	1.81653303903289
-0.912	1.81713728492478
-0.911	1.81774138028651
-0.91	1.81834532523053
-0.909	1.81894911986915
-0.908	1.81955276431454
-0.907	1.8201562586787
-0.906	1.82075960307354
-0.905	1.8213627976108
-0.904	1.82196584240209
-0.903	1.82256873755888
-0.902	1.8231714831925
-0.901	1.82377407941414
-0.9	1.82437652633486
-0.899	1.82497882406558
-0.898	1.82558097271709
-0.897	1.82618297240002
-0.896	1.82678482322488
-0.895	1.82738652530204
-0.894	1.82798807874175
-0.893	1.82858948365409
-0.892	1.82919074014903
-0.891	1.8297918483364
-0.89	1.83039280832589
-0.889	1.83099362022705
-0.888	1.83159428414931
-0.887	1.83219480020195
-0.886	1.83279516849413
-0.885	1.83339538913487
-0.884	1.83399546223304
-0.883	1.8345953878974
-0.882	1.83519516623658
-0.881	1.83579479735904
-0.88	1.83639428137314
-0.879	1.8369936183871
-0.878	1.83759280850901
-0.877	1.83819185184681
-0.876	1.83879074850833
-0.875	1.83938949860126
-0.874	1.83998810223315
-0.873	1.84058655951143
-0.872	1.84118487054339
-0.871	1.8417830354362
-0.87	1.84238105429689
-0.869	1.84297892723235
-0.868	1.84357665434937
-0.867	1.84417423575459
-0.866	1.84477167155451
-0.865	1.84536896185551
-0.864	1.84596610676386
-0.863	1.84656310638566
-0.862	1.84715996082692
-0.861	1.84775667019351
-0.86	1.84835323459114
-0.859	1.84894965412545
-0.858	1.8495459289019
-0.857	1.85014205902585
-0.856	1.85073804460252
-0.855	1.85133388573701
-0.854	1.85192958253428
-0.853	1.85252513509919
-0.852	1.85312054353644
-0.851	1.85371580795063
-0.85	1.85431092844621
-0.849	1.85490590512753
-0.848	1.8555007380988
-0.847	1.85609542746409
-0.846	1.85668997332736
-0.845	1.85728437579246
-0.844	1.85787863496309
-0.843	1.85847275094283
-0.842	1.85906672383515
-0.841	1.85966055374336
-0.84	1.8602542407707
-0.839	1.86084778502023
-0.838	1.86144118659493
-0.837	1.86203444559762
-0.836	1.86262756213104
-0.835	1.86322053629776
-0.834	1.86381336820025
-0.833	1.86440605794087
-0.832	1.86499860562183
-0.831	1.86559101134523
-0.83	1.86618327521305
-0.829	1.86677539732716
-0.828	1.86736737778927
-0.827	1.86795921670101
-0.826	1.86855091416387
-0.825	1.86914247027921
-0.824	1.86973388514829
-0.823	1.87032515887223
-0.822	1.87091629155204
-0.821	1.87150728328861
-0.82	1.8720981341827
-0.819	1.87268884433496
-0.818	1.87327941384593
-0.817	1.87386984281599
-0.816	1.87446013134546
-0.815	1.87505027953448
-0.814	1.87564028748312
-0.813	1.8762301552913
-0.812	1.87681988305884
-0.811	1.87740947088542
-0.81	1.87799891887063
-0.809	1.87858822711393
-0.808	1.87917739571464
-0.807	1.87976642477201
-0.806	1.88035531438512
-0.805	1.88094406465297
-0.804	1.88153267567442
-0.803	1.88212114754824
-0.802	1.88270948037305
-0.801	1.88329767424739
-0.8	1.88388572926964
-0.799	1.88447364553811
-0.798	1.88506142315096
-0.797	1.88564906220624
-0.796	1.88623656280191
-0.795	1.88682392503578
-0.794	1.88741114900557
-0.793	1.88799823480887
-0.792	1.88858518254316
-0.791	1.88917199230581
-0.79	1.88975866419407
-0.789	1.89034519830508
-0.788	1.89093159473585
-0.787	1.89151785358331
-0.786	1.89210397494424
-0.785	1.89268995891534
-0.784	1.89327580559316
-0.783	1.89386151507416
-0.782	1.8944470874547
-0.781	1.89503252283099
-0.78	1.89561782129916
-0.779	1.89620298295522
-0.778	1.89678800789505
-0.777	1.89737289621444
-0.776	1.89795764800906
-0.775	1.89854226337446
-0.774	1.8991267424061
-0.773	1.89971108519931
-0.772	1.90029529184931
-0.771	1.90087936245122
-0.77	1.90146329710003
-0.769	1.90204709589066
-0.768	1.90263075891786
-0.767	1.90321428627633
-0.766	1.90379767806061
-0.765	1.90438093436517
-0.764	1.90496405528434
-0.763	1.90554704091236
-0.762	1.90612989134334
-0.761	1.90671260667132
-0.76	1.90729518699019
-0.759	1.90787763239374
-0.758	1.90845994297568
-0.757	1.90904211882957
-0.756	1.90962416004889
-0.755	1.91020606672701
-0.754	1.91078783895717
-0.753	1.91136947683254
-0.752	1.91195098044614
-0.751	1.91253234989092
-0.75	1.9131135852597
-0.749	1.9136946866452
-0.748	1.91427565414002
-0.747	1.91485648783669
-0.746	1.91543718782759
-0.745	1.91601775420503
-0.744	1.91659818706118
-0.743	1.91717848648813
-0.742	1.91775865257786
-0.741	1.91833868542222
-0.74	1.918918585113
-0.739	1.91949835174184
-0.738	1.92007798540031
-0.737	1.92065748617984
-0.736	1.92123685417179
-0.735	1.9218160894674
-0.734	1.92239519215779
-0.733	1.922974162334
-0.732	1.92355300008695
-0.731	1.92413170550748
-0.73	1.9247102786863
-0.729	1.92528871971401
-0.728	1.92586702868115
-0.727	1.92644520567811
-0.726	1.9270232507952
-0.725	1.92760116412262
-0.724	1.92817894575047
-0.723	1.92875659576876
-0.722	1.92933411426736
-0.721	1.92991150133609
-0.72	1.93048875706462
-0.719	1.93106588154255
-0.718	1.93164287485937
-0.717	1.93221973710445
-0.716	1.93279646836708
-0.715	1.93337306873644
-0.714	1.93394953830162
-0.713	1.93452587715159
-0.712	1.93510208537524
-0.711	1.93567816306134
-0.71	1.93625411029857
-0.709	1.93682992717551
-0.708	1.93740561378063
-0.707	1.93798117020232
-0.706	1.93855659652885
-0.705	1.93913189284839
-0.704	1.93970705924903
-0.703	1.94028209581875
-0.702	1.94085700264542
-0.701	1.94143177981683
-0.7	1.94200642742065
-0.699	1.94258094554447
-0.698	1.94315533427578
-0.697	1.94372959370196
-0.696	1.94430372391029
-0.695	1.94487772498797
-0.694	1.94545159702209
-0.693	1.94602534009964
-0.692	1.94659895430751
-0.691	1.94717243973251
-0.69	1.94774579646133
-0.689	1.94831902458059
-0.688	1.94889212417677
-0.687	1.94946509533631
-0.686	1.9500379381455
-0.685	1.95061065269056
-0.684	1.95118323905761
-0.683	1.95175569733268
-0.682	1.9523280276017
-0.681	1.95290022995048
-0.68	1.95347230446478
-0.679	1.95404425123023
-0.678	1.95461607033236
-0.677	1.95518776185664
-0.676	1.95575932588841
-0.675	1.95633076251294
-0.674	1.95690207181538
-0.673	1.9574732538808
-0.672	1.95804430879418
-0.671	1.95861523664039
-0.67	1.95918603750423
-0.669	1.95975671147037
-0.668	1.96032725862342
-0.667	1.96089767904789
-0.666	1.96146797282816
-0.665	1.96203814004857
-0.664	1.96260818079334
-0.663	1.96317809514659
-0.662	1.96374788319235
-0.661	1.96431754501457
-0.66	1.96488708069709
-0.659	1.96545649032368
-0.658	1.966025773978
-0.657	1.96659493174361
-0.656	1.967163963704
-0.655	1.96773286994254
-0.654	1.96830165054255
-0.653	1.96887030558721
-0.652	1.96943883515963
-0.651	1.97000723934285
-0.65	1.97057551821977
-0.649	1.97114367187325
-0.648	1.97171170038602
-0.647	1.97227960384074
-0.646	1.97284738231997
-0.645	1.97341503590618
-0.644	1.97398256468175
-0.643	1.97454996872898
-0.642	1.97511724813006
-0.641	1.9756844029671
-0.64	1.97625143332213
-0.639	1.97681833927707
-0.638	1.97738512091376
-0.637	1.97795177831396
-0.636	1.97851831155933
-0.635	1.97908472073142
-0.634	1.97965100591174
-0.633	1.98021716718167
-0.632	1.98078320462251
-0.631	1.98134911831548
-0.63	1.98191490834171
-0.629	1.98248057478224
-0.628	1.983046117718
-0.627	1.98361153722987
-0.626	1.98417683339862
-0.625	1.98474200630493
-0.624	1.98530705602939
-0.623	1.98587198265253
-0.622	1.98643678625475
-0.621	1.98700146691639
-0.62	1.98756602471771
-0.619	1.98813045973885
-0.618	1.98869477205989
-0.617	1.98925896176081
-0.616	1.98982302892152
-0.615	1.99038697362182
-0.614	1.99095079594144
-0.613	1.99151449596002
-0.612	1.9920780737571
-0.611	1.99264152941216
-0.61	1.99320486300458
-0.609	1.99376807461364
-0.608	1.99433116431856
-0.607	1.99489413219846
-0.606	1.99545697833237
-0.605	1.99601970279925
-0.604	1.99658230567796
-0.603	1.99714478704729
-0.602	1.99770714698592
-0.601	1.99826938557247
-0.6	1.99883150288547
-0.599	1.99939349900336
-0.598	1.99995537400449
-0.597	2.00051712796714
-0.596	2.00107876096949
-0.595	2.00164027308965
-0.594	2.00220166440565
-0.593	2.0027629349954
-0.592	2.00332408493678
-0.591	2.00388511430754
-0.59	2.00444602318537
-0.589	2.00500681164788
-0.588	2.00556747977258
-0.587	2.0061280276369
-0.586	2.00668845531821
-0.585	2.00724876289377
-0.584	2.00780895044076
-0.583	2.0083690180363
-0.582	2.00892896575739
-0.581	2.00948879368099
-0.58	2.01004850188395
-0.579	2.01060809044304
-0.578	2.01116755943496
-0.577	2.01172690893632
-0.576	2.01228613902364
-0.575	2.01284524977338
-0.574	2.01340424126189
-0.573	2.01396311356547
-0.572	2.01452186676032
-0.571	2.01508050092256
-0.57	2.01563901612823
-0.569	2.0161974124533
-0.568	2.01675568997363
-0.567	2.01731384876503
-0.566	2.01787188890322
-0.565	2.01842981046384
-0.564	2.01898761352243
-0.563	2.01954529815449
-0.562	2.0201028644354
-0.561	2.02066031244049
-0.56	2.02121764224499
-0.559	2.02177485392405
-0.558	2.02233194755276
-0.557	2.02288892320612
-0.556	2.02344578095903
-0.555	2.02400252088636
-0.554	2.02455914306284
-0.553	2.02511564756317
-0.552	2.02567203446195
-0.551	2.0262283038337
-0.55	2.02678445575286
-0.549	2.02734049029381
-0.548	2.02789640753083
-0.547	2.02845220753813
-0.546	2.02900789038985
-0.545	2.02956345616003
-0.544	2.03011890492265
-0.543	2.03067423675161
-0.542	2.03122945172073
-0.541	2.03178454990375
-0.54	2.03233953137434
-0.539	2.03289439620609
-0.538	2.03344914447249
-0.537	2.034003776247
-0.536	2.03455829160295
-0.535	2.03511269061364
-0.534	2.03566697335226
-0.533	2.03622113989194
-0.532	2.03677519030573
-0.531	2.03732912466659
-0.53	2.03788294304743
-0.529	2.03843664552107
-0.528	2.03899023216024
-0.527	2.03954370303762
-0.526	2.0400970582258
-0.525	2.04065029779728
-0.524	2.04120342182452
-0.523	2.04175643037988
-0.522	2.04230932353564
-0.521	2.04286210136402
-0.52	2.04341476393715
-0.519	2.0439673113271
-0.518	2.04451974360586
-0.517	2.04507206084533
-0.516	2.04562426311737
-0.515	2.04617635049372
-0.514	2.04672832304608
-0.513	2.04728018084606
-0.512	2.04783192396521
-0.511	2.04838355247498
-0.51	2.04893506644677
-0.509	2.0494864659519
-0.508	2.05003775106161
-0.507	2.05058892184706
-0.506	2.05113997837936
-0.505	2.05169092072952
-0.504	2.0522417489685
-0.503	2.05279246316716
-0.502	2.05334306339632
-0.501	2.05389354972669
-0.5	2.05444392222893
-0.499	2.05499418097363
-0.498	2.05554432603129
-0.497	2.05609435747236
-0.496	2.05664427536718
-0.495	2.05719407978606
-0.494	2.05774377079922
-0.493	2.0582933484768
-0.492	2.05884281288886
-0.491	2.05939216410543
-0.49	2.05994140219642
-0.489	2.06049052723169
-0.488	2.06103953928103
-0.487	2.06158843841415
-0.486	2.0621372247007
-0.485	2.06268589821024
-0.484	2.06323445901228
-0.483	2.06378290717624
-0.482	2.06433124277148
-0.481	2.06487946586728
-0.48	2.06542757653287
-0.479	2.06597557483737
-0.478	2.06652346084988
-0.477	2.06707123463938
-0.476	2.06761889627481
-0.475	2.06816644582503
-0.474	2.06871388335883
-0.473	2.06926120894494
-0.472	2.06980842265199
-0.471	2.07035552454857
-0.47	2.07090251470319
-0.469	2.0714493931843
-0.468	2.07199616006025
-0.467	2.07254281539935
-0.466	2.07308935926983
-0.465	2.07363579173986
-0.464	2.07418211287751
-0.463	2.07472832275082
-0.462	2.07527442142774
-0.461	2.07582040897615
-0.46	2.07636628546387
-0.459	2.07691205095864
-0.458	2.07745770552814
-0.457	2.07800324923997
-0.456	2.07854868216168
-0.455	2.07909400436075
-0.454	2.07963921590456
-0.453	2.08018431686046
-0.452	2.0807293072957
-0.451	2.0812741872775
-0.45	2.08181895687298
-0.449	2.08236361614919
-0.448	2.08290816517314
-0.447	2.08345260401175
-0.446	2.08399693273188
-0.445	2.08454115140032
-0.444	2.08508526008379
-0.443	2.08562925884895
-0.442	2.08617314776239
-0.441	2.08671692689063
-0.44	2.08726059630012
-0.439	2.08780415605725
-0.438	2.08834760622834
-0.437	2.08889094687965
-0.436	2.08943417807736
-0.435	2.08997729988759
-0.434	2.09052031237639
-0.433	2.09106321560976
-0.432	2.09160600965361
-0.431	2.0921486945738
-0.43	2.09269127043612
-0.429	2.09323373730628
-0.428	2.09377609524995
-0.427	2.09431834433272
-0.426	2.0948604846201
-0.425	2.09540251617757
-0.424	2.09594443907051
-0.423	2.09648625336425
-0.422	2.09702795912405
-0.421	2.09756955641511
-0.42	2.09811104530256
-0.419	2.09865242585147
-0.418	2.09919369812685
-0.417	2.09973486219361
-0.416	2.10027591811665
-0.415	2.10081686596076
-0.414	2.10135770579069
-0.413	2.10189843767111
-0.412	2.10243906166665
-0.411	2.10297957784183
-0.41	2.10351998626116
-0.409	2.10406028698905
-0.408	2.10460048008986
-0.407	2.10514056562788
-0.406	2.10568054366733
-0.405	2.10622041427239
-0.404	2.10676017750715
-0.403	2.10729983343564
-0.402	2.10783938212184
-0.401	2.10837882362966
-0.4	2.10891815802295
-0.399	2.10945738536549
-0.398	2.10999650572099
-0.397	2.11053551915312
-0.396	2.11107442572546
-0.395	2.11161322550155
-0.394	2.11215191854485
-0.393	2.11269050491876
-0.392	2.11322898468664
-0.391	2.11376735791175
-0.39	2.11430562465732
-0.389	2.11484378498649
-0.388	2.11538183896236
-0.387	2.11591978664796
-0.386	2.11645762810625
-0.385	2.11699536340014
-0.384	2.11753299259247
-0.383	2.11807051574602
-0.382	2.11860793292351
-0.381	2.11914524418759
-0.38	2.11968244960087
-0.379	2.12021954922588
-0.378	2.12075654312508
-0.377	2.12129343136089
-0.376	2.12183021399565
-0.375	2.12236689109166
-0.374	2.12290346271114
-0.373	2.12343992891626
-0.372	2.12397628976912
-0.371	2.12451254533176
-0.37	2.12504869566617
-0.369	2.12558474083427
-0.368	2.12612068089792
-0.367	2.12665651591892
-0.366	2.12719224595901
-0.365	2.12772787107987
-0.364	2.12826339134311
-0.363	2.12879880681031
-0.362	2.12933411754295
-0.361	2.12986932360248
-0.36	2.13040442505027
-0.359	2.13093942194764
-0.358	2.13147431435585
-0.357	2.13200910233611
-0.356	2.13254378594954
-0.355	2.13307836525722
-0.354	2.13361284032019
-0.353	2.13414721119939
-0.352	2.13468147795573
-0.351	2.13521564065006
-0.35	2.13574969934314
-0.349	2.13628365409571
-0.348	2.13681750496844
-0.347	2.13735125202192
-0.346	2.1378848953167
-0.345	2.13841843491327
-0.344	2.13895187087206
-0.343	2.13948520325344
-0.342	2.14001843211772
-0.341	2.14055155752515
-0.34	2.14108457953593
-0.339	2.1416174982102
-0.338	2.14215031360803
-0.337	2.14268302578944
-0.336	2.14321563481439
-0.335	2.14374814074279
-0.334	2.14428054363449
-0.333	2.14481284354926
-0.332	2.14534504054685
-0.331	2.14587713468692
-0.33	2.14640912602909
-0.329	2.14694101463291
-0.328	2.14747280055789
-0.327	2.14800448386347
-0.326	2.14853606460902
-0.325	2.14906754285389
-0.324	2.14959891865733
-0.323	2.15013019207857
-0.322	2.15066136317676
-0.321	2.151192432011
-0.32	2.15172339864033
-0.319	2.15225426312373
-0.318	2.15278502552015
-0.317	2.15331568588844
-0.316	2.15384624428742
-0.315	2.15437670077586
-0.314	2.15490705541245
-0.313	2.15543730825585
-0.312	2.15596745936464
-0.311	2.15649750879736
-0.31	2.15702745661249
-0.309	2.15755730286844
-0.308	2.15808704762358
-0.307	2.15861669093623
-0.306	2.15914623286463
-0.305	2.159675673467
-0.304	2.16020501280146
-0.303	2.16073425092611
-0.302	2.16126338789897
-0.301	2.16179242377804
-0.3	2.16232135862121
-0.299	2.16285019248637
-0.298	2.16337892543133
-0.297	2.16390755751383
-0.296	2.16443608879157
-0.295	2.16496451932221
-0.294	2.16549284916334
-0.293	2.16602107837248
-0.292	2.16654920700713
-0.291	2.1670772351247
-0.29	2.16760516278257
-0.289	2.16813299003805
-0.288	2.16866071694841
-0.287	2.16918834357085
-0.286	2.16971586996253
-0.285	2.17024329618056
-0.284	2.17077062228196
-0.283	2.17129784832374
-0.282	2.17182497436283
-0.281	2.17235200045612
-0.28	2.17287892666042
-0.279	2.17340575303253
-0.278	2.17393247962916
-0.277	2.17445910650698
-0.276	2.1749856337226
-0.275	2.17551206133258
-0.274	2.17603838939343
-0.273	2.17656461796161
-0.272	2.17709074709352
-0.271	2.17761677684549
-0.27	2.17814270727383
-0.269	2.17866853843478
-0.268	2.17919427038452
-0.267	2.1797199031792
-0.266	2.18024543687488
-0.265	2.18077087152761
-0.264	2.18129620719335
-0.263	2.18182144392804
-0.262	2.18234658178753
-0.261	2.18287162082766
-0.26	2.18339656110418
-0.259	2.18392140267281
-0.258	2.18444614558921
-0.257	2.18497078990899
-0.256	2.18549533568771
-0.255	2.18601978298086
-0.254	2.18654413184391
-0.253	2.18706838233225
-0.252	2.18759253450124
-0.251	2.18811658840616
-0.25	2.18864054410226
-0.249	2.18916440164474
-0.248	2.18968816108874
-0.247	2.19021182248934
-0.246	2.19073538590159
-0.245	2.19125885138047
-0.244	2.19178221898091
-0.243	2.19230548875781
-0.242	2.19282866076599
-0.241	2.19335173506023
-0.24	2.19387471169527
-0.239	2.19439759072578
-0.238	2.19492037220639
-0.237	2.19544305619168
-0.236	2.19596564273618
-0.235	2.19648813189436
-0.234	2.19701052372064
-0.233	2.19753281826941
-0.232	2.19805501559498
-0.231	2.19857711575162
-0.23	2.19909911879357
-0.229	2.19962102477498
-0.228	2.20014283374999
-0.227	2.20066454577267
-0.226	2.20118616089703
-0.225	2.20170767917704
-0.224	2.20222910066664
-0.223	2.20275042541968
-0.222	2.20327165349
-0.221	2.20379278493135
-0.22	2.20431381979747
-0.219	2.20483475814202
-0.218	2.20535560001863
-0.217	2.20587634548087
-0.216	2.20639699458226
-0.215	2.20691754737627
-0.214	2.20743800391634
-0.213	2.20795836425582
-0.212	2.20847862844805
-0.211	2.20899879654631
-0.21	2.20951886860382
-0.209	2.21003884467375
-0.208	2.21055872480924
-0.207	2.21107850906337
-0.206	2.21159819748916
-0.205	2.2121177901396
-0.204	2.21263728706763
-0.203	2.21315668832611
-0.202	2.2136759939679
-0.201	2.21419520404578
-0.2	2.21471431861248
-0.199	2.21523333772069
-0.198	2.21575226142307
-0.197	2.21627108977219
-0.196	2.21678982282061
-0.195	2.21730846062082
-0.194	2.21782700322527
-0.193	2.21834545068636
-0.192	2.21886380305645
-0.191	2.21938206038782
-0.19	2.21990022273275
-0.189	2.22041829014345
-0.188	2.22093626267206
-0.187	2.22145414037071
-0.186	2.22197192329145
-0.185	2.22248961148631
-0.184	2.22300720500726
-0.183	2.22352470390622
-0.182	2.22404210823506
-0.181	2.22455941804561
-0.18	2.22507663338966
-0.179	2.22559375431893
-0.178	2.22611078088511
-0.177	2.22662771313984
-0.176	2.22714455113471
-0.175	2.22766129492126
-0.174	2.228177944551
-0.173	2.22869450007538
-0.172	2.22921096154578
-0.171	2.22972732901359
-0.17	2.2302436025301
-0.169	2.23075978214658
-0.168	2.23127586791424
-0.167	2.23179185988426
-0.166	2.23230775810776
-0.165	2.23282356263582
-0.164	2.23333927351947
-0.163	2.23385489080969
-0.162	2.23437041455742
-0.161	2.23488584481356
-0.16	2.23540118162896
-0.159	2.2359164250544
-0.158	2.23643157514065
-0.157	2.23694663193842
-0.156	2.23746159549836
-0.155	2.2379764658711
-0.154	2.2384912431072
-0.153	2.23900592725719
-0.152	2.23952051837155
-0.151	2.24003501650072
-0.15	2.24054942169508
-0.149	2.24106373400497
-0.148	2.24157795348069
-0.147	2.2420920801725
-0.146	2.24260611413059
-0.145	2.24312005540514
-0.144	2.24363390404626
-0.143	2.24414766010401
-0.142	2.24466132362843
-0.141	2.2451748946695
-0.14	2.24568837327715
-0.139	2.24620175950127
-0.138	2.24671505339171
-0.137	2.24722825499827
-0.136	2.24774136437071
-0.135	2.24825438155874
-0.134	2.24876730661202
-0.133	2.24928013958018
-0.132	2.2497928805128
-0.131	2.25030552945941
-0.13	2.25081808646951
-0.129	2.25133055159252
-0.128	2.25184292487786
-0.127	2.25235520637488
-0.126	2.2528673961329
-0.125	2.25337949420118
-0.124	2.25389150062894
-0.123	2.25440341546538
-0.122	2.25491523875961
-0.121	2.25542697056073
-0.12	2.2559386109178
-0.119	2.25645015987982
-0.118	2.25696161749574
-0.117	2.25747298381449
-0.116	2.25798425888493
-0.115	2.2584954427559
-0.114	2.25900653547618
-0.113	2.25951753709452
-0.112	2.26002844765962
-0.111	2.26053926722012
-0.11	2.26104999582465
-0.109	2.26156063352177
-0.108	2.26207118036001
-0.107	2.26258163638785
-0.106	2.26309200165373
-0.105	2.26360227620605
-0.104	2.26411246009316
-0.103	2.26462255336337
-0.102	2.26513255606496
-0.101	2.26564246824614
-0.1	2.26615228995509
-0.0989999999999998	2.26666202123997
-0.0979999999999999	2.26717166214886
-0.097	2.26768121272982
-0.0960000000000001	2.26819067303086
-0.0949999999999998	2.26870004309995
-0.0939999999999999	2.26920932298501
-0.093	2.26971851273394
-0.0920000000000001	2.27022761239457
-0.0909999999999997	2.2707366220147
-0.0899999999999999	2.27124554164209
-0.089	2.27175437132445
-0.0880000000000001	2.27226311110946
-0.0869999999999997	2.27277176104476
-0.0859999999999999	2.27328032117791
-0.085	2.27378879155649
-0.0840000000000001	2.27429717222798
-0.0829999999999997	2.27480546323986
-0.0819999999999999	2.27531366463954
-0.081	2.2758217764744
-0.0800000000000001	2.27632979879179
-0.0789999999999997	2.27683773163899
-0.0779999999999998	2.27734557506326
-0.077	2.27785332911182
-0.0760000000000001	2.27836099383183
-0.0749999999999997	2.27886856927043
-0.0739999999999998	2.27937605547471
-0.073	2.2798834524917
-0.0720000000000001	2.28039076036842
-0.0709999999999997	2.28089797915183
-0.0699999999999998	2.28140510888885
-0.069	2.28191214962637
-0.0680000000000001	2.28241910141123
-0.0670000000000002	2.28292596429022
-0.0659999999999998	2.28343273831011
-0.0649999999999999	2.28393942351761
-0.0640000000000001	2.28444601995941
-0.0630000000000002	2.28495252768213
-0.0619999999999998	2.28545894673237
-0.0609999999999999	2.28596527715668
-0.0600000000000001	2.28647151900159
-0.0590000000000002	2.28697767231355
-0.0579999999999998	2.28748373713901
-0.0569999999999999	2.28798971352436
-0.056	2.28849560151595
-0.0550000000000002	2.28900140116008
-0.0539999999999998	2.28950711250304
-0.0529999999999999	2.5
-0.052	2.5
-0.0510000000000002	2.5
-0.0499999999999998	2.5
-0.0489999999999999	2.5
-0.048	2.5
-0.0470000000000002	2.5
-0.0459999999999998	2.5
-0.0449999999999999	2.5
-0.044	2.5
-0.0430000000000001	2.5
-0.0419999999999998	2.5
-0.0409999999999999	2.5
-0.04	2.5
-0.0390000000000001	2.5
-0.0379999999999998	2.5
-0.0369999999999999	2.5
-0.036	2.5
-0.0350000000000001	2.5
-0.0339999999999998	2.5
-0.0329999999999999	2.5
-0.032	2.5
-0.0310000000000001	2.5
-0.0299999999999998	2.5
-0.0289999999999999	2.5
-0.028	2.5
-0.0270000000000001	2.5
-0.0259999999999998	2.5
-0.0249999999999999	2.5
-0.024	2.5
-0.0230000000000001	2.5
-0.0219999999999998	2.5
-0.0209999999999999	2.5
-0.02	2.5
-0.0190000000000001	2.5
-0.0179999999999998	2.5
-0.0169999999999999	2.5
-0.016	2.5
-0.0150000000000001	2.5
-0.0139999999999998	2.5
-0.0129999999999999	2.5
-0.012	2.5
-0.0110000000000001	2.5
-0.00999999999999979	2.5
-0.0089999999999999	2.5
-0.00800000000000001	2.5
-0.00700000000000012	2.5
-0.00599999999999978	2.5
-0.00499999999999989	2.5
-0.004	2.5
-0.00300000000000011	2.5
-0.00199999999999978	2.5
-0.00099999999999989	2.5
0	2.5
0.00099999999999989	2.5
0.00199999999999978	2.5
0.00300000000000011	2.5
0.004	2.5
0.00499999999999989	2.5
0.00599999999999978	2.5
0.00700000000000012	2.5
0.00800000000000001	2.5
0.0089999999999999	2.5
0.00999999999999979	2.5
0.0110000000000001	2.5
0.012	2.5
0.0129999999999999	2.5
0.0139999999999998	2.5
0.0150000000000001	2.5
0.016	2.5
0.0169999999999999	2.5
0.0179999999999998	2.5
0.0190000000000001	2.5
0.02	2.5
0.0209999999999999	2.5
0.0219999999999998	2.5
0.0230000000000001	2.5
0.024	2.5
0.0249999999999999	2.5
0.0259999999999998	2.5
0.0270000000000001	2.5
0.028	2.5
0.0289999999999999	2.5
0.0299999999999998	2.5
0.0310000000000001	2.5
0.032	2.5
0.0329999999999999	2.5
0.0339999999999998	2.5
0.0350000000000001	2.5
0.036	2.5
0.0369999999999999	2.5
0.0379999999999998	2.5
0.0390000000000001	2.5
0.04	2.5
0.0409999999999999	2.5
0.0419999999999998	2.5
0.0430000000000001	2.5
0.044	2.5
0.0449999999999999	2.5
0.0459999999999998	2.5
0.0470000000000002	2.5
0.048	2.5
0.0489999999999999	2.5
0.0499999999999998	2.5
0.0510000000000002	2.5
0.052	2.5
0.0529999999999999	2.5
0.0539999999999998	2.71907533280207
0.0550000000000002	2.71957753576404
0.056	2.72007982600863
0.0569999999999999	2.72058220358137
0.0579999999999998	2.72108466852784
0.0590000000000002	2.72158722089363
0.0600000000000001	2.72208986072439
0.0609999999999999	2.72259258806579
0.0619999999999998	2.72309540296358
0.0630000000000002	2.72359830546349
0.0640000000000001	2.72410129561135
0.0649999999999999	2.72460437345299
0.0659999999999998	2.7251075390343
0.0670000000000002	2.7256107924012
0.0680000000000001	2.72611413359964
0.069	2.72661756267565
0.0699999999999998	2.72712107967525
0.0709999999999997	2.72762468464453
0.0720000000000001	2.72812837762962
0.073	2.72863215867668
0.0739999999999998	2.72913602783191
0.0749999999999997	2.72963998514156
0.0760000000000001	2.73014403065191
0.077	2.7306481644093
0.0779999999999998	2.73115238646008
0.0789999999999997	2.73165669685067
0.0800000000000001	2.7321610956275
0.081	2.73266558283708
0.0819999999999999	2.73317015852593
0.0829999999999997	2.73367482274061
0.0840000000000001	2.73417957552775
0.085	2.73468441693398
0.0859999999999999	2.73518934700602
0.0869999999999997	2.73569436579058
0.0880000000000001	2.73619947333444
0.089	2.73670466968442
0.0899999999999999	2.73720995488738
0.0909999999999997	2.73771532899022
0.0920000000000001	2.73822079203986
0.093	2.73872634408331
0.0939999999999999	2.73923198516757
0.0949999999999998	2.73973771533971
0.0960000000000001	2.74024353464684
0.097	2.74074944313611
0.0979999999999999	2.74125544085469
0.0989999999999998	2.74176152784983
0.1	2.74226770416879
0.101	2.74277396985889
0.102	2.74328032496748
0.103	2.74378676954196
0.104	2.74429330362976
0.105	2.74479992727838
0.106	2.74530664053533
0.107	2.74581344344817
0.108	2.74632033606452
0.109	2.74682731843202
0.11	2.74733439059836
0.111	2.74784155261128
0.112	2.74834880451856
0.113	2.748856146368
0.114	2.74936357820748
0.115	2.74987110008489
0.116	2.75037871204818
0.117	2.75088641414535
0.118	2.75139420642441
0.119	2.75190208893345
0.12	2.75241006172057
0.121	2.75291812483394
0.122	2.75342627832177
0.123	2.75393452223229
0.124	2.75444285661379
0.125	2.7549512815146
0.126	2.7554597969831
0.127	2.75596840306771
0.128	2.75647709981687
0.129	2.75698588727911
0.13	2.75749476550295
0.131	2.758003734537
0.132	2.75851279442989
0.133	2.75902194523029
0.134	2.75953118698692
0.135	2.76004051974854
0.136	2.76054994356397
0.137	2.76105945848205
0.138	2.76156906455168
0.139	2.7620787618218
0.14	2.76258855034138
0.141	2.76309843015946
0.142	2.7636084013251
0.143	2.76411846388742
0.144	2.76462861789557
0.145	2.76513886339876
0.146	2.76564920044624
0.147	2.76615962908729
0.148	2.76667014937124
0.149	2.76718076134748
0.15	2.76769146506543
0.151	2.76820226057456
0.152	2.76871314792438
0.153	2.76922412716444
0.154	2.76973519834435
0.155	2.77024636151376
0.156	2.77075761672234
0.157	2.77126896401984
0.158	2.77178040345604
0.159	2.77229193508077
0.16	2.77280355894388
0.161	2.77331527509531
0.162	2.773827083585
0.163	2.77433898446296
0.164	2.77485097777924
0.165	2.77536306358394
0.166	2.7758752419272
0.167	2.7763875128592
0.168	2.77689987643018
0.169	2.77741233269041
0.17	2.77792488169021
0.171	2.77843752347995
0.172	2.77895025811005
0.173	2.77946308563096
0.174	2.77997600609319
0.175	2.78048901954729
0.176	2.78100212604385
0.177	2.78151532563352
0.178	2.78202861836698
0.179	2.78254200429497
0.18	2.78305548346827
0.181	2.78356905593771
0.182	2.78408272175416
0.183	2.78459648096853
0.184	2.7851103336318
0.185	2.78562427979497
0.186	2.7861383195091
0.187	2.7866524528253
0.188	2.78716667979471
0.189	2.78768100046854
0.19	2.78819541489803
0.191	2.78870992313447
0.192	2.78922452522919
0.193	2.78973922123359
0.194	2.79025401119909
0.195	2.79076889517717
0.196	2.79128387321936
0.197	2.79179894537723
0.198	2.7923141117024
0.199	2.79282937224654
0.2	2.79334472706135
0.201	2.79386017619861
0.202	2.79437571971012
0.203	2.79489135764774
0.204	2.79540709006337
0.205	2.79592291700896
0.206	2.79643883853651
0.207	2.79695485469807
0.208	2.79747096554573
0.209	2.79798717113164
0.21	2.79850347150798
0.211	2.799019866727
0.212	2.79953635684097
0.213	2.80005294190224
0.214	2.80056962196318
0.215	2.80108639707623
0.216	2.80160326729386
0.217	2.80212023266861
0.218	2.80263729325304
0.219	2.80315444909979
0.22	2.80367170026151
0.221	2.80418904679094
0.222	2.80470648874084
0.223	2.80522402616404
0.224	2.80574165911339
0.225	2.80625938764182
0.226	2.80677721180228
0.227	2.8072951316478
0.228	2.80781314723143
0.229	2.80833125860629
0.23	2.80884946582553
0.231	2.80936776894238
0.232	2.80988616801007
0.233	2.81040466308194
0.234	2.81092325421132
0.235	2.81144194145163
0.236	2.81196072485633
0.237	2.81247960447892
0.238	2.81299858037296
0.239	2.81351765259205
0.24	2.81403682118986
0.241	2.81455608622008
0.242	2.81507544773646
0.243	2.81559490579283
0.244	2.81611446044302
0.245	2.81663411174095
0.246	2.81715385974057
0.247	2.81767370449589
0.248	2.81819364606096
0.249	2.81871368448988
0.25	2.81923381983683
0.251	2.81975405215599
0.252	2.82027438150164
0.253	2.82079480792808
0.254	2.82131533148966
0.255	2.8218359522408
0.256	2.82235667023596
0.257	2.82287748552965
0.258	2.82339839817643
0.259	2.82391940823091
0.26	2.82444051574777
0.261	2.82496172078171
0.262	2.8254830233875
0.263	2.82600442361997
0.264	2.82652592153397
0.265	2.82704751718444
0.266	2.82756921062633
0.267	2.82809100191469
0.268	2.82861289110458
0.269	2.82913487825113
0.27	2.82965696340951
0.271	2.83017914663497
0.272	2.83070142798278
0.273	2.83122380750828
0.274	2.83174628526685
0.275	2.83226886131394
0.276	2.83279153570503
0.277	2.83331430849567
0.278	2.83383717974145
0.279	2.83436014949802
0.28	2.83488321782108
0.281	2.83540638476638
0.282	2.83592965038974
0.283	2.836453014747
0.284	2.83697647789408
0.285	2.83750003988694
0.286	2.8380237007816
0.287	2.83854746063412
0.288	2.83907131950064
0.289	2.83959527743732
0.29	2.8401193345004
0.291	2.84064349074615
0.292	2.84116774623091
0.293	2.84169210101107
0.294	2.84221655514307
0.295	2.84274110868341
0.296	2.84326576168863
0.297	2.84379051421535
0.298	2.8443153663202
0.299	2.84484031805991
0.3	2.84536536949124
0.301	2.845890520671
0.302	2.84641577165607
0.303	2.84694112250337
0.304	2.84746657326988
0.305	2.84799212401264
0.306	2.84851777478874
0.307	2.84904352565532
0.308	2.84956937666957
0.309	2.85009532788875
0.31	2.85062137937016
0.311	2.85114753117116
0.312	2.85167378334918
0.313	2.85220013596168
0.314	2.85272658906618
0.315	2.85325314272027
0.316	2.85377979698158
0.317	2.85430655190781
0.318	2.85483340755669
0.319	2.85536036398602
0.32	2.85588742125367
0.321	2.85641457941755
0.322	2.85694183853562
0.323	2.8574691986659
0.324	2.85799665986648
0.325	2.85852422219548
0.326	2.8590518857111
0.327	2.85957965047158
0.328	2.86010751653521
0.329	2.86063548396037
0.33	2.86116355280546
0.331	2.86169172312895
0.332	2.86221999498937
0.333	2.8627483684453
0.334	2.86327684355537
0.335	2.86380542037829
0.336	2.86433409897279
0.337	2.8648628793977
0.338	2.86539176171187
0.339	2.86592074597422
0.34	2.86644983224374
0.341	2.86697902057946
0.342	2.86750831104046
0.343	2.86803770368591
0.344	2.86856719857499
0.345	2.86909679576699
0.346	2.86962649532121
0.347	2.87015629729703
0.348	2.87068620175389
0.349	2.87121620875129
0.35	2.87174631834877
0.351	2.87227653060594
0.352	2.87280684558247
0.353	2.87333726333807
0.354	2.87386778393254
0.355	2.8743984074257
0.356	2.87492913387746
0.357	2.87545996334778
0.358	2.87599089589666
0.359	2.87652193158418
0.36	2.87705307047047
0.361	2.87758431261571
0.362	2.87811565808016
0.363	2.87864710692412
0.364	2.87917865920796
0.365	2.87971031499209
0.366	2.880242074337
0.367	2.88077393730324
0.368	2.88130590395139
0.369	2.88183797434213
0.37	2.88237014853617
0.371	2.88290242659429
0.372	2.88343480857731
0.373	2.88396729454615
0.374	2.88449988456176
0.375	2.88503257868515
0.376	2.88556537697739
0.377	2.88609827949963
0.378	2.88663128631305
0.379	2.88716439747892
0.38	2.88769761305854
0.381	2.88823093311329
0.382	2.88876435770461
0.383	2.88929788689398
0.384	2.88983152074298
0.385	2.8903652593132
0.386	2.89089910266633
0.387	2.89143305086411
0.388	2.89196710396832
0.389	2.89250126204084
0.39	2.89303552514358
0.391	2.89356989333851
0.392	2.89410436668769
0.393	2.89463894525321
0.394	2.89517362909723
0.395	2.89570841828198
0.396	2.89624331286975
0.397	2.89677831292288
0.398	2.89731341850378
0.399	2.89784862967492
0.4	2.89838394649883
0.401	2.89891936903811
0.402	2.89945489735541
0.403	2.89999053151345
0.404	2.900526271575
0.405	2.90106211760292
0.406	2.90159806966009
0.407	2.9021341278095
0.408	2.90267029211416
0.409	2.90320656263717
0.41	2.90374293944168
0.411	2.90427942259091
0.412	2.90481601214813
0.413	2.90535270817668
0.414	2.90588951073998
0.415	2.90642641990148
0.416	2.90696343572472
0.417	2.90750055827329
0.418	2.90803778761084
0.419	2.9085751238011
0.42	2.90911256690785
0.421	2.90965011699493
0.422	2.91018777412626
0.423	2.91072553836581
0.424	2.91126340977761
0.425	2.91180138842578
0.426	2.91233947437446
0.427	2.9128776676879
0.428	2.91341596843039
0.429	2.91395437666627
0.43	2.91449289245999
0.431	2.91503151587601
0.432	2.9155702469789
0.433	2.91610908583327
0.434	2.91664803250379
0.435	2.91718708705522
0.436	2.91772624955236
0.437	2.91826552006008
0.438	2.91880489864333
0.439	2.91934438536711
0.44	2.91988398029649
0.441	2.9204236834966
0.442	2.92096349503265
0.443	2.9215034149699
0.444	2.92204344337369
0.445	2.9225835803094
0.446	2.9231238258425
0.447	2.92366418003853
0.448	2.92420464296307
0.449	2.92474521468178
0.45	2.9252858952604
0.451	2.92582668476471
0.452	2.92636758326058
0.453	2.92690859081393
0.454	2.92744970749075
0.455	2.9279909333571
0.456	2.9285322684791
0.457	2.92907371292296
0.458	2.92961526675492
0.459	2.93015693004131
0.46	2.93069870284853
0.461	2.93124058524304
0.462	2.93178257729136
0.463	2.93232467906008
0.464	2.93286689061588
0.465	2.93340921202548
0.466	2.93395164335567
0.467	2.93449418467332
0.468	2.93503683604537
0.469	2.93557959753882
0.47	2.93612246922073
0.471	2.93666545115824
0.472	2.93720854341855
0.473	2.93775174606895
0.474	2.93829505917676
0.475	2.93883848280941
0.476	2.93938201703437
0.477	2.93992566191918
0.478	2.94046941753147
0.479	2.94101328393892
0.48	2.94155726120928
0.481	2.94210134941038
0.482	2.94264554861011
0.483	2.94318985887642
0.484	2.94373428027736
0.485	2.94427881288103
0.486	2.94482345675558
0.487	2.94536821196927
0.488	2.9459130785904
0.489	2.94645805668735
0.49	2.94700314632857
0.491	2.94754834758258
0.492	2.94809366051798
0.493	2.94863908520341
0.494	2.94918462170761
0.495	2.94973027009939
0.496	2.95027603044761
0.497	2.95082190282121
0.498	2.95136788728922
0.499	2.9519139839207
0.5	2.95246019278482
0.501	2.95300651395081
0.502	2.95355294748795
0.503	2.95409949346563
0.504	2.95464615195327
0.505	2.95519292302039
0.506	2.95573980673657
0.507	2.95628680317147
0.508	2.95683391239481
0.509	2.95738113447639
0.51	2.95792846948609
0.511	2.95847591749384
0.512	2.95902347856966
0.513	2.95957115278364
0.514	2.96011894020593
0.515	2.96066684090677
0.516	2.96121485495646
0.517	2.96176298242539
0.518	2.96231122338399
0.519	2.96285957790279
0.52	2.9634080460524
0.521	2.96395662790347
0.522	2.96450532352676
0.523	2.96505413299308
0.524	2.96560305637331
0.525	2.96615209373842
0.526	2.96670124515946
0.527	2.96725051070752
0.528	2.96779989045379
0.529	2.96834938446954
0.53	2.96889899282609
0.531	2.96944871559486
0.532	2.96999855284731
0.533	2.97054850465502
0.534	2.97109857108961
0.535	2.97164875222279
0.536	2.97219904812632
0.537	2.97274945887208
0.538	2.97329998453199
0.539	2.97385062517806
0.54	2.97440138088236
0.541	2.97495225171705
0.542	2.97550323775437
0.543	2.97605433906661
0.544	2.97660555572616
0.545	2.97715688780549
0.546	2.97770833537711
0.547	2.97825989851365
0.548	2.97881157728779
0.549	2.97936337177229
0.55	2.97991528203999
0.551	2.9804673081638
0.552	2.98101945021672
0.553	2.98157170827182
0.554	2.98212408240223
0.555	2.98267657268119
0.556	2.98322917918199
0.557	2.983781901978
0.558	2.98433474114269
0.559	2.98488769674958
0.56	2.98544076887228
0.561	2.98599395758447
0.562	2.98654726295992
0.563	2.98710068507247
0.564	2.98765422399604
0.565	2.98820787980463
0.566	2.98876165257231
0.567	2.98931554237323
0.568	2.98986954928163
0.569	2.99042367337182
0.57	2.99097791471819
0.571	2.99153227339521
0.572	2.99208674947741
0.573	2.99264134303944
0.574	2.99319605415599
0.575	2.99375088290185
0.576	2.99430582935187
0.577	2.99486089358101
0.578	2.99541607566429
0.579	2.9959713756768
0.58	2.99652679369374
0.581	2.99708232979035
0.582	2.99763798404199
0.583	2.99819375652408
0.584	2.99874964731211
0.585	2.99930565648168
0.586	2.99986178410843
0.587	3.00041803026813
0.588	3.00097439503659
0.589	3.00153087848972
0.59	3.0020874807035
0.591	3.002644201754
0.592	3.00320104171737
0.593	3.00375800066985
0.594	3.00431507868773
0.595	3.00487227584743
0.596	3.0054295922254
0.597	3.00598702789821
0.598	3.0065445829425
0.599	3.00710225743498
0.6	3.00766005145247
0.601	3.00821796507184
0.602	3.00877599837006
0.603	3.00933415142419
0.604	3.00989242431135
0.605	3.01045081710877
0.606	3.01100932989375
0.607	3.01156796274365
0.608	3.01212671573596
0.609	3.01268558894822
0.61	3.01324458245805
0.611	3.01380369634319
0.612	3.01436293068141
0.613	3.01492228555062
0.614	3.01548176102878
0.615	3.01604135719393
0.616	3.01660107412421
0.617	3.01716091189785
0.618	3.01772087059315
0.619	3.01828095028849
0.62	3.01884115106235
0.621	3.01940147299329
0.622	3.01996191615995
0.623	3.02052248064107
0.624	3.02108316651545
0.625	3.02164397386199
0.626	3.02220490275968
0.627	3.02276595328759
0.628	3.02332712552488
0.629	3.02388841955078
0.63	3.02444983544463
0.631	3.02501137328584
0.632	3.0255730331539
0.633	3.02613481512842
0.634	3.02669671928906
0.635	3.02725874571558
0.636	3.02782089448782
0.637	3.02838316568573
0.638	3.02894555938932
0.639	3.0295080756787
0.64	3.03007071463407
0.641	3.03063347633571
0.642	3.03119636086399
0.643	3.03175936829936
0.644	3.03232249872239
0.645	3.03288575221369
0.646	3.033449128854
0.647	3.03401262872411
0.648	3.03457625190494
0.649	3.03513999847747
0.65	3.03570386852278
0.651	3.03626786212202
0.652	3.03683197935646
0.653	3.03739622030744
0.654	3.0379605850564
0.655	3.03852507368484
0.656	3.03908968627439
0.657	3.03965442290675
0.658	3.0402192836637
0.659	3.04078426862713
0.66	3.04134937787901
0.661	3.04191461150139
0.662	3.04247996957644
0.663	3.04304545218639
0.664	3.04361105941357
0.665	3.04417679134042
0.666	3.04474264804943
0.667	3.04530862962323
0.668	3.04587473614449
0.669	3.04644096769602
0.67	3.04700732436069
0.671	3.04757380622147
0.672	3.04814041336143
0.673	3.04870714586371
0.674	3.04927400381157
0.675	3.04984098728834
0.676	3.05040809637745
0.677	3.05097533116243
0.678	3.0515426917269
0.679	3.05211017815456
0.68	3.05267779052921
0.681	3.05324552893475
0.682	3.05381339345517
0.683	3.05438138417454
0.684	3.05494950117705
0.685	3.05551774454696
0.686	3.05608611436863
0.687	3.05665461072652
0.688	3.05722323370517
0.689	3.05779198338924
0.69	3.05836085986346
0.691	3.05892986321266
0.692	3.05949899352178
0.693	3.06006825087583
0.694	3.06063763535993
0.695	3.06120714705929
0.696	3.06177678605922
0.697	3.06234655244513
0.698	3.06291644630252
0.699	3.06348646771697
0.7	3.06405661677417
0.701	3.06462689355992
0.702	3.0651972981601
0.703	3.06576783066068
0.704	3.06633849114774
0.705	3.06690927970745
0.706	3.06748019642609
0.707	3.06805124139
0.708	3.06862241468566
0.709	3.06919371639963
0.71	3.06976514661856
0.711	3.07033670542921
0.712	3.07090839291843
0.713	3.07148020917316
0.714	3.07205215428047
0.715	3.07262422832748
0.716	3.07319643140146
0.717	3.07376876358973
0.718	3.07434122497974
0.719	3.07491381565903
0.72	3.07548653571524
0.721	3.07605938523611
0.722	3.07663236430947
0.723	3.07720547302326
0.724	3.07777871146552
0.725	3.07835207972438
0.726	3.07892557788808
0.727	3.07949920604494
0.728	3.08007296428342
0.729	3.08064685269205
0.73	3.08122087135945
0.731	3.08179502037437
0.732	3.08236929982565
0.733	3.08294370980222
0.734	3.08351825039312
0.735	3.0840929216875
0.736	3.0846677237746
0.737	3.08524265674376
0.738	3.08581772068443
0.739	3.08639291568616
0.74	3.08696824183859
0.741	3.08754369923148
0.742	3.08811928795469
0.743	3.08869500809817
0.744	3.08927085975197
0.745	3.08984684300627
0.746	3.09042295795133
0.747	3.09099920467752
0.748	3.09157558327531
0.749	3.09215209383528
0.75	3.09272873644811
0.751	3.09330551120458
0.752	3.09388241819557
0.753	3.09445945751209
0.754	3.09503662924523
0.755	3.09561393348619
0.756	3.09619137032627
0.757	3.09676893985689
0.758	3.09734664216956
0.759	3.0979244773559
0.76	3.09850244550765
0.761	3.09908054671662
0.762	3.09965878107476
0.763	3.10023714867412
0.764	3.10081564960684
0.765	3.10139428396518
0.766	3.1019730518415
0.767	3.10255195332827
0.768	3.10313098851807
0.769	3.10371015750358
0.77	3.10428946037759
0.771	3.104868897233
0.772	3.1054484681628
0.773	3.10602817326013
0.774	3.10660801261818
0.775	3.10718798633031
0.776	3.10776809448993
0.777	3.10834833719059
0.778	3.10892871452595
0.779	3.10950922658978
0.78	3.11008987347593
0.781	3.1106706552784
0.782	3.11125157209126
0.783	3.11183262400873
0.784	3.1124138111251
0.785	3.11299513353479
0.786	3.11357659133234
0.787	3.11415818461238
0.788	3.11473991346966
0.789	3.11532177799904
0.79	3.11590377829549
0.791	3.11648591445408
0.792	3.11706818657002
0.793	3.11765059473859
0.794	3.11823313905523
0.795	3.11881581961544
0.796	3.11939863651487
0.797	3.11998158984928
0.798	3.12056467971451
0.799	3.12114790620655
0.8	3.12173126942147
0.801	3.12231476945549
0.802	3.12289840640491
0.803	3.12348218036615
0.804	3.12406609143576
0.805	3.12465013971038
0.806	3.12523432528678
0.807	3.12581864826184
0.808	3.12640310873255
0.809	3.12698770679602
0.81	3.12757244254947
0.811	3.12815731609024
0.812	3.12874232751578
0.813	3.12932747692364
0.814	3.12991276441152
0.815	3.13049819007721
0.816	3.13108375401862
0.817	3.13166945633378
0.818	3.13225529712083
0.819	3.13284127647803
0.82	3.13342739450376
0.821	3.1340136512965
0.822	3.13460004695487
0.823	3.13518658157759
0.824	3.1357732552635
0.825	3.13636006811157
0.826	3.13694702022087
0.827	3.13753411169059
0.828	3.13812134262005
0.829	3.13870871310868
0.83	3.13929622325603
0.831	3.13988387316175
0.832	3.14047166292565
0.833	3.14105959264762
0.834	3.14164766242769
0.835	3.142235872366
0.836	3.14282422256281
0.837	3.14341271311851
0.838	3.14400134413359
0.839	3.14459011570868
0.84	3.14517902794452
0.841	3.14576808094196
0.842	3.146357274802
0.843	3.14694660962574
0.844	3.1475360855144
0.845	3.14812570256932
0.846	3.14871546089198
0.847	3.14930536058396
0.848	3.14989540174698
0.849	3.15048558448286
0.85	3.15107590889356
0.851	3.15166637508116
0.852	3.15225698314785
0.853	3.15284773319597
0.854	3.15343862532795
0.855	3.15402965964637
0.856	3.15462083625391
0.857	3.15521215525339
0.858	3.15580361674776
0.859	3.15639522084008
0.86	3.15698696763353
0.861	3.15757885723144
0.862	3.15817088973722
0.863	3.15876306525446
0.864	3.15935538388683
0.865	3.15994784573815
0.866	3.16054045091236
0.867	3.16113319951353
0.868	3.16172609164583
0.869	3.1623191274136
0.87	3.16291230692126
0.871	3.1635056302734
0.872	3.16409909757471
0.873	3.16469270893001
0.874	3.16528646444426
0.875	3.16588036422252
0.876	3.16647440837002
0.877	3.16706859699207
0.878	3.16766293019415
0.879	3.16825740808184
0.88	3.16885203076086
0.881	3.16944679833707
0.882	3.17004171091643
0.883	3.17063676860506
0.884	3.17123197150919
0.885	3.17182731973518
0.886	3.17242281338954
0.887	3.17301845257888
0.888	3.17361423740996
0.889	3.17421016798967
0.89	3.17480624442502
0.891	3.17540246682317
0.892	3.17599883529139
0.893	3.1765953499371
0.894	3.17719201086783
0.895	3.17778881819126
0.896	3.1783857720152
0.897	3.17898287244759
0.898	3.17958011959649
0.899	3.18017751357011
0.9	3.1807750544768
0.901	3.18137274242502
0.902	3.18197057752337
0.903	3.1825685598806
0.904	3.18316668960557
0.905	3.1837649668073
0.906	3.18436339159491
0.907	3.1849619640777
0.908	3.18556068436507
0.909	3.18615955256656
0.91	3.18675856879185
0.911	3.18735773315077
0.912	3.18795704575326
0.913	3.18855650670942
0.914	3.18915611612946
0.915	3.18975587412375
0.916	3.19035578080279
0.917	3.19095583627721
0.918	3.19155604065779
0.919	3.19215639405544
0.92	3.19275689658119
0.921	3.19335754834625
0.922	3.19395834946192
0.923	3.19455930003969
0.924	3.19516040019113
0.925	3.19576165002801
0.926	3.19636304966219
0.927	3.19696459920569
0.928	3.19756629877068
0.929	3.19816814846945
0.93	3.19877014841444
0.931	3.19937229871823
0.932	3.19997459949354
0.933	3.20057705085322
0.934	3.20117965291029
0.935	3.20178240577788
0.936	3.20238530956928
0.937	3.20298836439792
0.938	3.20359157037735
0.939	3.20419492762131
0.94	3.20479843624363
0.941	3.20540209635832
0.942	3.20600590807951
0.943	3.20660987152149
0.944	3.20721398679869
0.945	3.20781825402567
0.946	3.20842267331716
0.947	3.20902724478801
0.948	3.20963196855322
0.949	3.21023684472794
0.95	3.21084187342748
0.951	3.21144705476726
0.952	3.21205238886287
0.953	3.21265787583005
0.954	3.21326351578467
0.955	3.21386930884276
0.956	3.21447525512048
0.957	3.21508135473415
0.958	3.21568760780025
0.959	3.21629401443538
0.96	3.21690057475629
0.961	3.21750728887991
0.962	3.21811415692329
0.963	3.21872117900362
0.964	3.21932835523827
0.965	3.21993568574474
0.966	3.22054317064067
0.967	3.22115081004389
0.968	3.22175860407232
0.969	3.22236655284408
0.97	3.22297465647742
0.971	3.22358291509074
0.972	3.22419132880259
0.973	3.22479989773169
0.974	3.22540862199688
0.975	3.22601750171718
0.976	3.22662653701175
0.977	3.22723572799989
0.978	3.22784507480108
0.979	3.22845457753494
0.98	3.22906423632122
0.981	3.22967405127987
0.982	3.23028402253096
0.983	3.23089415019471
0.984	3.23150443439152
0.985	3.23211487524193
0.986	3.23272547286664
0.987	3.23333622738649
0.988	3.23394713892249
0.989	3.23455820759581
0.99	3.23516943352776
0.991	3.23578081683981
0.992	3.2363923576536
0.993	3.23700405609092
0.994	3.2376159122737
0.995	3.23822792632405
0.996	3.23884009836424
0.997	3.23945242851666
0.998	3.24006491690391
0.999	3.24067756364872
1	3.24129036887397
1.001	3.24190333270273
1.002	3.2425164552582
1.003	3.24312973666374
1.004	3.2437431770429
1.005	3.24435677651936
1.006	3.24497053521697
1.007	3.24558445325976
1.008	3.24619853077187
1.009	3.24681276787766
1.01	3.24742716470162
1.011	3.24804172136841
1.012	3.24865643800284
1.013	3.2492713147299
1.014	3.24988635167474
1.015	3.25050154896266
1.016	3.25111690671913
1.017	3.2517324250698
1.018	3.25234810414045
1.019	3.25296394405707
1.02	3.25357994494576
1.021	3.25419610693284
1.022	3.25481243014475
1.023	3.25542891470812
1.024	3.25604556074974
1.025	3.25666236839657
1.026	3.25727933777573
1.027	3.25789646901451
1.028	3.25851376224037
1.029	3.25913121758093
1.03	3.25974883516398
1.031	3.26036661511749
1.032	3.26098455756957
1.033	3.26160266264853
1.034	3.26222093048284
1.035	3.26283936120112
1.036	3.26345795493218
1.037	3.264076711805
1.038	3.26469563194872
1.039	3.26531471549265
1.04	3.26593396256628
1.041	3.26655337329927
1.042	3.26717294782145
1.043	3.26779268626281
1.044	3.26841258875352
1.045	3.26903265542394
1.046	3.26965288640457
1.047	3.27027328182612
1.048	3.27089384181943
1.049	3.27151456651555
1.05	3.27213545604569
1.051	3.27275651054124
1.052	3.27337773013375
1.053	3.27399911495495
1.054	3.27462066513677
1.055	3.27524238081128
1.056	3.27586426211075
1.057	3.27648630916761
1.058	3.27710852211448
1.059	3.27773090108416
1.06	3.2783534462096
1.061	3.27897615762396
1.062	3.27959903546055
1.063	3.28022207985289
1.064	3.28084529093466
1.065	3.2814686688397
1.066	3.28209221370207
1.067	3.28271592565598
1.068	3.28333980483583
1.069	3.2839638513762
1.07	3.28458806541185
1.071	3.28521244707772
1.072	3.28583699650893
1.073	3.28646171384078
1.074	3.28708659920877
1.075	3.28771165274855
1.076	3.28833687459598
1.077	3.2889622648871
1.078	3.28958782375811
1.079	3.29021355134542
1.08	3.29083944778562
1.081	3.29146551321547
1.082	3.29209174777192
1.083	3.29271815159212
1.084	3.29334472481339
1.085	3.29397146757325
1.086	3.29459838000937
1.087	3.29522546225965
1.088	3.29585271446216
1.089	3.29648013675516
1.09	3.29710772927708
1.091	3.29773549216656
1.092	3.29836342556243
1.093	3.29899152960368
1.094	3.29961980442952
1.095	3.30024825017934
1.096	3.3008768669927
1.097	3.30150565500939
1.098	3.30213461436935
1.099	3.30276374521274
1.1	3.3033930476799
1.101	3.30402252191134
1.102	3.30465216804781
1.103	3.30528198623021
1.104	3.30591197659965
1.105	3.30654213929743
1.106	3.30717247446505
1.107	3.3078029822442
1.108	3.30843366277675
1.109	3.30906451620478
1.11	3.30969554267056
1.111	3.31032674231657
1.112	3.31095811528546
1.113	3.31158966172009
1.114	3.31222138176351
1.115	3.31285327555898
1.116	3.31348534324995
1.117	3.31411758498005
1.118	3.31475000089314
1.119	3.31538259113325
1.12	3.31601535584463
1.121	3.31664829517172
1.122	3.31728140925916
1.123	3.31791469825177
1.124	3.31854816229461
1.125	3.31918180153291
1.126	3.31981561611212
1.127	3.32044960617787
1.128	3.321083771876
1.129	3.32171811335257
1.13	3.32235263075383
1.131	3.32298732422621
1.132	3.32362219391638
1.133	3.3242572399712
1.134	3.32489246253773
1.135	3.32552786176323
1.136	3.32616343779518
1.137	3.32679919078125
1.138	3.32743512086933
1.139	3.3280712282075
1.14	3.32870751294406
1.141	3.32934397522752
1.142	3.32998061520657
1.143	3.33061743303014
1.144	3.33125442884736
1.145	3.33189160280755
1.146	3.33252895506026
1.147	3.33316648575524
1.148	3.33380419504246
1.149	3.33444208307208
1.15	3.33508014999449
1.151	3.33571839596028
1.152	3.33635682112026
1.153	3.33699542562544
1.154	3.33763420962705
1.155	3.33827317327654
1.156	3.33891231672555
1.157	3.33955164012596
1.158	3.34019114362985
1.159	3.34083082738951
1.16	3.34147069155746
1.161	3.34211073628642
1.162	3.34275096172933
1.163	3.34339136803936
1.164	3.34403195536987
1.165	3.34467272387446
1.166	3.34531367370694
1.167	3.34595480502133
1.168	3.34659611797187
1.169	3.34723761271304
1.17	3.34787928939951
1.171	3.34852114818619
1.172	3.34916318922819
1.173	3.34980541268086
1.174	3.35044781869976
1.175	3.35109040744068
1.176	3.35173317905962
1.177	3.3523761337128
1.178	3.35301927155669
1.179	3.35366259274794
1.18	3.35430609744347
1.181	3.35494978580039
1.182	3.35559365797604
1.183	3.356237714128
1.184	3.35688195441406
1.185	3.35752637899224
1.186	3.35817098802079
1.187	3.35881578165818
1.188	3.35946076006311
1.189	3.36010592339451
1.19	3.36075127181154
1.191	3.36139680547359
1.192	3.36204252454025
1.193	3.36268842917139
1.194	3.36333451952706
1.195	3.36398079576758
1.196	3.36462725805347
1.197	3.36527390654551
1.198	3.36592074140468
1.199	3.36656776279222
1.2	3.36721497086959
1.201	3.36786236579848
1.202	3.36850994774081
1.203	3.36915771685877
1.204	3.36980567331473
1.205	3.37045381727132
1.206	3.37110214889143
1.207	3.37175066833814
1.208	3.3723993757748
1.209	3.37304827136498
1.21	3.37369735527251
1.211	3.37434662766141
1.212	3.374996088696
1.213	3.37564573854079
1.214	3.37629557736056
1.215	3.3769456053203
1.216	3.37759582258528
1.217	3.37824622932097
1.218	3.37889682569311
1.219	3.37954761186766
1.22	3.38019858801085
1.221	3.38084975428912
1.222	3.38150111086918
1.223	3.38215265791797
1.224	3.38280439560268
1.225	3.38345632409074
1.226	3.38410844354982
1.227	3.38476075414786
1.228	3.38541325605302
1.229	3.38606594943371
1.23	3.38671883445861
1.231	3.38737191129661
1.232	3.38802518011689
1.233	3.38867864108885
1.234	3.38933229438214
1.235	3.38998614016668
1.236	3.39064017861262
1.237	3.39129440989037
1.238	3.39194883417059
1.239	3.39260345162419
1.24	3.39325826242234
1.241	3.39391326673645
1.242	3.3945684647382
1.243	3.3952238565995
1.244	3.39587944249254
1.245	3.39653522258975
1.246	3.39719119706383
1.247	3.39784736608771
1.248	3.3985037298346
1.249	3.39916028847796
1.25	3.3998170421915
1.251	3.40047399114921
1.252	3.40113113552531
1.253	3.4017884754943
1.254	3.40244601123093
1.255	3.40310374291021
1.256	3.40376167070743
1.257	3.40441979479811
1.258	3.40507811535806
1.259	3.40573663256332
1.26	3.40639534659024
1.261	3.4070542576154
1.262	3.40771336581564
1.263	3.40837267136808
1.264	3.40903217445011
1.265	3.40969187523937
1.266	3.41035177391378
1.267	3.41101187065151
1.268	3.41167216563102
1.269	3.41233265903103
1.27	3.41299335103051
1.271	3.41365424180872
1.272	3.41431533154519
1.273	3.41497662041971
1.274	3.41563810861235
1.275	3.41629979630344
1.276	3.4169616836736
1.277	3.41762377090371
1.278	3.41828605817491
1.279	3.41894854566864
1.28	3.41961123356662
1.281	3.4202741220508
1.282	3.42093721130345
1.283	3.42160050150709
1.284	3.42226399284454
1.285	3.42292768549888
1.286	3.42359157965347
1.287	3.42425567549195
1.288	3.42491997319824
1.289	3.42558447295654
1.29	3.42624917495134
1.291	3.42691407936738
1.292	3.42757918638973
1.293	3.42824449620368
1.294	3.42891000899487
1.295	3.42957572494917
1.296	3.43024164425276
1.297	3.4309077670921
1.298	3.43157409365394
1.299	3.4322406241253
1.3	3.43290735869349
1.301	3.43357429754613
1.302	3.4342414408711
1.303	3.43490878885659
1.304	3.43557634169105
1.305	3.43624409956325
1.306	3.43691206266223
1.307	3.43758023117734
1.308	3.43824860529819
1.309	3.43891718521472
1.31	3.43958597111713
1.311	3.44025496319594
1.312	3.44092416164193
1.313	3.44159356664622
1.314	3.44226317840018
1.315	3.44293299709551
1.316	3.44360302292418
1.317	3.44427325607848
1.318	3.44494369675098
1.319	3.44561434513456
1.32	3.4462852014224
1.321	3.44695626580795
1.322	3.44762753848501
1.323	3.44829901964765
1.324	3.44897070949024
1.325	3.44964260820746
1.326	3.45031471599429
1.327	3.45098703304603
1.328	3.45165955955825
1.329	3.45233229572685
1.33	3.45300524174803
1.331	3.45367839781831
1.332	3.45435176413448
1.333	3.45502534089368
1.334	3.45569912829333
1.335	3.45637312653117
1.336	3.45704733580524
1.337	3.45772175631391
1.338	3.45839638825584
1.339	3.45907123183001
1.34	3.45974628723572
1.341	3.46042155467257
1.342	3.46109703434047
1.343	3.46177272643967
1.344	3.46244863117071
1.345	3.46312474873445
1.346	3.46380107933207
1.347	3.46447762316508
1.348	3.46515438043529
1.349	3.46583135134483
1.35	3.46650853609616
1.351	3.46718593489205
1.352	3.46786354793559
1.353	3.4685413754302
1.354	3.46921941757961
1.355	3.46989767458789
1.356	3.47057614665943
1.357	3.47125483399892
1.358	3.4719337368114
1.359	3.47261285530223
1.36	3.4732921896771
1.361	3.47397174014201
1.362	3.47465150690332
1.363	3.47533149016768
1.364	3.47601169014209
1.365	3.47669210703388
1.366	3.47737274105072
1.367	3.47805359240059
1.368	3.47873466129181
1.369	3.47941594793304
1.37	3.48009745253327
1.371	3.48077917530183
1.372	3.48146111644836
1.373	3.48214327618288
1.374	3.4828256547157
1.375	3.48350825225751
1.376	3.4841910690193
1.377	3.48487410521242
1.378	3.48555736104857
1.379	3.48624083673976
1.38	3.48692453249838
1.381	3.48760844853711
1.382	3.48829258506903
1.383	3.48897694230753
1.384	3.48966152046635
1.385	3.49034631975958
1.386	3.49103134040165
1.387	3.49171658260733
1.388	3.49240204659177
1.389	3.49308773257042
1.39	3.49377364075913
1.391	3.49445977137406
1.392	3.49514612463173
1.393	3.49583270074903
1.394	3.49651949994318
1.395	3.49720652243178
1.396	3.49789376843274
1.397	3.49858123816437
1.398	3.49926893184531
1.399	3.49995684969456
1.4	3.50064499193149
1.401	3.50133335877581
1.402	3.50202195044761
1.403	3.5027107671673
1.404	3.5033998091557
1.405	3.50408907663397
1.406	3.50477856982361
1.407	3.50546828894652
1.408	3.50615823422495
1.409	3.5068484058815
1.41	3.50753880413915
1.411	3.50822942922125
1.412	3.5089202813515
1.413	3.50961136075399
1.414	3.51030266765316
1.415	3.51099420227384
1.416	3.5116859648412
1.417	3.5123779555808
1.418	3.51307017471859
1.419	3.51376262248086
1.42	3.51445529909428
1.421	3.51514820478593
1.422	3.51584133978321
1.423	3.51653470431395
1.424	3.51722829860631
1.425	3.51792212288887
1.426	3.51861617739056
1.427	3.51931046234071
1.428	3.52000497796901
1.429	3.52069972450554
1.43	3.52139470218079
1.431	3.52208991122558
1.432	3.52278535187117
1.433	3.52348102434916
1.434	3.52417692889157
1.435	3.52487306573079
1.436	3.52556943509959
1.437	3.52626603723115
1.438	3.52696287235903
1.439	3.52765994071719
1.44	3.52835724253995
1.441	3.52905477806206
1.442	3.52975254751866
1.443	3.53045055114525
1.444	3.53114878917777
1.445	3.53184726185252
1.446	3.53254596940622
1.447	3.53324491207599
1.448	3.53394409009932
1.449	3.53464350371414
1.45	3.53534315315875
1.451	3.53604303867187
1.452	3.53674316049262
1.453	3.53744351886051
1.454	3.53814411401547
1.455	3.53884494619784
1.456	3.53954601564834
1.457	3.54024732260814
1.458	3.54094886731877
1.459	3.54165065002221
1.46	3.54235267096084
1.461	3.54305493037743
1.462	3.54375742851519
1.463	3.54446016561773
1.464	3.54516314192909
1.465	3.54586635769369
1.466	3.54656981315641
1.467	3.54727350856252
1.468	3.54797744415772
1.469	3.54868162018812
1.47	3.54938603690026
1.471	3.55009069454109
1.472	3.55079559335801
1.473	3.55150073359881
1.474	3.55220611551172
1.475	3.55291173934539
1.476	3.55361760534892
1.477	3.5543237137718
1.478	3.55503006486398
1.479	3.55573665887582
1.48	3.55644349605812
1.481	3.55715057666211
1.482	3.55785790093946
1.483	3.55856546914226
1.484	3.55927328152304
1.485	3.55998133833477
1.486	3.56068963983086
1.487	3.56139818626515
1.488	3.56210697789192
1.489	3.5628160149659
1.49	3.56352529774225
1.491	3.56423482647658
1.492	3.56494460142493
1.493	3.5656546228438
1.494	3.56636489099014
1.495	3.56707540612133
1.496	3.56778616849519
1.497	3.56849717837003
1.498	3.56920843600457
1.499	3.56991994165799
1.5	3.57063169558994
1.501	3.57134369806051
1.502	3.57205594933023
1.503	3.57276844966011
1.504	3.5734811993116
1.505	3.57419419854663
1.506	3.57490744762757
1.507	3.57562094681724
1.508	3.57633469637894
1.509	3.57704869657644
1.51	3.57776294767395
1.511	3.57847744993616
1.512	3.57919220362821
1.513	3.57990720901573
1.514	3.5806224663648
1.515	3.58133797594197
1.516	3.58205373801428
1.517	3.58276975284921
1.518	3.58348602071475
1.519	3.58420254187932
1.52	3.58491931661185
1.521	3.58563634518174
1.522	3.58635362785885
1.523	3.58707116491353
1.524	3.58778895661662
1.525	3.58850700323943
1.526	3.58922530505375
1.527	3.58994386233185
1.528	3.59066267534649
1.529	3.59138174437093
1.53	3.5921010696789
1.531	3.59282065154462
1.532	3.59354049024279
1.533	3.59426058604862
1.534	3.59498093923781
1.535	3.59570155008654
1.536	3.59642241887149
1.537	3.59714354586984
1.538	3.59786493135926
1.539	3.59858657561792
1.54	3.59930847892449
1.541	3.60003064155815
1.542	3.60075306379856
1.543	3.60147574592591
1.544	3.60219868822086
1.545	3.60292189096462
1.546	3.60364535443886
1.547	3.6043690789258
1.548	3.60509306470814
1.549	3.6058173120691
1.55	3.60654182129241
1.551	3.60726659266233
1.552	3.60799162646361
1.553	3.60871692298152
1.554	3.60944248250187
1.555	3.61016830531097
1.556	3.61089439169564
1.557	3.61162074194324
1.558	3.61234735634165
1.559	3.61307423517927
1.56	3.61380137874502
1.561	3.61452878732835
1.562	3.61525646121925
1.563	3.61598440070822
1.564	3.61671260608629
1.565	3.61744107764505
1.566	3.6181698156766
1.567	3.61889882047357
1.568	3.61962809232915
1.569	3.62035763153703
1.57	3.62108743839148
1.571	3.62181751318729
1.572	3.62254785621978
1.573	3.62327846778484
1.574	3.62400934817888
1.575	3.62474049769887
1.576	3.62547191664233
1.577	3.62620360530731
1.578	3.62693556399243
1.579	3.62766779299684
1.58	3.62840029262028
1.581	3.629133063163
1.582	3.62986610492582
1.583	3.63059941821015
1.584	3.63133300331791
1.585	3.63206686055161
1.586	3.63280099021431
1.587	3.63353539260963
1.588	3.63427006804178
1.589	3.63500501681549
1.59	3.63574023923611
1.591	3.63647573560951
1.592	3.63721150624216
1.593	3.6379475514411
1.594	3.63868387151394
1.595	3.63942046676885
1.596	3.6401573375146
1.597	3.64089448406053
1.598	3.64163190671654
1.599	3.64236960579314
1.6	3.6431075816014
1.601	3.643845834453
1.602	3.64458436466017
1.603	3.64532317253576
1.604	3.64606225839318
1.605	3.64680162254646
1.606	3.6475412653102
1.607	3.64828118699959
1.608	3.64902138793044
1.609	3.64976186841912
1.61	3.65050262878264
1.611	3.65124366933858
1.612	3.65198499040512
1.613	3.65272659230107
1.614	3.6534684753458
1.615	3.65421063985934
1.616	3.65495308616228
1.617	3.65569581457584
1.618	3.65643882542185
1.619	3.65718211902276
1.62	3.65792569570162
1.621	3.6586695557821
1.622	3.65941369958849
1.623	3.6601581274457
1.624	3.66090283967925
1.625	3.6616478366153
1.626	3.66239311858061
1.627	3.66313868590259
1.628	3.66388453890927
1.629	3.66463067792929
1.63	3.66537710329196
1.631	3.66612381532718
1.632	3.66687081436551
1.633	3.66761810073813
1.634	3.66836567477688
1.635	3.66911353681422
1.636	3.66986168718326
1.637	3.67061012621773
1.638	3.67135885425205
1.639	3.67210787162124
1.64	3.67285717866099
1.641	3.67360677570764
1.642	3.67435666309817
1.643	3.67510684117024
1.644	3.67585731026213
1.645	3.6766080707128
1.646	3.67735912286186
1.647	3.67811046704957
1.648	3.67886210361688
1.649	3.67961403290538
1.65	3.68036625525734
1.651	3.68111877101567
1.652	3.681871580524
1.653	3.68262468412658
1.654	3.68337808216835
1.655	3.68413177499495
1.656	3.68488576295267
1.657	3.68564004638847
1.658	3.68639462565001
1.659	3.68714950108563
1.66	3.68790467304436
1.661	3.68866014187589
1.662	3.68941590793063
1.663	3.69017197155965
1.664	3.69092833311474
1.665	3.69168499294836
1.666	3.69244195141368
1.667	3.69319920886457
1.668	3.69395676565558
1.669	3.69471462214198
1.67	3.69547277867974
1.671	3.69623123562553
1.672	3.69698999333673
1.673	3.69774905217143
1.674	3.69850841248842
1.675	3.69926807464722
1.676	3.70002803900807
1.677	3.70078830593189
1.678	3.70154887578037
1.679	3.70230974891588
1.68	3.70307092570153
1.681	3.70383240650116
1.682	3.70459419167932
1.683	3.70535628160131
1.684	3.70611867663315
1.685	3.70688137714159
1.686	3.70764438349412
1.687	3.70840769605897
1.688	3.70917131520511
1.689	3.70993524130224
1.69	3.71069947472081
1.691	3.71146401583203
1.692	3.71222886500784
1.693	3.71299402262093
1.694	3.71375948904476
1.695	3.71452526465352
1.696	3.71529134982217
1.697	3.71605774492643
1.698	3.71682445034278
1.699	3.71759146644845
1.7	3.71835879362146
1.701	3.71912643224057
1.702	3.71989438268532
1.703	3.72066264533603
1.704	3.72143122057378
1.705	3.72220010878044
1.706	3.72296931033865
1.707	3.72373882563183
1.708	3.72450865504418
1.709	3.72527879896069
1.71	3.72604925776713
1.711	3.72682003185008
1.712	3.72759112159688
1.713	3.72836252739569
1.714	3.72913424963545
1.715	3.72990628870591
1.716	3.73067864499762
1.717	3.73145131890191
1.718	3.73222431081096
1.719	3.7329976211177
1.72	3.73377125021593
1.721	3.73454519850022
1.722	3.73531946636597
1.723	3.7360940542094
1.724	3.73686896242754
1.725	3.73764419141824
1.726	3.73841974158019
1.727	3.7391956133129
1.728	3.73997180701669
1.729	3.74074832309275
1.73	3.74152516194306
1.731	3.74230232397048
1.732	3.74307980957866
1.733	3.74385761917214
1.734	3.74463575315627
1.735	3.74541421193725
1.736	3.74619299592215
1.737	3.74697210551887
1.738	3.74775154113616
1.739	3.74853130318365
1.74	3.74931139207181
1.741	3.75009180821197
1.742	3.75087255201633
1.743	3.75165362389796
1.744	3.75243502427079
1.745	3.75321675354962
1.746	3.75399881215013
1.747	3.75478120048887
1.748	3.75556391898329
1.749	3.75634696805169
1.75	3.75713034811327
1.751	3.75791405958812
1.752	3.75869810289721
1.753	3.75948247846242
1.754	3.76026718670649
1.755	3.76105222805309
1.756	3.76183760292678
1.757	3.76262331175303
1.758	3.76340935495818
1.759	3.76419573296953
1.76	3.76498244621526
1.761	3.76576949512446
1.762	3.76655688012716
1.763	3.76734460165428
1.764	3.76813266013768
1.765	3.76892105601014
1.766	3.76970978970537
1.767	3.77049886165801
1.768	3.77128827230362
1.769	3.77207802207872
1.77	3.77286811142074
1.771	3.77365854076807
1.772	3.77444931056005
1.773	3.77524042123694
1.774	3.77603187323998
1.775	3.77682366701134
1.776	3.77761580299415
1.777	3.77840828163252
1.778	3.7792011033715
1.779	3.7799942686571
1.78	3.7807877779363
1.781	3.78158163165708
1.782	3.78237583026834
1.783	3.78317037422001
1.784	3.78396526396296
1.785	3.78476049994905
1.786	3.78555608263115
1.787	3.78635201246309
1.788	3.78714828989969
1.789	3.78794491539679
1.79	3.7887418894112
1.791	3.78953921240075
1.792	3.79033688482426
1.793	3.79113490714155
1.794	3.79193327981348
1.795	3.7927320033019
1.796	3.79353107806966
1.797	3.79433050458066
1.798	3.79513028329981
1.799	3.79593041469304
1.8	3.79673089922732
1.801	3.79753173737063
1.802	3.79833292959201
1.803	3.79913447636153
1.804	3.79993637815028
1.805	3.80073863543042
1.806	3.80154124867515
1.807	3.80234421835871
1.808	3.80314754495642
1.809	3.80395122894463
1.81	3.80475527080076
1.811	3.80555967100331
1.812	3.80636443003181
1.813	3.8071695483669
1.814	3.80797502649026
1.815	3.80878086488469
1.816	3.80958706403402
1.817	3.8103936244232
1.818	3.81120054653825
1.819	3.8120078308663
1.82	3.81281547789554
1.821	3.8136234881153
1.822	3.81443186201598
1.823	3.8152406000891
1.824	3.81604970282728
1.825	3.81685917072425
1.826	3.81766900427486
1.827	3.81847920397509
1.828	3.81928977032202
1.829	3.82010070381386
1.83	3.82091200494998
1.831	3.82172367423083
1.832	3.82253571215805
1.833	3.82334811923438
1.834	3.82416089596372
1.835	3.82497404285112
1.836	3.82578756040278
1.837	3.82660144912606
1.838	3.82741570952945
1.839	3.82823034212264
1.84	3.82904534741646
1.841	3.82986072592292
1.842	3.83067647815521
1.843	3.83149260462769
1.844	3.83230910585588
1.845	3.83312598235653
1.846	3.83394323464753
1.847	3.83476086324801
1.848	3.83557886867826
1.849	3.83639725145978
1.85	3.83721601211528
1.851	3.83803515116867
1.852	3.83885466914507
1.853	3.83967456657084
1.854	3.84049484397353
1.855	3.84131550188193
1.856	3.84213654082604
1.857	3.84295796133712
1.858	3.84377976394764
1.859	3.84460194919132
1.86	3.84542451760313
1.861	3.84624746971926
1.862	3.8470708060772
1.863	3.84789452721565
1.864	3.84871863367459
1.865	3.84954312599527
1.866	3.8503680047202
1.867	3.85119327039316
1.868	3.8520189235592
1.869	3.85284496476467
1.87	3.8536713945572
1.871	3.8544982134857
1.872	3.85532542210038
1.873	3.85615302095275
1.874	3.85698101059561
1.875	3.85780939158307
1.876	3.85863816447057
1.877	3.85946732981485
1.878	3.86029688817396
1.879	3.86112684010729
1.88	3.86195718617554
1.881	3.86278792694077
1.882	3.86361906296637
1.883	3.86445059481704
1.884	3.86528252305886
1.885	3.86611484825925
1.886	3.86694757098698
1.887	3.8677806918122
1.888	3.86861421130639
1.889	3.86944813004243
1.89	3.87028244859455
1.891	3.87111716753838
1.892	3.87195228745091
1.893	3.87278780891054
1.894	3.87362373249704
1.895	3.87446005879159
1.896	3.87529678837677
1.897	3.87613392183656
1.898	3.87697145975635
1.899	3.87780940272297
1.9	3.87864775132463
1.901	3.87948650615099
1.902	3.88032566779314
1.903	3.8811652368436
1.904	3.88200521389633
1.905	3.88284559954673
1.906	3.88368639439167
1.907	3.88452759902944
1.908	3.88536921405981
1.909	3.88621124008403
1.91	3.88705367770478
1.911	3.88789652752625
1.912	3.8887397901541
1.913	3.88958346619546
1.914	3.89042755625896
1.915	3.89127206095474
1.916	3.89211698089441
1.917	3.89296231669111
1.918	3.89380806895948
1.919	3.89465423831567
1.92	3.89550082537737
1.921	3.89634783076377
1.922	3.89719525509561
1.923	3.89804309899516
1.924	3.89889136308624
1.925	3.8997400479942
1.926	3.90058915434597
1.927	3.90143868277001
1.928	3.90228863389634
1.929	3.9031390083566
1.93	3.90398980678394
1.931	3.90484102981313
1.932	3.90569267808052
1.933	3.90654475222403
1.934	3.9073972528832
1.935	3.90825018069917
1.936	3.90910353631467
1.937	3.90995732037406
1.938	3.91081153352332
1.939	3.91166617641004
1.94	3.91252124968346
1.941	3.91337675399444
1.942	3.91423268999549
1.943	3.91508905834077
1.944	3.91594585968609
1.945	3.91680309468891
1.946	3.91766076400838
1.947	3.9185188683053
1.948	3.91937740824215
1.949	3.92023638448311
1.95	3.92109579769403
1.951	3.92195564854245
1.952	3.92281593769765
1.953	3.92367666583057
1.954	3.92453783361389
1.955	3.92539944172201
1.956	3.92626149083105
1.957	3.92712398161886
1.958	3.92798691476503
1.959	3.9288502909509
1.96	3.92971411085955
1.961	3.93057837517583
1.962	3.93144308458634
1.963	3.93230823977946
1.964	3.93317384144535
1.965	3.93403989027593
1.966	3.93490638696494
1.967	3.9357733322079
1.968	3.93664072670212
1.969	3.93750857114673
1.97	3.9383768662427
1.971	3.93924561269277
1.972	3.94011481120155
1.973	3.94098446247548
1.974	3.94185456722282
1.975	3.94272512615369
1.976	3.94359613998007
1.977	3.94446760941582
1.978	3.94533953517662
1.979	3.94621191798006
1.98	3.94708475854562
1.981	3.94795805759465
1.982	3.9488318158504
1.983	3.94970603403802
1.984	3.95058071288459
1.985	3.9514558531191
1.986	3.95233145547244
1.987	3.95320752067746
1.988	3.95408404946894
1.989	3.95496104258362
1.99	3.95583850076015
1.991	3.9567164247392
1.992	3.95759481526336
1.993	3.95847367307722
1.994	3.95935299892735
1.995	3.9602327935623
1.996	3.96111305773263
1.997	3.96199379219089
1.998	3.96287499769166
1.999	3.96375667499152
2	3.96463882484911
2.001	3.96552144802506
2.002	3.96640454528208
2.003	3.96728811738492
2.004	3.96817216510037
2.005	3.96905668919732
2.006	3.96994169044671
2.007	3.97082716962156
2.008	3.971713127497
2.009	3.97259956485023
2.01	3.97348648246057
2.011	3.97437388110946
2.012	3.97526176158046
2.013	3.97615012465924
2.014	3.97703897113363
2.015	3.97792830179359
2.016	3.97881811743126
2.017	3.9797084188409
2.018	3.98059920681898
2.019	3.98149048216412
2.02	3.98238224567715
2.021	3.98327449816108
2.022	3.98416724042113
2.023	3.98506047326474
2.024	3.98595419750155
2.025	3.98684841394345
2.026	3.98774312340455
2.027	3.98863832670124
2.028	3.98953402465212
2.029	3.99043021807808
2.03	3.99132690780229
2.031	3.99222409465019
2.032	3.9931217794495
2.033	3.99401996303027
2.034	3.99491864622482
2.035	3.99581782986782
2.036	3.99671751479626
2.037	3.99761770184944
2.038	3.99851839186905
2.039	3.99941958569909
2.04	4.00032128418595
2.041	4.00122348817838
2.042	4.00212619852752
2.043	4.00302941608689
2.044	4.00393314171243
2.045	4.00483737626248
2.046	4.00574212059778
2.047	4.00664737558153
2.048	4.00755314207935
2.049	4.00845942095932
2.05	4.00936621309196
2.051	4.01027351935028
2.052	4.01118134060976
2.053	4.01208967774836
2.054	4.01299853164654
2.055	4.01390790318727
2.056	4.01481779325603
2.057	4.01572820274086
2.058	4.01663913253228
2.059	4.01755058352341
2.06	4.01846255660991
2.061	4.01937505268999
2.062	4.02028807266446
2.063	4.02120161743671
2.064	4.02211568791275
2.065	4.02303028500117
2.066	4.02394540961318
2.067	4.02486106266266
2.068	4.02577724506608
2.069	4.02669395774261
2.07	4.02761120161404
2.071	4.02852897760486
2.072	4.02944728664225
2.073	4.03036612965606
2.074	4.03128550757887
2.075	4.03220542134597
2.076	4.03312587189537
2.077	4.03404686016783
2.078	4.03496838710687
2.079	4.03589045365874
2.08	4.0368130607725
2.081	4.03773620939998
2.082	4.0386599004958
2.083	4.0395841350174
2.084	4.04050891392503
2.085	4.04143423818178
2.086	4.04236010875358
2.087	4.04328652660921
2.088	4.04421349272032
2.089	4.04514100806144
2.09	4.04606907360999
2.091	4.04699769034629
2.092	4.04792685925358
2.093	4.04885658131802
2.094	4.04978685752871
2.095	4.05071768887771
2.096	4.05164907636003
2.097	4.05258102097367
2.098	4.05351352371961
2.099	4.05444658560183
2.1	4.05538020762732
2.101	4.05631439080611
2.102	4.05724913615126
2.103	4.05818444467888
2.104	4.05912031740815
2.105	4.06005675536132
2.106	4.06099375956375
2.107	4.06193133104388
2.108	4.06286947083327
2.109	4.06380817996663
2.11	4.0647474594818
2.111	4.06568731041977
2.112	4.06662773382471
2.113	4.06756873074397
2.114	4.06851030222811
2.115	4.06945244933088
2.116	4.07039517310927
2.117	4.0713384746235
2.118	4.07228235493704
2.119	4.07322681511666
2.12	4.07417185623236
2.121	4.07511747935747
2.122	4.07606368556862
2.123	4.07701047594575
2.124	4.07795785157217
2.125	4.0789058135345
2.126	4.07985436292276
2.127	4.08080350083034
2.128	4.08175322835403
2.129	4.08270354659403
2.13	4.08365445665394
2.131	4.08460595964085
2.132	4.08555805666527
2.133	4.08651074884119
2.134	4.08746403728608
2.135	4.08841792312093
2.136	4.08937240747024
2.137	4.09032749146202
2.138	4.09128317622785
2.139	4.09223946290287
2.14	4.09319635262581
2.141	4.09415384653896
2.142	4.09511194578826
2.143	4.09607065152325
2.144	4.09702996489713
2.145	4.09798988706675
2.146	4.09895041919265
2.147	4.09991156243903
2.148	4.10087331797383
2.149	4.10183568696869
2.15	4.10279867059902
2.151	4.10376227004397
2.152	4.10472648648647
2.153	4.10569132111323
2.154	4.10665677511478
2.155	4.10762284968548
2.156	4.10858954602353
2.157	4.10955686533098
2.158	4.11052480881377
2.159	4.11149337768175
2.16	4.11246257314865
2.161	4.11343239643215
2.162	4.11440284875388
2.163	4.11537393133943
2.164	4.11634564541839
2.165	4.11731799222433
2.166	4.11829097299485
2.167	4.11926458897161
2.168	4.12023884140029
2.169	4.12121373153069
2.17	4.12218926061667
2.171	4.12316542991622
2.172	4.12414224069147
2.173	4.12511969420869
2.174	4.12609779173832
2.175	4.127076534555
2.176	4.12805592393758
2.177	4.12903596116914
2.178	4.13001664753699
2.179	4.13099798433274
2.18	4.13197997285227
2.181	4.13296261439577
2.182	4.13394591026776
2.183	4.13492986177712
2.184	4.13591447023708
2.185	4.13689973696527
2.186	4.13788566328373
2.187	4.13887225051893
2.188	4.13985950000181
2.189	4.14084741306774
2.19	4.14183599105663
2.191	4.14282523531288
2.192	4.14381514718544
2.193	4.14480572802779
2.194	4.14579697919802
2.195	4.14678890205882
2.196	4.14778149797748
2.197	4.14877476832596
2.198	4.14976871448087
2.199	4.15076333782352
2.2	4.15175863973992
2.201	4.15275462162083
2.202	4.15375128486176
2.203	4.15474863086299
2.204	4.15574666102963
2.205	4.15674537677158
2.206	4.15774477950362
2.207	4.15874487064538
2.208	4.15974565162141
2.209	4.16074712386115
2.21	4.16174928879902
2.211	4.16275214787437
2.212	4.16375570253155
2.213	4.16475995421997
2.214	4.16576490439401
2.215	4.16677055451318
2.216	4.16777690604203
2.217	4.16878396045024
2.218	4.16979171921266
2.219	4.17080018380926
2.22	4.17180935572522
2.221	4.17281923645094
2.222	4.17382982748206
2.223	4.17484113031948
2.224	4.17585314646939
2.225	4.17686587744331
2.226	4.17787932475811
2.227	4.17889348993603
2.228	4.17990837450468
2.229	4.18092397999714
2.23	4.1819403079519
2.231	4.18295735991298
2.232	4.18397513742987
2.233	4.18499364205759
2.234	4.18601287535674
2.235	4.18703283889353
2.236	4.18805353423974
2.237	4.18907496297284
2.238	4.19009712667594
2.239	4.19112002693789
2.24	4.19214366535325
2.241	4.19316804352234
2.242	4.19419316305128
2.243	4.19521902555202
2.244	4.19624563264233
2.245	4.19727298594588
2.246	4.19830108709225
2.247	4.19932993771696
2.248	4.2003595394615
2.249	4.20138989397334
2.25	4.20242100290601
2.251	4.2034528679191
2.252	4.20448549067827
2.253	4.20551887285533
2.254	4.20655301612823
2.255	4.20758792218111
2.256	4.20862359270434
2.257	4.20966002939454
2.258	4.21069723395461
2.259	4.21173520809377
2.26	4.21277395352759
2.261	4.21381347197802
2.262	4.21485376517343
2.263	4.21589483484864
2.264	4.21693668274496
2.265	4.21797931061021
2.266	4.21902272019877
2.267	4.22006691327159
2.268	4.22111189159626
2.269	4.22215765694702
2.27	4.2232042111048
2.271	4.22425155585726
2.272	4.22529969299881
2.273	4.22634862433068
2.274	4.22739835166091
2.275	4.22844887680444
2.276	4.22950020158309
2.277	4.23055232782564
2.278	4.23160525736784
2.279	4.23265899205247
2.28	4.23371353372936
2.281	4.23476888425544
2.282	4.23582504549476
2.283	4.23688201931856
2.284	4.23793980760527
2.285	4.23899841224058
2.286	4.24005783511746
2.287	4.24111807813622
2.288	4.24217914320452
2.289	4.24324103223744
2.29	4.24430374715751
2.291	4.24536728989472
2.292	4.24643166238663
2.293	4.24749686657835
2.294	4.24856290442259
2.295	4.24962977787972
2.296	4.25069748891782
2.297	4.2517660395127
2.298	4.25283543164794
2.299	4.25390566731495
2.3	4.254976748513
2.301	4.2560486772493
2.302	4.25712145553897
2.303	4.25819508540516
2.304	4.25926956887905
2.305	4.2603449079999
2.306	4.26142110481513
2.307	4.2624981613803
2.308	4.26357607975922
2.309	4.26465486202398
2.31	4.26573451025496
2.311	4.2668150265409
2.312	4.26789641297898
2.313	4.26897867167483
2.314	4.27006180474256
2.315	4.27114581430486
2.316	4.27223070249301
2.317	4.27331647144696
2.318	4.27440312331534
2.319	4.27549066025553
2.32	4.27657908443372
2.321	4.27766839802495
2.322	4.27875860321317
2.323	4.27984970219125
2.324	4.2809416971611
2.325	4.28203459033367
2.326	4.28312838392902
2.327	4.28422308017636
2.328	4.28531868131414
2.329	4.28641518959004
2.33	4.2875126072611
2.331	4.2886109365937
2.332	4.28971017986367
2.333	4.29081033935632
2.334	4.29191141736651
2.335	4.29301341619867
2.336	4.2941163381669
2.337	4.29522018559502
2.338	4.29632496081659
2.339	4.297430666175
2.34	4.29853730402354
2.341	4.29964487672543
2.342	4.30075338665387
2.343	4.30186283619214
2.344	4.30297322773364
2.345	4.30408456368193
2.346	4.30519684645083
2.347	4.30631007846444
2.348	4.30742426215722
2.349	4.30853939997409
2.35	4.30965549437041
2.351	4.31077254781212
2.352	4.31189056277575
2.353	4.31300954174854
2.354	4.31412948722843
2.355	4.3152504017242
2.356	4.31637228775549
2.357	4.31749514785287
2.358	4.31861898455794
2.359	4.31974380042333
2.36	4.32086959801286
2.361	4.32199637990152
2.362	4.32312414867558
2.363	4.32425290693269
2.364	4.32538265728187
2.365	4.32651340234365
2.366	4.32764514475012
2.367	4.32877788714499
2.368	4.32991163218366
2.369	4.33104638253333
2.37	4.33218214087303
2.371	4.3333189098937
2.372	4.33445669229829
2.373	4.33559549080182
2.374	4.33673530813145
2.375	4.33787614702656
2.376	4.33901801023882
2.377	4.34016090053229
2.378	4.34130482068349
2.379	4.34244977348144
2.38	4.3435957617278
2.381	4.34474278823692
2.382	4.3458908558359
2.383	4.34703996736472
2.384	4.34819012567628
2.385	4.34934133363651
2.386	4.35049359412442
2.387	4.35164691003222
2.388	4.35280128426539
2.389	4.35395671974277
2.39	4.35511321939664
2.391	4.35627078617278
2.392	4.35742942303063
2.393	4.35858913294331
2.394	4.35974991889773
2.395	4.36091178389469
2.396	4.36207473094897
2.397	4.3632387630894
2.398	4.36440388335899
2.399	4.36557009481496
2.4	4.36673740052891
2.401	4.36790580358687
2.402	4.36907530708939
2.403	4.37024591415165
2.404	4.37141762790356
2.405	4.37259045148988
2.406	4.37376438807024
2.407	4.37493944081932
2.408	4.37611561292692
2.409	4.37729290759807
2.41	4.3784713280531
2.411	4.37965087752778
2.412	4.38083155927343
2.413	4.38201337655696
2.414	4.38319633266107
2.415	4.38438043088426
2.416	4.38556567454103
2.417	4.3867520669619
2.418	4.3879396114936
2.419	4.3891283114991
2.42	4.3903181703578
2.421	4.39150919146559
2.422	4.39270137823498
2.423	4.3938947340952
2.424	4.39508926249234
2.425	4.39628496688947
2.426	4.39748185076669
2.427	4.39867991762135
2.428	4.39987917096808
2.429	4.40107961433899
2.43	4.40228125128371
2.431	4.40348408536956
2.432	4.40468812018168
2.433	4.40589335932314
2.434	4.40709980641504
2.435	4.40830746509668
2.436	4.40951633902569
2.437	4.41072643187811
2.438	4.41193774734857
2.439	4.41315028915037
2.44	4.4143640610157
2.441	4.41557906669567
2.442	4.41679530996051
2.443	4.4180127945997
2.444	4.41923152442209
2.445	4.42045150325605
2.446	4.4216727349496
2.447	4.42289522337058
2.448	4.42411897240674
2.449	4.42534398596595
2.45	4.42657026797629
2.451	4.42779782238622
2.452	4.42902665316474
2.453	4.43025676430153
2.454	4.43148815980707
2.455	4.43272084371285
2.456	4.43395482007148
2.457	4.43519009295687
2.458	4.43642666646437
2.459	4.43766454471093
2.46	4.43890373183529
2.461	4.44014423199808
2.462	4.44138604938205
2.463	4.44262918819219
2.464	4.44387365265591
2.465	4.44511944702323
2.466	4.4463665755669
2.467	4.4476150425826
2.468	4.44886485238913
2.469	4.45011600932856
2.47	4.45136851776639
2.471	4.45262238209179
2.472	4.4538776067177
2.473	4.45513419608106
2.474	4.456392154643
2.475	4.45765148688899
2.476	4.45891219732905
2.477	4.46017429049793
2.478	4.46143777095531
2.479	4.46270264328598
2.48	4.46396891210003
2.481	4.46523658203308
2.482	4.46650565774643
2.483	4.46777614392728
2.484	4.46904804528897
2.485	4.47032136657111
2.486	4.47159611253984
2.487	4.47287228798803
2.488	4.47414989773548
2.489	4.47542894662913
2.49	4.47670943954328
2.491	4.47799138137982
2.492	4.47927477706842
2.493	4.48055963156679
2.494	4.48184594986085
2.495	4.48313373696501
2.496	4.48442299792237
2.497	4.48571373780495
2.498	4.48700596171392
2.499	4.48829967477987
2.5	4.48959488216299
